frame_id,timestamp,state_id,state,predicted_driver_state,confidence,p_alert,p_drowsy,p_microsleep,p_yawning,p_distraction,closed_probability,ocular_reliability,closure_duration_seconds,perclos_10s,perclos_30s,perclos_60s,slow_perclos_10s,slow_perclos_30s,slow_perclos_60s,perclos_10s_reliable,perclos_30s_reliable,perclos_60s_reliable,nod_probability,microsleep_active,drowsy_episode_active,latency_ms
0,0.0,0,alert,alert,0.295218,0.295218,0.141235,0.0,0.268447,0.2951,0.398871,0.718815,0.0,0.398871,0.398871,0.398871,0.0,0.0,0.0,False,False,False,0.0,False,False,2607.765
1,0.05,0,alert,alert,0.373934,0.373934,0.045419,0.0,0.340028,0.240619,0.383556,0.822717,0.0,0.390697,0.390697,0.390697,0.0,0.0,0.0,False,False,False,0.0,False,False,44.803
2,0.1,0,alert,alert,0.412735,0.412735,0.01304,0.0,0.344035,0.23019,0.374442,0.878118,0.0,0.384798,0.384798,0.384798,0.0,0.0,0.0,False,False,False,0.0,False,False,44.041
3,0.15,0,alert,alert,0.497514,0.497514,0.004309,0.0,0.3288,0.169376,0.269015,0.918266,0.0,0.352946,0.352946,0.352946,0.0,0.0,0.0,False,False,False,0.0,False,False,43.574
4,0.2,0,alert,alert,0.640676,0.640676,0.001719,0.0,0.205493,0.152113,0.205696,0.933179,0.0,0.320774,0.320774,0.320774,0.0,0.0,0.0,False,False,False,0.0,False,False,43.639
5,0.25,0,alert,alert,0.781466,0.781466,0.000791,0.0,0.10296,0.114783,0.15427,0.943013,0.0,0.29066,0.29066,0.29066,0.0,0.0,0.0,False,False,False,0.0,False,False,46.44
6,0.3,0,alert,alert,0.820423,0.820423,0.000519,0.0,0.071316,0.107742,0.222192,0.932988,0.0,0.280268,0.280268,0.280268,0.0,0.0,0.0,False,False,False,0.0,False,False,38.098
7,0.35,0,alert,alert,0.859134,0.859134,0.000375,0.0,0.045623,0.094867,0.230716,0.932848,0.0,0.273739,0.273739,0.273739,0.0,0.0,0.0,False,False,False,0.0,False,False,37.452
8,0.4,0,alert,alert,0.882489,0.882489,0.000298,0.0,0.027967,0.089246,0.152292,0.944345,0.0,0.259447,0.259447,0.259447,0.0,0.0,0.0,False,False,False,0.0,False,False,36.999
9,0.45,0,alert,alert,0.907589,0.907589,0.000252,0.0,0.022711,0.069448,0.106558,0.950877,0.0,0.243249,0.243249,0.243249,0.0,0.0,0.0,False,False,False,0.0,False,False,36.908
10,0.5,0,alert,alert,0.929472,0.929472,0.000208,0.0,0.014484,0.055836,0.072162,0.952518,0.0,0.226834,0.226834,0.226834,0.0,0.0,0.0,False,False,False,0.0,False,False,52.655
11,0.55,0,alert,alert,0.902721,0.902721,0.000215,0.0,0.012126,0.084937,0.048439,0.953945,0.0,0.211195,0.211195,0.211195,0.0,0.0,0.0,False,False,False,0.0,False,False,36.294
12,0.6,0,alert,alert,0.875364,0.875364,0.000218,0.0,0.010464,0.113954,0.041344,0.953751,0.0,0.197507,0.197507,0.197507,0.0,0.0,0.0,False,False,False,0.0,False,False,43.895
13,0.65,0,alert,alert,0.867776,0.867776,0.0002,0.0,0.007883,0.124141,0.038812,0.953464,0.0,0.185676,0.185676,0.185676,0.0,0.0,0.0,False,False,False,0.0,False,False,36.596
14,0.7,0,alert,alert,0.895041,0.895041,0.000174,0.0,0.006063,0.098722,0.03968,0.953137,0.0,0.17555,0.17555,0.17555,0.0,0.0,0.0,False,False,False,0.0,False,False,37.799
15,0.75,0,alert,alert,0.907992,0.907992,0.000159,0.0,0.004101,0.087748,0.044234,0.95124,0.0,0.167048,0.167048,0.167048,0.0,0.0,0.0,False,False,False,0.0,False,False,45.482
16,0.8,0,alert,alert,0.900872,0.900872,0.000161,0.0,0.003853,0.095114,0.043601,0.950715,0.0,0.159546,0.159546,0.159546,0.0,0.0,0.0,False,False,False,0.0,False,False,36.91
17,0.85,0,alert,alert,0.908371,0.908371,0.000154,0.0,0.003765,0.08771,0.04097,0.951672,0.0,0.152747,0.152747,0.152747,0.0,0.0,0.0,False,False,False,0.0,False,False,36.968
18,0.9,0,alert,alert,0.935245,0.935245,0.00014,0.0,0.003524,0.061092,0.040967,0.951841,0.0,0.146683,0.146683,0.146683,0.0,0.0,0.0,False,False,False,0.0,False,False,36.729
19,0.95,0,alert,alert,0.948617,0.948617,0.000133,0.0,0.003522,0.047729,0.043403,0.950832,0.0,0.141374,0.141374,0.141374,0.0,0.0,0.0,False,False,False,0.0,False,False,36.839
20,1.0,0,alert,alert,0.945559,0.945559,0.000142,0.0,0.004197,0.050102,0.044206,0.95078,0.0,0.136624,0.136624,0.136624,0.0,0.0,0.0,False,False,False,0.0,False,False,45.403
21,1.05,0,alert,alert,0.935705,0.935705,0.000154,0.0,0.005072,0.059069,0.050816,0.949972,0.0,0.132628,0.132628,0.132628,0.0,0.0,0.0,False,False,False,0.0,False,False,36.852
22,1.1,0,alert,alert,0.91793,0.91793,0.000165,0.0,0.005573,0.076331,0.079083,0.945724,0.0,0.130256,0.130256,0.130256,0.0,0.0,0.0,False,False,False,0.0,False,False,36.851
23,1.15,0,alert,alert,0.877137,0.877137,0.000177,0.0,0.004785,0.1179,0.170723,0.92865,0.0,0.131943,0.131943,0.131943,0.0,0.0,0.0,False,False,False,1.0,False,False,36.608
24,1.2,0,alert,alert,0.835079,0.835079,0.000188,0.0,0.004144,0.160589,0.098788,0.942258,0.0,0.130597,0.130597,0.130597,0.0,0.0,0.0,False,False,False,1.0,False,False,36.667
25,1.25,0,alert,alert,0.839388,0.839388,0.000186,0.0,0.003539,0.156887,0.16029,0.939947,0.0,0.131753,0.131753,0.131753,0.0,0.0,0.0,False,False,False,1.0,False,False,45.557
26,1.3,0,alert,alert,0.886939,0.886939,0.000166,0.0,0.002911,0.109985,0.278424,0.92827,0.0,0.137181,0.137181,0.137181,0.0,0.0,0.0,False,False,False,1.0,False,False,36.643
27,1.35,0,alert,alert,0.91392,0.91392,0.00015,0.0,0.0023,0.08363,0.377397,0.909822,0.0,0.145588,0.145588,0.145588,0.0,0.0,0.0,False,False,False,1.0,False,False,36.597
28,1.4,0,alert,alert,0.888683,0.888683,0.000164,0.0,0.001855,0.109298,0.423653,0.901397,0.0,0.154908,0.154908,0.154908,0.0,0.0,0.0,False,False,False,1.0,False,False,36.686
29,1.45,0,alert,alert,0.802511,0.802511,0.000207,0.0,0.001652,0.195629,0.41229,0.907687,0.0,0.163311,0.163311,0.163311,0.0,0.0,0.0,False,False,False,0.0,False,False,36.78
30,1.5,0,alert,alert,0.713961,0.713961,0.000226,0.0,0.001384,0.28443,0.445222,0.891066,0.0,0.172065,0.172065,0.172065,0.0,0.0,0.0,False,False,False,1.0,False,False,46.735
31,1.55,0,alert,alert,0.591085,0.591085,0.000239,0.0,0.001115,0.407561,0.469152,0.876788,0.0,0.180874,0.180874,0.180874,0.0,0.0,0.0,False,False,False,0.0,False,False,36.912
32,1.6,4,distraction,distracted,0.566479,0.432373,0.000245,0.0,0.000903,0.566479,0.463291,0.886735,0.0,0.189096,0.189096,0.189096,0.0,0.0,0.0,False,False,False,0.0,False,False,36.651
33,1.65,0,alert,alert,0.51272,0.51272,0.000246,0.0,0.000947,0.486087,0.461447,0.886673,0.0,0.196801,0.196801,0.196801,0.0,0.0,0.0,False,False,False,0.0,False,False,36.688
34,1.7,4,distraction,distracted,0.665457,0.333476,0.000239,0.0,0.000828,0.665457,0.488006,0.871351,0.0,0.204677,0.204677,0.204677,0.0,0.0,0.0,False,False,False,0.0,False,False,36.932
35,1.75,4,distraction,distracted,0.875875,0.123434,0.000208,0.0,0.000482,0.875875,0.536278,0.844999,0.0,0.213153,0.213153,0.213153,0.0,0.0,0.0,False,False,False,0.0,False,False,45.647
36,1.8,4,distraction,distracted,0.922291,0.077143,0.000199,0.0,0.000366,0.922291,0.576375,0.839269,0.0,0.222145,0.222145,0.222145,0.0,0.0,0.0,False,False,False,0.0,False,False,36.915
37,1.85,4,distraction,distracted,0.878116,0.121205,0.000242,0.0,0.000436,0.878116,0.594894,0.850969,0.0,0.231273,0.231273,0.231273,0.0,0.0,0.0,False,False,False,0.0,False,False,37.741
38,1.9,4,distraction,distracted,0.910961,0.088452,0.000213,0.0,0.000374,0.910961,0.578606,0.841466,0.0,0.239485,0.239485,0.239485,0.0,0.0,0.0,False,False,False,0.0,False,False,37.106
39,1.95,4,distraction,distracted,0.928915,0.070541,0.000211,0.0,0.000332,0.928915,0.617115,0.83795,0.0,0.248171,0.248171,0.248171,0.0,0.0,0.0,False,False,False,0.0,False,False,36.999
40,2.0,4,distraction,distracted,0.902689,0.096671,0.000244,0.0,0.000396,0.902689,0.557991,0.851427,0.0,0.255246,0.255246,0.255246,0.0,0.0,0.0,False,False,False,0.0,False,False,46.199
41,2.05,4,distraction,distracted,0.927288,0.07216,0.000213,0.0,0.000339,0.927288,0.521612,0.863354,0.0,0.261275,0.261275,0.261275,0.0,0.0,0.0,False,False,False,0.0,False,False,37.248
42,2.1,4,distraction,distracted,0.894961,0.104413,0.000243,0.0,0.000383,0.894961,0.532289,0.861328,0.0,0.26726,0.26726,0.26726,0.0,0.0,0.0,False,False,False,0.0,False,False,36.942
43,2.15,4,distraction,distracted,0.941097,0.058429,0.000202,0.0,0.000271,0.941097,0.50508,0.875414,0.0,0.27248,0.27248,0.27248,0.0,0.0,0.0,False,False,False,0.0,False,False,37.062
44,2.2,4,distraction,distracted,0.919984,0.079469,0.000232,0.0,0.000315,0.919984,0.469959,0.895232,0.0,0.276815,0.276815,0.276815,0.0,0.0,0.0,False,False,False,0.0,False,False,37.094
45,2.25,4,distraction,distracted,0.902809,0.096625,0.000235,0.0,0.000331,0.902809,0.4296,0.906458,0.0,0.280138,0.280138,0.280138,0.0,0.0,0.0,False,False,False,0.0,False,False,46.558
46,2.3,4,distraction,distracted,0.837253,0.162085,0.000264,0.0,0.000399,0.837253,0.341403,0.923743,0.0,0.281466,0.281466,0.281466,0.0,0.0,0.0,False,False,False,0.0,False,False,37.759
47,2.35,4,distraction,distracted,0.916143,0.083361,0.000209,0.0,0.000288,0.916143,0.343827,0.920666,0.0,0.282785,0.282785,0.282785,0.0,0.0,0.0,False,False,False,0.0,False,False,37.419
48,2.4,4,distraction,distracted,0.926223,0.073317,0.000199,0.0,0.000261,0.926223,0.332125,0.921668,0.0,0.283808,0.283808,0.283808,0.092045,0.092045,0.092045,False,False,False,0.0,False,False,38.048
49,2.45,4,distraction,distracted,0.943767,0.055823,0.000184,0.0,0.000226,0.943767,0.458913,0.8845,0.0,0.287225,0.287225,0.287225,0.099203,0.099203,0.099203,False,False,False,0.0,False,False,37.711
50,2.5,4,distraction,distracted,0.938083,0.061475,0.000197,0.0,0.000246,0.938083,0.51579,0.852887,0.0,0.291445,0.291445,0.291445,0.106895,0.106895,0.106895,False,False,False,0.0,False,False,46.115
51,2.55,4,distraction,distracted,0.881852,0.117576,0.000228,0.0,0.000344,0.881852,0.495487,0.876908,0.0,0.295247,0.295247,0.295247,0.114136,0.114136,0.114136,False,False,False,0.0,False,False,37.524
52,2.6,4,distraction,distracted,0.775461,0.223839,0.000253,0.0,0.000447,0.775461,0.500183,0.858248,0.0,0.298917,0.298917,0.298917,0.12105,0.12105,0.12105,False,False,False,0.0,False,False,37.634
53,2.65,4,distraction,distracted,0.839746,0.159657,0.000222,0.0,0.000375,0.839746,0.458206,0.8927,0.0,0.30183,0.30183,0.30183,0.127215,0.127215,0.127215,False,False,False,0.0,False,False,37.163
54,2.7,4,distraction,distracted,0.744731,0.254568,0.00025,0.0,0.000451,0.744731,0.364026,0.913685,0.0,0.302973,0.302973,0.302973,0.131566,0.131566,0.131566,False,False,False,0.0,False,False,37.346
55,2.75,4,distraction,distracted,0.76338,0.235951,0.000242,0.0,0.000427,0.76338,0.204326,0.937609,0.0,0.301148,0.301148,0.301148,0.129132,0.129132,0.129132,False,False,False,0.0,False,False,45.924
56,2.8,4,distraction,distracted,0.802321,0.197052,0.000229,0.0,0.000399,0.802321,0.225677,0.940397,0.0,0.299772,0.299772,0.299772,0.126779,0.126779,0.126779,False,False,False,0.0,False,False,36.621
57,2.85,4,distraction,distracted,0.900061,0.099457,0.000199,0.0,0.000283,0.900061,0.108651,0.95442,0.0,0.296302,0.296302,0.296302,0.124477,0.124477,0.124477,False,False,False,0.0,False,False,36.659
58,2.9,4,distraction,distracted,0.780344,0.218993,0.00026,0.0,0.000402,0.780344,0.073021,0.956408,0.0,0.292312,0.292312,0.292312,0.122252,0.122252,0.122252,False,False,False,0.0,False,False,36.909
59,2.95,4,distraction,distracted,0.828428,0.170976,0.000249,0.0,0.000347,0.828428,0.269061,0.930949,0.0,0.291914,0.291914,0.291914,0.120162,0.120162,0.120162,False,False,False,0.0,False,False,36.759
60,3.0,4,distraction,distracted,0.868542,0.130907,0.000243,0.0,0.000309,0.868542,0.409825,0.912659,0.0,0.293858,0.293858,0.293858,0.118181,0.118181,0.118181,False,False,False,0.0,False,False,45.823
61,3.05,4,distraction,distracted,0.769121,0.230179,0.000289,0.0,0.000412,0.769121,0.394039,0.920808,0.0,0.295497,0.295497,0.295497,0.116247,0.116247,0.116247,False,False,False,0.0,False,False,37.026
62,3.1,4,distraction,distracted,0.737366,0.26191,0.000281,0.0,0.000443,0.737366,0.260798,0.938905,0.0,0.294928,0.294928,0.294928,0.11434,0.11434,0.11434,False,False,False,0.0,False,False,36.767
63,3.15,4,distraction,distracted,0.619308,0.379862,0.000292,0.0,0.000538,0.619308,0.174718,0.946256,0.0,0.292972,0.292972,0.292972,0.11248,0.11248,0.11248,False,False,False,0.219604,False,False,37.149
64,3.2,0,alert,alert,0.609328,0.609328,0.00027,0.0,0.000666,0.389736,0.08437,0.954256,0.0,0.289605,0.289605,0.289605,0.110664,0.110664,0.110664,False,False,False,0.338623,False,False,36.846
65,3.25,4,distraction,distracted,0.555075,0.44402,0.00028,0.0,0.000625,0.555075,0.387827,0.900596,0.0,0.291079,0.291079,0.291079,0.109004,0.109004,0.109004,False,False,False,0.338623,False,False,45.621
66,3.3,4,distraction,distracted,0.641053,0.358092,0.000291,0.0,0.000564,0.641053,0.510603,0.868923,0.0,0.294211,0.294211,0.294211,0.107448,0.107448,0.107448,False,False,False,0.0,False,False,36.556
67,3.35,4,distraction,distracted,0.703167,0.296025,0.000303,0.0,0.000505,0.703167,0.556776,0.856502,0.0,0.297854,0.297854,0.297854,0.105958,0.105958,0.105958,False,False,False,0.0,False,False,36.128
68,3.4,4,distraction,distracted,0.648036,0.351102,0.00033,0.0,0.000532,0.648036,0.548815,0.86298,0.0,0.301313,0.301313,0.301313,0.104497,0.104497,0.104497,False,False,False,0.0,False,False,36.201
69,3.45,4,distraction,distracted,0.702669,0.296516,0.000333,0.0,0.000482,0.702669,0.539146,0.847241,0.0,0.304488,0.304488,0.304488,0.103102,0.103102,0.103102,False,False,False,0.0,False,False,36.441
70,3.5,4,distraction,distracted,0.689293,0.309863,0.000351,0.0,0.000493,0.689293,0.512595,0.86683,0.0,0.307293,0.307293,0.307293,0.101713,0.101713,0.101713,False,False,False,0.0,False,False,45.426
71,3.55,4,distraction,distracted,0.546354,0.452714,0.000353,0.0,0.000579,0.546354,0.508688,0.858426,0.0,0.309945,0.309945,0.309945,0.100373,0.100373,0.100373,False,False,False,0.0,False,False,37.125
72,3.6,4,distraction,distracted,0.669257,0.329879,0.000347,0.0,0.000517,0.669257,0.508704,0.856801,0.0,0.312524,0.312524,0.312524,0.099071,0.099071,0.099071,False,False,False,0.0,False,False,36.702
73,3.65,4,distraction,distracted,0.695521,0.303626,0.000359,0.0,0.000494,0.695521,0.496711,0.868299,0.0,0.314914,0.314914,0.314914,0.097785,0.097785,0.097785,False,False,False,0.0,False,False,36.537
74,3.7,4,distraction,distracted,0.817536,0.181726,0.000342,0.0,0.000395,0.817536,0.496232,0.86902,0.0,0.317239,0.317239,0.317239,0.096531,0.096531,0.096531,False,False,False,0.0,False,False,36.519
75,3.75,4,distraction,distracted,0.864933,0.134396,0.000323,0.0,0.000348,0.864933,0.480583,0.883049,0.0,0.31934,0.31934,0.31934,0.09529,0.09529,0.09529,False,False,False,0.0,False,False,45.661
76,3.8,4,distraction,distracted,0.802847,0.196388,0.000343,0.0,0.000422,0.802847,0.450298,0.89812,0.0,0.32103,0.32103,0.32103,0.09406,0.09406,0.09406,False,False,False,0.0,False,False,37.025
77,3.85,4,distraction,distracted,0.809575,0.189693,0.00032,0.0,0.000413,0.809575,0.40544,0.911957,0.0,0.322123,0.322123,0.322123,0.092842,0.092842,0.092842,False,False,False,0.0,False,False,37.55
78,3.9,4,distraction,distracted,0.853385,0.145943,0.000303,0.0,0.000369,0.853385,0.458587,0.897144,0.0,0.323838,0.323838,0.323838,0.091675,0.091675,0.091675,False,False,False,0.0,False,False,37.258
79,3.95,4,distraction,distracted,0.899179,0.100229,0.000283,0.0,0.000309,0.899179,0.455584,0.903622,0.0,0.325486,0.325486,0.325486,0.090529,0.090529,0.090529,False,False,False,0.0,False,False,37.55
80,4.0,4,distraction,distracted,0.924775,0.074692,0.000262,0.0,0.000271,0.924775,0.445105,0.906917,0.0,0.326968,0.326968,0.326968,0.089407,0.089407,0.089407,False,False,False,0.0,False,False,46.585
81,4.05,4,distraction,distracted,0.948065,0.051469,0.000239,0.0,0.000228,0.948065,0.361178,0.925676,0.0,0.327395,0.327395,0.327395,0.08829,0.08829,0.08829,False,False,False,0.0,False,False,37.514
82,4.1,4,distraction,distracted,0.934091,0.065392,0.000262,0.0,0.000255,0.934091,0.223973,0.942609,0.0,0.326096,0.326096,0.326096,0.087181,0.087181,0.087181,False,False,False,0.0,False,False,37.095
83,4.15,4,distraction,distracted,0.937113,0.062379,0.000261,0.0,0.000248,0.937113,0.348621,0.92152,0.0,0.32637,0.32637,0.32637,0.086124,0.086124,0.086124,False,False,False,0.0,False,False,37.378
84,4.2,4,distraction,distracted,0.918337,0.081098,0.000295,0.0,0.000271,0.918337,0.362835,0.92475,0.0,0.326808,0.326808,0.326808,0.085088,0.085088,0.085088,False,False,False,0.0,False,False,38.509
85,4.25,4,distraction,distracted,0.868427,0.130903,0.000337,0.0,0.000333,0.868427,0.32259,0.935144,0.0,0.326757,0.326757,0.326757,0.084066,0.084066,0.084066,False,False,False,0.0,False,False,46.46
86,4.3,4,distraction,distracted,0.875412,0.123958,0.000307,0.0,0.000323,0.875412,0.205946,0.94763,0.0,0.325304,0.325304,0.325304,0.083054,0.083054,0.083054,False,False,False,0.0,False,False,37.265
87,4.35,4,distraction,distracted,0.872136,0.127255,0.000289,0.0,0.000321,0.872136,0.150233,0.952125,0.0,0.323213,0.323213,0.323213,0.082062,0.082062,0.082062,False,False,False,0.0,False,False,37.987
88,4.4,4,distraction,distracted,0.816086,0.183222,0.000314,0.0,0.000378,0.816086,0.135193,0.949004,0.0,0.321002,0.321002,0.321002,0.081097,0.081097,0.081097,False,False,False,0.226929,False,False,36.883
89,4.45,4,distraction,distracted,0.692217,0.306965,0.000334,0.0,0.000484,0.692217,0.182533,0.940835,0.0,0.319405,0.319405,0.319405,0.080162,0.080162,0.080162,False,False,False,0.0,False,False,36.712
90,4.5,4,distraction,distracted,0.500618,0.498398,0.000324,0.0,0.000661,0.500618,0.110682,0.948331,0.0,0.317008,0.317008,0.317008,0.079241,0.079241,0.079241,False,False,False,0.0,False,False,45.434
91,4.55,0,alert,alert,0.553901,0.553901,0.000293,0.0,0.00072,0.445086,0.097024,0.948506,0.0,0.31451,0.31451,0.31451,0.078341,0.078341,0.078341,False,False,False,0.001709,False,False,37.446
92,4.6,0,alert,alert,0.689101,0.689101,0.00026,0.0,0.000856,0.309783,0.064142,0.950822,0.0,0.311691,0.311691,0.311691,0.07746,0.07746,0.07746,False,False,False,0.001709,False,False,37.097
93,4.65,0,alert,alert,0.791408,0.791408,0.000227,0.0,0.001026,0.20734,0.058495,0.951415,0.0,0.308871,0.308871,0.308871,0.076597,0.076597,0.076597,False,False,False,0.0,False,False,37.109
94,4.7,0,alert,alert,0.75874,0.75874,0.000223,0.0,0.00112,0.239917,0.079862,0.944872,0.0,0.306365,0.306365,0.306365,0.075759,0.075759,0.075759,False,False,False,0.0,False,False,36.868
95,4.75,0,alert,alert,0.583144,0.583144,0.000255,0.0,0.001045,0.415556,0.091948,0.944187,0.0,0.304046,0.304046,0.304046,0.074939,0.074939,0.074939,False,False,False,0.0,False,False,45.667
96,4.8,0,alert,alert,0.58799,0.58799,0.000249,0.0,0.001045,0.410717,0.083617,0.948907,0.0,0.301676,0.301676,0.301676,0.074134,0.074134,0.074134,False,False,False,0.0,False,False,37.126
97,4.85,0,alert,alert,0.683519,0.683519,0.00023,0.0,0.001073,0.315179,0.071073,0.95031,0.0,0.29922,0.29922,0.29922,0.073344,0.073344,0.073344,False,False,False,0.0,False,False,36.942
98,4.9,0,alert,alert,0.747233,0.747233,0.000214,0.0,0.001196,0.251357,0.188855,0.934083,0.0,0.298076,0.298076,0.298076,0.072584,0.072584,0.072584,False,False,False,0.0,False,False,36.24
99,4.95,0,alert,alert,0.559979,0.559979,0.000251,0.0,0.001154,0.438616,0.47568,0.870447,0.0,0.299775,0.299775,0.299775,0.07189,0.07189,0.07189,False,False,False,0.0,False,False,36.587
100,5.0,4,distraction,distracted,0.648206,0.350581,0.000322,0.0,0.000891,0.648206,0.553482,0.852713,0.0,0.30213,0.30213,0.30213,0.071222,0.071222,0.071222,False,False,False,0.0,False,False,45.422
101,5.05,4,distraction,distracted,0.888071,0.111137,0.000346,0.0,0.000447,0.888071,0.640699,0.859572,0.0,0.305268,0.305268,0.305268,0.070562,0.070562,0.070562,False,False,False,0.0,False,False,36.855
102,5.1,4,distraction,distracted,0.921472,0.077653,0.000485,0.0,0.00039,0.921472,0.729825,0.84506,0.0,0.309103,0.309103,0.309103,0.069925,0.069925,0.069925,False,False,False,0.0,False,False,36.379
103,5.15,4,distraction,distracted,0.944763,0.054152,0.000719,0.0,0.000367,0.944763,0.789565,0.816452,0.0,0.313259,0.313259,0.313259,0.06932,0.06932,0.06932,False,False,False,0.0,False,False,36.393
104,5.2,4,distraction,distracted,0.951035,0.047606,0.000974,0.0,0.000385,0.951035,0.764366,0.825536,0.0,0.317171,0.317171,0.317171,0.068719,0.068719,0.068719,False,False,False,0.0,False,False,36.565
105,5.25,4,distraction,distracted,0.951424,0.046946,0.001234,0.0,0.000395,0.951424,0.691652,0.852038,0.0,0.320492,0.320492,0.320492,0.068109,0.068109,0.068109,False,False,False,0.0,False,False,45.534
106,5.3,4,distraction,distracted,0.955664,0.043013,0.000971,0.0,0.000351,0.955664,0.528759,0.893682,0.0,0.322412,0.322412,0.322412,0.067481,0.067481,0.067481,False,False,False,0.0,False,False,36.568
107,5.35,4,distraction,distracted,0.959817,0.039135,0.000747,0.0,0.000301,0.959817,0.439016,0.910275,0.0,0.323497,0.323497,0.323497,0.066854,0.066854,0.066854,False,False,False,0.0,False,False,36.569
108,5.4,4,distraction,distracted,0.917607,0.081197,0.000803,0.0,0.000393,0.917607,0.266079,0.936572,0.0,0.322952,0.322952,0.322952,0.06622,0.06622,0.06622,False,False,False,0.0,False,False,36.854
109,5.45,4,distraction,distracted,0.819221,0.179488,0.000762,0.0,0.000529,0.819221,0.105548,0.952331,0.0,0.320877,0.320877,0.320877,0.065588,0.065588,0.065588,False,False,False,0.0,False,False,36.78
110,5.5,4,distraction,distracted,0.856956,0.142113,0.000508,0.0,0.000424,0.856956,0.065852,0.958768,0.0,0.318449,0.318449,0.318449,0.064963,0.064963,0.064963,False,False,False,0.0,False,False,45.795
111,5.55,4,distraction,distracted,0.743925,0.255068,0.000475,0.0,0.000532,0.743925,0.043566,0.957752,0.0,0.315859,0.315859,0.315859,0.064352,0.064352,0.064352,False,False,False,0.0,False,False,36.851
112,5.6,4,distraction,distracted,0.782243,0.216895,0.000391,0.0,0.000471,0.782243,0.038904,0.956194,0.0,0.313279,0.313279,0.313279,0.063752,0.063752,0.063752,False,False,False,0.0,False,False,36.824
113,5.65,4,distraction,distracted,0.701452,0.297649,0.000386,0.0,0.000514,0.701452,0.045688,0.954071,0.0,0.310814,0.310814,0.310814,0.063165,0.063165,0.063165,False,False,False,0.0,False,False,36.643
114,5.7,0,alert,alert,0.623203,0.623203,0.000357,0.0,0.000789,0.375652,0.062021,0.950343,0.0,0.308552,0.308552,0.308552,0.06259,0.06259,0.06259,False,False,False,0.0,False,False,36.327
115,5.75,0,alert,alert,0.738629,0.738629,0.000286,0.0,0.001013,0.260073,0.050621,0.951873,0.0,0.306225,0.306225,0.306225,0.062026,0.062026,0.062026,False,False,False,0.399963,False,False,45.727
116,5.8,0,alert,alert,0.838875,0.838875,0.000221,0.0,0.001075,0.159829,0.052872,0.951082,0.0,0.303961,0.303961,0.303961,0.061471,0.061471,0.061471,False,False,False,0.579407,False,False,36.945
117,5.85,0,alert,alert,0.848864,0.848864,0.000201,0.0,0.001157,0.149779,0.053987,0.952112,0.0,0.301744,0.301744,0.301744,0.060926,0.060926,0.060926,False,False,False,0.579407,False,False,36.338
118,5.9,0,alert,alert,0.89444,0.89444,0.000171,0.0,0.001208,0.104182,0.061955,0.951475,0.0,0.299638,0.299638,0.299638,0.060391,0.060391,0.060391,False,False,False,0.419189,False,False,36.675
119,5.95,0,alert,alert,0.911677,0.911677,0.000153,0.0,0.001259,0.086911,0.064375,0.95117,0.0,0.297591,0.297591,0.297591,0.059866,0.059866,0.059866,False,False,False,0.0,False,False,36.97
120,6.0,0,alert,alert,0.923224,0.923224,0.000146,0.0,0.001483,0.075147,0.063077,0.951105,0.0,0.295567,0.295567,0.295567,0.059349,0.059349,0.059349,False,False,False,0.419189,False,False,45.785
121,6.05,0,alert,alert,0.92258,0.92258,0.000139,0.0,0.001581,0.0757,0.060633,0.951221,0.0,0.293558,0.293558,0.293558,0.058841,0.058841,0.058841,False,False,False,0.0,False,False,36.949
122,6.1,0,alert,alert,0.92477,0.92477,0.000137,0.0,0.001835,0.073258,0.075717,0.947,0.0,0.291718,0.291718,0.291718,0.058344,0.058344,0.058344,False,False,False,0.0,False,False,37.305
123,6.15,0,alert,alert,0.933161,0.933161,0.000133,0.0,0.002096,0.06461,0.064292,0.948803,0.0,0.28981,0.28981,0.28981,0.057855,0.057855,0.057855,False,False,False,0.0,False,False,36.786
124,6.2,0,alert,alert,0.941957,0.941957,0.000127,0.0,0.002073,0.055844,0.069032,0.948174,0.0,0.287974,0.287974,0.287974,0.057374,0.057374,0.057374,False,False,False,0.0,False,False,38.341
125,6.25,0,alert,alert,0.936291,0.936291,0.000134,0.0,0.002374,0.061202,0.083862,0.945331,0.0,0.286296,0.286296,0.286296,0.056902,0.056902,0.056902,False,False,False,0.0,False,False,45.772
126,6.3,0,alert,alert,0.942054,0.942054,0.000133,0.0,0.002513,0.0553,0.068489,0.947047,0.0,0.284517,0.284517,0.284517,0.056437,0.056437,0.056437,False,False,False,0.0,False,False,36.986
127,6.35,0,alert,alert,0.93519,0.93519,0.000138,0.0,0.002752,0.06192,0.058417,0.950259,0.0,0.282678,0.282678,0.282678,0.055978,0.055978,0.055978,False,False,False,0.0,False,False,37.376
128,6.4,0,alert,alert,0.929425,0.929425,0.000146,0.0,0.003356,0.067073,0.068319,0.949145,0.0,0.280952,0.280952,0.280952,0.055528,0.055528,0.055528,False,False,False,0.0,False,False,36.997
129,6.45,0,alert,alert,0.919821,0.919821,0.000149,0.0,0.002715,0.077315,0.066206,0.948569,0.0,0.279237,0.279237,0.279237,0.055084,0.055084,0.055084,False,False,False,0.0,False,False,36.722
130,6.5,0,alert,alert,0.93297,0.93297,0.00014,0.0,0.001984,0.064906,0.081197,0.944397,0.0,0.277674,0.277674,0.277674,0.05465,0.05465,0.05465,False,False,False,0.0,False,False,45.815
131,6.55,0,alert,alert,0.935388,0.935388,0.000144,0.0,0.001702,0.062766,0.05665,0.948428,0.0,0.275937,0.275937,0.275937,0.05422,0.05422,0.05422,False,False,False,0.0,False,False,36.869
132,6.6,0,alert,alert,0.937909,0.937909,0.000146,0.0,0.001588,0.060357,0.05146,0.948882,0.0,0.274186,0.274186,0.274186,0.053797,0.053797,0.053797,False,False,False,1.0,False,False,37.078
133,6.65,0,alert,alert,0.931641,0.931641,0.000151,0.0,0.001562,0.066645,0.048513,0.949616,0.0,0.272437,0.272437,0.272437,0.05338,0.05338,0.05338,False,False,False,1.0,False,False,36.948
134,6.7,0,alert,alert,0.927718,0.927718,0.000158,0.0,0.001454,0.07067,0.045569,0.950075,0.0,0.270692,0.270692,0.270692,0.05297,0.05297,0.05297,False,False,False,1.0,False,False,36.877
135,6.75,0,alert,alert,0.904554,0.904554,0.000178,0.0,0.001292,0.093976,0.052114,0.948753,0.0,0.269026,0.269026,0.269026,0.052566,0.052566,0.052566,False,False,False,1.0,False,False,46.019
136,6.8,0,alert,alert,0.911836,0.911836,0.000177,0.0,0.001063,0.086924,0.055008,0.948315,0.0,0.267408,0.267408,0.267408,0.052168,0.052168,0.052168,False,False,False,1.0,False,False,36.914
137,6.85,0,alert,alert,0.918082,0.918082,0.000174,0.0,0.000958,0.080786,0.056398,0.947688,0.0,0.265825,0.265825,0.265825,0.051777,0.051777,0.051777,False,False,False,1.0,False,False,37.936
138,6.9,0,alert,alert,0.897538,0.897538,0.000187,0.0,0.000928,0.101346,0.052153,0.947978,0.0,0.264234,0.264234,0.264234,0.051392,0.051392,0.051392,False,False,False,0.968964,False,False,36.778
139,6.95,0,alert,alert,0.900802,0.900802,0.000183,0.0,0.00087,0.098145,0.051332,0.949294,0.0,0.262658,0.262658,0.262658,0.051011,0.051011,0.051011,False,False,False,0.968964,False,False,36.943
140,7.0,0,alert,alert,0.878649,0.878649,0.000194,0.0,0.000838,0.120318,0.053438,0.94884,0.0,0.261122,0.261122,0.261122,0.050637,0.050637,0.050637,False,False,False,0.0,False,False,45.582
141,7.05,0,alert,alert,0.899925,0.899925,0.000179,0.0,0.000808,0.099088,0.046656,0.950185,0.0,0.259556,0.259556,0.259556,0.050267,0.050267,0.050267,False,False,False,0.0,False,False,36.841
142,7.1,0,alert,alert,0.898236,0.898236,0.000182,0.0,0.000788,0.100794,0.046128,0.949735,0.0,0.25801,0.25801,0.25801,0.049903,0.049903,0.049903,False,False,False,0.391266,False,False,36.764
143,7.15,0,alert,alert,0.906433,0.906433,0.000176,0.0,0.000747,0.092644,0.047033,0.950311,0.0,0.256492,0.256492,0.256492,0.049544,0.049544,0.049544,False,False,False,0.304291,False,False,37.013
144,7.2,0,alert,alert,0.872681,0.872681,0.0002,0.0,0.000764,0.126355,0.056165,0.948141,0.0,0.255064,0.255064,0.255064,0.04919,0.04919,0.04919,False,False,False,0.347321,False,False,36.68
145,7.25,0,alert,alert,0.890375,0.890375,0.000192,0.0,0.000726,0.108707,0.054547,0.949476,0.0,0.253642,0.253642,0.253642,0.048842,0.048842,0.048842,False,False,False,0.157349,False,False,45.882
146,7.3,0,alert,alert,0.892026,0.892026,0.000196,0.0,0.000716,0.107063,0.050931,0.950648,0.0,0.252214,0.252214,0.252214,0.048498,0.048498,0.048498,False,False,False,0.182068,False,False,37.223
147,7.35,0,alert,alert,0.900223,0.900223,0.000188,0.0,0.000728,0.098862,0.072517,0.946965,0.0,0.250961,0.250961,0.250961,0.04816,0.04816,0.04816,False,False,False,0.0,False,False,36.785
148,7.4,0,alert,alert,0.876283,0.876283,0.000192,0.0,0.000764,0.122761,0.084312,0.945419,0.0,0.24981,0.24981,0.24981,0.047827,0.047827,0.047827,False,False,False,0.0,False,False,36.901
149,7.45,0,alert,alert,0.880068,0.880068,0.000183,0.0,0.000773,0.118975,0.06716,0.948757,0.0,0.248552,0.248552,0.248552,0.047497,0.047497,0.047497,False,False,False,0.0,False,False,36.919
150,7.5,0,alert,alert,0.905271,0.905271,0.000162,0.0,0.000752,0.093815,0.051314,0.950975,0.0,0.247199,0.247199,0.247199,0.047172,0.047172,0.047172,False,False,False,0.0,False,False,45.746
151,7.55,0,alert,alert,0.88355,0.88355,0.000179,0.0,0.000743,0.115527,0.057142,0.948555,0.0,0.245908,0.245908,0.245908,0.046851,0.046851,0.046851,False,False,False,0.0,False,False,36.873
152,7.6,0,alert,alert,0.836006,0.836006,0.000208,0.0,0.000746,0.16304,0.063205,0.94653,0.0,0.244678,0.244678,0.244678,0.046536,0.046536,0.046536,False,False,False,0.0,False,False,37.261
153,7.65,0,alert,alert,0.759409,0.759409,0.000244,0.0,0.000712,0.239634,0.051573,0.950212,0.0,0.243382,0.243382,0.243382,0.046223,0.046223,0.046223,False,False,False,0.0,False,False,36.926
154,7.7,0,alert,alert,0.823249,0.823249,0.000223,0.0,0.000675,0.175853,0.071867,0.946924,0.0,0.242242,0.242242,0.242242,0.045916,0.045916,0.045916,False,False,False,0.0,False,False,37.03
155,7.75,0,alert,alert,0.879129,0.879129,0.000199,0.0,0.000659,0.120012,0.063712,0.948163,0.0,0.241062,0.241062,0.241062,0.045613,0.045613,0.045613,False,False,False,0.0,False,False,45.777
156,7.8,0,alert,alert,0.906003,0.906003,0.000186,0.0,0.000671,0.09314,0.0786,0.946014,0.0,0.239998,0.239998,0.239998,0.045314,0.045314,0.045314,False,False,False,0.091431,False,False,37.013
157,7.85,0,alert,alert,0.923648,0.923648,0.000172,0.0,0.000659,0.075521,0.071625,0.949445,0.0,0.238898,0.238898,0.238898,0.045018,0.045018,0.045018,False,False,False,0.0,False,False,37.37
158,7.9,0,alert,alert,0.92205,0.92205,0.000181,0.0,0.000657,0.077112,0.071941,0.949893,0.0,0.237813,0.237813,0.237813,0.044725,0.044725,0.044725,False,False,False,0.0,False,False,37.887
159,7.95,0,alert,alert,0.945311,0.945311,0.000155,0.0,0.00065,0.053884,0.062685,0.950527,0.0,0.236683,0.236683,0.236683,0.044437,0.044437,0.044437,False,False,False,0.0,False,False,37.247
160,8.0,0,alert,alert,0.960007,0.960007,0.000137,0.0,0.000674,0.039181,0.051594,0.951431,0.0,0.235494,0.235494,0.235494,0.044151,0.044151,0.044151,False,False,False,0.0,False,False,46.507
161,8.05,0,alert,alert,0.94292,0.94292,0.00015,0.0,0.000755,0.056175,0.201834,0.927966,0.0,0.235285,0.235285,0.235285,0.043877,0.043877,0.043877,False,False,False,0.0,False,False,37.485
162,8.1,0,alert,alert,0.86784,0.86784,0.000223,0.0,0.000822,0.131115,0.480034,0.855147,0.0,0.236681,0.236681,0.236681,0.043626,0.043626,0.043626,False,False,False,0.0,False,False,37.231
163,8.15,0,alert,alert,0.847386,0.847386,0.000235,0.0,0.000839,0.15154,0.529552,0.812805,0.0,0.238259,0.238259,0.238259,0.043391,0.043391,0.043391,False,False,False,0.0,False,False,37.532
164,8.2,0,alert,alert,0.906023,0.906023,0.0002,0.0,0.000856,0.092922,0.540561,0.818404,0.0,0.239891,0.239891,0.239891,0.043157,0.043157,0.043157,False,False,False,0.0,False,False,37.937
165,8.25,0,alert,alert,0.931823,0.931823,0.000171,0.0,0.000812,0.067194,0.487887,0.877648,0.0,0.241319,0.241319,0.241319,0.042909,0.042909,0.042909,False,False,False,0.0,False,False,46.502
166,8.3,0,alert,alert,0.924941,0.924941,0.00017,0.0,0.000814,0.074076,0.412693,0.905294,0.0,0.24233,0.24233,0.24233,0.042655,0.042655,0.042655,False,False,False,0.0,False,False,38.009
167,8.35,0,alert,alert,0.930196,0.930196,0.000167,0.0,0.000805,0.068832,0.386857,0.904762,0.0,0.243178,0.243178,0.243178,0.042405,0.042405,0.042405,False,False,False,0.0,False,False,37.562
168,8.4,0,alert,alert,0.890624,0.890624,0.000199,0.0,0.000804,0.108373,0.270081,0.925055,0.0,0.243338,0.243338,0.243338,0.042153,0.042153,0.042153,False,False,False,0.0,False,False,37.906
169,8.45,0,alert,alert,0.814616,0.814616,0.000247,0.0,0.000742,0.184395,0.132154,0.941962,0.0,0.242667,0.242667,0.242667,0.041898,0.041898,0.041898,False,False,False,0.948463,False,False,37.008
170,8.5,0,alert,alert,0.680421,0.680421,0.000315,0.0,0.0007,0.318565,0.096598,0.947758,0.0,0.241786,0.241786,0.241786,0.041645,0.041645,0.041645,False,False,False,0.844093,False,False,45.941
171,8.55,4,distraction,distracted,0.594055,0.404998,0.000365,0.0,0.000582,0.594055,0.055812,0.954029,0.0,0.240664,0.240664,0.240664,0.041394,0.041394,0.041394,False,False,False,0.0,False,False,37.082
172,8.6,4,distraction,distracted,0.711878,0.287292,0.000354,0.0,0.000476,0.711878,0.044434,0.954378,0.0,0.239486,0.239486,0.239486,0.041146,0.041146,0.041146,False,False,False,0.0,False,False,36.748
173,8.65,4,distraction,distracted,0.681665,0.317483,0.000375,0.0,0.000478,0.681665,0.050224,0.952207,0.0,0.238359,0.238359,0.238359,0.040901,0.040901,0.040901,False,False,False,0.0,False,False,36.725
174,8.7,4,distraction,distracted,0.762881,0.236328,0.000369,0.0,0.000422,0.762881,0.093303,0.945444,0.0,0.237507,0.237507,0.237507,0.04066,0.04066,0.04066,False,False,False,0.0,False,False,36.856
175,8.75,4,distraction,distracted,0.559726,0.439329,0.000419,0.0,0.000526,0.559726,0.111031,0.946841,0.0,0.236767,0.236767,0.236767,0.040423,0.040423,0.040423,False,False,False,0.0,False,False,45.885
176,8.8,4,distraction,distracted,0.629314,0.369731,0.000441,0.0,0.000514,0.629314,0.268238,0.92517,0.0,0.236946,0.236946,0.236946,0.040193,0.040193,0.040193,False,False,False,0.0,False,False,36.951
177,8.85,4,distraction,distracted,0.643715,0.355216,0.00052,0.0,0.000549,0.643715,0.428532,0.89462,0.0,0.237993,0.237993,0.237993,0.039973,0.039973,0.039973,False,False,False,0.0,False,False,36.616
178,8.9,4,distraction,distracted,0.524096,0.474628,0.000633,0.0,0.000643,0.524096,0.46136,0.888718,0.0,0.239199,0.239199,0.239199,0.039757,0.039757,0.039757,False,False,False,0.0,False,False,36.908
179,8.95,0,alert,alert,0.591564,0.591564,0.000641,0.0,0.000685,0.407109,0.374676,0.918717,0.0,0.239952,0.239952,0.239952,0.039537,0.039537,0.039537,False,False,False,0.0,False,False,37.102
180,9.0,0,alert,alert,0.545146,0.545146,0.00059,0.0,0.000644,0.45362,0.194889,0.941058,0.0,0.239697,0.239697,0.239697,0.039313,0.039313,0.039313,False,False,False,1.0,False,False,46.482
181,9.05,0,alert,alert,0.664977,0.664977,0.000502,0.0,0.000649,0.333873,0.074478,0.954228,0.0,0.238755,0.238755,0.238755,0.039089,0.039089,0.039089,False,False,False,1.0,False,False,37.339
182,9.1,0,alert,alert,0.743279,0.743279,0.000418,0.0,0.000665,0.255638,0.046802,0.957057,0.0,0.237663,0.237663,0.237663,0.038867,0.038867,0.038867,False,False,False,1.0,False,False,37.295
183,9.15,0,alert,alert,0.542942,0.542942,0.000453,0.0,0.000649,0.455957,0.041366,0.955541,0.0,0.236555,0.236555,0.236555,0.038647,0.038647,0.038647,False,False,False,0.745945,False,False,37.394
184,9.2,0,alert,alert,0.704233,0.704233,0.00039,0.0,0.000654,0.294722,0.037432,0.954644,0.0,0.235439,0.235439,0.235439,0.03843,0.03843,0.03843,False,False,False,1.0,False,False,37.212
185,9.25,0,alert,alert,0.669697,0.669697,0.000374,0.0,0.000634,0.329294,0.04992,0.94945,0.0,0.23441,0.23441,0.23441,0.038217,0.038217,0.038217,False,False,False,1.0,False,False,45.814
186,9.3,0,alert,alert,0.683208,0.683208,0.000346,0.0,0.000616,0.315829,0.052683,0.950364,0.0,0.233407,0.233407,0.233407,0.038006,0.038006,0.038006,False,False,False,1.0,False,False,36.736
187,9.35,0,alert,alert,0.717507,0.717507,0.000314,0.0,0.000617,0.281561,0.04475,0.951442,0.0,0.23237,0.23237,0.23237,0.037797,0.037797,0.037797,False,False,False,1.0,False,False,36.754
188,9.4,0,alert,alert,0.519278,0.519278,0.000352,0.0,0.000586,0.479784,0.040284,0.951981,0.0,0.231319,0.231319,0.231319,0.037591,0.037591,0.037591,False,False,False,1.0,False,False,36.692
189,9.45,0,alert,alert,0.696207,0.696207,0.000311,0.0,0.000603,0.302879,0.043716,0.951531,0.0,0.230299,0.230299,0.230299,0.037386,0.037386,0.037386,False,False,False,1.0,False,False,36.595
190,9.5,0,alert,alert,0.749916,0.749916,0.000286,0.0,0.000609,0.249189,0.043929,0.95135,0.0,0.229291,0.229291,0.229291,0.037184,0.037184,0.037184,False,False,False,0.0,False,False,45.926
191,9.55,0,alert,alert,0.724043,0.724043,0.000289,0.0,0.000617,0.27505,0.044572,0.951178,0.0,0.228298,0.228298,0.228298,0.036984,0.036984,0.036984,False,False,False,1.0,False,False,36.948
192,9.6,0,alert,alert,0.701771,0.701771,0.000291,0.0,0.000615,0.297324,0.045299,0.95143,0.0,0.227319,0.227319,0.227319,0.036786,0.036786,0.036786,False,False,False,1.0,False,False,36.683
193,9.65,0,alert,alert,0.71866,0.71866,0.000281,0.0,0.000603,0.280457,0.043519,0.951728,0.0,0.226341,0.226341,0.226341,0.036591,0.036591,0.036591,False,False,False,0.0,False,False,36.699
194,9.7,0,alert,alert,0.518933,0.518933,0.000316,0.0,0.000571,0.48018,0.044974,0.951081,0.0,0.225381,0.225381,0.225381,0.036397,0.036397,0.036397,False,False,False,1.0,False,False,37.03
195,9.75,0,alert,alert,0.600332,0.600332,0.000292,0.0,0.000578,0.398798,0.053696,0.950319,0.0,0.224478,0.224478,0.224478,0.036206,0.036206,0.036206,False,False,False,1.0,False,False,45.677
196,9.8,0,alert,alert,0.662295,0.662295,0.000263,0.0,0.000591,0.336851,0.048869,0.951222,0.0,0.223559,0.223559,0.223559,0.036016,0.036016,0.036016,False,False,False,0.0,False,False,36.75
197,9.85,0,alert,alert,0.735351,0.735351,0.000239,0.0,0.000619,0.263791,0.044889,0.951888,0.0,0.222627,0.222627,0.222627,0.035828,0.035828,0.035828,False,False,False,0.0,False,False,36.943
198,9.9,0,alert,alert,0.726826,0.726826,0.000229,0.0,0.000654,0.272291,0.048945,0.951369,0.0,0.221727,0.221727,0.221727,0.035643,0.035643,0.035643,False,False,False,0.0,False,False,37.16
199,9.95,0,alert,alert,0.817423,0.817423,0.000197,0.0,0.000669,0.181711,0.052001,0.949733,0.0,0.220854,0.220854,0.220854,0.035459,0.035459,0.035459,True,False,False,0.0,False,False,36.653
200,10.0,0,alert,alert,0.769649,0.769649,0.000212,0.0,0.000713,0.229427,0.060154,0.948736,0.0,0.219336,0.220032,0.220032,0.035415,0.035278,0.035278,True,False,False,0.0,False,False,45.642
201,10.05,0,alert,alert,0.72081,0.72081,0.000225,0.0,0.000684,0.27828,0.061944,0.948463,0.0,0.217797,0.219227,0.219227,0.035391,0.035098,0.035098,True,False,False,0.0,False,False,36.842
202,10.1,0,alert,alert,0.845486,0.845486,0.00019,0.0,0.000686,0.153637,0.075438,0.947981,0.0,0.217071,0.2185,0.2185,0.03521,0.034921,0.034921,True,False,False,0.0,False,False,36.698
203,10.15,0,alert,alert,0.867625,0.867625,0.000184,0.0,0.000729,0.131462,0.060109,0.95069,0.0,0.215259,0.2177,0.2177,0.035371,0.034744,0.034744,True,False,False,0.0,False,False,36.922
204,10.2,0,alert,alert,0.882489,0.882489,0.000178,0.0,0.000734,0.1166,0.047127,0.952629,0.0,0.214398,0.216841,0.216841,0.03519,0.034569,0.034569,True,False,False,0.0,False,False,36.924
205,10.25,0,alert,alert,0.926433,0.926433,0.000157,0.0,0.000717,0.072693,0.045832,0.952162,0.0,0.213881,0.215985,0.215985,0.035366,0.034396,0.034396,True,False,False,0.0,False,False,45.811
206,10.3,0,alert,alert,0.906277,0.906277,0.000175,0.0,0.000733,0.092815,0.04973,0.950842,0.0,0.212995,0.215158,0.215158,0.035362,0.034225,0.034225,True,False,False,0.0,False,False,37.03
207,10.35,0,alert,alert,0.92094,0.92094,0.000173,0.0,0.000702,0.078185,0.059657,0.94834,0.0,0.212213,0.214391,0.214391,0.035182,0.034056,0.034056,True,False,False,0.0,False,False,37.14
208,10.4,0,alert,alert,0.932113,0.932113,0.000166,0.0,0.000693,0.067028,0.055467,0.950202,0.0,0.211621,0.213609,0.213609,0.035358,0.033889,0.033889,True,False,False,0.0,False,False,37.051
209,10.45,0,alert,alert,0.948433,0.948433,0.000156,0.0,0.000693,0.050718,0.04914,0.951094,0.0,0.21079,0.212802,0.212802,0.035178,0.033723,0.033723,True,False,False,0.0,False,False,36.897
210,10.5,0,alert,alert,0.958641,0.958641,0.000145,0.0,0.000705,0.040509,0.049272,0.950364,0.0,0.21121,0.212005,0.212005,0.035359,0.033558,0.033558,True,False,False,0.0,False,False,45.879
211,10.55,0,alert,alert,0.95878,0.95878,0.00015,0.0,0.000707,0.040364,0.045477,0.951871,0.0,0.211196,0.211196,0.211196,0.035359,0.033395,0.033395,True,False,False,0.0,False,False,36.837
212,10.6,0,alert,alert,0.965014,0.965014,0.000145,0.0,0.000715,0.034126,0.043035,0.951855,0.0,0.210336,0.210383,0.210383,0.035178,0.033234,0.033234,True,False,False,0.0,False,False,36.77
213,10.65,0,alert,alert,0.96224,0.96224,0.000156,0.0,0.000725,0.036878,0.056103,0.948063,0.0,0.2113,0.209644,0.209644,0.035361,0.033074,0.033074,True,False,False,0.0,False,False,36.856
214,10.7,0,alert,alert,0.949977,0.949977,0.000172,0.0,0.000733,0.049118,0.060789,0.947972,0.0,0.210533,0.208934,0.208934,0.03518,0.032917,0.032917,True,False,False,0.0,False,False,36.939
215,10.75,0,alert,alert,0.90439,0.90439,0.000215,0.0,0.00077,0.094625,0.051849,0.949858,0.0,0.211454,0.208187,0.208187,0.035362,0.03276,0.03276,True,False,False,0.0,False,False,45.816
216,10.8,0,alert,alert,0.927149,0.927149,0.000186,0.0,0.000689,0.071977,0.054916,0.949841,0.0,0.211512,0.207461,0.207461,0.035362,0.032605,0.032605,True,False,False,0.0,False,False,36.408
217,10.85,0,alert,alert,0.942937,0.942937,0.000167,0.0,0.000677,0.056219,0.050085,0.951105,0.0,0.210687,0.206719,0.206719,0.035181,0.032451,0.032451,True,False,False,0.0,False,False,36.684
218,10.9,0,alert,alert,0.959369,0.959369,0.000151,0.0,0.000676,0.039804,0.058423,0.948622,0.0,0.211652,0.206024,0.206024,0.035363,0.032299,0.032299,True,False,False,0.692298,False,False,36.715
219,10.95,0,alert,alert,0.956586,0.956586,0.000154,0.0,0.000724,0.042537,0.048021,0.950854,0.0,0.210816,0.205286,0.205286,0.035182,0.032148,0.032148,True,False,False,0.0,False,False,36.572
220,11.0,0,alert,alert,0.959866,0.959866,0.000148,0.0,0.000713,0.039273,0.050053,0.950462,0.0,0.211706,0.204564,0.204564,0.035363,0.031999,0.031999,True,False,False,0.0,False,False,45.695
221,11.05,0,alert,alert,0.961622,0.961622,0.000151,0.0,0.000713,0.037515,0.043234,0.951859,0.0,0.211666,0.203817,0.203817,0.035362,0.031851,0.031851,True,False,False,0.0,False,False,36.888
222,11.1,0,alert,alert,0.961338,0.961338,0.000154,0.0,0.000736,0.037772,0.046794,0.95165,0.0,0.210822,0.203093,0.203093,0.035181,0.031704,0.031704,True,False,False,0.0,False,False,37.401
223,11.15,0,alert,alert,0.950615,0.950615,0.000173,0.0,0.000773,0.048439,0.044057,0.951934,0.0,0.210839,0.202362,0.202362,0.035357,0.031558,0.031558,True,False,False,0.174036,False,False,37.093
224,11.2,0,alert,alert,0.95677,0.95677,0.000169,0.0,0.000736,0.042325,0.048459,0.951469,0.0,0.210008,0.201659,0.201659,0.035176,0.031414,0.031414,True,False,False,0.089807,False,False,36.747
225,11.25,0,alert,alert,0.957769,0.957769,0.00017,0.0,0.000752,0.041309,0.049162,0.950901,0.0,0.21,0.200966,0.200966,0.035353,0.031271,0.031271,True,False,False,0.089807,False,False,45.595
226,11.3,0,alert,alert,0.936808,0.936808,0.000201,0.0,0.000799,0.062193,0.047974,0.951752,0.0,0.208824,0.200273,0.200273,0.035348,0.03113,0.03113,True,False,False,0.089807,False,False,36.982
227,11.35,0,alert,alert,0.939637,0.939637,0.000197,0.0,0.000768,0.059397,0.047157,0.951244,0.0,0.207997,0.199583,0.199583,0.035168,0.030989,0.030989,True,False,False,0.090744,False,False,36.963
228,11.4,0,alert,alert,0.926656,0.926656,0.000211,0.0,0.000786,0.072347,0.04599,0.951186,0.0,0.205283,0.198895,0.198895,0.035331,0.03085,0.03085,True,False,False,0.210449,False,False,37.833
229,11.45,0,alert,alert,0.929547,0.929547,0.0002,0.0,0.000762,0.069492,0.060145,0.948976,0.0,0.204543,0.198276,0.198276,0.035151,0.030713,0.030713,True,False,False,0.210449,False,False,37.51
230,11.5,0,alert,alert,0.926814,0.926814,0.000202,0.0,0.000784,0.0722,0.049634,0.9509,0.0,0.201573,0.197616,0.197616,0.035312,0.030576,0.030576,True,False,False,0.0,False,False,46.164
231,11.55,0,alert,alert,0.927667,0.927667,0.000192,0.0,0.000784,0.071357,0.044149,0.952356,0.0,0.199498,0.196936,0.196936,0.035297,0.030441,0.030441,True,False,False,0.0,False,False,37.354
232,11.6,0,alert,alert,0.937091,0.937091,0.00018,0.0,0.000777,0.061952,0.048461,0.950697,0.0,0.198728,0.196282,0.196282,0.035117,0.030307,0.030307,True,False,False,0.154602,False,False,37.29
233,11.65,0,alert,alert,0.932415,0.932415,0.000184,0.0,0.000775,0.066626,0.050221,0.951197,0.0,0.195445,0.195641,0.195641,0.035273,0.030174,0.030174,True,False,False,0.240547,False,False,37.377
234,11.7,0,alert,alert,0.909528,0.909528,0.000203,0.0,0.000794,0.089475,0.048936,0.951614,0.0,0.194698,0.195,0.195,0.035093,0.030042,0.030042,True,False,False,0.154602,False,False,37.957
235,11.75,0,alert,alert,0.905787,0.905787,0.000197,0.0,0.000807,0.09321,0.045172,0.952014,0.0,0.191,0.194348,0.194348,0.035237,0.029911,0.029911,True,False,False,0.286438,False,False,46.053
236,11.8,0,alert,alert,0.86303,0.86303,0.000212,0.0,0.000913,0.135845,0.043837,0.952868,0.0,0.188504,0.193695,0.193695,0.035216,0.029782,0.029782,True,False,False,0.40467,False,False,37.123
237,11.85,0,alert,alert,0.915229,0.915229,0.000177,0.0,0.000817,0.083778,0.049666,0.951513,0.0,0.187797,0.193074,0.193074,0.035036,0.029653,0.029653,True,False,False,0.40467,False,False,38.351
238,11.9,0,alert,alert,0.941934,0.941934,0.000154,0.0,0.000784,0.057129,0.051694,0.950735,0.0,0.18347,0.192468,0.192468,0.035176,0.029526,0.029526,True,False,False,0.400536,False,False,37.207
239,11.95,0,alert,alert,0.938497,0.938497,0.000154,0.0,0.000797,0.060552,0.053838,0.951262,0.0,0.182811,0.191875,0.191875,0.034997,0.0294,0.0294,True,False,False,0.0,False,False,165.775
240,12.0,0,alert,alert,0.950388,0.950388,0.000146,0.0,0.000784,0.048681,0.047355,0.95132,0.0,0.178449,0.19126,0.19126,0.029807,0.029275,0.029275,True,False,False,0.0,False,False,45.591
241,12.05,0,alert,alert,0.951355,0.951355,0.000145,0.0,0.000777,0.047722,0.046243,0.951816,0.0,0.176183,0.190645,0.190645,0.027376,0.02915,0.02915,True,False,False,0.0,False,False,36.684
242,12.1,0,alert,alert,0.943404,0.943404,0.000152,0.0,0.000762,0.055682,0.047526,0.951602,0.0,0.175529,0.190041,0.190041,0.027237,0.029027,0.029027,True,False,False,0.0,False,False,36.878
243,12.15,0,alert,alert,0.936304,0.936304,0.000154,0.0,0.000763,0.062779,0.068402,0.946217,0.0,0.17179,0.189532,0.189532,0.022522,0.028906,0.028906,True,False,False,0.0,False,False,37.173
244,12.2,0,alert,alert,0.917189,0.917189,0.000167,0.0,0.000777,0.081867,0.060056,0.948717,0.0,0.171225,0.188992,0.188992,0.022408,0.028785,0.028785,True,False,False,0.0,False,False,36.606
245,12.25,0,alert,alert,0.929046,0.929046,0.000152,0.0,0.00075,0.070052,0.061367,0.948023,0.0,0.167977,0.188462,0.188462,0.018168,0.028666,0.028666,True,False,False,0.0,False,False,45.584
246,12.3,0,alert,alert,0.94047,0.94047,0.00014,0.0,0.000717,0.058673,0.064749,0.948707,0.0,0.166594,0.187949,0.187949,0.016475,0.028547,0.028547,True,False,False,0.0,False,False,36.952
247,12.35,0,alert,alert,0.958823,0.958823,0.000122,0.0,0.000714,0.040342,0.076581,0.947411,0.0,0.166139,0.187491,0.187491,0.016392,0.02843,0.02843,True,False,False,0.0,False,False,36.904
248,12.4,0,alert,alert,0.961726,0.961726,0.000113,0.0,0.000825,0.037336,0.062935,0.949043,0.0,0.163918,0.186979,0.186979,0.013134,0.028313,0.028313,True,False,False,0.0,False,False,36.687
249,12.45,0,alert,alert,0.962649,0.962649,0.00011,0.0,0.000928,0.036312,0.049195,0.951964,0.0,0.163336,0.186414,0.186414,0.013067,0.028197,0.028197,True,False,False,0.0,False,False,37.211
250,12.5,0,alert,alert,0.958273,0.958273,0.000112,0.0,0.001164,0.04045,0.05518,0.951037,0.0,0.159776,0.185878,0.185878,0.008594,0.028082,0.028082,True,False,False,0.0,False,False,45.858
251,12.55,0,alert,alert,0.955897,0.955897,0.000109,0.0,0.001254,0.042739,0.051547,0.950875,0.0,0.15765,0.185332,0.185332,0.006266,0.027967,0.027967,True,False,False,0.0,False,False,37.088
252,12.6,0,alert,alert,0.960586,0.960586,0.000106,0.0,0.001313,0.037995,0.069889,0.947805,0.0,0.157207,0.184867,0.184867,0.006234,0.027855,0.027855,True,False,False,0.0,False,False,37.142
253,12.65,0,alert,alert,0.964918,0.964918,0.000107,0.0,0.001412,0.033563,0.071802,0.948298,0.0,0.153764,0.184412,0.184412,0.001778,0.027743,0.027743,True,False,False,0.0,False,False,36.766
254,12.7,0,alert,alert,0.96288,0.96288,0.000111,0.0,0.001654,0.035356,0.061971,0.95118,0.0,0.153299,0.18392,0.18392,0.001769,0.027631,0.027631,True,False,False,0.0,False,False,36.878
255,12.75,0,alert,alert,0.951329,0.951329,0.000117,0.0,0.001606,0.046948,0.136311,0.943454,0.0,0.151928,0.183731,0.183731,0.0,0.027521,0.027521,True,False,False,0.0,False,False,45.578
256,12.8,0,alert,alert,0.952367,0.952367,0.000116,0.0,0.001526,0.045991,0.133063,0.943648,0.0,0.151463,0.183531,0.183531,0.0,0.027413,0.027413,True,False,False,0.0,False,False,36.743
257,12.85,0,alert,alert,0.961361,0.961361,0.000112,0.0,0.001605,0.036922,0.10929,0.945522,0.0,0.15125,0.183238,0.183238,0.0,0.027305,0.027305,True,False,False,0.0,False,False,36.593
258,12.9,0,alert,alert,0.967638,0.967638,0.00011,0.0,0.001685,0.030567,0.077061,0.948753,0.0,0.151491,0.182819,0.182819,0.0,0.027197,0.027197,True,False,False,0.0,False,False,36.473
259,12.95,0,alert,alert,0.971581,0.971581,0.000109,0.0,0.001681,0.026629,0.057751,0.950444,0.0,0.151018,0.182327,0.182327,0.0,0.02709,0.02709,True,False,False,0.0,False,False,36.685
260,13.0,0,alert,alert,0.945188,0.945188,0.000136,0.0,0.001716,0.052959,0.057588,0.948777,0.0,0.148694,0.181839,0.181839,0.0,0.026984,0.026984,True,False,False,0.0,False,False,45.511
261,13.05,0,alert,alert,0.939434,0.939434,0.000141,0.0,0.001567,0.058859,0.09952,0.941847,0.0,0.147239,0.18152,0.18152,0.0,0.026879,0.026879,True,False,False,0.0,False,False,36.876
262,13.1,0,alert,alert,0.802102,0.802102,0.000224,0.0,0.001616,0.196058,0.121024,0.941269,0.0,0.147108,0.181287,0.181287,0.0,0.026776,0.026776,True,False,False,0.0,False,False,36.527
263,13.15,4,distraction,distracted,0.536394,0.462219,0.000277,0.0,0.00111,0.536394,0.299447,0.915546,0.0,0.147143,0.181728,0.181728,0.0,0.026676,0.026676,True,False,False,0.0,False,False,37.005
264,13.2,4,distraction,distracted,0.612095,0.386846,0.000262,0.0,0.000797,0.612095,0.439012,0.886719,0.0,0.14852,0.182655,0.182655,0.0,0.02658,0.02658,True,False,False,0.0,False,False,37.061
265,13.25,4,distraction,distracted,0.514161,0.484828,0.000253,0.0,0.000757,0.514161,0.342791,0.916784,0.0,0.148647,0.183249,0.183249,0.0,0.026481,0.026481,True,False,False,0.0,False,False,45.821
266,13.3,4,distraction,distracted,0.7422,0.256994,0.000233,0.0,0.000573,0.7422,0.248307,0.930833,0.0,0.147462,0.183494,0.183494,0.0,0.026382,0.026382,True,False,False,0.0,False,False,36.885
267,13.35,4,distraction,distracted,0.686567,0.312639,0.000234,0.0,0.00056,0.686567,0.141556,0.944436,0.0,0.147433,0.183334,0.183334,0.0,0.026282,0.026282,True,False,False,0.0,False,False,37.103
268,13.4,4,distraction,distracted,0.846893,0.152486,0.000203,0.0,0.000417,0.846893,0.16446,0.943404,0.0,0.143797,0.183263,0.183263,0.0,0.026182,0.026182,True,False,False,0.0,False,False,37.235
269,13.45,4,distraction,distracted,0.879728,0.119721,0.000193,0.0,0.000358,0.879728,0.208027,0.935287,0.0,0.144116,0.183355,0.183355,0.0,0.026085,0.026085,True,False,False,0.0,False,False,37.403
270,13.5,4,distraction,distracted,0.584363,0.414797,0.000259,0.0,0.000582,0.584363,0.136195,0.943809,0.0,0.140586,0.183179,0.183179,0.0,0.025987,0.025987,True,False,False,0.0,False,False,45.754
271,13.55,0,alert,alert,0.626776,0.626776,0.000241,0.0,0.000663,0.372319,0.081832,0.949342,0.0,0.138604,0.182798,0.182798,0.0,0.025889,0.025889,True,False,False,1.0,False,False,37.527
272,13.6,0,alert,alert,0.644374,0.644374,0.000237,0.0,0.000732,0.354657,0.064391,0.949459,0.0,0.13823,0.182355,0.182355,0.0,0.025792,0.025792,True,False,False,1.0,False,False,37.562
273,13.65,4,distraction,distracted,0.616338,0.382713,0.000249,0.0,0.000701,0.616338,0.054201,0.950053,0.0,0.134455,0.181877,0.181877,0.0,0.025696,0.025696,True,False,False,1.0,False,False,37.379
274,13.7,4,distraction,distracted,0.774343,0.224904,0.000233,0.0,0.000521,0.774343,0.117313,0.940988,0.0,0.13437,0.181639,0.181639,0.0,0.025602,0.025602,True,False,False,1.0,False,False,37.334
275,13.75,4,distraction,distracted,0.630145,0.368969,0.000267,0.0,0.00062,0.630145,0.108075,0.945469,0.0,0.130936,0.181368,0.181368,0.0,0.025507,0.025507,True,False,False,1.0,False,False,45.797
276,13.8,4,distraction,distracted,0.641178,0.35793,0.000254,0.0,0.000638,0.641178,0.141073,0.944116,0.0,0.12946,0.18122,0.18122,0.0,0.025414,0.025414,True,False,False,1.0,False,False,37.5
277,13.85,4,distraction,distracted,0.786947,0.212308,0.000231,0.0,0.000514,0.786947,0.11331,0.947404,0.0,0.129379,0.180971,0.180971,0.0,0.025321,0.025321,True,False,False,1.0,False,False,36.8
278,13.9,4,distraction,distracted,0.692838,0.306319,0.000254,0.0,0.000589,0.692838,0.181124,0.938383,0.0,0.126727,0.180971,0.180971,0.0,0.025229,0.025229,True,False,False,1.0,False,False,36.73
279,13.95,4,distraction,distracted,0.534334,0.464635,0.000254,0.0,0.000777,0.534334,0.209233,0.930356,0.0,0.127133,0.181072,0.181072,0.0,0.025139,0.025139,True,False,False,1.0,False,False,37.088
280,14.0,0,alert,alert,0.664262,0.664262,0.000223,0.0,0.000836,0.334679,0.330235,0.912308,0.0,0.125006,0.181594,0.181594,0.0,0.025051,0.025051,True,False,False,1.0,False,False,45.439
281,14.05,0,alert,alert,0.79803,0.79803,0.000186,0.0,0.000957,0.200827,0.431617,0.891182,0.0,0.125296,0.182444,0.182444,0.0,0.024966,0.024966,True,False,False,1.0,False,False,36.729
282,14.1,0,alert,alert,0.652202,0.652202,0.00021,0.0,0.000961,0.346627,0.352,0.919522,0.0,0.125911,0.183037,0.183037,0.0,0.024878,0.024878,True,False,False,1.0,False,False,36.92
283,14.15,0,alert,alert,0.568507,0.568507,0.000229,0.0,0.000762,0.430502,0.249967,0.935103,0.0,0.125436,0.183274,0.183274,0.0,0.02479,0.02479,True,False,False,0.0,False,False,36.805
284,14.2,0,alert,alert,0.676639,0.676639,0.000251,0.0,0.000681,0.322429,0.448111,0.873111,0.0,0.126928,0.184147,0.184147,0.0,0.024709,0.024709,True,False,False,0.0,False,False,36.904
285,14.25,0,alert,alert,0.738289,0.738289,0.000229,0.0,0.000646,0.260836,0.450516,0.891685,0.0,0.126329,0.185041,0.185041,0.0,0.024626,0.024626,True,False,False,0.0,False,False,45.941
286,14.3,4,distraction,distracted,0.578175,0.420923,0.000291,0.0,0.00061,0.578175,0.472981,0.895672,0.0,0.12758,0.186009,0.186009,0.0,0.024543,0.024543,True,False,False,0.0,False,False,37.021
287,14.35,4,distraction,distracted,0.755378,0.243877,0.000278,0.0,0.000468,0.755378,0.461839,0.901872,0.0,0.129071,0.186939,0.186939,0.0,0.02446,0.02446,True,False,False,0.0,False,False,36.924
288,14.4,4,distraction,distracted,0.838419,0.160966,0.000242,0.0,0.000373,0.838419,0.397372,0.922098,0.0,0.130358,0.187661,0.187661,0.0,0.024376,0.024376,True,False,False,0.0,False,False,36.935
289,14.45,4,distraction,distracted,0.807727,0.191649,0.000249,0.0,0.000375,0.807727,0.359395,0.923019,0.0,0.131479,0.18825,0.18825,0.0,0.024293,0.024293,True,False,False,0.0,False,False,36.99
290,14.5,4,distraction,distracted,0.530867,0.468292,0.000271,0.0,0.00057,0.530867,0.194653,0.944198,0.0,0.131646,0.188272,0.188272,0.0,0.024208,0.024208,True,False,False,1.0,False,False,45.862
291,14.55,4,distraction,distracted,0.537912,0.461228,0.000253,0.0,0.000607,0.537912,0.184314,0.940735,0.0,0.132084,0.188259,0.188259,0.0,0.024124,0.024124,True,False,False,0.0,False,False,37.184
292,14.6,0,alert,alert,0.587042,0.587042,0.000238,0.0,0.000744,0.411975,0.09273,0.952255,0.0,0.132229,0.187924,0.187924,0.0,0.024039,0.024039,True,False,False,0.0,False,False,37.223
293,14.65,4,distraction,distracted,0.560204,0.438863,0.000244,0.0,0.000689,0.560204,0.240922,0.927909,0.0,0.13314,0.188105,0.188105,0.0,0.023958,0.023958,True,False,False,0.0,False,False,36.688
294,14.7,4,distraction,distracted,0.717674,0.28154,0.000235,0.0,0.000552,0.717674,0.243767,0.934726,0.0,0.133688,0.188294,0.188294,0.0,0.023876,0.023876,True,False,False,0.0,False,False,37.042
295,14.75,4,distraction,distracted,0.76506,0.234169,0.000226,0.0,0.000545,0.76506,0.151677,0.947928,0.0,0.13426,0.188168,0.188168,0.0,0.023794,0.023794,True,False,False,0.0,False,False,45.922
296,14.8,4,distraction,distracted,0.744819,0.254355,0.000221,0.0,0.000604,0.744819,0.102668,0.953033,0.0,0.134356,0.187873,0.187873,0.0,0.023711,0.023711,True,False,False,0.0,False,False,36.961
297,14.85,4,distraction,distracted,0.846442,0.152862,0.000209,0.0,0.000487,0.846442,0.091491,0.952898,0.0,0.134459,0.187541,0.187541,0.0,0.02363,0.02363,True,False,False,0.0,False,False,36.924
298,14.9,4,distraction,distracted,0.841047,0.158261,0.000216,0.0,0.000476,0.841047,0.071003,0.953442,0.0,0.133866,0.187141,0.187141,0.0,0.023549,0.023549,True,False,False,0.0,False,False,36.761
299,14.95,4,distraction,distracted,0.846081,0.153256,0.000216,0.0,0.000447,0.846081,0.086395,0.951037,0.0,0.133626,0.186798,0.186798,0.0,0.023468,0.023468,True,False,False,0.0,False,False,37.308
300,15.0,4,distraction,distracted,0.830575,0.16873,0.000225,0.0,0.000471,0.830575,0.076544,0.953749,0.0,0.129846,0.186422,0.186422,0.0,0.023388,0.023388,True,False,False,0.0,False,False,46.247
301,15.05,4,distraction,distracted,0.886409,0.113002,0.000207,0.0,0.000382,0.886409,0.113021,0.949654,0.0,0.127425,0.186173,0.186173,0.0,0.023309,0.023309,True,False,False,1.0,False,False,37.268
302,15.1,4,distraction,distracted,0.813328,0.185893,0.000241,0.0,0.000538,0.813328,0.139317,0.9464,0.0,0.124778,0.186016,0.186016,0.0,0.023231,0.023231,True,False,False,1.0,False,False,37.106
303,15.15,4,distraction,distracted,0.689793,0.309244,0.000265,0.0,0.000698,0.689793,0.11662,0.949905,0.0,0.121853,0.185783,0.185783,0.0,0.023153,0.023153,True,False,False,0.0,False,False,36.846
304,15.2,4,distraction,distracted,0.678142,0.320861,0.000259,0.0,0.000738,0.678142,0.096052,0.953002,0.0,0.121723,0.185481,0.185481,0.0,0.023075,0.023075,True,False,False,0.0,False,False,36.773
305,15.25,4,distraction,distracted,0.761543,0.237585,0.000245,0.0,0.000627,0.761543,0.148357,0.944331,0.0,0.116464,0.185358,0.185358,0.0,0.022998,0.022998,True,False,False,1.0,False,False,45.756
306,15.3,4,distraction,distracted,0.587651,0.4113,0.000278,0.0,0.000772,0.587651,0.093027,0.950364,0.0,0.11439,0.18505,0.18505,0.0,0.022922,0.022922,True,False,False,0.0,False,False,37.129
307,15.35,4,distraction,distracted,0.54884,0.45005,0.000281,0.0,0.000829,0.54884,0.259374,0.929903,0.0,0.113538,0.185292,0.185292,0.0,0.022847,0.022847,True,False,False,0.0,False,False,36.631
308,15.4,0,alert,alert,0.602572,0.602572,0.000283,0.0,0.000871,0.396275,0.140905,0.945943,0.0,0.112917,0.185146,0.185146,0.0,0.022772,0.022772,True,False,False,0.0,False,False,36.513
309,15.45,4,distraction,distracted,0.528328,0.470621,0.000299,0.0,0.000753,0.528328,0.101728,0.950841,0.0,0.112861,0.18487,0.18487,0.0,0.022697,0.022697,True,False,False,0.0,False,False,37.018
310,15.5,0,alert,alert,0.658196,0.658196,0.000283,0.0,0.000799,0.340722,0.091285,0.953726,0.0,0.113028,0.184562,0.184562,0.0,0.022622,0.022622,True,False,False,1.0,False,False,46.026
311,15.55,0,alert,alert,0.56823,0.56823,0.000294,0.0,0.000765,0.430711,0.093283,0.952009,0.0,0.113281,0.184262,0.184262,0.0,0.022548,0.022548,True,False,False,1.0,False,False,36.856
312,15.6,0,alert,alert,0.547658,0.547658,0.000297,0.0,0.000736,0.45131,0.091604,0.951131,0.0,0.113549,0.18396,0.18396,0.0,0.022474,0.022474,True,False,False,1.0,False,False,36.745
313,15.65,0,alert,alert,0.516498,0.516498,0.000299,0.0,0.000705,0.482498,0.107475,0.949239,0.0,0.113862,0.183711,0.183711,0.0,0.022401,0.022401,True,False,False,1.0,False,False,36.711
314,15.7,4,distraction,distracted,0.50206,0.496983,0.000295,0.0,0.000662,0.50206,0.137861,0.947483,0.0,0.113982,0.183563,0.183563,0.0,0.022329,0.022329,True,False,False,1.0,False,False,37.003
315,15.75,0,alert,alert,0.574018,0.574018,0.000282,0.0,0.000665,0.425036,0.188082,0.942661,0.0,0.114935,0.183577,0.183577,0.0,0.022257,0.022257,True,False,False,1.0,False,False,46.019
316,15.8,0,alert,alert,0.608644,0.608644,0.000281,0.0,0.000659,0.390416,0.236871,0.937913,0.0,0.115855,0.183747,0.183747,0.0,0.022186,0.022186,True,False,False,1.0,False,False,36.634
317,15.85,4,distraction,distracted,0.516047,0.482983,0.000336,0.0,0.000633,0.516047,0.452934,0.88968,0.0,0.117759,0.184556,0.184556,0.0,0.02212,0.02212,True,False,False,1.0,False,False,36.364
318,15.9,4,distraction,distracted,0.519057,0.479895,0.000381,0.0,0.000667,0.519057,0.521381,0.82894,0.0,0.119819,0.185498,0.185498,0.0,0.022058,0.022058,True,False,False,0.0,False,False,36.887
319,15.95,0,alert,alert,0.545188,0.545188,0.000361,0.0,0.000721,0.45373,0.48299,0.878179,0.0,0.121505,0.186376,0.186376,0.0,0.021993,0.021993,True,False,False,0.0,False,False,36.851
320,16.0,0,alert,alert,0.584314,0.584314,0.000349,0.0,0.000726,0.41461,0.426168,0.901533,0.0,0.123549,0.1871,0.1871,0.0,0.021926,0.021926,True,False,False,0.0,False,False,45.668
321,16.05,0,alert,alert,0.695914,0.695914,0.000307,0.0,0.000756,0.303024,0.271749,0.927393,0.0,0.124597,0.187363,0.187363,0.0,0.021858,0.021858,True,False,False,0.0,False,False,36.725
322,16.1,0,alert,alert,0.649903,0.649903,0.000306,0.0,0.000743,0.349047,0.119393,0.947204,0.0,0.124817,0.187148,0.187148,0.0,0.021789,0.021789,True,False,False,0.0,False,False,36.633
323,16.15,0,alert,alert,0.65295,0.65295,0.000297,0.0,0.000752,0.346001,0.070038,0.954237,0.0,0.124541,0.186777,0.186777,0.0,0.02172,0.02172,True,False,False,0.0,False,False,36.983
324,16.2,0,alert,alert,0.68341,0.68341,0.000285,0.0,0.000785,0.31552,0.05007,0.956211,0.0,0.124466,0.186345,0.186345,0.0,0.021652,0.021652,True,False,False,0.0,False,False,37.341
325,16.25,0,alert,alert,0.805608,0.805608,0.000237,0.0,0.000795,0.193359,0.040142,0.954988,0.0,0.124522,0.185884,0.185884,0.0,0.021583,0.021583,True,False,False,0.0,False,False,46.217
326,16.3,0,alert,alert,0.825576,0.825576,0.000221,0.0,0.000768,0.173436,0.063064,0.944773,0.0,0.124495,0.185502,0.185502,0.0,0.021516,0.021516,True,False,False,0.0,False,False,37.266
327,16.35,0,alert,alert,0.838218,0.838218,0.000214,0.0,0.000776,0.160792,0.086936,0.941087,0.0,0.124641,0.185198,0.185198,0.0,0.02145,0.02145,True,False,False,0.77121,False,False,37.23
328,16.4,0,alert,alert,0.77922,0.77922,0.000246,0.0,0.000711,0.219823,0.11394,0.936735,0.0,0.124588,0.18498,0.18498,0.0,0.021384,0.021384,True,False,False,0.0,False,False,37.446
329,16.45,0,alert,alert,0.529925,0.529925,0.000326,0.0,0.000648,0.469101,0.4044,0.880954,0.0,0.126175,0.18561,0.18561,0.0,0.021323,0.021323,True,False,False,0.0,False,False,37.703
330,16.5,0,alert,alert,0.617813,0.617813,0.000314,0.0,0.000592,0.381281,0.278835,0.919141,0.0,0.12745,0.185889,0.185889,0.0,0.021259,0.021259,True,False,False,0.0,False,False,45.962
331,16.55,0,alert,alert,0.71189,0.71189,0.000298,0.0,0.00057,0.287242,0.398841,0.906698,0.0,0.129116,0.186514,0.186514,0.0,0.021197,0.021197,True,False,False,0.0,False,False,36.903
332,16.6,0,alert,alert,0.757984,0.757984,0.000282,0.0,0.000567,0.241167,0.355263,0.922012,0.0,0.130617,0.187017,0.187017,0.0,0.021134,0.021134,True,False,False,0.0,False,False,37.42
333,16.65,0,alert,alert,0.759636,0.759636,0.000269,0.0,0.000558,0.239537,0.266153,0.931945,0.0,0.131286,0.187254,0.187254,0.0,0.02107,0.02107,True,False,False,0.0,False,False,37.725
334,16.7,0,alert,alert,0.780998,0.780998,0.000256,0.0,0.000556,0.218191,0.1295,0.942948,0.0,0.131693,0.187079,0.187079,0.0,0.021006,0.021006,True,False,False,0.0,False,False,37.953
335,16.75,0,alert,alert,0.896154,0.896154,0.000194,0.0,0.000562,0.10309,0.094261,0.947575,0.0,0.132341,0.186798,0.186798,0.0,0.020943,0.020943,True,False,False,0.0,False,False,46.174
336,16.8,0,alert,alert,0.937954,0.937954,0.000166,0.0,0.00057,0.06131,0.059912,0.952747,0.0,0.132364,0.186412,0.186412,0.0,0.020879,0.020879,True,False,False,0.0,False,False,38.116
337,16.85,0,alert,alert,0.95561,0.95561,0.000154,0.0,0.000602,0.043634,0.048595,0.952484,0.0,0.132323,0.185994,0.185994,0.0,0.020816,0.020816,True,False,False,0.0,False,False,37.568
338,16.9,0,alert,alert,0.942526,0.942526,0.000168,0.0,0.000728,0.056578,0.047261,0.951872,0.0,0.131894,0.185575,0.185575,0.0,0.020753,0.020753,True,False,False,0.0,False,False,37.452
339,16.95,0,alert,alert,0.946934,0.946934,0.000163,0.0,0.000772,0.052131,0.056699,0.950133,0.0,0.131916,0.185188,0.185188,0.0,0.020691,0.020691,True,False,False,0.0,False,False,37.683
340,17.0,0,alert,alert,0.942981,0.942981,0.00016,0.0,0.000802,0.056058,0.056738,0.950313,0.0,0.132339,0.184803,0.184803,0.0,0.020629,0.020629,True,False,False,1.0,False,False,47.08
341,17.05,0,alert,alert,0.944017,0.944017,0.000148,0.0,0.000918,0.054917,0.059512,0.949829,0.0,0.132404,0.184429,0.184429,0.0,0.020567,0.020567,True,False,False,1.0,False,False,37.87
342,17.1,0,alert,alert,0.93935,0.93935,0.000145,0.0,0.000894,0.059612,0.060941,0.949991,0.0,0.132479,0.184062,0.184062,0.0,0.020506,0.020506,True,False,False,1.0,False,False,37.763
343,17.15,0,alert,alert,0.877678,0.877678,0.000183,0.0,0.000943,0.121196,0.061454,0.949379,0.0,0.132122,0.183698,0.183698,0.0,0.020445,0.020445,True,False,False,1.0,False,False,38.363
344,17.2,0,alert,alert,0.815811,0.815811,0.000207,0.0,0.000863,0.183119,0.064731,0.948312,0.0,0.132212,0.183346,0.183346,0.0,0.020385,0.020385,True,False,False,1.0,False,False,37.862
345,17.25,0,alert,alert,0.91793,0.91793,0.000163,0.0,0.000743,0.081164,0.066975,0.947486,0.0,0.132659,0.183004,0.183004,0.0,0.020325,0.020325,True,False,False,1.0,False,False,46.587
346,17.3,0,alert,alert,0.902095,0.902095,0.000165,0.0,0.00081,0.096929,0.052003,0.948714,0.0,0.132665,0.182619,0.182619,0.0,0.020265,0.020265,True,False,False,1.0,False,False,37.599
347,17.35,0,alert,alert,0.918977,0.918977,0.000143,0.0,0.000884,0.079995,0.04671,0.948839,0.0,0.132534,0.182221,0.182221,0.0,0.020205,0.020205,True,False,False,1.0,False,False,37.555
348,17.4,0,alert,alert,0.938006,0.938006,0.000127,0.0,0.000843,0.061024,0.044315,0.949838,0.0,0.132091,0.181817,0.181817,0.0,0.020146,0.020146,True,False,False,1.0,False,False,37.437
349,17.45,0,alert,alert,0.950683,0.950683,0.000121,0.0,0.000907,0.048289,0.044646,0.950074,0.0,0.13189,0.181417,0.181417,0.0,0.020088,0.020088,True,False,False,1.0,False,False,37.113
350,17.5,0,alert,alert,0.94254,0.94254,0.000131,0.0,0.000951,0.056378,0.046373,0.950262,0.0,0.132192,0.181024,0.181024,0.0,0.020029,0.020029,True,False,False,1.0,False,False,45.506
351,17.55,0,alert,alert,0.946647,0.946647,0.000127,0.0,0.000946,0.05228,0.130395,0.930803,0.0,0.132562,0.18088,0.18088,0.0,0.019972,0.019972,True,False,False,0.0,False,False,36.908
352,17.6,0,alert,alert,0.956345,0.956345,0.000122,0.0,0.001201,0.042332,0.139434,0.930068,0.0,0.132945,0.180763,0.180763,0.0,0.019916,0.019916,True,False,False,0.0,False,False,36.977
353,17.65,0,alert,alert,0.955916,0.955916,0.000128,0.0,0.001336,0.04262,0.186395,0.926717,0.0,0.133208,0.180779,0.180779,0.0,0.01986,0.01986,True,False,False,1.0,False,False,37.041
354,17.7,0,alert,alert,0.958395,0.958395,0.00012,0.0,0.001374,0.040111,0.127748,0.935566,0.0,0.133591,0.180629,0.180629,0.0,0.019803,0.019803,True,False,False,1.0,False,False,37.02
355,17.75,0,alert,alert,0.950728,0.950728,0.000121,0.0,0.001405,0.047745,0.187721,0.92393,0.0,0.134521,0.180649,0.180649,0.0,0.019748,0.019748,True,False,False,0.0,False,False,46.328
356,17.8,0,alert,alert,0.966656,0.966656,0.00011,0.0,0.001259,0.031976,0.126226,0.937108,0.0,0.134762,0.180495,0.180495,0.0,0.019692,0.019692,True,False,False,0.0,False,False,37.165
357,17.85,0,alert,alert,0.971938,0.971938,0.000109,0.0,0.00135,0.026603,0.098777,0.943003,0.0,0.1349,0.180264,0.180264,0.0,0.019637,0.019637,True,False,False,0.0,False,False,37.077
358,17.9,0,alert,alert,0.971834,0.971834,0.000113,0.0,0.001732,0.02632,0.117721,0.941708,0.0,0.134814,0.180087,0.180087,0.0,0.019581,0.019581,True,False,False,0.0,False,False,37.319
359,17.95,0,alert,alert,0.972075,0.972075,0.000112,0.0,0.001831,0.025982,0.190312,0.928315,0.0,0.135404,0.180116,0.180116,0.0,0.019527,0.019527,True,False,False,1.0,False,False,37.182
360,18.0,0,alert,alert,0.966207,0.966207,0.000119,0.0,0.001805,0.031869,0.474151,0.839728,0.0,0.137712,0.180851,0.180851,0.0,0.019478,0.019478,True,False,False,1.0,False,False,46.154
361,18.05,0,alert,alert,0.962468,0.962468,0.000128,0.0,0.00171,0.035694,0.533387,0.805069,0.0,0.139093,0.181694,0.181694,0.0,0.019432,0.019432,True,False,False,1.0,False,False,37.14
362,18.1,0,alert,alert,0.956147,0.956147,0.000138,0.0,0.001704,0.04201,0.538527,0.83798,0.0,0.139323,0.18258,0.18258,0.0,0.019383,0.019383,True,False,False,1.0,False,False,37.114
363,18.15,0,alert,alert,0.959582,0.959582,0.000137,0.0,0.001735,0.038546,0.51972,0.859076,0.0,0.141058,0.183436,0.183436,0.0,0.019334,0.019334,True,False,False,1.0,False,False,36.653
364,18.2,0,alert,alert,0.959841,0.959841,0.000146,0.0,0.00206,0.037954,0.493895,0.876072,0.0,0.13928,0.184237,0.184237,0.0,0.019284,0.019284,True,False,False,1.0,False,False,36.78
365,18.25,0,alert,alert,0.950153,0.950153,0.000159,0.0,0.002993,0.046695,0.489093,0.878047,0.0,0.139286,0.185024,0.185024,0.0,0.019235,0.019235,True,False,False,1.0,False,False,45.872
366,18.3,0,alert,alert,0.914827,0.914827,0.000193,0.0,0.005141,0.079839,0.479522,0.881829,0.0,0.139566,0.185786,0.185786,0.0,0.019185,0.019185,True,False,False,0.0,False,False,36.946
367,18.35,0,alert,alert,0.889353,0.889353,0.000207,0.0,0.006567,0.103874,0.45236,0.887987,0.0,0.139854,0.186478,0.186478,0.0,0.019135,0.019135,True,False,False,0.0,False,False,36.974
368,18.4,0,alert,alert,0.89957,0.89957,0.000188,0.0,0.006969,0.093274,0.459462,0.873968,0.0,0.141336,0.187174,0.187174,0.0,0.019086,0.019086,True,False,False,0.0,False,False,36.965
369,18.45,0,alert,alert,0.897272,0.897272,0.000192,0.0,0.008873,0.093663,0.499001,0.857394,0.0,0.142382,0.187952,0.187952,0.0,0.019039,0.019039,True,False,False,0.0,False,False,37.522
370,18.5,0,alert,alert,0.897028,0.897028,0.00022,0.0,0.012542,0.09021,0.53758,0.846406,0.0,0.144399,0.188811,0.188811,0.0,0.018992,0.018992,True,False,False,0.0,False,False,46.373
371,18.55,0,alert,alert,0.894241,0.894241,0.000259,0.0,0.018856,0.086645,0.586141,0.844694,0.0,0.146843,0.189783,0.189783,0.0,0.018945,0.018945,True,False,False,0.0,False,False,37.348
372,18.6,0,alert,alert,0.893479,0.893479,0.000283,0.0,0.024617,0.081621,0.602311,0.857536,0.0,0.149451,0.190805,0.190805,0.0,0.018898,0.018898,True,False,False,0.0,False,False,37.872
373,18.65,0,alert,alert,0.892885,0.892885,0.000296,0.0,0.030238,0.076581,0.514752,0.891578,0.0,0.151183,0.191637,0.191637,0.0,0.01885,0.01885,True,False,False,0.0,False,False,37.714
374,18.7,0,alert,alert,0.894239,0.894239,0.000294,0.0,0.031333,0.074135,0.464917,0.903475,0.0,0.153505,0.192346,0.192346,0.0,0.018801,0.018801,True,False,False,0.0,False,False,37.471
375,18.75,0,alert,alert,0.887398,0.887398,0.000306,0.0,0.03841,0.073885,0.398649,0.920091,0.0,0.154925,0.19289,0.19289,0.0,0.018751,0.018751,True,False,False,1.0,False,False,46.81
376,18.8,0,alert,alert,0.881276,0.881276,0.000341,0.0,0.05423,0.064153,0.293829,0.934468,0.0,0.155059,0.19316,0.19316,0.0,0.018701,0.018701,True,False,False,0.0,False,False,37.615
377,18.85,0,alert,alert,0.882773,0.882773,0.000338,0.0,0.056571,0.060319,0.260504,0.934782,0.0,0.154278,0.19334,0.19334,0.0,0.018651,0.018651,True,False,False,0.0,False,False,38.148
378,18.9,0,alert,alert,0.879705,0.879705,0.000333,0.0,0.057802,0.06216,0.192733,0.939764,0.0,0.15447,0.193338,0.193338,0.0,0.018602,0.018602,True,False,False,0.0,False,False,37.452
379,18.95,0,alert,alert,0.877979,0.877979,0.000336,0.0,0.067203,0.054481,0.218502,0.936622,0.0,0.152253,0.193405,0.193405,0.0,0.018552,0.018552,True,False,False,0.0,False,False,37.089
380,19.0,0,alert,alert,0.883281,0.883281,0.000333,0.0,0.069023,0.047363,0.193254,0.938569,0.0,0.152244,0.193404,0.193404,0.0,0.018503,0.018503,True,False,False,0.0,False,False,46.223
381,19.05,0,alert,alert,0.883636,0.883636,0.00033,0.0,0.070958,0.045076,0.217562,0.933983,0.0,0.152966,0.193468,0.193468,0.0,0.018454,0.018454,True,False,False,0.522873,False,False,37.34
382,19.1,0,alert,alert,0.885401,0.885401,0.000326,0.0,0.072285,0.041988,0.331327,0.909221,0.0,0.154376,0.193821,0.193821,0.0,0.018407,0.018407,True,False,False,0.657455,False,False,36.968
383,19.15,0,alert,alert,0.879723,0.879723,0.000336,0.0,0.080827,0.039115,0.358623,0.906532,0.0,0.155361,0.19424,0.19424,0.0,0.01836,0.01836,True,False,False,0.734818,False,False,37.219
384,19.2,0,alert,alert,0.879296,0.879296,0.00034,0.0,0.084917,0.035447,0.330569,0.919581,0.0,0.157407,0.194591,0.194591,0.0,0.018313,0.018313,True,False,False,0.879929,False,False,36.891
385,19.25,0,alert,alert,0.858432,0.858432,0.000369,0.0,0.101281,0.039919,0.404086,0.907055,0.0,0.159149,0.195121,0.195121,0.0,0.018267,0.018267,True,False,False,0.879929,False,False,45.881
386,19.3,0,alert,alert,0.862978,0.862978,0.000372,0.0,0.093886,0.042765,0.413302,0.908524,0.0,0.160926,0.195673,0.195673,0.0,0.01822,0.01822,True,False,False,0.940353,False,False,37.221
387,19.35,0,alert,alert,0.840395,0.840395,0.000419,0.0,0.114318,0.044868,0.407439,0.911388,0.0,0.162719,0.196209,0.196209,0.0,0.018174,0.018174,True,False,False,0.860703,False,False,37.436
388,19.4,0,alert,alert,0.799515,0.799515,0.000475,0.0,0.155858,0.044152,0.451162,0.89428,0.0,0.164093,0.196841,0.196841,0.0,0.018129,0.018129,True,False,False,0.0,False,False,37.46
389,19.45,0,alert,alert,0.834041,0.834041,0.000456,0.0,0.122705,0.042798,0.416848,0.90729,0.0,0.166565,0.197393,0.197393,0.0,0.018084,0.018084,True,False,False,0.0,False,False,37.002
390,19.5,0,alert,alert,0.829099,0.829099,0.000459,0.0,0.125174,0.045268,0.363281,0.917926,0.0,0.168156,0.197813,0.197813,0.0,0.018038,0.018038,True,False,False,0.0,False,False,45.885
391,19.55,0,alert,alert,0.831472,0.831472,0.00044,0.0,0.120212,0.047876,0.352602,0.923131,0.0,0.169698,0.198206,0.198206,0.0,0.017992,0.017992,True,False,False,0.0,False,False,37.317
392,19.6,0,alert,alert,0.894825,0.894825,0.00034,0.0,0.05463,0.050205,0.275108,0.936105,0.0,0.17086,0.198403,0.198403,0.0,0.017946,0.017946,True,False,False,0.0,False,False,37.264
393,19.65,0,alert,alert,0.915794,0.915794,0.000261,0.0,0.014223,0.069723,0.301305,0.931593,0.0,0.171508,0.198666,0.198666,0.0,0.0179,0.0179,True,False,False,0.0,False,False,37.173
394,19.7,0,alert,alert,0.90843,0.90843,0.000222,0.0,0.006623,0.084726,0.368474,0.923748,0.0,0.17378,0.199094,0.199094,0.0,0.017855,0.017855,True,False,False,0.0,False,False,37.329
395,19.75,0,alert,alert,0.937658,0.937658,0.000157,0.0,0.002902,0.059283,0.209253,0.944076,0.0,0.17457,0.19912,0.19912,0.0,0.017809,0.017809,True,False,False,0.0,False,False,45.599
396,19.8,0,alert,alert,0.947689,0.947689,0.00014,0.0,0.001701,0.05047,0.114265,0.949159,0.0,0.174904,0.198901,0.198901,0.0,0.017763,0.017763,True,False,False,0.0,False,False,36.939
397,19.85,0,alert,alert,0.953318,0.953318,0.000132,0.0,0.001533,0.045017,0.065865,0.952456,0.0,0.175011,0.198558,0.198558,0.0,0.017718,0.017718,True,False,False,0.0,False,False,36.978
398,19.9,0,alert,alert,0.954477,0.954477,0.00013,0.0,0.001349,0.044044,0.048675,0.953796,0.0,0.174369,0.198172,0.198172,0.0,0.017672,0.017672,True,False,False,0.0,False,False,37.104
399,19.95,0,alert,alert,0.942481,0.942481,0.000144,0.0,0.00112,0.056255,0.10151,0.942719,0.0,0.175263,0.197926,0.197926,0.0,0.017627,0.017627,True,False,False,0.0,False,False,36.909
400,20.0,0,alert,alert,0.932633,0.932633,0.00016,0.0,0.001008,0.066199,0.165401,0.934561,0.0,0.175798,0.197845,0.197845,0.0,0.017583,0.017583,True,False,False,0.0,False,False,45.742
401,20.05,0,alert,alert,0.940611,0.940611,0.000159,0.0,0.000944,0.058286,0.113928,0.942879,0.0,0.176064,0.197632,0.197632,0.0,0.017538,0.017538,True,False,False,0.0,False,False,37.174
402,20.1,0,alert,alert,0.947176,0.947176,0.000149,0.0,0.000908,0.051767,0.064266,0.949146,0.0,0.176007,0.197294,0.197294,0.0,0.017494,0.017494,True,False,False,0.0,False,False,36.98
403,20.15,0,alert,alert,0.938774,0.938774,0.000166,0.0,0.001014,0.060046,0.46418,0.851647,0.0,0.177316,0.1979,0.1979,0.0,0.017454,0.017454,True,False,False,0.0,False,False,36.628
404,20.2,0,alert,alert,0.938373,0.938373,0.00019,0.0,0.000997,0.060441,0.53319,0.806814,0.0,0.180119,0.19862,0.19862,0.0,0.017417,0.017417,True,False,False,0.0,False,False,36.983
405,20.25,0,alert,alert,0.910215,0.910215,0.000271,0.0,0.001195,0.088318,0.559051,0.805435,0.0,0.182445,0.199392,0.199392,0.0,0.017379,0.017379,True,False,False,0.0,False,False,46.108
406,20.3,0,alert,alert,0.669329,0.669329,0.000552,0.0,0.001357,0.328762,0.542046,0.827189,0.0,0.184721,0.200143,0.200143,0.0,0.017341,0.017341,True,False,False,0.0,False,False,37.028
407,20.35,0,alert,alert,0.755455,0.755455,0.000534,0.0,0.001326,0.242685,0.508424,0.862013,0.0,0.186858,0.200846,0.200846,0.0,0.017302,0.017302,True,False,False,0.0,False,False,37.283
408,20.4,0,alert,alert,0.80602,0.80602,0.000431,0.0,0.001403,0.192146,0.473487,0.886866,0.0,0.188218,0.201484,0.201484,0.0,0.017261,0.017261,True,False,False,0.0,False,False,37.448
409,20.45,0,alert,alert,0.888988,0.888988,0.000289,0.0,0.001343,0.109379,0.407934,0.90556,0.0,0.190678,0.201976,0.201976,0.0,0.01722,0.01722,True,False,False,0.0,False,False,36.998
410,20.5,0,alert,alert,0.94031,0.94031,0.000195,0.0,0.001424,0.058071,0.278457,0.928641,0.0,0.19184,0.202162,0.202162,0.0,0.017178,0.017178,True,False,False,0.0,False,False,45.707
411,20.55,0,alert,alert,0.955842,0.955842,0.000165,0.0,0.001453,0.042541,0.162876,0.942659,0.0,0.192442,0.202065,0.202065,0.0,0.017136,0.017136,True,False,False,0.0,False,False,36.871
412,20.6,0,alert,alert,0.965201,0.965201,0.000147,0.0,0.001315,0.033336,0.095059,0.948389,0.0,0.19271,0.2018,0.2018,0.0,0.017093,0.017093,True,False,False,0.0,False,False,36.677
413,20.65,0,alert,alert,0.967986,0.967986,0.000145,0.0,0.001419,0.030449,0.067462,0.952705,0.0,0.192072,0.201466,0.201466,0.0,0.017051,0.017051,True,False,False,0.0,False,False,36.735
414,20.7,0,alert,alert,0.964995,0.964995,0.00015,0.0,0.001852,0.033003,0.055962,0.95369,0.0,0.192736,0.201106,0.201106,0.0,0.017008,0.017008,True,False,False,0.0,False,False,37.1
415,20.75,0,alert,alert,0.953167,0.953167,0.000156,0.0,0.001928,0.044749,0.053125,0.951242,0.0,0.192742,0.200741,0.200741,0.0,0.016966,0.016966,True,False,False,0.0,False,False,45.794
416,20.8,0,alert,alert,0.958212,0.958212,0.000143,0.0,0.001865,0.039779,0.058735,0.949155,0.0,0.192762,0.200392,0.200392,0.0,0.016925,0.016925,True,False,False,0.0,False,False,37.121
417,20.85,0,alert,alert,0.963354,0.963354,0.000133,0.0,0.001675,0.034838,0.059528,0.949129,0.0,0.192811,0.200047,0.200047,0.0,0.016883,0.016883,True,False,False,0.0,False,False,37.324
418,20.9,0,alert,alert,0.961932,0.961932,0.000132,0.0,0.001522,0.036414,0.101978,0.941459,0.0,0.192354,0.199809,0.199809,0.0,0.016842,0.016842,True,False,False,0.0,False,False,37.281
419,20.95,0,alert,alert,0.950031,0.950031,0.000139,0.0,0.001431,0.048399,0.061132,0.948198,0.0,0.193106,0.199472,0.199472,0.0,0.016801,0.016801,True,False,False,0.0,False,False,36.966
420,21.0,0,alert,alert,0.943952,0.943952,0.000138,0.0,0.001235,0.054674,0.045486,0.952382,0.0,0.193081,0.199096,0.199096,0.0,0.01676,0.01676,True,False,False,0.0,False,False,45.953
421,21.05,0,alert,alert,0.941616,0.941616,0.000136,0.0,0.001135,0.057113,0.043096,0.951841,0.0,0.193081,0.198716,0.198716,0.0,0.01672,0.01672,True,False,False,0.0,False,False,37.085
422,21.1,0,alert,alert,0.94927,0.94927,0.000129,0.0,0.001059,0.049541,0.050034,0.95003,0.0,0.193098,0.198356,0.198356,0.0,0.016679,0.016679,True,False,False,0.0,False,False,36.833
423,21.15,0,alert,alert,0.910276,0.910276,0.000162,0.0,0.001105,0.088457,0.046219,0.950741,0.0,0.192351,0.197988,0.197988,0.0,0.016639,0.016639,True,False,False,0.933419,False,False,37.028
424,21.2,0,alert,alert,0.909835,0.909835,0.000164,0.0,0.000968,0.089034,0.044388,0.951154,0.0,0.19309,0.197618,0.197618,0.0,0.016599,0.016599,True,False,False,0.933419,False,False,36.507
425,21.25,0,alert,alert,0.830772,0.830772,0.000201,0.0,0.001007,0.168021,0.394783,0.895949,0.0,0.194799,0.198065,0.198065,0.0,0.016561,0.016561,True,False,False,0.918152,False,False,45.746
426,21.3,0,alert,alert,0.766108,0.766108,0.000217,0.0,0.000916,0.232759,0.482102,0.867798,0.0,0.196893,0.198688,0.198688,0.0,0.016525,0.016525,True,False,False,0.918152,False,False,36.99
427,21.35,0,alert,alert,0.65516,0.65516,0.000235,0.0,0.000878,0.343727,0.478925,0.868734,0.0,0.19898,0.199301,0.199301,0.0,0.016489,0.016489,True,False,False,0.0,False,False,37.488
428,21.4,0,alert,alert,0.518205,0.518205,0.000241,0.0,0.00076,0.480793,0.459549,0.888711,0.0,0.200221,0.199883,0.199883,0.0,0.016452,0.016452,True,False,False,0.0,False,False,37.773
429,21.45,0,alert,alert,0.536949,0.536949,0.000242,0.0,0.000681,0.462129,0.39275,0.913809,0.0,0.202676,0.200325,0.200325,0.0,0.016414,0.016414,True,False,False,0.0,False,False,37.182
430,21.5,0,alert,alert,0.636779,0.636779,0.00023,0.0,0.000641,0.362349,0.259738,0.933959,0.0,0.203748,0.200464,0.200464,0.0,0.016376,0.016376,True,False,False,0.0,False,False,46.587
431,21.55,0,alert,alert,0.77872,0.77872,0.000203,0.0,0.000624,0.220453,0.16089,0.942988,0.0,0.204349,0.200371,0.200371,0.0,0.016337,0.016337,True,False,False,0.52253,False,False,37.666
432,21.6,0,alert,alert,0.871966,0.871966,0.000174,0.0,0.000615,0.127244,0.13184,0.946074,0.0,0.204778,0.200209,0.200209,0.0,0.016299,0.016299,True,False,False,0.52253,False,False,37.912
433,21.65,0,alert,alert,0.88066,0.88066,0.000179,0.0,0.000667,0.118494,0.113928,0.949545,0.0,0.204315,0.200005,0.200005,0.0,0.01626,0.01626,True,False,False,0.660774,False,False,37.122
434,21.7,0,alert,alert,0.888946,0.888946,0.000175,0.0,0.000708,0.110171,0.09095,0.948449,0.0,0.205323,0.199749,0.199749,0.0,0.016222,0.016222,True,False,False,0.660774,False,False,38.758
435,21.75,0,alert,alert,0.872015,0.872015,0.00018,0.0,0.000719,0.127086,0.066544,0.950339,0.0,0.205434,0.199436,0.199436,0.0,0.016184,0.016184,True,False,False,0.65345,False,False,46.434
436,21.8,0,alert,alert,0.891685,0.891685,0.000163,0.0,0.000708,0.107444,0.153652,0.937428,0.0,0.206002,0.19933,0.19933,0.0,0.016146,0.016146,True,False,False,0.0,False,False,37.072
437,21.85,0,alert,alert,0.924462,0.924462,0.000144,0.0,0.000695,0.074698,0.089359,0.947774,0.0,0.206208,0.199073,0.199073,0.0,0.016109,0.016109,True,False,False,0.0,False,False,37.171
438,21.9,0,alert,alert,0.934893,0.934893,0.000132,0.0,0.000733,0.064243,0.085383,0.945401,0.0,0.205595,0.198809,0.198809,0.0,0.016071,0.016071,True,False,False,0.0,False,False,37.064
439,21.95,0,alert,alert,0.938855,0.938855,0.000125,0.0,0.000786,0.060235,0.153001,0.940084,0.0,0.206896,0.198704,0.198704,0.0,0.016034,0.016034,True,False,False,0.0,False,False,37.106
440,22.0,0,alert,alert,0.885678,0.885678,0.000157,0.0,0.000906,0.113259,0.465543,0.868926,0.0,0.208927,0.199271,0.199271,0.0,0.016,0.016,True,False,False,0.0,False,False,45.861
441,22.05,0,alert,alert,0.882371,0.882371,0.000165,0.0,0.000897,0.116567,0.530686,0.833511,0.0,0.21121,0.199945,0.199945,0.0,0.015968,0.015968,True,False,False,0.0,False,False,37.074
442,22.1,0,alert,alert,0.856249,0.856249,0.000198,0.0,0.000864,0.142689,0.530255,0.823011,0.0,0.213469,0.200607,0.200607,0.0,0.015936,0.015936,True,False,False,0.0,False,False,36.69
443,22.15,0,alert,alert,0.895719,0.895719,0.000174,0.0,0.000841,0.103265,0.532563,0.830291,0.0,0.214893,0.201277,0.201277,0.0,0.015903,0.015903,True,False,False,0.606799,False,False,36.737
444,22.2,0,alert,alert,0.906515,0.906515,0.000165,0.0,0.000868,0.092452,0.504621,0.859994,0.0,0.217784,0.20191,0.20191,0.0,0.01587,0.01587,True,False,False,0.0,False,False,36.731
445,22.25,0,alert,alert,0.919499,0.919499,0.000158,0.0,0.00083,0.079514,0.468536,0.886893,0.0,0.219789,0.202482,0.202482,0.0,0.015836,0.015836,True,False,False,0.0,False,False,45.695
446,22.3,0,alert,alert,0.900729,0.900729,0.000173,0.0,0.000833,0.098265,0.393243,0.905121,0.0,0.221433,0.202899,0.202899,0.0,0.015802,0.015802,True,False,False,1.0,False,False,36.974
447,22.35,0,alert,alert,0.889046,0.889046,0.000168,0.0,0.000876,0.109911,0.339579,0.919429,0.0,0.222764,0.203202,0.203202,0.0,0.015767,0.015767,True,False,False,1.0,False,False,36.707
448,22.4,0,alert,alert,0.929388,0.929388,0.000138,0.0,0.000826,0.069648,0.196705,0.943529,0.0,0.222631,0.203187,0.203187,0.0,0.015731,0.015731,True,False,False,0.0,False,False,36.8
449,22.45,0,alert,alert,0.94931,0.94931,0.000126,0.0,0.00079,0.049774,0.117392,0.951964,0.0,0.223803,0.202991,0.202991,0.0,0.015695,0.015695,True,False,False,0.0,False,False,36.836
450,22.5,0,alert,alert,0.825776,0.825776,0.000216,0.0,0.001008,0.173,0.45003,0.880495,0.0,0.225749,0.203512,0.203512,0.0,0.015662,0.015662,True,False,False,0.0,False,False,45.429
451,22.55,0,alert,alert,0.675676,0.675676,0.00031,0.0,0.000956,0.323058,0.525112,0.838265,0.0,0.228005,0.204156,0.204156,0.0,0.01563,0.01563,True,False,False,1.0,False,False,36.871
452,22.6,4,distraction,distracted,0.587762,0.411073,0.000404,0.0,0.000761,0.587762,0.55892,0.822159,0.0,0.230291,0.204852,0.204852,0.0,0.0156,0.0156,True,False,False,1.0,False,False,37.02
453,22.65,4,distraction,distracted,0.714765,0.284168,0.000465,0.0,0.000602,0.714765,0.573552,0.816464,0.0,0.231804,0.205568,0.205568,0.0,0.015569,0.015569,True,False,False,0.0,False,False,37.111
454,22.7,0,alert,alert,0.51438,0.51438,0.000469,0.0,0.000716,0.484434,0.494967,0.88102,0.0,0.234761,0.206173,0.206173,0.0,0.015537,0.015537,True,False,False,0.0,False,False,36.913
455,22.75,4,distraction,distracted,0.603187,0.395792,0.000417,0.0,0.000604,0.603187,0.392256,0.914789,0.0,0.236047,0.206577,0.206577,0.0,0.015503,0.015503,True,False,False,0.0,False,False,45.863
456,22.8,4,distraction,distracted,0.820326,0.17895,0.000324,0.0,0.000399,0.820326,0.252461,0.929427,0.0,0.236657,0.206678,0.206678,0.0,0.015469,0.015469,True,False,False,0.0,False,False,37.285
457,22.85,4,distraction,distracted,0.84826,0.151093,0.000301,0.0,0.000345,0.84826,0.111573,0.946846,0.0,0.236668,0.206465,0.206465,0.0,0.015435,0.015435,True,False,False,0.0,False,False,36.838
458,22.9,4,distraction,distracted,0.863751,0.135661,0.000282,0.0,0.000306,0.863751,0.064648,0.950064,0.0,0.235786,0.206148,0.206148,0.0,0.0154,0.0154,True,False,False,0.0,False,False,37.343
459,22.95,4,distraction,distracted,0.824582,0.174799,0.000291,0.0,0.000328,0.824582,0.046796,0.953369,0.0,0.236543,0.205791,0.205791,0.0,0.015366,0.015366,True,False,False,0.0,False,False,37.461
460,23.0,4,distraction,distracted,0.923999,0.075536,0.000228,0.0,0.000237,0.923999,0.109469,0.0,0.0,0.237469,0.205791,0.205791,0.0,0.015366,0.015366,True,False,False,0.0,False,False,43.389
461,23.05,4,distraction,distracted,0.950566,0.049027,0.000201,0.0,0.000205,0.950566,0.087221,0.937624,0.0,0.23741,0.205531,0.205531,0.0,0.015332,0.015332,True,False,False,0.0,False,False,38.031
462,23.1,4,distraction,distracted,0.967304,0.032334,0.000181,0.0,0.000181,0.967304,0.273608,0.917337,0.0,0.238188,0.205677,0.205677,0.0,0.015299,0.015299,True,False,False,0.0,False,False,37.615
463,23.15,4,distraction,distracted,0.962772,0.036834,0.000202,0.0,0.000192,0.962772,0.417664,0.89086,0.0,0.239057,0.206117,0.206117,0.0,0.015267,0.015267,True,False,False,0.0,False,False,37.316
464,23.2,4,distraction,distracted,0.906289,0.093176,0.000266,0.0,0.000269,0.906289,0.49615,0.853174,0.0,0.238984,0.206694,0.206694,0.0,0.015237,0.015237,True,False,False,0.0,False,False,38.079
465,23.25,4,distraction,distracted,0.871057,0.128366,0.000275,0.0,0.000302,0.871057,0.441189,0.899158,0.0,0.239457,0.207184,0.207184,0.0,0.015205,0.015205,True,False,False,0.0,False,False,46.437
466,23.3,4,distraction,distracted,0.839939,0.159455,0.000276,0.0,0.00033,0.839939,0.349171,0.914846,0.0,0.23996,0.207485,0.207485,0.0,0.015173,0.015173,True,False,False,0.0,False,False,38.453
467,23.35,4,distraction,distracted,0.645623,0.353568,0.000323,0.0,0.000486,0.645623,0.230047,0.934535,0.0,0.240417,0.207534,0.207534,0.0,0.01514,0.01514,True,False,False,0.0,False,False,37.29
468,23.4,4,distraction,distracted,0.595056,0.404107,0.000309,0.0,0.000527,0.595056,0.093155,0.950996,0.0,0.239656,0.207283,0.207283,0.0,0.015107,0.015107,True,False,False,0.0,False,False,37.142
469,23.45,4,distraction,distracted,0.549523,0.449607,0.000323,0.0,0.000547,0.549523,0.073547,0.953248,0.0,0.239341,0.206989,0.206989,0.0,0.015073,0.015073,True,False,False,0.0,False,False,36.83
470,23.5,0,alert,alert,0.507877,0.507877,0.000329,0.0,0.000583,0.491212,0.076071,0.950845,0.0,0.239025,0.206703,0.206703,0.0,0.015041,0.015041,True,False,False,0.0,False,False,45.928
471,23.55,0,alert,alert,0.696643,0.696643,0.000295,0.0,0.00068,0.302382,0.065991,0.950558,0.0,0.238941,0.206396,0.206396,0.0,0.015008,0.015008,True,False,False,0.0,False,False,37.287
472,23.6,0,alert,alert,0.765007,0.765007,0.00026,0.0,0.000713,0.234019,0.050956,0.952005,0.0,0.238869,0.206057,0.206057,0.0,0.014975,0.014975,True,False,False,0.0,False,False,37.24
473,23.65,0,alert,alert,0.735697,0.735697,0.000262,0.0,0.000716,0.263325,0.051748,0.949684,0.0,0.237904,0.205723,0.205723,0.0,0.014943,0.014943,True,False,False,0.0,False,False,36.67
474,23.7,0,alert,alert,0.784266,0.784266,0.000255,0.0,0.000685,0.214794,0.065416,0.944697,0.0,0.238587,0.20542,0.20542,0.0,0.01491,0.01491,True,False,False,0.0,False,False,36.81
475,23.75,0,alert,alert,0.874485,0.874485,0.000217,0.0,0.000673,0.124624,0.05485,0.948731,0.0,0.238309,0.205096,0.205096,0.0,0.014878,0.014878,True,False,False,0.0,False,False,45.928
476,23.8,0,alert,alert,0.914756,0.914756,0.000187,0.0,0.000716,0.08434,0.053443,0.948861,0.0,0.237853,0.204769,0.204769,0.0,0.014846,0.014846,True,False,False,0.0,False,False,37.575
477,23.85,0,alert,alert,0.891242,0.891242,0.000196,0.0,0.000821,0.107741,0.081312,0.939772,0.0,0.237694,0.204506,0.204506,0.0,0.014815,0.014815,True,False,False,0.0,False,False,37.06
478,23.9,0,alert,alert,0.911961,0.911961,0.000174,0.0,0.000861,0.087004,0.111021,0.934997,0.0,0.237051,0.204309,0.204309,0.0,0.014783,0.014783,True,False,False,0.0,False,False,37.15
479,23.95,0,alert,alert,0.922654,0.922654,0.000167,0.0,0.000931,0.076248,0.077387,0.942997,0.0,0.236657,0.204039,0.204039,0.0,0.014752,0.014752,True,False,False,1.0,False,False,37.083
480,24.0,0,alert,alert,0.929232,0.929232,0.00016,0.0,0.000981,0.069627,0.069668,0.945594,0.0,0.235329,0.203753,0.203753,0.0,0.01472,0.01472,True,False,False,0.0,False,False,45.826
481,24.05,0,alert,alert,0.940262,0.940262,0.000152,0.0,0.001063,0.058524,0.086398,0.942102,0.0,0.23361,0.203505,0.203505,0.0,0.014689,0.014689,True,False,False,0.0,False,False,37.122
482,24.1,0,alert,alert,0.948554,0.948554,0.000145,0.0,0.001161,0.050141,0.069587,0.94562,0.0,0.23217,0.203221,0.203221,0.0,0.014658,0.014658,True,False,False,0.0,False,False,36.958
483,24.15,0,alert,alert,0.953796,0.953796,0.000142,0.0,0.001185,0.044877,0.087137,0.942643,0.0,0.231429,0.202976,0.202976,0.0,0.014627,0.014627,True,False,False,0.0,False,False,37.013
484,24.2,0,alert,alert,0.951822,0.951822,0.000143,0.0,0.001256,0.046779,0.066991,0.94629,0.0,0.229454,0.202689,0.202689,0.0,0.014596,0.014596,True,False,False,0.0,False,False,37.061
485,24.25,0,alert,alert,0.952993,0.952993,0.000141,0.0,0.001275,0.045591,0.057553,0.948618,0.0,0.227492,0.202383,0.202383,0.0,0.014566,0.014566,True,False,False,0.0,False,False,46.495
486,24.3,0,alert,alert,0.94757,0.94757,0.000147,0.0,0.001335,0.050948,0.144531,0.930391,0.0,0.225873,0.202263,0.202263,0.0,0.014535,0.014535,True,False,False,0.519897,False,False,37.387
487,24.35,0,alert,alert,0.945446,0.945446,0.000148,0.0,0.001385,0.053022,0.440902,0.872464,0.0,0.225736,0.202725,0.202725,0.0,0.014507,0.014507,True,False,False,0.0,False,False,37.026
488,24.4,0,alert,alert,0.945294,0.945294,0.000154,0.0,0.001406,0.053146,0.513847,0.838119,0.0,0.227046,0.203302,0.203302,0.0,0.01448,0.01448,True,False,False,0.0,False,False,37.321
489,24.45,0,alert,alert,0.951833,0.951833,0.00015,0.0,0.00143,0.046586,0.513085,0.845434,0.0,0.226842,0.203881,0.203881,0.0,0.014453,0.014453,True,False,False,0.0,False,False,37.135
490,24.5,0,alert,alert,0.95309,0.95309,0.00015,0.0,0.001555,0.045205,0.498978,0.866669,0.0,0.228294,0.204445,0.204445,0.0,0.014426,0.014426,True,False,False,0.0,False,False,45.987
491,24.55,0,alert,alert,0.956829,0.956829,0.00015,0.0,0.002044,0.040977,0.461414,0.892558,0.0,0.229656,0.204949,0.204949,0.0,0.014397,0.014397,True,False,False,0.0,False,False,37.317
492,24.6,0,alert,alert,0.956676,0.956676,0.00015,0.0,0.002723,0.040451,0.413474,0.907606,0.0,0.231279,0.205365,0.205365,0.0,0.014369,0.014369,True,False,False,0.0,False,False,37.13
493,24.65,0,alert,alert,0.958799,0.958799,0.000148,0.0,0.003267,0.037786,0.332981,0.922365,0.0,0.231788,0.205623,0.205623,0.0,0.01434,0.01434,True,False,False,0.0,False,False,37.221
494,24.7,0,alert,alert,0.956203,0.956203,0.000147,0.0,0.003806,0.039844,0.373348,0.909499,0.0,0.232384,0.205957,0.205957,0.0,0.014311,0.014311,True,False,False,0.0,False,False,37.01
495,24.75,0,alert,alert,0.952789,0.952789,0.000156,0.0,0.005162,0.041893,0.270825,0.926592,0.0,0.232996,0.206088,0.206088,0.0,0.014282,0.014282,True,False,False,0.0,False,False,45.997
496,24.8,0,alert,alert,0.955997,0.955997,0.00015,0.0,0.005651,0.038202,0.149799,0.939499,0.0,0.233247,0.205973,0.205973,0.0,0.014253,0.014253,True,False,False,0.0,False,False,37.268
497,24.85,0,alert,alert,0.958293,0.958293,0.000142,0.0,0.005359,0.036205,0.127736,0.942934,0.0,0.233442,0.205812,0.205812,0.0,0.014224,0.014224,True,False,False,0.0,False,False,37.285
498,24.9,0,alert,alert,0.95789,0.95789,0.000139,0.0,0.005019,0.036952,0.117013,0.945122,0.0,0.232844,0.20563,0.20563,0.0,0.014195,0.014195,True,False,False,0.0,False,False,37.246
499,24.95,0,alert,alert,0.956218,0.956218,0.000141,0.0,0.005078,0.038564,0.102238,0.946925,0.0,0.233772,0.205418,0.205418,0.0,0.014166,0.014166,True,False,False,0.0,False,False,37.111
500,25.0,0,alert,alert,0.954555,0.954555,0.000137,0.0,0.004062,0.041245,0.099567,0.944921,0.0,0.233898,0.205202,0.205202,0.0,0.014137,0.014137,True,False,False,0.0,False,False,46.293
501,25.05,0,alert,alert,0.958015,0.958015,0.000132,0.0,0.003708,0.038144,0.090244,0.94749,0.0,0.233782,0.204967,0.204967,0.0,0.014108,0.014108,True,False,False,0.0,False,False,37.261
502,25.1,0,alert,alert,0.965279,0.965279,0.000123,0.0,0.003114,0.031484,0.07323,0.949362,0.0,0.233438,0.204698,0.204698,0.0,0.014079,0.014079,True,False,False,0.0,False,False,37.272
503,25.15,0,alert,alert,0.966725,0.966725,0.00012,0.0,0.002765,0.03039,0.074792,0.946848,0.0,0.232621,0.204434,0.204434,0.0,0.01405,0.01405,True,False,False,0.0,False,False,37.143
504,25.2,0,alert,alert,0.968977,0.968977,0.000117,0.0,0.002545,0.02836,0.080722,0.943571,0.0,0.233151,0.204184,0.204184,0.0,0.014022,0.014022,True,False,False,0.0,False,False,37.511
505,25.25,0,alert,alert,0.970791,0.970791,0.000117,0.0,0.0022,0.026893,0.081281,0.942682,0.0,0.232807,0.203936,0.203936,0.0,0.013994,0.013994,True,False,False,0.0,False,False,46.148
506,25.3,0,alert,alert,0.972952,0.972952,0.000116,0.0,0.00206,0.024872,0.093953,0.942493,0.0,0.232817,0.203715,0.203715,0.0,0.013965,0.013965,True,False,False,0.0,False,False,37.432
507,25.35,0,alert,alert,0.969413,0.969413,0.00012,0.0,0.002123,0.028344,0.384758,0.887069,0.0,0.233419,0.204057,0.204057,0.0,0.013939,0.013939,True,False,False,0.0,False,False,37.884
508,25.4,0,alert,alert,0.96301,0.96301,0.000131,0.0,0.002423,0.034436,0.496325,0.83803,0.0,0.234617,0.204578,0.204578,0.0,0.013914,0.013914,True,False,False,0.0,False,False,37.455
509,25.45,0,alert,alert,0.961231,0.961231,0.000134,0.0,0.002179,0.036455,0.526466,0.831285,0.0,0.237121,0.205146,0.205146,0.0,0.01389,0.01389,True,False,False,0.0,False,False,37.625
510,25.5,0,alert,alert,0.964462,0.964462,0.000127,0.0,0.002162,0.033249,0.51467,0.84395,0.0,0.239165,0.205699,0.205699,0.0,0.013865,0.013865,True,False,False,0.0,False,False,46.356
511,25.55,0,alert,alert,0.96828,0.96828,0.000125,0.0,0.002321,0.029273,0.486148,0.870052,0.0,0.241102,0.206216,0.206216,0.0,0.013839,0.013839,True,False,False,0.0,False,False,37.54
512,25.6,0,alert,alert,0.968039,0.968039,0.00013,0.0,0.002927,0.028905,0.433886,0.896648,0.0,0.242828,0.206647,0.206647,0.0,0.013813,0.013813,True,False,False,0.0,False,False,37.115
513,25.65,0,alert,alert,0.964652,0.964652,0.000135,0.0,0.003832,0.031381,0.428554,0.89371,0.0,0.243733,0.207064,0.207064,0.0,0.013787,0.013787,True,False,False,0.0,False,False,37.084
514,25.7,0,alert,alert,0.955518,0.955518,0.00015,0.0,0.004255,0.040077,0.456038,0.877071,0.0,0.246013,0.207524,0.207524,0.0,0.013762,0.013762,True,False,False,0.0,False,False,36.938
515,25.75,0,alert,alert,0.928974,0.928974,0.000177,0.0,0.004416,0.066434,0.443736,0.883952,0.0,0.247271,0.207962,0.207962,0.0,0.013736,0.013736,True,False,False,0.0,False,False,46.201
516,25.8,0,alert,alert,0.860695,0.860695,0.000211,0.0,0.002775,0.136319,0.381173,0.906391,0.0,0.24799,0.208291,0.208291,0.0,0.01371,0.01371,True,False,False,0.0,False,False,37.292
517,25.85,0,alert,alert,0.620091,0.620091,0.000273,0.0,0.001618,0.378018,0.283665,0.924657,0.0,0.247171,0.208437,0.208437,0.0,0.013683,0.013683,True,False,False,0.0,False,False,37.156
518,25.9,0,alert,alert,0.722382,0.722382,0.000229,0.0,0.001194,0.276195,0.253738,0.936418,0.0,0.247204,0.208525,0.208525,0.0,0.013657,0.013657,True,False,False,0.0,False,False,36.945
519,25.95,0,alert,alert,0.851987,0.851987,0.000179,0.0,0.001121,0.146714,0.320655,0.924736,0.0,0.245197,0.208741,0.208741,0.0,0.01363,0.01363,True,False,False,0.0,False,False,36.84
520,26.0,0,alert,alert,0.841693,0.841693,0.000172,0.0,0.001243,0.156892,0.349275,0.922539,0.0,0.244829,0.209011,0.209011,0.0,0.013604,0.013604,True,False,False,0.0,False,False,46.024
521,26.05,0,alert,alert,0.883867,0.883867,0.000155,0.0,0.001385,0.114593,0.274993,0.933629,0.0,0.244847,0.209139,0.209139,0.0,0.013578,0.013578,True,False,False,0.0,False,False,37.023
522,26.1,0,alert,alert,0.890114,0.890114,0.000147,0.0,0.001486,0.108253,0.215813,0.940129,0.0,0.245348,0.209152,0.209152,0.0,0.013551,0.013551,True,False,False,0.0,False,False,36.98
523,26.15,0,alert,alert,0.918669,0.918669,0.000131,0.0,0.001512,0.079687,0.165569,0.94549,0.0,0.245851,0.209067,0.209067,0.0,0.013525,0.013525,True,False,False,1.0,False,False,36.878
524,26.2,0,alert,alert,0.910704,0.910704,0.000138,0.0,0.001915,0.087243,0.231556,0.933809,0.0,0.246804,0.20911,0.20911,0.0,0.013499,0.013499,True,False,False,1.0,False,False,36.658
525,26.25,0,alert,alert,0.907419,0.907419,0.000142,0.0,0.002271,0.090168,0.232025,0.934187,0.0,0.24781,0.209154,0.209154,0.0,0.013473,0.013473,True,False,False,1.0,False,False,45.799
526,26.3,0,alert,alert,0.896822,0.896822,0.000153,0.0,0.002624,0.1004,0.154339,0.944718,0.0,0.248282,0.209048,0.209048,0.0,0.013447,0.013447,True,False,False,1.0,False,False,37.191
527,26.35,0,alert,alert,0.916821,0.916821,0.000149,0.0,0.00319,0.079841,0.108798,0.951015,0.0,0.248388,0.208852,0.208852,0.0,0.013421,0.013421,True,False,False,1.0,False,False,37.13
528,26.4,0,alert,alert,0.931026,0.931026,0.000141,0.0,0.003058,0.065775,0.070218,0.953057,0.0,0.248147,0.208582,0.208582,0.0,0.013394,0.013394,True,False,False,1.0,False,False,36.962
529,26.45,0,alert,alert,0.881755,0.881755,0.000172,0.0,0.003641,0.114433,0.04829,0.953983,0.0,0.246349,0.208269,0.208269,0.0,0.013368,0.013368,True,False,False,1.0,False,False,37.908
530,26.5,0,alert,alert,0.830501,0.830501,0.000192,0.0,0.00397,0.165337,0.041224,0.953794,0.0,0.245114,0.207944,0.207944,0.0,0.013342,0.013342,True,False,False,1.0,False,False,46.633
531,26.55,0,alert,alert,0.812126,0.812126,0.000189,0.0,0.003694,0.183991,0.038789,0.953418,0.0,0.243274,0.207616,0.207616,0.0,0.013316,0.013316,True,False,False,1.0,False,False,38.036
532,26.6,0,alert,alert,0.859322,0.859322,0.000168,0.0,0.003281,0.137229,0.039772,0.95315,0.0,0.241647,0.207291,0.207291,0.0,0.013291,0.013291,True,False,False,1.0,False,False,37.756
533,26.65,0,alert,alert,0.883032,0.883032,0.000157,0.0,0.002565,0.114247,0.044092,0.951358,0.0,0.240494,0.206976,0.206976,0.0,0.013265,0.013265,True,False,False,1.0,False,False,37.427
534,26.7,0,alert,alert,0.881552,0.881552,0.000156,0.0,0.00261,0.115682,0.043305,0.950731,0.0,0.24004,0.206661,0.206661,0.0,0.013239,0.013239,True,False,False,1.0,False,False,37.219
535,26.75,0,alert,alert,0.890601,0.890601,0.000152,0.0,0.002774,0.106473,0.040963,0.951695,0.0,0.239759,0.206343,0.206343,0.0,0.013214,0.013214,True,False,False,1.0,False,False,46.42
536,26.8,0,alert,alert,0.925211,0.925211,0.000138,0.0,0.002774,0.071877,0.041042,0.951834,0.0,0.239662,0.206026,0.206026,0.0,0.013189,0.013189,True,False,False,1.0,False,False,37.3
537,26.85,0,alert,alert,0.941415,0.941415,0.000132,0.0,0.002927,0.055526,0.043126,0.950892,0.0,0.239635,0.205714,0.205714,0.0,0.013163,0.013163,True,False,False,1.0,False,False,36.822
538,26.9,0,alert,alert,0.938252,0.938252,0.000141,0.0,0.003769,0.057838,0.044421,0.950685,0.0,0.239622,0.205406,0.205406,0.0,0.013138,0.013138,True,False,False,1.0,False,False,36.977
539,26.95,0,alert,alert,0.928065,0.928065,0.000153,0.0,0.004851,0.06693,0.050856,0.94996,0.0,0.239591,0.205112,0.205112,0.0,0.013113,0.013113,True,False,False,1.0,False,False,37.116
540,27.0,0,alert,alert,0.899571,0.899571,0.000171,0.0,0.005718,0.09454,0.088316,0.944333,0.0,0.239761,0.204891,0.204891,0.0,0.013088,0.013088,True,False,False,1.0,False,False,46.122
541,27.05,0,alert,alert,0.849364,0.849364,0.000185,0.0,0.005118,0.145334,0.180561,0.928032,0.0,0.240397,0.204846,0.204846,0.0,0.013064,0.013064,True,False,False,1.0,False,False,37.186
542,27.1,0,alert,alert,0.855734,0.855734,0.00018,0.0,0.004271,0.139815,0.135505,0.938197,0.0,0.240792,0.204716,0.204716,0.0,0.01304,0.01304,True,False,False,0.0,False,False,36.862
543,27.15,0,alert,alert,0.875903,0.875903,0.000176,0.0,0.004078,0.119843,0.121977,0.945418,0.0,0.241109,0.204561,0.204561,0.0,0.013015,0.013015,True,False,False,0.0,False,False,36.784
544,27.2,0,alert,alert,0.889086,0.889086,0.000172,0.0,0.00376,0.106982,0.08648,0.948843,0.0,0.241221,0.204338,0.204338,0.0,0.012991,0.012991,True,False,False,0.0,False,False,37.017
545,27.25,0,alert,alert,0.90658,0.90658,0.00016,0.0,0.003104,0.090156,0.259409,0.922727,0.0,0.242217,0.204439,0.204439,0.0,0.012967,0.012967,True,False,False,1.0,False,False,45.583
546,27.3,0,alert,alert,0.904992,0.904992,0.000157,0.0,0.002301,0.09255,0.429121,0.890718,0.0,0.244117,0.204835,0.204835,0.0,0.012944,0.012944,True,False,False,1.0,False,False,37.183
547,27.35,0,alert,alert,0.833752,0.833752,0.000196,0.0,0.002034,0.164019,0.421946,0.901958,0.0,0.246022,0.205222,0.205222,0.0,0.012921,0.012921,True,False,False,0.0,False,False,37.061
548,27.4,0,alert,alert,0.802974,0.802974,0.00021,0.0,0.0016,0.195216,0.406281,0.905443,0.0,0.247867,0.205581,0.205581,0.0,0.012898,0.012898,True,False,False,0.0,False,False,37.03
549,27.45,0,alert,alert,0.649956,0.649956,0.00024,0.0,0.001358,0.348446,0.461785,0.87754,0.0,0.249954,0.206023,0.206023,0.0,0.012876,0.012876,True,False,False,0.0,False,False,36.985
550,27.5,0,alert,alert,0.612791,0.612791,0.000246,0.0,0.001123,0.38584,0.480745,0.868329,0.0,0.252114,0.206492,0.206492,0.0,0.012854,0.012854,True,False,False,0.0,False,False,45.904
551,27.55,0,alert,alert,0.639369,0.639369,0.000245,0.0,0.001143,0.359243,0.475649,0.877239,0.0,0.253811,0.206955,0.206955,0.0,0.012832,0.012832,True,False,False,0.0,False,False,37.146
552,27.6,4,distraction,distracted,0.51423,0.484398,0.000251,0.0,0.001121,0.51423,0.466044,0.890664,0.0,0.255432,0.207407,0.207407,0.0,0.012809,0.012809,True,False,False,0.0,False,False,37.021
553,27.65,4,distraction,distracted,0.836076,0.163062,0.000226,0.0,0.000637,0.836076,0.524123,0.853114,0.0,0.257042,0.207935,0.207935,0.0,0.012788,0.012788,True,False,False,0.0,False,False,36.813
554,27.7,4,distraction,distracted,0.936926,0.062531,0.000188,0.0,0.000355,0.936926,0.57582,0.837265,0.0,0.259172,0.208536,0.208536,0.0,0.012767,0.012767,True,False,False,0.0,False,False,36.926
555,27.75,4,distraction,distracted,0.905629,0.093742,0.000226,0.0,0.000404,0.905629,0.605976,0.844288,0.0,0.261143,0.20919,0.20919,0.0,0.012746,0.012746,True,False,False,0.0,False,False,46.11
556,27.8,4,distraction,distracted,0.872487,0.12679,0.000256,0.0,0.000467,0.872487,0.613352,0.849945,0.0,0.263484,0.209858,0.209858,0.0,0.012725,0.012725,True,False,False,0.0,False,False,37.812
557,27.85,4,distraction,distracted,0.893527,0.105811,0.000244,0.0,0.000418,0.893527,0.638685,0.84247,0.0,0.266077,0.210559,0.210559,0.0,0.012704,0.012704,True,False,False,0.0,False,False,37.791
558,27.9,4,distraction,distracted,0.934845,0.064595,0.000222,0.0,0.000338,0.934845,0.652394,0.840842,0.0,0.268633,0.211279,0.211279,0.0,0.012683,0.012683,True,False,False,0.0,False,False,37.918
559,27.95,4,distraction,distracted,0.950858,0.048643,0.000204,0.0,0.000296,0.950858,0.563475,0.851234,0.0,0.270415,0.21186,0.21186,0.0,0.012663,0.012663,True,False,False,0.0,False,False,37.883
560,28.0,4,distraction,distracted,0.929983,0.069444,0.000235,0.0,0.000338,0.929983,0.564357,0.855026,0.0,0.270857,0.212442,0.212442,0.0,0.012642,0.012642,True,False,False,0.0,False,False,46.61
561,28.05,4,distraction,distracted,0.957763,0.041788,0.000197,0.0,0.000251,0.957763,0.527088,0.867597,0.0,0.270917,0.212969,0.212969,0.0,0.01262,0.01262,True,False,False,0.0,False,False,37.719
562,28.1,4,distraction,distracted,0.941312,0.058165,0.000228,0.0,0.000295,0.941312,0.482426,0.891654,0.0,0.270721,0.213431,0.213431,0.0,0.012599,0.012599,True,False,False,0.0,False,False,38.333
563,28.15,4,distraction,distracted,0.927853,0.071606,0.00023,0.0,0.000312,0.927853,0.437691,0.905976,0.0,0.270376,0.213822,0.213822,0.0,0.012577,0.012577,True,False,False,0.0,False,False,37.813
564,28.2,4,distraction,distracted,0.882915,0.116459,0.000253,0.0,0.000373,0.882915,0.348387,0.924643,0.0,0.269696,0.214061,0.214061,0.025777,0.02155,0.02155,True,False,False,0.0,False,False,38.739
565,28.25,4,distraction,distracted,0.9398,0.059738,0.000197,0.0,0.000265,0.9398,0.342801,0.921746,0.0,0.269008,0.214288,0.214288,0.027508,0.022117,0.022117,True,False,False,0.0,False,False,46.601
566,28.3,4,distraction,distracted,0.947842,0.051733,0.000186,0.0,0.000239,0.947842,0.328095,0.922872,0.0,0.268287,0.214489,0.214489,0.029166,0.022657,0.022657,True,False,False,0.0,False,False,37.425
567,28.35,4,distraction,distracted,0.958157,0.041459,0.000174,0.0,0.00021,0.958157,0.450641,0.888839,0.0,0.26828,0.214889,0.214889,0.031367,0.023383,0.023383,True,False,False,0.0,False,False,37.242
568,28.4,4,distraction,distracted,0.955537,0.044051,0.000184,0.0,0.000228,0.955537,0.516056,0.852736,0.0,0.268523,0.215379,0.215379,0.03379,0.024184,0.024184,True,False,False,0.0,False,False,36.731
569,28.45,4,distraction,distracted,0.920043,0.079435,0.000211,0.0,0.000311,0.920043,0.495845,0.87728,0.0,0.268533,0.215847,0.215847,0.036177,0.024971,0.024971,True,False,False,0.0,False,False,36.988
570,28.5,4,distraction,distracted,0.851225,0.148135,0.000237,0.0,0.000403,0.851225,0.500623,0.857729,0.0,0.268375,0.216311,0.216311,0.038534,0.025746,0.025746,True,False,False,0.0,False,False,46.078
571,28.55,4,distraction,distracted,0.891628,0.107827,0.000206,0.0,0.000339,0.891628,0.455081,0.894055,0.0,0.267818,0.216716,0.216716,0.040759,0.026474,0.026474,True,False,False,0.0,False,False,37.091
572,28.6,4,distraction,distracted,0.826961,0.172389,0.000237,0.0,0.000414,0.826961,0.355683,0.915276,0.0,0.266684,0.216957,0.216957,0.042535,0.027045,0.027045,True,False,False,0.0,False,False,37.16
573,28.65,4,distraction,distracted,0.873378,0.12606,0.000213,0.0,0.00035,0.873378,0.205939,0.937572,0.0,0.265157,0.216937,0.216937,0.042524,0.026997,0.026997,True,False,False,0.0,False,False,37.0
574,28.7,4,distraction,distracted,0.907475,0.092026,0.000194,0.0,0.000306,0.907475,0.237497,0.93893,0.0,0.264023,0.216973,0.216973,0.042515,0.026949,0.026949,True,False,False,0.0,False,False,36.715
575,28.75,4,distraction,distracted,0.944108,0.055482,0.000173,0.0,0.000237,0.944108,0.113253,0.953724,0.0,0.262554,0.216787,0.216787,0.042508,0.026901,0.026901,True,False,False,0.0,False,False,45.47
576,28.8,4,distraction,distracted,0.865847,0.133559,0.000239,0.0,0.000354,0.865847,0.07661,0.956122,0.0,0.261418,0.216535,0.216535,0.042503,0.026852,0.026852,True,False,False,0.0,False,False,37.106
577,28.85,4,distraction,distracted,0.881856,0.117594,0.000231,0.0,0.000319,0.881856,0.281809,0.929813,0.0,0.261527,0.216649,0.216649,0.042504,0.026805,0.026805,True,False,False,0.265381,False,False,37.293
578,28.9,4,distraction,distracted,0.919351,0.080164,0.000216,0.0,0.000269,0.919351,0.408373,0.914356,0.0,0.262618,0.216977,0.216977,0.04251,0.026759,0.026759,True,False,False,0.265381,False,False,36.958
579,28.95,4,distraction,distracted,0.861606,0.137774,0.000264,0.0,0.000355,0.861606,0.384998,0.92396,0.0,0.263466,0.217268,0.217268,0.042513,0.026713,0.026713,True,False,False,0.318481,False,False,37.193
580,29.0,4,distraction,distracted,0.857907,0.14148,0.000253,0.0,0.000361,0.857907,0.26292,0.938606,0.0,0.263825,0.217348,0.217348,0.042513,0.026666,0.026666,True,False,False,0.347778,False,False,45.853
581,29.05,4,distraction,distracted,0.777506,0.221754,0.00028,0.0,0.000461,0.777506,0.17642,0.94655,0.0,0.263608,0.217276,0.217276,0.04251,0.026619,0.026619,True,False,False,0.347778,False,False,37.221
582,29.1,4,distraction,distracted,0.549933,0.449104,0.000298,0.0,0.000664,0.549933,0.085805,0.95437,0.0,0.262339,0.217042,0.217042,0.042499,0.026572,0.026572,True,False,False,0.0,False,False,37.19
583,29.15,4,distraction,distracted,0.702557,0.296591,0.000281,0.0,0.000571,0.702557,0.394188,0.898861,0.0,0.26251,0.217338,0.217338,0.042501,0.026528,0.026528,True,False,False,0.0,False,False,37.268
584,29.2,4,distraction,distracted,0.770372,0.228849,0.000284,0.0,0.000495,0.770372,0.512717,0.868086,0.0,0.263359,0.217813,0.217813,0.042513,0.026485,0.026485,True,False,False,0.0,False,False,37.007
585,29.25,4,distraction,distracted,0.894566,0.104845,0.000247,0.0,0.000341,0.894566,0.567733,0.856745,0.0,0.26409,0.218368,0.218368,0.042525,0.026443,0.026443,True,False,False,0.0,False,False,45.748
586,29.3,4,distraction,distracted,0.858795,0.140526,0.000293,0.0,0.000387,0.858795,0.559208,0.86263,0.0,0.264744,0.218911,0.218911,0.042535,0.026401,0.026401,True,False,False,0.0,False,False,37.288
587,29.35,4,distraction,distracted,0.805191,0.194022,0.000329,0.0,0.000458,0.805191,0.549803,0.865261,0.0,0.265384,0.21944,0.21944,0.042546,0.026359,0.026359,True,False,False,0.0,False,False,36.905
588,29.4,4,distraction,distracted,0.795981,0.20322,0.000336,0.0,0.000463,0.795981,0.517058,0.870552,0.0,0.265675,0.219917,0.219917,0.042552,0.026316,0.026316,True,False,False,0.0,False,False,37.512
589,29.45,4,distraction,distracted,0.819975,0.17927,0.00033,0.0,0.000426,0.819975,0.509373,0.864298,0.0,0.266079,0.220377,0.220377,0.042562,0.026275,0.026275,True,False,False,0.0,False,False,37.167
590,29.5,4,distraction,distracted,0.871837,0.127498,0.000308,0.0,0.000357,0.871837,0.516681,0.851321,0.0,0.266762,0.22084,0.22084,0.042577,0.026234,0.026234,True,False,False,0.0,False,False,45.911
591,29.55,4,distraction,distracted,0.912658,0.086744,0.000299,0.0,0.000299,0.912658,0.504791,0.858533,0.0,0.26745,0.221287,0.221287,0.042593,0.026192,0.026192,True,False,False,0.0,False,False,36.938
592,29.6,4,distraction,distracted,0.928824,0.070601,0.000299,0.0,0.000275,0.928824,0.502996,0.862027,0.0,0.268527,0.221732,0.221732,0.04261,0.026151,0.026151,True,False,False,0.0,False,False,36.919
593,29.65,4,distraction,distracted,0.913661,0.085728,0.000317,0.0,0.000295,0.913661,0.458707,0.894478,0.0,0.269296,0.222119,0.222119,0.042619,0.026108,0.026108,True,False,False,0.0,False,False,37.069
594,29.7,4,distraction,distracted,0.859579,0.139705,0.000345,0.0,0.000371,0.859579,0.409489,0.908467,0.0,0.269492,0.22243,0.22243,0.042622,0.026065,0.026065,True,False,False,0.0,False,False,36.939
595,29.75,4,distraction,distracted,0.757682,0.241449,0.000377,0.0,0.000492,0.757682,0.419353,0.903733,0.0,0.270551,0.222754,0.222754,0.042632,0.026022,0.026022,True,False,False,0.0,False,False,45.864
596,29.8,4,distraction,distracted,0.84369,0.155571,0.000335,0.0,0.000404,0.84369,0.471213,0.888399,0.0,0.27235,0.223155,0.223155,0.042646,0.02598,0.02598,True,False,False,0.0,False,False,36.873
597,29.85,4,distraction,distracted,0.866096,0.133184,0.000337,0.0,0.000382,0.866096,0.484775,0.885234,0.0,0.274469,0.223576,0.223576,0.042662,0.025938,0.025938,True,False,False,0.0,False,False,37.23
598,29.9,4,distraction,distracted,0.923232,0.076182,0.000287,0.0,0.000298,0.923232,0.469049,0.89409,0.0,0.276615,0.223973,0.223973,0.042676,0.025896,0.025896,True,False,False,0.0,False,False,37.682
599,29.95,4,distraction,distracted,0.950706,0.048785,0.000254,0.0,0.000255,0.950706,0.486337,0.876929,0.0,0.278538,0.22439,0.22439,0.042691,0.025855,0.025855,True,True,False,0.0,False,False,37.085
600,30.0,4,distraction,distracted,0.951539,0.047956,0.00025,0.0,0.000256,0.951539,0.414654,0.912103,0.0,0.279806,0.224477,0.224703,0.042696,0.025846,0.025813,True,True,False,0.0,False,False,46.524
601,30.05,4,distraction,distracted,0.963563,0.035986,0.000225,0.0,0.000227,0.963563,0.453451,0.891333,0.0,0.281522,0.224609,0.225071,0.042709,0.025843,0.025771,True,True,False,0.0,False,False,37.44
602,30.1,4,distraction,distracted,0.953636,0.045872,0.000249,0.0,0.000243,0.953636,0.431198,0.9041,0.0,0.283406,0.224709,0.225407,0.042719,0.025842,0.025729,True,True,False,0.0,False,False,37.39
603,30.15,4,distraction,distracted,0.920313,0.079092,0.000293,0.0,0.000302,0.920313,0.366568,0.922786,0.0,0.28298,0.224945,0.225641,0.042702,0.025799,0.025686,True,True,False,0.0,False,False,36.728
604,30.2,4,distraction,distracted,0.923229,0.076212,0.000268,0.0,0.000292,0.923229,0.239985,0.942049,0.0,0.281645,0.224898,0.225665,0.042671,0.025797,0.025643,True,True,False,0.0,False,False,37.199
605,30.25,4,distraction,distracted,0.927265,0.072211,0.000248,0.0,0.000276,0.927265,0.173322,0.948885,0.0,0.279849,0.224962,0.225576,0.042637,0.025841,0.025599,True,True,False,0.301086,False,False,45.792
606,30.3,4,distraction,distracted,0.88536,0.114026,0.000281,0.0,0.000333,0.88536,0.14011,0.948995,0.0,0.277926,0.224821,0.225431,0.042608,0.02584,0.025556,True,True,False,0.178406,False,False,37.091
607,30.35,4,distraction,distracted,0.793993,0.205255,0.000316,0.0,0.000436,0.793993,0.172101,0.943414,0.0,0.276284,0.224721,0.225341,0.042589,0.02584,0.025513,True,True,False,0.0,False,False,37.101
608,30.4,4,distraction,distracted,0.609632,0.389392,0.000334,0.0,0.000642,0.609632,0.101377,0.950283,0.0,0.274409,0.22451,0.225131,0.042574,0.025795,0.02547,True,True,False,0.0,False,False,36.991
609,30.45,4,distraction,distracted,0.557115,0.441886,0.000306,0.0,0.000693,0.557115,0.091114,0.949603,0.0,0.272787,0.224404,0.224905,0.042564,0.025795,0.025427,True,True,False,0.0,False,False,36.93
610,30.5,0,alert,alert,0.578753,0.578753,0.000283,0.0,0.000856,0.420108,0.065923,0.950583,0.0,0.271678,0.224597,0.224636,0.042559,0.025839,0.025384,True,True,False,0.0,False,False,45.716
611,30.55,0,alert,alert,0.712993,0.712993,0.000254,0.0,0.00104,0.285712,0.057829,0.951674,0.0,0.271123,0.224614,0.224355,0.042557,0.025839,0.025341,True,True,False,0.0,False,False,37.187
612,30.6,0,alert,alert,0.69236,0.69236,0.000243,0.0,0.001103,0.306294,0.074246,0.946623,0.0,0.271016,0.224672,0.224103,0.042557,0.02584,0.025298,True,True,False,0.0,False,False,37.171
613,30.65,0,alert,alert,0.542541,0.542541,0.000262,0.0,0.00101,0.456188,0.092042,0.944315,0.0,0.271153,0.224446,0.223883,0.042559,0.025796,0.025256,True,True,False,0.0,False,False,37.257
614,30.7,0,alert,alert,0.50615,0.50615,0.000259,0.0,0.001012,0.492579,0.084447,0.949302,0.0,0.271307,0.224526,0.223649,0.04256,0.025796,0.025214,True,True,False,0.098755,False,False,37.122
615,30.75,0,alert,alert,0.593809,0.593809,0.00025,0.0,0.001077,0.404864,0.072344,0.950564,0.0,0.271408,0.224893,0.223396,0.04256,0.02584,0.025172,True,True,False,0.098755,False,False,45.859
616,30.8,0,alert,alert,0.671589,0.671589,0.000239,0.0,0.001246,0.326926,0.188387,0.934667,0.0,0.272091,0.225143,0.223338,0.042564,0.025841,0.02513,True,True,False,0.098755,False,False,36.852
617,30.85,4,distraction,distracted,0.538497,0.460093,0.000261,0.0,0.001149,0.538497,0.477731,0.868153,0.0,0.274182,0.225857,0.223726,0.042583,0.025845,0.025092,True,True,False,0.0,False,False,36.988
618,30.9,4,distraction,distracted,0.732026,0.266835,0.000313,0.0,0.000826,0.732026,0.552446,0.852139,0.0,0.276379,0.22636,0.224217,0.042604,0.025805,0.025054,True,True,False,0.0,False,False,37.089
619,30.95,4,distraction,distracted,0.916455,0.082841,0.00031,0.0,0.000393,0.916455,0.639928,0.8593,0.0,0.279222,0.22732,0.224843,0.042625,0.02581,0.025017,True,True,False,0.0,False,False,37.027
620,31.0,4,distraction,distracted,0.94122,0.058015,0.00042,0.0,0.000345,0.94122,0.73034,0.841481,0.0,0.282538,0.228718,0.225586,0.042651,0.025859,0.02498,True,True,False,0.0,False,False,45.725
621,31.05,4,distraction,distracted,0.957055,0.042009,0.000605,0.0,0.000331,0.957055,0.789546,0.814773,0.0,0.286071,0.229851,0.226389,0.042683,0.025866,0.024944,True,True,False,0.0,False,False,36.836
622,31.1,4,distraction,distracted,0.959251,0.039562,0.00083,0.0,0.000358,0.959251,0.766368,0.823686,0.0,0.28949,0.23091,0.227164,0.042713,0.025871,0.024908,True,True,False,0.0,False,False,37.503
623,31.15,4,distraction,distracted,0.961669,0.036862,0.001098,0.0,0.000371,0.961669,0.707288,0.846386,0.0,0.292718,0.231639,0.227872,0.042737,0.025832,0.024872,True,True,False,0.0,False,False,37.424
624,31.2,4,distraction,distracted,0.964574,0.034181,0.000908,0.0,0.000337,0.964574,0.541919,0.889603,0.0,0.295246,0.23224,0.228357,0.042752,0.025833,0.024833,True,True,False,0.0,False,False,37.052
625,31.25,4,distraction,distracted,0.965633,0.033362,0.00071,0.0,0.000295,0.965633,0.44957,0.907441,0.0,0.295527,0.232948,0.228706,0.042749,0.025879,0.024794,True,True,False,0.0,False,False,46.169
626,31.3,4,distraction,distracted,0.931886,0.066964,0.000779,0.0,0.00037,0.931886,0.405118,0.911209,0.0,0.295184,0.233156,0.228984,0.042739,0.02588,0.024755,True,True,False,0.0,False,False,37.657
627,31.35,4,distraction,distracted,0.853999,0.144763,0.000753,0.0,0.000485,0.853999,0.207187,0.941701,0.0,0.293847,0.232874,0.228949,0.042722,0.025878,0.024715,True,True,False,0.0,False,False,37.067
628,31.4,4,distraction,distracted,0.811982,0.186913,0.000607,0.0,0.000498,0.811982,0.083512,0.95533,0.0,0.291926,0.232615,0.228709,0.042706,0.025834,0.024674,True,True,False,0.0,False,False,36.922
629,31.45,4,distraction,distracted,0.734747,0.264182,0.000515,0.0,0.000556,0.734747,0.047351,0.958598,0.0,0.290126,0.231983,0.228409,0.042695,0.025831,0.024633,True,True,False,0.0,False,False,36.852
630,31.5,4,distraction,distracted,0.726624,0.272412,0.000431,0.0,0.000534,0.726624,0.040515,0.957691,0.0,0.288964,0.231011,0.228099,0.04269,0.02587,0.024593,True,True,False,0.0,False,False,45.943
631,31.55,4,distraction,distracted,0.662948,0.336093,0.000402,0.0,0.000557,0.662948,0.041744,0.955399,0.0,0.288328,0.230305,0.227793,0.042687,0.025867,0.024552,True,True,False,0.0,False,False,37.083
632,31.6,0,alert,alert,0.536806,0.536806,0.000377,0.0,0.000691,0.462126,0.04854,0.953115,0.0,0.287885,0.229618,0.2275,0.042685,0.025864,0.024512,True,True,False,0.0,False,False,37.167
633,31.65,0,alert,alert,0.662411,0.662411,0.000323,0.0,0.000894,0.336371,0.045307,0.9531,0.0,0.287521,0.2293,0.227203,0.042684,0.025819,0.024472,True,True,False,0.200378,False,False,37.026
634,31.7,0,alert,alert,0.638184,0.638184,0.000289,0.0,0.001081,0.360446,0.044255,0.952293,0.0,0.287271,0.22861,0.226905,0.042683,0.025816,0.024432,True,True,False,0.388062,False,False,37.059
635,31.75,0,alert,alert,0.733029,0.733029,0.000248,0.0,0.001116,0.265607,0.049187,0.952807,0.0,0.287177,0.227421,0.226616,0.042683,0.025852,0.024392,True,True,False,0.469543,False,False,46.096
636,31.8,0,alert,alert,0.848302,0.848302,0.000204,0.0,0.001184,0.150311,0.054112,0.952309,0.0,0.286644,0.226592,0.226335,0.042679,0.025846,0.024353,True,True,False,0.0,False,False,37.161
637,31.85,0,alert,alert,0.890871,0.890871,0.000174,0.0,0.001246,0.107708,0.058761,0.951454,0.0,0.286479,0.225737,0.226064,0.042678,0.025842,0.024313,True,True,False,0.0,False,False,37.316
638,31.9,0,alert,alert,0.913604,0.913604,0.000158,0.0,0.001358,0.084881,0.049033,0.951752,0.0,0.286282,0.225433,0.225778,0.042677,0.025797,0.024274,True,True,False,0.0,False,False,37.128
639,31.95,0,alert,alert,0.912741,0.912741,0.000148,0.0,0.001487,0.085623,0.055377,0.951112,0.0,0.285762,0.224605,0.225503,0.042674,0.025792,0.024235,True,True,False,0.0,False,False,37.045
640,32.0,0,alert,alert,0.919808,0.919808,0.000142,0.0,0.00175,0.078301,0.062219,0.948954,0.0,0.283733,0.223218,0.225241,0.042656,0.024033,0.024196,True,True,False,0.0,False,False,45.971
641,32.05,0,alert,alert,0.927123,0.927123,0.000137,0.0,0.002041,0.070699,0.058562,0.949481,0.0,0.282562,0.222936,0.224973,0.042434,0.023992,0.024157,True,True,False,0.0,False,False,37.359
642,32.1,0,alert,alert,0.92433,0.92433,0.000138,0.0,0.001941,0.073591,0.054775,0.950633,0.0,0.279111,0.2217,0.2247,0.042598,0.022383,0.024118,True,True,False,0.0,False,False,37.182
643,32.15,0,alert,alert,0.92249,0.92249,0.000141,0.0,0.002165,0.075203,0.077647,0.946003,0.0,0.276907,0.221454,0.224465,0.042571,0.022345,0.02408,True,True,False,0.0,False,False,37.253
644,32.2,0,alert,alert,0.93221,0.93221,0.000139,0.0,0.002343,0.065308,0.065656,0.947407,0.0,0.274731,0.220337,0.224212,0.042551,0.020819,0.024041,True,True,False,0.0,False,False,36.972
645,32.25,0,alert,alert,0.921693,0.921693,0.000146,0.0,0.002675,0.075486,0.058475,0.950031,0.0,0.272658,0.219716,0.223948,0.042536,0.020114,0.024003,True,True,False,0.0,False,False,46.258
646,32.3,0,alert,alert,0.914476,0.914476,0.000155,0.0,0.00335,0.082019,0.071071,0.948654,0.0,0.271614,0.219462,0.223704,0.042316,0.020079,0.023965,True,True,False,0.0,False,False,37.916
647,32.35,0,alert,alert,0.900005,0.900005,0.00016,0.0,0.002787,0.097048,0.067467,0.948342,0.0,0.269603,0.218791,0.223456,0.042519,0.01897,0.023927,True,True,False,0.0,False,False,37.797
648,32.4,0,alert,alert,0.922295,0.922295,0.000147,0.0,0.002015,0.075543,0.079942,0.944849,0.0,0.268997,0.218554,0.223229,0.042519,0.018938,0.023889,True,True,False,0.0,False,False,38.089
649,32.45,0,alert,alert,0.928241,0.928241,0.000149,0.0,0.001742,0.069869,0.056093,0.948791,0.0,0.26868,0.217703,0.222965,0.04252,0.017681,0.023851,True,True,False,0.0,False,False,37.544
650,32.5,0,alert,alert,0.931673,0.931673,0.00015,0.0,0.001659,0.066518,0.051478,0.948982,0.0,0.266672,0.216959,0.222693,0.042504,0.016884,0.023813,True,True,False,1.0,False,False,46.87
651,32.55,0,alert,alert,0.923443,0.923443,0.000157,0.0,0.001661,0.074739,0.049061,0.949583,0.0,0.265544,0.216672,0.222419,0.042283,0.016855,0.023776,True,True,False,1.0,False,False,37.788
652,32.6,0,alert,alert,0.920265,0.920265,0.000163,0.0,0.001531,0.078041,0.045641,0.950138,0.0,0.261884,0.215498,0.22214,0.042448,0.015319,0.023738,True,True,False,1.0,False,False,38.287
653,32.65,0,alert,alert,0.886497,0.886497,0.00019,0.0,0.001398,0.111915,0.053128,0.948336,0.0,0.259406,0.21522,0.221874,0.042417,0.015293,0.023701,True,True,False,1.0,False,False,38.081
654,32.7,0,alert,alert,0.892674,0.892674,0.000191,0.0,0.001147,0.105988,0.054514,0.948445,0.0,0.257206,0.214308,0.221611,0.042402,0.013978,0.023664,True,True,False,1.0,False,False,37.356
655,32.75,0,alert,alert,0.903994,0.903994,0.000185,0.0,0.001027,0.094795,0.056486,0.947639,0.0,0.255488,0.214055,0.221352,0.042394,0.013978,0.023627,True,True,False,1.0,False,False,45.933
656,32.8,0,alert,alert,0.886885,0.886885,0.000194,0.0,0.000983,0.111939,0.05228,0.94789,0.0,0.254439,0.213779,0.221088,0.042175,0.013954,0.02359,True,True,False,0.0,False,False,37.108
657,32.85,0,alert,alert,0.895898,0.895898,0.000187,0.0,0.000919,0.102996,0.051588,0.949247,0.0,0.254135,0.213662,0.220822,0.042389,0.013978,0.023553,True,True,False,0.0,False,False,36.6
658,32.9,0,alert,alert,0.834819,0.834819,0.000219,0.0,0.000924,0.164037,0.053206,0.948889,0.0,0.254077,0.213387,0.220561,0.042389,0.013954,0.023516,True,True,False,0.991852,False,False,37.056
659,32.95,0,alert,alert,0.846482,0.846482,0.000212,0.0,0.000894,0.152412,0.046431,0.950315,0.0,0.254079,0.21325,0.220289,0.04239,0.013978,0.023479,True,True,False,0.991852,False,False,36.901
660,33.0,0,alert,alert,0.848855,0.848855,0.000211,0.0,0.000841,0.150093,0.046446,0.949481,0.0,0.253005,0.21264,0.220018,0.042171,0.013977,0.023443,True,True,False,0.60733,False,False,45.988
661,33.05,0,alert,alert,0.865073,0.865073,0.000203,0.0,0.000778,0.133946,0.047768,0.949918,0.0,0.251949,0.212358,0.21975,0.041954,0.013953,0.023406,True,True,False,0.446198,False,False,37.136
662,33.1,0,alert,alert,0.833938,0.833938,0.000223,0.0,0.000776,0.165064,0.056804,0.948011,0.0,0.251675,0.211708,0.219497,0.042161,0.013976,0.02337,True,True,False,0.0,False,False,36.644
663,33.15,0,alert,alert,0.852469,0.852469,0.000219,0.0,0.000755,0.146557,0.055956,0.949261,0.0,0.249859,0.211441,0.219244,0.042148,0.013952,0.023334,True,True,False,0.0,False,False,36.787
664,33.2,0,alert,alert,0.853924,0.853924,0.000224,0.0,0.00075,0.145102,0.051514,0.950648,0.0,0.24769,0.211449,0.218984,0.042125,0.013976,0.023297,True,True,False,0.0,False,False,36.773
665,33.25,0,alert,alert,0.864009,0.864009,0.000217,0.0,0.000762,0.135012,0.075535,0.946835,0.0,0.245857,0.21093,0.218762,0.042114,0.013975,0.023262,True,True,False,0.0,False,False,46.007
666,33.3,0,alert,alert,0.835631,0.835631,0.000222,0.0,0.000804,0.163344,0.079578,0.946453,0.0,0.245006,0.210706,0.218548,0.041899,0.013951,0.023226,True,True,False,0.0,False,False,38.17
667,33.35,0,alert,alert,0.794715,0.794715,0.00023,0.0,0.000849,0.204206,0.07011,0.948296,0.0,0.243662,0.20946,0.21832,0.042104,0.01397,0.02319,True,True,False,0.0,False,False,37.926
668,33.4,0,alert,alert,0.847837,0.847837,0.0002,0.0,0.000816,0.151148,0.05194,0.950826,0.0,0.243449,0.209191,0.218063,0.042104,0.013946,0.023154,True,True,False,0.0,False,False,37.286
669,33.45,0,alert,alert,0.791604,0.791604,0.000219,0.0,0.000843,0.207334,0.046434,0.951581,0.0,0.24331,0.207879,0.217799,0.042104,0.013965,0.023119,True,True,False,0.0,False,False,37.197
670,33.5,0,alert,alert,0.742386,0.742386,0.000238,0.0,0.000791,0.256586,0.053688,0.94838,0.0,0.243197,0.207139,0.217548,0.042105,0.013963,0.023083,True,True,False,0.0,False,False,46.356
671,33.55,0,alert,alert,0.618583,0.618583,0.000272,0.0,0.000708,0.380437,0.052266,0.949219,0.0,0.242217,0.206874,0.217295,0.041889,0.01394,0.023048,True,True,False,0.0,False,False,37.59
672,33.6,0,alert,alert,0.748186,0.748186,0.000249,0.0,0.000688,0.250877,0.065564,0.947453,0.0,0.243208,0.2057,0.217063,0.042106,0.013959,0.023013,True,True,False,0.0,False,False,37.152
673,33.65,0,alert,alert,0.793763,0.793763,0.000234,0.0,0.000676,0.205327,0.061553,0.949823,0.0,0.243258,0.205453,0.216825,0.042106,0.013935,0.022978,True,True,False,0.0,False,False,37.465
674,33.7,0,alert,alert,0.861607,0.861607,0.00021,0.0,0.000675,0.137507,0.074501,0.946469,0.0,0.243303,0.204319,0.216609,0.042106,0.013955,0.022943,True,True,False,0.042908,False,False,37.276
675,33.75,0,alert,alert,0.850586,0.850586,0.00022,0.0,0.000665,0.148529,0.076763,0.946063,0.0,0.243418,0.203662,0.216397,0.042106,0.013953,0.022908,True,True,False,0.120727,False,False,46.867
676,33.8,0,alert,alert,0.861629,0.861629,0.000223,0.0,0.000649,0.137499,0.075536,0.948684,0.0,0.242557,0.203443,0.216183,0.04189,0.013929,0.022873,True,True,False,0.0,False,False,37.276
677,33.85,0,alert,alert,0.907286,0.907286,0.000192,0.0,0.000654,0.091869,0.084455,0.946588,0.0,0.243543,0.202509,0.215984,0.042105,0.013951,0.022838,True,True,False,0.0,False,False,37.663
678,33.9,0,alert,alert,0.938636,0.938636,0.000163,0.0,0.000674,0.060528,0.058737,0.950375,0.0,0.243262,0.202263,0.215745,0.042101,0.013927,0.022804,True,True,False,0.0,False,False,37.172
679,33.95,0,alert,alert,0.954387,0.954387,0.000145,0.0,0.000691,0.044777,0.070236,0.946548,0.0,0.243222,0.201212,0.215526,0.042101,0.013949,0.022769,True,True,False,0.0,False,False,37.129
680,34.0,0,alert,alert,0.895332,0.895332,0.000214,0.0,0.000805,0.103648,0.443453,0.864021,0.0,0.245055,0.20119,0.215839,0.042119,0.01395,0.022738,True,True,False,0.0,False,False,46.159
681,34.05,0,alert,alert,0.83536,0.83536,0.000295,0.0,0.000843,0.163502,0.519684,0.832696,0.0,0.246293,0.201667,0.216241,0.041929,0.013929,0.022708,True,True,False,0.0,False,False,37.249
682,34.1,0,alert,alert,0.886013,0.886013,0.000268,0.0,0.000877,0.112841,0.533937,0.822379,0.0,0.249312,0.201856,0.216656,0.042173,0.013955,0.022678,True,True,False,0.0,False,False,36.987
683,34.15,0,alert,alert,0.907016,0.907016,0.000227,0.0,0.000887,0.09187,0.490696,0.873914,0.0,0.251294,0.20231,0.217036,0.042188,0.013933,0.022647,True,True,False,0.0,False,False,36.749
684,34.2,0,alert,alert,0.899063,0.899063,0.000212,0.0,0.000879,0.099846,0.419174,0.904304,0.0,0.253071,0.202153,0.217325,0.042198,0.013957,0.022614,True,True,False,0.0,False,False,36.981
685,34.25,0,alert,alert,0.90485,0.90485,0.000203,0.0,0.000882,0.094065,0.388334,0.905486,0.0,0.25475,0.202254,0.21757,0.042208,0.013958,0.022582,True,True,False,0.0,False,False,45.928
686,34.3,0,alert,alert,0.84081,0.84081,0.00024,0.0,0.000882,0.158068,0.280092,0.923973,0.0,0.254877,0.202383,0.217661,0.041997,0.013934,0.022549,True,True,False,0.0,False,False,37.172
687,34.35,0,alert,alert,0.739776,0.739776,0.000283,0.0,0.000768,0.259173,0.131695,0.9429,0.0,0.253919,0.202346,0.217533,0.042193,0.013958,0.022516,True,True,False,1.0,False,False,36.846
688,34.4,4,distraction,distracted,0.507604,0.491376,0.000353,0.0,0.000666,0.507604,0.095899,0.948179,0.0,0.251917,0.202165,0.217352,0.042168,0.013935,0.022482,True,True,False,0.983889,False,False,37.44
689,34.45,4,distraction,distracted,0.751616,0.247556,0.000349,0.0,0.000479,0.751616,0.055476,0.954126,0.0,0.249695,0.20206,0.217109,0.042143,0.013958,0.022448,True,True,False,0.0,False,False,37.528
690,34.5,4,distraction,distracted,0.797619,0.201634,0.000338,0.0,0.000409,0.797619,0.044846,0.954295,0.0,0.247457,0.201946,0.216851,0.042123,0.013958,0.022415,True,True,False,0.0,False,False,46.614
691,34.55,4,distraction,distracted,0.768016,0.231181,0.000373,0.0,0.000429,0.768016,0.067688,0.948512,0.0,0.246534,0.201717,0.216629,0.041907,0.013934,0.022381,True,True,False,0.0,False,False,37.59
692,34.6,4,distraction,distracted,0.808601,0.190647,0.000364,0.0,0.000388,0.808601,0.081934,0.947605,0.0,0.24382,0.201927,0.21643,0.042101,0.013958,0.022348,True,True,False,0.0,False,False,37.341
693,34.65,4,distraction,distracted,0.695103,0.304005,0.000426,0.0,0.000466,0.695103,0.142896,0.944083,0.0,0.242855,0.201827,0.216321,0.042096,0.013934,0.022315,True,True,False,0.0,False,False,37.172
694,34.7,4,distraction,distracted,0.766829,0.232307,0.000436,0.0,0.000428,0.766829,0.285769,0.924272,0.0,0.242425,0.20242,0.216421,0.042093,0.013959,0.022283,True,True,False,0.0,False,False,36.996
695,34.75,4,distraction,distracted,0.819752,0.179367,0.000474,0.0,0.000407,0.819752,0.431381,0.896308,0.0,0.243203,0.202978,0.216721,0.0421,0.01396,0.022252,True,True,False,0.0,False,False,46.033
696,34.8,4,distraction,distracted,0.676515,0.322371,0.000592,0.0,0.000522,0.676515,0.445796,0.899334,0.0,0.244189,0.203371,0.217042,0.041895,0.013937,0.022221,True,True,False,0.0,False,False,37.366
697,34.85,4,distraction,distracted,0.511631,0.487188,0.000589,0.0,0.000592,0.511631,0.351417,0.924844,0.0,0.245807,0.20405,0.217235,0.042113,0.013962,0.022189,True,True,False,0.0,False,False,36.927
698,34.9,4,distraction,distracted,0.563985,0.434907,0.000547,0.0,0.000561,0.563985,0.176377,0.943997,0.0,0.246113,0.204003,0.217175,0.042113,0.013938,0.022156,True,True,False,0.0,False,False,36.774
699,34.95,0,alert,alert,0.553165,0.553165,0.000517,0.0,0.000599,0.445718,0.069137,0.955051,0.0,0.245935,0.20337,0.216956,0.042111,0.013959,0.022124,True,True,False,0.906857,False,False,37.106
700,35.0,0,alert,alert,0.673528,0.673528,0.000436,0.0,0.000623,0.325413,0.046109,0.957166,0.0,0.245647,0.20256,0.216703,0.042109,0.013957,0.022091,True,True,False,0.906857,False,False,46.085
701,35.05,4,distraction,distracted,0.529539,0.469451,0.000435,0.0,0.000575,0.529539,0.040909,0.955481,0.0,0.244589,0.202282,0.216444,0.041891,0.013933,0.022058,True,True,False,0.830868,False,False,37.037
702,35.1,0,alert,alert,0.646432,0.646432,0.000384,0.0,0.000603,0.352581,0.03816,0.954323,0.0,0.245197,0.200518,0.216182,0.042106,0.013952,0.022026,True,True,False,0.810663,False,False,37.057
703,35.15,0,alert,alert,0.59471,0.59471,0.000369,0.0,0.000591,0.40433,0.051625,0.948889,0.0,0.245076,0.200264,0.215941,0.042105,0.013928,0.021994,True,True,False,0.771524,False,False,36.705
704,35.2,0,alert,alert,0.601154,0.601154,0.00035,0.0,0.000584,0.397913,0.055519,0.949672,0.0,0.24494,0.198311,0.215707,0.042104,0.013945,0.021962,True,True,False,0.939193,False,False,36.926
705,35.25,0,alert,alert,0.643215,0.643215,0.000323,0.0,0.000596,0.355866,0.045742,0.951121,0.0,0.244749,0.197293,0.215459,0.042102,0.013943,0.02193,True,True,False,0.946446,False,False,46.37
706,35.3,4,distraction,distracted,0.564365,0.434748,0.000344,0.0,0.000543,0.564365,0.040323,0.952065,0.0,0.243696,0.197025,0.215203,0.041885,0.013919,0.021898,True,True,False,1.0,False,False,36.839
707,35.35,0,alert,alert,0.621749,0.621749,0.000323,0.0,0.000591,0.377337,0.044091,0.951455,0.0,0.242751,0.195833,0.214954,0.042085,0.01394,0.021866,True,True,False,1.0,False,False,37.042
708,35.4,0,alert,alert,0.665562,0.665562,0.000311,0.0,0.00061,0.333517,0.04418,0.951256,0.0,0.240571,0.195573,0.214706,0.042059,0.013916,0.021834,True,True,False,0.0,False,False,37.034
709,35.45,0,alert,alert,0.640108,0.640108,0.000313,0.0,0.000621,0.358958,0.04478,0.951027,0.0,0.23827,0.195351,0.214459,0.042032,0.01394,0.021802,True,True,False,0.0,False,False,37.007
710,35.5,0,alert,alert,0.558102,0.558102,0.000321,0.0,0.000601,0.440976,0.04538,0.95155,0.0,0.236009,0.195317,0.214214,0.042007,0.01394,0.021771,True,True,False,0.0,False,False,45.954
711,35.55,0,alert,alert,0.585439,0.585439,0.000314,0.0,0.000598,0.413648,0.043769,0.951948,0.0,0.235022,0.195058,0.213967,0.041791,0.013916,0.021739,True,True,False,1.0,False,False,37.166
712,35.6,0,alert,alert,0.60063,0.60063,0.000306,0.0,0.000603,0.398461,0.042175,0.952277,0.0,0.231876,0.195326,0.213719,0.041976,0.01394,0.021708,True,True,False,1.0,False,False,36.713
713,35.65,0,alert,alert,0.588805,0.588805,0.000295,0.0,0.000617,0.410283,0.052687,0.950271,0.0,0.23,0.195082,0.213487,0.041963,0.013917,0.021676,True,True,False,1.0,False,False,37.088
714,35.7,0,alert,alert,0.582162,0.582162,0.000285,0.0,0.000627,0.416926,0.049634,0.950725,0.0,0.227998,0.195318,0.213251,0.041946,0.01394,0.021645,True,True,False,0.0,False,False,37.266
715,35.75,0,alert,alert,0.671327,0.671327,0.000265,0.0,0.00066,0.327748,0.045304,0.951578,0.0,0.226024,0.195309,0.213009,0.041931,0.01394,0.021614,True,True,False,0.0,False,False,46.432
716,35.8,0,alert,alert,0.738267,0.738267,0.000241,0.0,0.00069,0.260801,0.044584,0.951763,0.0,0.225094,0.195051,0.212767,0.041716,0.013917,0.021583,True,True,False,0.0,False,False,37.817
717,35.85,0,alert,alert,0.811414,0.811414,0.000209,0.0,0.000721,0.187657,0.049975,0.950048,0.0,0.223134,0.195288,0.212533,0.041915,0.01394,0.021552,True,True,False,0.0,False,False,37.328
718,35.9,0,alert,alert,0.805257,0.805257,0.000211,0.0,0.000738,0.193793,0.04466,0.95182,0.0,0.22206,0.19503,0.212293,0.041911,0.013917,0.021521,True,True,False,0.0,False,False,37.627
719,35.95,0,alert,alert,0.73924,0.73924,0.00023,0.0,0.000724,0.259807,0.054231,0.949348,0.0,0.220704,0.195241,0.212067,0.041906,0.013941,0.02149,True,True,False,0.0,False,False,37.397
720,36.0,0,alert,alert,0.820617,0.820617,0.000204,0.0,0.000701,0.178477,0.05323,0.949299,0.0,0.219202,0.195225,0.21184,0.0419,0.013941,0.02146,True,True,False,0.0,False,False,45.972
721,36.05,0,alert,alert,0.848564,0.848564,0.000196,0.0,0.00073,0.15051,0.052388,0.950491,0.0,0.218349,0.194981,0.211613,0.041685,0.013917,0.021429,True,True,False,0.0,False,False,37.035
722,36.1,0,alert,alert,0.892829,0.892829,0.000175,0.0,0.000744,0.106253,0.043466,0.952156,0.0,0.217175,0.195155,0.211373,0.041893,0.01394,0.021398,True,True,False,0.0,False,False,36.972
723,36.15,0,alert,alert,0.928158,0.928158,0.000157,0.0,0.000747,0.070938,0.044603,0.95178,0.0,0.21655,0.194897,0.211136,0.041892,0.013917,0.021368,True,True,False,0.0,False,False,37.226
724,36.2,0,alert,alert,0.937816,0.937816,0.000151,0.0,0.000737,0.061296,0.046561,0.950938,0.0,0.2156,0.195081,0.210902,0.041888,0.01394,0.021338,True,True,False,0.0,False,False,37.076
725,36.25,0,alert,alert,0.938363,0.938363,0.000158,0.0,0.000732,0.060747,0.056028,0.948655,0.0,0.214698,0.195033,0.210683,0.041884,0.01394,0.021307,True,True,False,0.0,False,False,45.778
726,36.3,0,alert,alert,0.926349,0.926349,0.000172,0.0,0.000737,0.072742,0.059058,0.948118,0.0,0.213904,0.194801,0.210469,0.041671,0.013916,0.021277,True,True,False,0.0,False,False,37.356
727,36.35,0,alert,alert,0.943381,0.943381,0.000163,0.0,0.000707,0.055749,0.049954,0.950511,0.0,0.213907,0.195002,0.210242,0.041884,0.01394,0.021247,True,True,False,0.0,False,False,36.851
728,36.4,0,alert,alert,0.95609,0.95609,0.000149,0.0,0.000708,0.043053,0.04946,0.950085,0.0,0.213802,0.194753,0.210015,0.041885,0.013916,0.021217,True,True,False,0.0,False,False,37.119
729,36.45,0,alert,alert,0.956646,0.956646,0.000153,0.0,0.00071,0.042491,0.045799,0.951641,0.0,0.213791,0.194934,0.209783,0.041885,0.01394,0.021187,True,True,False,0.0,False,False,37.143
730,36.5,0,alert,alert,0.962986,0.962986,0.000148,0.0,0.00072,0.036145,0.043143,0.951817,0.0,0.213803,0.194867,0.209548,0.041885,0.01394,0.021158,True,True,False,0.0,False,False,45.977
731,36.55,0,alert,alert,0.960104,0.960104,0.00016,0.0,0.000732,0.039004,0.055293,0.948204,0.0,0.212994,0.194629,0.209332,0.041672,0.013916,0.021128,True,True,False,0.0,False,False,37.099
732,36.6,0,alert,alert,0.945671,0.945671,0.000179,0.0,0.000741,0.053409,0.060686,0.947973,0.0,0.214005,0.194881,0.209124,0.041888,0.01394,0.021098,True,True,False,0.652456,False,False,36.818
733,36.65,0,alert,alert,0.895882,0.895882,0.000222,0.0,0.00077,0.103125,0.052583,0.949732,0.0,0.21405,0.194638,0.208905,0.041888,0.013916,0.021069,True,True,False,0.652456,False,False,36.941
734,36.7,0,alert,alert,0.925364,0.925364,0.000188,0.0,0.000687,0.073761,0.056051,0.949639,0.0,0.214116,0.194906,0.208691,0.041888,0.01394,0.021039,True,True,False,0.0,False,False,37.745
735,36.75,0,alert,alert,0.940165,0.940165,0.000171,0.0,0.000681,0.058984,0.051284,0.950907,0.0,0.21417,0.194904,0.208471,0.041889,0.01394,0.02101,True,True,False,0.0,False,False,46.396
736,36.8,0,alert,alert,0.958627,0.958627,0.000154,0.0,0.000681,0.040538,0.058014,0.948901,0.0,0.213373,0.19467,0.208261,0.041675,0.013916,0.020981,True,True,False,0.0,False,False,37.235
737,36.85,0,alert,alert,0.955706,0.955706,0.000157,0.0,0.000735,0.043401,0.047955,0.950901,0.0,0.214285,0.194894,0.208038,0.041889,0.01394,0.020951,True,True,False,0.0,False,False,37.676
738,36.9,0,alert,alert,0.958724,0.958724,0.000153,0.0,0.000727,0.040396,0.05049,0.95033,0.0,0.214316,0.194647,0.207818,0.041889,0.013916,0.020922,True,True,False,0.0,False,False,37.698
739,36.95,0,alert,alert,0.959153,0.959153,0.000159,0.0,0.000733,0.039955,0.043626,0.951722,0.0,0.214278,0.194876,0.20759,0.041889,0.01394,0.020893,True,True,False,0.185658,False,False,37.75
740,37.0,0,alert,alert,0.959944,0.959944,0.00016,0.0,0.000758,0.039138,0.04713,0.951575,0.0,0.214061,0.194865,0.207367,0.041887,0.01394,0.020864,True,True,False,0.185658,False,False,46.751
741,37.05,0,alert,alert,0.950494,0.950494,0.000177,0.0,0.000794,0.048535,0.044192,0.95195,0.0,0.213191,0.194607,0.20714,0.041673,0.013916,0.020835,True,True,False,0.2058,False,False,37.49
742,37.1,0,alert,alert,0.957305,0.957305,0.000172,0.0,0.000756,0.041768,0.049216,0.951418,0.0,0.212905,0.194865,0.206922,0.041879,0.01394,0.020806,True,True,False,0.2058,False,False,36.992
743,37.15,0,alert,alert,0.956487,0.956487,0.000177,0.0,0.000779,0.042557,0.049514,0.95079,0.0,0.21253,0.194617,0.206704,0.041878,0.013916,0.020777,True,True,False,0.032565,False,False,37.182
744,37.2,0,alert,alert,0.930862,0.930862,0.000215,0.0,0.000834,0.068089,0.047046,0.951854,0.0,0.212325,0.194852,0.206483,0.041877,0.013939,0.020749,True,True,False,0.060488,False,False,37.158
745,37.25,0,alert,alert,0.936135,0.936135,0.000208,0.0,0.000791,0.062866,0.047111,0.951116,0.0,0.21124,0.194839,0.206263,0.041871,0.013939,0.02072,True,True,False,0.279757,False,False,45.948
746,37.3,0,alert,alert,0.924828,0.924828,0.00022,0.0,0.000807,0.074146,0.046539,0.951023,0.0,0.210398,0.194586,0.206043,0.041656,0.013916,0.020692,True,True,False,0.407015,False,False,37.179
747,37.35,0,alert,alert,0.928046,0.928046,0.000208,0.0,0.000782,0.070964,0.060512,0.948856,0.0,0.207545,0.194811,0.205844,0.041846,0.013939,0.020663,True,True,False,0.410334,False,False,37.008
748,37.4,0,alert,alert,0.924695,0.924695,0.000211,0.0,0.000807,0.074287,0.050283,0.950824,0.0,0.205765,0.194564,0.20563,0.041836,0.013916,0.020635,True,True,False,0.410334,False,False,36.809
749,37.45,0,alert,alert,0.925011,0.925011,0.000201,0.0,0.000809,0.073979,0.04435,0.952351,0.0,0.203722,0.194712,0.205408,0.041819,0.013939,0.020606,True,True,False,0.337321,False,False,36.939
750,37.5,0,alert,alert,0.934987,0.934987,0.000188,0.0,0.000798,0.064028,0.048136,0.950764,0.0,0.201625,0.194706,0.205193,0.041801,0.013939,0.020578,True,True,False,0.337321,False,False,45.892
751,37.55,0,alert,alert,0.927816,0.927816,0.00019,0.0,0.000811,0.071184,0.04996,0.951007,0.0,0.20085,0.194459,0.204981,0.041587,0.013915,0.02055,True,True,False,0.428874,False,False,37.194
752,37.6,0,alert,alert,0.90616,0.90616,0.000206,0.0,0.000814,0.09282,0.048834,0.951593,0.0,0.197496,0.194667,0.204767,0.04177,0.013939,0.020522,True,True,False,0.428874,False,False,37.114
753,37.65,0,alert,alert,0.799586,0.799586,0.000259,0.0,0.000878,0.199278,0.052443,0.951659,0.0,0.19525,0.194424,0.204559,0.041748,0.013915,0.020494,True,True,False,0.428874,False,False,37.039
754,37.7,0,alert,alert,0.772798,0.772798,0.000252,0.0,0.000889,0.226062,0.046107,0.952593,0.0,0.192767,0.194623,0.204343,0.041722,0.013939,0.020466,True,True,False,0.491301,False,False,37.194
755,37.75,0,alert,alert,0.865905,0.865905,0.000206,0.0,0.000832,0.133057,0.045848,0.951948,0.0,0.190136,0.194592,0.204127,0.038943,0.013939,0.020438,True,True,False,0.491301,False,False,45.709
756,37.8,0,alert,alert,0.922021,0.922021,0.00017,0.0,0.000789,0.077021,0.050466,0.950804,0.0,0.189424,0.194345,0.203919,0.038745,0.013915,0.02041,True,True,False,0.491301,False,False,36.858
757,37.85,0,alert,alert,0.907879,0.907879,0.000175,0.0,0.000807,0.091138,0.050608,0.951023,0.0,0.184741,0.194506,0.203711,0.033201,0.013938,0.020383,True,True,False,0.0,False,False,36.525
758,37.9,0,alert,alert,0.933051,0.933051,0.00016,0.0,0.000778,0.066011,0.046241,0.951246,0.0,0.181919,0.194253,0.203497,0.030233,0.013915,0.020355,True,True,False,0.0,False,False,37.191
759,37.95,0,alert,alert,0.920778,0.920778,0.000171,0.0,0.000809,0.078242,0.046399,0.951798,0.0,0.179481,0.194434,0.203284,0.02764,0.013938,0.020327,True,True,False,0.0,False,False,36.938
760,38.0,0,alert,alert,0.919462,0.919462,0.000169,0.0,0.000766,0.079604,0.047747,0.951512,0.0,0.177041,0.194427,0.203074,0.025035,0.013938,0.0203,True,True,False,0.0,False,False,45.978
761,38.05,0,alert,alert,0.942284,0.942284,0.000149,0.0,0.000748,0.056819,0.049573,0.950343,0.0,0.176394,0.19418,0.202867,0.024907,0.013915,0.020273,True,True,False,0.0,False,False,37.369
762,38.1,0,alert,alert,0.920061,0.920061,0.000166,0.0,0.000789,0.078985,0.052579,0.950195,0.0,0.172666,0.193485,0.202665,0.020254,0.013935,0.020245,True,True,False,0.0,False,False,37.097
763,38.15,0,alert,alert,0.914115,0.914115,0.000164,0.0,0.000824,0.084897,0.058036,0.948596,0.0,0.170795,0.193254,0.202471,0.018122,0.013912,0.020218,True,True,False,0.0,False,False,36.757
764,38.2,0,alert,alert,0.929161,0.929161,0.000146,0.0,0.000759,0.069933,0.062872,0.948721,0.0,0.169365,0.192029,0.202283,0.016392,0.013929,0.020191,True,True,False,0.0,False,False,37.144
765,38.25,0,alert,alert,0.942347,0.942347,0.000136,0.0,0.000741,0.056775,0.056355,0.95014,0.0,0.167932,0.19133,0.202088,0.014695,0.013927,0.020164,True,True,False,0.0,False,False,45.957
766,38.3,0,alert,alert,0.950162,0.950162,0.000123,0.0,0.000832,0.048883,0.054566,0.949937,0.0,0.167357,0.191097,0.20189,0.014621,0.013903,0.020137,True,True,False,0.0,False,False,36.815
767,38.35,0,alert,alert,0.957848,0.957848,0.000113,0.0,0.000946,0.041093,0.060993,0.948783,0.0,0.164671,0.190196,0.201702,0.010918,0.013925,0.02011,True,True,False,0.0,False,False,36.912
768,38.4,0,alert,alert,0.954667,0.954667,0.000115,0.0,0.001219,0.043999,0.061998,0.949787,0.0,0.162544,0.189977,0.201515,0.008555,0.013901,0.020083,True,True,False,0.0,False,False,36.801
769,38.45,0,alert,alert,0.952597,0.952597,0.00011,0.0,0.001281,0.046012,0.054831,0.950334,0.0,0.16043,0.189711,0.20132,0.006222,0.013924,0.020056,True,True,False,0.0,False,False,36.912
770,38.5,0,alert,alert,0.959017,0.959017,0.000107,0.0,0.001354,0.039522,0.078503,0.946828,0.0,0.158452,0.18968,0.201157,0.00392,0.013924,0.02003,True,True,False,0.0,False,False,46.169
771,38.55,0,alert,alert,0.963491,0.963491,0.000108,0.0,0.001469,0.034933,0.079342,0.947664,0.0,0.158053,0.189492,0.200995,0.003901,0.0139,0.020003,True,True,False,0.0,False,False,37.377
772,38.6,0,alert,alert,0.962004,0.962004,0.00011,0.0,0.001703,0.036183,0.06261,0.951469,0.0,0.155179,0.189754,0.200811,0.0,0.013924,0.019977,True,True,False,0.0,False,False,37.177
773,38.65,0,alert,alert,0.950112,0.950112,0.000117,0.0,0.001634,0.048136,0.136816,0.943602,0.0,0.154831,0.189664,0.200727,0.0,0.013901,0.01995,True,True,False,0.0,False,False,36.774
774,38.7,0,alert,alert,0.951725,0.951725,0.000115,0.0,0.001528,0.046631,0.124393,0.94536,0.0,0.154262,0.189956,0.200626,0.0,0.013924,0.019924,True,True,False,0.0,False,False,36.445
775,38.75,0,alert,alert,0.960819,0.960819,0.000112,0.0,0.001642,0.037427,0.106602,0.945903,0.0,0.15423,0.189948,0.200502,0.0,0.013924,0.019898,True,True,False,0.0,False,False,45.588
776,38.8,0,alert,alert,0.966914,0.966914,0.000111,0.0,0.001736,0.031239,0.076341,0.948701,0.0,0.153837,0.189755,0.200338,0.0,0.013901,0.019871,True,True,False,0.0,False,False,36.927
777,38.85,0,alert,alert,0.971098,0.971098,0.000109,0.0,0.001757,0.027037,0.057186,0.95051,0.0,0.153104,0.189014,0.200149,0.0,0.013922,0.019845,True,True,False,0.0,False,False,37.146
778,38.9,0,alert,alert,0.935542,0.935542,0.000144,0.0,0.001823,0.062491,0.063241,0.947839,0.0,0.1514,0.1888,0.199969,0.0,0.013899,0.019819,True,True,False,0.0,False,False,36.856
779,38.95,0,alert,alert,0.915318,0.915318,0.000156,0.0,0.00161,0.082916,0.106267,0.941247,0.0,0.150018,0.187918,0.199847,0.0,0.01392,0.019793,True,True,False,0.0,False,False,37.063
780,39.0,0,alert,alert,0.898364,0.898364,0.000169,0.0,0.001391,0.100077,0.098117,0.945061,0.0,0.149189,0.187753,0.199714,0.0,0.01392,0.019767,True,True,False,0.0,False,False,45.908
781,39.05,0,alert,alert,0.731553,0.731553,0.000225,0.0,0.001296,0.266925,0.226308,0.925238,0.0,0.149569,0.187817,0.199748,0.0,0.013897,0.019742,True,True,False,0.575058,False,False,37.028
782,39.1,4,distraction,distracted,0.546817,0.451994,0.000252,0.0,0.000937,0.546817,0.388663,0.899952,0.0,0.15091,0.188579,0.199983,0.0,0.013922,0.019718,True,True,False,0.0,False,False,37.02
783,39.15,4,distraction,distracted,0.634218,0.364812,0.000247,0.0,0.000724,0.634218,0.260926,0.92735,0.0,0.150286,0.1887,0.200061,0.0,0.013899,0.019692,True,True,False,0.0,False,False,37.092
784,39.2,4,distraction,distracted,0.733085,0.266062,0.000235,0.0,0.000617,0.733085,0.216815,0.936009,0.0,0.148936,0.18926,0.200082,0.0,0.013924,0.019667,True,True,False,0.0,False,False,36.924
785,39.25,4,distraction,distracted,0.568846,0.430237,0.000235,0.0,0.000682,0.568846,0.27936,0.92877,0.0,0.147666,0.189648,0.200183,0.0,0.013924,0.019642,True,True,False,0.0,False,False,45.849
786,39.3,4,distraction,distracted,0.762721,0.236491,0.000217,0.0,0.000571,0.762721,0.327789,0.920292,0.0,0.148548,0.189876,0.200345,0.0,0.013901,0.019617,True,True,False,1.0,False,False,36.836
787,39.35,4,distraction,distracted,0.815402,0.183894,0.000207,0.0,0.000497,0.815402,0.253455,0.932394,0.0,0.145323,0.190466,0.200413,0.0,0.013925,0.019592,True,True,False,1.0,False,False,37.074
788,39.4,4,distraction,distracted,0.524898,0.474166,0.000247,0.0,0.000688,0.524898,0.156182,0.94272,0.0,0.14365,0.190408,0.200356,0.0,0.013902,0.019567,True,True,False,1.0,False,False,37.337
789,39.45,0,alert,alert,0.692536,0.692536,0.000225,0.0,0.000763,0.306477,0.08322,0.94984,0.0,0.141656,0.190733,0.200203,0.0,0.013926,0.019541,True,True,False,0.0,False,False,37.565
790,39.5,0,alert,alert,0.739462,0.739462,0.000215,0.0,0.000851,0.259472,0.0581,0.950981,0.0,0.139529,0.190757,0.200019,0.0,0.013926,0.019516,True,True,False,0.0,False,False,46.665
791,39.55,0,alert,alert,0.603284,0.603284,0.000238,0.0,0.001006,0.395472,0.049284,0.951198,0.0,0.139074,0.190515,0.199823,0.0,0.013902,0.019491,True,True,False,0.0,False,False,37.813
792,39.6,4,distraction,distracted,0.55121,0.447509,0.000246,0.0,0.001036,0.55121,0.04709,0.951481,0.0,0.135262,0.190768,0.199625,0.0,0.013926,0.019465,True,True,False,1.0,False,False,37.377
793,39.65,4,distraction,distracted,0.758168,0.240871,0.000233,0.0,0.000728,0.758168,0.075728,0.947215,0.0,0.13342,0.190572,0.199465,0.0,0.013902,0.01944,True,True,False,1.0,False,False,38.296
794,39.7,4,distraction,distracted,0.876893,0.122403,0.000199,0.0,0.000505,0.876893,0.092045,0.946552,0.0,0.131876,0.190905,0.199327,0.0,0.013926,0.019415,True,True,False,0.0,False,False,38.417
795,39.75,4,distraction,distracted,0.792836,0.20631,0.000227,0.0,0.000626,0.792836,0.089604,0.947832,0.0,0.130279,0.190967,0.199186,0.0,0.013926,0.01939,True,True,False,0.0,False,False,46.843
796,39.8,4,distraction,distracted,0.576722,0.422125,0.000247,0.0,0.000906,0.576722,0.123743,0.944804,0.0,0.130246,0.190853,0.199089,0.0,0.013902,0.019365,True,True,False,1.0,False,False,37.326
797,39.85,0,alert,alert,0.667031,0.667031,0.000223,0.0,0.001211,0.331536,0.143761,0.937164,0.0,0.127031,0.191267,0.199019,0.0,0.013926,0.019341,True,True,False,1.0,False,False,37.206
798,39.9,0,alert,alert,0.774362,0.774362,0.000194,0.0,0.001321,0.224123,0.141918,0.936319,0.0,0.125478,0.191184,0.198947,0.0,0.013903,0.019316,True,True,False,1.0,False,False,36.914
799,39.95,0,alert,alert,0.83269,0.83269,0.000175,0.0,0.001587,0.165548,0.360663,0.903993,0.0,0.124925,0.19194,0.199144,0.0,0.013928,0.019293,True,True,False,1.0,False,False,36.838
800,40.0,0,alert,alert,0.876841,0.876841,0.000162,0.0,0.00193,0.121067,0.309391,0.922971,0.0,0.124425,0.19236,0.199282,0.0,0.013929,0.019269,True,True,False,1.0,False,False,45.746
801,40.05,0,alert,alert,0.740778,0.740778,0.000203,0.0,0.001718,0.257301,0.232275,0.934697,0.0,0.124959,0.192427,0.199323,0.0,0.013905,0.019244,True,True,False,1.0,False,False,37.365
802,40.1,0,alert,alert,0.598425,0.598425,0.000233,0.0,0.001148,0.400195,0.237667,0.937474,0.0,0.122491,0.192925,0.199372,0.0,0.013929,0.01922,True,True,False,0.0,False,False,37.14
803,40.15,0,alert,alert,0.662634,0.662634,0.000223,0.0,0.00088,0.336262,0.234662,0.93688,0.0,0.121852,0.192996,0.199416,0.0,0.013906,0.019196,True,True,False,0.0,False,False,37.126
804,40.2,4,distraction,distracted,0.537407,0.461653,0.000246,0.0,0.000694,0.537407,0.239277,0.0,0.0,0.121257,0.193474,0.199416,0.0,0.013954,0.019196,True,True,False,0.0,False,False,33.398
805,40.25,0,alert,alert,0.683223,0.683223,0.000223,0.0,0.000719,0.315835,0.20724,0.936732,0.0,0.121424,0.19375,0.199426,0.0,0.013954,0.019172,True,True,False,0.0,False,False,45.7
806,40.3,0,alert,alert,0.734707,0.734707,0.000209,0.0,0.000717,0.264367,0.13512,0.942266,0.0,0.121493,0.193651,0.199345,0.0,0.01393,0.019148,True,True,False,1.0,False,False,36.706
807,40.35,0,alert,alert,0.805223,0.805223,0.000195,0.0,0.000695,0.193886,0.184853,0.929996,0.0,0.121458,0.194112,0.199327,0.0,0.013955,0.019124,True,True,False,1.0,False,False,36.809
808,40.4,0,alert,alert,0.822977,0.822977,0.000191,0.0,0.000752,0.17608,0.190755,0.927476,0.0,0.121903,0.194106,0.199316,0.0,0.013931,0.0191,True,True,False,0.0,False,False,36.864
809,40.45,0,alert,alert,0.785452,0.785452,0.000204,0.0,0.000851,0.213494,0.163695,0.932971,0.0,0.122268,0.194541,0.199272,0.0,0.013956,0.019076,True,True,False,0.0,False,False,36.953
810,40.5,0,alert,alert,0.815975,0.815975,0.000196,0.0,0.000984,0.182845,0.084788,0.948425,0.0,0.122365,0.194602,0.199127,0.0,0.013956,0.019052,True,True,False,0.0,False,False,45.848
811,40.55,0,alert,alert,0.66053,0.66053,0.00024,0.0,0.001024,0.338207,0.204077,0.929771,0.0,0.122769,0.194618,0.199133,0.0,0.013932,0.019029,True,True,False,0.0,False,False,36.918
812,40.6,4,distraction,distracted,0.555554,0.443346,0.000255,0.0,0.000845,0.555554,0.197646,0.937376,0.0,0.12372,0.195139,0.199131,0.0,0.013957,0.019005,True,True,False,0.0,False,False,36.808
813,40.65,4,distraction,distracted,0.799819,0.199357,0.000227,0.0,0.000597,0.799819,0.144684,0.947562,0.0,0.123986,0.195053,0.199063,0.0,0.013933,0.018981,True,True,False,0.0,False,False,36.711
814,40.7,4,distraction,distracted,0.843114,0.156148,0.000211,0.0,0.000528,0.843114,0.120133,0.950923,0.0,0.124167,0.195391,0.198963,0.0,0.013957,0.018957,True,True,False,0.0,False,False,37.267
815,40.75,4,distraction,distracted,0.838988,0.16026,0.000227,0.0,0.000525,0.838988,0.105445,0.951901,0.0,0.124336,0.195483,0.198845,0.0,0.013956,0.018933,True,True,False,0.0,False,False,45.984
816,40.8,4,distraction,distracted,0.782868,0.216317,0.000244,0.0,0.000571,0.782868,0.083358,0.952946,0.0,0.124128,0.19529,0.198699,0.0,0.013933,0.018909,True,True,False,0.0,False,False,37.152
817,40.85,4,distraction,distracted,0.734068,0.265085,0.000252,0.0,0.000596,0.734068,0.095186,0.951186,0.0,0.122019,0.195608,0.198569,0.0,0.013956,0.018885,True,True,False,0.0,False,False,37.171
818,40.9,4,distraction,distracted,0.793701,0.205536,0.000235,0.0,0.000528,0.793701,0.082653,0.953631,0.0,0.119859,0.195414,0.198423,0.0,0.013932,0.018862,True,True,False,0.0,False,False,37.541
819,40.95,4,distraction,distracted,0.869468,0.129908,0.000214,0.0,0.00041,0.869468,0.112699,0.950375,0.0,0.117437,0.195759,0.198316,0.0,0.013956,0.018838,True,True,False,1.0,False,False,37.16
820,41.0,4,distraction,distracted,0.775355,0.223813,0.000249,0.0,0.000583,0.775355,0.144664,0.945646,0.0,0.114823,0.195922,0.198249,0.0,0.013956,0.018815,True,True,False,0.0,False,False,46.494
821,41.05,4,distraction,distracted,0.636812,0.362201,0.000266,0.0,0.000722,0.636812,0.129768,0.948213,0.0,0.114898,0.195809,0.198164,0.0,0.013933,0.018791,True,True,False,1.0,False,False,37.927
822,41.1,4,distraction,distracted,0.629056,0.369948,0.000259,0.0,0.000737,0.629056,0.112164,0.951451,0.0,0.109096,0.196183,0.198056,0.0,0.013956,0.018768,True,True,False,1.0,False,False,37.726
823,41.15,4,distraction,distracted,0.702969,0.296103,0.000253,0.0,0.000675,0.702969,0.175457,0.941849,0.0,0.106732,0.196148,0.198028,0.0,0.013933,0.018744,True,True,False,0.0,False,False,37.528
824,41.2,4,distraction,distracted,0.569712,0.429237,0.000274,0.0,0.000777,0.569712,0.1237,0.947389,0.0,0.104757,0.196538,0.197936,0.0,0.013957,0.018721,True,True,False,0.0,False,False,37.178
825,41.25,4,distraction,distracted,0.513341,0.485533,0.000276,0.0,0.00085,0.513341,0.210308,0.937493,0.0,0.103618,0.196814,0.197951,0.0,0.013957,0.018698,True,True,False,0.0,False,False,45.842
826,41.3,0,alert,alert,0.654692,0.654692,0.000269,0.0,0.000898,0.344141,0.120081,0.948568,0.0,0.1037,0.196683,0.197854,0.0,0.013933,0.018675,True,True,False,0.0,False,False,37.067
827,41.35,0,alert,alert,0.589565,0.589565,0.000282,0.0,0.000831,0.409321,0.091712,0.951581,0.0,0.101659,0.197015,0.197723,0.0,0.013957,0.018652,True,True,False,0.0,False,False,37.39
828,41.4,0,alert,alert,0.720004,0.720004,0.000263,0.0,0.000855,0.278878,0.08899,0.953954,0.0,0.101687,0.196829,0.197587,0.0,0.013933,0.018629,True,True,False,0.0,False,False,36.968
829,41.45,0,alert,alert,0.590461,0.590461,0.000289,0.0,0.000821,0.408429,0.097298,0.951698,0.0,0.101942,0.197151,0.197463,0.0,0.013957,0.018606,True,True,False,1.0,False,False,36.893
830,41.5,0,alert,alert,0.590272,0.590272,0.000284,0.0,0.000792,0.408652,0.101222,0.950019,0.0,0.102252,0.197239,0.197344,0.0,0.013957,0.018583,True,True,False,1.0,False,False,45.869
831,41.55,0,alert,alert,0.524809,0.524809,0.000293,0.0,0.000736,0.474163,0.126528,0.948135,0.0,0.102374,0.197119,0.197257,0.0,0.013933,0.01856,True,True,False,1.0,False,False,37.333
832,41.6,0,alert,alert,0.499777,0.499777,0.000289,0.0,0.000678,0.499256,0.151829,0.946866,0.0,0.103204,0.197559,0.197201,0.0,0.013957,0.018537,True,True,False,1.0,False,False,38.102
833,41.65,0,alert,alert,0.604783,0.604783,0.000271,0.0,0.000683,0.394263,0.19289,0.942471,0.0,0.103948,0.197551,0.197196,0.0,0.013934,0.018514,True,True,False,0.0,False,False,37.409
834,41.7,0,alert,alert,0.650574,0.650574,0.000265,0.0,0.000673,0.348488,0.227051,0.939213,0.0,0.104866,0.198108,0.197232,0.0,0.013958,0.018492,True,True,False,0.0,False,False,37.634
835,41.75,0,alert,alert,0.536854,0.536854,0.000286,0.0,0.000661,0.462199,0.181056,0.945406,0.0,0.105532,0.198342,0.197212,0.0,0.013958,0.018469,True,True,False,0.0,False,False,46.543
836,41.8,0,alert,alert,0.530282,0.530282,0.000306,0.0,0.00069,0.468722,0.479569,0.8594,0.0,0.107236,0.198777,0.197526,0.0,0.013936,0.018449,True,True,False,0.0,False,False,37.277
837,41.85,4,distraction,distracted,0.600437,0.39857,0.000355,0.0,0.000638,0.600437,0.520386,0.812917,0.0,0.109541,0.19977,0.197864,0.0,0.013964,0.018429,True,True,False,0.0,False,False,37.577
838,41.9,4,distraction,distracted,0.523463,0.475503,0.000381,0.0,0.000654,0.523463,0.473025,0.876551,0.0,0.111547,0.200201,0.198175,0.0,0.013942,0.018408,True,True,False,0.0,False,False,36.958
839,41.95,4,distraction,distracted,0.530022,0.468954,0.00036,0.0,0.000664,0.530022,0.369057,0.907418,0.0,0.113078,0.200983,0.198375,0.0,0.013967,0.018387,True,True,False,0.0,False,False,36.787
840,42.0,4,distraction,distracted,0.513783,0.485235,0.000339,0.0,0.000642,0.513783,0.191272,0.934936,0.0,0.113726,0.201231,0.198366,0.0,0.013967,0.018365,True,True,False,0.847427,False,False,45.916
841,42.05,0,alert,alert,0.669032,0.669032,0.000297,0.0,0.000666,0.330006,0.075184,0.951839,0.0,0.11381,0.201015,0.198216,0.0,0.013943,0.018342,True,True,False,0.0,False,False,37.155
842,42.1,0,alert,alert,0.728239,0.728239,0.000271,0.0,0.000712,0.270778,0.050578,0.955746,0.0,0.113787,0.201284,0.198035,0.0,0.013967,0.01832,True,True,False,0.0,False,False,37.316
843,42.15,0,alert,alert,0.794381,0.794381,0.000252,0.0,0.000707,0.20466,0.042516,0.953438,0.0,0.113606,0.201012,0.197845,0.0,0.013943,0.018298,True,True,False,1.0,False,False,37.052
844,42.2,0,alert,alert,0.748009,0.748009,0.000278,0.0,0.000701,0.251013,0.064254,0.94406,0.0,0.1136,0.201246,0.197683,0.0,0.013967,0.018275,True,True,False,0.0,False,False,37.026
845,42.25,0,alert,alert,0.7961,0.7961,0.000259,0.0,0.000655,0.202986,0.079746,0.941585,0.0,0.11371,0.201279,0.197541,0.0,0.013967,0.018253,True,True,False,1.0,False,False,45.683
846,42.3,0,alert,alert,0.775666,0.775666,0.000273,0.0,0.000619,0.223442,0.117616,0.934431,0.0,0.113945,0.201138,0.197446,0.0,0.013944,0.018232,True,True,False,1.0,False,False,36.95
847,42.35,0,alert,alert,0.694772,0.694772,0.000327,0.0,0.000597,0.304303,0.32027,0.906821,0.0,0.115178,0.20178,0.197588,0.0,0.013969,0.018211,True,True,False,0.0,False,False,37.139
848,42.4,0,alert,alert,0.575093,0.575093,0.000361,0.0,0.000564,0.423981,0.246124,0.9247,0.0,0.116002,0.201853,0.197645,0.0,0.013945,0.018189,True,True,False,0.0,False,False,37.273
849,42.45,0,alert,alert,0.579032,0.579032,0.000333,0.0,0.000536,0.420099,0.336126,0.919821,0.0,0.117386,0.202576,0.197807,0.0,0.01397,0.018168,True,True,False,0.774459,False,False,37.601
850,42.5,0,alert,alert,0.739096,0.739096,0.000285,0.0,0.000552,0.260067,0.354809,0.919077,0.0,0.118884,0.203082,0.197991,0.0,0.013971,0.018147,True,True,False,0.0,False,False,45.909
851,42.55,0,alert,alert,0.851837,0.851837,0.000229,0.0,0.000552,0.147383,0.233895,0.933441,0.0,0.119812,0.203133,0.198033,0.0,0.013947,0.018125,True,True,False,0.0,False,False,37.203
852,42.6,0,alert,alert,0.877512,0.877512,0.000207,0.0,0.000561,0.12172,0.123128,0.942995,0.0,0.120204,0.203485,0.197944,0.0,0.013971,0.018104,True,True,False,0.0,False,False,37.142
853,42.65,0,alert,alert,0.919671,0.919671,0.000176,0.0,0.000584,0.079569,0.095245,0.947048,0.0,0.120418,0.203301,0.19782,0.0,0.013948,0.018082,True,True,False,0.0,False,False,37.052
854,42.7,0,alert,alert,0.947087,0.947087,0.000158,0.0,0.000594,0.052162,0.065364,0.952168,0.0,0.120472,0.203531,0.197661,0.0,0.013971,0.01806,True,True,False,0.0,False,False,37.008
855,42.75,0,alert,alert,0.960708,0.960708,0.000148,0.0,0.000622,0.038523,0.051807,0.951608,0.0,0.120447,0.203385,0.197486,0.0,0.013971,0.018038,True,True,False,0.0,False,False,46.266
856,42.8,0,alert,alert,0.949681,0.949681,0.00016,0.0,0.000759,0.0494,0.049228,0.951306,0.0,0.12043,0.203121,0.197308,0.0,0.013947,0.018017,True,True,False,0.0,False,False,37.245
857,42.85,0,alert,alert,0.950936,0.950936,0.000157,0.0,0.000812,0.048095,0.054568,0.950471,0.0,0.120444,0.203145,0.197137,0.0,0.013971,0.017995,True,True,False,0.0,False,False,37.242
858,42.9,0,alert,alert,0.874582,0.874582,0.000219,0.0,0.000962,0.124237,0.058856,0.949636,0.0,0.120473,0.202899,0.196972,0.0,0.013947,0.017974,True,True,False,1.0,False,False,37.957
859,42.95,0,alert,alert,0.813174,0.813174,0.000228,0.0,0.001041,0.185558,0.069666,0.947701,0.0,0.120591,0.203135,0.19682,0.0,0.013971,0.017952,True,True,False,1.0,False,False,37.955
860,43.0,0,alert,alert,0.903318,0.903318,0.000172,0.0,0.000828,0.095683,0.063155,0.94963,0.0,0.120676,0.203144,0.196661,0.0,0.013971,0.017931,True,True,False,1.0,False,False,46.53
861,43.05,0,alert,alert,0.868592,0.868592,0.000187,0.0,0.000818,0.130403,0.060081,0.949877,0.0,0.120738,0.2029,0.196498,0.0,0.013947,0.01791,True,True,False,1.0,False,False,38.014
862,43.1,0,alert,alert,0.837576,0.837576,0.000203,0.0,0.000768,0.161453,0.054961,0.949831,0.0,0.120729,0.202961,0.19633,0.0,0.013971,0.017888,True,True,False,1.0,False,False,38.015
863,43.15,0,alert,alert,0.896168,0.896168,0.00018,0.0,0.000713,0.10294,0.062526,0.947916,0.0,0.120762,0.202721,0.196171,0.0,0.013947,0.017867,True,True,False,1.0,False,False,37.634
864,43.2,0,alert,alert,0.79368,0.79368,0.000222,0.0,0.000773,0.205326,0.050791,0.948854,0.0,0.120759,0.201924,0.195999,0.0,0.013968,0.017846,True,True,False,1.0,False,False,37.963
865,43.25,0,alert,alert,0.879037,0.879037,0.000172,0.0,0.000766,0.120026,0.046378,0.948771,0.0,0.120611,0.201424,0.195822,0.0,0.013967,0.017825,True,True,False,1.0,False,False,46.902
866,43.3,0,alert,alert,0.929386,0.929386,0.000138,0.0,0.00073,0.069746,0.044184,0.949857,0.0,0.120431,0.201155,0.195642,0.0,0.013943,0.017804,True,True,False,0.0,False,False,38.535
867,43.35,0,alert,alert,0.950137,0.950137,0.000126,0.0,0.000797,0.048941,0.044351,0.950131,0.0,0.1203,0.200909,0.195464,0.0,0.013967,0.017783,True,True,False,1.0,False,False,37.694
868,43.4,0,alert,alert,0.94271,0.94271,0.000134,0.0,0.000856,0.0563,0.046116,0.950274,0.0,0.12027,0.200644,0.195287,0.0,0.013943,0.017762,True,True,False,1.0,False,False,36.703
869,43.45,0,alert,alert,0.943859,0.943859,0.000131,0.0,0.000872,0.055138,0.136635,0.929885,0.0,0.120727,0.200586,0.195219,0.0,0.013967,0.017741,True,True,False,1.0,False,False,36.989
870,43.5,0,alert,alert,0.956102,0.956102,0.00012,0.0,0.001071,0.042706,0.142971,0.929954,0.0,0.121177,0.200599,0.195159,0.0,0.013967,0.017721,True,True,False,1.0,False,False,46.23
871,43.55,0,alert,alert,0.960466,0.960466,0.00012,0.0,0.001204,0.03821,0.179416,0.928564,0.0,0.121815,0.200564,0.195141,0.0,0.013944,0.0177,True,True,False,0.0,False,False,37.181
872,43.6,0,alert,alert,0.964846,0.964846,0.000111,0.0,0.001253,0.03379,0.137048,0.934052,0.0,0.122175,0.200893,0.195074,0.0,0.013968,0.01768,True,True,False,0.0,False,False,36.754
873,43.65,0,alert,alert,0.958494,0.958494,0.000114,0.0,0.001328,0.040064,0.196431,0.923013,0.0,0.122849,0.200886,0.195075,0.0,0.013945,0.01766,True,True,False,0.0,False,False,37.025
874,43.7,0,alert,alert,0.969839,0.969839,0.000106,0.0,0.001239,0.028816,0.127227,0.937038,0.0,0.123115,0.201154,0.194997,0.0,0.013969,0.017639,True,True,False,0.0,False,False,38.75
875,43.75,0,alert,alert,0.973788,0.973788,0.000106,0.0,0.001337,0.024768,0.09765,0.943317,0.0,0.123221,0.201137,0.194884,0.0,0.013969,0.017619,True,True,False,0.0,False,False,45.9
876,43.8,0,alert,alert,0.973924,0.973924,0.000111,0.0,0.001677,0.024288,0.104688,0.943407,0.0,0.123369,0.200973,0.194779,0.0,0.013945,0.017598,True,True,False,0.0,False,False,37.263
877,43.85,0,alert,alert,0.974394,0.974394,0.000109,0.0,0.001775,0.023721,0.17473,0.929728,0.0,0.123821,0.201181,0.194756,0.0,0.013969,0.017578,True,True,False,0.0,False,False,37.089
878,43.9,0,alert,alert,0.973237,0.973237,0.000112,0.0,0.001864,0.024787,0.11876,0.94181,0.0,0.124126,0.201041,0.194668,0.0,0.013946,0.017558,True,True,False,1.0,False,False,37.066
879,43.95,0,alert,alert,0.968069,0.968069,0.000121,0.0,0.001826,0.029984,0.469244,0.847351,0.0,0.125962,0.201471,0.194954,0.0,0.013971,0.017539,True,True,False,1.0,False,False,36.703
880,44.0,0,alert,alert,0.92549,0.92549,0.000162,0.0,0.002146,0.072202,0.525653,0.802384,0.0,0.12621,0.201729,0.195279,0.0,0.013974,0.017522,True,True,False,1.0,False,False,46.208
881,44.05,0,alert,alert,0.940534,0.940534,0.000144,0.0,0.001947,0.057375,0.51558,0.838448,0.0,0.126204,0.202203,0.195608,0.0,0.013953,0.017504,True,True,False,1.0,False,False,37.669
882,44.1,0,alert,alert,0.953241,0.953241,0.000134,0.0,0.001969,0.044655,0.53223,0.826563,0.0,0.126205,0.202077,0.195949,0.0,0.013978,0.017486,True,True,False,1.0,False,False,37.717
883,44.15,0,alert,alert,0.947003,0.947003,0.000143,0.0,0.002665,0.050189,0.51367,0.858421,0.0,0.12628,0.20256,0.196282,0.0,0.013956,0.017468,True,True,False,1.0,False,False,37.922
884,44.2,0,alert,alert,0.919602,0.919602,0.00017,0.0,0.004058,0.07617,0.506291,0.866048,0.0,0.126624,0.202567,0.19661,0.0,0.01398,0.01745,True,True,False,0.0,False,False,38.364
885,44.25,0,alert,alert,0.897512,0.897512,0.000182,0.0,0.004969,0.097338,0.476169,0.877658,0.0,0.126997,0.202602,0.196909,0.0,0.01398,0.017431,True,True,False,0.0,False,False,46.752
886,44.3,0,alert,alert,0.921758,0.921758,0.000162,0.0,0.005271,0.07281,0.427519,0.899516,0.0,0.127687,0.202966,0.197162,0.0,0.013957,0.017412,True,True,False,0.0,False,False,38.112
887,44.35,0,alert,alert,0.912229,0.912229,0.000172,0.0,0.007151,0.080448,0.493401,0.868043,0.0,0.129365,0.202563,0.197475,0.0,0.013981,0.017393,True,True,False,0.0,False,False,38.101
888,44.4,0,alert,alert,0.870881,0.870881,0.00021,0.0,0.009794,0.119115,0.542861,0.848108,0.0,0.131413,0.203084,0.197831,0.0,0.01396,0.017375,True,True,False,0.0,False,False,38.444
889,44.45,0,alert,alert,0.883861,0.883861,0.000225,0.0,0.012104,0.10381,0.599213,0.849179,0.0,0.133929,0.203107,0.198246,0.0,0.013985,0.017358,True,True,False,0.0,False,False,37.853
890,44.5,0,alert,alert,0.878758,0.878758,0.000272,0.0,0.018946,0.102024,0.635123,0.834972,0.0,0.136629,0.203773,0.198688,0.0,0.013987,0.01734,True,True,False,0.0,False,False,46.25
891,44.55,0,alert,alert,0.880859,0.880859,0.000296,0.0,0.026284,0.092561,0.531217,0.880771,0.0,0.138843,0.204293,0.199043,0.0,0.013965,0.017321,True,True,False,0.0,False,False,37.231
892,44.6,0,alert,alert,0.8539,0.8539,0.000345,0.0,0.037428,0.108327,0.46446,0.903014,0.0,0.140709,0.204943,0.199334,0.0,0.01399,0.017302,True,True,False,0.0,False,False,37.381
893,44.65,0,alert,alert,0.8362,0.8362,0.000378,0.0,0.049827,0.113595,0.383539,0.920151,0.0,0.141897,0.20524,0.199539,0.0,0.013967,0.017283,True,True,False,1.0,False,False,37.042
894,44.7,0,alert,alert,0.839943,0.839943,0.000406,0.0,0.067376,0.092274,0.270192,0.93529,0.0,0.141827,0.205225,0.199619,0.0,0.01399,0.017264,True,True,False,1.0,False,False,37.362
895,44.75,0,alert,alert,0.851449,0.851449,0.000389,0.0,0.070263,0.077899,0.218136,0.937863,0.0,0.140819,0.205338,0.19964,0.0,0.013991,0.017244,True,True,False,0.0,False,False,46.151
896,44.8,0,alert,alert,0.851092,0.851092,0.000378,0.0,0.072858,0.075673,0.174699,0.939175,0.0,0.139519,0.205286,0.199611,0.0,0.013967,0.017225,True,True,False,0.0,False,False,36.973
897,44.85,0,alert,alert,0.853724,0.853724,0.000374,0.0,0.084215,0.061687,0.21192,0.935765,0.0,0.138832,0.20567,0.199625,0.0,0.013991,0.017205,True,True,False,0.0,False,False,36.932
898,44.9,0,alert,alert,0.851415,0.851415,0.00038,0.0,0.0941,0.054106,0.196575,0.937067,0.0,0.138932,0.205655,0.199622,0.0,0.013968,0.017186,True,True,False,0.0,False,False,36.732
899,44.95,0,alert,alert,0.844329,0.844329,0.000386,0.0,0.102828,0.052457,0.241238,0.929145,0.0,0.139799,0.206151,0.199668,0.0,0.013992,0.017167,True,True,False,0.288312,False,False,37.073
900,45.0,0,alert,alert,0.84425,0.84425,0.000383,0.0,0.108295,0.047072,0.359879,0.902222,0.0,0.141345,0.206625,0.199842,0.0,0.013994,0.017148,True,True,False,0.427472,False,False,45.852
901,45.05,0,alert,alert,0.832179,0.832179,0.000396,0.0,0.12475,0.042675,0.382764,0.900471,0.0,0.143027,0.206912,0.200039,0.0,0.013971,0.01713,True,True,False,0.461804,False,False,37.136
902,45.1,0,alert,alert,0.832456,0.832456,0.000398,0.0,0.129186,0.037961,0.364859,0.911938,0.0,0.14465,0.207449,0.200219,0.0,0.013996,0.017111,True,True,False,0.636212,False,False,37.186
903,45.15,0,alert,alert,0.806445,0.806445,0.000426,0.0,0.151855,0.041274,0.389344,0.912525,0.0,0.146322,0.207748,0.200426,0.0,0.013973,0.017092,True,True,False,0.645368,False,False,37.055
904,45.2,0,alert,alert,0.81348,0.81348,0.000433,0.0,0.141567,0.04452,0.409141,0.909437,0.0,0.148069,0.208428,0.200653,0.0,0.013998,0.017074,True,True,False,0.731427,False,False,37.173
905,45.25,0,alert,alert,0.777037,0.777037,0.000487,0.0,0.178067,0.044409,0.388353,0.916094,0.0,0.149773,0.208829,0.200858,0.0,0.013999,0.017055,True,True,False,0.0,False,False,46.047
906,45.3,0,alert,alert,0.711789,0.711789,0.000547,0.0,0.245401,0.042263,0.442827,0.897719,0.0,0.151746,0.209208,0.201117,0.0,0.013976,0.017037,True,True,False,0.0,False,False,36.911
907,45.35,0,alert,alert,0.761698,0.761698,0.000535,0.0,0.195517,0.04225,0.409199,0.909416,0.0,0.153555,0.209652,0.201342,0.0,0.014,0.017018,True,True,False,0.0,False,False,36.983
908,45.4,0,alert,alert,0.754513,0.754513,0.00054,0.0,0.202457,0.04249,0.355412,0.91976,0.0,0.155112,0.209894,0.201511,0.0,0.013977,0.017,True,True,False,0.0,False,False,37.064
909,45.45,0,alert,alert,0.762278,0.762278,0.000518,0.0,0.192156,0.045048,0.329627,0.927754,0.0,0.156546,0.210398,0.201652,0.0,0.014002,0.016981,True,True,False,0.0,False,False,37.158
910,45.5,0,alert,alert,0.869814,0.869814,0.000389,0.0,0.083816,0.045982,0.258182,0.938119,0.0,0.157627,0.210685,0.201715,0.0,0.014002,0.016962,True,True,False,0.0,False,False,46.808
911,45.55,0,alert,alert,0.922139,0.922139,0.000274,0.0,0.019426,0.058161,0.309043,0.930234,0.0,0.158967,0.21085,0.201833,0.0,0.013978,0.016943,True,True,False,0.0,False,False,37.312
912,45.6,0,alert,alert,0.924233,0.924233,0.00022,0.0,0.008493,0.067054,0.383157,0.921333,0.0,0.160675,0.211545,0.202031,0.0,0.014003,0.016925,True,True,False,0.0,False,False,37.926
913,45.65,0,alert,alert,0.948229,0.948229,0.000155,0.0,0.003615,0.048001,0.223738,0.94308,0.0,0.161547,0.211565,0.202056,0.0,0.013979,0.016906,True,True,False,0.0,False,False,37.303
914,45.7,0,alert,alert,0.956406,0.956406,0.000136,0.0,0.001981,0.041477,0.118573,0.949373,0.0,0.161899,0.211711,0.201962,0.0,0.014003,0.016887,True,True,False,0.0,False,False,37.33
915,45.75,0,alert,alert,0.960798,0.960798,0.000127,0.0,0.001745,0.03733,0.066617,0.952619,0.0,0.162008,0.211501,0.20181,0.0,0.014003,0.016868,True,True,False,0.0,False,False,45.637
916,45.8,0,alert,alert,0.961218,0.961218,0.000124,0.0,0.001488,0.037169,0.04858,0.953951,0.0,0.162027,0.21122,0.201637,0.0,0.013979,0.016849,True,True,False,0.0,False,False,36.865
917,45.85,0,alert,alert,0.959531,0.959531,0.000128,0.0,0.001253,0.039089,0.058252,0.948764,0.0,0.16207,0.210526,0.201477,0.0,0.014001,0.01683,True,True,False,0.0,False,False,36.946
918,45.9,0,alert,alert,0.953497,0.953497,0.00014,0.0,0.001112,0.045251,0.131325,0.937286,0.0,0.162516,0.210392,0.2014,0.0,0.013978,0.016811,True,True,False,0.0,False,False,37.027
919,45.95,0,alert,alert,0.950875,0.950875,0.000146,0.0,0.001086,0.047893,0.106158,0.940947,0.0,0.162784,0.209316,0.201294,0.0,0.013997,0.016793,True,True,False,0.0,False,False,37.164
920,46.0,0,alert,alert,0.950523,0.950523,0.000144,0.0,0.00104,0.048293,0.063535,0.948379,0.0,0.162837,0.208713,0.201141,0.0,0.013996,0.016774,True,True,False,0.0,False,False,46.129
921,46.05,0,alert,alert,0.953974,0.953974,0.000138,0.0,0.001014,0.044874,0.053556,0.950619,0.0,0.162843,0.208447,0.200976,0.0,0.013972,0.016755,True,True,False,0.0,False,False,37.522
922,46.1,0,alert,alert,0.948339,0.948339,0.000149,0.0,0.000997,0.050516,0.454291,0.854487,0.0,0.164794,0.208873,0.20123,0.0,0.013998,0.016739,True,True,False,0.0,False,False,37.035
923,46.15,0,alert,alert,0.915991,0.915991,0.000201,0.0,0.000989,0.082819,0.522246,0.818822,0.0,0.166986,0.209576,0.201538,0.0,0.014001,0.016723,True,True,False,0.0,False,False,36.951
924,46.2,0,alert,alert,0.708656,0.708656,0.000365,0.0,0.001045,0.289934,0.525171,0.824944,0.0,0.169195,0.210323,0.20185,0.0,0.014004,0.016707,True,True,False,0.0,False,False,36.955
925,46.25,0,alert,alert,0.60884,0.60884,0.000431,0.0,0.00095,0.389779,0.518053,0.839372,0.0,0.171352,0.211084,0.20216,0.0,0.014007,0.01669,True,True,False,0.0,False,False,45.926
926,46.3,0,alert,alert,0.708773,0.708773,0.000363,0.0,0.00096,0.289903,0.485315,0.878007,0.0,0.173413,0.211519,0.20245,0.0,0.013985,0.016673,True,True,False,0.0,False,False,37.133
927,46.35,0,alert,alert,0.864665,0.864665,0.000236,0.0,0.000925,0.134173,0.419247,0.904326,0.0,0.175245,0.212324,0.202679,0.0,0.01401,0.016655,True,True,False,0.0,False,False,37.202
928,46.4,0,alert,alert,0.932555,0.932555,0.000163,0.0,0.001011,0.066272,0.294418,0.926645,0.0,0.176486,0.212629,0.202778,0.0,0.01401,0.016637,True,True,False,0.0,False,False,37.258
929,46.45,0,alert,alert,0.934025,0.934025,0.000144,0.0,0.001111,0.06472,0.197257,0.934952,0.0,0.177262,0.212297,0.202772,0.0,0.014009,0.016619,True,True,False,0.0,False,False,37.273
930,46.5,0,alert,alert,0.955052,0.955052,0.000126,0.0,0.001004,0.043818,0.105711,0.946401,0.0,0.177585,0.212004,0.202665,0.0,0.014008,0.016601,True,True,False,0.0,False,False,46.169
931,46.55,0,alert,alert,0.965933,0.965933,0.000118,0.0,0.001042,0.032907,0.082377,0.949758,0.0,0.177723,0.211782,0.202532,0.0,0.013984,0.016583,True,True,False,0.0,False,False,37.572
932,46.6,0,alert,alert,0.966263,0.966263,0.000123,0.0,0.001379,0.032235,0.061954,0.952765,0.0,0.177726,0.210978,0.202377,0.0,0.014006,0.016564,True,True,False,0.0,False,False,37.075
933,46.65,0,alert,alert,0.957535,0.957535,0.000132,0.0,0.001647,0.040686,0.049274,0.953542,0.0,0.177707,0.210606,0.202208,0.0,0.014006,0.016546,True,True,False,1.0,False,False,37.103
934,46.7,0,alert,alert,0.959049,0.959049,0.000128,0.0,0.001718,0.039105,0.057042,0.950681,0.0,0.177711,0.21048,0.202048,0.0,0.014005,0.016528,True,True,False,1.0,False,False,37.402
935,46.75,0,alert,alert,0.962769,0.962769,0.000123,0.0,0.001631,0.035477,0.059432,0.948625,0.0,0.177755,0.21042,0.201892,0.0,0.014005,0.01651,True,True,False,0.0,False,False,46.411
936,46.8,0,alert,alert,0.959313,0.959313,0.000125,0.0,0.001522,0.03904,0.11832,0.937955,0.0,0.178067,0.210264,0.201801,0.0,0.013982,0.016492,True,True,False,0.642578,False,False,37.476
937,46.85,0,alert,alert,0.944757,0.944757,0.000135,0.0,0.001451,0.053657,0.06577,0.946882,0.0,0.178161,0.210554,0.201653,0.0,0.014006,0.016474,True,True,False,0.0,False,False,37.003
938,46.9,0,alert,alert,0.929805,0.929805,0.000142,0.0,0.001312,0.068741,0.046825,0.950544,0.0,0.178142,0.210554,0.201483,0.0,0.014006,0.016456,True,True,False,0.0,False,False,37.391
939,46.95,0,alert,alert,0.926837,0.926837,0.00014,0.0,0.001209,0.071814,0.044384,0.950006,0.0,0.178147,0.210533,0.201312,0.0,0.014006,0.016438,True,True,False,0.0,False,False,36.982
940,47.0,0,alert,alert,0.94359,0.94359,0.000128,0.0,0.001095,0.055188,0.052971,0.94942,0.0,0.178178,0.210526,0.20115,0.0,0.014006,0.01642,True,True,False,0.0,False,False,46.072
941,47.05,0,alert,alert,0.912028,0.912028,0.00015,0.0,0.001086,0.086736,0.048326,0.950366,0.0,0.178201,0.210248,0.200983,0.0,0.013982,0.016402,True,True,False,0.993306,False,False,37.213
942,47.1,0,alert,alert,0.908885,0.908885,0.000154,0.0,0.000961,0.09,0.044661,0.951312,0.0,0.178177,0.210479,0.200813,0.0,0.014006,0.016384,True,True,False,0.993306,False,False,37.211
943,47.15,0,alert,alert,0.734051,0.734051,0.000226,0.0,0.00107,0.264654,0.396273,0.895115,0.0,0.179891,0.211035,0.201013,0.0,0.014007,0.016367,True,True,False,0.888626,False,False,37.111
944,47.2,4,distraction,distracted,0.511722,0.487152,0.000257,0.0,0.000869,0.511722,0.484658,0.865399,0.0,0.181998,0.211715,0.201294,0.0,0.014009,0.016351,True,True,False,0.841019,False,False,38.299
945,47.25,4,distraction,distracted,0.552041,0.446987,0.000247,0.0,0.000725,0.552041,0.481503,0.866939,0.0,0.184094,0.212386,0.201572,0.0,0.014011,0.016335,True,True,False,0.841019,False,False,46.695
946,47.3,4,distraction,distracted,0.596632,0.402527,0.000239,0.0,0.000602,0.596632,0.454976,0.891937,0.0,0.186107,0.212777,0.20183,0.0,0.013989,0.016318,True,True,False,0.0,False,False,37.887
947,47.35,0,alert,alert,0.520367,0.520367,0.000242,0.0,0.000593,0.478797,0.388431,0.915103,0.0,0.187752,0.213629,0.202025,0.0,0.014014,0.016301,True,True,False,0.0,False,False,37.407
948,47.4,0,alert,alert,0.653893,0.653893,0.000225,0.0,0.000587,0.345295,0.257691,0.934919,0.0,0.188812,0.213995,0.202084,0.0,0.014014,0.016284,True,True,False,0.0,False,False,37.2
949,47.45,0,alert,alert,0.799302,0.799302,0.000193,0.0,0.000589,0.199916,0.162124,0.943265,0.0,0.18942,0.214197,0.202041,0.0,0.014014,0.016266,True,True,False,0.0,False,False,36.996
950,47.5,0,alert,alert,0.891506,0.891506,0.000161,0.0,0.000581,0.107752,0.130822,0.946645,0.0,0.189846,0.214343,0.201964,0.0,0.014014,0.016249,True,True,False,0.344574,False,False,46.244
951,47.55,0,alert,alert,0.897981,0.897981,0.000163,0.0,0.000626,0.10123,0.109553,0.950064,0.0,0.190153,0.214163,0.201865,0.0,0.01399,0.016231,True,True,False,0.377075,False,False,37.337
952,47.6,0,alert,alert,0.912232,0.912232,0.000154,0.0,0.000658,0.086955,0.089023,0.949094,0.0,0.190361,0.214215,0.201743,0.0,0.014013,0.016214,True,True,False,0.377075,False,False,37.476
953,47.65,0,alert,alert,0.874409,0.874409,0.000175,0.0,0.000706,0.12471,0.066089,0.950614,0.0,0.190432,0.214007,0.201597,0.0,0.014013,0.016196,True,True,False,0.0,False,False,37.096
954,47.7,0,alert,alert,0.874247,0.874247,0.000168,0.0,0.000724,0.124861,0.157219,0.936663,0.0,0.191007,0.214057,0.20155,0.0,0.014013,0.016179,True,True,False,0.0,False,False,37.156
955,47.75,0,alert,alert,0.914587,0.914587,0.000147,0.0,0.000698,0.084568,0.092175,0.947345,0.0,0.191248,0.213892,0.201433,0.0,0.014012,0.016162,True,True,False,0.0,False,False,46.086
956,47.8,0,alert,alert,0.925243,0.925243,0.000135,0.0,0.000746,0.073875,0.084741,0.945548,0.0,0.191427,0.213671,0.201308,0.0,0.013988,0.016145,True,True,False,0.0,False,False,37.002
957,47.85,0,alert,alert,0.928846,0.928846,0.000127,0.0,0.000802,0.070225,0.154294,0.939869,0.0,0.191963,0.213915,0.201258,0.0,0.014012,0.016128,True,True,False,0.0,False,False,36.646
958,47.9,0,alert,alert,0.83353,0.83353,0.000173,0.0,0.000962,0.165335,0.465969,0.868602,0.0,0.194,0.214475,0.201517,0.0,0.014014,0.016112,True,True,False,0.0,False,False,36.849
959,47.95,0,alert,alert,0.81481,0.81481,0.000187,0.0,0.000933,0.18407,0.530276,0.835729,0.0,0.196282,0.214993,0.201827,0.0,0.014016,0.016097,True,True,False,0.0,False,False,36.826
960,48.0,0,alert,alert,0.812646,0.812646,0.000197,0.0,0.000825,0.186331,0.531246,0.82437,0.0,0.198543,0.215071,0.202133,0.0,0.014017,0.016082,True,True,False,0.0,False,False,45.809
961,48.05,0,alert,alert,0.869868,0.869868,0.000177,0.0,0.000825,0.12913,0.530621,0.832807,0.0,0.20081,0.215546,0.20244,0.0,0.013996,0.016067,True,True,False,0.798904,False,False,37.121
962,48.1,0,alert,alert,0.915751,0.915751,0.000149,0.0,0.000853,0.083247,0.516133,0.841063,0.0,0.203012,0.21505,0.202737,0.0,0.014016,0.016051,True,True,False,0.0,False,False,37.125
963,48.15,0,alert,alert,0.922943,0.922943,0.000148,0.0,0.000851,0.076058,0.478492,0.880754,0.0,0.205075,0.214997,0.203009,0.0,0.014015,0.016036,True,True,False,0.0,False,False,37.365
964,48.2,0,alert,alert,0.941119,0.941119,0.000136,0.0,0.000765,0.057979,0.422398,0.898018,0.0,0.206866,0.214892,0.20323,0.0,0.014015,0.016019,True,True,False,0.0,False,False,36.826
965,48.25,0,alert,alert,0.928949,0.928949,0.000141,0.0,0.000874,0.070036,0.369081,0.912443,0.0,0.208446,0.21471,0.2034,0.0,0.014014,0.016003,True,True,False,0.0,False,False,46.139
966,48.3,0,alert,alert,0.945314,0.945314,0.000126,0.0,0.000929,0.053631,0.293064,0.929199,0.0,0.209666,0.214842,0.203493,0.0,0.01399,0.015986,True,True,False,0.0,False,False,37.163
967,48.35,0,alert,alert,0.955365,0.955365,0.000119,0.0,0.000893,0.043623,0.178379,0.944201,0.0,0.210271,0.213976,0.203466,0.0,0.014011,0.015969,True,True,False,0.0,False,False,37.02
968,48.4,0,alert,alert,0.94919,0.94919,0.000131,0.0,0.00081,0.049868,0.302899,0.920824,0.0,0.211499,0.213736,0.203569,0.0,0.01401,0.015953,True,True,False,0.0,False,False,37.325
969,48.45,0,alert,alert,0.880978,0.880978,0.000206,0.0,0.000943,0.117873,0.49505,0.849015,0.0,0.213616,0.213725,0.203845,0.0,0.01401,0.015938,True,True,False,0.0,False,False,37.16
970,48.5,0,alert,alert,0.729012,0.729012,0.00032,0.0,0.000913,0.269756,0.543548,0.822405,0.0,0.215787,0.21372,0.204156,0.0,0.014011,0.015923,True,True,False,1.0,False,False,46.231
971,48.55,0,alert,alert,0.499884,0.499884,0.000436,0.0,0.000778,0.498901,0.55895,0.817502,0.0,0.218016,0.21423,0.204479,0.0,0.01399,0.015909,True,True,False,1.0,False,False,37.375
972,48.6,4,distraction,distracted,0.646214,0.352733,0.000436,0.0,0.000617,0.646214,0.526594,0.856805,0.0,0.22026,0.213544,0.204786,0.0,0.014012,0.015894,True,True,False,1.0,False,False,36.957
973,48.65,4,distraction,distracted,0.752736,0.246406,0.000381,0.0,0.000477,0.752736,0.454487,0.902471,0.0,0.22184,0.213451,0.205037,0.0,0.014011,0.015878,True,True,False,0.0,False,False,37.07
974,48.7,4,distraction,distracted,0.826599,0.172691,0.000331,0.0,0.000379,0.826599,0.325707,0.921742,0.0,0.222863,0.213227,0.20516,0.0,0.014011,0.015862,True,True,False,0.0,False,False,37.306
975,48.75,4,distraction,distracted,0.818941,0.180379,0.00032,0.0,0.00036,0.818941,0.165915,0.939406,0.0,0.22317,0.212838,0.205119,0.0,0.01401,0.015845,True,True,False,0.0,False,False,46.877
976,48.8,4,distraction,distracted,0.859324,0.140083,0.000283,0.0,0.00031,0.859324,0.081787,0.949162,0.0,0.223198,0.212614,0.204989,0.0,0.013986,0.015828,True,True,False,0.0,False,False,38.001
977,48.85,4,distraction,distracted,0.839785,0.159614,0.000287,0.0,0.000315,0.839785,0.051212,0.950962,0.0,0.223167,0.212118,0.204828,0.0,0.01401,0.015812,True,True,False,0.0,False,False,37.87
978,48.9,4,distraction,distracted,0.848984,0.150427,0.000284,0.0,0.000305,0.848984,0.060887,0.945628,0.0,0.223156,0.211892,0.204677,0.0,0.014009,0.015795,True,True,False,0.0,False,False,38.215
979,48.95,4,distraction,distracted,0.914674,0.084838,0.000242,0.0,0.000245,0.914674,0.069058,0.943134,0.0,0.222964,0.211637,0.204536,0.0,0.014009,0.015779,True,True,False,0.0,False,False,37.678
980,49.0,4,distraction,distracted,0.958501,0.041111,0.000195,0.0,0.000193,0.958501,0.152548,0.0,0.0,0.22361,0.211668,0.204536,0.0,0.014033,0.015779,True,True,False,0.0,False,False,43.17
981,49.05,4,distraction,distracted,0.952523,0.047058,0.000214,0.0,0.000205,0.952523,0.304,0.909864,0.0,0.223997,0.21182,0.204636,0.0,0.01401,0.015763,True,True,False,0.0,False,False,38.053
982,49.1,4,distraction,distracted,0.879122,0.120306,0.000277,0.0,0.000295,0.879122,0.469744,0.862086,0.0,0.224345,0.212017,0.204888,0.0,0.014035,0.015748,True,True,False,0.0,False,False,38.141
983,49.15,4,distraction,distracted,0.866939,0.132486,0.00027,0.0,0.000305,0.866939,0.399243,0.905375,0.0,0.225026,0.212083,0.205081,0.0,0.014035,0.015732,True,True,False,0.0,False,False,38.012
984,49.2,4,distraction,distracted,0.864172,0.135257,0.000261,0.0,0.00031,0.864172,0.296274,0.921243,0.0,0.225428,0.212026,0.205174,0.0,0.014035,0.015716,True,True,False,0.0,False,False,37.977
985,49.25,4,distraction,distracted,0.641973,0.357222,0.000324,0.0,0.000482,0.641973,0.187056,0.938835,0.0,0.224956,0.211668,0.205155,0.0,0.014034,0.0157,True,True,False,0.0,False,False,46.134
986,49.3,4,distraction,distracted,0.561998,0.437163,0.000307,0.0,0.000532,0.561998,0.075734,0.952288,0.0,0.22366,0.211434,0.20502,0.0,0.01401,0.015684,True,True,False,0.0,False,False,37.201
987,49.35,0,alert,alert,0.509366,0.509366,0.000314,0.0,0.000559,0.489761,0.068185,0.952961,0.0,0.222697,0.21053,0.204877,0.0,0.014032,0.015667,True,True,False,0.0,False,False,37.22
988,49.4,4,distraction,distracted,0.54642,0.452688,0.00033,0.0,0.000562,0.54642,0.090087,0.947727,0.0,0.222353,0.209934,0.204758,0.0,0.014031,0.015651,True,True,False,0.0,False,False,37.247
989,49.45,0,alert,alert,0.566757,0.566757,0.000332,0.0,0.000661,0.432249,0.07311,0.948921,0.0,0.222301,0.209358,0.204621,0.0,0.014029,0.015635,True,True,False,0.0,False,False,37.423
990,49.5,0,alert,alert,0.67411,0.67411,0.000301,0.0,0.000705,0.324885,0.05332,0.951445,0.0,0.222275,0.208834,0.204464,0.0,0.014029,0.015618,True,True,False,0.0,False,False,46.09
991,49.55,0,alert,alert,0.648951,0.648951,0.000296,0.0,0.0007,0.350053,0.052898,0.949411,0.0,0.222296,0.208566,0.204306,0.0,0.014005,0.015602,True,True,False,0.0,False,False,37.818
992,49.6,0,alert,alert,0.718198,0.718198,0.000286,0.0,0.000676,0.28084,0.064671,0.944772,0.0,0.222393,0.207966,0.204163,0.0,0.014028,0.015586,True,True,False,0.0,False,False,37.143
993,49.65,0,alert,alert,0.813886,0.813886,0.000256,0.0,0.000686,0.185172,0.053932,0.948899,0.0,0.222279,0.207544,0.204007,0.0,0.014027,0.01557,True,True,False,0.0,False,False,37.43
994,49.7,0,alert,alert,0.856625,0.856625,0.000232,0.0,0.000741,0.142402,0.052217,0.948998,0.0,0.22207,0.207007,0.20385,0.0,0.014027,0.015554,True,True,False,0.0,False,False,36.96
995,49.75,0,alert,alert,0.849688,0.849688,0.000224,0.0,0.000796,0.149292,0.082387,0.939252,0.0,0.222039,0.206792,0.203726,0.0,0.014027,0.015538,True,True,False,0.0,False,False,46.04
996,49.8,0,alert,alert,0.891422,0.891422,0.000192,0.0,0.000821,0.107565,0.112524,0.93455,0.0,0.221987,0.206632,0.203634,0.0,0.014003,0.015522,True,True,False,0.0,False,False,37.092
997,49.85,0,alert,alert,0.914519,0.914519,0.000175,0.0,0.000892,0.084414,0.076829,0.942859,0.0,0.221639,0.206812,0.203504,0.0,0.014027,0.015506,True,True,False,1.0,False,False,37.328
998,49.9,0,alert,alert,0.918633,0.918633,0.000169,0.0,0.00097,0.080228,0.068667,0.945684,0.0,0.221256,0.206849,0.203366,0.0,0.014028,0.01549,True,True,False,0.0,False,False,37.938
999,49.95,0,alert,alert,0.930224,0.930224,0.000161,0.0,0.001085,0.06853,0.084746,0.942338,0.0,0.219862,0.20682,0.203245,0.0,0.014028,0.015475,True,True,False,0.0,False,False,37.965
1000,50.0,0,alert,alert,0.943346,0.943346,0.000148,0.0,0.001175,0.05533,0.068389,0.945821,0.0,0.218626,0.206653,0.203107,0.0,0.014027,0.015459,True,True,False,0.0,False,False,46.561
1001,50.05,0,alert,alert,0.94912,0.94912,0.000139,0.0,0.001146,0.049595,0.106412,0.93885,0.0,0.21798,0.206483,0.203008,0.0,0.014004,0.015443,True,True,False,0.0,False,False,37.941
1002,50.1,0,alert,alert,0.94909,0.94909,0.000138,0.0,0.001195,0.049577,0.074647,0.945134,0.0,0.217137,0.20666,0.202877,0.0,0.014028,0.015427,True,True,False,0.0,False,False,37.635
1003,50.15,0,alert,alert,0.951571,0.951571,0.000139,0.0,0.001207,0.047083,0.063891,0.947495,0.0,0.216253,0.206018,0.202735,0.0,0.014025,0.015412,True,True,False,0.0,False,False,37.634
1004,50.2,0,alert,alert,0.946086,0.946086,0.000146,0.0,0.00129,0.052478,0.151384,0.929569,0.0,0.215925,0.205448,0.202684,0.0,0.014022,0.015396,True,True,False,0.0,False,False,37.803
1005,50.25,0,alert,alert,0.939745,0.939745,0.000153,0.0,0.001308,0.058794,0.450293,0.866277,0.0,0.217075,0.205316,0.202915,0.0,0.01402,0.015382,True,True,False,0.0,False,False,47.13
1006,50.3,0,alert,alert,0.941325,0.941325,0.000156,0.0,0.001282,0.057236,0.515692,0.834865,0.0,0.218854,0.205785,0.203196,0.0,0.013999,0.015368,True,True,False,0.0,False,False,37.766
1007,50.35,0,alert,alert,0.934727,0.934727,0.000171,0.0,0.001268,0.063834,0.533488,0.829667,0.0,0.22045,0.205301,0.20349,0.0,0.014021,0.015354,True,True,False,0.0,False,False,38.277
1008,50.4,0,alert,alert,0.945742,0.945742,0.000159,0.0,0.0013,0.052799,0.507406,0.862926,0.0,0.221951,0.205342,0.203772,0.0,0.014022,0.01534,True,True,False,0.0,False,False,37.491
1009,50.45,0,alert,alert,0.937509,0.937509,0.000165,0.0,0.001681,0.060644,0.487281,0.885386,0.0,0.223529,0.205462,0.204041,0.0,0.014022,0.015326,True,True,False,0.0,False,False,36.726
1010,50.5,0,alert,alert,0.948169,0.948169,0.000151,0.0,0.002006,0.049673,0.440424,0.903466,0.0,0.225316,0.205724,0.20427,0.0,0.014023,0.015311,True,True,False,0.0,False,False,45.625
1011,50.55,0,alert,alert,0.957671,0.957671,0.000139,0.0,0.002267,0.039922,0.322059,0.925873,0.0,0.225913,0.205918,0.204387,0.0,0.013999,0.015295,True,True,False,0.0,False,False,37.231
1012,50.6,0,alert,alert,0.957699,0.957699,0.000135,0.0,0.002676,0.039489,0.358946,0.911884,0.0,0.22672,0.206435,0.204537,0.0,0.014024,0.015281,True,True,False,0.0,False,False,37.068
1013,50.65,0,alert,alert,0.95587,0.95587,0.000141,0.0,0.003716,0.040273,0.248562,0.930549,0.0,0.227255,0.206746,0.204581,0.0,0.014025,0.015265,True,True,False,0.0,False,False,37.159
1014,50.7,0,alert,alert,0.958215,0.958215,0.000139,0.0,0.004407,0.037239,0.134335,0.942285,0.0,0.227333,0.206883,0.204511,0.0,0.014025,0.01525,True,True,False,0.0,False,False,37.026
1015,50.75,0,alert,alert,0.959813,0.959813,0.000133,0.0,0.00438,0.035674,0.083554,0.948063,0.0,0.227222,0.206936,0.204388,0.0,0.014025,0.015235,True,True,False,0.0,False,False,46.069
1016,50.8,0,alert,alert,0.957709,0.957709,0.000132,0.0,0.004435,0.037724,0.088429,0.947295,0.0,0.227253,0.206733,0.204271,0.0,0.014001,0.015219,True,True,False,0.0,False,False,37.121
1017,50.85,0,alert,alert,0.957808,0.957808,0.000128,0.0,0.003883,0.038182,0.103213,0.944514,0.0,0.227299,0.207063,0.20417,0.0,0.014025,0.015204,True,True,False,0.0,False,False,37.275
1018,50.9,0,alert,alert,0.95562,0.95562,0.000128,0.0,0.003154,0.041099,0.105429,0.942934,0.0,0.227425,0.207069,0.204071,0.0,0.014025,0.015189,True,True,False,0.0,False,False,37.122
1019,50.95,0,alert,alert,0.957924,0.957924,0.000127,0.0,0.003061,0.038888,0.093416,0.946498,0.0,0.227327,0.207125,0.203959,0.0,0.014025,0.015173,True,True,False,0.0,False,False,37.344
1020,51.0,0,alert,alert,0.965466,0.965466,0.000119,0.0,0.002643,0.031772,0.075164,0.948946,0.0,0.226966,0.207177,0.20383,0.0,0.014025,0.015158,True,True,False,0.0,False,False,46.174
1021,51.05,0,alert,alert,0.966296,0.966296,0.000117,0.0,0.00248,0.031107,0.07543,0.946961,0.0,0.226686,0.206951,0.203701,0.0,0.014001,0.015143,True,True,False,0.0,False,False,37.414
1022,51.1,0,alert,alert,0.968236,0.968236,0.000116,0.0,0.002404,0.029245,0.081297,0.943573,0.0,0.226532,0.207289,0.203579,0.0,0.014026,0.015128,True,True,False,0.0,False,False,37.122
1023,51.15,0,alert,alert,0.968781,0.968781,0.000117,0.0,0.002218,0.028883,0.08272,0.942336,0.0,0.226054,0.207354,0.203458,0.0,0.014026,0.015113,True,True,False,0.0,False,False,36.912
1024,51.2,0,alert,alert,0.970277,0.970277,0.000118,0.0,0.002168,0.027437,0.095231,0.94236,0.0,0.225911,0.207443,0.20335,0.0,0.014026,0.015098,True,True,False,0.0,False,False,37.958
1025,51.25,0,alert,alert,0.967364,0.967364,0.000121,0.0,0.002248,0.030268,0.381538,0.88811,0.0,0.226745,0.207419,0.203517,0.0,0.014026,0.015084,True,True,False,0.0,False,False,46.685
1026,51.3,0,alert,alert,0.96103,0.96103,0.000131,0.0,0.002594,0.036245,0.495749,0.83912,0.0,0.228532,0.207856,0.203776,0.0,0.014005,0.01507,True,True,False,0.0,False,False,37.681
1027,51.35,0,alert,alert,0.95992,0.95992,0.000133,0.0,0.00231,0.037638,0.526035,0.831863,0.0,0.230597,0.207478,0.204059,0.0,0.014028,0.015057,True,True,False,0.0,False,False,37.835
1028,51.4,0,alert,alert,0.963131,0.963131,0.000126,0.0,0.002294,0.034449,0.517295,0.8394,0.0,0.232653,0.207544,0.204336,0.0,0.014029,0.015044,True,True,False,0.0,False,False,37.3
1029,51.45,0,alert,alert,0.967754,0.967754,0.000124,0.0,0.00249,0.029632,0.486976,0.869758,0.0,0.234569,0.207677,0.204594,0.0,0.01403,0.01503,True,True,False,0.0,False,False,37.333
1030,51.5,0,alert,alert,0.967129,0.967129,0.00013,0.0,0.003213,0.029529,0.436915,0.896157,0.0,0.236256,0.207961,0.204813,0.0,0.014031,0.015016,True,True,False,0.0,False,False,46.142
1031,51.55,0,alert,alert,0.963396,0.963396,0.000135,0.0,0.004222,0.032246,0.435613,0.892024,0.0,0.237799,0.208329,0.205029,0.0,0.014009,0.015002,True,True,False,0.0,False,False,37.63
1032,51.6,0,alert,alert,0.952545,0.952545,0.000154,0.0,0.004905,0.042396,0.457299,0.87831,0.0,0.239302,0.208937,0.205262,0.0,0.014034,0.014988,True,True,False,0.0,False,False,38.049
1033,51.65,0,alert,alert,0.919069,0.919069,0.000184,0.0,0.005057,0.07569,0.448258,0.882124,0.0,0.240552,0.209483,0.205486,0.0,0.014036,0.014974,True,True,False,0.0,False,False,37.62
1034,51.7,0,alert,alert,0.842179,0.842179,0.000214,0.0,0.003031,0.154576,0.389792,0.904767,0.0,0.241362,0.209983,0.205661,0.0,0.014037,0.01496,True,True,False,0.0,False,False,38.002
1035,51.75,4,distraction,distracted,0.716468,0.281924,0.000268,0.0,0.00134,0.716468,0.333986,0.0,0.0,0.241676,0.21023,0.205661,0.0,0.014061,0.01496,True,True,False,0.0,False,False,43.085
1036,51.8,4,distraction,distracted,0.666735,0.331988,0.000249,0.0,0.001029,0.666735,0.31782,0.922899,0.0,0.240937,0.21041,0.205769,0.0,0.014038,0.014945,True,True,False,0.0,False,False,37.371
1037,51.85,0,alert,alert,0.563374,0.563374,0.000244,0.0,0.001216,0.435166,0.357466,0.915518,0.0,0.240273,0.21096,0.205914,0.0,0.014063,0.014931,True,True,False,0.0,False,False,37.536
1038,51.9,4,distraction,distracted,0.544666,0.45389,0.000239,0.0,0.001206,0.544666,0.36025,0.918328,0.0,0.239757,0.211424,0.206062,0.0,0.014063,0.014917,True,True,False,0.0,False,False,37.07
1039,51.95,0,alert,alert,0.57221,0.57221,0.000242,0.0,0.001527,0.426021,0.271908,0.93284,0.0,0.239276,0.211627,0.206126,0.0,0.014063,0.014902,True,True,False,0.0,False,False,36.944
1040,52.0,0,alert,alert,0.700279,0.700279,0.000208,0.0,0.001601,0.297912,0.218074,0.939114,0.0,0.239414,0.211237,0.206138,0.0,0.014062,0.014888,True,True,False,0.0,False,False,45.987
1041,52.05,0,alert,alert,0.827215,0.827215,0.000171,0.0,0.001609,0.171005,0.172037,0.944434,0.0,0.239924,0.21117,0.206105,0.0,0.014038,0.014873,True,True,False,1.0,False,False,37.025
1042,52.1,0,alert,alert,0.86912,0.86912,0.000155,0.0,0.001973,0.128751,0.171652,0.944298,0.0,0.240565,0.210142,0.206071,0.0,0.014056,0.014858,True,True,False,1.0,False,False,37.033
1043,52.15,0,alert,alert,0.875942,0.875942,0.000153,0.0,0.002306,0.121599,0.196189,0.940159,0.0,0.241375,0.209632,0.206061,0.0,0.014053,0.014844,True,True,False,1.0,False,False,37.146
1044,52.2,0,alert,alert,0.876661,0.876661,0.000158,0.0,0.002836,0.120345,0.124688,0.948181,0.0,0.241686,0.209026,0.205981,0.0,0.014051,0.014829,True,True,False,1.0,False,False,36.997
1045,52.25,0,alert,alert,0.905129,0.905129,0.00015,0.0,0.003474,0.091247,0.095624,0.95214,0.0,0.24176,0.208413,0.205872,0.0,0.014049,0.014815,True,True,False,1.0,False,False,46.271
1046,52.3,0,alert,alert,0.892799,0.892799,0.000157,0.0,0.004495,0.102549,0.140618,0.946161,0.0,0.241872,0.208296,0.205808,0.0,0.014025,0.0148,True,True,False,1.0,False,False,37.065
1047,52.35,0,alert,alert,0.830314,0.830314,0.000181,0.0,0.005013,0.164492,0.06867,0.951762,0.0,0.240574,0.207533,0.205673,0.0,0.014047,0.014786,True,True,False,1.0,False,False,37.385
1048,52.4,0,alert,alert,0.717528,0.717528,0.000201,0.0,0.004349,0.277923,0.049448,0.952758,0.0,0.239543,0.207278,0.205519,0.0,0.014047,0.014771,True,True,False,1.0,False,False,37.369
1049,52.45,0,alert,alert,0.742804,0.742804,0.000187,0.0,0.003497,0.253512,0.041679,0.953202,0.0,0.238017,0.207147,0.205358,0.0,0.014047,0.014756,True,True,False,1.0,False,False,37.263
1050,52.5,0,alert,alert,0.825588,0.825588,0.000169,0.0,0.003312,0.170931,0.044231,0.952485,0.0,0.236412,0.206478,0.205199,0.0,0.014045,0.014742,True,True,False,1.0,False,False,46.233
1051,52.55,0,alert,alert,0.861205,0.861205,0.000156,0.0,0.002594,0.136044,0.046111,0.951059,0.0,0.23543,0.206202,0.205043,0.0,0.014021,0.014727,True,True,False,1.0,False,False,37.187
1052,52.6,0,alert,alert,0.889092,0.889092,0.00015,0.0,0.002516,0.108242,0.047963,0.949852,0.0,0.235033,0.204919,0.20489,0.0,0.014039,0.014713,True,True,False,1.0,False,False,37.637
1053,52.65,0,alert,alert,0.89482,0.89482,0.000147,0.0,0.00274,0.102292,0.042557,0.951379,0.0,0.234754,0.204093,0.204731,0.0,0.014035,0.014699,True,True,False,1.0,False,False,37.431
1054,52.7,0,alert,alert,0.902742,0.902742,0.000142,0.0,0.003007,0.094108,0.039289,0.951449,0.0,0.234618,0.203345,0.204569,0.0,0.014034,0.014684,True,True,False,1.0,False,False,37.787
1055,52.75,0,alert,alert,0.927819,0.927819,0.000133,0.0,0.003033,0.069015,0.042704,0.950919,0.0,0.234571,0.202755,0.204411,0.0,0.014033,0.01467,True,True,False,1.0,False,False,45.904
1056,52.8,0,alert,alert,0.935444,0.935444,0.000129,0.0,0.002965,0.061462,0.043236,0.950469,0.0,0.234541,0.202481,0.204254,0.0,0.014009,0.014656,True,True,False,1.0,False,False,37.91
1057,52.85,0,alert,alert,0.923496,0.923496,0.000142,0.0,0.003556,0.072806,0.050257,0.950026,0.0,0.234519,0.20229,0.204104,0.0,0.014032,0.014641,True,True,False,1.0,False,False,37.696
1058,52.9,0,alert,alert,0.914747,0.914747,0.000153,0.0,0.004466,0.080634,0.063771,0.947907,0.0,0.234546,0.202289,0.203968,0.0,0.014032,0.014627,True,True,False,1.0,False,False,37.643
1059,52.95,0,alert,alert,0.867326,0.867326,0.000171,0.0,0.004493,0.128011,0.157822,0.929362,0.0,0.235013,0.202483,0.203924,0.0,0.014033,0.014613,True,True,False,1.0,False,False,37.691
1060,53.0,0,alert,alert,0.858441,0.858441,0.000175,0.0,0.004011,0.137373,0.126862,0.937876,0.0,0.235353,0.202355,0.20385,0.0,0.014009,0.014599,True,True,False,0.0,False,False,46.726
1061,53.05,0,alert,alert,0.870311,0.870311,0.000173,0.0,0.003925,0.125591,0.141288,0.942678,0.0,0.235781,0.202251,0.20379,0.0,0.013985,0.014585,True,True,False,0.0,False,False,37.159
1062,53.1,0,alert,alert,0.883739,0.883739,0.000169,0.0,0.003609,0.112483,0.095696,0.947789,0.0,0.235995,0.202145,0.203685,0.0,0.014008,0.014571,True,True,False,0.0,False,False,36.538
1063,53.15,0,alert,alert,0.902809,0.902809,0.000158,0.0,0.003033,0.093999,0.281221,0.919964,0.0,0.237129,0.201929,0.203758,0.0,0.014007,0.014557,True,True,False,1.0,False,False,37.152
1064,53.2,0,alert,alert,0.901072,0.901072,0.000155,0.0,0.002286,0.096487,0.433864,0.888706,0.0,0.239064,0.201848,0.203966,0.0,0.014006,0.014544,True,True,False,1.0,False,False,36.959
1065,53.25,0,alert,alert,0.811315,0.811315,0.000199,0.0,0.002056,0.18643,0.425446,0.901474,0.0,0.240995,0.201823,0.204169,0.0,0.014006,0.014531,True,True,False,1.0,False,False,45.853
1066,53.3,0,alert,alert,0.760869,0.760869,0.000216,0.0,0.001572,0.237342,0.403624,0.906466,0.0,0.242835,0.202154,0.204353,0.0,0.013983,0.014518,True,True,False,1.0,False,False,37.14
1067,53.35,0,alert,alert,0.580123,0.580123,0.00024,0.0,0.001252,0.418385,0.455164,0.882047,0.0,0.244906,0.202267,0.204578,0.0,0.014008,0.014505,True,True,False,1.0,False,False,37.252
1068,53.4,0,alert,alert,0.576598,0.576598,0.000239,0.0,0.001042,0.422121,0.478523,0.870363,0.0,0.247067,0.20289,0.204819,0.0,0.01401,0.014492,True,True,False,0.0,False,False,37.157
1069,53.45,0,alert,alert,0.608194,0.608194,0.000239,0.0,0.001066,0.390501,0.472811,0.878942,0.0,0.248726,0.203542,0.205058,0.0,0.014012,0.014479,True,True,False,0.0,False,False,37.667
1070,53.5,4,distraction,distracted,0.509831,0.488859,0.00024,0.0,0.00107,0.509831,0.465155,0.891397,0.0,0.250332,0.204183,0.205293,0.0,0.014013,0.014466,True,True,False,0.0,False,False,46.045
1071,53.55,4,distraction,distracted,0.830637,0.168519,0.000218,0.0,0.000626,0.830637,0.523399,0.853196,0.0,0.25198,0.204675,0.205567,0.0,0.013992,0.014453,True,True,False,0.0,False,False,37.273
1072,53.6,4,distraction,distracted,0.935615,0.063851,0.000181,0.0,0.000353,0.935615,0.576555,0.836489,0.0,0.254071,0.205742,0.205881,0.0,0.014019,0.014441,True,True,False,0.0,False,False,37.318
1073,53.65,4,distraction,distracted,0.903086,0.09629,0.000219,0.0,0.000404,0.903086,0.608527,0.844203,0.0,0.256016,0.206622,0.206224,0.0,0.014021,0.014429,True,True,False,0.0,False,False,37.39
1074,53.7,4,distraction,distracted,0.866112,0.133164,0.000248,0.0,0.000475,0.866112,0.608939,0.851664,0.0,0.258343,0.207484,0.206571,0.0,0.014024,0.014416,True,True,False,0.0,False,False,37.44
1075,53.75,4,distraction,distracted,0.892542,0.106805,0.000236,0.0,0.000417,0.892542,0.646983,0.842197,0.0,0.260989,0.208417,0.206945,0.0,0.014027,0.014404,True,True,False,0.0,False,False,46.044
1076,53.8,4,distraction,distracted,0.932928,0.066515,0.000217,0.0,0.000339,0.932928,0.652661,0.841552,0.0,0.263627,0.209093,0.207322,0.0,0.014005,0.014392,True,True,False,0.0,False,False,37.306
1077,53.85,4,distraction,distracted,0.948599,0.050902,0.0002,0.0,0.000299,0.948599,0.555971,0.857134,0.0,0.26547,0.210117,0.207623,0.0,0.014031,0.014379,True,True,False,0.0,False,False,37.524
1078,53.9,4,distraction,distracted,0.923909,0.07551,0.000231,0.0,0.00035,0.923909,0.550498,0.862041,0.0,0.267594,0.210817,0.20792,0.0,0.014033,0.014367,True,True,False,0.0,False,False,37.058
1079,53.95,4,distraction,distracted,0.953644,0.045907,0.000193,0.0,0.000257,0.953644,0.514164,0.875295,0.0,0.267843,0.211526,0.20819,0.0,0.014035,0.014354,True,True,False,0.0,False,False,37.275
1080,54.0,4,distraction,distracted,0.936675,0.062804,0.00022,0.0,0.000301,0.936675,0.472687,0.895774,0.0,0.267714,0.212193,0.208428,0.0,0.014036,0.014341,True,True,False,0.0,False,False,46.054
1081,54.05,4,distraction,distracted,0.927128,0.072344,0.000217,0.0,0.000311,0.927128,0.4314,0.906836,0.0,0.267386,0.212553,0.20863,0.0,0.014013,0.014328,True,True,False,0.0,False,False,37.283
1082,54.1,4,distraction,distracted,0.882908,0.116479,0.00024,0.0,0.000372,0.882908,0.33999,0.924874,0.0,0.266547,0.213227,0.208752,0.025728,0.022479,0.018981,True,True,False,0.0,False,False,38.19
1083,54.15,4,distraction,distracted,0.94075,0.0588,0.000187,0.0,0.000263,0.94075,0.345695,0.920251,0.0,0.265778,0.213663,0.208878,0.027476,0.023056,0.019282,True,True,False,0.0,False,False,37.585
1084,54.2,4,distraction,distracted,0.948115,0.051469,0.000178,0.0,0.000237,0.948115,0.332466,0.921303,0.0,0.264967,0.214114,0.208992,0.029159,0.023613,0.019571,True,True,False,0.0,False,False,37.281
1085,54.25,4,distraction,distracted,0.934612,0.064931,0.00019,0.0,0.000267,0.934612,0.315476,0.927035,0.0,0.264202,0.214553,0.209091,0.030766,0.024144,0.019845,True,True,False,0.0,False,False,46.201
1086,54.3,4,distraction,distracted,0.936275,0.063258,0.000192,0.0,0.000275,0.936275,0.490062,0.86914,0.0,0.264475,0.214987,0.209335,0.033122,0.024877,0.020253,True,True,False,0.0,False,False,37.141
1087,54.35,4,distraction,distracted,0.930909,0.068592,0.000204,0.0,0.000295,0.930909,0.522854,0.841207,0.0,0.264578,0.215218,0.209598,0.035556,0.025718,0.020675,True,True,False,0.0,False,False,37.163
1088,54.4,4,distraction,distracted,0.855298,0.144048,0.000248,0.0,0.000407,0.855298,0.51148,0.842265,0.0,0.264423,0.215216,0.209851,0.037936,0.026499,0.021087,True,True,False,0.0,False,False,37.223
1089,54.45,4,distraction,distracted,0.722191,0.276977,0.000285,0.0,0.000547,0.722191,0.468222,0.886337,0.0,0.263851,0.215166,0.210079,0.040219,0.027249,0.021481,True,True,False,0.0,False,False,37.184
1090,54.5,4,distraction,distracted,0.667511,0.331628,0.000279,0.0,0.000583,0.667511,0.380107,0.910507,0.0,0.262724,0.214993,0.210233,0.042112,0.027874,0.021806,True,True,False,0.0,False,False,46.243
1091,54.55,4,distraction,distracted,0.705574,0.293639,0.000258,0.0,0.000529,0.705574,0.201961,0.936112,0.0,0.261106,0.214971,0.210225,0.042099,0.027827,0.021786,True,True,False,0.0,False,False,37.136
1092,54.6,4,distraction,distracted,0.829755,0.169607,0.000223,0.0,0.000415,0.829755,0.225776,0.939546,0.0,0.25991,0.214264,0.21024,0.042091,0.027871,0.021765,True,True,False,0.0,False,False,37.432
1093,54.65,4,distraction,distracted,0.86799,0.131446,0.000216,0.0,0.000348,0.86799,0.13502,0.950736,0.0,0.258627,0.213929,0.210169,0.042084,0.027869,0.021745,True,True,False,0.0,False,False,37.659
1094,54.7,4,distraction,distracted,0.768134,0.231158,0.000262,0.0,0.000447,0.768134,0.085112,0.955043,0.0,0.257654,0.213443,0.210051,0.042079,0.027867,0.021724,True,True,False,0.0,False,False,37.344
1095,54.75,4,distraction,distracted,0.903691,0.095798,0.000212,0.0,0.000298,0.903691,0.347669,0.921373,0.0,0.258316,0.213571,0.210176,0.042083,0.027867,0.021705,True,True,False,0.0,False,False,46.316
1096,54.8,4,distraction,distracted,0.929197,0.070337,0.000205,0.0,0.00026,0.929197,0.437523,0.907965,0.0,0.259646,0.213939,0.21038,0.04209,0.027821,0.021685,True,True,False,0.137207,False,False,36.929
1097,54.85,4,distraction,distracted,0.933082,0.066452,0.000197,0.0,0.000269,0.933082,0.413314,0.917664,0.0,0.260671,0.214527,0.210564,0.042095,0.02787,0.021665,True,True,False,0.155517,False,False,36.976
1098,54.9,4,distraction,distracted,0.91211,0.087371,0.000206,0.0,0.000312,0.91211,0.276321,0.937377,0.0,0.261083,0.214799,0.210625,0.042094,0.02787,0.021645,True,True,False,0.0,False,False,37.432
1099,54.95,4,distraction,distracted,0.761909,0.237298,0.000265,0.0,0.000529,0.761909,0.159332,0.946569,0.0,0.260653,0.214897,0.210577,0.04209,0.02787,0.021625,True,True,False,0.0,False,False,36.829
1100,55.0,4,distraction,distracted,0.530993,0.467976,0.000275,0.0,0.000756,0.530993,0.079902,0.95379,0.0,0.259209,0.214861,0.210455,0.042078,0.02787,0.021605,True,True,False,0.0,False,False,45.919
1101,55.05,4,distraction,distracted,0.560077,0.438917,0.000258,0.0,0.000748,0.560077,0.081311,0.950311,0.0,0.257664,0.214631,0.210334,0.042067,0.027822,0.021585,True,True,False,0.0,False,False,37.037
1102,55.1,4,distraction,distracted,0.67236,0.326754,0.000248,0.0,0.000638,0.67236,0.406116,0.891465,0.0,0.257855,0.215398,0.210505,0.042072,0.027873,0.021566,True,True,False,0.0,False,False,36.967
1103,55.15,4,distraction,distracted,0.851187,0.148174,0.000219,0.0,0.00042,0.851187,0.5131,0.851971,0.0,0.258392,0.216099,0.210759,0.042086,0.027877,0.021548,True,True,False,0.0,False,False,37.228
1104,55.2,4,distraction,distracted,0.797303,0.201979,0.000258,0.0,0.000461,0.797303,0.52329,0.85986,0.0,0.258892,0.21681,0.211023,0.042097,0.027882,0.021529,True,True,False,0.0,False,False,37.047
1105,55.25,4,distraction,distracted,0.727451,0.271735,0.000288,0.0,0.000526,0.727451,0.523016,0.864353,0.0,0.259498,0.217521,0.211288,0.042109,0.027886,0.021511,True,True,False,0.0,False,False,46.105
1106,55.3,4,distraction,distracted,0.73072,0.26847,0.000297,0.0,0.000513,0.73072,0.506356,0.870371,0.0,0.259775,0.217977,0.211539,0.042116,0.027842,0.021493,True,True,False,0.0,False,False,37.124
1107,55.35,4,distraction,distracted,0.757056,0.242168,0.000302,0.0,0.000475,0.757056,0.499681,0.867558,0.0,0.260174,0.218364,0.211784,0.042125,0.02789,0.021474,True,True,False,0.0,False,False,36.899
1108,55.4,4,distraction,distracted,0.82172,0.177589,0.000291,0.0,0.000399,0.82172,0.504957,0.860165,0.0,0.260853,0.218388,0.212031,0.042139,0.027889,0.021456,True,True,False,0.0,False,False,36.667
1109,55.45,4,distraction,distracted,0.877738,0.121645,0.000288,0.0,0.000329,0.877738,0.489943,0.873602,0.0,0.261606,0.218354,0.212269,0.042152,0.027887,0.021438,True,True,False,0.0,False,False,37.048
1110,55.5,4,distraction,distracted,0.906664,0.092757,0.000288,0.0,0.000291,0.906664,0.493874,0.870861,0.0,0.262741,0.218336,0.212508,0.042167,0.027886,0.02142,True,True,False,0.0,False,False,46.258
1111,55.55,4,distraction,distracted,0.891486,0.107903,0.000304,0.0,0.000307,0.891486,0.449102,0.899259,0.0,0.263429,0.218711,0.212716,0.042175,0.02784,0.021401,True,True,False,0.0,False,False,37.184
1112,55.6,4,distraction,distracted,0.834886,0.164409,0.000326,0.0,0.000379,0.834886,0.407241,0.909391,0.0,0.263543,0.21825,0.212889,0.042177,0.027884,0.021382,True,True,False,0.0,False,False,38.083
1113,55.65,4,distraction,distracted,0.687327,0.311794,0.000356,0.0,0.000523,0.687327,0.386605,0.913887,0.0,0.264372,0.218189,0.213043,0.042184,0.027883,0.021363,True,True,False,0.0,False,False,37.206
1114,55.7,4,distraction,distracted,0.781692,0.217533,0.000327,0.0,0.000448,0.781692,0.458865,0.894695,0.0,0.266099,0.218201,0.213258,0.042197,0.027882,0.021344,True,True,False,0.0,False,False,37.508
1115,55.75,4,distraction,distracted,0.776013,0.223187,0.000337,0.0,0.000463,0.776013,0.461086,0.898316,0.0,0.268119,0.218235,0.213474,0.04221,0.027881,0.021326,True,True,False,0.0,False,False,46.592
1116,55.8,4,distraction,distracted,0.878519,0.120847,0.000285,0.0,0.00035,0.878519,0.443435,0.906293,0.0,0.270157,0.218604,0.213677,0.042221,0.027835,0.021307,True,True,False,0.0,False,False,37.271
1117,55.85,4,distraction,distracted,0.923444,0.07601,0.000253,0.0,0.000293,0.923444,0.467577,0.890356,0.0,0.272243,0.21863,0.213896,0.042234,0.027883,0.021288,True,True,False,0.0,False,False,36.85
1118,55.9,4,distraction,distracted,0.926206,0.073253,0.00025,0.0,0.000291,0.926206,0.376927,0.921973,0.0,0.273508,0.218835,0.214042,0.042238,0.027883,0.021269,True,True,False,0.0,False,False,37.977
1119,55.95,4,distraction,distracted,0.944736,0.05478,0.000228,0.0,0.000256,0.944736,0.420159,0.905679,0.0,0.275115,0.218995,0.214223,0.042246,0.027884,0.021251,True,True,False,0.0,False,False,37.752
1120,56.0,4,distraction,distracted,0.934597,0.064889,0.000249,0.0,0.000264,0.934597,0.406657,0.912747,0.0,0.276891,0.219088,0.214393,0.042255,0.027885,0.021232,True,True,False,0.0,False,False,45.793
1121,56.05,4,distraction,distracted,0.893653,0.105735,0.000289,0.0,0.000324,0.893653,0.347688,0.92843,0.0,0.27843,0.219304,0.214513,0.04226,0.027838,0.021213,True,True,False,0.0,False,False,36.976
1122,56.1,4,distraction,distracted,0.899421,0.100002,0.000265,0.0,0.000313,0.899421,0.216022,0.946079,0.0,0.277272,0.21921,0.214514,0.042238,0.027885,0.021193,True,True,False,0.0,False,False,37.39
1123,56.15,4,distraction,distracted,0.898516,0.100926,0.000253,0.0,0.000305,0.898516,0.150488,0.951959,0.0,0.275495,0.219183,0.214456,0.042207,0.027884,0.021174,True,True,False,0.0,False,False,37.586
1124,56.2,4,distraction,distracted,0.853907,0.145455,0.000281,0.0,0.000357,0.853907,0.139607,0.948291,0.0,0.273644,0.219026,0.214387,0.042179,0.027884,0.021155,True,True,False,0.0,False,False,37.272
1125,56.25,4,distraction,distracted,0.761088,0.238152,0.000309,0.0,0.000452,0.761088,0.175574,0.941937,0.0,0.272001,0.218929,0.214352,0.042155,0.027883,0.021135,True,True,False,0.0,False,False,45.744
1126,56.3,4,distraction,distracted,0.611769,0.38733,0.000329,0.0,0.000572,0.611769,0.139896,0.940061,0.0,0.270281,0.218795,0.214284,0.04214,0.027836,0.021116,True,True,False,0.0,False,False,37.068
1127,56.35,4,distraction,distracted,0.520213,0.478843,0.000308,0.0,0.000637,0.520213,0.109851,0.945066,0.0,0.2687,0.218908,0.214189,0.042131,0.027884,0.021097,True,True,False,0.0,False,False,37.368
1128,56.4,0,alert,alert,0.598819,0.598819,0.000282,0.0,0.000716,0.400183,0.066334,0.950131,0.0,0.267507,0.218902,0.214054,0.042125,0.027884,0.021078,True,True,False,0.0,False,False,37.397
1129,56.45,0,alert,alert,0.74123,0.74123,0.00025,0.0,0.000878,0.257642,0.059315,0.950832,0.0,0.266777,0.218922,0.213913,0.042122,0.027884,0.021059,True,True,False,0.0,False,False,36.848
1130,56.5,0,alert,alert,0.745557,0.745557,0.000238,0.0,0.001074,0.253131,0.058655,0.948666,0.0,0.266529,0.218954,0.213772,0.042121,0.027884,0.021039,True,True,False,0.0,False,False,46.011
1131,56.55,0,alert,alert,0.563201,0.563201,0.000265,0.0,0.001037,0.435496,0.082196,0.945058,0.0,0.266532,0.21872,0.213652,0.042122,0.027837,0.02102,True,True,False,0.0,False,False,37.023
1132,56.6,0,alert,alert,0.545636,0.545636,0.000261,0.0,0.000948,0.453155,0.077394,0.948929,0.0,0.266618,0.219097,0.213528,0.042123,0.027885,0.021001,True,True,False,0.0,False,False,37.007
1133,56.65,0,alert,alert,0.621605,0.621605,0.000251,0.0,0.000999,0.377144,0.069961,0.950098,0.0,0.26673,0.219142,0.213398,0.042124,0.027885,0.020982,True,True,False,0.0,False,False,37.202
1134,56.7,0,alert,alert,0.719971,0.719971,0.000227,0.0,0.001164,0.278639,0.054854,0.951308,0.0,0.266718,0.219162,0.213254,0.042124,0.027885,0.020963,True,True,False,0.0,False,False,37.272
1135,56.75,4,distraction,distracted,0.56871,0.429966,0.000258,0.0,0.001067,0.56871,0.420192,0.88103,0.0,0.26855,0.219791,0.213428,0.042139,0.027889,0.020945,True,True,False,0.0,False,False,45.769
1136,56.8,4,distraction,distracted,0.80502,0.194062,0.00027,0.0,0.000648,0.80502,0.524367,0.845271,0.0,0.270524,0.220257,0.213679,0.042161,0.027846,0.020928,True,True,False,0.0,False,False,36.905
1137,56.85,4,distraction,distracted,0.936703,0.062711,0.000261,0.0,0.000324,0.936703,0.607395,0.856173,0.0,0.27319,0.221474,0.214,0.042182,0.027899,0.020911,True,True,False,0.0,False,False,37.087
1138,56.9,4,distraction,distracted,0.952402,0.046942,0.000363,0.0,0.000294,0.952402,0.707508,0.847805,0.0,0.276416,0.222527,0.214399,0.042206,0.027904,0.020894,True,True,False,0.0,False,False,37.733
1139,56.95,4,distraction,distracted,0.964384,0.034809,0.000519,0.0,0.000288,0.964384,0.77856,0.821536,0.0,0.279919,0.223652,0.214841,0.042236,0.027911,0.020878,True,True,False,0.0,False,False,37.971
1140,57.0,4,distraction,distracted,0.973792,0.025186,0.000725,0.0,0.000296,0.973792,0.807842,0.802705,0.0,0.28346,0.224736,0.215294,0.04227,0.027918,0.020862,True,True,False,0.0,False,False,46.566
1141,57.05,4,distraction,distracted,0.972905,0.025742,0.001028,0.0,0.000325,0.972905,0.726745,0.834981,0.0,0.28675,0.225496,0.2157,0.042297,0.027876,0.020846,True,True,False,0.0,False,False,37.53
1142,57.1,4,distraction,distracted,0.973358,0.025213,0.001101,0.0,0.000329,0.973358,0.589852,0.872014,0.0,0.289493,0.226302,0.21601,0.042316,0.027926,0.020828,True,True,False,0.0,False,False,37.194
1143,57.15,4,distraction,distracted,0.973186,0.025542,0.000969,0.0,0.000303,0.973186,0.482972,0.901169,0.0,0.28993,0.226901,0.216238,0.042315,0.027928,0.02081,True,True,False,0.0,False,False,37.007
1144,57.2,4,distraction,distracted,0.951693,0.04685,0.001085,0.0,0.000372,0.951693,0.422428,0.908936,0.0,0.289663,0.227466,0.216416,0.042304,0.02793,0.020792,True,True,False,0.0,False,False,37.228
1145,57.25,4,distraction,distracted,0.892141,0.106344,0.001026,0.0,0.000488,0.892141,0.226396,0.939483,0.0,0.288412,0.227411,0.216425,0.042287,0.027929,0.020774,True,True,False,0.0,False,False,46.005
1146,57.3,4,distraction,distracted,0.86172,0.137032,0.000761,0.0,0.000487,0.86172,0.089054,0.954287,0.0,0.286535,0.227171,0.21631,0.042273,0.027881,0.020755,True,True,False,0.0,False,False,37.178
1147,57.35,4,distraction,distracted,0.785621,0.213219,0.000612,0.0,0.000548,0.785621,0.048136,0.958625,0.0,0.284753,0.226214,0.216157,0.042263,0.027923,0.020736,True,True,False,0.0,False,False,37.564
1148,57.4,4,distraction,distracted,0.786626,0.212391,0.000476,0.0,0.000507,0.786626,0.040912,0.957904,0.0,0.2836,0.225595,0.215999,0.042257,0.027921,0.020718,True,True,False,0.0,False,False,37.179
1149,57.45,4,distraction,distracted,0.736796,0.26225,0.000431,0.0,0.000522,0.736796,0.040927,0.955592,0.0,0.28295,0.224899,0.215841,0.042254,0.027917,0.020699,True,True,False,0.0,False,False,37.163
1150,57.5,4,distraction,distracted,0.561586,0.437341,0.000415,0.0,0.000658,0.561586,0.047761,0.953194,0.0,0.282507,0.224189,0.21569,0.042253,0.027912,0.02068,True,True,False,0.0,False,False,45.983
1151,57.55,0,alert,alert,0.602529,0.602529,0.000358,0.0,0.000877,0.396236,0.044185,0.953125,0.0,0.282159,0.223878,0.215536,0.042252,0.027864,0.020662,True,True,False,0.0,False,False,37.344
1152,57.6,0,alert,alert,0.588991,0.588991,0.000311,0.0,0.001053,0.409645,0.042766,0.952831,0.0,0.281911,0.222772,0.215381,0.042251,0.027905,0.020643,True,True,False,0.416443,False,False,36.964
1153,57.65,0,alert,alert,0.636445,0.636445,0.00028,0.0,0.001126,0.362149,0.048852,0.952905,0.0,0.281817,0.222005,0.215231,0.042251,0.0279,0.020625,True,True,False,0.416443,False,False,37.314
1154,57.7,0,alert,alert,0.767757,0.767757,0.000246,0.0,0.001277,0.23072,0.052153,0.952442,0.0,0.281252,0.221174,0.215085,0.042247,0.027894,0.020606,True,True,False,0.400879,False,False,37.384
1155,57.75,0,alert,alert,0.846118,0.846118,0.000205,0.0,0.001326,0.152351,0.059369,0.951247,0.0,0.281075,0.220306,0.214946,0.042246,0.026961,0.020588,True,True,False,0.370667,False,False,45.935
1156,57.8,0,alert,alert,0.889333,0.889333,0.000179,0.0,0.001426,0.109062,0.04903,0.951652,0.0,0.28088,0.220011,0.214798,0.042245,0.026914,0.020569,True,True,False,0.0,False,False,37.131
1157,57.85,0,alert,alert,0.894568,0.894568,0.000163,0.0,0.001529,0.10374,0.055519,0.95095,0.0,0.280353,0.218481,0.214656,0.042242,0.02503,0.020551,True,True,False,0.0,False,False,37.025
1158,57.9,0,alert,alert,0.909741,0.909741,0.00015,0.0,0.001844,0.088265,0.061728,0.949266,0.0,0.278312,0.21755,0.21452,0.042223,0.02403,0.020533,True,True,False,0.0,False,False,37.24
1159,57.95,0,alert,alert,0.918826,0.918826,0.000144,0.0,0.00219,0.078839,0.057773,0.949934,0.0,0.27599,0.216741,0.21438,0.042197,0.023157,0.020515,True,True,False,0.0,False,False,37.227
1160,58.0,0,alert,alert,0.914624,0.914624,0.000145,0.0,0.002121,0.08311,0.054815,0.950471,0.0,0.273665,0.215924,0.214239,0.042167,0.022278,0.020496,True,True,False,0.0,False,False,46.267
1161,58.05,0,alert,alert,0.912994,0.912994,0.000147,0.0,0.002349,0.084509,0.073097,0.946861,0.0,0.271435,0.215679,0.214114,0.042141,0.02224,0.020478,True,True,False,0.0,False,False,38.074
1162,58.1,0,alert,alert,0.925936,0.925936,0.000143,0.0,0.002499,0.071423,0.065181,0.947222,0.0,0.269221,0.2145,0.213982,0.042116,0.020665,0.02046,True,True,False,0.0,False,False,37.58
1163,58.15,0,alert,alert,0.919209,0.919209,0.000148,0.0,0.00284,0.077804,0.058161,0.949767,0.0,0.267098,0.213865,0.213844,0.0421,0.019945,0.020442,True,True,False,0.0,False,False,38.341
1164,58.2,0,alert,alert,0.913465,0.913465,0.000156,0.0,0.003599,0.08278,0.068683,0.948676,0.0,0.265291,0.21339,0.213716,0.042088,0.019361,0.020424,True,True,False,0.0,False,False,38.164
1165,58.25,0,alert,alert,0.893029,0.893029,0.000165,0.0,0.003093,0.103714,0.066031,0.94835,0.0,0.263727,0.212921,0.213585,0.04208,0.018787,0.020406,True,True,False,0.0,False,False,46.807
1166,58.3,0,alert,alert,0.91661,0.91661,0.00015,0.0,0.002254,0.080986,0.080488,0.94435,0.0,0.262622,0.212695,0.213468,0.042076,0.018755,0.020388,True,True,False,0.0,False,False,37.732
1167,58.35,0,alert,alert,0.919754,0.919754,0.000151,0.0,0.002095,0.078,0.063417,0.946799,0.0,0.262021,0.211863,0.213336,0.042076,0.017511,0.02037,True,True,False,1.0,False,False,38.17
1168,58.4,0,alert,alert,0.925483,0.925483,0.000151,0.0,0.001963,0.072402,0.053037,0.948489,0.0,0.260721,0.21112,0.213195,0.042069,0.016711,0.020352,True,True,False,1.0,False,False,37.966
1169,58.45,0,alert,alert,0.930731,0.930731,0.000149,0.0,0.001859,0.067262,0.064444,0.944907,0.0,0.258603,0.210417,0.213065,0.042047,0.015921,0.020334,True,True,False,1.0,False,False,38.537
1170,58.5,0,alert,alert,0.930146,0.930146,0.000151,0.0,0.001693,0.06801,0.051098,0.948557,0.0,0.256229,0.209693,0.212922,0.042018,0.015141,0.020316,True,True,False,1.0,False,False,46.574
1171,58.55,0,alert,alert,0.911393,0.911393,0.000169,0.0,0.001423,0.087015,0.056942,0.947508,0.0,0.253828,0.209431,0.212786,0.041988,0.015115,0.020298,True,True,False,1.0,False,False,37.179
1172,58.6,0,alert,alert,0.907647,0.907647,0.000178,0.0,0.001196,0.090978,0.058109,0.94769,0.0,0.251523,0.208532,0.21265,0.041967,0.013813,0.020281,True,True,False,1.0,False,False,37.333
1173,58.65,0,alert,alert,0.906571,0.906571,0.000186,0.0,0.001104,0.092139,0.061984,0.947051,0.0,0.249529,0.208285,0.212518,0.041956,0.013813,0.020263,True,True,False,1.0,False,False,37.288
1174,58.7,0,alert,alert,0.869208,0.869208,0.000208,0.0,0.001072,0.129513,0.054804,0.94749,0.0,0.248129,0.207972,0.21238,0.041951,0.013813,0.020245,True,True,False,1.0,False,False,37.15
1175,58.75,0,alert,alert,0.887195,0.887195,0.000191,0.0,0.000948,0.111667,0.068766,0.945519,0.0,0.247621,0.207898,0.212255,0.041949,0.013813,0.020228,True,True,False,1.0,False,False,45.838
1176,58.8,0,alert,alert,0.824494,0.824494,0.000222,0.0,0.000933,0.174351,0.06091,0.947281,0.0,0.247514,0.207646,0.212122,0.04195,0.013789,0.02021,True,True,False,1.0,False,False,36.974
1177,58.85,0,alert,alert,0.843645,0.843645,0.000211,0.0,0.00084,0.155304,0.05142,0.949058,0.0,0.247517,0.20748,0.211982,0.04195,0.013813,0.020192,True,True,False,1.0,False,False,37.156
1178,58.9,0,alert,alert,0.844153,0.844153,0.000214,0.0,0.000801,0.154833,0.047926,0.9495,0.0,0.247445,0.206873,0.211839,0.041949,0.013812,0.020175,True,True,False,0.923187,False,False,37.118
1179,58.95,0,alert,alert,0.883783,0.883783,0.000195,0.0,0.000809,0.115212,0.046313,0.95021,0.0,0.24732,0.206299,0.211694,0.041947,0.013811,0.020157,True,True,False,0.647614,False,False,37.327
1180,59.0,0,alert,alert,0.838428,0.838428,0.00022,0.0,0.000831,0.160521,0.055883,0.94823,0.0,0.246327,0.205945,0.211558,0.04173,0.013811,0.020139,True,True,False,0.647614,False,False,46.332
1181,59.05,0,alert,alert,0.815292,0.815292,0.000239,0.0,0.00079,0.18368,0.060991,0.9472,0.0,0.24508,0.205697,0.211427,0.041721,0.013787,0.020122,True,True,False,0.667755,False,False,37.664
1182,59.1,0,alert,alert,0.822231,0.822231,0.000241,0.0,0.000755,0.176773,0.053753,0.949822,0.0,0.243029,0.205693,0.21129,0.041701,0.013811,0.020104,True,True,False,0.667755,False,False,38.078
1183,59.15,0,alert,alert,0.82632,0.82632,0.00024,0.0,0.000755,0.172685,0.061629,0.947693,0.0,0.241317,0.205139,0.21116,0.041692,0.01381,0.020087,True,True,False,0.0,False,False,37.79
1184,59.2,0,alert,alert,0.78713,0.78713,0.000245,0.0,0.000784,0.211842,0.075828,0.945787,0.0,0.240185,0.204435,0.211043,0.041686,0.013808,0.020069,True,True,False,0.0,False,False,37.701
1185,59.25,0,alert,alert,0.769394,0.769394,0.000239,0.0,0.000806,0.229561,0.074378,0.946764,0.0,0.2396,0.203649,0.210924,0.041684,0.013805,0.020052,True,True,False,0.0,False,False,47.371
1186,59.3,0,alert,alert,0.835188,0.835188,0.000205,0.0,0.000784,0.163824,0.054054,0.950057,0.0,0.23949,0.203392,0.210788,0.041685,0.013782,0.020035,True,True,False,0.0,False,False,37.696
1187,59.35,0,alert,alert,0.7887,0.7887,0.000218,0.0,0.000808,0.210273,0.049103,0.950788,0.0,0.239393,0.20203,0.210648,0.041685,0.013801,0.020017,True,True,False,0.0,False,False,38.625
1188,59.4,0,alert,alert,0.74041,0.74041,0.000235,0.0,0.000773,0.258582,0.058387,0.947058,0.0,0.239229,0.201288,0.210516,0.041686,0.013799,0.02,True,True,False,0.0,False,False,37.814
1189,59.45,0,alert,alert,0.600903,0.600903,0.000272,0.0,0.000693,0.398132,0.056446,0.948016,0.0,0.239144,0.200558,0.210383,0.041686,0.013797,0.019983,True,True,False,0.0,False,False,37.645
1190,59.5,0,alert,alert,0.737797,0.737797,0.000249,0.0,0.000672,0.261282,0.073279,0.946039,0.0,0.239253,0.199854,0.210265,0.041687,0.013795,0.019965,True,True,False,0.0,False,False,46.209
1191,59.55,0,alert,alert,0.788541,0.788541,0.000233,0.0,0.000658,0.210568,0.065468,0.949473,0.0,0.239318,0.199624,0.21014,0.041687,0.013771,0.019948,True,True,False,0.2901,False,False,37.066
1192,59.6,0,alert,alert,0.854238,0.854238,0.000212,0.0,0.00066,0.14489,0.076753,0.94649,0.0,0.239379,0.198467,0.210025,0.041687,0.01379,0.019931,True,True,False,0.225098,False,False,37.596
1193,59.65,0,alert,alert,0.857813,0.857813,0.000214,0.0,0.000644,0.141329,0.078371,0.946089,0.0,0.239508,0.197841,0.209912,0.041687,0.013789,0.019914,True,True,False,0.0,False,False,37.465
1194,59.7,0,alert,alert,0.869445,0.869445,0.000215,0.0,0.000634,0.129706,0.075608,0.948788,0.0,0.239629,0.197284,0.209796,0.041687,0.013788,0.019897,True,True,False,0.0,False,False,37.131
1195,59.75,0,alert,alert,0.914752,0.914752,0.000183,0.0,0.000637,0.084428,0.083208,0.946734,0.0,0.239627,0.196727,0.209687,0.041686,0.013787,0.01988,True,True,False,0.0,False,False,46.527
1196,59.8,0,alert,alert,0.942665,0.942665,0.000157,0.0,0.000661,0.056518,0.058344,0.950408,0.0,0.239335,0.19649,0.209557,0.041682,0.013763,0.019863,True,True,False,0.0,False,False,37.014
1197,59.85,0,alert,alert,0.956513,0.956513,0.000142,0.0,0.000681,0.042665,0.069328,0.946803,0.0,0.239292,0.19537,0.209437,0.041681,0.013784,0.019845,True,True,False,0.0,False,False,37.215
1198,59.9,0,alert,alert,0.89302,0.89302,0.000214,0.0,0.000805,0.105961,0.44281,0.864466,0.0,0.241135,0.195315,0.209619,0.0417,0.013785,0.01983,True,True,False,0.0,False,False,37.22
1199,59.95,0,alert,alert,0.830282,0.830282,0.000296,0.0,0.000836,0.168586,0.519328,0.832839,0.0,0.243208,0.195341,0.209852,0.041725,0.013786,0.019815,True,True,True,0.0,False,False,37.089
1200,60.0,0,alert,alert,0.89121,0.89121,0.00026,0.0,0.000848,0.107682,0.534716,0.818852,0.0,0.245419,0.195482,0.20997,0.041754,0.013788,0.019813,True,True,True,0.0,False,False,46.208
1201,60.05,0,alert,alert,0.911673,0.911673,0.000222,0.0,0.000848,0.087258,0.49375,0.870889,0.0,0.247317,0.19595,0.210193,0.041769,0.013766,0.019798,True,True,True,0.0,False,False,37.233
1202,60.1,0,alert,alert,0.905976,0.905976,0.000207,0.0,0.000842,0.092976,0.425703,0.902387,0.0,0.249092,0.195526,0.21011,0.041779,0.013789,0.019812,True,True,True,0.0,False,False,37.292
1203,60.15,0,alert,alert,0.917466,0.917466,0.000193,0.0,0.00083,0.081511,0.402877,0.901315,0.0,0.250811,0.195579,0.210267,0.041789,0.013789,0.019796,True,True,True,0.0,False,False,37.634
1204,60.2,0,alert,alert,0.870981,0.870981,0.000224,0.0,0.00084,0.127955,0.298765,0.921381,0.0,0.25156,0.195675,0.210296,0.041791,0.01379,0.019812,True,True,True,0.0,False,False,37.208
1205,60.25,0,alert,alert,0.804777,0.804777,0.000257,0.0,0.000753,0.194213,0.146998,0.941252,0.0,0.250078,0.19563,0.210289,0.041774,0.01379,0.019812,True,True,True,0.0,False,False,45.712
1206,60.3,0,alert,alert,0.577924,0.577924,0.000345,0.0,0.000702,0.421029,0.105067,0.947061,0.0,0.248114,0.195476,0.210199,0.041748,0.013766,0.019796,True,True,True,1.0,False,False,36.973
1207,60.35,4,distraction,distracted,0.70438,0.294736,0.000361,0.0,0.000522,0.70438,0.057499,0.954156,0.0,0.245825,0.195372,0.21004,0.04172,0.01379,0.019812,True,True,True,0.0,False,False,37.314
1208,60.4,4,distraction,distracted,0.781278,0.217946,0.000347,0.0,0.000429,0.781278,0.047229,0.954384,0.0,0.243556,0.195278,0.2099,0.041699,0.01379,0.019795,True,True,True,0.0,False,False,36.834
1209,60.45,4,distraction,distracted,0.78699,0.212223,0.000368,0.0,0.000419,0.78699,0.068653,0.948912,0.0,0.241471,0.19524,0.209917,0.041685,0.01379,0.019812,True,True,True,0.994658,False,False,37.571
1210,60.5,4,distraction,distracted,0.764574,0.234622,0.000387,0.0,0.000417,0.764574,0.081837,0.948226,0.0,0.239663,0.195268,0.209926,0.041675,0.01379,0.019812,True,True,True,1.0,False,False,46.258
1211,60.55,4,distraction,distracted,0.597702,0.401359,0.000434,0.0,0.000505,0.597702,0.100428,0.948698,0.0,0.238525,0.195105,0.209832,0.041669,0.013766,0.019795,True,True,True,0.0,False,False,37.331
1212,60.6,4,distraction,distracted,0.765287,0.233851,0.000428,0.0,0.000434,0.765287,0.170252,0.945028,0.0,0.237573,0.195506,0.210082,0.041662,0.01379,0.019812,True,True,True,0.0,False,False,37.076
1213,60.65,4,distraction,distracted,0.784568,0.2145,0.000486,0.0,0.000445,0.784568,0.387268,0.911277,0.0,0.238262,0.195998,0.210228,0.041666,0.013791,0.019796,True,True,True,0.0,False,False,36.982
1214,60.7,4,distraction,distracted,0.760324,0.238554,0.000628,0.0,0.000494,0.760324,0.472722,0.891184,0.0,0.239938,0.196635,0.210734,0.041678,0.013792,0.019814,True,True,True,0.0,False,False,36.852
1215,60.75,4,distraction,distracted,0.538156,0.460575,0.000667,0.0,0.000602,0.538156,0.377508,0.92434,0.0,0.241442,0.197151,0.211017,0.041683,0.013793,0.019814,True,True,True,0.0,False,False,46.202
1216,60.8,0,alert,alert,0.57506,0.57506,0.000565,0.0,0.000606,0.423769,0.204775,0.943268,0.0,0.242045,0.197164,0.211012,0.041684,0.013769,0.019798,True,True,True,0.0,False,False,37.417
1217,60.85,0,alert,alert,0.699479,0.699479,0.000478,0.0,0.000622,0.299421,0.078915,0.954872,0.0,0.241911,0.196535,0.211188,0.041682,0.01379,0.019814,True,True,True,0.893034,False,False,37.191
1218,60.9,0,alert,alert,0.523298,0.523298,0.000494,0.0,0.000597,0.475611,0.047038,0.956487,0.0,0.241596,0.195728,0.211046,0.041679,0.013788,0.019797,True,True,True,0.849089,False,False,37.065
1219,60.95,4,distraction,distracted,0.600764,0.398227,0.00047,0.0,0.000538,0.600764,0.041623,0.955418,0.0,0.241318,0.194773,0.21119,0.041677,0.013785,0.019814,True,True,True,0.76486,False,False,37.274
1220,61.0,0,alert,alert,0.542939,0.542939,0.00044,0.0,0.00057,0.456052,0.037647,0.955323,0.0,0.241117,0.193688,0.211184,0.041675,0.013782,0.019814,True,True,True,0.733065,False,False,46.034
1221,61.05,0,alert,alert,0.543635,0.543635,0.00041,0.0,0.000561,0.455394,0.04897,0.949952,0.0,0.240977,0.19344,0.211045,0.041675,0.013759,0.019797,True,True,True,0.846272,False,False,36.987
1222,61.1,0,alert,alert,0.624685,0.624685,0.000385,0.0,0.000569,0.374361,0.04363,0.952426,0.0,0.240773,0.191454,0.211151,0.041673,0.013776,0.019814,True,True,True,1.0,False,False,36.864
1223,61.15,0,alert,alert,0.666662,0.666662,0.000352,0.0,0.000585,0.332401,0.041752,0.952123,0.0,0.240551,0.190408,0.211005,0.04167,0.013773,0.019797,True,True,True,1.0,False,False,37.215
1224,61.2,0,alert,alert,0.737261,0.737261,0.000305,0.0,0.000604,0.261829,0.042639,0.951963,0.0,0.24027,0.18959,0.21099,0.041668,0.013772,0.019814,True,True,True,1.0,False,False,36.929
1225,61.25,0,alert,alert,0.806706,0.806706,0.000261,0.0,0.000606,0.192427,0.045036,0.95118,0.0,0.238572,0.188916,0.21089,0.041654,0.013771,0.019813,True,True,True,1.0,False,False,45.937
1226,61.3,0,alert,alert,0.743544,0.743544,0.000284,0.0,0.000621,0.255551,0.059543,0.948095,0.0,0.236469,0.188695,0.21076,0.041629,0.013747,0.019796,True,True,True,1.0,False,False,37.113
1227,61.35,0,alert,alert,0.704309,0.704309,0.000295,0.0,0.000622,0.294773,0.050689,0.950054,0.0,0.234194,0.188072,0.210429,0.041602,0.01377,0.019812,True,True,True,1.0,False,False,36.81
1228,61.4,0,alert,alert,0.592622,0.592622,0.000319,0.0,0.000601,0.406458,0.048177,0.95105,0.0,0.231935,0.188012,0.21029,0.041577,0.01377,0.019795,True,True,True,0.0,False,False,36.725
1229,61.45,0,alert,alert,0.641409,0.641409,0.000307,0.0,0.000596,0.357688,0.044999,0.951751,0.0,0.229758,0.188009,0.209808,0.041558,0.01377,0.019811,True,True,True,0.0,False,False,37.315
1230,61.5,0,alert,alert,0.671645,0.671645,0.000295,0.0,0.0006,0.32746,0.042798,0.952254,0.0,0.227778,0.188015,0.209475,0.041546,0.01377,0.019809,True,True,True,1.0,False,False,46.611
1231,61.55,0,alert,alert,0.658999,0.658999,0.000284,0.0,0.000619,0.340097,0.053965,0.950154,0.0,0.22587,0.187785,0.209341,0.041532,0.013746,0.019792,True,True,True,1.0,False,False,37.28
1232,61.6,0,alert,alert,0.627908,0.627908,0.000281,0.0,0.000627,0.371184,0.049582,0.950834,0.0,0.223853,0.18804,0.208795,0.041516,0.01377,0.019807,True,True,True,0.955688,False,False,37.021
1233,61.65,0,alert,alert,0.695361,0.695361,0.000262,0.0,0.000651,0.303726,0.045213,0.951592,0.0,0.221852,0.18804,0.208654,0.0415,0.01377,0.01979,True,True,True,0.0,False,False,37.35
1234,61.7,0,alert,alert,0.760543,0.760543,0.000238,0.0,0.000676,0.238543,0.044824,0.951723,0.0,0.220109,0.188041,0.208091,0.04149,0.01377,0.019804,True,True,True,0.0,False,False,37.023
1235,61.75,0,alert,alert,0.827921,0.827921,0.000205,0.0,0.000701,0.171173,0.050608,0.949864,0.0,0.219239,0.188044,0.207705,0.041277,0.01377,0.019803,True,True,True,0.0,False,False,46.244
1236,61.8,0,alert,alert,0.827763,0.827763,0.000206,0.0,0.000715,0.171315,0.045142,0.951776,0.0,0.21785,0.187799,0.207565,0.04127,0.013747,0.019786,True,True,True,0.0,False,False,38.139
1237,61.85,0,alert,alert,0.777919,0.777919,0.000223,0.0,0.000709,0.221149,0.05435,0.949483,0.0,0.21632,0.188022,0.206857,0.041263,0.01377,0.019799,True,True,True,0.0,False,False,37.89
1238,61.9,0,alert,alert,0.848762,0.848762,0.000197,0.0,0.000686,0.150355,0.053971,0.949163,0.0,0.214772,0.188031,0.206726,0.041256,0.01377,0.019782,True,True,True,0.0,False,False,37.384
1239,61.95,0,alert,alert,0.874762,0.874762,0.000188,0.0,0.000718,0.124332,0.052598,0.950515,0.0,0.213651,0.188026,0.206,0.041252,0.01377,0.019328,True,True,True,0.0,False,False,37.777
1240,62.0,0,alert,alert,0.908652,0.908652,0.00017,0.0,0.000743,0.090435,0.043476,0.952189,0.0,0.212753,0.187993,0.20559,0.041249,0.01377,0.018897,True,True,True,0.0,False,False,46.651
1241,62.05,0,alert,alert,0.939421,0.939421,0.000153,0.0,0.000747,0.059679,0.044336,0.951969,0.0,0.212094,0.187968,0.205451,0.041247,0.01377,0.018881,True,True,True,0.0,False,False,37.459
1242,62.1,0,alert,alert,0.947444,0.947444,0.000149,0.0,0.000745,0.051662,0.046237,0.951062,0.0,0.211448,0.187953,0.204814,0.041246,0.01377,0.018073,True,True,True,0.0,False,False,37.24
1243,62.15,0,alert,alert,0.949728,0.949728,0.000154,0.0,0.000739,0.049379,0.057265,0.948483,0.0,0.210735,0.187918,0.204688,0.041244,0.01377,0.018058,True,True,True,0.0,False,False,36.925
1244,62.2,0,alert,alert,0.941766,0.941766,0.000167,0.0,0.000742,0.057325,0.061372,0.947785,0.0,0.210411,0.187911,0.204113,0.041244,0.01377,0.017292,True,True,True,0.0,False,False,37.091
1245,62.25,0,alert,alert,0.952734,0.952734,0.000162,0.0,0.000723,0.04638,0.049913,0.950612,0.0,0.210177,0.187896,0.203796,0.041244,0.01377,0.01694,True,True,True,0.0,False,False,46.305
1246,62.3,0,alert,alert,0.961635,0.961635,0.000151,0.0,0.000732,0.037482,0.049433,0.950157,0.0,0.209707,0.187858,0.203664,0.041243,0.01377,0.016926,True,True,True,0.0,False,False,37.217
1247,62.35,0,alert,alert,0.961943,0.961943,0.000156,0.0,0.000734,0.037166,0.045555,0.951732,0.0,0.209588,0.18782,0.203297,0.041243,0.01377,0.016369,True,True,True,0.0,False,False,36.86
1248,62.4,0,alert,alert,0.967798,0.967798,0.000151,0.0,0.000744,0.031307,0.043036,0.951817,0.0,0.209556,0.187755,0.203159,0.041244,0.01377,0.016355,True,True,True,0.0,False,False,37.098
1249,62.45,0,alert,alert,0.965969,0.965969,0.000162,0.0,0.000754,0.033115,0.055406,0.948126,0.0,0.209631,0.187754,0.202721,0.041245,0.01377,0.015725,True,True,True,0.0,False,False,37.149
1250,62.5,0,alert,alert,0.953651,0.953651,0.000182,0.0,0.000765,0.045402,0.060049,0.947982,0.0,0.209716,0.187769,0.202358,0.041246,0.01377,0.015326,True,True,True,0.735822,False,False,46.578
1251,62.55,0,alert,alert,0.948295,0.948295,0.000188,0.0,0.000751,0.050766,0.054072,0.949494,0.0,0.209758,0.187778,0.202231,0.041246,0.01377,0.015313,True,True,True,0.735822,False,False,37.633
1252,62.6,0,alert,alert,0.952219,0.952219,0.000178,0.0,0.000723,0.04688,0.055145,0.94948,0.0,0.209795,0.187794,0.201642,0.041246,0.01377,0.014544,True,True,True,0.693703,False,False,37.786
1253,62.65,0,alert,alert,0.956663,0.956663,0.00017,0.0,0.000703,0.042464,0.057958,0.947641,0.0,0.209878,0.187803,0.20152,0.041247,0.01377,0.014532,True,True,True,0.0,False,False,38.039
1254,62.7,0,alert,alert,0.968154,0.968154,0.000154,0.0,0.000704,0.030987,0.062862,0.947418,0.0,0.210002,0.187817,0.20106,0.041248,0.01377,0.013874,True,True,True,0.0,False,False,37.966
1255,62.75,0,alert,alert,0.971003,0.971003,0.000155,0.0,0.000726,0.028115,0.048972,0.950393,0.0,0.210035,0.187804,0.200927,0.041248,0.01377,0.013874,True,True,True,0.62218,False,False,47.113
1256,62.8,0,alert,alert,0.972118,0.972118,0.000154,0.0,0.000734,0.026995,0.050845,0.950248,0.0,0.210074,0.187801,0.200799,0.041248,0.01377,0.013862,True,True,True,0.0,False,False,37.568
1257,62.85,0,alert,alert,0.969005,0.969005,0.000162,0.0,0.000762,0.03007,0.045513,0.950925,0.0,0.210049,0.18779,0.200724,0.041248,0.01377,0.013874,True,True,True,0.601036,False,False,37.71
1258,62.9,0,alert,alert,0.967106,0.967106,0.000166,0.0,0.000791,0.031938,0.048328,0.951304,0.0,0.209967,0.187781,0.200593,0.041247,0.01377,0.013862,True,True,True,0.330641,False,False,37.967
1259,62.95,0,alert,alert,0.958272,0.958272,0.000179,0.0,0.000821,0.040728,0.045954,0.950956,0.0,0.209386,0.18778,0.200513,0.041242,0.01377,0.013874,True,True,True,0.330641,False,False,37.683
1260,63.0,0,alert,alert,0.963463,0.963463,0.000172,0.0,0.000779,0.035586,0.049399,0.951334,0.0,0.208982,0.187784,0.200211,0.041239,0.01377,0.013873,True,True,True,0.330641,False,False,47.076
1261,63.05,0,alert,alert,0.96197,0.96197,0.000175,0.0,0.000792,0.037063,0.045118,0.951634,0.0,0.208484,0.18778,0.200078,0.041237,0.01377,0.013861,True,True,True,0.0,False,False,37.533
1262,63.1,0,alert,alert,0.940338,0.940338,0.00021,0.0,0.000848,0.058603,0.045567,0.952156,0.0,0.208223,0.187759,0.199732,0.041236,0.01377,0.013873,True,True,True,0.0,False,False,37.466
1263,63.15,0,alert,alert,0.932936,0.932936,0.000217,0.0,0.000826,0.066021,0.047223,0.951783,0.0,0.207033,0.187744,0.199602,0.041229,0.013769,0.013861,True,True,True,0.02554,False,False,36.938
1264,63.2,0,alert,alert,0.926366,0.926366,0.000222,0.0,0.000827,0.072585,0.045954,0.951473,0.0,0.205116,0.187734,0.19959,0.041215,0.013769,0.013873,True,True,True,0.161038,False,False,37.349
1265,63.25,0,alert,alert,0.943242,0.943242,0.000196,0.0,0.000828,0.055735,0.0457,0.951412,0.0,0.203225,0.187682,0.199305,0.041204,0.013769,0.013872,True,True,True,0.194226,False,False,46.217
1266,63.3,0,alert,alert,0.940119,0.940119,0.000199,0.0,0.000865,0.058817,0.0445,0.951508,0.0,0.201429,0.187621,0.199172,0.041194,0.013769,0.01386,True,True,True,0.194226,False,False,37.301
1267,63.35,0,alert,alert,0.948876,0.948876,0.000184,0.0,0.000827,0.050112,0.040151,0.951899,0.0,0.199393,0.187568,0.198515,0.041179,0.013769,0.01387,True,True,True,0.194226,False,False,37.086
1268,63.4,0,alert,alert,0.951508,0.951508,0.000178,0.0,0.000839,0.047475,0.046901,0.950496,0.0,0.197301,0.18756,0.198385,0.041161,0.013769,0.013858,True,True,True,0.223523,False,False,36.965
1269,63.45,0,alert,alert,0.943417,0.943417,0.000183,0.0,0.000864,0.055536,0.049423,0.950702,0.0,0.195237,0.187565,0.197725,0.041145,0.013769,0.013867,True,True,True,0.223523,False,False,36.64
1270,63.5,0,alert,alert,0.924753,0.924753,0.000199,0.0,0.000862,0.074186,0.04836,0.95142,0.0,0.193187,0.187555,0.19735,0.041132,0.013769,0.013866,True,True,True,0.17088,False,False,45.92
1271,63.55,0,alert,alert,0.842638,0.842638,0.000248,0.0,0.000929,0.156185,0.051859,0.951671,0.0,0.190945,0.187554,0.197225,0.04111,0.013769,0.013854,True,True,True,0.17088,False,False,37.228
1272,63.6,0,alert,alert,0.822055,0.822055,0.000239,0.0,0.000939,0.176767,0.045957,0.952545,0.0,0.188465,0.187519,0.196614,0.041084,0.013769,0.013864,True,True,True,0.31931,False,False,37.546
1273,63.65,0,alert,alert,0.892673,0.892673,0.000194,0.0,0.000863,0.10627,0.045889,0.951867,0.0,0.185826,0.187492,0.196485,0.038296,0.013769,0.013852,True,True,True,0.31931,False,False,37.203
1274,63.7,0,alert,alert,0.936649,0.936649,0.00016,0.0,0.000813,0.062377,0.051126,0.950638,0.0,0.1832,0.187451,0.19589,0.035487,0.013769,0.013862,True,True,True,0.314961,False,False,37.176
1275,63.75,0,alert,alert,0.925077,0.925077,0.000166,0.0,0.000826,0.073931,0.050842,0.950958,0.0,0.180424,0.187405,0.195539,0.032538,0.013769,0.013861,True,True,True,0.0,False,False,45.98
1276,63.8,0,alert,alert,0.945024,0.945024,0.000152,0.0,0.000794,0.05403,0.04611,0.951304,0.0,0.177603,0.187354,0.195411,0.029568,0.013769,0.013849,True,True,True,0.0,False,False,37.156
1277,63.85,0,alert,alert,0.935821,0.935821,0.000162,0.0,0.000817,0.0632,0.046427,0.95182,0.0,0.175192,0.187288,0.194904,0.026995,0.013768,0.01386,True,True,True,0.0,False,False,37.369
1278,63.9,0,alert,alert,0.933435,0.933435,0.000162,0.0,0.000769,0.065633,0.048839,0.951228,0.0,0.172811,0.187271,0.194779,0.024435,0.013768,0.013848,True,True,True,0.0,False,False,37.248
1279,63.95,0,alert,alert,0.949315,0.949315,0.000147,0.0,0.000753,0.049786,0.050376,0.950095,0.0,0.170584,0.187236,0.19423,0.022012,0.013768,0.013859,True,True,True,0.0,False,False,37.404
1280,64.0,0,alert,alert,0.932253,0.932253,0.000161,0.0,0.000795,0.066791,0.052681,0.950099,0.0,0.168532,0.186606,0.193903,0.019735,0.013766,0.013858,True,True,True,0.0,False,False,46.516
1281,64.05,0,alert,alert,0.925198,0.925198,0.000162,0.0,0.000829,0.073811,0.057718,0.948561,0.0,0.166691,0.185885,0.193787,0.017633,0.013763,0.013846,True,True,True,0.0,False,False,37.625
1282,64.1,0,alert,alert,0.938581,0.938581,0.000144,0.0,0.000763,0.060511,0.061798,0.948885,0.0,0.16616,0.185673,0.193535,0.017544,0.01374,0.013846,True,True,True,0.0,False,False,37.645
1283,64.15,0,alert,alert,0.949773,0.949773,0.000135,0.0,0.000752,0.04934,0.05579,0.950166,0.0,0.163851,0.184454,0.193262,0.014237,0.013758,0.013857,True,True,True,0.0,False,False,37.545
1284,64.2,0,alert,alert,0.957022,0.957022,0.000121,0.0,0.000852,0.042005,0.054733,0.94984,0.0,0.162463,0.183849,0.193002,0.012594,0.013757,0.013857,True,True,True,0.0,False,False,37.418
1285,64.25,0,alert,alert,0.963357,0.963357,0.000112,0.0,0.000988,0.035544,0.059855,0.948839,0.0,0.161181,0.183303,0.192779,0.011025,0.013756,0.013857,True,True,True,0.0,False,False,46.528
1286,64.3,0,alert,alert,0.960454,0.960454,0.000113,0.0,0.001294,0.038139,0.061006,0.949794,0.0,0.15914,0.182933,0.192666,0.008739,0.013755,0.013845,True,True,True,0.0,False,False,37.323
1287,64.35,0,alert,alert,0.958629,0.958629,0.000109,0.0,0.00142,0.039843,0.053948,0.950452,0.0,0.158608,0.182712,0.192536,0.008695,0.013732,0.013845,True,True,True,0.0,False,False,37.125
1288,64.4,0,alert,alert,0.962308,0.962308,0.000106,0.0,0.001523,0.036063,0.072573,0.94716,0.0,0.154942,0.182759,0.192519,0.004072,0.013755,0.013857,True,True,True,0.0,False,False,37.98
1289,64.45,0,alert,alert,0.966132,0.966132,0.000106,0.0,0.001625,0.032137,0.072998,0.94793,0.0,0.153042,0.182791,0.192426,0.001851,0.013755,0.013857,True,True,True,0.0,False,False,37.488
1290,64.5,0,alert,alert,0.963673,0.963673,0.000111,0.0,0.001962,0.034255,0.062694,0.951008,0.0,0.151477,0.182822,0.192384,0.0,0.013755,0.013857,True,True,True,0.0,False,False,46.452
1291,64.55,0,alert,alert,0.952248,0.952248,0.000117,0.0,0.001907,0.045728,0.137286,0.943194,0.0,0.151153,0.182941,0.192338,0.0,0.013756,0.013845,True,True,True,0.0,False,False,37.078
1292,64.6,0,alert,alert,0.942489,0.942489,0.000123,0.0,0.001848,0.05554,0.10193,0.946854,0.0,0.150905,0.182803,0.192342,0.0,0.013732,0.013845,True,True,True,0.0,False,False,37.067
1293,64.65,0,alert,alert,0.955663,0.955663,0.000115,0.0,0.001875,0.042347,0.094926,0.945547,0.0,0.150327,0.182894,0.192483,0.0,0.013756,0.013857,True,True,True,0.0,False,False,37.147
1294,64.7,0,alert,alert,0.958464,0.958464,0.000113,0.0,0.001835,0.039588,0.066871,0.948698,0.0,0.150236,0.182524,0.192472,0.0,0.013755,0.013857,True,True,True,0.0,False,False,37.139
1295,64.75,0,alert,alert,0.968007,0.968007,0.000106,0.0,0.001709,0.030178,0.055837,0.950085,0.0,0.148785,0.181905,0.19244,0.0,0.013754,0.013857,True,True,True,0.0,False,False,46.157
1296,64.8,0,alert,alert,0.965403,0.965403,0.000112,0.0,0.001645,0.03284,0.049036,0.949921,0.0,0.146877,0.18125,0.192318,0.0,0.013752,0.013845,True,True,True,0.0,False,False,37.283
1297,64.85,0,alert,alert,0.953918,0.953918,0.000126,0.0,0.001651,0.044305,0.089969,0.941844,0.0,0.146592,0.181095,0.192324,0.0,0.013729,0.013845,True,True,True,0.0,False,False,37.234
1298,64.9,0,alert,alert,0.918405,0.918405,0.000157,0.0,0.001413,0.080026,0.136016,0.937862,0.0,0.144581,0.180743,0.192383,0.0,0.013752,0.013857,True,True,True,0.0,False,False,37.376
1299,64.95,0,alert,alert,0.656964,0.656964,0.000257,0.0,0.001315,0.341465,0.253853,0.921766,0.0,0.145045,0.181057,0.192212,0.0,0.013753,0.013856,True,True,True,0.0,False,False,37.328
1300,65.0,4,distraction,distracted,0.59192,0.406914,0.000268,0.0,0.000898,0.59192,0.25368,0.924498,0.0,0.145914,0.181411,0.191986,0.0,0.013754,0.013855,True,True,True,1.0,False,False,46.331
1301,65.05,4,distraction,distracted,0.741749,0.257375,0.00024,0.0,0.000636,0.741749,0.160712,0.93934,0.0,0.146316,0.181617,0.191959,0.0,0.013754,0.013844,True,True,True,0.0,False,False,37.474
1302,65.1,4,distraction,distracted,0.831891,0.167427,0.000213,0.0,0.000468,0.831891,0.113158,0.948535,0.0,0.146149,0.181501,0.191545,0.0,0.013731,0.013842,True,True,True,0.0,False,False,37.156
1303,65.15,4,distraction,distracted,0.719277,0.279965,0.000233,0.0,0.000525,0.719277,0.162666,0.94371,0.0,0.143324,0.181937,0.19067,0.0,0.013754,0.013851,True,True,True,0.0,False,False,37.346
1304,65.2,4,distraction,distracted,0.802754,0.196578,0.000222,0.0,0.000446,0.802754,0.275814,0.929256,0.0,0.142237,0.182311,0.190315,0.0,0.013755,0.01385,True,True,True,0.0,False,False,37.474
1305,65.25,4,distraction,distracted,0.735806,0.263476,0.00023,0.0,0.000488,0.735806,0.215482,0.937028,0.0,0.140847,0.182601,0.189951,0.0,0.013755,0.013849,True,True,True,0.0,False,False,46.484
1306,65.3,0,alert,alert,0.51261,0.51261,0.000239,0.0,0.000626,0.486525,0.165197,0.941715,0.0,0.139272,0.182816,0.18993,0.0,0.013756,0.013837,True,True,True,1.0,False,False,37.653
1307,65.35,0,alert,alert,0.700901,0.700901,0.000215,0.0,0.000701,0.298183,0.087247,0.948549,0.0,0.13901,0.182653,0.18957,0.0,0.013732,0.013837,True,True,True,1.0,False,False,37.314
1308,65.4,0,alert,alert,0.766504,0.766504,0.000203,0.0,0.000772,0.232522,0.053808,0.951551,0.0,0.135232,0.182907,0.189185,0.0,0.013756,0.013848,True,True,True,0.0,False,False,37.326
1309,65.45,0,alert,alert,0.530403,0.530403,0.000243,0.0,0.000867,0.468487,0.048872,0.951085,0.0,0.133143,0.182914,0.189136,0.0,0.013756,0.013848,True,True,True,1.0,False,False,37.533
1310,65.5,0,alert,alert,0.556434,0.556434,0.000241,0.0,0.000952,0.442373,0.048015,0.951189,0.0,0.131038,0.182918,0.189122,0.0,0.013756,0.013848,True,True,True,1.0,False,False,46.64
1311,65.55,4,distraction,distracted,0.521469,0.477373,0.000247,0.0,0.000912,0.521469,0.06886,0.94801,0.0,0.129202,0.182962,0.189019,0.0,0.013756,0.013836,True,True,True,1.0,False,False,37.164
1312,65.6,4,distraction,distracted,0.706141,0.292847,0.00023,0.0,0.000782,0.706141,0.079266,0.94694,0.0,0.128951,0.182785,0.189051,0.0,0.013732,0.013836,True,True,True,1.0,False,False,37.195
1313,65.65,4,distraction,distracted,0.862681,0.136623,0.000195,0.0,0.000502,0.862681,0.098333,0.945595,0.0,0.126196,0.183106,0.189226,0.0,0.013756,0.013848,True,True,True,1.0,False,False,37.189
1314,65.7,4,distraction,distracted,0.88344,0.115917,0.000189,0.0,0.000454,0.88344,0.128198,0.943702,0.0,0.124623,0.183241,0.189283,0.0,0.013756,0.013848,True,True,True,0.0,False,False,37.499
1315,65.75,4,distraction,distracted,0.606147,0.392723,0.000249,0.0,0.00088,0.606147,0.133474,0.937009,0.0,0.123059,0.183394,0.189355,0.0,0.013757,0.013849,True,True,True,0.0,False,False,45.941
1316,65.8,0,alert,alert,0.641086,0.641086,0.000226,0.0,0.001026,0.357662,0.144841,0.934773,0.0,0.121623,0.183567,0.189318,0.0,0.013757,0.013837,True,True,True,1.0,False,False,37.052
1317,65.85,0,alert,alert,0.78439,0.78439,0.00019,0.0,0.001175,0.214246,0.362366,0.903507,0.0,0.122774,0.183858,0.189575,0.0,0.013735,0.013837,True,True,True,1.0,False,False,37.56
1318,65.9,0,alert,alert,0.797916,0.797916,0.000181,0.0,0.001296,0.200608,0.311011,0.92315,0.0,0.120819,0.184537,0.189902,0.0,0.013759,0.01385,True,True,True,1.0,False,False,37.187
1319,65.95,0,alert,alert,0.656455,0.656455,0.00022,0.0,0.001053,0.342271,0.203991,0.939651,0.0,0.119793,0.184793,0.190021,0.0,0.013759,0.01385,True,True,True,0.0,False,False,37.073
1320,66.0,0,alert,alert,0.752577,0.752577,0.000211,0.0,0.00082,0.246393,0.147976,0.94704,0.0,0.118543,0.184956,0.190094,0.0,0.013759,0.01385,True,True,True,0.0,False,False,46.319
1321,66.05,0,alert,alert,0.58268,0.58268,0.000264,0.0,0.000717,0.416339,0.159071,0.945899,0.0,0.117615,0.185139,0.190068,0.0,0.013759,0.013838,True,True,True,0.0,False,False,37.563
1322,66.1,4,distraction,distracted,0.689719,0.309467,0.000278,0.0,0.000536,0.689719,0.410658,0.903607,0.0,0.119016,0.185506,0.190358,0.0,0.013737,0.013839,True,True,True,0.0,False,False,37.304
1323,66.15,4,distraction,distracted,0.645135,0.354036,0.000303,0.0,0.000526,0.645135,0.383054,0.917178,0.0,0.119657,0.186318,0.190723,0.0,0.013761,0.013851,True,True,True,0.0,False,False,37.56
1324,66.2,4,distraction,distracted,0.6844,0.31484,0.000288,0.0,0.000472,0.6844,0.469868,0.878925,0.0,0.121194,0.187007,0.191048,0.0,0.013763,0.013852,True,True,True,0.0,False,False,38.41
1325,66.25,0,alert,alert,0.547501,0.547501,0.000287,0.0,0.000557,0.451655,0.416226,0.904812,0.0,0.122342,0.187605,0.191323,0.0,0.013764,0.013852,True,True,True,0.0,False,False,46.504
1326,66.3,0,alert,alert,0.685635,0.685635,0.000253,0.0,0.000607,0.313505,0.33519,0.919638,0.0,0.123296,0.18807,0.191442,0.0,0.013765,0.013841,True,True,True,0.0,False,False,38.22
1327,66.35,0,alert,alert,0.675784,0.675784,0.000246,0.0,0.000671,0.3233,0.265496,0.927552,0.0,0.123995,0.188199,0.191609,0.0,0.013742,0.013841,True,True,True,0.0,False,False,37.606
1328,66.4,0,alert,alert,0.742282,0.742282,0.000226,0.0,0.000792,0.256701,0.129589,0.946168,0.0,0.124386,0.188574,0.191775,0.0,0.013766,0.013853,True,True,True,0.0,False,False,37.535
1329,66.45,0,alert,alert,0.550304,0.550304,0.000259,0.0,0.000771,0.448667,0.192513,0.936205,0.0,0.125055,0.188826,0.191883,0.0,0.013766,0.013853,True,True,True,0.0,False,False,37.541
1330,66.5,0,alert,alert,0.621344,0.621344,0.000243,0.0,0.000792,0.377622,0.174714,0.942419,0.0,0.125639,0.189052,0.191963,0.0,0.013766,0.013853,True,True,True,0.0,False,False,46.287
1331,66.55,4,distraction,distracted,0.63694,0.362067,0.000247,0.0,0.000746,0.63694,0.117656,0.95111,0.0,0.125817,0.189158,0.191899,0.0,0.013766,0.013841,True,True,True,0.0,False,False,37.339
1332,66.6,4,distraction,distracted,0.724466,0.274622,0.00023,0.0,0.000682,0.724466,0.089494,0.95394,0.0,0.125634,0.188987,0.191927,0.0,0.013742,0.013841,True,True,True,0.0,False,False,37.804
1333,66.65,4,distraction,distracted,0.864423,0.134875,0.000209,0.0,0.000493,0.864423,0.092992,0.951789,0.0,0.125994,0.189275,0.192085,0.0,0.013766,0.013853,True,True,True,0.0,False,False,37.213
1334,66.7,4,distraction,distracted,0.885876,0.113488,0.000206,0.0,0.00043,0.885876,0.077478,0.952391,0.0,0.126108,0.189312,0.192112,0.0,0.013766,0.013853,True,True,True,0.0,False,False,37.448
1335,66.75,4,distraction,distracted,0.864879,0.13447,0.000211,0.0,0.00044,0.864879,0.093586,0.951184,0.0,0.124565,0.189384,0.192147,0.0,0.013766,0.013853,True,True,True,0.0,False,False,46.203
1336,66.8,4,distraction,distracted,0.868674,0.13069,0.000208,0.0,0.000428,0.868674,0.080316,0.953682,0.0,0.122543,0.189421,0.192051,0.0,0.013766,0.013841,True,True,True,0.0,False,False,37.592
1337,66.85,4,distraction,distracted,0.758504,0.24068,0.000244,0.0,0.000572,0.758504,0.091332,0.94973,0.0,0.122386,0.189254,0.192082,0.0,0.013742,0.013841,True,True,True,0.0,False,False,37.501
1338,66.9,4,distraction,distracted,0.706057,0.292986,0.000246,0.0,0.00071,0.706057,0.133948,0.945052,0.0,0.117602,0.189639,0.192268,0.0,0.013766,0.013853,True,True,True,1.0,False,False,37.538
1339,66.95,4,distraction,distracted,0.629456,0.369514,0.000258,0.0,0.000773,0.629456,0.086959,0.950313,0.0,0.114565,0.189714,0.192298,0.0,0.013766,0.013853,True,True,True,0.0,False,False,37.831
1340,67.0,4,distraction,distracted,0.618407,0.380592,0.00025,0.0,0.000751,0.618407,0.093498,0.950567,0.0,0.111506,0.189794,0.192332,0.0,0.013766,0.013853,True,True,True,1.0,False,False,46.425
1341,67.05,4,distraction,distracted,0.556509,0.442508,0.000258,0.0,0.000726,0.556509,0.215519,0.934335,0.0,0.109298,0.190087,0.192352,0.0,0.013766,0.013841,True,True,True,1.0,False,False,39.719
1342,67.1,0,alert,alert,0.551681,0.551681,0.000265,0.0,0.000773,0.447281,0.140612,0.944489,0.0,0.109454,0.190003,0.192432,0.0,0.013743,0.013841,True,True,True,1.0,False,False,41.036
1343,67.15,0,alert,alert,0.590592,0.590592,0.000263,0.0,0.000803,0.408342,0.270218,0.926401,0.0,0.106239,0.19062,0.192747,0.0,0.013767,0.013853,True,True,True,0.0,False,False,38.905
1344,67.2,0,alert,alert,0.690848,0.690848,0.000257,0.0,0.000831,0.308064,0.147505,0.943921,0.0,0.104923,0.190793,0.192825,0.0,0.013767,0.013853,True,True,True,0.0,False,False,38.622
1345,67.25,0,alert,alert,0.710704,0.710704,0.000249,0.0,0.000875,0.288172,0.109768,0.948099,0.0,0.104343,0.190901,0.192872,0.0,0.013767,0.013853,True,True,True,0.0,False,False,46.992
1346,67.3,0,alert,alert,0.802772,0.802772,0.000226,0.0,0.000899,0.196104,0.089546,0.953691,0.0,0.104345,0.190974,0.192784,0.0,0.013767,0.013842,True,True,True,1.0,False,False,37.438
1347,67.35,0,alert,alert,0.822695,0.822695,0.000221,0.0,0.000883,0.176201,0.113401,0.948845,0.0,0.10439,0.190842,0.192837,0.0,0.013744,0.013842,True,True,True,1.0,False,False,37.384
1348,67.4,0,alert,alert,0.76451,0.76451,0.000242,0.0,0.000902,0.234345,0.10011,0.950332,0.0,0.104977,0.19115,0.192953,0.0,0.013767,0.013853,True,True,True,1.0,False,False,38.508
1349,67.45,0,alert,alert,0.525186,0.525186,0.000282,0.0,0.000861,0.473672,0.126915,0.948557,0.0,0.105411,0.191293,0.193004,0.0,0.013767,0.013853,True,True,True,1.0,False,False,37.999
1350,67.5,0,alert,alert,0.502331,0.502331,0.000276,0.0,0.000754,0.496639,0.141445,0.947983,0.0,0.105884,0.191453,0.193081,0.0,0.013767,0.013853,True,True,True,1.0,False,False,46.618
1351,67.55,0,alert,alert,0.558131,0.558131,0.000271,0.0,0.000699,0.440899,0.190312,0.943958,0.0,0.106618,0.191694,0.193079,0.0,0.013768,0.013842,True,True,True,1.0,False,False,38.437
1352,67.6,0,alert,alert,0.633174,0.633174,0.000268,0.0,0.000671,0.365887,0.225775,0.940211,0.0,0.107208,0.191751,0.193223,0.0,0.013744,0.013842,True,True,True,1.0,False,False,37.793
1353,67.65,0,alert,alert,0.536331,0.536331,0.000288,0.0,0.000647,0.462734,0.200815,0.943661,0.0,0.108297,0.192251,0.193461,0.0,0.013768,0.013854,True,True,True,0.0,False,False,37.405
1354,67.7,0,alert,alert,0.56762,0.56762,0.000303,0.0,0.000686,0.431392,0.482676,0.857834,0.0,0.110283,0.192952,0.193789,0.0,0.013771,0.013855,True,True,True,0.0,False,False,37.523
1355,67.75,4,distraction,distracted,0.533922,0.465053,0.000355,0.0,0.000671,0.533922,0.522243,0.809671,0.0,0.11231,0.193686,0.19414,0.0,0.013774,0.013856,True,True,True,0.0,False,False,46.261
1356,67.8,0,alert,alert,0.53708,0.53708,0.000376,0.0,0.000681,0.461862,0.478366,0.872932,0.0,0.114326,0.194381,0.194363,0.0,0.013776,0.013846,True,True,True,0.0,False,False,37.524
1357,67.85,0,alert,alert,0.51226,0.51226,0.000356,0.0,0.000697,0.486687,0.385663,0.903924,0.0,0.115622,0.194692,0.194617,0.0,0.013754,0.013846,True,True,True,0.0,False,False,37.107
1358,67.9,0,alert,alert,0.533618,0.533618,0.000334,0.0,0.000678,0.46537,0.213517,0.930927,0.0,0.116681,0.195226,0.194843,0.0,0.013778,0.013858,True,True,True,0.0,False,False,37.27
1359,67.95,0,alert,alert,0.688948,0.688948,0.000292,0.0,0.000688,0.310072,0.082205,0.949734,0.0,0.116805,0.195288,0.19486,0.0,0.013778,0.013858,True,True,True,0.0,False,False,37.219
1360,68.0,0,alert,alert,0.786836,0.786836,0.000247,0.0,0.000734,0.212184,0.054333,0.955304,0.0,0.116801,0.195299,0.194862,0.0,0.013778,0.013858,True,True,True,0.250446,False,False,46.024
1361,68.05,0,alert,alert,0.863382,0.863382,0.000212,0.0,0.00072,0.135686,0.043968,0.953076,0.0,0.116652,0.195288,0.194733,0.0,0.013778,0.013846,True,True,True,0.0,False,False,37.217
1362,68.1,0,alert,alert,0.840767,0.840767,0.000226,0.0,0.00073,0.158277,0.072128,0.942015,0.0,0.11643,0.195079,0.194623,0.0,0.013754,0.013846,True,True,True,0.0,False,False,37.437
1363,68.15,0,alert,alert,0.794191,0.794191,0.000256,0.0,0.000699,0.204853,0.073291,0.943605,0.0,0.116766,0.195351,0.194054,0.0,0.013778,0.013855,True,True,True,0.664667,False,False,37.335
1364,68.2,0,alert,alert,0.683444,0.683444,0.000319,0.0,0.000656,0.315581,0.32198,0.896628,0.0,0.117986,0.195783,0.193902,0.0,0.013779,0.013854,True,True,True,0.0,False,False,37.203
1365,68.25,0,alert,alert,0.753097,0.753097,0.000324,0.0,0.000606,0.245973,0.430703,0.884832,0.0,0.119718,0.196397,0.193858,0.0,0.013781,0.013854,True,True,True,0.0,False,False,45.735
1366,68.3,0,alert,alert,0.713106,0.713106,0.000344,0.0,0.000586,0.285965,0.333645,0.915483,0.0,0.120956,0.196868,0.193974,0.0,0.013782,0.013843,True,True,True,0.0,False,False,37.438
1367,68.35,0,alert,alert,0.768229,0.768229,0.000288,0.0,0.000567,0.230916,0.35411,0.919739,0.0,0.12209,0.197128,0.193928,0.0,0.013759,0.013842,True,True,True,0.0,False,False,37.24
1368,68.4,0,alert,alert,0.762786,0.762786,0.000283,0.0,0.000574,0.236357,0.321313,0.926043,0.0,0.123714,0.197801,0.193813,0.0,0.013783,0.013854,True,True,True,0.0,False,False,37.254
1369,68.45,0,alert,alert,0.818061,0.818061,0.000253,0.0,0.000567,0.181118,0.18937,0.938593,0.0,0.124339,0.198032,0.193862,0.0,0.013783,0.013854,True,True,True,0.0,False,False,37.027
1370,68.5,0,alert,alert,0.883575,0.883575,0.000209,0.0,0.000555,0.115662,0.106872,0.944594,0.0,0.124621,0.198081,0.193871,0.0,0.013783,0.013854,True,True,True,0.0,False,False,45.734
1371,68.55,0,alert,alert,0.933745,0.933745,0.00017,0.0,0.000577,0.065509,0.0906,0.947165,0.0,0.124791,0.1981,0.193783,0.0,0.013783,0.013842,True,True,True,0.0,False,False,38.026
1372,68.6,0,alert,alert,0.956937,0.956937,0.000153,0.0,0.000596,0.042314,0.066013,0.95216,0.0,0.124495,0.197874,0.193792,0.0,0.01376,0.013842,True,True,True,0.0,False,False,37.377
1373,68.65,0,alert,alert,0.967927,0.967927,0.000144,0.0,0.000627,0.031302,0.054028,0.951287,0.0,0.124787,0.197963,0.193924,0.0,0.013783,0.013854,True,True,True,0.0,False,False,38.055
1374,68.7,0,alert,alert,0.959764,0.959764,0.000156,0.0,0.000764,0.039316,0.050896,0.951169,0.0,0.124766,0.197836,0.193887,0.0,0.013783,0.013854,True,True,True,0.0,False,False,37.689
1375,68.75,0,alert,alert,0.968851,0.968851,0.00014,0.0,0.000809,0.0302,0.055747,0.950569,0.0,0.124699,0.197748,0.193839,0.0,0.013783,0.013854,True,True,True,0.0,False,False,45.945
1376,68.8,0,alert,alert,0.963369,0.963369,0.000152,0.0,0.000849,0.035631,0.048224,0.951107,0.0,0.124633,0.197699,0.193715,0.0,0.013783,0.013842,True,True,True,0.0,False,False,37.085
1377,68.85,0,alert,alert,0.952919,0.952919,0.000157,0.0,0.001052,0.045872,0.055012,0.949754,0.0,0.124284,0.197455,0.193534,0.0,0.013759,0.013842,True,True,True,0.0,False,False,37.285
1378,68.9,0,alert,alert,0.959455,0.959455,0.000138,0.0,0.001245,0.039163,0.063084,0.947444,0.0,0.124729,0.197695,0.193019,0.0,0.013783,0.013852,True,True,True,1.0,False,False,37.505
1379,68.95,0,alert,alert,0.928997,0.928997,0.000153,0.0,0.001327,0.069524,0.073388,0.946374,0.0,0.124866,0.197638,0.192766,0.0,0.013783,0.013852,True,True,True,1.0,False,False,37.337
1380,69.0,0,alert,alert,0.953328,0.953328,0.000131,0.0,0.001032,0.045509,0.058296,0.948439,0.0,0.124878,0.197569,0.19265,0.0,0.013783,0.013852,True,True,True,1.0,False,False,45.935
1381,69.05,0,alert,alert,0.965096,0.965096,0.000124,0.0,0.000934,0.033845,0.061923,0.947967,0.0,0.124883,0.197289,0.192538,0.0,0.013782,0.01384,True,True,True,1.0,False,False,37.099
1382,69.1,0,alert,alert,0.963281,0.963281,0.000128,0.0,0.000937,0.035654,0.046874,0.950009,0.0,0.124491,0.197032,0.192515,0.0,0.013758,0.01384,True,True,True,1.0,False,False,37.497
1383,69.15,0,alert,alert,0.957052,0.957052,0.000127,0.0,0.001074,0.041746,0.044714,0.949374,0.0,0.124762,0.196352,0.192644,0.0,0.01378,0.013852,True,True,True,1.0,False,False,37.091
1384,69.2,0,alert,alert,0.960302,0.960302,0.000116,0.0,0.001013,0.038569,0.045986,0.949257,0.0,0.124611,0.19606,0.192652,0.0,0.01378,0.013852,True,True,True,0.0,False,False,37.205
1385,69.25,0,alert,alert,0.963555,0.963555,0.000113,0.0,0.001072,0.035259,0.045489,0.949795,0.0,0.124464,0.195662,0.192649,0.0,0.013779,0.013852,True,True,True,1.0,False,False,45.818
1386,69.3,0,alert,alert,0.966603,0.966603,0.000112,0.0,0.000991,0.032294,0.045965,0.950019,0.0,0.124423,0.195185,0.192523,0.0,0.013779,0.01384,True,True,True,1.0,False,False,37.254
1387,69.35,0,alert,alert,0.964695,0.964695,0.000113,0.0,0.001,0.034191,0.127845,0.931513,0.0,0.12444,0.195072,0.192589,0.0,0.013756,0.01384,True,True,True,0.0,False,False,37.408
1388,69.4,0,alert,alert,0.958957,0.958957,0.000115,0.0,0.001265,0.039663,0.297767,0.905724,0.0,0.125988,0.195208,0.192932,0.0,0.01378,0.013853,True,True,True,1.0,False,False,37.973
1389,69.45,0,alert,alert,0.961238,0.961238,0.000119,0.0,0.001318,0.037325,0.269331,0.917027,0.0,0.127038,0.195523,0.193123,0.0,0.01378,0.013853,True,True,True,1.0,False,False,37.449
1390,69.5,0,alert,alert,0.971683,0.971683,0.000106,0.0,0.001261,0.02695,0.153601,0.936887,0.0,0.127441,0.195688,0.193217,0.0,0.013781,0.013853,True,True,True,0.0,False,False,46.347
1391,69.55,0,alert,alert,0.968153,0.968153,0.000107,0.0,0.001323,0.030418,0.205456,0.92391,0.0,0.128137,0.195956,0.193228,0.0,0.013781,0.013842,True,True,True,0.0,False,False,37.504
1392,69.6,0,alert,alert,0.973101,0.973101,0.000102,0.0,0.00143,0.025367,0.176807,0.930132,0.0,0.128377,0.195924,0.193341,0.0,0.013758,0.013842,True,True,True,0.0,False,False,37.182
1393,69.65,0,alert,alert,0.975152,0.975152,0.000104,0.0,0.001552,0.023192,0.11805,0.940107,0.0,0.128837,0.196253,0.193533,0.0,0.013782,0.013854,True,True,True,0.0,False,False,37.033
1394,69.7,0,alert,alert,0.974593,0.974593,0.000108,0.0,0.001916,0.023382,0.10604,0.943343,0.0,0.128991,0.196277,0.193586,0.0,0.013782,0.013854,True,True,True,1.0,False,False,37.048
1395,69.75,0,alert,alert,0.974306,0.974306,0.000107,0.0,0.001996,0.023591,0.166745,0.930428,0.0,0.129409,0.19641,0.193683,0.0,0.013783,0.013854,True,True,True,0.995056,False,False,45.812
1396,69.8,0,alert,alert,0.973705,0.973705,0.00011,0.0,0.002047,0.024138,0.113421,0.942087,0.0,0.129688,0.196393,0.193615,0.0,0.013783,0.013843,True,True,True,0.0,False,False,36.948
1397,69.85,0,alert,alert,0.969797,0.969797,0.000118,0.0,0.002003,0.028082,0.469533,0.844219,0.0,0.131208,0.196809,0.193949,0.0,0.013762,0.013844,True,True,True,0.0,False,False,38.828
1398,69.9,0,alert,alert,0.935485,0.935485,0.000153,0.0,0.002296,0.062065,0.525758,0.80101,0.0,0.131768,0.197468,0.19444,0.0,0.013788,0.013858,True,True,True,1.0,False,False,38.881
1399,69.95,0,alert,alert,0.947335,0.947335,0.000138,0.0,0.002058,0.050469,0.516127,0.837199,0.0,0.131763,0.197683,0.194805,0.0,0.01379,0.013859,True,True,True,1.0,False,False,38.52
1400,70.0,0,alert,alert,0.957566,0.957566,0.000129,0.0,0.002091,0.040213,0.529902,0.82772,0.0,0.131761,0.197994,0.19517,0.0,0.013792,0.013861,True,True,True,1.0,False,False,46.439
1401,70.05,0,alert,alert,0.951621,0.951621,0.000139,0.0,0.002865,0.045375,0.511728,0.859852,0.0,0.131822,0.198424,0.195415,0.0,0.013794,0.01385,True,True,True,1.0,False,False,38.733
1402,70.1,0,alert,alert,0.928492,0.928492,0.000164,0.0,0.004321,0.067022,0.503295,0.868069,0.0,0.133531,0.198901,0.19577,0.0,0.013773,0.013851,True,True,True,0.0,False,False,37.594
1403,70.15,0,alert,alert,0.908907,0.908907,0.000177,0.0,0.005271,0.085645,0.469804,0.881846,0.0,0.132413,0.199207,0.196207,0.0,0.013797,0.013864,True,True,True,0.0,False,False,37.467
1404,70.2,0,alert,alert,0.929059,0.929059,0.000158,0.0,0.005479,0.065304,0.417861,0.902654,0.0,0.132969,0.199563,0.196516,0.0,0.013775,0.013864,True,True,True,0.0,False,False,37.355
1405,70.25,0,alert,alert,0.920732,0.920732,0.000166,0.0,0.00737,0.071731,0.484982,0.8727,0.0,0.134536,0.2,0.196872,0.0,0.013777,0.013865,True,True,True,0.0,False,False,45.737
1406,70.3,0,alert,alert,0.883666,0.883666,0.000201,0.0,0.009764,0.106368,0.53606,0.848754,0.0,0.136502,0.200625,0.197132,0.0,0.013779,0.013855,True,True,True,0.0,False,False,37.178
1407,70.35,0,alert,alert,0.894429,0.894429,0.000214,0.0,0.011842,0.093514,0.588936,0.847529,0.0,0.138538,0.201219,0.197557,0.0,0.013758,0.013856,True,True,True,0.0,False,False,37.247
1408,70.4,0,alert,alert,0.89185,0.89185,0.000245,0.0,0.016548,0.091357,0.634045,0.834292,0.0,0.141623,0.201916,0.198125,0.0,0.013783,0.013869,True,True,True,0.0,False,False,36.993
1409,70.45,0,alert,alert,0.896756,0.896756,0.000253,0.0,0.020119,0.082873,0.5252,0.883917,0.0,0.143803,0.202496,0.198514,0.0,0.013784,0.01387,True,True,True,0.0,False,False,37.099
1410,70.5,0,alert,alert,0.881594,0.881594,0.000289,0.0,0.028592,0.089525,0.459776,0.903555,0.0,0.145642,0.203118,0.198855,0.0,0.013786,0.013871,True,True,True,0.0,False,False,46.217
1411,70.55,0,alert,alert,0.868497,0.868497,0.000324,0.0,0.041346,0.089833,0.379947,0.919782,0.0,0.147023,0.20341,0.199005,0.0,0.013786,0.013859,True,True,True,0.0,False,False,36.95
1412,70.6,0,alert,alert,0.858517,0.858517,0.000371,0.0,0.064826,0.076286,0.269803,0.934954,0.0,0.147633,0.203522,0.199196,0.0,0.013763,0.013859,True,True,True,0.0,False,False,37.029
1413,70.65,0,alert,alert,0.858642,0.858642,0.00037,0.0,0.072009,0.068979,0.210525,0.938893,0.0,0.146668,0.203645,0.199463,0.0,0.013786,0.013871,True,True,True,0.0,False,False,36.908
1414,70.7,0,alert,alert,0.853211,0.853211,0.000368,0.0,0.07731,0.06911,0.164674,0.940299,0.0,0.145206,0.203722,0.199552,0.0,0.013786,0.013872,True,True,True,0.0,False,False,37.71
1415,70.75,0,alert,alert,0.857278,0.857278,0.000364,0.0,0.085838,0.05652,0.231497,0.933211,0.0,0.144489,0.203938,0.199705,0.0,0.013787,0.013872,True,True,True,0.0,False,False,46.171
1416,70.8,0,alert,alert,0.861497,0.861497,0.000362,0.0,0.089726,0.048415,0.200114,0.937154,0.0,0.144464,0.204139,0.199705,0.0,0.013787,0.01386,True,True,True,0.0,False,False,37.094
1417,70.85,0,alert,alert,0.848742,0.848742,0.000378,0.0,0.107012,0.043868,0.181128,0.937056,0.0,0.144647,0.2041,0.199814,0.0,0.013764,0.01386,True,True,True,0.0,False,False,36.771
1418,70.9,0,alert,alert,0.838315,0.838315,0.000388,0.0,0.120777,0.040519,0.320021,0.910248,0.0,0.146334,0.204687,0.200162,0.0,0.013789,0.013873,True,True,True,0.0,False,False,37.107
1419,70.95,0,alert,alert,0.820025,0.820025,0.000405,0.0,0.13856,0.04101,0.305577,0.917321,0.0,0.147649,0.205012,0.20038,0.0,0.013789,0.013873,True,True,True,0.583641,False,False,37.242
1420,71.0,0,alert,alert,0.818734,0.818734,0.000405,0.0,0.144145,0.036716,0.302275,0.923826,0.0,0.148974,0.205278,0.200594,0.0,0.01379,0.013873,True,True,True,0.717308,False,False,45.93
1421,71.05,0,alert,alert,0.822943,0.822943,0.000394,0.0,0.14295,0.033712,0.285589,0.925612,0.0,0.150158,0.205542,0.200665,0.0,0.013791,0.013862,True,True,True,0.721886,False,False,37.43
1422,71.1,0,alert,alert,0.826868,0.826868,0.000402,0.0,0.136039,0.03669,0.345222,0.919618,0.0,0.151112,0.205773,0.200919,0.0,0.013768,0.013862,True,True,True,0.749352,False,False,37.042
1423,71.15,0,alert,alert,0.811485,0.811485,0.000425,0.0,0.1495,0.03859,0.269974,0.931382,0.0,0.152808,0.206094,0.201245,0.0,0.013792,0.013874,True,True,True,0.956261,False,False,36.917
1424,71.2,0,alert,alert,0.763772,0.763772,0.000477,0.0,0.19702,0.038731,0.406359,0.906695,0.0,0.154598,0.206563,0.201544,0.0,0.013793,0.013875,True,True,True,0.0,False,False,36.836
1425,71.25,0,alert,alert,0.792064,0.792064,0.000458,0.0,0.169038,0.03844,0.353974,0.920432,0.0,0.156137,0.206802,0.201801,0.0,0.013793,0.013875,True,True,True,0.0,False,False,45.78
1426,71.3,0,alert,alert,0.784227,0.784227,0.000465,0.0,0.175126,0.040182,0.334253,0.921855,0.0,0.157505,0.207163,0.201911,0.0,0.013794,0.013864,True,True,True,0.0,False,False,37.248
1427,71.35,0,alert,alert,0.769041,0.769041,0.000474,0.0,0.188163,0.042323,0.236385,0.935502,0.0,0.157898,0.207213,0.202072,0.0,0.01377,0.013864,True,True,True,0.0,False,False,37.347
1428,71.4,0,alert,alert,0.858244,0.858244,0.000381,0.0,0.092352,0.049023,0.208788,0.940023,0.0,0.159257,0.207618,0.202345,0.0,0.013794,0.013876,True,True,True,0.0,False,False,37.36
1429,71.45,0,alert,alert,0.913077,0.913077,0.000276,0.0,0.025799,0.060847,0.242119,0.936472,0.0,0.160254,0.207866,0.2025,0.0,0.013795,0.013876,True,True,True,0.0,False,False,36.961
1430,71.5,0,alert,alert,0.928556,0.928556,0.000207,0.0,0.010128,0.061109,0.365931,0.920804,0.0,0.161867,0.208312,0.202767,0.0,0.013796,0.013876,True,True,True,0.0,False,False,46.024
1431,71.55,0,alert,alert,0.949067,0.949067,0.00016,0.0,0.005981,0.044791,0.259344,0.938364,0.0,0.162905,0.208539,0.202815,0.0,0.013796,0.013865,True,True,True,0.0,False,False,37.305
1432,71.6,0,alert,alert,0.955257,0.955257,0.000138,0.0,0.003369,0.041236,0.151941,0.944102,0.0,0.16285,0.208443,0.202908,0.0,0.013772,0.013865,True,True,True,0.0,False,False,36.809
1433,71.65,0,alert,alert,0.965695,0.965695,0.000124,0.0,0.001941,0.032241,0.122451,0.945516,0.0,0.163821,0.208419,0.203103,0.0,0.013796,0.013877,True,True,True,0.0,False,False,36.861
1434,71.7,0,alert,alert,0.968623,0.968623,0.00012,0.0,0.001505,0.029752,0.069637,0.950905,0.0,0.163948,0.208149,0.203121,0.0,0.013796,0.013877,True,True,True,0.0,False,False,37.419
1435,71.75,0,alert,alert,0.967167,0.967167,0.000123,0.0,0.00125,0.03146,0.071483,0.94687,0.0,0.164055,0.207961,0.203144,0.0,0.013796,0.013877,True,True,True,0.0,False,False,46.476
1436,71.8,0,alert,alert,0.962269,0.962269,0.000134,0.0,0.00111,0.036488,0.125448,0.939147,0.0,0.164467,0.207399,0.203078,0.0,0.013794,0.013865,True,True,True,0.0,False,False,37.394
1437,71.85,0,alert,alert,0.959966,0.959966,0.000138,0.0,0.001091,0.038805,0.10553,0.940741,0.0,0.164172,0.207226,0.203133,0.0,0.01377,0.013865,True,True,True,0.0,False,False,37.86
1438,71.9,0,alert,alert,0.962053,0.962053,0.000132,0.0,0.001029,0.036786,0.063052,0.94832,0.0,0.164777,0.206098,0.203274,0.0,0.013789,0.013877,True,True,True,0.0,False,False,37.422
1439,71.95,0,alert,alert,0.964668,0.964668,0.000126,0.0,0.001009,0.034196,0.053525,0.950674,0.0,0.164781,0.205569,0.203274,0.0,0.013787,0.013877,True,True,True,0.0,False,False,37.23
1440,72.0,0,alert,alert,0.954194,0.954194,0.000143,0.0,0.001015,0.044648,0.452931,0.854122,0.0,0.166718,0.205975,0.203601,0.0,0.013789,0.013878,True,True,True,0.0,False,False,46.152
1441,72.05,0,alert,alert,0.922035,0.922035,0.000196,0.0,0.00099,0.076779,0.522197,0.814043,0.0,0.168893,0.206665,0.203834,0.0,0.013793,0.013868,True,True,True,0.0,False,False,37.256
1442,72.1,0,alert,alert,0.728111,0.728111,0.000354,0.0,0.001047,0.270489,0.522467,0.825761,0.0,0.170451,0.207136,0.204207,0.0,0.013772,0.01387,True,True,True,0.0,False,False,37.229
1443,72.15,0,alert,alert,0.752954,0.752954,0.000353,0.0,0.000949,0.245744,0.516605,0.839413,0.0,0.173221,0.20816,0.204695,0.0,0.013799,0.013883,True,True,True,0.0,False,False,37.406
1444,72.2,0,alert,alert,0.855061,0.855061,0.000261,0.0,0.000938,0.14374,0.484863,0.878223,0.0,0.175259,0.208845,0.205041,0.0,0.013801,0.013884,True,True,True,0.0,False,False,37.613
1445,72.25,0,alert,alert,0.923875,0.923875,0.000178,0.0,0.000907,0.07504,0.420449,0.903783,0.0,0.177089,0.209411,0.205339,0.0,0.013802,0.013885,True,True,True,0.0,False,False,46.319
1446,72.3,0,alert,alert,0.954533,0.954533,0.000136,0.0,0.001005,0.044327,0.299377,0.925991,0.0,0.178349,0.209717,0.205418,0.0,0.013802,0.013873,True,True,True,0.0,False,False,37.094
1447,72.35,0,alert,alert,0.951142,0.951142,0.000127,0.0,0.001124,0.047607,0.221409,0.931826,0.0,0.178563,0.209736,0.205552,0.0,0.013779,0.013873,True,True,True,0.0,False,False,37.156
1448,72.4,0,alert,alert,0.962875,0.962875,0.000117,0.0,0.00102,0.035988,0.119836,0.944668,0.0,0.179638,0.209341,0.205711,0.0,0.013801,0.013885,True,True,True,0.0,False,False,37.233
1449,72.45,0,alert,alert,0.96981,0.96981,0.000114,0.0,0.001047,0.029029,0.083642,0.949803,0.0,0.179781,0.208914,0.205741,0.0,0.0138,0.013885,True,True,True,0.0,False,False,37.076
1450,72.5,0,alert,alert,0.969907,0.969907,0.000119,0.0,0.001345,0.02863,0.060767,0.952527,0.0,0.179782,0.208416,0.205746,0.0,0.013799,0.013885,True,True,True,0.0,False,False,46.023
1451,72.55,0,alert,alert,0.962852,0.962852,0.000127,0.0,0.00156,0.035462,0.049476,0.95319,0.0,0.179756,0.208099,0.205611,0.0,0.013799,0.013873,True,True,True,1.0,False,False,37.123
1452,72.6,0,alert,alert,0.964156,0.964156,0.000123,0.0,0.001628,0.034094,0.056309,0.950435,0.0,0.179129,0.207839,0.205616,0.0,0.013775,0.013873,True,True,True,1.0,False,False,37.182
1453,72.65,0,alert,alert,0.967738,0.967738,0.000117,0.0,0.001516,0.030629,0.058833,0.949889,0.0,0.179764,0.20792,0.20572,0.0,0.013798,0.013885,True,True,True,0.0,False,False,37.309
1454,72.7,0,alert,alert,0.965902,0.965902,0.000118,0.0,0.00142,0.03256,0.110931,0.940454,0.0,0.180011,0.208001,0.205763,0.0,0.013799,0.013885,True,True,True,0.503418,False,False,37.186
1455,72.75,0,alert,alert,0.955687,0.955687,0.000125,0.0,0.001352,0.042836,0.062846,0.948385,0.0,0.180083,0.208021,0.2057,0.0,0.013799,0.013885,True,True,True,0.433838,False,False,45.987
1456,72.8,0,alert,alert,0.947398,0.947398,0.000128,0.0,0.001215,0.051259,0.046037,0.95157,0.0,0.180058,0.208015,0.205563,0.0,0.013799,0.013873,True,True,True,0.0,False,False,37.19
1457,72.85,0,alert,alert,0.94451,0.94451,0.000127,0.0,0.00113,0.054234,0.043792,0.951015,0.0,0.179365,0.207733,0.205486,0.0,0.013775,0.013873,True,True,True,0.0,False,False,37.147
1458,72.9,0,alert,alert,0.952232,0.952232,0.000121,0.0,0.001067,0.04658,0.050524,0.94917,0.0,0.180062,0.207982,0.205545,0.0,0.013799,0.013885,True,True,True,0.0,False,False,37.951
1459,72.95,0,alert,alert,0.91484,0.91484,0.000152,0.0,0.00112,0.083888,0.047506,0.949723,0.0,0.180071,0.207944,0.205537,0.0,0.013799,0.013885,True,True,True,0.959891,False,False,37.903
1460,73.0,0,alert,alert,0.894132,0.894132,0.000158,0.0,0.001022,0.104688,0.057726,0.949155,0.0,0.180115,0.207934,0.205537,0.0,0.013799,0.013885,True,True,True,0.83667,False,False,46.48
1461,73.05,0,alert,alert,0.789615,0.789615,0.000196,0.0,0.001029,0.209161,0.411756,0.893867,0.0,0.181917,0.208518,0.205703,0.0,0.0138,0.013874,True,True,True,0.78866,False,False,37.458
1462,73.1,0,alert,alert,0.839764,0.839764,0.000179,0.0,0.000877,0.15918,0.499335,0.845343,0.0,0.183353,0.208962,0.206017,0.0,0.013779,0.013875,True,True,True,0.0,False,False,38.24
1463,73.15,0,alert,alert,0.799938,0.799938,0.000185,0.0,0.00086,0.199016,0.490478,0.857302,0.0,0.186172,0.209914,0.206233,0.0,0.013805,0.013887,True,True,True,0.0,False,False,37.632
1464,73.2,0,alert,alert,0.607241,0.607241,0.000222,0.0,0.000785,0.391752,0.477975,0.878693,0.0,0.188269,0.210613,0.206262,0.0,0.013807,0.013888,True,True,True,0.0,False,False,37.785
1465,73.25,0,alert,alert,0.675625,0.675625,0.000216,0.0,0.000681,0.323478,0.422342,0.906047,0.0,0.190141,0.211242,0.206326,0.0,0.013808,0.013888,True,True,True,0.0,False,False,46.427
1466,73.3,0,alert,alert,0.647364,0.647364,0.000221,0.0,0.000616,0.3518,0.354724,0.921651,0.0,0.191703,0.211769,0.206449,0.0,0.013808,0.013876,True,True,True,0.0,False,False,37.108
1467,73.35,0,alert,alert,0.789906,0.789906,0.000196,0.0,0.000597,0.209301,0.226812,0.936701,0.0,0.19188,0.211794,0.206431,0.0,0.013785,0.013876,True,True,True,0.293762,False,False,37.502
1468,73.4,0,alert,alert,0.840381,0.840381,0.000186,0.0,0.00061,0.158823,0.221833,0.933369,0.0,0.19355,0.212384,0.206535,0.0,0.013809,0.013888,True,True,True,0.188477,False,False,37.377
1469,73.45,0,alert,alert,0.873034,0.873034,0.000181,0.0,0.000634,0.126151,0.163913,0.944725,0.0,0.194137,0.212429,0.206498,0.0,0.013809,0.013888,True,True,True,0.153687,False,False,36.926
1470,73.5,0,alert,alert,0.870121,0.870121,0.000178,0.0,0.000685,0.129017,0.117811,0.950616,0.0,0.194493,0.212383,0.206481,0.0,0.013808,0.013888,True,True,True,0.0,False,False,45.735
1471,73.55,0,alert,alert,0.840384,0.840384,0.000188,0.0,0.00071,0.158718,0.07448,0.952214,0.0,0.194608,0.212201,0.206368,0.0,0.013808,0.013876,True,True,True,0.0,False,False,37.11
1472,73.6,0,alert,alert,0.86616,0.86616,0.000176,0.0,0.000726,0.132937,0.34283,0.910792,0.0,0.195332,0.212415,0.206587,0.0,0.013785,0.013876,True,True,True,0.0,False,False,38.047
1473,73.65,0,alert,alert,0.913638,0.913638,0.000151,0.0,0.000702,0.085509,0.176659,0.938409,0.0,0.19677,0.212509,0.206814,0.0,0.013808,0.013888,True,True,True,0.317108,False,False,38.062
1474,73.7,0,alert,alert,0.927966,0.927966,0.000136,0.0,0.000719,0.071178,0.098764,0.946584,0.0,0.197016,0.212459,0.206798,0.0,0.013808,0.013888,True,True,True,0.317108,False,False,37.44
1475,73.75,0,alert,alert,0.935357,0.935357,0.000127,0.0,0.000782,0.063734,0.136116,0.944335,0.0,0.197455,0.212524,0.206822,0.0,0.013808,0.013888,True,True,True,0.0,False,False,46.119
1476,73.8,0,alert,alert,0.89258,0.89258,0.000151,0.0,0.00087,0.106399,0.426853,0.895724,0.0,0.199338,0.213056,0.207,0.0,0.013809,0.013877,True,True,True,0.0,False,False,37.241
1477,73.85,0,alert,alert,0.875201,0.875201,0.000167,0.0,0.000896,0.123737,0.516549,0.842633,0.0,0.200771,0.213518,0.207291,0.0,0.013788,0.013878,True,True,True,0.0,False,False,37.502
1478,73.9,0,alert,alert,0.849768,0.849768,0.000187,0.0,0.000846,0.1492,0.523723,0.82536,0.0,0.203781,0.214208,0.20763,0.0,0.013814,0.013892,True,True,True,0.0,False,False,37.454
1479,73.95,0,alert,alert,0.885557,0.885557,0.00017,0.0,0.00087,0.113403,0.526482,0.831696,0.0,0.206017,0.214287,0.207868,0.0,0.013814,0.013893,True,True,True,0.663864,False,False,37.353
1480,74.0,0,alert,alert,0.928437,0.928437,0.00014,0.0,0.000892,0.070531,0.512492,0.843607,0.0,0.2082,0.21429,0.208,0.0,0.013813,0.013894,True,True,True,0.0,False,False,45.851
1481,74.05,0,alert,alert,0.935283,0.935283,0.000138,0.0,0.000881,0.063698,0.477302,0.881334,0.0,0.210253,0.214252,0.208214,0.0,0.013812,0.013883,True,True,True,0.0,False,False,37.412
1482,74.1,0,alert,alert,0.949887,0.949887,0.000127,0.0,0.000789,0.049197,0.42627,0.897083,0.0,0.212062,0.214596,0.208211,0.0,0.01379,0.013883,True,True,True,0.0,False,False,37.669
1483,74.15,0,alert,alert,0.939708,0.939708,0.000132,0.0,0.000904,0.059256,0.374598,0.911723,0.0,0.213666,0.21392,0.208193,0.0,0.013809,0.013894,True,True,True,0.0,False,False,37.711
1484,74.2,0,alert,alert,0.952089,0.952089,0.00012,0.0,0.000969,0.046822,0.299774,0.928575,0.0,0.214914,0.213606,0.208081,0.0,0.013808,0.013894,True,True,True,0.0,False,False,37.306
1485,74.25,0,alert,alert,0.959613,0.959613,0.000115,0.0,0.00093,0.039342,0.184381,0.943697,0.0,0.215554,0.21314,0.207865,0.0,0.013806,0.013893,True,True,True,0.0,False,False,45.849
1486,74.3,0,alert,alert,0.950315,0.950315,0.000131,0.0,0.000851,0.048704,0.299301,0.921988,0.0,0.216765,0.212934,0.207941,0.0,0.013805,0.013882,True,True,True,0.0,False,False,37.562
1487,74.35,0,alert,alert,0.883811,0.883811,0.000205,0.0,0.000985,0.114999,0.492412,0.852789,0.0,0.218874,0.213365,0.207946,0.0,0.013784,0.013882,True,True,True,0.0,False,False,37.164
1488,74.4,0,alert,alert,0.749534,0.749534,0.000316,0.0,0.000955,0.249196,0.541736,0.822645,0.0,0.221062,0.212908,0.207829,0.0,0.013806,0.013895,True,True,True,1.0,False,False,37.481
1489,74.45,0,alert,alert,0.519912,0.519912,0.000451,0.0,0.000835,0.478801,0.555764,0.815978,0.0,0.223302,0.212821,0.207959,0.0,0.013807,0.013896,True,True,True,0.0,False,False,37.189
1490,74.5,4,distraction,distracted,0.539497,0.459345,0.000449,0.0,0.000708,0.539497,0.521884,0.85661,0.0,0.225517,0.212662,0.208214,0.0,0.013807,0.013897,True,True,True,0.0,False,False,46.078
1491,74.55,4,distraction,distracted,0.696537,0.302527,0.000398,0.0,0.000537,0.696537,0.44893,0.903885,0.0,0.227063,0.212541,0.20841,0.0,0.013806,0.013886,True,True,True,0.0,False,False,37.547
1492,74.6,4,distraction,distracted,0.795192,0.20405,0.000342,0.0,0.000416,0.795192,0.317622,0.922673,0.0,0.228158,0.212716,0.208522,0.0,0.013783,0.013886,True,True,True,0.0,False,False,37.245
1493,74.65,4,distraction,distracted,0.792021,0.20727,0.000324,0.0,0.000384,0.792021,0.149084,0.944089,0.0,0.228437,0.211912,0.208544,0.0,0.013805,0.013898,True,True,True,0.0,False,False,37.585
1494,74.7,4,distraction,distracted,0.85252,0.146882,0.00028,0.0,0.000318,0.85252,0.073919,0.95272,0.0,0.22847,0.211575,0.208398,0.0,0.013805,0.013898,True,True,True,0.0,False,False,37.553
1495,74.75,4,distraction,distracted,0.839668,0.159737,0.000279,0.0,0.000316,0.839668,0.049318,0.953371,0.0,0.228433,0.211284,0.208309,0.0,0.013804,0.013897,True,True,True,0.0,False,False,46.213
1496,74.8,4,distraction,distracted,0.81466,0.184721,0.00029,0.0,0.000328,0.81466,0.043879,0.952267,0.0,0.228404,0.211058,0.208168,0.0,0.013804,0.013885,True,True,True,0.0,False,False,37.394
1497,74.85,4,distraction,distracted,0.890575,0.108902,0.000255,0.0,0.000269,0.890575,0.056064,0.947005,0.0,0.228226,0.210793,0.208129,0.0,0.01378,0.013886,True,True,True,0.0,False,False,37.642
1498,74.9,4,distraction,distracted,0.936475,0.063079,0.000223,0.0,0.000223,0.936475,0.195996,0.929336,0.0,0.228532,0.21079,0.208337,0.0,0.013804,0.013898,True,True,True,0.0,False,False,37.615
1499,74.95,4,distraction,distracted,0.933642,0.065888,0.000241,0.0,0.000229,0.933642,0.36484,0.905819,0.0,0.229075,0.210992,0.20857,0.0,0.013804,0.013898,True,True,True,0.0,False,False,37.494
1500,75.0,4,distraction,distracted,0.870701,0.128716,0.000287,0.0,0.000296,0.870701,0.49135,0.854623,0.0,0.230168,0.211182,0.208902,0.0,0.013806,0.0139,True,True,True,0.0,False,False,46.186
1501,75.05,4,distraction,distracted,0.794727,0.204612,0.000306,0.0,0.000355,0.794727,0.513384,0.829994,0.0,0.231798,0.211356,0.209131,0.0,0.013807,0.013889,True,True,True,0.0,False,False,37.407
1502,75.1,4,distraction,distracted,0.786806,0.212538,0.000292,0.0,0.000364,0.786806,0.467499,0.879721,0.0,0.233535,0.211763,0.209418,0.0,0.013785,0.01389,True,True,True,0.0,False,False,37.171
1503,75.15,4,distraction,distracted,0.637986,0.361216,0.000328,0.0,0.000469,0.637986,0.397189,0.911839,0.0,0.234709,0.211523,0.209713,0.0,0.013808,0.013902,True,True,True,0.0,False,False,37.711
1504,75.2,4,distraction,distracted,0.577261,0.421916,0.000315,0.0,0.000508,0.577261,0.217734,0.938328,0.0,0.234415,0.211209,0.209818,0.0,0.013807,0.013903,True,True,True,0.0,False,False,37.518
1505,75.25,0,alert,alert,0.504839,0.504839,0.000309,0.0,0.000554,0.494298,0.131786,0.948635,0.0,0.233983,0.210779,0.209803,0.0,0.013807,0.013903,True,True,True,0.0,False,False,45.887
1506,75.3,0,alert,alert,0.542858,0.542858,0.000305,0.0,0.000592,0.456245,0.102955,0.950893,0.0,0.233658,0.210217,0.209711,0.0,0.013805,0.013891,True,True,True,0.0,False,False,37.712
1507,75.35,4,distraction,distracted,0.54067,0.458453,0.000306,0.0,0.00057,0.54067,0.084084,0.950201,0.0,0.23364,0.21,0.209704,0.0,0.013782,0.013891,True,True,True,0.0,False,False,38.023
1508,75.4,0,alert,alert,0.595899,0.595899,0.000294,0.0,0.000621,0.403187,0.0545,0.952763,0.0,0.233642,0.209163,0.209587,0.0,0.013803,0.013902,True,True,True,0.0,False,False,38.195
1509,75.45,0,alert,alert,0.624879,0.624879,0.000288,0.0,0.000639,0.374194,0.055724,0.950731,0.0,0.233678,0.208697,0.209548,0.0,0.013803,0.013902,True,True,True,0.0,False,False,38.018
1510,75.5,0,alert,alert,0.744425,0.744425,0.00027,0.0,0.000638,0.254668,0.067011,0.94531,0.0,0.233782,0.20837,0.209528,0.0,0.013803,0.013902,True,True,True,0.0,False,False,47.203
1511,75.55,0,alert,alert,0.858291,0.858291,0.000221,0.0,0.000664,0.140824,0.055684,0.948684,0.0,0.233713,0.207939,0.209396,0.0,0.013802,0.01389,True,True,True,0.0,False,False,37.517
1512,75.6,0,alert,alert,0.895337,0.895337,0.000196,0.0,0.000728,0.103739,0.055662,0.948024,0.0,0.233591,0.207678,0.209364,0.0,0.013779,0.01389,True,True,True,0.0,False,False,37.945
1513,75.65,0,alert,alert,0.867454,0.867454,0.000205,0.0,0.000844,0.131497,0.059874,0.944263,0.0,0.233395,0.207106,0.209425,0.0,0.013802,0.013903,True,True,True,0.0,False,False,38.048
1514,75.7,0,alert,alert,0.884662,0.884662,0.000186,0.0,0.000906,0.114246,0.097476,0.937241,0.0,0.233242,0.207072,0.209392,0.0,0.013802,0.013903,True,True,True,0.0,False,False,38.295
1515,75.75,0,alert,alert,0.920822,0.920822,0.000161,0.0,0.000884,0.078133,0.098056,0.937306,0.0,0.233061,0.207129,0.209315,0.0,0.013802,0.013903,True,True,True,1.0,False,False,46.899
1516,75.8,0,alert,alert,0.929842,0.929842,0.000155,0.0,0.000938,0.069066,0.076645,0.943971,0.0,0.232707,0.20718,0.209202,0.0,0.013802,0.013891,True,True,True,0.0,False,False,38.003
1517,75.85,0,alert,alert,0.942749,0.942749,0.000143,0.0,0.000984,0.056123,0.069468,0.946569,0.0,0.231233,0.206945,0.209059,0.0,0.013779,0.013891,True,True,True,0.0,False,False,37.315
1518,75.9,0,alert,alert,0.949751,0.949751,0.000139,0.0,0.001106,0.049004,0.062524,0.9474,0.0,0.229965,0.207081,0.208504,0.0,0.013802,0.0139,True,True,True,0.0,False,False,37.142
1519,75.95,0,alert,alert,0.952996,0.952996,0.000134,0.0,0.001096,0.045775,0.093284,0.941062,0.0,0.2294,0.207059,0.208188,0.0,0.013802,0.0139,True,True,True,0.0,False,False,37.005
1520,76.0,0,alert,alert,0.953561,0.953561,0.000133,0.0,0.001131,0.045175,0.068744,0.945856,0.0,0.228993,0.207068,0.207891,0.0,0.013802,0.013899,True,True,True,0.0,False,False,45.959
1521,76.05,0,alert,alert,0.956242,0.956242,0.000133,0.0,0.001144,0.042481,0.065223,0.946898,0.0,0.22851,0.207089,0.207769,0.0,0.013802,0.013887,True,True,True,0.0,False,False,37.438
1522,76.1,0,alert,alert,0.952944,0.952944,0.000138,0.0,0.001216,0.045703,0.153605,0.929048,0.0,0.227239,0.207,0.20767,0.0,0.013779,0.013887,True,True,True,0.0,False,False,37.124
1523,76.15,0,alert,alert,0.94773,0.94773,0.000145,0.0,0.001247,0.050877,0.4501,0.866353,0.0,0.227512,0.206532,0.208054,0.0,0.013799,0.0139,True,True,True,0.0,False,False,36.973
1524,76.2,0,alert,alert,0.949776,0.949776,0.000147,0.0,0.001245,0.048831,0.515022,0.834494,0.0,0.227658,0.206522,0.208422,0.0,0.013799,0.013902,True,True,True,0.0,False,False,36.816
1525,76.25,0,alert,alert,0.939448,0.939448,0.000167,0.0,0.001279,0.059106,0.533462,0.828396,0.0,0.228107,0.206539,0.208811,0.0,0.013799,0.013903,True,True,True,0.0,False,False,45.799
1526,76.3,0,alert,alert,0.945496,0.945496,0.000162,0.0,0.001349,0.052993,0.510226,0.857653,0.0,0.228887,0.206567,0.209045,0.0,0.0138,0.013893,True,True,True,0.0,False,False,37.164
1527,76.35,0,alert,alert,0.935939,0.935939,0.000168,0.0,0.00178,0.062113,0.487449,0.884585,0.0,0.229946,0.207016,0.209392,0.0,0.013778,0.013893,True,True,True,0.0,False,False,36.98
1528,76.4,0,alert,alert,0.944691,0.944691,0.000157,0.0,0.002279,0.052873,0.440521,0.903261,0.0,0.231496,0.206904,0.209766,0.0,0.013801,0.013906,True,True,True,0.0,False,False,37.289
1529,76.45,0,alert,alert,0.952085,0.952085,0.000148,0.0,0.002824,0.044944,0.320277,0.925586,0.0,0.232141,0.20711,0.209703,0.0,0.013801,0.013905,True,True,True,0.0,False,False,37.318
1530,76.5,0,alert,alert,0.954214,0.954214,0.00014,0.0,0.003321,0.042324,0.355506,0.912852,0.0,0.233048,0.207528,0.209766,0.0,0.013802,0.013905,True,True,True,0.0,False,False,46.354
1531,76.55,0,alert,alert,0.953842,0.953842,0.000145,0.0,0.004533,0.04148,0.247187,0.930652,0.0,0.233716,0.20781,0.209797,0.0,0.013803,0.013893,True,True,True,0.0,False,False,37.341
1532,76.6,0,alert,alert,0.956724,0.956724,0.000142,0.0,0.005245,0.03789,0.133728,0.941784,0.0,0.233953,0.207684,0.209578,0.0,0.013779,0.013893,True,True,True,0.0,False,False,36.917
1533,76.65,0,alert,alert,0.958808,0.958808,0.000135,0.0,0.005181,0.035876,0.081435,0.948137,0.0,0.233896,0.207992,0.209299,0.0,0.013803,0.013904,True,True,True,0.0,False,False,37.41
1534,76.7,0,alert,alert,0.957431,0.957431,0.000133,0.0,0.005149,0.037286,0.088576,0.94716,0.0,0.233957,0.208047,0.209263,0.0,0.013803,0.013904,True,True,True,0.0,False,False,36.981
1535,76.75,0,alert,alert,0.957835,0.957835,0.000128,0.0,0.00445,0.037586,0.098257,0.945049,0.0,0.233986,0.208114,0.209267,0.0,0.013803,0.013904,True,True,True,0.0,False,False,45.997
1536,76.8,0,alert,alert,0.958126,0.958126,0.000125,0.0,0.003533,0.038216,0.103275,0.943154,0.0,0.234113,0.208088,0.209177,0.0,0.013803,0.013892,True,True,True,0.0,False,False,37.384
1537,76.85,0,alert,alert,0.961235,0.961235,0.000123,0.0,0.003334,0.035308,0.095905,0.946143,0.0,0.234139,0.207896,0.209208,0.0,0.013779,0.013892,True,True,True,0.0,False,False,37.703
1538,76.9,0,alert,alert,0.967701,0.967701,0.000117,0.0,0.0029,0.029282,0.079496,0.948459,0.0,0.233856,0.208196,0.209375,0.0,0.013803,0.013904,True,True,True,0.0,False,False,38.143
1539,76.95,0,alert,alert,0.968466,0.968466,0.000115,0.0,0.002726,0.028692,0.076062,0.947057,0.0,0.233803,0.208251,0.209392,0.0,0.013803,0.013905,True,True,True,0.0,False,False,37.852
1540,77.0,0,alert,alert,0.969879,0.969879,0.000115,0.0,0.002637,0.027369,0.079785,0.943947,0.0,0.233737,0.208299,0.209413,0.0,0.013803,0.013905,True,True,True,0.0,False,False,46.272
1541,77.05,0,alert,alert,0.970839,0.970839,0.000115,0.0,0.002342,0.026705,0.080748,0.942712,0.0,0.233045,0.208356,0.209303,0.0,0.013803,0.013893,True,True,True,0.0,False,False,37.398
1542,77.1,0,alert,alert,0.973168,0.973168,0.000111,0.0,0.002145,0.024576,0.085034,0.944182,0.0,0.23276,0.208146,0.209325,0.0,0.01378,0.013893,True,True,True,0.0,False,False,36.979
1543,77.15,0,alert,alert,0.968748,0.968748,0.000117,0.0,0.002279,0.028855,0.37575,0.890307,0.0,0.233264,0.208392,0.209714,0.0,0.013804,0.013906,True,True,True,0.0,False,False,37.139
1544,77.2,0,alert,alert,0.962253,0.962253,0.000123,0.0,0.002238,0.035386,0.504372,0.836951,0.0,0.23494,0.208408,0.210061,0.0,0.013804,0.013907,True,True,True,0.0,False,False,37.356
1545,77.25,0,alert,alert,0.963757,0.963757,0.000126,0.0,0.001901,0.034216,0.535311,0.837448,0.0,0.236957,0.208475,0.21043,0.0,0.013805,0.013908,True,True,True,0.0,False,False,46.115
1546,77.3,0,alert,alert,0.964651,0.964651,0.000133,0.0,0.00215,0.033066,0.52363,0.847655,0.0,0.239047,0.208561,0.21067,0.0,0.013806,0.013898,True,True,True,0.0,False,False,37.339
1547,77.35,0,alert,alert,0.967997,0.967997,0.000132,0.0,0.002507,0.029364,0.487224,0.874549,0.0,0.240881,0.209001,0.211025,0.0,0.013785,0.013899,True,True,True,0.0,False,False,37.183
1548,77.4,0,alert,alert,0.970348,0.970348,0.000132,0.0,0.003032,0.026488,0.436075,0.897578,0.0,0.242566,0.20899,0.211492,0.0,0.013808,0.013911,True,True,True,0.0,False,False,37.106
1549,77.45,0,alert,alert,0.966014,0.966014,0.000138,0.0,0.004158,0.029691,0.430825,0.895418,0.0,0.244084,0.20943,0.211813,0.0,0.013809,0.013912,True,True,True,0.0,False,False,36.935
1550,77.5,0,alert,alert,0.958061,0.958061,0.000149,0.0,0.005555,0.036235,0.428061,0.895845,0.0,0.245515,0.209919,0.212131,0.0,0.013811,0.013913,True,True,True,0.0,False,False,45.779
1551,77.55,0,alert,alert,0.921829,0.921829,0.000185,0.0,0.006396,0.07159,0.417445,0.892458,0.0,0.246637,0.210426,0.212297,0.0,0.013812,0.013901,True,True,True,0.0,False,False,37.448
1552,77.6,0,alert,alert,0.814021,0.814021,0.000227,0.0,0.004629,0.181123,0.289643,0.924958,0.0,0.246961,0.210559,0.21243,0.0,0.013789,0.013901,True,True,True,0.0,False,False,37.044
1553,77.65,0,alert,alert,0.547555,0.547555,0.000259,0.0,0.002115,0.450071,0.205143,0.935193,0.0,0.246985,0.211007,0.212507,0.0,0.013813,0.013913,True,True,True,0.0,False,False,38.182
1554,77.7,4,distraction,distracted,0.806379,0.192626,0.000217,0.0,0.000778,0.806379,0.200133,0.0,0.0,0.245876,0.211098,0.212579,0.0,0.013837,0.013925,True,True,True,0.0,False,False,34.394
1555,77.75,0,alert,alert,0.559413,0.559413,0.000243,0.0,0.000979,0.439364,0.296446,0.921631,0.0,0.244905,0.211445,0.21267,0.0,0.013837,0.013925,True,True,True,0.0,False,False,46.824
1556,77.8,0,alert,alert,0.751043,0.751043,0.0002,0.0,0.001013,0.247743,0.341725,0.916605,0.0,0.244274,0.211879,0.212777,0.0,0.013838,0.013913,True,True,True,0.0,False,False,37.691
1557,77.85,0,alert,alert,0.866962,0.866962,0.000162,0.0,0.001126,0.131751,0.258573,0.931906,0.0,0.243647,0.211958,0.212889,0.0,0.013815,0.013913,True,True,True,0.0,False,False,38.684
1558,77.9,0,alert,alert,0.855648,0.855648,0.000159,0.0,0.001466,0.142727,0.251259,0.934346,0.0,0.24384,0.211723,0.2131,0.0,0.013837,0.013925,True,True,True,1.0,False,False,37.644
1559,77.95,0,alert,alert,0.908096,0.908096,0.000131,0.0,0.001489,0.090283,0.18849,0.942181,0.0,0.244395,0.2112,0.213098,0.0,0.013834,0.013925,True,True,True,1.0,False,False,38.089
1560,78.0,0,alert,alert,0.917449,0.917449,0.000127,0.0,0.001942,0.080483,0.183304,0.942771,0.0,0.245075,0.210675,0.212874,0.0,0.013831,0.013924,True,True,True,1.0,False,False,47.534
1561,78.05,0,alert,alert,0.916218,0.916218,0.000129,0.0,0.00237,0.081283,0.197972,0.93973,0.0,0.245883,0.21017,0.212862,0.0,0.013828,0.013912,True,True,True,1.0,False,False,37.922
1562,78.1,0,alert,alert,0.91748,0.91748,0.000133,0.0,0.002926,0.079461,0.1225,0.948831,0.0,0.246138,0.21002,0.21255,0.0,0.013804,0.01391,True,True,True,1.0,False,False,38.533
1563,78.15,0,alert,alert,0.928975,0.928975,0.000134,0.0,0.003736,0.067156,0.096671,0.95228,0.0,0.246252,0.208929,0.211964,0.0,0.013824,0.01392,True,True,True,1.0,False,False,37.607
1564,78.2,0,alert,alert,0.915477,0.915477,0.000144,0.0,0.004894,0.079485,0.151672,0.944716,0.0,0.24539,0.208484,0.211689,0.0,0.013823,0.013919,True,True,True,1.0,False,False,37.236
1565,78.25,0,alert,alert,0.861626,0.861626,0.000171,0.0,0.005737,0.132466,0.07153,0.95144,0.0,0.243586,0.207983,0.211348,0.0,0.013822,0.013918,True,True,True,1.0,False,False,45.981
1566,78.3,0,alert,alert,0.763294,0.763294,0.000194,0.0,0.005208,0.231304,0.050462,0.952685,0.0,0.242127,0.207568,0.211209,0.0,0.013821,0.013906,True,True,True,1.0,False,False,37.297
1567,78.35,0,alert,alert,0.77624,0.77624,0.000183,0.0,0.004245,0.219332,0.042114,0.953047,0.0,0.24052,0.207283,0.21085,0.0,0.013797,0.013905,True,True,True,1.0,False,False,37.705
1568,78.4,0,alert,alert,0.844025,0.844025,0.000166,0.0,0.004031,0.151778,0.043445,0.952601,0.0,0.239083,0.20689,0.210315,0.0,0.01382,0.013915,True,True,True,1.0,False,False,37.282
1569,78.45,0,alert,alert,0.87724,0.87724,0.000151,0.0,0.003113,0.119496,0.045809,0.951076,0.0,0.238332,0.20617,0.209949,0.0,0.013817,0.013914,True,True,True,1.0,False,False,37.209
1570,78.5,0,alert,alert,0.896579,0.896579,0.000147,0.0,0.002964,0.10031,0.04843,0.949626,0.0,0.238025,0.205396,0.209559,0.0,0.013814,0.013913,True,True,True,1.0,False,False,46.181
1571,78.55,0,alert,alert,0.902091,0.902091,0.000145,0.0,0.003243,0.094521,0.042403,0.951332,0.0,0.23777,0.204592,0.209416,0.0,0.013811,0.013901,True,True,True,1.0,False,False,37.285
1572,78.6,0,alert,alert,0.908087,0.908087,0.000142,0.0,0.003631,0.08814,0.039233,0.951412,0.0,0.237632,0.204308,0.208982,0.0,0.013787,0.013899,True,True,True,1.0,False,False,37.161
1573,78.65,0,alert,alert,0.931619,0.931619,0.000133,0.0,0.003745,0.064503,0.04279,0.950909,0.0,0.237573,0.203122,0.208287,0.0,0.013807,0.013909,True,True,True,1.0,False,False,37.906
1574,78.7,0,alert,alert,0.939695,0.939695,0.000129,0.0,0.003653,0.056523,0.043129,0.950525,0.0,0.237534,0.202643,0.207935,0.0,0.013807,0.013909,True,True,True,1.0,False,False,37.842
1575,78.75,0,alert,alert,0.925901,0.925901,0.000144,0.0,0.004407,0.069548,0.050686,0.949958,0.0,0.237508,0.202444,0.207641,0.0,0.013806,0.013908,True,True,True,1.0,False,False,47.167
1576,78.8,0,alert,alert,0.916917,0.916917,0.000155,0.0,0.005458,0.07747,0.062791,0.948302,0.0,0.237586,0.202412,0.207517,0.0,0.013806,0.013896,True,True,True,1.0,False,False,37.824
1577,78.85,0,alert,alert,0.87237,0.87237,0.000172,0.0,0.005337,0.122122,0.154883,0.929962,0.0,0.238115,0.202332,0.2074,0.0,0.013783,0.013896,True,True,True,1.0,False,False,37.753
1578,78.9,0,alert,alert,0.862756,0.862756,0.000174,0.0,0.004668,0.132402,0.124534,0.938414,0.0,0.238439,0.202702,0.207297,0.0,0.013807,0.013908,True,True,True,1.0,False,False,38.361
1579,78.95,0,alert,alert,0.87829,0.87829,0.00017,0.0,0.004551,0.116989,0.12845,0.944249,0.0,0.238726,0.202803,0.20722,0.0,0.013807,0.013908,True,True,True,0.0,False,False,37.82
1580,79.0,0,alert,alert,0.886135,0.886135,0.000168,0.0,0.004179,0.109519,0.092862,0.948069,0.0,0.238905,0.202615,0.207134,0.0,0.013783,0.013908,True,True,True,0.0,False,False,47.15
1581,79.05,0,alert,alert,0.906998,0.906998,0.000154,0.0,0.003317,0.089531,0.278953,0.920812,0.0,0.240026,0.202575,0.207194,0.0,0.013783,0.013896,True,True,True,1.0,False,False,37.631
1582,79.1,0,alert,alert,0.907695,0.907695,0.00015,0.0,0.002409,0.089745,0.433567,0.889732,0.0,0.241974,0.202946,0.207367,0.0,0.013761,0.013897,True,True,True,1.0,False,False,37.224
1583,79.15,0,alert,alert,0.829262,0.829262,0.000191,0.0,0.002127,0.168419,0.427339,0.901512,0.0,0.243915,0.202574,0.207321,0.0,0.013783,0.013908,True,True,True,1.0,False,False,37.202
1584,79.2,0,alert,alert,0.789778,0.789778,0.000206,0.0,0.001605,0.208411,0.405694,0.906404,0.0,0.245748,0.202751,0.207381,0.0,0.013783,0.013909,True,True,True,1.0,False,False,37.445
1585,79.25,0,alert,alert,0.733278,0.733278,0.000216,0.0,0.001393,0.265113,0.44281,0.890031,0.0,0.247752,0.203164,0.207409,0.0,0.013784,0.013909,True,True,True,0.0,False,False,46.116
1586,79.3,0,alert,alert,0.701858,0.701858,0.000223,0.0,0.00121,0.296709,0.469259,0.877865,0.0,0.24987,0.203805,0.207617,0.0,0.013786,0.013898,True,True,True,0.0,False,False,37.523
1587,79.35,0,alert,alert,0.525696,0.525696,0.000247,0.0,0.001104,0.472953,0.465951,0.885798,0.0,0.251543,0.204224,0.207655,0.0,0.013764,0.013898,True,True,True,0.0,False,False,37.325
1588,79.4,4,distraction,distracted,0.60924,0.389525,0.000242,0.0,0.000993,0.60924,0.455398,0.896381,0.0,0.252316,0.20506,0.207494,0.0,0.013789,0.01391,True,True,True,0.0,False,False,37.002
1589,79.45,4,distraction,distracted,0.767954,0.231028,0.000221,0.0,0.000796,0.767954,0.482995,0.877111,0.0,0.25334,0.205727,0.20754,0.0,0.013791,0.01391,True,True,True,0.0,False,False,37.622
1590,79.5,4,distraction,distracted,0.91447,0.084905,0.000179,0.0,0.000446,0.91447,0.53737,0.846179,0.0,0.255173,0.206496,0.207664,0.0,0.013793,0.013911,True,True,True,0.0,False,False,46.192
1591,79.55,4,distraction,distracted,0.942402,0.057075,0.000172,0.0,0.000351,0.942402,0.578308,0.842114,0.0,0.256919,0.207326,0.207946,0.0,0.013796,0.0139,True,True,True,0.0,False,False,37.312
1592,79.6,4,distraction,distracted,0.915346,0.084015,0.000212,0.0,0.000427,0.915346,0.576208,0.851761,0.0,0.258823,0.207893,0.208109,0.0,0.013775,0.013901,True,True,True,0.0,False,False,37.139
1593,79.65,4,distraction,distracted,0.9311,0.068321,0.000193,0.0,0.000385,0.9311,0.569905,0.837336,0.0,0.260982,0.20895,0.208248,0.0,0.013801,0.013914,True,True,True,0.0,False,False,37.099
1594,79.7,4,distraction,distracted,0.954541,0.044959,0.000181,0.0,0.000319,0.954541,0.596187,0.84253,0.0,0.26334,0.20981,0.208409,0.0,0.013804,0.013915,True,True,True,0.0,False,False,37.386
1595,79.75,4,distraction,distracted,0.935585,0.063811,0.000212,0.0,0.000391,0.935585,0.549532,0.852676,0.0,0.265177,0.21055,0.208672,0.0,0.013806,0.013916,True,True,True,0.0,False,False,46.477
1596,79.8,4,distraction,distracted,0.905581,0.093739,0.000238,0.0,0.000442,0.905581,0.551631,0.85417,0.0,0.267311,0.211243,0.208937,0.0,0.013808,0.013906,True,True,True,0.0,False,False,37.341
1597,79.85,4,distraction,distracted,0.925901,0.073535,0.000212,0.0,0.000352,0.925901,0.53416,0.857238,0.0,0.26763,0.211743,0.20927,0.0,0.013787,0.013907,True,True,True,0.0,False,False,37.558
1598,79.9,4,distraction,distracted,0.908295,0.091085,0.000233,0.0,0.000387,0.908295,0.492394,0.885782,0.0,0.267588,0.212668,0.20976,0.0,0.013812,0.01392,True,True,True,0.0,False,False,37.101
1599,79.95,4,distraction,distracted,0.940124,0.059388,0.0002,0.0,0.000288,0.940124,0.470467,0.88956,0.0,0.267436,0.213301,0.210062,0.0,0.013813,0.01392,True,True,True,0.0,False,False,37.365
1600,80.0,4,distraction,distracted,0.897892,0.101525,0.000232,0.0,0.00035,0.897892,0.395562,0.91468,0.0,0.266886,0.213851,0.210253,0.0,0.013814,0.01392,True,True,True,0.0,False,False,46.471
1601,80.05,4,distraction,distracted,0.808548,0.190712,0.000262,0.0,0.000479,0.808548,0.336164,0.924332,0.0,0.266081,0.214239,0.210359,0.0,0.013814,0.013909,True,True,True,0.0,False,False,37.308
1602,80.1,4,distraction,distracted,0.873166,0.126243,0.000218,0.0,0.000372,0.873166,0.322958,0.923121,0.0,0.265238,0.21442,0.210535,0.0,0.013791,0.013909,True,True,True,0.0,False,False,37.291
1603,80.15,4,distraction,distracted,0.870106,0.129299,0.000216,0.0,0.000379,0.870106,0.298134,0.930253,0.0,0.264415,0.215058,0.210539,0.0,0.013815,0.01392,True,True,True,0.0,False,False,37.312
1604,80.2,4,distraction,distracted,0.888883,0.110541,0.000208,0.0,0.000368,0.888883,0.481184,0.875925,0.0,0.264698,0.215587,0.210518,0.0,0.013816,0.013919,True,True,True,0.0,False,False,37.434
1605,80.25,4,distraction,distracted,0.883904,0.115494,0.000219,0.0,0.000383,0.883904,0.519087,0.845772,0.0,0.264823,0.215684,0.2105,0.0,0.013817,0.013919,True,True,True,0.0,False,False,45.993
1606,80.3,4,distraction,distracted,0.778258,0.220992,0.000256,0.0,0.000495,0.778258,0.515231,0.832667,0.0,0.264704,0.215682,0.21073,0.0,0.013817,0.013908,True,True,True,0.0,False,False,37.513
1607,80.35,4,distraction,distracted,0.616259,0.382847,0.00028,0.0,0.000615,0.616259,0.471483,0.883488,0.0,0.264198,0.216091,0.21069,0.0,0.013795,0.013907,True,True,True,0.0,False,False,37.287
1608,80.4,4,distraction,distracted,0.565521,0.433584,0.000272,0.0,0.000623,0.565521,0.38049,0.909664,0.0,0.263085,0.21543,0.210387,0.0,0.013814,0.013918,True,True,True,0.0,False,False,37.292
1609,80.45,4,distraction,distracted,0.642625,0.356567,0.000257,0.0,0.00055,0.642625,0.201721,0.936018,0.0,0.261497,0.214971,0.210217,0.0,0.013813,0.013918,True,True,True,0.0,False,False,37.529
1610,80.5,4,distraction,distracted,0.741966,0.257313,0.000237,0.0,0.000484,0.741966,0.222089,0.940015,0.0,0.260311,0.214614,0.21017,0.0,0.013812,0.013917,True,True,True,0.0,False,False,46.258
1611,80.55,4,distraction,distracted,0.788569,0.21078,0.000234,0.0,0.000417,0.788569,0.134982,0.95061,0.0,0.259053,0.214297,0.210105,0.0,0.013812,0.013906,True,True,True,0.0,False,False,37.208
1612,80.6,4,distraction,distracted,0.65258,0.346646,0.000268,0.0,0.000506,0.65258,0.084171,0.954956,0.0,0.258081,0.214073,0.210037,0.0,0.013788,0.013905,True,True,True,0.0,False,False,37.549
1613,80.65,4,distraction,distracted,0.864453,0.134986,0.000227,0.0,0.000334,0.864453,0.357912,0.919249,0.0,0.25883,0.214015,0.210382,0.0,0.013811,0.013918,True,True,True,0.0,False,False,37.103
1614,80.7,4,distraction,distracted,0.907181,0.092321,0.000216,0.0,0.000282,0.907181,0.43779,0.907927,0.0,0.260208,0.214518,0.210702,0.0,0.013812,0.013918,True,True,True,0.0,False,False,37.027
1615,80.75,4,distraction,distracted,0.913664,0.08584,0.000206,0.0,0.000289,0.913664,0.416962,0.917121,0.0,0.261144,0.215079,0.211009,0.0,0.013812,0.013919,True,True,True,0.137207,False,False,46.146
1616,80.8,4,distraction,distracted,0.891595,0.107866,0.000212,0.0,0.000327,0.891595,0.29312,0.935679,0.0,0.261622,0.215429,0.211078,0.0,0.013813,0.013907,True,True,True,0.0,False,False,37.264
1617,80.85,4,distraction,distracted,0.70784,0.291346,0.000266,0.0,0.000548,0.70784,0.173517,0.945516,0.0,0.261579,0.215357,0.211177,0.0,0.013789,0.013907,True,True,True,0.0,False,False,37.023
1618,80.9,0,alert,alert,0.541617,0.541617,0.000263,0.0,0.000738,0.457382,0.084888,0.953926,0.0,0.260362,0.215511,0.211291,0.0,0.013812,0.013919,True,True,True,0.0,False,False,37.117
1619,80.95,0,alert,alert,0.51545,0.51545,0.00025,0.0,0.000736,0.483564,0.087677,0.94991,0.0,0.259234,0.2155,0.211314,0.0,0.013812,0.013919,True,True,True,0.497009,False,False,37.41
1620,81.0,4,distraction,distracted,0.630668,0.368452,0.000246,0.0,0.000634,0.630668,0.405093,0.893503,0.0,0.259731,0.216048,0.211613,0.0,0.013814,0.01392,True,True,True,0.497009,False,False,46.623
1621,81.05,4,distraction,distracted,0.833686,0.165671,0.00022,0.0,0.000422,0.833686,0.514222,0.851707,0.0,0.26079,0.216749,0.211847,0.0,0.013816,0.013909,True,True,True,0.0,False,False,37.6
1622,81.1,4,distraction,distracted,0.774642,0.22464,0.000256,0.0,0.000462,0.774642,0.52564,0.855722,0.0,0.261608,0.217227,0.212235,0.0,0.013795,0.01391,True,True,True,0.0,False,False,38.009
1623,81.15,4,distraction,distracted,0.699648,0.299544,0.000284,0.0,0.000523,0.699648,0.524839,0.861813,0.0,0.262812,0.218169,0.212761,0.0,0.01382,0.013923,True,True,True,0.0,False,False,37.887
1624,81.2,4,distraction,distracted,0.693534,0.305653,0.000294,0.0,0.000518,0.693534,0.506365,0.869232,0.0,0.26326,0.218832,0.213137,0.0,0.013822,0.013924,True,True,True,0.0,False,False,37.498
1625,81.25,4,distraction,distracted,0.71088,0.288326,0.0003,0.0,0.000494,0.71088,0.499087,0.867555,0.0,0.263926,0.219011,0.213215,0.0,0.013823,0.013924,True,True,True,0.0,False,False,47.293
1626,81.3,4,distraction,distracted,0.571978,0.427134,0.00031,0.0,0.000578,0.571978,0.501881,0.860913,0.0,0.264696,0.219031,0.21344,0.0,0.013822,0.013914,True,True,True,0.0,False,False,37.501
1627,81.35,4,distraction,distracted,0.747056,0.252172,0.000309,0.0,0.000463,0.747056,0.484107,0.878107,0.0,0.265901,0.219452,0.213444,0.0,0.0138,0.013914,True,True,True,0.0,False,False,38.248
1628,81.4,4,distraction,distracted,0.728792,0.270404,0.000332,0.0,0.000473,0.728792,0.477595,0.881727,0.0,0.267224,0.21895,0.213248,0.0,0.01382,0.013925,True,True,True,0.0,False,False,37.514
1629,81.45,4,distraction,distracted,0.763604,0.235635,0.000321,0.0,0.00044,0.763604,0.424031,0.905961,0.0,0.268135,0.218864,0.213272,0.0,0.013819,0.013925,True,True,True,0.0,False,False,37.52
1630,81.5,4,distraction,distracted,0.848303,0.151038,0.00029,0.0,0.000369,0.848303,0.439585,0.898788,0.0,0.268487,0.21887,0.213417,0.0,0.013819,0.013925,True,True,True,0.0,False,False,46.037
1631,81.55,4,distraction,distracted,0.714114,0.285047,0.000336,0.0,0.000503,0.714114,0.440974,0.89952,0.0,0.269389,0.218881,0.213602,0.0,0.013819,0.013914,True,True,True,0.0,False,False,37.343
1632,81.6,4,distraction,distracted,0.754802,0.244421,0.000311,0.0,0.000466,0.754802,0.398582,0.915374,0.0,0.27065,0.219179,0.2138,0.0,0.013796,0.013914,True,True,True,0.0,False,False,37.577
1633,81.65,4,distraction,distracted,0.779453,0.219779,0.000311,0.0,0.000457,0.779453,0.437825,0.905383,0.0,0.272255,0.218792,0.21414,0.0,0.013817,0.013927,True,True,True,0.0,False,False,37.142
1634,81.7,4,distraction,distracted,0.870212,0.129152,0.000283,0.0,0.000353,0.870212,0.444295,0.907926,0.0,0.274177,0.218883,0.214435,0.0,0.013817,0.013927,True,True,True,0.0,False,False,37.102
1635,81.75,4,distraction,distracted,0.915926,0.083521,0.000256,0.0,0.000297,0.915926,0.472252,0.891905,0.0,0.276208,0.219292,0.214771,0.0,0.013795,0.013928,True,True,True,0.0,False,False,45.855
1636,81.8,4,distraction,distracted,0.947024,0.05251,0.000229,0.0,0.000237,0.947024,0.397685,0.918773,0.0,0.277603,0.219423,0.214923,0.0,0.013795,0.013916,True,True,True,0.0,False,False,36.936
1637,81.85,4,distraction,distracted,0.953486,0.046055,0.00023,0.0,0.000229,0.953486,0.436776,0.902342,0.0,0.279287,0.219777,0.215156,0.0,0.013773,0.013917,True,True,True,0.0,False,False,37.463
1638,81.9,4,distraction,distracted,0.952645,0.046879,0.000245,0.0,0.000231,0.952645,0.461385,0.887748,0.0,0.281309,0.219704,0.215574,0.0,0.013796,0.013929,True,True,True,0.0,False,False,37.193
1639,81.95,4,distraction,distracted,0.912758,0.086644,0.000299,0.0,0.000298,0.912758,0.412295,0.911729,0.0,0.283162,0.219934,0.215789,0.0,0.013797,0.01393,True,True,True,0.0,False,False,37.142
1640,82.0,4,distraction,distracted,0.929954,0.06952,0.000263,0.0,0.000263,0.929954,0.288352,0.935553,0.0,0.28239,0.220052,0.215654,0.0,0.013797,0.013929,True,True,True,0.0,False,False,46.274
1641,82.05,4,distraction,distracted,0.920099,0.079369,0.000259,0.0,0.000272,0.920099,0.186874,0.947098,0.0,0.280816,0.220078,0.21563,0.0,0.013797,0.013917,True,True,True,0.0,False,False,37.219
1642,82.1,4,distraction,distracted,0.942771,0.056757,0.000235,0.0,0.000237,0.942771,0.393553,0.909052,0.0,0.280282,0.220362,0.215538,0.0,0.013774,0.013916,True,True,True,0.0,False,False,37.098
1643,82.15,4,distraction,distracted,0.866437,0.132907,0.000308,0.0,0.000348,0.866437,0.349601,0.920245,0.0,0.279541,0.220702,0.215177,0.0,0.013798,0.013925,True,True,True,0.0,False,False,37.302
1644,82.2,4,distraction,distracted,0.727595,0.27156,0.000357,0.0,0.000488,0.727595,0.243349,0.931854,0.0,0.278363,0.220904,0.214975,0.0,0.013798,0.013924,True,True,True,0.0,False,False,37.393
1645,82.25,4,distraction,distracted,0.636526,0.362572,0.000341,0.0,0.000561,0.636526,0.149354,0.943918,0.0,0.276987,0.220998,0.214716,0.0,0.013799,0.013924,True,True,True,0.0,False,False,46.112
1646,82.3,0,alert,alert,0.509994,0.509994,0.000319,0.0,0.000667,0.489021,0.07131,0.95199,0.0,0.275796,0.220878,0.214592,0.0,0.013798,0.013912,True,True,True,0.0,False,False,37.698
1647,82.35,0,alert,alert,0.689312,0.689312,0.00028,0.0,0.000838,0.30957,0.053379,0.95398,0.0,0.274908,0.220589,0.214307,0.0,0.013775,0.013911,True,True,True,0.0,False,False,37.409
1648,82.4,0,alert,alert,0.735815,0.735815,0.000249,0.0,0.001016,0.26292,0.050946,0.951391,0.0,0.274542,0.220854,0.214077,0.0,0.013798,0.013922,True,True,True,0.074951,False,False,37.353
1649,82.45,0,alert,alert,0.582378,0.582378,0.000269,0.0,0.001024,0.41633,0.072217,0.947242,0.0,0.274485,0.220908,0.214038,0.0,0.013799,0.013923,True,True,True,0.084106,False,False,37.141
1650,82.5,0,alert,alert,0.5731,0.5731,0.000262,0.0,0.000958,0.425679,0.065726,0.950655,0.0,0.274513,0.220945,0.213723,0.0,0.013799,0.013922,True,True,True,0.0,False,False,46.149
1651,82.55,0,alert,alert,0.653461,0.653461,0.000248,0.0,0.00101,0.345281,0.063194,0.950813,0.0,0.274588,0.220975,0.213593,0.0,0.013799,0.01391,True,True,True,0.07312,False,False,37.408
1652,82.6,0,alert,alert,0.744865,0.744865,0.000221,0.0,0.001165,0.253749,0.05191,0.951696,0.0,0.274563,0.220684,0.213218,0.0,0.013775,0.013908,True,True,True,0.07312,False,False,37.249
1653,82.65,0,alert,alert,0.539592,0.539592,0.000251,0.0,0.001184,0.458973,0.420405,0.880384,0.0,0.276397,0.221606,0.212859,0.0,0.0138,0.013918,True,True,True,0.155518,False,False,37.078
1654,82.7,4,distraction,distracted,0.680598,0.318275,0.000286,0.0,0.000841,0.680598,0.522662,0.845215,0.0,0.278399,0.22238,0.212871,0.0,0.013803,0.013918,True,True,True,0.0,False,False,37.192
1655,82.75,4,distraction,distracted,0.911479,0.087862,0.000277,0.0,0.000383,0.911479,0.60636,0.855166,0.0,0.281069,0.223283,0.213027,0.0,0.013805,0.013919,True,True,True,0.0,False,False,46.362
1656,82.8,4,distraction,distracted,0.94003,0.059265,0.000381,0.0,0.000324,0.94003,0.709102,0.846173,0.0,0.284298,0.224336,0.213407,0.0,0.013808,0.013908,True,True,True,0.0,False,False,38.266
1657,82.85,4,distraction,distracted,0.957117,0.042014,0.000558,0.0,0.000311,0.957117,0.777672,0.82011,0.0,0.28779,0.225156,0.213793,0.0,0.013788,0.01391,True,True,True,0.0,False,False,37.674
1658,82.9,4,distraction,distracted,0.969564,0.029318,0.000801,0.0,0.000318,0.969564,0.805002,0.804104,0.0,0.291328,0.226578,0.214439,0.0,0.013815,0.013923,True,True,True,0.0,False,False,37.326
1659,82.95,4,distraction,distracted,0.969058,0.029412,0.001179,0.0,0.00035,0.969058,0.728276,0.835847,0.0,0.294623,0.227453,0.214973,0.0,0.013817,0.013925,True,True,True,0.0,False,False,37.882
1660,83.0,4,distraction,distracted,0.968876,0.029462,0.001304,0.0,0.000358,0.968876,0.599095,0.869423,0.0,0.297328,0.228209,0.215275,0.0,0.013819,0.013914,True,True,True,0.0,False,False,47.011
1661,83.05,4,distraction,distracted,0.97073,0.02784,0.001112,0.0,0.000318,0.97073,0.495736,0.896355,0.0,0.297745,0.228791,0.215503,0.0,0.01382,0.013903,True,True,True,0.0,False,False,37.955
1662,83.1,4,distraction,distracted,0.947631,0.050766,0.001218,0.0,0.000385,0.947631,0.437723,0.904281,0.0,0.297503,0.229133,0.215793,0.0,0.013797,0.013903,True,True,True,0.0,False,False,37.712
1663,83.15,4,distraction,distracted,0.89531,0.103102,0.001103,0.0,0.000486,0.89531,0.249507,0.93642,0.0,0.296342,0.22931,0.215611,0.0,0.013821,0.013914,True,True,True,0.0,False,False,37.95
1664,83.2,4,distraction,distracted,0.866803,0.131895,0.000814,0.0,0.000489,0.866803,0.098994,0.952734,0.0,0.294424,0.228756,0.215294,0.0,0.013819,0.013913,True,True,True,0.0,False,False,37.56
1665,83.25,4,distraction,distracted,0.775232,0.223539,0.000655,0.0,0.000574,0.775232,0.050478,0.958337,0.0,0.292495,0.228125,0.214967,0.0,0.013818,0.013912,True,True,True,0.0,False,False,46.362
1666,83.3,4,distraction,distracted,0.750994,0.247941,0.00051,0.0,0.000555,0.750994,0.041538,0.957873,0.0,0.290853,0.227514,0.214817,0.0,0.013816,0.0139,True,True,True,0.0,False,False,37.055
1667,83.35,4,distraction,distracted,0.806793,0.192332,0.00041,0.0,0.000464,0.806793,0.03772,0.955957,0.0,0.289849,0.227186,0.214553,0.0,0.013793,0.0139,True,True,True,0.0,False,False,36.697
1668,83.4,4,distraction,distracted,0.600198,0.398734,0.000424,0.0,0.000644,0.600198,0.045082,0.953439,0.0,0.288912,0.226112,0.214498,0.0,0.013813,0.013911,True,True,True,0.0,False,False,37.179
1669,83.45,0,alert,alert,0.662933,0.662933,0.000351,0.0,0.000937,0.33578,0.061165,0.950041,0.0,0.28837,0.225436,0.214488,0.0,0.013811,0.013911,True,True,True,0.434753,False,False,37.148
1670,83.5,0,alert,alert,0.667019,0.667019,0.000295,0.0,0.001158,0.331527,0.049835,0.951325,0.0,0.288013,0.224747,0.214465,0.0,0.013809,0.013911,True,True,True,0.434753,False,False,45.9
1671,83.55,0,alert,alert,0.788367,0.788367,0.000235,0.0,0.001218,0.21018,0.052508,0.950817,0.0,0.2879,0.223989,0.214326,0.0,0.013807,0.013899,True,True,True,0.395386,False,False,37.199
1672,83.6,0,alert,alert,0.854592,0.854592,0.000199,0.0,0.001348,0.143861,0.057486,0.95131,0.0,0.286415,0.223703,0.214318,0.0,0.013783,0.013899,True,True,True,0.456726,False,False,36.881
1673,83.65,0,alert,alert,0.891686,0.891686,0.000175,0.0,0.001489,0.10665,0.066021,0.95094,0.0,0.285828,0.222311,0.214471,0.0,0.012872,0.013911,True,True,True,0.456726,False,False,37.27
1674,83.7,0,alert,alert,0.906408,0.906408,0.000164,0.0,0.001626,0.091803,0.051023,0.951556,0.0,0.285572,0.221421,0.214458,0.0,0.011932,0.013911,True,True,True,0.459473,False,False,37.256
1675,83.75,0,alert,alert,0.914479,0.914479,0.000158,0.0,0.001998,0.083365,0.05745,0.95119,0.0,0.285154,0.220491,0.21446,0.0,0.010945,0.013911,True,True,True,0.0,False,False,46.31
1676,83.8,0,alert,alert,0.920272,0.920272,0.00015,0.0,0.002463,0.077114,0.062346,0.949788,0.0,0.283289,0.219562,0.214329,0.0,0.00995,0.013899,True,True,True,0.0,False,False,37.781
1677,83.85,0,alert,alert,0.917178,0.917178,0.00015,0.0,0.003065,0.079608,0.079648,0.946031,0.0,0.281145,0.219323,0.214352,0.0,0.009933,0.013899,True,True,True,0.0,False,False,37.669
1678,83.9,0,alert,alert,0.918091,0.918091,0.000146,0.0,0.002741,0.079022,0.063368,0.949537,0.0,0.278906,0.218018,0.214423,0.0,0.008228,0.013911,True,True,True,0.610535,False,False,37.259
1679,83.95,0,alert,alert,0.932859,0.932859,0.000138,0.0,0.00244,0.064562,0.068409,0.94849,0.0,0.276675,0.217294,0.214414,0.0,0.007414,0.013911,True,True,True,0.0,False,False,37.33
1680,84.0,0,alert,alert,0.938509,0.938509,0.000139,0.0,0.002639,0.058713,0.064988,0.947285,0.0,0.274479,0.21662,0.21441,0.0,0.006648,0.013911,True,True,True,0.0,False,False,45.988
1681,84.05,0,alert,alert,0.941383,0.941383,0.000141,0.0,0.002761,0.055716,0.05869,0.949583,0.0,0.272371,0.215997,0.214276,0.0,0.005941,0.013899,True,True,True,0.0,False,False,37.479
1682,84.1,0,alert,alert,0.932816,0.932816,0.000153,0.0,0.003728,0.063303,0.070848,0.948334,0.0,0.270563,0.215749,0.214262,0.0,0.005931,0.013899,True,True,True,0.0,False,False,36.975
1683,84.15,0,alert,alert,0.929654,0.929654,0.00015,0.0,0.002853,0.067343,0.08745,0.94522,0.0,0.269092,0.215106,0.214386,0.0,0.004798,0.013911,True,True,True,0.0,False,False,37.09
1684,84.2,0,alert,alert,0.941543,0.941543,0.00014,0.0,0.002128,0.056189,0.096324,0.94272,0.0,0.268041,0.214709,0.214412,0.0,0.004245,0.013911,True,True,True,0.0,False,False,37.382
1685,84.25,0,alert,alert,0.939829,0.939829,0.000144,0.0,0.002075,0.057953,0.06752,0.946639,0.0,0.267432,0.214288,0.21442,0.0,0.003716,0.013911,True,True,True,0.0,False,False,45.913
1686,84.3,0,alert,alert,0.939786,0.939786,0.000147,0.0,0.001996,0.058071,0.054488,0.948535,0.0,0.266162,0.213582,0.214283,0.0,0.002947,0.013899,True,True,True,0.926392,False,False,37.471
1687,84.35,0,alert,alert,0.940906,0.940906,0.000146,0.0,0.001935,0.057013,0.063842,0.945315,0.0,0.264053,0.213327,0.214213,0.0,0.002942,0.013899,True,True,True,0.864136,False,False,37.235
1688,84.4,0,alert,alert,0.934873,0.934873,0.000153,0.0,0.00181,0.063164,0.050529,0.948759,0.0,0.261689,0.212124,0.213667,0.0,0.001374,0.013908,True,True,True,0.864136,False,False,37.144
1689,84.45,0,alert,alert,0.912915,0.912915,0.000173,0.0,0.001525,0.085387,0.055102,0.948011,0.0,0.259301,0.211446,0.213302,0.0,0.000625,0.013907,True,True,True,0.911743,False,False,36.896
1690,84.5,0,alert,alert,0.912312,0.912312,0.000177,0.0,0.001243,0.086268,0.05664,0.94804,0.0,0.257017,0.210904,0.212944,0.0,0.0,0.013906,True,True,True,0.911743,False,False,46.178
1691,84.55,0,alert,alert,0.918586,0.918586,0.000178,0.0,0.00111,0.080126,0.060104,0.947442,0.0,0.255045,0.210661,0.212813,0.0,0.0,0.013894,True,True,True,0.0,False,False,37.353
1692,84.6,0,alert,alert,0.896173,0.896173,0.000192,0.0,0.001076,0.102559,0.053464,0.948036,0.0,0.253682,0.210393,0.212476,0.0,0.0,0.013893,True,True,True,0.0,False,False,37.649
1693,84.65,0,alert,alert,0.906087,0.906087,0.00018,0.0,0.000982,0.092751,0.065638,0.946141,0.0,0.253249,0.210249,0.212085,0.0,0.0,0.013904,True,True,True,0.0,False,False,37.735
1694,84.7,0,alert,alert,0.847649,0.847649,0.000214,0.0,0.000992,0.151145,0.059715,0.947621,0.0,0.25318,0.210207,0.211821,0.0,0.0,0.013904,True,True,True,0.0,False,False,37.92
1695,84.75,0,alert,alert,0.874476,0.874476,0.000198,0.0,0.000878,0.124448,0.051113,0.949208,0.0,0.253194,0.209706,0.211634,0.0,0.0,0.013904,True,True,True,0.0,False,False,46.938
1696,84.8,0,alert,alert,0.876352,0.876352,0.0002,0.0,0.000835,0.122613,0.048188,0.949291,0.0,0.25322,0.209056,0.211494,0.0,0.0,0.013892,True,True,True,0.334961,False,False,37.519
1697,84.85,0,alert,alert,0.907043,0.907043,0.000182,0.0,0.000843,0.091932,0.046629,0.950117,0.0,0.253168,0.208778,0.211405,0.0,0.0,0.013892,True,True,True,0.117065,False,False,177.425
1698,84.9,0,alert,alert,0.863583,0.863583,0.000208,0.0,0.000874,0.135335,0.057175,0.947808,0.0,0.252442,0.208066,0.211425,0.0,0.0,0.013903,True,True,True,0.094177,False,False,37.533
1699,84.95,0,alert,alert,0.837657,0.837657,0.000229,0.0,0.000826,0.161288,0.062152,0.946893,0.0,0.250898,0.2079,0.21139,0.0,0.0,0.013903,True,True,True,0.094177,False,False,37.299
1700,85.0,0,alert,alert,0.852931,0.852931,0.000225,0.0,0.000769,0.146075,0.053953,0.949729,0.0,0.24875,0.207856,0.211351,0.0,0.0,0.013903,True,True,True,0.094177,False,False,45.908
1701,85.05,0,alert,alert,0.860768,0.860768,0.000219,0.0,0.000764,0.138249,0.061331,0.947761,0.0,0.246578,0.207823,0.211222,0.0,0.0,0.013891,True,True,True,0.0,False,False,37.695
1702,85.1,0,alert,alert,0.833579,0.833579,0.000221,0.0,0.000803,0.165398,0.074295,0.945872,0.0,0.244625,0.207595,0.211209,0.0,0.0,0.013891,True,True,True,0.0,False,False,37.381
1703,85.15,0,alert,alert,0.793758,0.793758,0.000226,0.0,0.000854,0.205162,0.071188,0.947067,0.0,0.242968,0.206573,0.211324,0.0,0.0,0.013903,True,True,True,0.0,False,False,37.55
1704,85.2,0,alert,alert,0.852211,0.852211,0.000192,0.0,0.000829,0.146767,0.053109,0.950006,0.0,0.242112,0.205819,0.2113,0.0,0.0,0.013903,True,True,True,0.0,False,False,37.725
1705,85.25,0,alert,alert,0.801326,0.801326,0.000209,0.0,0.000859,0.197607,0.047528,0.951034,0.0,0.241672,0.205053,0.21127,0.0,0.0,0.013903,True,True,True,0.0,False,False,46.348
1706,85.3,0,alert,alert,0.740319,0.740319,0.000232,0.0,0.000814,0.258635,0.054797,0.947981,0.0,0.241425,0.204323,0.211136,0.0,0.0,0.013891,True,True,True,0.0,False,False,37.196
1707,85.35,0,alert,alert,0.606279,0.606279,0.00027,0.0,0.000719,0.392732,0.052415,0.949108,0.0,0.241262,0.204064,0.211099,0.0,0.0,0.013891,True,True,True,0.0,False,False,37.224
1708,85.4,0,alert,alert,0.738506,0.738506,0.00025,0.0,0.000697,0.260547,0.063685,0.94777,0.0,0.241314,0.202895,0.210618,0.0,0.0,0.013901,True,True,True,0.0,False,False,37.258
1709,85.45,0,alert,alert,0.786732,0.786732,0.000235,0.0,0.000687,0.212347,0.059099,0.950228,0.0,0.241332,0.202197,0.21025,0.0,0.0,0.013899,True,True,True,0.0,False,False,37.312
1710,85.5,0,alert,alert,0.846821,0.846821,0.000215,0.0,0.000688,0.152277,0.057993,0.949062,0.0,0.241282,0.201493,0.209887,0.0,0.0,0.013898,True,True,True,0.0,False,False,46.063
1711,85.55,0,alert,alert,0.849141,0.849141,0.000216,0.0,0.000665,0.149978,0.069742,0.947058,0.0,0.241357,0.200867,0.209767,0.0,0.0,0.013886,True,True,True,0.245239,False,False,37.33
1712,85.6,0,alert,alert,0.885822,0.885822,0.000197,0.0,0.000643,0.113338,0.06843,0.949355,0.0,0.241421,0.20064,0.209429,0.0,0.0,0.013885,True,True,True,0.229675,False,False,37.36
1713,85.65,0,alert,alert,0.922606,0.922606,0.00017,0.0,0.000651,0.076573,0.079273,0.946981,0.0,0.241519,0.199789,0.208959,0.0,0.0,0.013896,True,True,True,0.0,False,False,37.134
1714,85.7,0,alert,alert,0.943991,0.943991,0.000146,0.0,0.000664,0.055199,0.066853,0.949274,0.0,0.241351,0.199144,0.208641,0.0,0.0,0.013895,True,True,True,0.0,False,False,36.913
1715,85.75,0,alert,alert,0.957911,0.957911,0.000133,0.0,0.00067,0.041285,0.073175,0.946319,0.0,0.241215,0.198505,0.208337,0.0,0.0,0.013894,True,True,True,0.0,False,False,46.745
1716,85.8,0,alert,alert,0.939199,0.939199,0.000152,0.0,0.000759,0.05989,0.237671,0.924255,0.0,0.242046,0.198171,0.208362,0.0,0.0,0.013883,True,True,True,0.0,False,False,37.676
1717,85.85,0,alert,alert,0.897708,0.897708,0.000199,0.0,0.000827,0.101267,0.485033,0.856955,0.0,0.244077,0.198613,0.208434,0.0,0.0,0.013883,True,True,True,0.0,False,False,37.797
1718,85.9,0,alert,alert,0.872606,0.872606,0.000218,0.0,0.000893,0.126283,0.530835,0.813158,0.0,0.246294,0.198372,0.20857,0.0,0.0,0.013896,True,True,True,0.0,False,False,37.795
1719,85.95,0,alert,alert,0.902163,0.902163,0.000192,0.0,0.000842,0.096802,0.491521,0.871667,0.0,0.248252,0.19847,0.208699,0.0,0.0,0.013897,True,True,True,0.0,False,False,37.48
1720,86.0,0,alert,alert,0.923295,0.923295,0.000173,0.0,0.000795,0.075737,0.437606,0.897273,0.0,0.250111,0.198514,0.208768,0.0,0.0,0.013897,True,True,True,0.0,False,False,46.227
1721,86.05,0,alert,alert,0.929669,0.929669,0.000173,0.0,0.000806,0.069352,0.412436,0.898547,0.0,0.251869,0.198611,0.208933,0.0,0.0,0.013886,True,True,True,0.0,False,False,37.263
1722,86.1,0,alert,alert,0.877395,0.877395,0.000213,0.0,0.000814,0.121578,0.322892,0.916487,0.0,0.252725,0.198816,0.208972,0.0,0.0,0.013886,True,True,True,0.0,False,False,37.474
1723,86.15,0,alert,alert,0.797329,0.797329,0.000263,0.0,0.000741,0.201667,0.166769,0.93742,0.0,0.251348,0.198816,0.208967,0.0,0.0,0.013898,True,True,True,0.0,False,False,37.303
1724,86.2,0,alert,alert,0.662955,0.662955,0.000322,0.0,0.000681,0.336042,0.216795,0.930055,0.0,0.249968,0.198947,0.208955,0.0,0.0,0.013898,True,True,True,1.0,False,False,36.945
1725,86.25,4,distraction,distracted,0.631751,0.367323,0.000367,0.0,0.000559,0.631751,0.096517,0.948874,0.0,0.247888,0.198811,0.208839,0.0,0.0,0.013898,True,True,True,0.918385,False,False,46.02
1726,86.3,4,distraction,distracted,0.605765,0.393314,0.000383,0.0,0.000538,0.605765,0.054782,0.954896,0.0,0.245651,0.198663,0.208706,0.0,0.0,0.013886,True,True,True,0.0,False,False,37.158
1727,86.35,4,distraction,distracted,0.570258,0.428788,0.000405,0.0,0.000549,0.570258,0.053306,0.953695,0.0,0.243481,0.198414,0.208619,0.0,0.0,0.013886,True,True,True,0.0,False,False,37.298
1728,86.4,4,distraction,distracted,0.586258,0.412802,0.000416,0.0,0.000524,0.586258,0.069587,0.949495,0.0,0.241607,0.198571,0.208704,0.0,0.0,0.013898,True,True,True,0.0,False,False,37.444
1729,86.45,0,alert,alert,0.511326,0.511326,0.000433,0.0,0.000556,0.487685,0.090826,0.948748,0.0,0.240428,0.198625,0.208741,0.0,0.0,0.013898,True,True,True,0.0,False,False,37.116
1730,86.5,4,distraction,distracted,0.687191,0.311841,0.000461,0.0,0.000506,0.687191,0.159674,0.944043,0.0,0.239439,0.198798,0.208844,0.0,0.0,0.013898,True,True,True,0.0,False,False,45.806
1731,86.55,4,distraction,distracted,0.711384,0.287569,0.000524,0.0,0.000524,0.711384,0.377501,0.912486,0.0,0.240087,0.19929,0.208983,0.0,0.0,0.013887,True,True,True,0.0,False,False,37.106
1732,86.6,4,distraction,distracted,0.693204,0.305555,0.000669,0.0,0.000572,0.693204,0.482826,0.884911,0.0,0.241807,0.199742,0.209348,0.0,0.0,0.013887,True,True,True,0.0,False,False,37.226
1733,86.65,4,distraction,distracted,0.530418,0.468196,0.000733,0.0,0.000653,0.530418,0.387161,0.921803,0.0,0.24337,0.200485,0.209785,0.0,0.0,0.0139,True,True,True,1.0,False,False,36.912
1734,86.7,0,alert,alert,0.517398,0.517398,0.000689,0.0,0.000655,0.481257,0.222622,0.941141,0.0,0.244064,0.200772,0.209939,0.0,0.0,0.0139,True,True,True,1.0,False,False,37.08
1735,86.75,0,alert,alert,0.676806,0.676806,0.000564,0.0,0.000667,0.321964,0.083837,0.954124,0.0,0.243982,0.200223,0.209976,0.0,0.0,0.0139,True,True,True,1.0,False,False,46.006
1736,86.8,0,alert,alert,0.508822,0.508822,0.000544,0.0,0.00062,0.490014,0.04764,0.956314,0.0,0.243681,0.199466,0.209835,0.0,0.0,0.013888,True,True,True,1.0,False,False,37.298
1737,86.85,4,distraction,distracted,0.611241,0.38772,0.000493,0.0,0.000545,0.611241,0.041797,0.95544,0.0,0.243391,0.199195,0.209835,0.0,0.0,0.013888,True,True,True,0.957752,False,False,37.086
1738,86.9,0,alert,alert,0.516903,0.516903,0.000462,0.0,0.000579,0.482056,0.037744,0.955408,0.0,0.243167,0.197511,0.209972,0.0,0.0,0.0139,True,True,True,1.0,False,False,37.064
1739,86.95,0,alert,alert,0.519432,0.519432,0.00043,0.0,0.00057,0.479568,0.05062,0.94973,0.0,0.243033,0.1964,0.209972,0.0,0.0,0.0139,True,True,True,1.0,False,False,37.057
1740,87.0,0,alert,alert,0.612853,0.612853,0.000398,0.0,0.000579,0.38617,0.045351,0.952177,0.0,0.242846,0.195258,0.209934,0.0,0.0,0.0139,True,True,True,1.0,False,False,46.335
1741,87.05,0,alert,alert,0.651872,0.651872,0.000361,0.0,0.000592,0.347176,0.042181,0.952058,0.0,0.242637,0.194197,0.20979,0.0,0.0,0.013888,True,True,True,1.0,False,False,37.404
1742,87.1,0,alert,alert,0.718446,0.718446,0.000314,0.0,0.000614,0.280626,0.042273,0.952177,0.0,0.242408,0.193937,0.20967,0.0,0.0,0.013887,True,True,True,1.0,False,False,37.249
1743,87.15,0,alert,alert,0.775423,0.775423,0.000276,0.0,0.000621,0.22368,0.044968,0.951255,0.0,0.240735,0.192592,0.209667,0.0,0.0,0.013899,True,True,True,1.0,False,False,37.009
1744,87.2,0,alert,alert,0.70331,0.70331,0.000299,0.0,0.000629,0.295762,0.060231,0.947785,0.0,0.238598,0.19199,0.209644,0.0,0.0,0.013899,True,True,True,1.0,False,False,37.252
1745,87.25,0,alert,alert,0.693101,0.693101,0.000298,0.0,0.000625,0.305976,0.051054,0.950083,0.0,0.236271,0.191691,0.209467,0.0,0.0,0.013899,True,True,True,1.0,False,False,47.26
1746,87.3,0,alert,alert,0.562703,0.562703,0.000322,0.0,0.000599,0.436376,0.048611,0.951095,0.0,0.233972,0.191622,0.209328,0.0,0.0,0.013887,True,True,True,1.0,False,False,37.681
1747,87.35,0,alert,alert,0.599346,0.599346,0.000314,0.0,0.00059,0.39975,0.04514,0.95176,0.0,0.231786,0.191372,0.20901,0.0,0.0,0.013886,True,True,True,1.0,False,False,37.768
1748,87.4,0,alert,alert,0.624582,0.624582,0.000305,0.0,0.000594,0.37452,0.042725,0.952261,0.0,0.229807,0.191624,0.208532,0.0,0.0,0.013897,True,True,True,1.0,False,False,37.441
1749,87.45,0,alert,alert,0.619413,0.619413,0.000292,0.0,0.000609,0.379686,0.053194,0.950283,0.0,0.227914,0.191646,0.208198,0.0,0.0,0.013896,True,True,True,1.0,False,False,37.182
1750,87.5,0,alert,alert,0.615645,0.615645,0.000282,0.0,0.000619,0.383455,0.049491,0.950806,0.0,0.226015,0.19165,0.207848,0.0,0.0,0.013895,True,True,True,1.0,False,False,45.949
1751,87.55,0,alert,alert,0.642869,0.642869,0.000265,0.0,0.000635,0.356231,0.047376,0.951192,0.0,0.224161,0.191656,0.20771,0.0,0.0,0.013883,True,True,True,0.0,False,False,37.24
1752,87.6,0,alert,alert,0.736452,0.736452,0.000242,0.0,0.000664,0.262642,0.045453,0.951687,0.0,0.222907,0.191406,0.207358,0.0,0.0,0.013882,True,True,True,0.0,False,False,37.403
1753,87.65,0,alert,alert,0.71579,0.71579,0.000238,0.0,0.000702,0.28327,0.04809,0.951507,0.0,0.222092,0.19166,0.206769,0.0,0.0,0.013892,True,True,True,0.0,False,False,37.094
1754,87.7,0,alert,alert,0.766644,0.766644,0.000229,0.0,0.000701,0.232426,0.043776,0.952437,0.0,0.221173,0.191645,0.20635,0.0,0.0,0.01389,True,True,True,0.0,False,False,37.002
1755,87.75,0,alert,alert,0.729994,0.729994,0.000239,0.0,0.000726,0.269041,0.055676,0.949736,0.0,0.219948,0.191639,0.205916,0.0,0.0,0.013427,True,True,True,0.0,False,False,45.735
1756,87.8,0,alert,alert,0.818949,0.818949,0.000208,0.0,0.000716,0.180127,0.054324,0.949004,0.0,0.218494,0.191649,0.205786,0.0,0.0,0.013415,True,True,True,0.0,False,False,37.074
1757,87.85,0,alert,alert,0.884507,0.884507,0.000176,0.0,0.000743,0.114574,0.072538,0.94724,0.0,0.217544,0.191446,0.205359,0.0,0.0,0.012944,True,True,True,0.0,False,False,37.454
1758,87.9,0,alert,alert,0.912701,0.912701,0.000158,0.0,0.000771,0.08637,0.049513,0.951238,0.0,0.216509,0.191657,0.204556,0.0,0.0,0.011971,True,True,True,0.0,False,False,36.933
1759,87.95,0,alert,alert,0.908379,0.908379,0.000162,0.0,0.0008,0.090658,0.044143,0.952529,0.0,0.215764,0.191633,0.204142,0.0,0.0,0.011537,True,True,True,0.0,False,False,37.657
1760,88.0,0,alert,alert,0.921798,0.921798,0.000161,0.0,0.000771,0.07727,0.046638,0.95094,0.0,0.21506,0.191619,0.203729,0.0,0.0,0.0111,True,True,True,0.0,False,False,46.84
1761,88.05,0,alert,alert,0.903284,0.903284,0.000179,0.0,0.000762,0.095775,0.050968,0.950001,0.0,0.214304,0.191581,0.203598,0.0,0.0,0.011091,True,True,True,0.0,False,False,38.116
1762,88.1,0,alert,alert,0.898567,0.898567,0.000187,0.0,0.000733,0.100512,0.057839,0.948537,0.0,0.213972,0.191353,0.20322,0.0,0.0,0.010677,True,True,True,0.0,False,False,37.528
1763,88.15,0,alert,alert,0.918464,0.918464,0.000176,0.0,0.0007,0.08066,0.055079,0.950255,0.0,0.21376,0.191563,0.202677,0.0,0.0,0.009939,True,True,True,0.0,False,False,38.194
1764,88.2,0,alert,alert,0.945409,0.945409,0.000152,0.0,0.000691,0.053748,0.052272,0.950011,0.0,0.213247,0.191534,0.202426,0.0,0.0,0.009648,True,True,True,0.0,False,False,37.995
1765,88.25,0,alert,alert,0.94225,0.94225,0.000156,0.0,0.000721,0.056873,0.04816,0.951092,0.0,0.213127,0.191503,0.202177,0.0,0.0,0.009363,True,True,True,0.0,False,False,46.842
1766,88.3,0,alert,alert,0.9561,0.9561,0.000144,0.0,0.000712,0.043044,0.044022,0.951827,0.0,0.213095,0.191439,0.202041,0.0,0.0,0.009355,True,True,True,0.0,False,False,37.167
1767,88.35,0,alert,alert,0.961085,0.961085,0.00014,0.0,0.00072,0.038055,0.043731,0.951515,0.0,0.213105,0.191187,0.2018,0.0,0.0,0.009081,True,True,True,0.0,False,False,37.36
1768,88.4,0,alert,alert,0.947532,0.947532,0.000159,0.0,0.000744,0.051566,0.0538,0.949174,0.0,0.213161,0.191405,0.201232,0.0,0.0,0.008329,True,True,True,0.0,False,False,37.129
1769,88.45,0,alert,alert,0.945307,0.945307,0.000163,0.0,0.000727,0.053803,0.050478,0.950126,0.0,0.213186,0.19138,0.200869,0.0,0.0,0.007936,True,True,True,0.0,False,False,37.422
1770,88.5,0,alert,alert,0.948991,0.948991,0.000159,0.0,0.000706,0.050144,0.056717,0.948943,0.0,0.213229,0.19139,0.200514,0.0,0.0,0.007548,True,True,True,0.0,False,False,45.908
1771,88.55,0,alert,alert,0.950868,0.950868,0.000158,0.0,0.000692,0.048281,0.059958,0.947227,0.0,0.213323,0.191395,0.200394,0.0,0.0,0.007541,True,True,True,0.874118,False,False,37.133
1772,88.6,0,alert,alert,0.96316,0.96316,0.000148,0.0,0.000689,0.036003,0.064138,0.947316,0.0,0.213454,0.191179,0.200072,0.0,0.0,0.007174,True,True,True,0.874118,False,False,36.872
1773,88.65,0,alert,alert,0.967668,0.967668,0.000149,0.0,0.000705,0.031478,0.049323,0.950294,0.0,0.213488,0.191383,0.199809,0.0,0.0,0.006886,True,True,True,0.5853,False,False,37.076
1774,88.7,0,alert,alert,0.968677,0.968677,0.000149,0.0,0.000714,0.03046,0.051195,0.950201,0.0,0.21353,0.191376,0.19965,0.0,0.0,0.006886,True,True,True,0.482761,False,False,37.107
1775,88.75,0,alert,alert,0.966368,0.966368,0.000157,0.0,0.000739,0.032735,0.045709,0.950946,0.0,0.213503,0.191336,0.199592,0.0,0.0,0.006886,True,True,True,0.445225,False,False,46.218
1776,88.8,0,alert,alert,0.965529,0.965529,0.00016,0.0,0.000766,0.033545,0.048227,0.95138,0.0,0.213426,0.191313,0.199462,0.0,0.0,0.00688,True,True,True,0.396244,False,False,37.16
1777,88.85,0,alert,alert,0.956645,0.956645,0.000174,0.0,0.000799,0.042383,0.046053,0.950951,0.0,0.21286,0.191065,0.199437,0.0,0.0,0.00688,True,True,True,0.356419,False,False,36.993
1778,88.9,0,alert,alert,0.961665,0.961665,0.000169,0.0,0.000762,0.037404,0.049674,0.951289,0.0,0.212469,0.191306,0.199067,0.0,0.0,0.006886,True,True,True,0.23328,False,False,36.952
1779,88.95,0,alert,alert,0.959485,0.959485,0.000174,0.0,0.000778,0.039563,0.045526,0.951574,0.0,0.212039,0.191304,0.19878,0.0,0.0,0.006886,True,True,True,0.092747,False,False,36.905
1780,89.0,0,alert,alert,0.941847,0.941847,0.000203,0.0,0.000815,0.057136,0.045494,0.952272,0.0,0.211792,0.191285,0.198594,0.0,0.0,0.006885,True,True,True,0.092747,False,False,46.07
1781,89.05,0,alert,alert,0.937687,0.937687,0.000208,0.0,0.000793,0.061312,0.046393,0.951988,0.0,0.210607,0.191259,0.198463,0.0,0.0,0.00688,True,True,True,0.054662,False,False,36.975
1782,89.1,0,alert,alert,0.932305,0.932305,0.000215,0.0,0.000792,0.066688,0.045264,0.951583,0.0,0.208685,0.19101,0.198351,0.0,0.0,0.00688,True,True,True,0.356328,False,False,36.799
1783,89.15,0,alert,alert,0.944946,0.944946,0.000196,0.0,0.000802,0.054056,0.045256,0.951441,0.0,0.20678,0.191215,0.198157,0.0,0.0,0.006885,True,True,True,0.356328,False,False,37.186
1784,89.2,0,alert,alert,0.941374,0.941374,0.000199,0.0,0.000841,0.057585,0.044407,0.951446,0.0,0.204972,0.19116,0.197779,0.0,0.0,0.006885,True,True,True,0.318105,False,False,37.061
1785,89.25,0,alert,alert,0.949811,0.949811,0.000184,0.0,0.0008,0.049205,0.039938,0.951927,0.0,0.20298,0.1911,0.197357,0.0,0.0,0.006884,True,True,True,0.318105,False,False,46.012
1786,89.3,0,alert,alert,0.952759,0.952759,0.000177,0.0,0.000804,0.04626,0.046179,0.950655,0.0,0.200914,0.191087,0.197228,0.0,0.0,0.006878,True,True,True,0.363881,False,False,37.151
1787,89.35,0,alert,alert,0.945746,0.945746,0.000181,0.0,0.000816,0.053256,0.049085,0.950779,0.0,0.198869,0.190844,0.19682,0.0,0.0,0.006878,True,True,True,0.363881,False,False,37.114
1788,89.4,0,alert,alert,0.926685,0.926685,0.0002,0.0,0.000824,0.072292,0.048666,0.951349,0.0,0.196858,0.191069,0.196166,0.0,0.0,0.006882,True,True,True,0.386426,False,False,37.023
1789,89.45,0,alert,alert,0.838796,0.838796,0.000253,0.0,0.000899,0.160052,0.052464,0.951488,0.0,0.194764,0.191061,0.195798,0.0,0.0,0.006882,True,True,True,0.438611,False,False,37.305
1790,89.5,0,alert,alert,0.822493,0.822493,0.00024,0.0,0.000893,0.176373,0.046539,0.952531,0.0,0.192441,0.191014,0.195424,0.0,0.0,0.006881,True,True,True,0.579338,False,False,46.276
1791,89.55,0,alert,alert,0.895674,0.895674,0.000193,0.0,0.000819,0.103314,0.046244,0.951857,0.0,0.189942,0.190981,0.195296,0.0,0.0,0.006875,True,True,True,0.579338,False,False,37.403
1792,89.6,0,alert,alert,0.933854,0.933854,0.000166,0.0,0.000772,0.065208,0.051149,0.951051,0.0,0.187461,0.190742,0.194933,0.0,0.0,0.006875,True,True,True,0.418927,False,False,37.626
1793,89.65,0,alert,alert,0.923415,0.923415,0.000172,0.0,0.000788,0.075625,0.050842,0.95107,0.0,0.18504,0.190888,0.194357,0.0,0.0,0.00688,True,True,True,0.0,False,False,37.416
1794,89.7,0,alert,alert,0.929444,0.929444,0.000165,0.0,0.000766,0.069625,0.053859,0.951218,0.0,0.182507,0.19085,0.19406,0.0,0.0,0.00688,True,True,True,0.0,False,False,36.867
1795,89.75,0,alert,alert,0.928527,0.928527,0.000167,0.0,0.000765,0.070541,0.049448,0.951785,0.0,0.180145,0.190791,0.193753,0.0,0.0,0.006879,True,True,True,0.0,False,False,45.994
1796,89.8,0,alert,alert,0.941724,0.941724,0.000156,0.0,0.000737,0.057383,0.047164,0.951847,0.0,0.177761,0.190772,0.193627,0.0,0.0,0.006873,True,True,True,0.0,False,False,37.039
1797,89.85,0,alert,alert,0.955726,0.955726,0.000141,0.0,0.000746,0.043387,0.048922,0.950677,0.0,0.175464,0.19053,0.193281,0.0,0.0,0.006873,True,True,True,0.0,False,False,36.673
1798,89.9,0,alert,alert,0.949587,0.949587,0.000143,0.0,0.000778,0.049492,0.068653,0.946071,0.0,0.173415,0.190136,0.19272,0.0,0.0,0.006878,True,True,True,0.0,False,False,36.976
1799,89.95,0,alert,alert,0.942603,0.942603,0.000146,0.0,0.000844,0.056407,0.064386,0.947242,0.0,0.171444,0.189429,0.192379,0.0,0.0,0.006878,True,True,True,0.0,False,False,37.206
