frame_id,timestamp,state_id,state,predicted_driver_state,confidence,p_alert,p_drowsy,p_microsleep,p_yawning,p_distraction,closed_probability,ocular_reliability,closure_duration_seconds,perclos_10s,perclos_30s,perclos_60s,slow_perclos_10s,slow_perclos_30s,slow_perclos_60s,perclos_10s_reliable,perclos_30s_reliable,perclos_60s_reliable,nod_probability,microsleep_active,drowsy_episode_active,latency_ms
0,0.0,3,yawning,yawning,0.377312,0.309607,0.132646,0.0,0.377312,0.180435,0.252411,0.754726,0.0,0.252411,0.252411,0.252411,0.0,0.0,0.0,False,False,False,0.0,False,False,49.85
1,0.05,3,yawning,yawning,0.571289,0.305844,0.039315,0.0,0.571289,0.083553,0.109535,0.889314,0.0,0.175125,0.175125,0.175125,0.0,0.0,0.0,False,False,False,0.0,False,False,37.437
2,0.1,3,yawning,yawning,0.838636,0.128387,0.009654,0.0,0.838636,0.023322,0.407201,0.848697,0.0,0.254139,0.254139,0.254139,0.0,0.0,0.0,False,False,False,0.0,False,False,37.813
3,0.15,3,yawning,yawning,0.950082,0.039177,0.003433,0.0,0.950082,0.007308,0.53262,0.79563,0.0,0.321519,0.321519,0.321519,0.0,0.0,0.0,False,False,False,0.0,False,False,38.016
4,0.2,3,yawning,yawning,0.983736,0.01258,0.001345,0.0,0.983736,0.002339,0.549553,0.774644,0.0,0.364995,0.364995,0.364995,0.0,0.0,0.0,False,False,False,0.0,False,False,37.021
5,0.25,3,yawning,yawning,0.992712,0.00566,0.000659,0.0,0.992712,0.000969,0.508585,0.837603,0.0,0.389537,0.389537,0.389537,0.0,0.0,0.0,False,False,False,0.0,False,False,47.746
6,0.3,3,yawning,yawning,0.995064,0.003913,0.000438,0.0,0.995064,0.000585,0.451244,0.883893,0.0,0.398966,0.398966,0.398966,0.0,0.0,0.0,False,False,False,0.0,False,False,37.624
7,0.35,3,yawning,yawning,0.995908,0.003306,0.000344,0.0,0.995908,0.000442,0.343226,0.910239,0.0,0.391388,0.391388,0.391388,0.0,0.0,0.0,False,False,False,0.0,False,False,38.275
8,0.4,3,yawning,yawning,0.996129,0.003184,0.000303,0.0,0.996129,0.000384,0.192199,0.930505,0.0,0.367081,0.367081,0.367081,0.0,0.0,0.0,False,False,False,0.0,False,False,37.763
9,0.45,3,yawning,yawning,0.995854,0.003474,0.000291,0.0,0.995854,0.000382,0.090653,0.944868,0.0,0.336604,0.336604,0.336604,0.0,0.0,0.0,False,False,False,0.0,False,False,37.212
10,0.5,3,yawning,yawning,0.995187,0.004113,0.000294,0.0,0.995187,0.000406,0.080212,0.946047,0.0,0.311115,0.311115,0.311115,0.0,0.0,0.0,False,False,False,0.0,False,False,45.639
11,0.55,3,yawning,yawning,0.9944,0.004869,0.000295,0.0,0.9944,0.000437,0.064755,0.949223,0.0,0.28877,0.28877,0.28877,0.0,0.0,0.0,False,False,False,0.0,False,False,37.054
12,0.6,3,yawning,yawning,0.992884,0.00631,0.000306,0.0,0.992884,0.0005,0.050453,0.951933,0.0,0.2689,0.2689,0.2689,0.0,0.0,0.0,False,False,False,0.0,False,False,37.416
13,0.65,3,yawning,yawning,0.989823,0.009199,0.000333,0.0,0.989823,0.000646,0.045262,0.952533,0.0,0.251679,0.251679,0.251679,0.0,0.0,0.0,False,False,False,0.0,False,False,37.573
14,0.7,3,yawning,yawning,0.986289,0.012559,0.000357,0.0,0.986289,0.000794,0.049827,0.950183,0.0,0.23728,0.23728,0.23728,0.0,0.0,0.0,False,False,False,0.0,False,False,37.253
15,0.75,3,yawning,yawning,0.977492,0.020981,0.000422,0.0,0.977492,0.001105,0.060272,0.947562,0.0,0.225524,0.225524,0.225524,0.0,0.0,0.0,False,False,False,0.0,False,False,46.051
16,0.8,3,yawning,yawning,0.955825,0.041964,0.000543,0.0,0.955825,0.001668,0.059063,0.947135,0.0,0.215162,0.215162,0.215162,0.0,0.0,0.0,False,False,False,0.0,False,False,36.991
17,0.85,3,yawning,yawning,0.919363,0.077604,0.000668,0.0,0.919363,0.002365,0.048934,0.949633,0.0,0.205396,0.205396,0.205396,0.0,0.0,0.0,False,False,False,0.0,False,False,36.989
18,0.9,3,yawning,yawning,0.796722,0.197849,0.001006,0.0,0.796722,0.004423,0.051231,0.948985,0.0,0.196847,0.196847,0.196847,0.0,0.0,0.0,False,False,False,0.0,False,False,36.882
19,0.95,3,yawning,yawning,0.527485,0.463697,0.001355,0.0,0.527485,0.007463,0.053328,0.948869,0.0,0.189308,0.189308,0.189308,0.0,0.0,0.0,False,False,False,0.0,False,False,38.416
20,1.0,0,alert,alert,0.605795,0.605795,0.001328,0.0,0.384917,0.00796,0.050799,0.949785,0.0,0.182388,0.182388,0.182388,0.0,0.0,0.0,False,False,False,0.0,False,False,46.96
21,1.05,0,alert,alert,0.751554,0.751554,0.00127,0.0,0.238579,0.008597,0.069072,0.946431,0.0,0.177015,0.177015,0.177015,0.0,0.0,0.0,False,False,False,0.0,False,False,38.772
22,1.1,0,alert,alert,0.824457,0.824457,0.001128,0.0,0.165831,0.008584,0.056828,0.949028,0.0,0.171559,0.171559,0.171559,0.0,0.0,0.0,False,False,False,0.0,False,False,38.111
23,1.15,0,alert,alert,0.834366,0.834366,0.001062,0.0,0.155483,0.00909,0.047646,0.951111,0.0,0.166168,0.166168,0.166168,0.0,0.0,0.0,False,False,False,0.0,False,False,36.885
24,1.2,0,alert,alert,0.80648,0.80648,0.001034,0.0,0.182478,0.010009,0.046487,0.951425,0.0,0.161176,0.161176,0.161176,0.0,0.0,0.0,False,False,False,0.0,False,False,37.0
25,1.25,0,alert,alert,0.81499,0.81499,0.000976,0.0,0.173181,0.010853,0.046949,0.950422,0.0,0.156606,0.156606,0.156606,0.0,0.0,0.0,False,False,False,0.0,False,False,45.956
26,1.3,0,alert,alert,0.880562,0.880562,0.000823,0.0,0.107951,0.010664,0.047366,0.949421,0.0,0.152409,0.152409,0.152409,0.0,0.0,0.0,False,False,False,0.0,False,False,37.156
27,1.35,0,alert,alert,0.936727,0.936727,0.00064,0.0,0.053027,0.009606,0.047428,0.950298,0.0,0.148521,0.148521,0.148521,0.0,0.0,0.0,False,False,False,0.0,False,False,37.075
28,1.4,0,alert,alert,0.962243,0.962243,0.000537,0.0,0.028741,0.008478,0.052455,0.948655,0.0,0.145096,0.145096,0.145096,0.0,0.0,0.0,False,False,False,0.0,False,False,36.859
29,1.45,0,alert,alert,0.973488,0.973488,0.000477,0.0,0.017684,0.008352,0.046498,0.950193,0.0,0.141697,0.141697,0.141697,0.0,0.0,0.0,False,False,False,0.0,False,False,37.236
30,1.5,0,alert,alert,0.975756,0.975756,0.000428,0.0,0.015439,0.008378,0.048887,0.948447,0.0,0.138609,0.138609,0.138609,0.0,0.0,0.0,False,False,False,0.0,False,False,45.735
31,1.55,0,alert,alert,0.970979,0.970979,0.000421,0.0,0.019618,0.008983,0.058097,0.945833,0.0,0.136024,0.136024,0.136024,0.0,0.0,0.0,False,False,False,0.0,False,False,37.329
32,1.6,0,alert,alert,0.971064,0.971064,0.000379,0.0,0.01759,0.010968,0.063373,0.946346,0.0,0.133762,0.133762,0.133762,0.0,0.0,0.0,False,False,False,0.0,False,False,37.012
33,1.65,0,alert,alert,0.976613,0.976613,0.000305,0.0,0.011126,0.011956,0.070504,0.944144,0.0,0.131856,0.131856,0.131856,0.0,0.0,0.0,False,False,False,0.0,False,False,37.129
34,1.7,0,alert,alert,0.980289,0.980289,0.000255,0.0,0.008124,0.011332,0.065648,0.946389,0.0,0.129916,0.129916,0.129916,0.0,0.0,0.0,False,False,False,0.0,False,False,37.218
35,1.75,0,alert,alert,0.981945,0.981945,0.000224,0.0,0.006369,0.011462,0.079302,0.943486,0.0,0.128479,0.128479,0.128479,0.0,0.0,0.0,False,False,False,0.0,False,False,45.713
36,1.8,0,alert,alert,0.982708,0.982708,0.000203,0.0,0.00504,0.012049,0.090956,0.942774,0.0,0.127444,0.127444,0.127444,0.0,0.0,0.0,False,False,False,0.0,False,False,37.322
37,1.85,0,alert,alert,0.981675,0.981675,0.000196,0.0,0.005091,0.013038,0.063035,0.947749,0.0,0.125706,0.125706,0.125706,0.0,0.0,0.0,False,False,False,0.0,False,False,37.436
38,1.9,0,alert,alert,0.981056,0.981056,0.00019,0.0,0.004634,0.014121,0.058626,0.948596,0.0,0.123942,0.123942,0.123942,0.0,0.0,0.0,False,False,False,0.0,False,False,37.155
39,1.95,0,alert,alert,0.981044,0.981044,0.000181,0.0,0.004355,0.01442,0.053247,0.948209,0.0,0.122131,0.122131,0.122131,0.0,0.0,0.0,False,False,False,0.0,False,False,37.065
40,2.0,0,alert,alert,0.982371,0.982371,0.00017,0.0,0.002971,0.014488,0.051196,0.94919,0.0,0.120358,0.120358,0.120358,0.0,0.0,0.0,False,False,False,0.0,False,False,45.902
41,2.05,0,alert,alert,0.982356,0.982356,0.000169,0.0,0.002176,0.015299,0.048241,0.949403,0.0,0.118599,0.118599,0.118599,0.0,0.0,0.0,False,False,False,0.0,False,False,37.966
42,2.1,0,alert,alert,0.97894,0.97894,0.000184,0.0,0.001974,0.018902,0.054365,0.947112,0.0,0.117073,0.117073,0.117073,0.0,0.0,0.0,False,False,False,0.0,False,False,37.532
43,2.15,0,alert,alert,0.979628,0.979628,0.00018,0.0,0.001719,0.018473,0.055928,0.948061,0.0,0.115653,0.115653,0.115653,0.0,0.0,0.0,False,False,False,0.0,False,False,37.546
44,2.2,0,alert,alert,0.981519,0.981519,0.000172,0.0,0.001512,0.016797,0.054304,0.948352,0.0,0.114259,0.114259,0.114259,0.0,0.0,0.0,False,False,False,0.0,False,False,37.506
45,2.25,0,alert,alert,0.982621,0.982621,0.000166,0.0,0.001536,0.015678,0.05714,0.94808,0.0,0.112992,0.112992,0.112992,0.0,0.0,0.0,False,False,False,0.016018,False,False,46.202
46,2.3,0,alert,alert,0.982562,0.982562,0.000163,0.0,0.001531,0.015744,0.059606,0.947348,0.0,0.111833,0.111833,0.111833,0.0,0.0,0.0,False,False,False,0.047332,False,False,37.641
47,2.35,0,alert,alert,0.982572,0.982572,0.000165,0.0,0.00149,0.015773,0.0516,0.948466,0.0,0.110552,0.110552,0.110552,0.0,0.0,0.0,False,False,False,0.047332,False,False,37.506
48,2.4,0,alert,alert,0.982321,0.982321,0.00017,0.0,0.001413,0.016096,0.051089,0.948364,0.0,0.109315,0.109315,0.109315,0.0,0.0,0.0,False,False,False,0.0,False,False,37.245
49,2.45,0,alert,alert,0.982183,0.982183,0.000175,0.0,0.001395,0.016248,0.051495,0.949022,0.0,0.108135,0.108135,0.108135,0.0,0.0,0.0,False,False,False,0.0,False,False,37.192
50,2.5,0,alert,alert,0.982226,0.982226,0.000178,0.0,0.001397,0.016199,0.044398,0.950825,0.0,0.106858,0.106858,0.106858,0.0,0.0,0.0,False,False,False,0.0,False,False,46.263
51,2.55,0,alert,alert,0.982949,0.982949,0.000174,0.0,0.001301,0.015576,0.046064,0.950042,0.0,0.105664,0.105664,0.105664,0.0,0.0,0.0,False,False,False,0.036717,False,False,37.41
52,2.6,0,alert,alert,0.982383,0.982383,0.000174,0.0,0.001254,0.016189,0.045894,0.949989,0.0,0.104514,0.104514,0.104514,0.0,0.0,0.0,False,False,False,0.036717,False,False,37.329
53,2.65,0,alert,alert,0.981437,0.981437,0.000183,0.0,0.001186,0.017194,0.043688,0.950657,0.0,0.103364,0.103364,0.103364,0.0,0.0,0.0,False,False,False,0.0,False,False,37.179
54,2.7,0,alert,alert,0.980372,0.980372,0.000195,0.0,0.001122,0.018311,0.042491,0.950732,0.0,0.102235,0.102235,0.102235,0.0,0.0,0.0,False,False,False,0.0,False,False,37.464
55,2.75,0,alert,alert,0.979893,0.979893,0.000197,0.0,0.001111,0.018799,0.042537,0.950618,0.0,0.101148,0.101148,0.101148,0.0,0.0,0.0,False,False,False,0.0,False,False,46.263
56,2.8,0,alert,alert,0.980293,0.980293,0.000191,0.0,0.001168,0.018348,0.043858,0.950077,0.0,0.100124,0.100124,0.100124,0.0,0.0,0.0,False,False,False,0.011373,False,False,37.293
57,2.85,0,alert,alert,0.979068,0.979068,0.000183,0.0,0.001172,0.019577,0.040919,0.951109,0.0,0.099084,0.099084,0.099084,0.0,0.0,0.0,False,False,False,0.011373,False,False,37.029
58,2.9,0,alert,alert,0.972546,0.972546,0.000197,0.0,0.001153,0.026105,0.043505,0.950299,0.0,0.098124,0.098124,0.098124,0.0,0.0,0.0,False,False,False,0.0,False,False,37.298
59,2.95,0,alert,alert,0.972945,0.972945,0.000191,0.0,0.001056,0.025808,0.043209,0.950325,0.0,0.097193,0.097193,0.097193,0.0,0.0,0.0,False,False,False,0.0,False,False,36.968
60,3.0,0,alert,alert,0.973291,0.973291,0.000188,0.0,0.001003,0.025518,0.044537,0.949378,0.0,0.096315,0.096315,0.096315,0.0,0.0,0.0,False,False,False,0.0,False,False,45.901
61,3.05,0,alert,alert,0.975476,0.975476,0.000182,0.0,0.000986,0.023356,0.04954,0.947404,0.0,0.09555,0.09555,0.09555,0.0,0.0,0.0,False,False,False,0.0,False,False,37.151
62,3.1,0,alert,alert,0.976201,0.976201,0.000179,0.0,0.001051,0.022569,0.048464,0.948581,0.0,0.094791,0.094791,0.094791,0.0,0.0,0.0,False,False,False,0.0,False,False,37.239
63,3.15,0,alert,alert,0.976601,0.976601,0.000176,0.0,0.001115,0.022109,0.047458,0.948713,0.0,0.09404,0.09404,0.09404,0.0,0.0,0.0,False,False,False,0.0,False,False,37.075
64,3.2,0,alert,alert,0.975081,0.975081,0.00018,0.0,0.001093,0.023647,0.041877,0.950676,0.0,0.093224,0.093224,0.093224,0.0,0.0,0.0,False,False,False,0.047455,False,False,37.053
65,3.25,0,alert,alert,0.973507,0.973507,0.000194,0.0,0.00105,0.02525,0.043226,0.950312,0.0,0.092454,0.092454,0.092454,0.0,0.0,0.0,False,False,False,0.0,False,False,45.807
66,3.3,0,alert,alert,0.97438,0.97438,0.000211,0.0,0.001139,0.02427,0.214794,0.920529,0.0,0.094252,0.094252,0.094252,0.0,0.0,0.0,False,False,False,0.0,False,False,37.026
67,3.35,0,alert,alert,0.976425,0.976425,0.000229,0.0,0.001265,0.022081,0.154024,0.937211,0.0,0.095133,0.095133,0.095133,0.0,0.0,0.0,False,False,False,0.0,False,False,37.676
68,3.4,0,alert,alert,0.978026,0.978026,0.000225,0.0,0.001585,0.020164,0.09967,0.945918,0.0,0.0952,0.0952,0.0952,0.0,0.0,0.0,False,False,False,0.0,False,False,38.267
69,3.45,0,alert,alert,0.979479,0.979479,0.000223,0.0,0.001778,0.01852,0.065521,0.950031,0.0,0.094769,0.094769,0.094769,0.0,0.0,0.0,False,False,False,0.0,False,False,37.948
70,3.5,0,alert,alert,0.979285,0.979285,0.000227,0.0,0.001923,0.018564,0.046563,0.952515,0.0,0.094078,0.094078,0.094078,0.0,0.0,0.0,False,False,False,0.0,False,False,46.455
71,3.55,0,alert,alert,0.978972,0.978972,0.000238,0.0,0.00176,0.01903,0.048925,0.951425,0.0,0.09344,0.09344,0.09344,0.0,0.0,0.0,False,False,False,0.0,False,False,37.514
72,3.6,0,alert,alert,0.978803,0.978803,0.000242,0.0,0.002401,0.018554,0.207149,0.924235,0.0,0.094979,0.094979,0.094979,0.0,0.0,0.0,False,False,False,0.0,False,False,37.682
73,3.65,0,alert,alert,0.976125,0.976125,0.000238,0.0,0.003914,0.019723,0.420892,0.897767,0.0,0.099208,0.099208,0.099208,0.0,0.0,0.0,False,False,False,0.0,False,False,38.002
74,3.7,0,alert,alert,0.975158,0.975158,0.000223,0.0,0.005466,0.019153,0.393795,0.912101,0.0,0.103041,0.103041,0.103041,0.0,0.0,0.0,False,False,False,0.0,False,False,38.353
75,3.75,0,alert,alert,0.972885,0.972885,0.00022,0.0,0.00747,0.019424,0.277929,0.925057,0.0,0.105319,0.105319,0.105319,0.0,0.0,0.0,False,False,False,0.0,False,False,46.916
76,3.8,0,alert,alert,0.971967,0.971967,0.000209,0.0,0.008486,0.019338,0.130673,0.938706,0.0,0.10565,0.10565,0.10565,0.0,0.0,0.0,False,False,False,0.0,False,False,38.119
77,3.85,0,alert,alert,0.968519,0.968519,0.000207,0.0,0.009584,0.021691,0.066018,0.946664,0.0,0.105135,0.105135,0.105135,0.0,0.0,0.0,False,False,False,0.0,False,False,38.321
78,3.9,0,alert,alert,0.968366,0.968366,0.000195,0.0,0.010084,0.021355,0.046798,0.948577,0.0,0.104386,0.104386,0.104386,0.0,0.0,0.0,False,False,False,0.0,False,False,37.684
79,3.95,0,alert,alert,0.944969,0.944969,0.000256,0.0,0.022509,0.032266,0.398071,0.889495,0.0,0.107881,0.107881,0.107881,0.0,0.0,0.0,False,False,False,0.580874,False,False,37.722
80,4.0,0,alert,alert,0.929016,0.929016,0.000278,0.0,0.029681,0.041025,0.431416,0.900162,0.0,0.111731,0.111731,0.111731,0.0,0.0,0.0,False,False,False,0.45538,False,False,46.11
81,4.05,0,alert,alert,0.930868,0.930868,0.000283,0.0,0.024356,0.044493,0.347257,0.921569,0.0,0.114566,0.114566,0.114566,0.0,0.0,0.0,False,False,False,0.45538,False,False,37.129
82,4.1,0,alert,alert,0.936482,0.936482,0.000287,0.0,0.018701,0.044531,0.205472,0.936671,0.0,0.115665,0.115665,0.115665,0.0,0.0,0.0,False,False,False,0.466662,False,False,37.173
83,4.15,0,alert,alert,0.941111,0.941111,0.000287,0.0,0.014882,0.04372,0.098415,0.946092,0.0,0.115457,0.115457,0.115457,0.0,0.0,0.0,False,False,False,0.466662,False,False,37.202
84,4.2,0,alert,alert,0.949571,0.949571,0.000289,0.0,0.010174,0.039967,0.061576,0.950786,0.0,0.114811,0.114811,0.114811,0.0,0.0,0.0,False,False,False,0.465594,False,False,37.393
85,4.25,0,alert,alert,0.947388,0.947388,0.000308,0.0,0.009482,0.042822,0.046408,0.952267,0.0,0.114001,0.114001,0.114001,0.0,0.0,0.0,False,False,False,0.401544,False,False,46.219
86,4.3,0,alert,alert,0.939833,0.939833,0.000348,0.0,0.009472,0.050348,0.047629,0.950857,0.0,0.113225,0.113225,0.113225,0.0,0.0,0.0,False,False,False,0.329075,False,False,37.274
87,4.35,0,alert,alert,0.940802,0.940802,0.000359,0.0,0.010163,0.048677,0.05036,0.949525,0.0,0.112499,0.112499,0.112499,0.0,0.0,0.0,False,False,False,0.329075,False,False,37.218
88,4.4,0,alert,alert,0.946425,0.946425,0.000379,0.0,0.008009,0.045188,0.116945,0.939829,0.0,0.112549,0.112549,0.112549,0.0,0.0,0.0,False,False,False,0.538731,False,False,37.108
89,4.45,0,alert,alert,0.949219,0.949219,0.000464,0.0,0.007834,0.042483,0.385713,0.903525,0.0,0.115484,0.115484,0.115484,0.0,0.0,0.0,False,False,False,0.539647,False,False,37.167
90,4.5,0,alert,alert,0.951095,0.951095,0.000637,0.0,0.013416,0.034852,0.460898,0.879772,0.0,0.11906,0.11906,0.11906,0.0,0.0,0.0,False,False,False,0.539647,False,False,45.676
91,4.55,0,alert,alert,0.944946,0.944946,0.0008,0.0,0.023831,0.030422,0.359786,0.915368,0.0,0.121626,0.121626,0.121626,0.0,0.0,0.0,False,False,False,0.570775,False,False,37.197
92,4.6,0,alert,alert,0.942055,0.942055,0.000889,0.0,0.031048,0.026008,0.184786,0.938204,0.0,0.122308,0.122308,0.122308,0.0,0.0,0.0,False,False,False,0.573521,False,False,37.318
93,4.65,0,alert,alert,0.937958,0.937958,0.000968,0.0,0.037183,0.02389,0.071455,0.950855,0.0,0.121757,0.121757,0.121757,0.0,0.0,0.0,False,False,False,0.573521,False,False,37.246
94,4.7,0,alert,alert,0.927693,0.927693,0.001008,0.0,0.048332,0.022967,0.047617,0.95386,0.0,0.12096,0.12096,0.12096,0.0,0.0,0.0,False,False,False,0.601903,False,False,36.862
95,4.75,0,alert,alert,0.928454,0.928454,0.001003,0.0,0.049336,0.021206,0.042252,0.953887,0.0,0.120123,0.120123,0.120123,0.0,0.0,0.0,False,False,False,0.0,False,False,45.761
96,4.8,0,alert,alert,0.897852,0.897852,0.0015,0.0,0.074911,0.025737,0.430672,0.88087,0.0,0.123144,0.123144,0.123144,0.0,0.0,0.0,False,False,False,0.0,False,False,37.35
97,4.85,0,alert,alert,0.847038,0.847038,0.002256,0.0,0.119539,0.031167,0.46026,0.884214,0.0,0.126403,0.126403,0.126403,0.0,0.0,0.0,False,False,False,0.599156,False,False,37.116
98,4.9,0,alert,alert,0.863732,0.863732,0.002115,0.0,0.106717,0.027437,0.372207,0.916763,0.0,0.128843,0.128843,0.128843,0.0,0.0,0.0,False,False,False,0.466246,False,False,37.062
99,4.95,0,alert,alert,0.89718,0.89718,0.001623,0.0,0.079727,0.021471,0.22475,0.934674,0.0,0.129803,0.129803,0.129803,0.0,0.0,0.0,False,False,False,0.412613,False,False,36.926
100,5.0,0,alert,alert,0.907532,0.907532,0.001261,0.0,0.07277,0.018438,0.086271,0.947991,0.0,0.129365,0.129365,0.129365,0.0,0.0,0.0,False,False,False,0.0,False,False,45.975
101,5.05,0,alert,alert,0.940348,0.940348,0.000966,0.0,0.042556,0.01613,0.046266,0.953505,0.0,0.128533,0.128533,0.128533,0.0,0.0,0.0,False,False,False,0.0,False,False,37.553
102,5.1,0,alert,alert,0.957071,0.957071,0.000812,0.0,0.025259,0.016858,0.040201,0.954468,0.0,0.127656,0.127656,0.127656,0.0,0.0,0.0,False,False,False,0.0,False,False,37.473
103,5.15,0,alert,alert,0.969182,0.969182,0.000668,0.0,0.01311,0.017041,0.037342,0.954563,0.0,0.126769,0.126769,0.126769,0.0,0.0,0.0,False,False,False,0.0,False,False,37.394
104,5.2,0,alert,alert,0.972061,0.972061,0.00058,0.0,0.009065,0.018293,0.036557,0.953565,0.0,0.125892,0.125892,0.125892,0.0,0.0,0.0,False,False,False,0.0,False,False,36.929
105,5.25,0,alert,alert,0.9746,0.9746,0.00051,0.0,0.007238,0.017653,0.039314,0.952353,0.0,0.125059,0.125059,0.125059,0.0,0.0,0.0,False,False,False,0.055186,False,False,46.673
106,5.3,0,alert,alert,0.971941,0.971941,0.000502,0.0,0.00864,0.018917,0.044921,0.952005,0.0,0.124296,0.124296,0.124296,0.0,0.0,0.0,False,False,False,0.0,False,False,37.835
107,5.35,0,alert,alert,0.972289,0.972289,0.000504,0.0,0.008608,0.0186,0.047596,0.951077,0.0,0.123573,0.123573,0.123573,0.0,0.0,0.0,False,False,False,0.0,False,False,37.958
108,5.4,0,alert,alert,0.975079,0.975079,0.000501,0.0,0.007766,0.016654,0.0461,0.951837,0.0,0.122849,0.122849,0.122849,0.0,0.0,0.0,False,False,False,0.0,False,False,37.852
109,5.45,0,alert,alert,0.974671,0.974671,0.000563,0.0,0.00752,0.017247,0.043568,0.95242,0.0,0.122115,0.122115,0.122115,0.0,0.0,0.0,False,False,False,0.0,False,False,37.672
110,5.5,0,alert,alert,0.975052,0.975052,0.000602,0.0,0.006473,0.017873,0.057295,0.949524,0.0,0.121522,0.121522,0.121522,0.0,0.0,0.0,False,False,False,0.0,False,False,45.722
111,5.55,0,alert,alert,0.971525,0.971525,0.000899,0.0,0.006782,0.020793,0.426448,0.885605,0.0,0.124102,0.124102,0.124102,0.0,0.0,0.0,False,False,False,0.0,False,False,37.181
112,5.6,0,alert,alert,0.972873,0.972873,0.001169,0.0,0.008804,0.017154,0.441212,0.890039,0.0,0.126776,0.126776,0.126776,0.0,0.0,0.0,False,False,False,0.0,False,False,36.896
113,5.65,0,alert,alert,0.970586,0.970586,0.001604,0.0,0.011915,0.015895,0.393615,0.910877,0.0,0.129059,0.129059,0.129059,0.0,0.0,0.0,False,False,False,0.0,False,False,37.127
114,5.7,0,alert,alert,0.971596,0.971596,0.001759,0.0,0.012906,0.013739,0.22483,0.933446,0.0,0.129891,0.129891,0.129891,0.0,0.0,0.0,False,False,False,0.0,False,False,37.131
115,5.75,0,alert,alert,0.9737,0.9737,0.001667,0.0,0.013281,0.011351,0.106097,0.946339,0.0,0.129683,0.129683,0.129683,0.0,0.0,0.0,False,False,False,0.0,False,False,46.086
116,5.8,0,alert,alert,0.975594,0.975594,0.001526,0.0,0.012778,0.010101,0.053325,0.952735,0.0,0.129018,0.129018,0.129018,0.0,0.0,0.0,False,False,False,0.0,False,False,37.725
117,5.85,0,alert,alert,0.977119,0.977119,0.001403,0.0,0.01205,0.009428,0.041195,0.954462,0.0,0.128257,0.128257,0.128257,0.0,0.0,0.0,False,False,False,0.0,False,False,37.384
118,5.9,0,alert,alert,0.973683,0.973683,0.001879,0.0,0.014613,0.009825,0.199796,0.92954,0.0,0.128856,0.128856,0.128856,0.0,0.0,0.0,False,False,False,0.0,False,False,37.046
119,5.95,0,alert,alert,0.965181,0.965181,0.003151,0.0,0.021562,0.010106,0.455568,0.878478,0.0,0.131417,0.131417,0.131417,0.0,0.0,0.0,False,False,False,0.0,False,False,37.285
120,6.0,0,alert,alert,0.956593,0.956593,0.004038,0.0,0.029659,0.009711,0.398681,0.909534,0.0,0.133569,0.133569,0.133569,0.0,0.0,0.0,False,False,False,0.0,False,False,45.762
121,6.05,0,alert,alert,0.956666,0.956666,0.003867,0.0,0.030132,0.009336,0.240287,0.932609,0.0,0.134442,0.134442,0.134442,0.0,0.0,0.0,False,False,False,0.0,False,False,37.122
122,6.1,0,alert,alert,0.955884,0.955884,0.003473,0.0,0.032151,0.008492,0.111911,0.945515,0.0,0.134257,0.134257,0.134257,0.0,0.0,0.0,False,False,False,0.0,False,False,37.455
123,6.15,0,alert,alert,0.958081,0.958081,0.002983,0.0,0.031004,0.007932,0.055558,0.952768,0.0,0.133609,0.133609,0.133609,0.0,0.0,0.0,False,False,False,0.0,False,False,37.433
124,6.2,0,alert,alert,0.958967,0.958967,0.002703,0.0,0.030496,0.007835,0.045934,0.954355,0.0,0.132893,0.132893,0.132893,0.0,0.0,0.0,False,False,False,0.0,False,False,37.063
125,6.25,0,alert,alert,0.960413,0.960413,0.002456,0.0,0.029417,0.007714,0.040421,0.954457,0.0,0.132143,0.132143,0.132143,0.0,0.0,0.0,False,False,False,0.0,False,False,45.809
126,6.3,0,alert,alert,0.964083,0.964083,0.002163,0.0,0.026089,0.007666,0.042066,0.953577,0.0,0.131419,0.131419,0.131419,0.0,0.0,0.0,False,False,False,0.0,False,False,37.473
127,6.35,0,alert,alert,0.965587,0.965587,0.002005,0.0,0.024806,0.007601,0.04293,0.952739,0.0,0.130714,0.130714,0.130714,0.0,0.0,0.0,False,False,False,0.0,False,False,37.281
128,6.4,0,alert,alert,0.968897,0.968897,0.001847,0.0,0.021858,0.007398,0.04137,0.952915,0.0,0.130008,0.130008,0.130008,0.0,0.0,0.0,False,False,False,0.0,False,False,36.993
129,6.45,0,alert,alert,0.970275,0.970275,0.001773,0.0,0.020465,0.007487,0.041356,0.952545,0.0,0.129313,0.129313,0.129313,0.0,0.0,0.0,False,False,False,0.0,False,False,37.205
130,6.5,0,alert,alert,0.971717,0.971717,0.001693,0.0,0.018998,0.007592,0.041265,0.952539,0.0,0.128628,0.128628,0.128628,0.0,0.0,0.0,False,False,False,0.0,False,False,45.664
131,6.55,0,alert,alert,0.971571,0.971571,0.001729,0.0,0.0183,0.008401,0.041577,0.952797,0.0,0.127956,0.127956,0.127956,0.0,0.0,0.0,False,False,False,0.0,False,False,37.643
132,6.6,0,alert,alert,0.97192,0.97192,0.001728,0.0,0.017811,0.00854,0.043262,0.952389,0.0,0.127308,0.127308,0.127308,0.0,0.0,0.0,False,False,False,0.0,False,False,37.564
133,6.65,0,alert,alert,0.970493,0.970493,0.001711,0.0,0.018569,0.009227,0.040802,0.952589,0.0,0.12665,0.12665,0.12665,0.0,0.0,0.0,False,False,False,0.0,False,False,37.386
134,6.7,0,alert,alert,0.965693,0.965693,0.001601,0.0,0.022501,0.010205,0.038812,0.952864,0.0,0.125988,0.125988,0.125988,0.0,0.0,0.0,False,False,False,0.0,False,False,37.261
135,6.75,0,alert,alert,0.963465,0.963465,0.001438,0.0,0.023766,0.011331,0.039533,0.952833,0.0,0.12534,0.12534,0.12534,0.0,0.0,0.0,False,False,False,0.0,False,False,45.761
136,6.8,0,alert,alert,0.962984,0.962984,0.001281,0.0,0.023916,0.011819,0.045549,0.950676,0.0,0.124748,0.124748,0.124748,0.0,0.0,0.0,False,False,False,0.0,False,False,37.109
137,6.85,0,alert,alert,0.962192,0.962192,0.001188,0.0,0.024038,0.012582,0.045655,0.950993,0.0,0.124166,0.124166,0.124166,0.0,0.0,0.0,False,False,False,0.0,False,False,37.165
138,6.9,0,alert,alert,0.966054,0.966054,0.001043,0.0,0.020009,0.012894,0.040722,0.952314,0.0,0.123555,0.123555,0.123555,0.0,0.0,0.0,False,False,False,0.0,False,False,37.276
139,6.95,0,alert,alert,0.968115,0.968115,0.000928,0.0,0.0178,0.013157,0.03983,0.95283,0.0,0.122946,0.122946,0.122946,0.0,0.0,0.0,False,False,False,0.0,False,False,37.102
140,7.0,0,alert,alert,0.974025,0.974025,0.000784,0.0,0.013469,0.011722,0.038729,0.952796,0.0,0.122338,0.122338,0.122338,0.0,0.0,0.0,False,False,False,0.117637,False,False,45.915
141,7.05,0,alert,alert,0.9758,0.9758,0.000704,0.0,0.011598,0.011898,0.037806,0.952618,0.0,0.121733,0.121733,0.121733,0.0,0.0,0.0,False,False,False,0.095207,False,False,37.351
142,7.1,0,alert,alert,0.977242,0.977242,0.000645,0.0,0.010489,0.011624,0.037897,0.953109,0.0,0.121136,0.121136,0.121136,0.0,0.0,0.0,False,False,False,0.095207,False,False,37.074
143,7.15,0,alert,alert,0.979252,0.979252,0.000619,0.0,0.008614,0.011515,0.037841,0.953242,0.0,0.120547,0.120547,0.120547,0.0,0.0,0.0,False,False,False,0.10247,False,False,37.037
144,7.2,0,alert,alert,0.980011,0.980011,0.000606,0.0,0.007371,0.012012,0.03777,0.953017,0.0,0.119966,0.119966,0.119966,0.0,0.0,0.0,False,False,False,0.10247,False,False,37.18
145,7.25,0,alert,alert,0.981226,0.981226,0.000576,0.0,0.005814,0.012384,0.039238,0.952616,0.0,0.119404,0.119404,0.119404,0.0,0.0,0.0,False,False,False,0.041712,False,False,45.799
146,7.3,0,alert,alert,0.982855,0.982855,0.000528,0.0,0.00448,0.012137,0.038639,0.952482,0.0,0.118845,0.118845,0.118845,0.0,0.0,0.0,False,False,False,0.0,False,False,37.336
147,7.35,0,alert,alert,0.983938,0.983938,0.000463,0.0,0.003519,0.012081,0.037317,0.952781,0.0,0.118285,0.118285,0.118285,0.0,0.0,0.0,False,False,False,0.0,False,False,37.211
148,7.4,0,alert,alert,0.983993,0.983993,0.000417,0.0,0.00321,0.01238,0.038439,0.952749,0.0,0.11774,0.11774,0.11774,0.0,0.0,0.0,False,False,False,0.051147,False,False,37.127
149,7.45,0,alert,alert,0.984438,0.984438,0.000377,0.0,0.003209,0.011976,0.039134,0.952547,0.0,0.117208,0.117208,0.117208,0.0,0.0,0.0,False,False,False,0.051147,False,False,37.652
150,7.5,0,alert,alert,0.984271,0.984271,0.000349,0.0,0.003176,0.012204,0.040061,0.952167,0.0,0.116689,0.116689,0.116689,0.0,0.0,0.0,False,False,False,0.0,False,False,46.64
151,7.55,0,alert,alert,0.984876,0.984876,0.000335,0.0,0.00282,0.01197,0.038865,0.952443,0.0,0.116168,0.116168,0.116168,0.0,0.0,0.0,False,False,False,0.0,False,False,37.212
152,7.6,0,alert,alert,0.985106,0.985106,0.00033,0.0,0.002448,0.012116,0.037524,0.952671,0.0,0.115646,0.115646,0.115646,0.0,0.0,0.0,False,False,False,0.0,False,False,37.275
153,7.65,0,alert,alert,0.984447,0.984447,0.00033,0.0,0.002307,0.012916,0.037524,0.952768,0.0,0.11513,0.11513,0.11513,0.0,0.0,0.0,False,False,False,0.0,False,False,37.644
154,7.7,0,alert,alert,0.98442,0.98442,0.00032,0.0,0.002217,0.013044,0.038226,0.952754,0.0,0.114626,0.114626,0.114626,0.0,0.0,0.0,False,False,False,0.0,False,False,37.744
155,7.75,0,alert,alert,0.9843,0.9843,0.000321,0.0,0.002139,0.01324,0.038398,0.953015,0.0,0.11413,0.11413,0.11413,0.0,0.0,0.0,False,False,False,0.0,False,False,46.103
156,7.8,0,alert,alert,0.984407,0.984407,0.000322,0.0,0.002152,0.013119,0.040419,0.95221,0.0,0.113653,0.113653,0.113653,0.0,0.0,0.0,False,False,False,0.0,False,False,37.416
157,7.85,0,alert,alert,0.983829,0.983829,0.00033,0.0,0.002066,0.013775,0.03935,0.952768,0.0,0.113175,0.113175,0.113175,0.0,0.0,0.0,False,False,False,0.0,False,False,37.413
158,7.9,0,alert,alert,0.98403,0.98403,0.000315,0.0,0.001947,0.013708,0.044534,0.950752,0.0,0.112738,0.112738,0.112738,0.0,0.0,0.0,False,False,False,0.0,False,False,37.176
159,7.95,0,alert,alert,0.984849,0.984849,0.000315,0.0,0.002026,0.01281,0.047737,0.951053,0.0,0.112326,0.112326,0.112326,0.0,0.0,0.0,False,False,False,0.0,False,False,37.229
160,8.0,0,alert,alert,0.985203,0.985203,0.000323,0.0,0.002033,0.012442,0.046737,0.951144,0.0,0.111913,0.111913,0.111913,0.0,0.0,0.0,False,False,False,0.0,False,False,46.424
161,8.05,0,alert,alert,0.984172,0.984172,0.000349,0.0,0.001974,0.013505,0.044332,0.951368,0.0,0.11149,0.11149,0.11149,0.0,0.0,0.0,False,False,False,0.0,False,False,37.644
162,8.1,0,alert,alert,0.983568,0.983568,0.000358,0.0,0.00198,0.014094,0.041607,0.952288,0.0,0.111055,0.111055,0.111055,0.0,0.0,0.0,False,False,False,0.0,False,False,37.744
163,8.15,0,alert,alert,0.983698,0.983698,0.00035,0.0,0.001888,0.014065,0.039626,0.952173,0.0,0.110613,0.110613,0.110613,0.0,0.0,0.0,False,False,False,0.0,False,False,37.686
164,8.2,0,alert,alert,0.982736,0.982736,0.000361,0.0,0.001962,0.014941,0.039843,0.951916,0.0,0.110178,0.110178,0.110178,0.0,0.0,0.0,False,False,False,0.0,False,False,37.463
165,8.25,0,alert,alert,0.982577,0.982577,0.000352,0.0,0.001958,0.015113,0.039792,0.952708,0.0,0.109747,0.109747,0.109747,0.0,0.0,0.0,False,False,False,0.0,False,False,45.956
166,8.3,0,alert,alert,0.982353,0.982353,0.000339,0.0,0.001839,0.015469,0.039439,0.952126,0.0,0.10932,0.10932,0.10932,0.0,0.0,0.0,False,False,False,0.0,False,False,37.234
167,8.35,0,alert,alert,0.98273,0.98273,0.000324,0.0,0.00185,0.015096,0.041159,0.951929,0.0,0.108909,0.108909,0.108909,0.0,0.0,0.0,False,False,False,0.0,False,False,37.103
168,8.4,0,alert,alert,0.981634,0.981634,0.000327,0.0,0.001828,0.016212,0.040429,0.951969,0.0,0.108498,0.108498,0.108498,0.0,0.0,0.0,False,False,False,0.0,False,False,37.287
169,8.45,0,alert,alert,0.978659,0.978659,0.000356,0.0,0.001702,0.019282,0.040045,0.951602,0.0,0.10809,0.10809,0.10809,0.0,0.0,0.0,False,False,False,0.772767,False,False,37.099
170,8.5,0,alert,alert,0.978214,0.978214,0.000365,0.0,0.001698,0.019723,0.044198,0.951145,0.0,0.107711,0.107711,0.107711,0.0,0.0,0.0,False,False,False,0.79554,False,False,45.993
171,8.55,0,alert,alert,0.974331,0.974331,0.000405,0.0,0.001622,0.023642,0.040444,0.951602,0.0,0.107315,0.107315,0.107315,0.0,0.0,0.0,False,False,False,0.779694,False,False,37.288
172,8.6,0,alert,alert,0.975425,0.975425,0.000387,0.0,0.001526,0.022661,0.040308,0.952018,0.0,0.106922,0.106922,0.106922,0.0,0.0,0.0,False,False,False,0.0,False,False,37.466
173,8.65,0,alert,alert,0.975934,0.975934,0.000369,0.0,0.001482,0.022215,0.038222,0.952876,0.0,0.106522,0.106522,0.106522,0.0,0.0,0.0,False,False,False,0.0,False,False,37.097
174,8.7,0,alert,alert,0.977675,0.977675,0.000341,0.0,0.001412,0.020572,0.040568,0.951745,0.0,0.10614,0.10614,0.10614,0.0,0.0,0.0,False,False,False,0.0,False,False,37.487
175,8.75,0,alert,alert,0.979126,0.979126,0.000325,0.0,0.001434,0.019116,0.040164,0.952905,0.0,0.10576,0.10576,0.10576,0.0,0.0,0.0,False,False,False,0.0,False,False,45.922
176,8.8,0,alert,alert,0.979329,0.979329,0.000322,0.0,0.001461,0.018888,0.049863,0.949856,0.0,0.10544,0.10544,0.10544,0.0,0.0,0.0,False,False,False,0.0,False,False,37.14
177,8.85,0,alert,alert,0.980019,0.980019,0.000363,0.0,0.001503,0.018115,0.36415,0.903936,0.0,0.106839,0.106839,0.106839,0.0,0.0,0.0,False,False,False,0.0,False,False,37.023
178,8.9,0,alert,alert,0.981349,0.981349,0.000452,0.0,0.001699,0.0165,0.465796,0.879166,0.0,0.108717,0.108717,0.108717,0.0,0.0,0.0,False,False,False,0.0,False,False,37.134
179,8.95,0,alert,alert,0.983095,0.983095,0.000528,0.0,0.002005,0.014372,0.443741,0.901402,0.0,0.110504,0.110504,0.110504,0.0,0.0,0.0,False,False,False,0.0,False,False,37.205
180,9.0,0,alert,alert,0.983845,0.983845,0.000568,0.0,0.002227,0.01336,0.335921,0.925261,0.0,0.111732,0.111732,0.111732,0.0,0.0,0.0,False,False,False,0.652868,False,False,46.031
181,9.05,0,alert,alert,0.984454,0.984454,0.000569,0.0,0.002337,0.012639,0.17468,0.940515,0.0,0.112079,0.112079,0.112079,0.0,0.0,0.0,False,False,False,0.662913,False,False,38.307
182,9.1,0,alert,alert,0.985297,0.985297,0.000524,0.0,0.002552,0.011627,0.081445,0.94849,0.0,0.11191,0.11191,0.11191,0.0,0.0,0.0,False,False,False,0.662913,False,False,37.185
183,9.15,0,alert,alert,0.985756,0.985756,0.00049,0.0,0.002691,0.011062,0.047885,0.953579,0.0,0.111556,0.111556,0.111556,0.0,0.0,0.0,False,False,False,0.0,False,False,36.975
184,9.2,0,alert,alert,0.985181,0.985181,0.000479,0.0,0.003433,0.010908,0.042456,0.954522,0.0,0.111176,0.111176,0.111176,0.0,0.0,0.0,False,False,False,0.0,False,False,37.046
185,9.25,0,alert,alert,0.98381,0.98381,0.000458,0.0,0.004662,0.01107,0.042057,0.953742,0.0,0.110799,0.110799,0.110799,0.0,0.0,0.0,False,False,False,0.0,False,False,45.846
186,9.3,0,alert,alert,0.982273,0.982273,0.000493,0.0,0.005372,0.011862,0.039161,0.953982,0.0,0.11041,0.11041,0.11041,0.0,0.0,0.0,False,False,False,0.0,False,False,37.839
187,9.35,0,alert,alert,0.981584,0.981584,0.000505,0.0,0.005802,0.012109,0.038601,0.953531,0.0,0.110022,0.110022,0.110022,0.0,0.0,0.0,False,False,False,0.0,False,False,38.142
188,9.4,0,alert,alert,0.980696,0.980696,0.000549,0.0,0.006599,0.012156,0.040006,0.953326,0.0,0.109646,0.109646,0.109646,0.0,0.0,0.0,False,False,False,0.0,False,False,37.948
189,9.45,0,alert,alert,0.979505,0.979505,0.000606,0.0,0.007471,0.012418,0.039765,0.953105,0.0,0.109272,0.109272,0.109272,0.0,0.0,0.0,False,False,False,0.0,False,False,37.762
190,9.5,0,alert,alert,0.980281,0.980281,0.000619,0.0,0.007028,0.012072,0.041328,0.952588,0.0,0.108912,0.108912,0.108912,0.0,0.0,0.0,False,False,False,0.0,False,False,46.437
191,9.55,0,alert,alert,0.979747,0.979747,0.000669,0.0,0.007551,0.012034,0.040064,0.952519,0.0,0.108548,0.108548,0.108548,0.0,0.0,0.0,False,False,False,0.0,False,False,37.84
192,9.6,0,alert,alert,0.980395,0.980395,0.000672,0.0,0.007469,0.011463,0.041125,0.952401,0.0,0.108194,0.108194,0.108194,0.0,0.0,0.0,False,False,False,0.0,False,False,38.317
193,9.65,0,alert,alert,0.981793,0.981793,0.00066,0.0,0.006974,0.010572,0.042524,0.951816,0.0,0.107851,0.107851,0.107851,0.0,0.0,0.0,False,False,False,0.0,False,False,38.216
194,9.7,0,alert,alert,0.982626,0.982626,0.000663,0.0,0.006404,0.010307,0.044017,0.951383,0.0,0.107519,0.107519,0.107519,0.0,0.0,0.0,False,False,False,0.0,False,False,38.256
195,9.75,0,alert,alert,0.983302,0.983302,0.000652,0.0,0.006215,0.009831,0.043017,0.951205,0.0,0.107186,0.107186,0.107186,0.0,0.0,0.0,False,False,False,0.0,False,False,46.021
196,9.8,0,alert,alert,0.982196,0.982196,0.000717,0.0,0.006752,0.010335,0.042368,0.951668,0.0,0.106853,0.106853,0.106853,0.0,0.0,0.0,False,False,False,0.0,False,False,37.09
197,9.85,0,alert,alert,0.980961,0.980961,0.000769,0.0,0.007508,0.010762,0.039794,0.95251,0.0,0.10651,0.10651,0.10651,0.0,0.0,0.0,False,False,False,0.0,False,False,37.706
198,9.9,0,alert,alert,0.976002,0.976002,0.001146,0.0,0.009999,0.012853,0.318124,0.912669,0.0,0.107543,0.107543,0.107543,0.0,0.0,0.0,False,False,False,0.0,False,False,37.825
199,9.95,0,alert,alert,0.955967,0.955967,0.003595,0.0,0.018305,0.022133,0.500394,0.838563,0.0,0.109297,0.109297,0.109297,0.0,0.0,0.0,True,False,False,0.0,False,False,37.355
200,10.0,0,alert,alert,0.926589,0.926589,0.008315,0.0,0.039613,0.025483,0.473895,0.878486,0.0,0.110426,0.110994,0.110994,0.0,0.0,0.0,True,False,False,0.0,False,False,45.627
201,10.05,0,alert,alert,0.875857,0.875857,0.013936,0.0,0.084132,0.026075,0.399979,0.908479,0.0,0.11183,0.112379,0.112379,0.0,0.0,0.0,True,False,False,0.0,False,False,37.167
202,10.1,0,alert,alert,0.83511,0.83511,0.014905,0.0,0.125705,0.02428,0.225275,0.93113,0.0,0.112389,0.112931,0.112931,0.0,0.0,0.0,True,False,False,0.0,False,False,37.256
203,10.15,0,alert,alert,0.844575,0.844575,0.012766,0.0,0.120124,0.022535,0.090949,0.94604,0.0,0.109175,0.112822,0.112822,0.0,0.0,0.0,True,False,False,0.0,False,False,37.443
204,10.2,0,alert,alert,0.84792,0.84792,0.009482,0.0,0.12441,0.018188,0.049284,0.952081,0.0,0.108874,0.112508,0.112508,0.0,0.0,0.0,True,False,False,0.0,False,False,37.32
205,10.25,0,alert,alert,0.820903,0.820903,0.007015,0.0,0.154577,0.017504,0.040284,0.954434,0.0,0.104939,0.112151,0.112151,0.0,0.0,0.0,True,False,False,0.0,False,False,45.87
206,10.3,0,alert,alert,0.78935,0.78935,0.005156,0.0,0.188398,0.017096,0.037679,0.953684,0.0,0.102976,0.111786,0.111786,0.0,0.0,0.0,True,False,False,0.0,False,False,37.16
207,10.35,0,alert,alert,0.809452,0.809452,0.003944,0.0,0.169956,0.016648,0.041052,0.952955,0.0,0.102664,0.11144,0.11144,0.0,0.0,0.0,True,False,False,0.28186,False,False,37.022
208,10.4,0,alert,alert,0.840499,0.840499,0.003104,0.0,0.141655,0.014742,0.041973,0.952348,0.0,0.100755,0.111103,0.111103,0.0,0.0,0.0,True,False,False,0.139954,False,False,37.535
209,10.45,0,alert,alert,0.881801,0.881801,0.002504,0.0,0.102474,0.013221,0.04398,0.951457,0.0,0.10047,0.11078,0.11078,0.0,0.0,0.0,True,False,False,0.0,False,False,37.133
210,10.5,0,alert,alert,0.914919,0.914919,0.002063,0.0,0.071586,0.011431,0.045915,0.950939,0.0,0.100346,0.110468,0.110468,0.0,0.0,0.0,True,False,False,0.0,False,False,46.144
211,10.55,0,alert,alert,0.931322,0.931322,0.001902,0.0,0.05612,0.010656,0.043083,0.951722,0.0,0.100236,0.110146,0.110146,0.0,0.0,0.0,True,False,False,0.0,False,False,37.404
212,10.6,0,alert,alert,0.941341,0.941341,0.001883,0.0,0.046659,0.010116,0.042377,0.952312,0.0,0.099945,0.109824,0.109824,0.0,0.0,0.0,True,False,False,0.0,False,False,37.172
213,10.65,0,alert,alert,0.944611,0.944611,0.001954,0.0,0.043653,0.009782,0.043256,0.952172,0.0,0.100185,0.109508,0.109508,0.0,0.0,0.0,True,False,False,0.0,False,False,37.14
214,10.7,0,alert,alert,0.944682,0.944682,0.002021,0.0,0.043747,0.00955,0.043785,0.952034,0.0,0.099902,0.109198,0.109198,0.0,0.0,0.0,True,False,False,0.0,False,False,37.051
215,10.75,0,alert,alert,0.911714,0.911714,0.003173,0.0,0.07336,0.011753,0.372012,0.898516,0.0,0.10165,0.110362,0.110362,0.0,0.0,0.0,True,False,False,0.015858,False,False,45.723
216,10.8,0,alert,alert,0.837481,0.837481,0.006269,0.0,0.140962,0.015287,0.493532,0.845782,0.0,0.103622,0.111953,0.111953,0.0,0.0,0.0,True,False,False,0.015858,False,False,37.217
217,10.85,0,alert,alert,0.709517,0.709517,0.008107,0.0,0.267269,0.015107,0.429561,0.896196,0.0,0.105165,0.113345,0.113345,0.0,0.0,0.0,True,False,False,0.015858,False,False,37.058
218,10.9,0,alert,alert,0.683472,0.683472,0.008595,0.0,0.293122,0.014811,0.295058,0.921976,0.0,0.106649,0.11416,0.11416,0.0,0.0,0.0,True,False,False,0.0,False,False,37.153
219,10.95,0,alert,alert,0.649378,0.649378,0.00808,0.0,0.329154,0.013388,0.142243,0.940626,0.0,0.106826,0.114288,0.114288,0.0,0.0,0.0,True,False,False,0.0,False,False,37.133
220,11.0,0,alert,alert,0.550644,0.550644,0.006962,0.0,0.430492,0.011902,0.071897,0.949569,0.0,0.107202,0.114094,0.114094,0.0,0.0,0.0,True,False,False,0.0,False,False,46.196
221,11.05,0,alert,alert,0.525954,0.525954,0.005612,0.0,0.45706,0.011374,0.044572,0.953459,0.0,0.107076,0.113776,0.113776,0.0,0.0,0.0,True,False,False,0.0,False,False,37.669
222,11.1,0,alert,alert,0.527421,0.527421,0.004697,0.0,0.455632,0.01225,0.038629,0.954031,0.0,0.106731,0.113433,0.113433,0.0,0.0,0.0,True,False,False,0.0,False,False,37.297
223,11.15,0,alert,alert,0.599261,0.599261,0.004315,0.0,0.383748,0.012676,0.045817,0.951178,0.0,0.106974,0.113127,0.113127,0.0,0.0,0.0,True,False,False,0.0,False,False,37.195
224,11.2,0,alert,alert,0.694306,0.694306,0.004236,0.0,0.287783,0.013675,0.046542,0.951179,0.0,0.10667,0.112827,0.112827,0.0,0.0,0.0,True,False,False,0.0,False,False,37.143
225,11.25,0,alert,alert,0.734991,0.734991,0.004228,0.0,0.246555,0.014226,0.044512,0.951204,0.0,0.106961,0.112521,0.112521,0.0,0.0,0.0,True,False,False,0.0,False,False,45.823
226,11.3,0,alert,alert,0.73062,0.73062,0.00433,0.0,0.251178,0.013872,0.048762,0.950211,0.0,0.106968,0.112237,0.112237,0.0,0.0,0.0,True,False,False,0.0,False,False,37.272
227,11.35,0,alert,alert,0.782747,0.782747,0.004315,0.0,0.197128,0.01581,0.046238,0.950794,0.0,0.106663,0.111944,0.111944,0.0,0.0,0.0,True,False,False,0.0,False,False,37.072
228,11.4,0,alert,alert,0.829801,0.829801,0.004012,0.0,0.150969,0.015218,0.046079,0.950854,0.0,0.106929,0.111652,0.111652,0.0,0.0,0.0,True,False,False,0.0,False,False,37.214
229,11.45,0,alert,alert,0.887206,0.887206,0.00351,0.0,0.095602,0.013683,0.045997,0.950926,0.0,0.106623,0.111363,0.111363,0.0,0.0,0.0,True,False,False,0.0,False,False,37.241
230,11.5,0,alert,alert,0.920109,0.920109,0.003166,0.0,0.063789,0.012935,0.045241,0.951313,0.0,0.106907,0.111073,0.111073,0.0,0.0,0.0,True,False,False,0.0,False,False,45.966
231,11.55,0,alert,alert,0.936689,0.936689,0.002816,0.0,0.048687,0.011808,0.043583,0.952144,0.0,0.106832,0.110778,0.110778,0.0,0.0,0.0,True,False,False,0.0,False,False,37.056
232,11.6,0,alert,alert,0.94943,0.94943,0.002485,0.0,0.037552,0.010532,0.045009,0.952027,0.0,0.106521,0.110492,0.110492,0.0,0.0,0.0,True,False,False,0.0,False,False,37.38
233,11.65,0,alert,alert,0.955958,0.955958,0.002341,0.0,0.031799,0.009902,0.041373,0.952623,0.0,0.106589,0.110193,0.110193,0.0,0.0,0.0,True,False,False,0.0,False,False,37.685
234,11.7,0,alert,alert,0.958569,0.958569,0.002304,0.0,0.029843,0.009284,0.041909,0.952205,0.0,0.106264,0.109898,0.109898,0.0,0.0,0.0,True,False,False,0.0,False,False,37.912
235,11.75,0,alert,alert,0.951473,0.951473,0.002447,0.0,0.036881,0.0092,0.041901,0.952948,0.0,0.106277,0.109606,0.109606,0.0,0.0,0.0,True,False,False,0.0,False,False,46.619
236,11.8,0,alert,alert,0.931186,0.931186,0.002899,0.0,0.055336,0.010579,0.04823,0.951421,0.0,0.106061,0.109343,0.109343,0.0,0.0,0.0,True,False,False,0.0,False,False,37.626
237,11.85,0,alert,alert,0.92258,0.92258,0.002958,0.0,0.063911,0.01055,0.048357,0.951094,0.0,0.105771,0.109084,0.109084,0.0,0.0,0.0,True,False,False,0.0,False,False,38.392
238,11.9,0,alert,alert,0.911913,0.911913,0.002977,0.0,0.074143,0.010968,0.042328,0.952545,0.0,0.105903,0.108801,0.108801,0.0,0.0,0.0,True,False,False,0.0,False,False,37.939
239,11.95,0,alert,alert,0.838345,0.838345,0.003529,0.0,0.146419,0.011708,0.046998,0.951307,0.0,0.105607,0.10854,0.10854,0.0,0.0,0.0,True,False,False,0.0,False,False,38.536
240,12.0,0,alert,alert,0.789014,0.789014,0.003872,0.0,0.195084,0.012029,0.050557,0.950394,0.0,0.105867,0.108297,0.108297,0.0,0.0,0.0,True,False,False,0.0,False,False,46.242
241,12.05,0,alert,alert,0.819075,0.819075,0.003791,0.0,0.164493,0.012641,0.045862,0.950908,0.0,0.105854,0.108036,0.108036,0.0,0.0,0.0,True,False,False,0.0,False,False,37.123
242,12.1,0,alert,alert,0.829977,0.829977,0.003756,0.0,0.153412,0.012855,0.043018,0.951784,0.0,0.105539,0.107765,0.107765,0.0,0.0,0.0,True,False,False,0.0,False,False,37.392
243,12.15,0,alert,alert,0.839366,0.839366,0.003462,0.0,0.144105,0.013067,0.048084,0.950409,0.0,0.105756,0.107517,0.107517,0.0,0.0,0.0,True,False,False,0.0,False,False,36.926
244,12.2,0,alert,alert,0.850219,0.850219,0.002879,0.0,0.134439,0.012464,0.044641,0.951539,0.0,0.105449,0.107257,0.107257,0.0,0.0,0.0,True,False,False,0.0,False,False,37.374
245,12.25,0,alert,alert,0.836717,0.836717,0.002706,0.0,0.147693,0.012884,0.043606,0.9519,0.0,0.105637,0.106995,0.106995,0.0,0.0,0.0,True,False,False,0.0,False,False,45.782
246,12.3,0,alert,alert,0.803102,0.803102,0.0026,0.0,0.180551,0.013746,0.046316,0.950801,0.0,0.105569,0.106747,0.106747,0.0,0.0,0.0,True,False,False,0.0,False,False,37.328
247,12.35,0,alert,alert,0.797846,0.797846,0.002441,0.0,0.184803,0.01491,0.041449,0.951899,0.0,0.105247,0.10648,0.10648,0.0,0.0,0.0,True,False,False,0.0,False,False,37.292
248,12.4,0,alert,alert,0.768602,0.768602,0.002268,0.0,0.213235,0.015895,0.041153,0.952135,0.0,0.105465,0.106215,0.106215,0.0,0.0,0.0,True,False,False,0.0,False,False,37.302
249,12.45,0,alert,alert,0.61471,0.61471,0.002262,0.0,0.366138,0.016889,0.048404,0.950432,0.0,0.105179,0.105981,0.105981,0.0,0.0,0.0,True,False,False,0.0,False,False,37.469
250,12.5,3,yawning,yawning,0.541613,0.44202,0.001978,0.0,0.541613,0.014388,0.047468,0.950658,0.0,0.105465,0.105745,0.105745,0.0,0.0,0.0,True,False,False,0.0,False,False,46.039
251,12.55,3,yawning,yawning,0.556642,0.42771,0.001818,0.0,0.556642,0.01383,0.045686,0.950994,0.0,0.105463,0.105504,0.105504,0.0,0.0,0.0,True,False,False,0.0,False,False,37.337
252,12.6,0,alert,alert,0.612153,0.612153,0.001923,0.0,0.369305,0.01662,0.041602,0.951999,0.0,0.105142,0.105248,0.105248,0.0,0.0,0.0,True,False,False,0.0,False,False,37.31
253,12.65,0,alert,alert,0.810289,0.810289,0.001739,0.0,0.170543,0.01743,0.03902,0.952575,0.0,0.105416,0.104984,0.104984,0.0,0.0,0.0,True,False,False,0.0,False,False,38.233
254,12.7,0,alert,alert,0.886467,0.886467,0.001468,0.0,0.096114,0.015951,0.038343,0.952741,0.0,0.105079,0.104719,0.104719,0.0,0.0,0.0,True,False,False,0.0,False,False,38.129
255,12.75,0,alert,alert,0.926645,0.926645,0.001237,0.0,0.056712,0.015406,0.038253,0.952731,0.0,0.105372,0.104456,0.104456,0.0,0.0,0.0,True,False,False,0.0,False,False,46.649
256,12.8,0,alert,alert,0.950521,0.950521,0.001053,0.0,0.033006,0.015421,0.039508,0.952474,0.0,0.105349,0.1042,0.1042,0.0,0.0,0.0,True,False,False,0.0,False,False,37.669
257,12.85,0,alert,alert,0.962615,0.962615,0.00093,0.0,0.022221,0.014234,0.040638,0.952117,0.0,0.105024,0.103951,0.103951,0.0,0.0,0.0,True,False,False,0.0,False,False,37.79
258,12.9,0,alert,alert,0.968084,0.968084,0.000875,0.0,0.017986,0.013055,0.044506,0.951819,0.0,0.105352,0.103718,0.103718,0.0,0.0,0.0,True,False,False,0.0,False,False,37.917
259,12.95,0,alert,alert,0.96884,0.96884,0.000869,0.0,0.018693,0.011599,0.048844,0.950527,0.0,0.105069,0.103505,0.103505,0.0,0.0,0.0,True,False,False,0.0,False,False,38.031
260,13.0,0,alert,alert,0.962595,0.962595,0.000983,0.0,0.024857,0.011565,0.046351,0.95119,0.0,0.105389,0.103284,0.103284,0.0,0.0,0.0,True,False,False,0.0,False,False,46.259
261,13.05,0,alert,alert,0.949747,0.949747,0.001163,0.0,0.036511,0.012579,0.042384,0.951833,0.0,0.105352,0.103048,0.103048,0.0,0.0,0.0,True,False,False,0.0,False,False,38.142
262,13.1,0,alert,alert,0.923006,0.923006,0.001342,0.0,0.062362,0.013289,0.043991,0.951405,0.0,0.105044,0.102821,0.102821,0.0,0.0,0.0,True,False,False,0.0,False,False,38.399
263,13.15,0,alert,alert,0.901145,0.901145,0.001427,0.0,0.083909,0.013519,0.044994,0.951251,0.0,0.105315,0.1026,0.1026,0.0,0.0,0.0,True,False,False,0.0,False,False,38.034
264,13.2,0,alert,alert,0.90155,0.90155,0.001445,0.0,0.082021,0.014984,0.043019,0.951735,0.0,0.105002,0.102372,0.102372,0.0,0.0,0.0,True,False,False,0.0,False,False,37.245
265,13.25,0,alert,alert,0.91481,0.91481,0.001371,0.0,0.066162,0.017657,0.042474,0.951665,0.0,0.105316,0.102144,0.102144,0.0,0.0,0.0,True,False,False,0.029849,False,False,45.69
266,13.3,0,alert,alert,0.932623,0.932623,0.00128,0.0,0.046469,0.019628,0.040608,0.952564,0.0,0.104455,0.101911,0.101911,0.0,0.0,0.0,True,False,False,0.0,False,False,37.403
267,13.35,0,alert,alert,0.942189,0.942189,0.001195,0.0,0.034981,0.021635,0.040731,0.952541,0.0,0.104135,0.10168,0.10168,0.0,0.0,0.0,True,False,False,0.0,False,False,37.329
268,13.4,0,alert,alert,0.956226,0.956226,0.001092,0.0,0.023456,0.019226,0.041211,0.952369,0.0,0.103591,0.101452,0.101452,0.0,0.0,0.0,True,False,False,0.0,False,False,37.324
269,13.45,0,alert,alert,0.965318,0.965318,0.001067,0.0,0.017596,0.016019,0.047098,0.951429,0.0,0.103308,0.101249,0.101249,0.0,0.0,0.0,True,False,False,0.0,False,False,37.14
270,13.5,0,alert,alert,0.967533,0.967533,0.001173,0.0,0.017328,0.013967,0.050104,0.950027,0.0,0.103517,0.101058,0.101058,0.0,0.0,0.0,True,False,False,0.0,False,False,45.933
271,13.55,0,alert,alert,0.968994,0.968994,0.001209,0.0,0.016925,0.012873,0.048029,0.950171,0.0,0.103512,0.100861,0.100861,0.0,0.0,0.0,True,False,False,0.0,False,False,37.359
272,13.6,0,alert,alert,0.967441,0.967441,0.001214,0.0,0.019714,0.011631,0.052361,0.949341,0.0,0.103256,0.100682,0.100682,0.0,0.0,0.0,True,False,False,0.0,False,False,37.77
273,13.65,0,alert,alert,0.965717,0.965717,0.001214,0.0,0.021799,0.011271,0.058981,0.948273,0.0,0.101013,0.100529,0.100529,0.0,0.0,0.0,True,False,False,0.0,False,False,37.497
274,13.7,0,alert,alert,0.967591,0.967591,0.001194,0.0,0.019645,0.01157,0.048514,0.950651,0.0,0.10075,0.100338,0.100338,0.0,0.0,0.0,True,False,False,0.0,False,False,37.771
275,13.75,0,alert,alert,0.967967,0.967967,0.001219,0.0,0.018668,0.012146,0.04395,0.952,0.0,0.098179,0.100131,0.100131,0.0,0.0,0.0,True,False,False,0.0,False,False,45.98
276,13.8,0,alert,alert,0.966717,0.966717,0.001231,0.0,0.019451,0.012602,0.050897,0.949555,0.0,0.097779,0.099952,0.099952,0.0,0.0,0.0,True,False,False,0.0,False,False,37.483
277,13.85,0,alert,alert,0.967335,0.967335,0.001188,0.0,0.018556,0.012922,0.050279,0.950057,0.0,0.097541,0.099771,0.099771,0.0,0.0,0.0,True,False,False,0.0,False,False,37.179
278,13.9,0,alert,alert,0.967322,0.967322,0.001184,0.0,0.018241,0.013252,0.04708,0.951354,0.0,0.0977,0.09958,0.09958,0.0,0.0,0.0,True,False,False,0.0,False,False,37.824
279,13.95,0,alert,alert,0.967253,0.967253,0.001146,0.0,0.018725,0.012875,0.046031,0.951411,0.0,0.097441,0.099387,0.099387,0.0,0.0,0.0,True,False,False,0.0,False,False,37.351
280,14.0,0,alert,alert,0.969389,0.969389,0.001135,0.0,0.017136,0.01234,0.044452,0.951786,0.0,0.094166,0.099189,0.099189,0.0,0.0,0.0,True,False,False,0.0,False,False,46.072
281,14.05,0,alert,alert,0.971095,0.971095,0.00113,0.0,0.015379,0.012396,0.046939,0.951225,0.0,0.092693,0.099002,0.099002,0.0,0.0,0.0,True,False,False,0.0,False,False,37.276
282,14.1,0,alert,alert,0.973422,0.973422,0.001017,0.0,0.014069,0.011492,0.045573,0.951412,0.0,0.091897,0.098811,0.098811,0.0,0.0,0.0,True,False,False,0.0,False,False,37.338
283,14.15,0,alert,alert,0.976529,0.976529,0.000913,0.0,0.011637,0.010921,0.045427,0.951482,0.0,0.09163,0.098621,0.098621,0.0,0.0,0.0,True,False,False,0.0,False,False,37.372
284,14.2,0,alert,alert,0.977315,0.977315,0.000892,0.0,0.011168,0.010624,0.044936,0.951566,0.0,0.091396,0.098431,0.098431,0.0,0.0,0.0,True,False,False,0.0,False,False,37.512
285,14.25,0,alert,alert,0.974981,0.974981,0.000938,0.0,0.012991,0.011091,0.045103,0.951544,0.0,0.09154,0.098243,0.098243,0.0,0.0,0.0,True,False,False,0.0,False,False,46.079
286,14.3,0,alert,alert,0.969189,0.969189,0.001054,0.0,0.01686,0.012897,0.042297,0.952276,0.0,0.091512,0.098045,0.098045,0.0,0.0,0.0,True,False,False,0.0,False,False,37.649
287,14.35,0,alert,alert,0.961975,0.961975,0.001168,0.0,0.022493,0.014364,0.040699,0.952522,0.0,0.091463,0.097844,0.097844,0.0,0.0,0.0,True,False,False,0.0,False,False,37.377
288,14.4,0,alert,alert,0.964545,0.964545,0.001151,0.0,0.019949,0.014356,0.043427,0.951862,0.0,0.091094,0.097654,0.097654,0.0,0.0,0.0,True,False,False,0.0,False,False,37.928
289,14.45,0,alert,alert,0.970691,0.970691,0.001051,0.0,0.014876,0.013382,0.043403,0.951215,0.0,0.090855,0.097465,0.097465,0.0,0.0,0.0,True,False,False,0.0,False,False,37.364
290,14.5,0,alert,alert,0.973801,0.973801,0.001041,0.0,0.012066,0.013092,0.042671,0.951771,0.0,0.087481,0.097274,0.097274,0.0,0.0,0.0,True,False,False,0.0,False,False,46.431
291,14.55,0,alert,alert,0.976812,0.976812,0.001004,0.0,0.009914,0.012271,0.041506,0.952203,0.0,0.085931,0.097081,0.097081,0.0,0.0,0.0,True,False,False,0.0,False,False,37.739
292,14.6,0,alert,alert,0.978958,0.978958,0.000989,0.0,0.008808,0.011246,0.041593,0.95217,0.0,0.085218,0.09689,0.09689,0.0,0.0,0.0,True,False,False,0.0,False,False,37.351
293,14.65,0,alert,alert,0.979726,0.979726,0.001032,0.0,0.008182,0.01106,0.04082,0.952507,0.0,0.085063,0.096697,0.096697,0.0,0.0,0.0,True,False,False,0.0,False,False,37.472
294,14.7,0,alert,alert,0.980875,0.980875,0.001035,0.0,0.007754,0.010336,0.041638,0.952379,0.0,0.084846,0.096508,0.096508,0.0,0.0,0.0,True,False,False,0.0,False,False,37.245
295,14.75,0,alert,alert,0.980516,0.980516,0.001144,0.0,0.008126,0.010214,0.04387,0.951571,0.0,0.085042,0.096328,0.096328,0.0,0.0,0.0,True,False,False,0.0,False,False,45.985
296,14.8,0,alert,alert,0.980215,0.980215,0.001257,0.0,0.008638,0.00989,0.046591,0.95109,0.0,0.083239,0.096159,0.096159,0.0,0.0,0.0,True,False,False,0.0,False,False,37.379
297,14.85,0,alert,alert,0.979549,0.979549,0.001334,0.0,0.009705,0.009412,0.04276,0.95181,0.0,0.081274,0.095978,0.095978,0.0,0.0,0.0,True,False,False,0.0,False,False,37.335
298,14.9,0,alert,alert,0.978271,0.978271,0.001483,0.0,0.010834,0.009412,0.044671,0.951559,0.0,0.07968,0.095805,0.095805,0.0,0.0,0.0,True,False,False,0.0,False,False,37.274
299,14.95,0,alert,alert,0.976252,0.976252,0.001708,0.0,0.012607,0.009433,0.049502,0.950872,0.0,0.07953,0.095649,0.095649,0.0,0.0,0.0,True,False,False,0.0,False,False,37.172
300,15.0,0,alert,alert,0.919275,0.919275,0.002608,0.0,0.066069,0.012048,0.047936,0.951472,0.0,0.07862,0.095489,0.095489,0.0,0.0,0.0,True,False,False,0.0,False,False,45.804
301,15.05,3,yawning,yawning,0.543889,0.439721,0.003381,0.0,0.543889,0.013008,0.236354,0.927639,0.0,0.079556,0.095948,0.095948,0.0,0.0,0.0,True,False,False,0.0,False,False,37.125
302,15.1,3,yawning,yawning,0.914892,0.078214,0.001679,0.0,0.914892,0.005215,0.491609,0.848045,0.0,0.081602,0.097124,0.097124,0.0,0.0,0.0,True,False,False,0.128083,False,False,37.722
303,15.15,3,yawning,yawning,0.976918,0.019993,0.000886,0.0,0.976918,0.002203,0.543895,0.814799,0.0,0.083819,0.098397,0.098397,0.0,0.0,0.0,True,False,False,0.128083,False,False,38.055
304,15.2,3,yawning,yawning,0.989736,0.008567,0.000571,0.0,0.989736,0.001126,0.501655,0.86671,0.0,0.085726,0.099614,0.099614,0.0,0.0,0.0,True,False,False,0.000958,False,False,38.319
305,15.25,3,yawning,yawning,0.994059,0.004824,0.000422,0.0,0.994059,0.000695,0.44256,0.899639,0.0,0.087908,0.100686,0.100686,0.0,0.0,0.0,True,False,False,0.0,False,False,46.046
306,15.3,3,yawning,yawning,0.995747,0.003394,0.000349,0.0,0.995747,0.000511,0.297209,0.92391,0.0,0.089149,0.101315,0.101315,0.0,0.0,0.0,True,False,False,0.0,False,False,38.292
307,15.35,3,yawning,yawning,0.996548,0.002722,0.000308,0.0,0.996548,0.000422,0.128804,0.942295,0.0,0.089556,0.101404,0.101404,0.0,0.0,0.0,True,False,False,0.0,False,False,37.864
308,15.4,3,yawning,yawning,0.99717,0.002186,0.000279,0.0,0.99717,0.000366,0.455482,0.867447,0.0,0.091457,0.102461,0.102461,0.0,0.0,0.0,True,False,False,0.100086,False,False,38.286
309,15.45,3,yawning,yawning,0.997548,0.001844,0.000266,0.0,0.997548,0.000342,0.53345,0.824378,0.0,0.093379,0.10368,0.10368,0.0,0.0,0.0,True,False,False,0.184613,False,False,37.966
310,15.5,3,yawning,yawning,0.997859,0.001571,0.000251,0.0,0.997859,0.000319,0.582314,0.816732,0.0,0.095931,0.105018,0.105018,0.0,0.0,0.0,True,False,False,0.172446,False,False,45.803
311,15.55,3,yawning,yawning,0.998109,0.001376,0.00023,0.0,0.998109,0.000285,0.565233,0.832468,0.0,0.096451,0.106325,0.106325,0.0,0.0,0.0,True,False,False,0.0,False,False,37.145
312,15.6,3,yawning,yawning,0.998229,0.00129,0.000218,0.0,0.998229,0.000262,0.508638,0.870594,0.0,0.096727,0.107516,0.107516,0.0,0.0,0.0,True,False,False,0.022633,False,False,37.129
313,15.65,3,yawning,yawning,0.998278,0.00126,0.000213,0.0,0.998278,0.000249,0.451765,0.899599,0.0,0.096987,0.108567,0.108567,0.0,0.0,0.0,True,False,False,0.018897,False,False,37.373
314,15.7,3,yawning,yawning,0.998311,0.001246,0.000208,0.0,0.998311,0.000236,0.338691,0.920649,0.0,0.098162,0.109283,0.109283,0.0,0.0,0.0,True,False,False,0.0,False,False,37.537
315,15.75,3,yawning,yawning,0.998324,0.001247,0.000203,0.0,0.998324,0.000226,0.18204,0.938793,0.0,0.097912,0.109513,0.109513,0.0,0.0,0.0,True,False,False,0.0,False,False,45.995
316,15.8,3,yawning,yawning,0.998355,0.001209,0.000203,0.0,0.998355,0.000233,0.465746,0.864372,0.0,0.099827,0.110548,0.110548,0.0,0.0,0.0,True,False,False,0.0,False,False,37.219
317,15.85,3,yawning,yawning,0.998342,0.001201,0.00021,0.0,0.998342,0.000246,0.550945,0.810781,0.0,0.102068,0.111744,0.111744,0.0,0.0,0.0,True,False,False,0.0,False,False,37.206
318,15.9,3,yawning,yawning,0.998384,0.001164,0.000208,0.0,0.998384,0.000243,0.550853,0.816694,0.0,0.103534,0.112943,0.112943,0.0,0.0,0.0,True,False,False,0.0,False,False,37.186
319,15.95,3,yawning,yawning,0.998381,0.001173,0.000206,0.0,0.998381,0.000239,0.506244,0.854704,0.0,0.105356,0.114063,0.114063,0.0,0.0,0.0,True,False,False,0.0,False,False,37.513
320,16.0,3,yawning,yawning,0.998375,0.001189,0.000204,0.0,0.998375,0.000233,0.439639,0.893728,0.0,0.10389,0.11503,0.11503,0.0,0.0,0.0,True,False,False,0.0,False,False,46.064
321,16.05,3,yawning,yawning,0.998369,0.001202,0.000202,0.0,0.998369,0.000228,0.318065,0.915949,0.0,0.104257,0.115646,0.115646,0.0,0.0,0.0,True,False,False,0.0,False,False,37.38
322,16.1,3,yawning,yawning,0.998354,0.001221,0.0002,0.0,0.998354,0.000225,0.178064,0.932133,0.0,0.104584,0.115838,0.115838,0.0,0.0,0.0,True,False,False,0.0,False,False,37.366
323,16.15,3,yawning,yawning,0.998348,0.001233,0.000198,0.0,0.998348,0.000221,0.099668,0.941604,0.0,0.10456,0.115788,0.115788,0.0,0.0,0.0,True,False,False,0.045022,False,False,37.389
324,16.2,3,yawning,yawning,0.99833,0.001256,0.000196,0.0,0.99833,0.000218,0.060182,0.949206,0.0,0.104584,0.115615,0.115615,0.0,0.0,0.0,True,False,False,0.045022,False,False,37.261
325,16.25,3,yawning,yawning,0.998309,0.001282,0.000193,0.0,0.998309,0.000216,0.046931,0.952075,0.0,0.104916,0.115401,0.115401,0.0,0.0,0.0,True,False,False,0.0,False,False,45.859
326,16.3,3,yawning,yawning,0.998289,0.001302,0.000192,0.0,0.998289,0.000217,0.045806,0.952021,0.0,0.104935,0.115185,0.115185,0.0,0.0,0.0,True,False,False,0.0,False,False,37.452
327,16.35,3,yawning,yawning,0.998281,0.001314,0.00019,0.0,0.998281,0.000215,0.043294,0.952534,0.0,0.104937,0.114962,0.114962,0.0,0.0,0.0,True,False,False,0.0,False,False,37.221
328,16.4,3,yawning,yawning,0.998268,0.001326,0.000189,0.0,0.998268,0.000217,0.04776,0.951068,0.0,0.104649,0.114755,0.114755,0.0,0.0,0.0,True,False,False,0.0,False,False,36.956
329,16.45,3,yawning,yawning,0.998243,0.001346,0.000191,0.0,0.998243,0.000221,0.048645,0.950975,0.0,0.104686,0.114552,0.114552,0.0,0.0,0.0,True,False,False,0.0,False,False,37.112
330,16.5,3,yawning,yawning,0.998244,0.001351,0.000187,0.0,0.998244,0.000218,0.048988,0.950576,0.0,0.105047,0.114351,0.114351,0.0,0.0,0.0,True,False,False,0.0,False,False,46.535
331,16.55,3,yawning,yawning,0.998255,0.001345,0.000185,0.0,0.998255,0.000215,0.049473,0.950452,0.0,0.105088,0.114153,0.114153,0.0,0.0,0.0,True,False,False,0.0,False,False,37.652
332,16.6,3,yawning,yawning,0.998251,0.001349,0.000185,0.0,0.998251,0.000215,0.046907,0.951442,0.0,0.105107,0.113948,0.113948,0.0,0.0,0.0,True,False,False,0.0,False,False,37.959
333,16.65,3,yawning,yawning,0.99826,0.001344,0.000183,0.0,0.99826,0.000213,0.045575,0.951531,0.0,0.104807,0.11374,0.11374,0.0,0.0,0.0,True,False,False,0.0,False,False,37.618
334,16.7,3,yawning,yawning,0.998246,0.001353,0.000185,0.0,0.998246,0.000216,0.0441,0.952186,0.0,0.104823,0.113529,0.113529,0.0,0.0,0.0,True,False,False,0.0,False,False,37.393
335,16.75,3,yawning,yawning,0.99823,0.001369,0.000185,0.0,0.99823,0.000216,0.044414,0.951832,0.0,0.105183,0.113321,0.113321,0.0,0.0,0.0,True,False,False,0.0,False,False,45.761
336,16.8,3,yawning,yawning,0.998214,0.001384,0.000185,0.0,0.998214,0.000217,0.045516,0.951417,0.0,0.105183,0.113117,0.113117,0.0,0.0,0.0,True,False,False,0.0,False,False,37.279
337,16.85,3,yawning,yawning,0.998221,0.001378,0.000184,0.0,0.998221,0.000218,0.047276,0.950941,0.0,0.105191,0.112919,0.112919,0.0,0.0,0.0,True,False,False,0.0,False,False,37.576
338,16.9,3,yawning,yawning,0.998234,0.001367,0.000183,0.0,0.998234,0.000217,0.048889,0.950201,0.0,0.104908,0.112728,0.112728,0.0,0.0,0.0,True,False,False,0.0,False,False,37.635
339,16.95,3,yawning,yawning,0.998219,0.001382,0.000183,0.0,0.998219,0.000216,0.047702,0.950327,0.0,0.104944,0.112534,0.112534,0.0,0.0,0.0,True,False,False,0.0,False,False,36.961
340,17.0,3,yawning,yawning,0.998179,0.00142,0.000185,0.0,0.998179,0.000216,0.045306,0.950213,0.0,0.105308,0.112334,0.112334,0.0,0.0,0.0,True,False,False,0.0,False,False,45.853
341,17.05,3,yawning,yawning,0.998151,0.00145,0.000184,0.0,0.998151,0.000215,0.043084,0.950773,0.0,0.105335,0.112129,0.112129,0.0,0.0,0.0,True,False,False,0.0,False,False,37.372
342,17.1,3,yawning,yawning,0.998135,0.001472,0.000182,0.0,0.998135,0.000211,0.044343,0.950417,0.0,0.105369,0.111929,0.111929,0.0,0.0,0.0,True,False,False,0.0,False,False,37.182
343,17.15,3,yawning,yawning,0.99812,0.001486,0.000182,0.0,0.99812,0.000212,0.044414,0.950983,0.0,0.105062,0.11173,0.11173,0.0,0.0,0.0,True,False,False,0.0,False,False,37.193
344,17.2,3,yawning,yawning,0.998076,0.001525,0.000184,0.0,0.998076,0.000216,0.04613,0.95077,0.0,0.105105,0.111537,0.111537,0.0,0.0,0.0,True,False,False,0.0,False,False,37.205
345,17.25,3,yawning,yawning,0.997971,0.001621,0.000187,0.0,0.997971,0.000222,0.04429,0.949268,0.0,0.105473,0.111341,0.111341,0.0,0.0,0.0,True,False,False,0.0,False,False,46.033
346,17.3,3,yawning,yawning,0.997825,0.001752,0.000191,0.0,0.997825,0.000231,0.044716,0.949169,0.0,0.105505,0.111147,0.111147,0.0,0.0,0.0,True,False,False,0.0,False,False,37.175
347,17.35,3,yawning,yawning,0.997746,0.001831,0.00019,0.0,0.997746,0.000233,0.046404,0.948186,0.0,0.105552,0.110959,0.110959,0.0,0.0,0.0,True,False,False,0.0,False,False,37.257
348,17.4,3,yawning,yawning,0.997765,0.001815,0.000187,0.0,0.997765,0.000233,0.047622,0.948027,0.0,0.105261,0.110775,0.110775,0.0,0.0,0.0,True,False,False,0.0,False,False,37.187
349,17.45,3,yawning,yawning,0.99782,0.001764,0.000184,0.0,0.99782,0.000232,0.05084,0.948269,0.0,0.105325,0.110602,0.110602,0.0,0.0,0.0,True,False,False,0.0,False,False,37.135
350,17.5,3,yawning,yawning,0.997903,0.001691,0.00018,0.0,0.997903,0.000226,0.058379,0.947643,0.0,0.105755,0.110452,0.110452,0.0,0.0,0.0,True,False,False,0.0,False,False,46.202
351,17.55,3,yawning,yawning,0.997882,0.001712,0.000182,0.0,0.997882,0.000224,0.064546,0.946873,0.0,0.105886,0.11032,0.11032,0.0,0.0,0.0,True,False,False,0.0,False,False,37.036
352,17.6,3,yawning,yawning,0.997879,0.001712,0.000183,0.0,0.997879,0.000225,0.05236,0.949022,0.0,0.105962,0.110154,0.110154,0.0,0.0,0.0,True,False,False,0.0,False,False,37.369
353,17.65,3,yawning,yawning,0.997948,0.001657,0.000179,0.0,0.997948,0.000217,0.052431,0.949001,0.0,0.105693,0.10999,0.10999,0.0,0.0,0.0,True,False,False,0.0,False,False,37.335
354,17.7,3,yawning,yawning,0.997914,0.001686,0.000181,0.0,0.997914,0.000219,0.047457,0.949885,0.0,0.105744,0.109811,0.109811,0.0,0.0,0.0,True,False,False,0.0,False,False,37.239
355,17.75,3,yawning,yawning,0.997935,0.001668,0.00018,0.0,0.997935,0.000218,0.048183,0.95037,0.0,0.106137,0.109636,0.109636,0.0,0.0,0.0,True,False,False,0.0,False,False,46.762
356,17.8,3,yawning,yawning,0.997902,0.001698,0.000181,0.0,0.997902,0.000219,0.047814,0.95092,0.0,0.106175,0.109461,0.109461,0.0,0.0,0.0,True,False,False,0.0,False,False,37.59
357,17.85,3,yawning,yawning,0.997882,0.00172,0.00018,0.0,0.997882,0.000218,0.045826,0.950972,0.0,0.106208,0.109281,0.109281,0.0,0.0,0.0,True,False,False,0.0,False,False,37.745
358,17.9,3,yawning,yawning,0.997845,0.001757,0.00018,0.0,0.997845,0.000219,0.046006,0.95124,0.0,0.105905,0.109102,0.109102,0.0,0.0,0.0,True,False,False,0.0,False,False,37.558
359,17.95,3,yawning,yawning,0.997844,0.00176,0.000179,0.0,0.997844,0.000217,0.047083,0.95094,0.0,0.105918,0.108927,0.108927,0.0,0.0,0.0,True,False,False,0.0,False,False,37.996
360,18.0,3,yawning,yawning,0.997906,0.001705,0.000176,0.0,0.997906,0.000213,0.05236,0.949431,0.0,0.106241,0.108769,0.108769,0.0,0.0,0.0,True,False,False,0.0,False,False,46.427
361,18.05,3,yawning,yawning,0.997989,0.00162,0.000175,0.0,0.997989,0.000216,0.334352,0.90542,0.0,0.107655,0.10937,0.10937,0.0,0.0,0.0,True,False,False,0.0,False,False,37.911
362,18.1,3,yawning,yawning,0.998167,0.001443,0.000173,0.0,0.998167,0.000216,0.501039,0.827503,0.0,0.109724,0.110321,0.110321,0.0,0.0,0.0,True,False,False,0.0,False,False,37.71
363,18.15,3,yawning,yawning,0.998245,0.001367,0.000175,0.0,0.998245,0.000213,0.501507,0.842502,0.0,0.111475,0.111287,0.111287,0.0,0.0,0.0,True,False,False,0.0,False,False,37.318
364,18.2,3,yawning,yawning,0.998292,0.00132,0.000178,0.0,0.998292,0.00021,0.488592,0.874244,0.0,0.113961,0.11225,0.11225,0.0,0.0,0.0,True,False,False,0.0,False,False,37.345
365,18.25,3,yawning,yawning,0.998307,0.001309,0.00018,0.0,0.998307,0.000205,0.433645,0.90009,0.0,0.115873,0.113093,0.113093,0.0,0.0,0.0,True,False,False,0.0,False,False,45.793
366,18.3,3,yawning,yawning,0.998293,0.001323,0.000181,0.0,0.998293,0.000203,0.336718,0.916763,0.0,0.117342,0.113688,0.113688,0.0,0.0,0.0,True,False,False,0.191681,False,False,37.749
367,18.35,3,yawning,yawning,0.998263,0.001354,0.000182,0.0,0.998263,0.000201,0.190243,0.933928,0.0,0.118092,0.113896,0.113896,0.0,0.0,0.0,True,False,False,0.116608,False,False,37.768
368,18.4,3,yawning,yawning,0.998212,0.001405,0.000182,0.0,0.998212,0.000202,0.087124,0.946075,0.0,0.117937,0.113822,0.113822,0.0,0.0,0.0,True,False,False,0.096466,False,False,37.443
369,18.45,3,yawning,yawning,0.998194,0.001423,0.000181,0.0,0.998194,0.000202,0.051349,0.952597,0.0,0.118387,0.113651,0.113651,0.0,0.0,0.0,True,False,False,0.029175,False,False,37.278
370,18.5,3,yawning,yawning,0.998168,0.001448,0.000181,0.0,0.998168,0.000203,0.046691,0.952589,0.0,0.118399,0.113468,0.113468,0.0,0.0,0.0,True,False,False,0.0,False,False,45.633
371,18.55,3,yawning,yawning,0.998205,0.001388,0.000187,0.0,0.998205,0.00022,0.441933,0.859057,0.0,0.120279,0.114276,0.114276,0.0,0.0,0.0,True,False,False,0.0,False,False,37.228
372,18.6,3,yawning,yawning,0.998222,0.001349,0.000194,0.0,0.998222,0.000235,0.525454,0.817885,0.0,0.122456,0.115238,0.115238,0.0,0.0,0.0,True,False,False,0.0,False,False,37.237
373,18.65,3,yawning,yawning,0.998255,0.001308,0.000199,0.0,0.998255,0.000238,0.542704,0.821796,0.0,0.124293,0.116241,0.116241,0.0,0.0,0.0,True,False,False,0.0,False,False,37.319
374,18.7,3,yawning,yawning,0.998293,0.001285,0.000195,0.0,0.998293,0.000227,0.506976,0.86055,0.0,0.12692,0.117198,0.117198,0.0,0.0,0.0,True,False,False,0.0,False,False,37.36
375,18.75,3,yawning,yawning,0.998299,0.001296,0.000191,0.0,0.998299,0.000215,0.447042,0.896297,0.0,0.128897,0.118037,0.118037,0.0,0.0,0.0,True,False,False,0.0,False,False,45.911
376,18.8,3,yawning,yawning,0.998268,0.001331,0.00019,0.0,0.998268,0.000211,0.317955,0.918894,0.0,0.130229,0.118557,0.118557,0.0,0.0,0.0,True,False,False,0.0,False,False,37.272
377,18.85,3,yawning,yawning,0.998231,0.001372,0.000189,0.0,0.998231,0.000208,0.146113,0.936744,0.0,0.129177,0.11863,0.11863,0.0,0.0,0.0,True,False,False,0.0,False,False,37.102
378,18.9,3,yawning,yawning,0.998173,0.00143,0.000188,0.0,0.998173,0.000209,0.060661,0.94893,0.0,0.128831,0.118475,0.118475,0.0,0.0,0.0,True,False,False,0.0,False,False,37.192
379,18.95,3,yawning,yawning,0.998108,0.001494,0.000187,0.0,0.998108,0.00021,0.042183,0.952831,0.0,0.125288,0.118271,0.118271,0.0,0.0,0.0,True,False,False,0.0,False,False,37.076
380,19.0,3,yawning,yawning,0.998026,0.001571,0.000188,0.0,0.998026,0.000215,0.038467,0.953551,0.0,0.123803,0.118058,0.118058,0.0,0.0,0.0,True,False,False,0.0,False,False,46.138
381,19.05,3,yawning,yawning,0.997942,0.001645,0.00019,0.0,0.997942,0.000223,0.037154,0.953469,0.0,0.123106,0.117842,0.117842,0.0,0.0,0.0,True,False,False,0.0,False,False,37.18
382,19.1,3,yawning,yawning,0.997869,0.001714,0.00019,0.0,0.997869,0.000227,0.038759,0.953002,0.0,0.122887,0.117632,0.117632,0.0,0.0,0.0,True,False,False,0.0,False,False,37.155
383,19.15,3,yawning,yawning,0.998012,0.001571,0.000185,0.0,0.998012,0.000232,0.428722,0.873031,0.0,0.124308,0.118387,0.118387,0.0,0.0,0.0,True,False,False,0.0,False,False,37.127
384,19.2,3,yawning,yawning,0.998132,0.001431,0.000189,0.0,0.998132,0.000248,0.521145,0.814243,0.0,0.126845,0.119297,0.119297,0.0,0.0,0.0,True,False,False,0.0,False,False,37.124
385,19.25,3,yawning,yawning,0.998278,0.001293,0.000187,0.0,0.998278,0.000243,0.55499,0.801283,0.0,0.129116,0.120263,0.120263,0.0,0.0,0.0,True,False,False,0.0,False,False,45.936
386,19.3,3,yawning,yawning,0.998304,0.001279,0.000189,0.0,0.998304,0.000229,0.500966,0.865104,0.0,0.1313,0.121172,0.121172,0.0,0.0,0.0,True,False,False,0.131485,False,False,37.237
387,19.35,3,yawning,yawning,0.998286,0.001307,0.000189,0.0,0.998286,0.000218,0.43519,0.900053,0.0,0.13324,0.121951,0.121951,0.0,0.0,0.0,True,False,False,0.078842,False,False,37.233
388,19.4,3,yawning,yawning,0.998186,0.0014,0.000194,0.0,0.998186,0.00022,0.288226,0.924491,0.0,0.134004,0.122373,0.122373,0.0,0.0,0.0,True,False,False,0.007431,False,False,37.356
389,19.45,3,yawning,yawning,0.998096,0.001485,0.000197,0.0,0.998096,0.000223,0.117512,0.94376,0.0,0.134883,0.122361,0.122361,0.0,0.0,0.0,True,False,False,0.007431,False,False,37.262
390,19.5,3,yawning,yawning,0.997988,0.001585,0.000198,0.0,0.997988,0.000229,0.049878,0.9536,0.0,0.134926,0.122172,0.122172,0.0,0.0,0.0,True,False,False,0.001022,False,False,45.908
391,19.55,3,yawning,yawning,0.997876,0.00169,0.000198,0.0,0.997876,0.000236,0.04109,0.955908,0.0,0.134929,0.12196,0.12196,0.0,0.0,0.0,True,False,False,0.001022,False,False,37.408
392,19.6,3,yawning,yawning,0.997794,0.001769,0.000197,0.0,0.997794,0.00024,0.037651,0.955526,0.0,0.13491,0.121741,0.121741,0.0,0.0,0.0,True,False,False,0.0,False,False,37.223
393,19.65,3,yawning,yawning,0.997722,0.001835,0.000197,0.0,0.997722,0.000246,0.037508,0.954536,0.0,0.134414,0.121523,0.121523,0.0,0.0,0.0,True,False,False,0.0,False,False,37.065
394,19.7,3,yawning,yawning,0.99781,0.001746,0.000192,0.0,0.99781,0.000252,0.434605,0.865897,0.0,0.136739,0.122257,0.122257,0.0,0.0,0.0,True,False,False,0.0,False,False,37.452
395,19.75,3,yawning,yawning,0.997968,0.001582,0.000191,0.0,0.997968,0.000259,0.519049,0.812478,0.0,0.138885,0.123127,0.123127,0.0,0.0,0.0,True,False,False,0.0,False,False,46.174
396,19.8,3,yawning,yawning,0.998025,0.001534,0.000192,0.0,0.998025,0.000248,0.464566,0.884174,0.0,0.140924,0.12394,0.12394,0.0,0.0,0.0,True,False,False,0.0,False,False,37.278
397,19.85,3,yawning,yawning,0.998059,0.001512,0.000191,0.0,0.998059,0.000238,0.351227,0.916365,0.0,0.142476,0.124499,0.124499,0.0,0.0,0.0,True,False,False,0.0,False,False,37.257
398,19.9,3,yawning,yawning,0.99809,0.001482,0.00019,0.0,0.99809,0.000238,0.176861,0.936947,0.0,0.142649,0.124631,0.124631,0.0,0.0,0.0,True,False,False,0.0,False,False,37.508
399,19.95,3,yawning,yawning,0.998035,0.001533,0.000192,0.0,0.998035,0.000241,0.071711,0.949967,0.0,0.139817,0.124497,0.124497,0.0,0.0,0.0,True,False,False,0.0,False,False,37.369
400,20.0,3,yawning,yawning,0.997953,0.001602,0.000197,0.0,0.997953,0.000248,0.045072,0.955099,0.0,0.137758,0.124294,0.124294,0.0,0.0,0.0,True,False,False,0.0,False,False,46.066
401,20.05,3,yawning,yawning,0.997889,0.001657,0.000201,0.0,0.997889,0.000253,0.039855,0.955573,0.0,0.135978,0.12408,0.12408,0.0,0.0,0.0,True,False,False,0.0,False,False,37.538
402,20.1,3,yawning,yawning,0.997909,0.001637,0.0002,0.0,0.997909,0.000254,0.037204,0.954674,0.0,0.135027,0.12386,0.12386,0.0,0.0,0.0,True,False,False,0.0,False,False,37.116
403,20.15,3,yawning,yawning,0.997904,0.001639,0.0002,0.0,0.997904,0.000256,0.037006,0.953593,0.0,0.134528,0.123641,0.123641,0.0,0.0,0.0,True,False,False,0.0,False,False,37.372
404,20.2,3,yawning,yawning,0.997517,0.001972,0.000219,0.0,0.997517,0.000292,0.037967,0.953378,0.0,0.134691,0.123425,0.123425,0.0,0.0,0.0,True,False,False,0.0,False,False,37.216
405,20.25,3,yawning,yawning,0.996735,0.002652,0.000253,0.0,0.996735,0.00036,0.041983,0.95225,0.0,0.1347,0.123221,0.123221,0.0,0.0,0.0,True,False,False,0.014069,False,False,46.122
406,20.3,3,yawning,yawning,0.996965,0.002451,0.000238,0.0,0.996965,0.000346,0.044046,0.951724,0.0,0.134734,0.123023,0.123023,0.0,0.0,0.0,True,False,False,0.0,False,False,37.528
407,20.35,3,yawning,yawning,0.997448,0.002013,0.000222,0.0,0.997448,0.000317,0.215392,0.929289,0.0,0.135615,0.123248,0.123248,0.0,0.0,0.0,True,False,False,0.0,False,False,37.289
408,20.4,3,yawning,yawning,0.997703,0.001739,0.000229,0.0,0.997703,0.000329,0.487584,0.850733,0.0,0.137213,0.124058,0.124058,0.0,0.0,0.0,True,False,False,0.0,False,False,37.253
409,20.45,3,yawning,yawning,0.997893,0.001541,0.000234,0.0,0.997893,0.000332,0.542142,0.815262,0.0,0.139949,0.124947,0.124947,0.0,0.0,0.0,True,False,False,0.0,False,False,37.543
410,20.5,3,yawning,yawning,0.997979,0.001488,0.000233,0.0,0.997979,0.0003,0.500982,0.865978,0.0,0.14211,0.125794,0.125794,0.0,0.0,0.0,True,False,False,0.0,False,False,46.344
411,20.55,3,yawning,yawning,0.998073,0.001433,0.000223,0.0,0.998073,0.000271,0.439587,0.900072,0.0,0.144055,0.126528,0.126528,0.0,0.0,0.0,True,False,False,0.738951,False,False,37.63
412,20.6,3,yawning,yawning,0.998113,0.001415,0.000217,0.0,0.998113,0.000255,0.289916,0.924656,0.0,0.1453,0.126919,0.126919,0.0,0.0,0.0,True,False,False,0.758177,False,False,37.337
413,20.65,3,yawning,yawning,0.998131,0.00141,0.000212,0.0,0.998131,0.000247,0.124369,0.94303,0.0,0.145195,0.126913,0.126913,0.0,0.0,0.0,True,False,False,0.0,False,False,37.681
414,20.7,3,yawning,yawning,0.998227,0.001326,0.000205,0.0,0.998227,0.000242,0.45754,0.86599,0.0,0.14769,0.127651,0.127651,0.0,0.0,0.0,True,False,False,0.0,False,False,38.034
415,20.75,3,yawning,yawning,0.99826,0.001276,0.00021,0.0,0.99826,0.000253,0.535798,0.820704,0.0,0.148319,0.128512,0.128512,0.0,0.0,0.0,True,False,False,0.0,False,False,46.573
416,20.8,3,yawning,yawning,0.998283,0.001239,0.000217,0.0,0.998283,0.000261,0.585396,0.814726,0.0,0.148665,0.129468,0.129468,0.0,0.0,0.0,True,False,False,0.0,False,False,37.788
417,20.85,3,yawning,yawning,0.998332,0.001201,0.000214,0.0,0.998332,0.000254,0.56495,0.831464,0.0,0.149173,0.130395,0.130395,0.0,0.0,0.0,True,False,False,0.0,False,False,37.512
418,20.9,3,yawning,yawning,0.998353,0.001191,0.000211,0.0,0.998353,0.000245,0.509438,0.867496,0.0,0.150847,0.131236,0.131236,0.0,0.0,0.0,True,False,False,0.0,False,False,37.315
419,20.95,3,yawning,yawning,0.998353,0.001199,0.000209,0.0,0.998353,0.000239,0.45521,0.89671,0.0,0.151644,0.131977,0.131977,0.0,0.0,0.0,True,False,False,0.0,False,False,37.161
420,21.0,3,yawning,yawning,0.998361,0.001204,0.000205,0.0,0.998361,0.00023,0.342002,0.919127,0.0,0.152995,0.132468,0.132468,0.0,0.0,0.0,True,False,False,0.0,False,False,46.057
421,21.05,3,yawning,yawning,0.998359,0.001218,0.000201,0.0,0.998359,0.000222,0.182597,0.937792,0.0,0.153701,0.132587,0.132587,0.0,0.0,0.0,True,False,False,0.0,False,False,37.112
422,21.1,3,yawning,yawning,0.998377,0.00119,0.000202,0.0,0.998377,0.000231,0.461381,0.867325,0.0,0.155731,0.133309,0.133309,0.0,0.0,0.0,True,False,False,0.679671,False,False,37.402
423,21.15,3,yawning,yawning,0.998352,0.00119,0.000211,0.0,0.998352,0.000247,0.548313,0.814301,0.0,0.157446,0.134163,0.134163,0.0,0.0,0.0,True,False,False,0.679671,False,False,37.169
424,21.2,3,yawning,yawning,0.998382,0.001163,0.00021,0.0,0.998382,0.000246,0.55214,0.818055,0.0,0.160331,0.135026,0.135026,0.0,0.0,0.0,True,False,False,0.0,False,False,37.47
425,21.25,3,yawning,yawning,0.998376,0.001174,0.000208,0.0,0.998376,0.000242,0.506946,0.854781,0.0,0.162526,0.135826,0.135826,0.0,0.0,0.0,True,False,False,0.0,False,False,45.958
426,21.3,3,yawning,yawning,0.998349,0.001205,0.000208,0.0,0.998349,0.000239,0.446523,0.892786,0.0,0.164479,0.136522,0.136522,0.0,0.0,0.0,True,False,False,0.0,False,False,37.302
427,21.35,3,yawning,yawning,0.998351,0.001213,0.000205,0.0,0.998351,0.000232,0.328877,0.915787,0.0,0.1659,0.136964,0.136964,0.0,0.0,0.0,True,False,False,0.0,False,False,37.24
428,21.4,3,yawning,yawning,0.99834,0.001228,0.000203,0.0,0.99834,0.000229,0.162221,0.935012,0.0,0.165881,0.137023,0.137023,0.0,0.0,0.0,True,False,False,0.608489,False,False,37.159
429,21.45,3,yawning,yawning,0.998336,0.001239,0.0002,0.0,0.998336,0.000225,0.091047,0.943376,0.0,0.166731,0.136914,0.136914,0.0,0.0,0.0,True,False,False,0.608489,False,False,37.61
430,21.5,3,yawning,yawning,0.998328,0.001254,0.000197,0.0,0.998328,0.000221,0.057499,0.949288,0.0,0.166796,0.136727,0.136727,0.0,0.0,0.0,True,False,False,0.737807,False,False,47.009
431,21.55,3,yawning,yawning,0.998305,0.001281,0.000195,0.0,0.998305,0.000219,0.045645,0.952051,0.0,0.166806,0.136512,0.136512,0.0,0.0,0.0,True,False,False,0.747162,False,False,37.608
432,21.6,3,yawning,yawning,0.9983,0.001291,0.000192,0.0,0.9983,0.000217,0.046553,0.951632,0.0,0.166814,0.1363,0.1363,0.0,0.0,0.0,True,False,False,0.747162,False,False,37.801
433,21.65,3,yawning,yawning,0.998284,0.00131,0.00019,0.0,0.998284,0.000217,0.042952,0.952482,0.0,0.16618,0.13608,0.13608,0.0,0.0,0.0,True,False,False,0.448257,False,False,38.06
434,21.7,3,yawning,yawning,0.998271,0.001323,0.000189,0.0,0.998271,0.000217,0.047894,0.950956,0.0,0.166854,0.135874,0.135874,0.0,0.0,0.0,True,False,False,0.0,False,False,37.741
435,21.75,3,yawning,yawning,0.998246,0.001345,0.00019,0.0,0.998246,0.000219,0.049009,0.950759,0.0,0.166892,0.13567,0.13567,0.0,0.0,0.0,True,False,False,0.0,False,False,46.068
436,21.8,3,yawning,yawning,0.998249,0.001348,0.000187,0.0,0.998249,0.000216,0.055538,0.949247,0.0,0.166931,0.135484,0.135484,0.0,0.0,0.0,True,False,False,0.0,False,False,37.268
437,21.85,3,yawning,yawning,0.998259,0.001343,0.000185,0.0,0.998259,0.000214,0.051692,0.950057,0.0,0.166949,0.135289,0.135289,0.0,0.0,0.0,True,False,False,0.0,False,False,37.065
438,21.9,3,yawning,yawning,0.998254,0.001347,0.000185,0.0,0.998254,0.000213,0.046898,0.950991,0.0,0.166335,0.135084,0.135084,0.0,0.0,0.0,True,False,False,0.0,False,False,37.27
439,21.95,3,yawning,yawning,0.998259,0.001346,0.000183,0.0,0.998259,0.000212,0.046171,0.951388,0.0,0.166969,0.134878,0.134878,0.0,0.0,0.0,True,False,False,0.0,False,False,37.45
440,22.0,3,yawning,yawning,0.998257,0.001348,0.000183,0.0,0.998257,0.000212,0.049289,0.950651,0.0,0.166963,0.13468,0.13468,0.0,0.0,0.0,True,False,False,0.0,False,False,46.11
441,22.05,3,yawning,yawning,0.998233,0.00137,0.000184,0.0,0.998233,0.000213,0.046408,0.951592,0.0,0.166965,0.134476,0.134476,0.0,0.0,0.0,True,False,False,0.0,False,False,37.132
442,22.1,3,yawning,yawning,0.998228,0.001376,0.000183,0.0,0.998228,0.000213,0.049615,0.950673,0.0,0.167,0.134281,0.134281,0.0,0.0,0.0,True,False,False,0.0,False,False,37.391
443,22.15,3,yawning,yawning,0.998232,0.00137,0.000183,0.0,0.998232,0.000215,0.04924,0.950659,0.0,0.166398,0.134086,0.134086,0.0,0.0,0.0,True,False,False,0.0,False,False,37.099
444,22.2,3,yawning,yawning,0.998231,0.001369,0.000183,0.0,0.998231,0.000216,0.045799,0.950923,0.0,0.167012,0.133884,0.133884,0.0,0.0,0.0,True,False,False,0.0,False,False,37.392
445,22.25,3,yawning,yawning,0.998218,0.001382,0.000183,0.0,0.998218,0.000216,0.046589,0.950413,0.0,0.167028,0.133685,0.133685,0.0,0.0,0.0,True,False,False,0.0,False,False,46.066
446,22.3,3,yawning,yawning,0.998194,0.001406,0.000184,0.0,0.998194,0.000216,0.044323,0.950712,0.0,0.167018,0.133481,0.133481,0.0,0.0,0.0,True,False,False,0.0,False,False,37.223
447,22.35,3,yawning,yawning,0.998174,0.001427,0.000184,0.0,0.998174,0.000215,0.042603,0.951019,0.0,0.167024,0.133274,0.133274,0.0,0.0,0.0,True,False,False,0.0,False,False,37.259
448,22.4,3,yawning,yawning,0.998162,0.001445,0.000182,0.0,0.998162,0.000211,0.044004,0.950685,0.0,0.166396,0.133072,0.133072,0.0,0.0,0.0,True,False,False,0.0,False,False,37.026
449,22.45,3,yawning,yawning,0.99814,0.001465,0.000182,0.0,0.99814,0.000213,0.04445,0.951109,0.0,0.167019,0.132871,0.132871,0.0,0.0,0.0,True,False,False,0.0,False,False,37.464
450,22.5,3,yawning,yawning,0.998097,0.001503,0.000184,0.0,0.998097,0.000216,0.046175,0.950574,0.0,0.167013,0.132676,0.132676,0.0,0.0,0.0,True,False,False,0.0,False,False,45.786
451,22.55,3,yawning,yawning,0.99804,0.001555,0.000186,0.0,0.99804,0.00022,0.044174,0.950323,0.0,0.167005,0.132476,0.132476,0.0,0.0,0.0,True,False,False,0.0,False,False,37.097
452,22.6,3,yawning,yawning,0.997954,0.001632,0.000188,0.0,0.997954,0.000226,0.04455,0.950245,0.0,0.167022,0.132279,0.132279,0.0,0.0,0.0,True,False,False,0.0,False,False,37.158
453,22.65,3,yawning,yawning,0.997886,0.001698,0.000188,0.0,0.997886,0.000228,0.046228,0.949349,0.0,0.166405,0.132086,0.132086,0.0,0.0,0.0,True,False,False,0.0,False,False,37.93
454,22.7,3,yawning,yawning,0.997896,0.001691,0.000185,0.0,0.997896,0.000228,0.04712,0.949146,0.0,0.167108,0.131896,0.131896,0.0,0.0,0.0,True,False,False,0.0,False,False,38.091
455,22.75,3,yawning,yawning,0.997905,0.001683,0.000184,0.0,0.997905,0.000228,0.050124,0.949215,0.0,0.167172,0.131714,0.131714,0.0,0.0,0.0,True,False,False,0.0,False,False,47.111
456,22.8,3,yawning,yawning,0.997954,0.001642,0.000181,0.0,0.997954,0.000223,0.058508,0.947651,0.0,0.167272,0.131551,0.131551,0.0,0.0,0.0,True,False,False,0.0,False,False,38.574
457,22.85,3,yawning,yawning,0.997918,0.001677,0.000182,0.0,0.997918,0.000223,0.065925,0.946701,0.0,0.167405,0.131406,0.131406,0.0,0.0,0.0,True,False,False,0.0,False,False,37.596
458,22.9,3,yawning,yawning,0.997901,0.00169,0.000184,0.0,0.997901,0.000225,0.053124,0.949004,0.0,0.166822,0.131233,0.131233,0.0,0.0,0.0,True,False,False,0.0,False,False,37.229
459,22.95,3,yawning,yawning,0.997958,0.001646,0.000179,0.0,0.997958,0.000216,0.053369,0.948908,0.0,0.167476,0.131061,0.131061,0.0,0.0,0.0,True,False,False,0.0,False,False,37.648
460,23.0,3,yawning,yawning,0.997904,0.001693,0.000182,0.0,0.997904,0.00022,0.048251,0.950514,0.0,0.167486,0.130878,0.130878,0.0,0.0,0.0,True,False,False,0.0,False,False,46.593
461,23.05,3,yawning,yawning,0.997916,0.001682,0.000182,0.0,0.997916,0.00022,0.048543,0.950293,0.0,0.167519,0.130696,0.130696,0.0,0.0,0.0,True,False,False,0.0,False,False,37.632
462,23.1,3,yawning,yawning,0.997886,0.001711,0.000182,0.0,0.997886,0.000221,0.047767,0.950934,0.0,0.167538,0.130514,0.130514,0.0,0.0,0.0,True,False,False,0.0,False,False,37.184
463,23.15,3,yawning,yawning,0.997868,0.001732,0.000181,0.0,0.997868,0.000219,0.045712,0.95102,0.0,0.166915,0.130328,0.130328,0.0,0.0,0.0,True,False,False,0.0,False,False,37.363
464,23.2,3,yawning,yawning,0.997831,0.001769,0.00018,0.0,0.997831,0.00022,0.046101,0.951228,0.0,0.167558,0.130143,0.130143,0.0,0.0,0.0,True,False,False,0.0,False,False,37.281
465,23.25,3,yawning,yawning,0.997824,0.001778,0.00018,0.0,0.997824,0.000219,0.046795,0.951012,0.0,0.167581,0.129961,0.129961,0.0,0.0,0.0,True,False,False,0.0,False,False,45.995
466,23.3,3,yawning,yawning,0.997884,0.001725,0.000177,0.0,0.997884,0.000215,0.051804,0.949659,0.0,0.16764,0.129791,0.129791,0.0,0.0,0.0,True,False,False,0.0,False,False,37.7
467,23.35,3,yawning,yawning,0.99793,0.001681,0.000176,0.0,0.99793,0.000213,0.134115,0.933699,0.0,0.168125,0.1298,0.1298,0.0,0.0,0.0,True,False,False,0.0,False,False,37.247
468,23.4,3,yawning,yawning,0.998126,0.001487,0.000173,0.0,0.998126,0.000213,0.476164,0.853473,0.0,0.169539,0.130475,0.130475,0.0,0.0,0.0,True,False,False,0.0,False,False,37.189
469,23.45,3,yawning,yawning,0.998259,0.001351,0.000174,0.0,0.998259,0.000215,0.515588,0.826928,0.0,0.17238,0.131201,0.131201,0.0,0.0,0.0,True,False,False,0.204956,False,False,37.285
470,23.5,3,yawning,yawning,0.99831,0.001301,0.000177,0.0,0.99831,0.000212,0.499587,0.865904,0.0,0.174543,0.131927,0.131927,0.0,0.0,0.0,True,False,False,0.0,False,False,45.938
471,23.55,3,yawning,yawning,0.998339,0.001275,0.000179,0.0,0.998339,0.000207,0.459808,0.89222,0.0,0.176572,0.132591,0.132591,0.0,0.0,0.0,True,False,False,0.0,False,False,37.32
472,23.6,3,yawning,yawning,0.998321,0.001294,0.000181,0.0,0.998321,0.000204,0.383728,0.910407,0.0,0.178232,0.133108,0.133108,0.0,0.0,0.0,True,False,False,0.0,False,False,37.452
473,23.65,3,yawning,yawning,0.998276,0.001339,0.000183,0.0,0.998276,0.000202,0.23836,0.92877,0.0,0.178533,0.133329,0.133329,0.0,0.0,0.0,True,False,False,0.162842,False,False,37.46
474,23.7,3,yawning,yawning,0.998213,0.001401,0.000183,0.0,0.998213,0.000203,0.109132,0.942631,0.0,0.179463,0.133278,0.133278,0.0,0.0,0.0,True,False,False,0.072205,False,False,37.22
475,23.75,3,yawning,yawning,0.998176,0.00144,0.000182,0.0,0.998176,0.000203,0.056135,0.951171,0.0,0.179526,0.133113,0.133113,0.0,0.0,0.0,True,False,False,0.023682,False,False,45.883
476,23.8,3,yawning,yawning,0.998152,0.001464,0.000181,0.0,0.998152,0.000203,0.047263,0.952523,0.0,0.179505,0.132929,0.132929,0.0,0.0,0.0,True,False,False,0.0,False,False,37.103
477,23.85,3,yawning,yawning,0.998186,0.001431,0.000179,0.0,0.998186,0.000204,0.241201,0.922814,0.0,0.180479,0.133153,0.133153,0.0,0.0,0.0,True,False,False,0.0,False,False,37.213
478,23.9,3,yawning,yawning,0.998212,0.001381,0.000187,0.0,0.998212,0.00022,0.497343,0.838055,0.0,0.181912,0.133836,0.133836,0.0,0.0,0.0,True,False,False,0.0,False,False,37.14
479,23.95,3,yawning,yawning,0.998252,0.001319,0.000195,0.0,0.998252,0.000234,0.547559,0.820571,0.0,0.184937,0.134594,0.134594,0.0,0.0,0.0,True,False,False,0.0,False,False,37.445
480,24.0,3,yawning,yawning,0.998304,0.00128,0.000193,0.0,0.998304,0.000223,0.507783,0.861451,0.0,0.187173,0.13531,0.13531,0.0,0.0,0.0,True,False,False,0.0,False,False,45.943
481,24.05,3,yawning,yawning,0.998325,0.001268,0.000192,0.0,0.998325,0.000215,0.474365,0.886386,0.0,0.189279,0.135979,0.135979,0.0,0.0,0.0,True,False,False,0.0,False,False,37.305
482,24.1,3,yawning,yawning,0.9983,0.001298,0.000191,0.0,0.9983,0.000211,0.3738,0.913771,0.0,0.190938,0.136461,0.136461,0.0,0.0,0.0,True,False,False,0.0,False,False,37.17
483,24.15,3,yawning,yawning,0.998259,0.001341,0.000191,0.0,0.998259,0.000208,0.197092,0.932696,0.0,0.190969,0.136586,0.136586,0.0,0.0,0.0,True,False,False,0.0,False,False,37.244
484,24.2,3,yawning,yawning,0.998207,0.001395,0.00019,0.0,0.998207,0.000208,0.077598,0.946586,0.0,0.191893,0.136463,0.136463,0.0,0.0,0.0,True,False,False,0.0,False,False,37.163
485,24.25,3,yawning,yawning,0.998146,0.001457,0.000188,0.0,0.998146,0.000209,0.044192,0.952418,0.0,0.191887,0.136269,0.136269,0.0,0.0,0.0,True,False,False,0.0,False,False,46.23
486,24.3,3,yawning,yawning,0.998069,0.00153,0.000188,0.0,0.998069,0.000213,0.039231,0.953669,0.0,0.19187,0.136065,0.136065,0.0,0.0,0.0,True,False,False,0.0,False,False,37.537
487,24.35,3,yawning,yawning,0.998007,0.00159,0.000187,0.0,0.998007,0.000217,0.038667,0.95295,0.0,0.19186,0.135862,0.135862,0.0,0.0,0.0,True,False,False,0.0,False,False,37.928
488,24.4,3,yawning,yawning,0.997928,0.001661,0.000187,0.0,0.997928,0.000223,0.039245,0.952914,0.0,0.191074,0.13566,0.13566,0.0,0.0,0.0,True,False,False,0.0,False,False,38.005
489,24.45,3,yawning,yawning,0.99784,0.001738,0.000189,0.0,0.99784,0.000233,0.043681,0.951138,0.0,0.191839,0.135468,0.135468,0.0,0.0,0.0,True,False,False,0.0,False,False,37.574
490,24.5,3,yawning,yawning,0.998016,0.00155,0.000188,0.0,0.998016,0.000246,0.44595,0.857346,0.0,0.193794,0.13605,0.13605,0.0,0.0,0.0,True,False,False,0.0,False,False,46.955
491,24.55,3,yawning,yawning,0.998206,0.001367,0.000184,0.0,0.998206,0.000244,0.51942,0.805252,0.0,0.196009,0.136722,0.136722,0.0,0.0,0.0,True,False,False,0.123016,False,False,37.958
492,24.6,3,yawning,yawning,0.998248,0.001336,0.000186,0.0,0.998248,0.000231,0.48252,0.868021,0.0,0.198163,0.137375,0.137375,0.0,0.0,0.0,True,False,False,0.171997,False,False,37.812
493,24.65,3,yawning,yawning,0.998241,0.001352,0.000187,0.0,0.998241,0.00022,0.410642,0.903138,0.0,0.199202,0.137911,0.137911,0.0,0.0,0.0,True,False,False,0.123016,False,False,38.868
494,24.7,3,yawning,yawning,0.998145,0.001441,0.000193,0.0,0.998145,0.000222,0.246666,0.927972,0.0,0.20108,0.13813,0.13813,0.0,0.0,0.0,True,False,False,0.057556,False,False,38.364
495,24.75,3,yawning,yawning,0.998056,0.001522,0.000196,0.0,0.998056,0.000226,0.095814,0.945746,0.0,0.201352,0.138043,0.138043,0.0,0.0,0.0,True,False,False,0.057556,False,False,47.046
496,24.8,3,yawning,yawning,0.997954,0.001616,0.000197,0.0,0.997954,0.000232,0.045911,0.953882,0.0,0.201346,0.137854,0.137854,0.0,0.0,0.0,True,False,False,0.039703,False,False,38.389
497,24.85,3,yawning,yawning,0.997851,0.001712,0.000198,0.0,0.997851,0.000238,0.040075,0.955602,0.0,0.201329,0.137652,0.137652,0.0,0.0,0.0,True,False,False,0.038788,False,False,38.05
498,24.9,3,yawning,yawning,0.997775,0.001785,0.000197,0.0,0.997775,0.000243,0.037213,0.955153,0.0,0.20048,0.137446,0.137446,0.0,0.0,0.0,True,False,False,0.024597,False,False,37.663
499,24.95,3,yawning,yawning,0.997707,0.001848,0.000197,0.0,0.997707,0.000248,0.037917,0.954283,0.0,0.201224,0.137243,0.137243,0.0,0.0,0.0,True,False,False,0.0,False,False,38.018
500,25.0,3,yawning,yawning,0.997784,0.001768,0.000193,0.0,0.997784,0.000255,0.432415,0.866207,0.0,0.203109,0.13779,0.13779,0.0,0.0,0.0,True,False,False,0.0,False,False,46.312
501,25.05,3,yawning,yawning,0.997955,0.001591,0.000192,0.0,0.997955,0.000262,0.518134,0.812976,0.0,0.204337,0.138451,0.138451,0.0,0.0,0.0,True,False,False,0.0,False,False,37.669
502,25.1,3,yawning,yawning,0.998017,0.001539,0.000194,0.0,0.998017,0.00025,0.464361,0.884071,0.0,0.204262,0.139065,0.139065,0.0,0.0,0.0,True,False,False,0.0,False,False,37.423
503,25.15,3,yawning,yawning,0.998055,0.001513,0.000192,0.0,0.998055,0.00024,0.351483,0.916216,0.0,0.204993,0.13948,0.13948,0.0,0.0,0.0,True,False,False,0.0,False,False,37.749
504,25.2,3,yawning,yawning,0.998086,0.001482,0.000192,0.0,0.998086,0.00024,0.177261,0.936798,0.0,0.201949,0.139555,0.139555,0.0,0.0,0.0,True,False,False,0.0,False,False,37.538
505,25.25,3,yawning,yawning,0.998039,0.001522,0.000195,0.0,0.998039,0.000244,0.071737,0.949923,0.0,0.200098,0.139418,0.139418,0.0,0.0,0.0,True,False,False,0.0,False,False,46.241
506,25.3,3,yawning,yawning,0.997963,0.001585,0.0002,0.0,0.997963,0.000252,0.044952,0.955024,0.0,0.198803,0.139227,0.139227,0.0,0.0,0.0,True,False,False,0.0,False,False,37.507
507,25.35,3,yawning,yawning,0.997901,0.001638,0.000204,0.0,0.997901,0.000257,0.039788,0.955533,0.0,0.198336,0.139027,0.139027,0.0,0.0,0.0,True,False,False,0.0,False,False,37.29
508,25.4,3,yawning,yawning,0.997911,0.001627,0.000204,0.0,0.997911,0.000259,0.03718,0.954664,0.0,0.197503,0.138822,0.138822,0.0,0.0,0.0,True,False,False,0.0,False,False,37.36
509,25.45,3,yawning,yawning,0.997905,0.00163,0.000204,0.0,0.997905,0.000261,0.036998,0.953565,0.0,0.19395,0.138617,0.138617,0.0,0.0,0.0,True,False,False,0.0,False,False,37.457
510,25.5,3,yawning,yawning,0.997885,0.00164,0.000206,0.0,0.997885,0.000269,0.037904,0.952994,0.0,0.19142,0.138416,0.138416,0.0,0.0,0.0,True,False,False,0.0,False,False,46.299
511,25.55,3,yawning,yawning,0.997379,0.002063,0.000237,0.0,0.997379,0.000321,0.041431,0.952395,0.0,0.188956,0.138223,0.138223,0.0,0.0,0.0,True,False,False,0.00148,False,False,37.25
512,25.6,3,yawning,yawning,0.996644,0.002716,0.000261,0.0,0.996644,0.000379,0.039932,0.952687,0.0,0.186677,0.138027,0.138027,0.0,0.0,0.0,True,False,False,0.060532,False,False,37.354
513,25.65,3,yawning,yawning,0.997221,0.002203,0.000234,0.0,0.997221,0.000342,0.2128,0.928986,0.0,0.186808,0.138172,0.138172,0.0,0.0,0.0,True,False,False,0.0,False,False,37.138
514,25.7,3,yawning,yawning,0.997601,0.001816,0.000235,0.0,0.997601,0.000349,0.489591,0.843942,0.0,0.186142,0.138789,0.138789,0.0,0.0,0.0,True,False,False,0.0,False,False,37.034
515,25.75,3,yawning,yawning,0.997842,0.00159,0.000231,0.0,0.997842,0.000337,0.539484,0.806945,0.0,0.187711,0.139462,0.139462,0.0,0.0,0.0,True,False,False,0.0,False,False,45.905
516,25.8,3,yawning,yawning,0.997934,0.001519,0.000233,0.0,0.997934,0.000313,0.540186,0.846914,0.0,0.188027,0.140166,0.140166,0.0,0.0,0.0,True,False,False,0.0,False,False,37.456
517,25.85,3,yawning,yawning,0.998048,0.001447,0.000226,0.0,0.998048,0.000279,0.476429,0.892555,0.0,0.187827,0.140788,0.140788,0.0,0.0,0.0,True,False,False,0.728654,False,False,37.321
518,25.9,3,yawning,yawning,0.998087,0.001429,0.000222,0.0,0.998087,0.000262,0.367988,0.917026,0.0,0.18872,0.141219,0.141219,0.0,0.0,0.0,True,False,False,0.0,False,False,37.552
519,25.95,3,yawning,yawning,0.998118,0.001416,0.000216,0.0,0.998118,0.000251,0.186796,0.936916,0.0,0.185635,0.141307,0.141307,0.0,0.0,0.0,True,False,False,0.0,False,False,37.707
520,26.0,3,yawning,yawning,0.998145,0.001398,0.000211,0.0,0.998145,0.000246,0.083727,0.948658,0.0,0.18388,0.141195,0.141195,0.0,0.0,0.0,True,False,False,0.0,False,False,46.322
521,26.05,3,yawning,yawning,0.998196,0.001336,0.000213,0.0,0.998196,0.000255,0.453069,0.860083,0.0,0.184469,0.141746,0.141746,0.0,0.0,0.0,True,False,False,0.0,False,False,37.557
522,26.1,3,yawning,yawning,0.998219,0.001293,0.000221,0.0,0.998219,0.000268,0.534518,0.816925,0.0,0.186053,0.142405,0.142405,0.0,0.0,0.0,True,False,False,0.0,False,False,37.718
523,26.15,3,yawning,yawning,0.998289,0.001236,0.000216,0.0,0.998289,0.000259,0.535731,0.832704,0.0,0.188075,0.143076,0.143076,0.0,0.0,0.0,True,False,False,0.0,False,False,37.222
524,26.2,3,yawning,yawning,0.998325,0.001207,0.000214,0.0,0.998325,0.000253,0.534544,0.826909,0.0,0.190291,0.143738,0.143738,0.0,0.0,0.0,True,False,False,0.0,False,False,37.294
525,26.25,3,yawning,yawning,0.99834,0.001206,0.00021,0.0,0.99834,0.000244,0.483217,0.88219,0.0,0.192437,0.14435,0.14435,0.0,0.0,0.0,True,False,False,0.0,False,False,46.079
526,26.3,3,yawning,yawning,0.998358,0.001203,0.000205,0.0,0.998358,0.000233,0.416951,0.901657,0.0,0.194296,0.144851,0.144851,0.0,0.0,0.0,True,False,False,0.0,False,False,37.495
527,26.35,3,yawning,yawning,0.998354,0.001219,0.000202,0.0,0.998354,0.000225,0.272233,0.924446,0.0,0.19547,0.145091,0.145091,0.0,0.0,0.0,True,False,False,0.0,False,False,37.532
528,26.4,3,yawning,yawning,0.99837,0.001209,0.000199,0.0,0.99837,0.000223,0.193161,0.934721,0.0,0.196222,0.145182,0.145182,0.0,0.0,0.0,True,False,False,0.638245,False,False,37.392
529,26.45,3,yawning,yawning,0.99834,0.001211,0.000209,0.0,0.99834,0.000239,0.482262,0.846937,0.0,0.198304,0.145761,0.145761,0.0,0.0,0.0,True,False,False,0.638245,False,False,37.308
530,26.5,3,yawning,yawning,0.998354,0.001185,0.000213,0.0,0.998354,0.000248,0.554639,0.807335,0.0,0.200643,0.146429,0.146429,0.0,0.0,0.0,True,False,False,0.0,False,False,45.85
531,26.55,3,yawning,yawning,0.998367,0.00118,0.00021,0.0,0.998367,0.000242,0.505905,0.851481,0.0,0.202842,0.147047,0.147047,0.0,0.0,0.0,True,False,False,0.0,False,False,37.389
532,26.6,3,yawning,yawning,0.998346,0.001206,0.00021,0.0,0.998346,0.000238,0.443351,0.893508,0.0,0.204821,0.147581,0.147581,0.0,0.0,0.0,True,False,False,0.0,False,False,37.454
533,26.65,3,yawning,yawning,0.998353,0.00121,0.000206,0.0,0.998353,0.000231,0.320304,0.917454,0.0,0.206224,0.1479,0.1479,0.0,0.0,0.0,True,False,False,0.0,False,False,38.404
534,26.7,3,yawning,yawning,0.998344,0.001224,0.000204,0.0,0.998344,0.000227,0.153664,0.936115,0.0,0.206798,0.147911,0.147911,0.0,0.0,0.0,True,False,False,0.514878,False,False,38.042
535,26.75,3,yawning,yawning,0.998341,0.001235,0.0002,0.0,0.998341,0.000223,0.090219,0.943393,0.0,0.207041,0.147802,0.147802,0.0,0.0,0.0,True,False,False,0.514878,False,False,46.87
536,26.8,3,yawning,yawning,0.998333,0.001251,0.000197,0.0,0.998333,0.000219,0.058314,0.949048,0.0,0.207109,0.147632,0.147632,0.0,0.0,0.0,True,False,False,0.540971,False,False,37.79
537,26.85,3,yawning,yawning,0.99831,0.001277,0.000195,0.0,0.99831,0.000218,0.046192,0.951818,0.0,0.207103,0.147439,0.147439,0.0,0.0,0.0,True,False,False,0.56569,False,False,37.568
538,26.9,3,yawning,yawning,0.998305,0.001287,0.000192,0.0,0.998305,0.000216,0.049068,0.950989,0.0,0.207103,0.147252,0.147252,0.0,0.0,0.0,True,False,False,0.56569,False,False,37.283
539,26.95,3,yawning,yawning,0.998291,0.001302,0.00019,0.0,0.998291,0.000216,0.045015,0.951998,0.0,0.207087,0.147059,0.147059,0.0,0.0,0.0,True,False,False,0.404536,False,False,37.323
540,27.0,3,yawning,yawning,0.998281,0.001313,0.000189,0.0,0.998281,0.000217,0.047709,0.951059,0.0,0.207099,0.146871,0.146871,0.0,0.0,0.0,True,False,False,0.402023,False,False,46.054
541,27.05,3,yawning,yawning,0.998257,0.001334,0.00019,0.0,0.998257,0.000218,0.048872,0.950795,0.0,0.207129,0.146686,0.146686,0.0,0.0,0.0,True,False,False,0.0,False,False,37.556
542,27.1,3,yawning,yawning,0.998263,0.001334,0.000187,0.0,0.998263,0.000215,0.055877,0.94922,0.0,0.20719,0.146516,0.146516,0.0,0.0,0.0,True,False,False,0.0,False,False,37.347
543,27.15,3,yawning,yawning,0.99827,0.001331,0.000185,0.0,0.99827,0.000214,0.051856,0.950062,0.0,0.207229,0.146338,0.146338,0.0,0.0,0.0,True,False,False,0.0,False,False,37.398
544,27.2,3,yawning,yawning,0.998264,0.001337,0.000186,0.0,0.998264,0.000214,0.04698,0.951022,0.0,0.207233,0.146152,0.146152,0.0,0.0,0.0,True,False,False,0.0,False,False,37.438
545,27.25,3,yawning,yawning,0.998268,0.001336,0.000184,0.0,0.998268,0.000212,0.046397,0.951247,0.0,0.207243,0.145965,0.145965,0.0,0.0,0.0,True,False,False,0.0,False,False,46.423
546,27.3,3,yawning,yawning,0.998267,0.001338,0.000184,0.0,0.998267,0.000212,0.048312,0.950909,0.0,0.20726,0.145782,0.145782,0.0,0.0,0.0,True,False,False,0.0,False,False,38.176
547,27.35,3,yawning,yawning,0.998244,0.001359,0.000184,0.0,0.998244,0.000213,0.04604,0.951647,0.0,0.207255,0.145596,0.145596,0.0,0.0,0.0,True,False,False,0.0,False,False,37.9
548,27.4,3,yawning,yawning,0.998231,0.001372,0.000183,0.0,0.998231,0.000213,0.049213,0.950783,0.0,0.207261,0.145417,0.145417,0.0,0.0,0.0,True,False,False,0.0,False,False,37.922
549,27.45,3,yawning,yawning,0.998237,0.001365,0.000183,0.0,0.998237,0.000215,0.048823,0.950775,0.0,0.207248,0.145238,0.145238,0.0,0.0,0.0,True,False,False,0.0,False,False,37.688
550,27.5,3,yawning,yawning,0.998235,0.001366,0.000183,0.0,0.998235,0.000215,0.045418,0.950735,0.0,0.207178,0.145053,0.145053,0.0,0.0,0.0,True,False,False,0.0,False,False,46.035
551,27.55,3,yawning,yawning,0.998245,0.001358,0.000183,0.0,0.998245,0.000214,0.047953,0.949981,0.0,0.20709,0.144873,0.144873,0.0,0.0,0.0,True,False,False,0.0,False,False,37.429
552,27.6,3,yawning,yawning,0.998217,0.001384,0.000184,0.0,0.998217,0.000214,0.044305,0.950574,0.0,0.207047,0.144687,0.144687,0.0,0.0,0.0,True,False,False,0.0,False,False,37.197
553,27.65,3,yawning,yawning,0.998189,0.001412,0.000185,0.0,0.998189,0.000214,0.043451,0.95051,0.0,0.206999,0.144501,0.144501,0.0,0.0,0.0,True,False,False,0.0,False,False,37.403
554,27.7,3,yawning,yawning,0.998172,0.001435,0.000183,0.0,0.998172,0.00021,0.044206,0.9505,0.0,0.206982,0.144316,0.144316,0.0,0.0,0.0,True,False,False,0.0,False,False,37.479
555,27.75,3,yawning,yawning,0.998146,0.001459,0.000183,0.0,0.998146,0.000212,0.046145,0.949921,0.0,0.206972,0.144136,0.144136,0.0,0.0,0.0,True,False,False,0.0,False,False,45.995
556,27.8,3,yawning,yawning,0.998082,0.001518,0.000185,0.0,0.998082,0.000215,0.046574,0.950266,0.0,0.206966,0.143957,0.143957,0.0,0.0,0.0,True,False,False,0.0,False,False,37.386
557,27.85,3,yawning,yawning,0.997981,0.00161,0.000188,0.0,0.997981,0.000222,0.04282,0.951017,0.0,0.20695,0.143772,0.143772,0.0,0.0,0.0,True,False,False,0.0,False,False,37.777
558,27.9,3,yawning,yawning,0.997857,0.001722,0.000192,0.0,0.997857,0.000229,0.044156,0.95047,0.0,0.206941,0.14359,0.14359,0.0,0.0,0.0,True,False,False,0.0,False,False,37.585
559,27.95,3,yawning,yawning,0.997794,0.001784,0.00019,0.0,0.997794,0.000233,0.052943,0.947875,0.0,0.206974,0.143426,0.143426,0.0,0.0,0.0,True,False,False,0.0,False,False,37.806
560,28.0,3,yawning,yawning,0.997792,0.001788,0.000187,0.0,0.997792,0.000233,0.050185,0.946667,0.0,0.206965,0.143257,0.143257,0.0,0.0,0.0,True,False,False,0.0,False,False,46.264
561,28.05,3,yawning,yawning,0.997882,0.001708,0.000182,0.0,0.997882,0.000229,0.051881,0.947026,0.0,0.205536,0.143091,0.143091,0.0,0.0,0.0,True,False,False,0.0,False,False,37.758
562,28.1,3,yawning,yawning,0.997947,0.00165,0.000178,0.0,0.997947,0.000225,0.06022,0.945633,0.0,0.203456,0.142942,0.142942,0.0,0.0,0.0,True,False,False,0.0,False,False,37.409
563,28.15,3,yawning,yawning,0.99799,0.001609,0.000178,0.0,0.99799,0.000223,0.064419,0.945504,0.0,0.201374,0.1428,0.1428,0.0,0.0,0.0,True,False,False,0.0,False,False,37.291
564,28.2,3,yawning,yawning,0.997959,0.001634,0.000182,0.0,0.997959,0.000224,0.053473,0.947222,0.0,0.199246,0.14264,0.14264,0.0,0.0,0.0,True,False,False,0.0,False,False,37.379
565,28.25,3,yawning,yawning,0.997959,0.001639,0.000181,0.0,0.997959,0.000221,0.051576,0.949497,0.0,0.197336,0.142476,0.142476,0.0,0.0,0.0,True,False,False,0.0,False,False,45.904
566,28.3,3,yawning,yawning,0.997903,0.00169,0.000184,0.0,0.997903,0.000224,0.047701,0.950349,0.0,0.195867,0.142305,0.142305,0.0,0.0,0.0,True,False,False,0.0,False,False,37.488
567,28.35,3,yawning,yawning,0.997852,0.001736,0.000185,0.0,0.997852,0.000227,0.045458,0.950649,0.0,0.195118,0.142131,0.142131,0.0,0.0,0.0,True,False,False,0.0,False,False,37.282
568,28.4,3,yawning,yawning,0.997835,0.001755,0.000185,0.0,0.997835,0.000225,0.046336,0.950782,0.0,0.194905,0.141959,0.141959,0.0,0.0,0.0,True,False,False,0.0,False,False,37.296
569,28.45,3,yawning,yawning,0.99778,0.001808,0.000185,0.0,0.99778,0.000226,0.046658,0.950377,0.0,0.194882,0.141789,0.141789,0.0,0.0,0.0,True,False,False,0.0,False,False,37.525
570,28.5,3,yawning,yawning,0.99773,0.00186,0.000184,0.0,0.99773,0.000227,0.045822,0.951192,0.0,0.194879,0.141617,0.141617,0.0,0.0,0.0,True,False,False,0.0,False,False,46.48
571,28.55,3,yawning,yawning,0.997743,0.00185,0.000182,0.0,0.997743,0.000225,0.0468,0.951033,0.0,0.19296,0.141448,0.141448,0.0,0.0,0.0,True,False,False,0.0,False,False,37.473
572,28.6,3,yawning,yawning,0.997814,0.001788,0.000178,0.0,0.997814,0.00022,0.050876,0.949847,0.0,0.19075,0.141286,0.141286,0.0,0.0,0.0,True,False,False,0.0,False,False,37.408
573,28.65,3,yawning,yawning,0.997872,0.001733,0.000177,0.0,0.997872,0.000217,0.133125,0.933756,0.0,0.188888,0.141272,0.141272,0.0,0.0,0.0,True,False,False,0.0,False,False,37.844
574,28.7,3,yawning,yawning,0.998089,0.00152,0.000174,0.0,0.998089,0.000217,0.475736,0.853943,0.0,0.188732,0.141806,0.141806,0.0,0.0,0.0,True,False,False,0.0,False,False,37.415
575,28.75,3,yawning,yawning,0.998234,0.001374,0.000175,0.0,0.998234,0.000217,0.516197,0.826096,0.0,0.188944,0.142382,0.142382,0.0,0.0,0.0,True,False,False,0.0,False,False,45.989
576,28.8,3,yawning,yawning,0.998295,0.001315,0.000177,0.0,0.998295,0.000213,0.499864,0.865273,0.0,0.189761,0.142958,0.142958,0.0,0.0,0.0,True,False,False,0.0,False,False,37.199
577,28.85,3,yawning,yawning,0.998328,0.001286,0.000179,0.0,0.998328,0.000207,0.460573,0.89169,0.0,0.191295,0.143484,0.143484,0.0,0.0,0.0,True,False,False,0.0,False,False,37.308
578,28.9,3,yawning,yawning,0.998315,0.0013,0.000181,0.0,0.998315,0.000204,0.383342,0.910232,0.0,0.192919,0.143889,0.143889,0.0,0.0,0.0,True,False,False,0.0,False,False,37.46
579,28.95,3,yawning,yawning,0.99827,0.001345,0.000183,0.0,0.99827,0.000202,0.235681,0.92879,0.0,0.193915,0.144047,0.144047,0.0,0.0,0.0,True,False,False,0.153687,False,False,37.476
580,29.0,3,yawning,yawning,0.998221,0.001395,0.000182,0.0,0.998221,0.000202,0.106659,0.943039,0.0,0.194274,0.143982,0.143982,0.0,0.0,0.0,True,False,False,0.141785,False,False,46.261
581,29.05,3,yawning,yawning,0.998182,0.001435,0.000181,0.0,0.998182,0.000202,0.05532,0.951357,0.0,0.194369,0.143826,0.143826,0.0,0.0,0.0,True,False,False,0.113403,False,False,37.426
582,29.1,3,yawning,yawning,0.998158,0.001458,0.000181,0.0,0.998158,0.000203,0.046311,0.952704,0.0,0.194409,0.143655,0.143655,0.0,0.0,0.0,True,False,False,0.0,False,False,38.009
583,29.15,3,yawning,yawning,0.998194,0.001423,0.000179,0.0,0.998194,0.000204,0.24142,0.922661,0.0,0.193533,0.143821,0.143821,0.0,0.0,0.0,True,False,False,0.0,False,False,38.217
584,29.2,3,yawning,yawning,0.998216,0.001376,0.000188,0.0,0.998216,0.000221,0.497119,0.838422,0.0,0.193466,0.144365,0.144365,0.0,0.0,0.0,True,False,False,0.0,False,False,38.406
585,29.25,3,yawning,yawning,0.998264,0.00131,0.000194,0.0,0.998264,0.000232,0.547312,0.818805,0.0,0.193467,0.14497,0.14497,0.0,0.0,0.0,True,False,False,0.0,False,False,46.332
586,29.3,3,yawning,yawning,0.998313,0.001272,0.000193,0.0,0.998313,0.000222,0.508864,0.859692,0.0,0.193495,0.145542,0.145542,0.0,0.0,0.0,True,False,False,0.0,False,False,38.167
587,29.35,3,yawning,yawning,0.998332,0.001263,0.000191,0.0,0.998332,0.000214,0.475498,0.885363,0.0,0.193669,0.146076,0.146076,0.0,0.0,0.0,True,False,False,0.0,False,False,38.268
588,29.4,3,yawning,yawning,0.998304,0.001295,0.000191,0.0,0.998304,0.00021,0.376268,0.913176,0.0,0.1941,0.14646,0.14646,0.0,0.0,0.0,True,False,False,0.0,False,False,38.213
589,29.45,3,yawning,yawning,0.998258,0.001343,0.000191,0.0,0.998258,0.000208,0.199826,0.932302,0.0,0.194522,0.146551,0.146551,0.0,0.0,0.0,True,False,False,0.0,False,False,37.838
590,29.5,3,yawning,yawning,0.998212,0.001392,0.000189,0.0,0.998212,0.000207,0.07891,0.946276,0.0,0.194677,0.146434,0.146434,0.0,0.0,0.0,True,False,False,0.0,False,False,45.98
591,29.55,3,yawning,yawning,0.998148,0.001456,0.000188,0.0,0.998148,0.000208,0.044298,0.952307,0.0,0.194697,0.146258,0.146258,0.0,0.0,0.0,True,False,False,0.0,False,False,37.434
592,29.6,3,yawning,yawning,0.998075,0.001527,0.000187,0.0,0.998075,0.000211,0.039087,0.953422,0.0,0.194706,0.146072,0.146072,0.0,0.0,0.0,True,False,False,0.0,False,False,37.203
593,29.65,3,yawning,yawning,0.998007,0.001592,0.000186,0.0,0.998007,0.000215,0.038906,0.952866,0.0,0.194714,0.145888,0.145888,0.0,0.0,0.0,True,False,False,0.0,False,False,37.53
594,29.7,3,yawning,yawning,0.997923,0.001665,0.000188,0.0,0.997923,0.000223,0.038424,0.953034,0.0,0.192777,0.145703,0.145703,0.0,0.0,0.0,True,False,False,0.0,False,False,37.39
595,29.75,3,yawning,yawning,0.99784,0.00174,0.000189,0.0,0.99784,0.00023,0.043524,0.951197,0.0,0.190568,0.145528,0.145528,0.0,0.0,0.0,True,False,False,0.0,False,False,46.346
596,29.8,3,yawning,yawning,0.997992,0.001594,0.000183,0.0,0.997992,0.000231,0.433693,0.872566,0.0,0.190404,0.14598,0.14598,0.0,0.0,0.0,True,False,False,0.043365,False,False,37.434
597,29.85,3,yawning,yawning,0.998175,0.001412,0.000179,0.0,0.998175,0.000234,0.51748,0.808699,0.0,0.191041,0.14652,0.14652,0.0,0.0,0.0,True,False,False,0.057556,False,False,37.337
598,29.9,3,yawning,yawning,0.998253,0.001332,0.000182,0.0,0.998253,0.000233,0.497624,0.863341,0.0,0.192551,0.147064,0.147064,0.0,0.0,0.0,True,False,False,0.0,False,False,37.321
599,29.95,3,yawning,yawning,0.998259,0.001336,0.000184,0.0,0.998259,0.000221,0.438318,0.899796,0.0,0.194376,0.147534,0.147534,0.0,0.0,0.0,True,True,False,0.139038,False,False,37.292
600,30.0,3,yawning,yawning,0.998209,0.001385,0.000188,0.0,0.998209,0.000218,0.300595,0.924814,0.0,0.195686,0.147645,0.147787,0.0,0.0,0.0,True,True,False,0.037872,False,False,46.267
601,30.05,3,yawning,yawning,0.998137,0.001449,0.000192,0.0,0.998137,0.000221,0.127018,0.943402,0.0,0.196143,0.147671,0.147752,0.0,0.0,0.0,True,True,False,0.037872,False,False,37.482
602,30.1,3,yawning,yawning,0.998044,0.001535,0.000194,0.0,0.998044,0.000227,0.055109,0.952938,0.0,0.196237,0.147119,0.147594,0.0,0.0,0.0,True,True,False,0.002625,False,False,37.841
603,30.15,3,yawning,yawning,0.997976,0.0016,0.000194,0.0,0.997976,0.00023,0.041224,0.955692,0.0,0.196257,0.146938,0.147414,0.0,0.0,0.0,True,True,False,0.0,False,False,37.772
604,30.2,3,yawning,yawning,0.997933,0.001639,0.000193,0.0,0.997933,0.000235,0.037782,0.955447,0.0,0.196254,0.146203,0.147227,0.0,0.0,0.0,True,True,False,0.0,False,False,37.309
605,30.25,3,yawning,yawning,0.997869,0.001698,0.000194,0.0,0.997869,0.000239,0.037484,0.954517,0.0,0.196229,0.144916,0.147042,0.0,0.0,0.0,True,True,False,0.0,False,False,46.525
606,30.3,3,yawning,yawning,0.997904,0.001666,0.000192,0.0,0.997904,0.000238,0.070847,0.945751,0.0,0.196372,0.144306,0.146914,0.0,0.0,0.0,True,True,False,0.0,False,False,37.217
607,30.35,3,yawning,yawning,0.998037,0.001525,0.000191,0.0,0.998037,0.000247,0.461828,0.853485,0.0,0.197508,0.144467,0.147389,0.0,0.0,0.0,True,True,False,0.0,False,False,37.271
608,30.4,3,yawning,yawning,0.998112,0.001448,0.000194,0.0,0.998112,0.000246,0.499891,0.844615,0.0,0.197555,0.145003,0.147915,0.0,0.0,0.0,True,True,False,0.0,False,False,37.64
609,30.45,3,yawning,yawning,0.998162,0.001414,0.000192,0.0,0.998162,0.000232,0.427737,0.897888,0.0,0.197151,0.145378,0.148358,0.0,0.0,0.0,True,True,False,0.0,False,False,37.925
610,30.5,3,yawning,yawning,0.998166,0.001413,0.000191,0.0,0.998166,0.000229,0.271004,0.92513,0.0,0.196093,0.145789,0.148557,0.0,0.0,0.0,True,True,False,0.0,False,False,46.374
611,30.55,3,yawning,yawning,0.99814,0.001436,0.000192,0.0,0.99814,0.000231,0.113425,0.943914,0.0,0.194478,0.145872,0.148499,0.0,0.0,0.0,True,True,False,0.0,False,False,37.808
612,30.6,3,yawning,yawning,0.998105,0.001461,0.000196,0.0,0.998105,0.000239,0.051861,0.952726,0.0,0.193261,0.145874,0.148338,0.0,0.0,0.0,True,True,False,0.0,False,False,37.627
613,30.65,3,yawning,yawning,0.998044,0.001512,0.000199,0.0,0.998044,0.000245,0.041917,0.955248,0.0,0.192828,0.145697,0.14816,0.0,0.0,0.0,True,True,False,0.0,False,False,37.151
614,30.7,3,yawning,yawning,0.997993,0.001554,0.000203,0.0,0.997993,0.00025,0.038154,0.954952,0.0,0.190782,0.145684,0.147976,0.0,0.0,0.0,True,True,False,0.0,False,False,37.266
615,30.75,3,yawning,yawning,0.998,0.001549,0.000201,0.0,0.998,0.00025,0.036624,0.953856,0.0,0.188448,0.145806,0.147791,0.0,0.0,0.0,True,True,False,0.0,False,False,46.186
616,30.8,3,yawning,yawning,0.997993,0.001552,0.000201,0.0,0.997993,0.000255,0.037328,0.953204,0.0,0.185914,0.145768,0.147607,0.0,0.0,0.0,True,True,False,0.0,False,False,37.601
617,30.85,3,yawning,yawning,0.997523,0.001944,0.000231,0.0,0.997523,0.000303,0.041113,0.952486,0.0,0.183459,0.145754,0.147431,0.0,0.0,0.0,True,True,False,0.0,False,False,37.492
618,30.9,3,yawning,yawning,0.996834,0.002556,0.000255,0.0,0.996834,0.000356,0.039852,0.952676,0.0,0.181187,0.145574,0.147253,0.0,0.0,0.0,True,True,False,0.024139,False,False,37.173
619,30.95,3,yawning,yawning,0.997371,0.002079,0.000228,0.0,0.997371,0.000321,0.211601,0.92891,0.0,0.18001,0.145843,0.147356,0.0,0.0,0.0,True,True,False,0.0,False,False,37.509
620,31.0,3,yawning,yawning,0.997745,0.001717,0.000223,0.0,0.997745,0.000315,0.489096,0.844955,0.0,0.180618,0.146681,0.147856,0.0,0.0,0.0,True,True,False,0.0,False,False,46.351
621,31.05,3,yawning,yawning,0.997961,0.001508,0.000221,0.0,0.997961,0.00031,0.539832,0.809049,0.0,0.182183,0.147382,0.148404,0.0,0.0,0.0,True,True,False,0.0,False,False,37.532
622,31.1,3,yawning,yawning,0.998042,0.001442,0.000223,0.0,0.998042,0.000293,0.540238,0.852467,0.0,0.182525,0.148136,0.148981,0.0,0.0,0.0,True,True,False,0.0,False,False,37.269
623,31.15,3,yawning,yawning,0.998132,0.001386,0.000218,0.0,0.998132,0.000264,0.474854,0.89428,0.0,0.182327,0.148658,0.149483,0.0,0.0,0.0,True,True,False,0.0,False,False,37.217
624,31.2,3,yawning,yawning,0.998171,0.001364,0.000214,0.0,0.998171,0.00025,0.364868,0.917976,0.0,0.181597,0.149185,0.149823,0.0,0.0,0.0,True,True,False,0.0,False,False,37.189
625,31.25,3,yawning,yawning,0.998191,0.001355,0.00021,0.0,0.998191,0.000244,0.182735,0.937744,0.0,0.180097,0.14959,0.149876,0.0,0.0,0.0,True,True,False,0.0,False,False,46.799
626,31.3,3,yawning,yawning,0.998215,0.00134,0.000206,0.0,0.998215,0.000239,0.081752,0.949111,0.0,0.178305,0.149649,0.149766,0.0,0.0,0.0,True,True,False,0.0,False,False,38.157
627,31.35,3,yawning,yawning,0.998263,0.001283,0.000208,0.0,0.998263,0.000247,0.453947,0.859364,0.0,0.178841,0.150291,0.150213,0.0,0.0,0.0,True,True,False,0.0,False,False,37.811
628,31.4,3,yawning,yawning,0.998281,0.001245,0.000214,0.0,0.998281,0.000259,0.535085,0.817226,0.0,0.180502,0.150853,0.150751,0.0,0.0,0.0,True,True,False,0.0,False,False,38.046
629,31.45,3,yawning,yawning,0.998343,0.001196,0.00021,0.0,0.998343,0.000251,0.531353,0.838129,0.0,0.182553,0.151591,0.151296,0.0,0.0,0.0,True,True,False,0.0,False,False,37.797
630,31.5,3,yawning,yawning,0.998372,0.001173,0.000209,0.0,0.998372,0.000246,0.535222,0.825948,0.0,0.184776,0.152513,0.151837,0.0,0.0,0.0,True,True,False,0.0,False,False,46.822
631,31.55,3,yawning,yawning,0.998378,0.001178,0.000206,0.0,0.998378,0.000238,0.483644,0.881237,0.0,0.186923,0.153196,0.152335,0.0,0.0,0.0,True,True,False,0.0,False,False,38.375
632,31.6,3,yawning,yawning,0.99839,0.00118,0.000202,0.0,0.99839,0.000229,0.419339,0.90074,0.0,0.188784,0.153778,0.152743,0.0,0.0,0.0,True,True,False,0.0,False,False,37.772
633,31.65,3,yawning,yawning,0.998387,0.001194,0.000199,0.0,0.998387,0.000221,0.277142,0.923745,0.0,0.189981,0.153982,0.152938,0.0,0.0,0.0,True,True,False,0.591053,False,False,38.43
634,31.7,3,yawning,yawning,0.998397,0.001188,0.000196,0.0,0.998397,0.000219,0.198278,0.934028,0.0,0.190757,0.154197,0.15301,0.0,0.0,0.0,True,True,False,0.594486,False,False,38.488
635,31.75,3,yawning,yawning,0.998407,0.001165,0.000199,0.0,0.998407,0.000229,0.474162,0.858719,0.0,0.19281,0.154967,0.153477,0.0,0.0,0.0,True,True,False,0.594486,False,False,46.927
636,31.8,3,yawning,yawning,0.998405,0.001152,0.000204,0.0,0.998405,0.000239,0.545329,0.810408,0.0,0.195071,0.155642,0.154014,0.0,0.0,0.0,True,True,False,0.0,False,False,37.382
637,31.85,3,yawning,yawning,0.998436,0.001125,0.000202,0.0,0.998436,0.000237,0.546895,0.81667,0.0,0.197374,0.156373,0.154555,0.0,0.0,0.0,True,True,False,0.0,False,False,37.287
638,31.9,3,yawning,yawning,0.998405,0.00116,0.000202,0.0,0.998405,0.000234,0.482588,0.880513,0.0,0.199519,0.156888,0.155042,0.0,0.0,0.0,True,True,False,0.0,False,False,37.758
639,31.95,3,yawning,yawning,0.998397,0.001175,0.0002,0.0,0.998397,0.000228,0.393831,0.90669,0.0,0.201272,0.157439,0.155406,0.0,0.0,0.0,True,True,False,0.0,False,False,37.259
640,32.0,3,yawning,yawning,0.998385,0.001192,0.000198,0.0,0.998385,0.000224,0.231784,0.928511,0.0,0.202213,0.157921,0.155525,0.0,0.0,0.0,True,True,False,0.588535,False,False,46.276
641,32.05,3,yawning,yawning,0.998372,0.001209,0.000197,0.0,0.998372,0.000222,0.11934,0.94079,0.0,0.20179,0.157856,0.155468,0.0,0.0,0.0,True,True,False,0.570683,False,False,37.392
642,32.1,3,yawning,yawning,0.998364,0.001224,0.000194,0.0,0.998364,0.000218,0.066213,0.948365,0.0,0.202683,0.158063,0.155326,0.0,0.0,0.0,True,True,False,0.570683,False,False,37.183
643,32.15,3,yawning,yawning,0.998351,0.001242,0.000192,0.0,0.998351,0.000215,0.049989,0.951455,0.0,0.202686,0.157879,0.155159,0.0,0.0,0.0,True,True,False,0.570683,False,False,37.313
644,32.2,3,yawning,yawning,0.998348,0.00125,0.000189,0.0,0.998348,0.000213,0.047753,0.95182,0.0,0.202695,0.158041,0.154988,0.0,0.0,0.0,True,True,False,0.545963,False,False,37.53
645,32.25,3,yawning,yawning,0.998324,0.001272,0.000189,0.0,0.998324,0.000215,0.048157,0.951394,0.0,0.202703,0.158025,0.154819,0.0,0.0,0.0,True,True,False,0.381376,False,False,46.015
646,32.3,3,yawning,yawning,0.998312,0.001285,0.000188,0.0,0.998312,0.000215,0.049225,0.950986,0.0,0.201912,0.157839,0.154652,0.0,0.0,0.0,True,True,False,0.374443,False,False,37.291
647,32.35,3,yawning,yawning,0.998305,0.001292,0.000188,0.0,0.998305,0.000215,0.050653,0.950358,0.0,0.20277,0.158004,0.154488,0.0,0.0,0.0,True,True,False,0.12273,False,False,37.547
648,32.4,3,yawning,yawning,0.998305,0.001295,0.000186,0.0,0.998305,0.000214,0.056295,0.949361,0.0,0.202835,0.157831,0.154333,0.0,0.0,0.0,True,True,False,0.0,False,False,37.429
649,32.45,3,yawning,yawning,0.998295,0.001305,0.000185,0.0,0.998295,0.000215,0.052151,0.950007,0.0,0.202875,0.158014,0.154172,0.0,0.0,0.0,True,True,False,0.0,False,False,37.332
650,32.5,3,yawning,yawning,0.998291,0.001311,0.000185,0.0,0.998291,0.000213,0.04732,0.950701,0.0,0.202881,0.158019,0.154004,0.0,0.0,0.0,True,True,False,0.0,False,False,46.289
651,32.55,3,yawning,yawning,0.998288,0.001314,0.000184,0.0,0.998288,0.000213,0.045774,0.951605,0.0,0.202072,0.157828,0.153834,0.0,0.0,0.0,True,True,False,0.0,False,False,37.203
652,32.6,3,yawning,yawning,0.998291,0.001313,0.000184,0.0,0.998291,0.000212,0.048142,0.950882,0.0,0.202906,0.158022,0.153668,0.0,0.0,0.0,True,True,False,0.0,False,False,37.212
653,32.65,3,yawning,yawning,0.998281,0.001322,0.000184,0.0,0.998281,0.000213,0.045496,0.951699,0.0,0.202901,0.15783,0.153499,0.0,0.0,0.0,True,True,False,0.0,False,False,37.491
654,32.7,3,yawning,yawning,0.998277,0.001328,0.000183,0.0,0.998277,0.000212,0.048987,0.950743,0.0,0.202909,0.158036,0.153336,0.0,0.0,0.0,True,True,False,0.0,False,False,37.807
655,32.75,3,yawning,yawning,0.998253,0.001349,0.000183,0.0,0.998253,0.000215,0.047714,0.950892,0.0,0.202895,0.158044,0.153171,0.0,0.0,0.0,True,True,False,0.0,False,False,46.123
656,32.8,3,yawning,yawning,0.998251,0.001351,0.000183,0.0,0.998251,0.000215,0.045087,0.950962,0.0,0.202082,0.157852,0.153003,0.0,0.0,0.0,True,True,False,0.0,False,False,37.161
657,32.85,3,yawning,yawning,0.998265,0.001341,0.000181,0.0,0.998265,0.000213,0.048035,0.950143,0.0,0.202728,0.158059,0.152839,0.0,0.0,0.0,True,True,False,0.0,False,False,37.339
658,32.9,3,yawning,yawning,0.998241,0.001364,0.000182,0.0,0.998241,0.000213,0.044429,0.950704,0.0,0.202682,0.157865,0.152671,0.0,0.0,0.0,True,True,False,0.0,False,False,37.252
659,32.95,3,yawning,yawning,0.998218,0.001387,0.000183,0.0,0.998218,0.000212,0.043659,0.950618,0.0,0.20263,0.158061,0.152502,0.0,0.0,0.0,True,True,False,0.0,False,False,37.134
660,33.0,3,yawning,yawning,0.998203,0.001409,0.000181,0.0,0.998203,0.000207,0.044503,0.950512,0.0,0.202611,0.158061,0.152335,0.0,0.0,0.0,True,True,False,0.0,False,False,46.026
661,33.05,3,yawning,yawning,0.998194,0.001418,0.00018,0.0,0.998194,0.000208,0.045207,0.950462,0.0,0.2018,0.157868,0.15217,0.0,0.0,0.0,True,True,False,0.0,False,False,37.277
662,33.1,3,yawning,yawning,0.998153,0.001455,0.000181,0.0,0.998153,0.000211,0.0463,0.950706,0.0,0.202586,0.158049,0.152006,0.0,0.0,0.0,True,True,False,0.0,False,False,37.329
663,33.15,3,yawning,yawning,0.998087,0.001514,0.000184,0.0,0.998087,0.000215,0.042546,0.951428,0.0,0.202569,0.157852,0.151837,0.0,0.0,0.0,True,True,False,0.0,False,False,37.321
664,33.2,3,yawning,yawning,0.998012,0.001582,0.000186,0.0,0.998012,0.00022,0.043777,0.950849,0.0,0.202557,0.158043,0.151671,0.0,0.0,0.0,True,True,False,0.0,False,False,37.198
665,33.25,3,yawning,yawning,0.997957,0.001637,0.000184,0.0,0.997957,0.000222,0.052646,0.947397,0.0,0.202591,0.158059,0.15152,0.0,0.0,0.0,True,True,False,0.0,False,False,46.026
666,33.3,3,yawning,yawning,0.99794,0.001654,0.000182,0.0,0.99794,0.000223,0.050844,0.947707,0.0,0.201812,0.157877,0.151366,0.0,0.0,0.0,True,True,False,0.0,False,False,37.284
667,33.35,3,yawning,yawning,0.998009,0.001592,0.000178,0.0,0.998009,0.000221,0.052583,0.948212,0.0,0.202161,0.157611,0.151215,0.0,0.0,0.0,True,True,False,0.0,False,False,37.307
668,33.4,3,yawning,yawning,0.998054,0.001551,0.000176,0.0,0.998054,0.000218,0.060334,0.946974,0.0,0.200158,0.157446,0.151076,0.0,0.0,0.0,True,True,False,0.0,False,False,37.461
669,33.45,3,yawning,yawning,0.998089,0.00152,0.000175,0.0,0.998089,0.000216,0.064547,0.94679,0.0,0.198043,0.157543,0.150945,0.0,0.0,0.0,True,True,False,0.0,False,False,37.028
670,33.5,3,yawning,yawning,0.998067,0.001537,0.000179,0.0,0.998067,0.000217,0.051922,0.949622,0.0,0.19587,0.157552,0.150794,0.0,0.0,0.0,True,True,False,0.0,False,False,45.994
671,33.55,3,yawning,yawning,0.998065,0.001543,0.000178,0.0,0.998065,0.000214,0.051666,0.949294,0.0,0.19513,0.157372,0.150643,0.0,0.0,0.0,True,True,False,0.0,False,False,37.409
672,33.6,3,yawning,yawning,0.99802,0.001585,0.00018,0.0,0.99802,0.000215,0.047569,0.950224,0.0,0.192153,0.157288,0.150487,0.0,0.0,0.0,True,True,False,0.0,False,False,37.387
673,33.65,3,yawning,yawning,0.997956,0.001642,0.000182,0.0,0.997956,0.00022,0.045062,0.95058,0.0,0.191161,0.157097,0.150327,0.0,0.0,0.0,True,True,False,0.0,False,False,37.548
674,33.7,3,yawning,yawning,0.997938,0.001662,0.000181,0.0,0.997938,0.000218,0.045526,0.950788,0.0,0.190829,0.156094,0.150168,0.0,0.0,0.0,True,True,False,0.0,False,False,37.316
675,33.75,3,yawning,yawning,0.997899,0.001703,0.000181,0.0,0.997899,0.000218,0.046264,0.950734,0.0,0.190779,0.155705,0.150011,0.0,0.0,0.0,True,True,False,0.0,False,False,46.276
676,33.8,3,yawning,yawning,0.997889,0.001717,0.000179,0.0,0.997889,0.000215,0.044905,0.951016,0.0,0.190029,0.155516,0.149852,0.0,0.0,0.0,True,True,False,0.0,False,False,37.305
677,33.85,3,yawning,yawning,0.99791,0.001699,0.000176,0.0,0.99791,0.000214,0.04663,0.951004,0.0,0.189771,0.155524,0.149696,0.0,0.0,0.0,True,True,False,0.0,False,False,37.399
678,33.9,3,yawning,yawning,0.997923,0.00169,0.000175,0.0,0.997923,0.000212,0.047441,0.950791,0.0,0.187638,0.15534,0.149542,0.0,0.0,0.0,True,True,False,0.0,False,False,37.2
679,33.95,3,yawning,yawning,0.997971,0.001645,0.000174,0.0,0.997971,0.00021,0.126779,0.934483,0.0,0.185728,0.15509,0.149509,0.0,0.0,0.0,True,True,False,0.0,False,False,37.569
680,34.0,3,yawning,yawning,0.998047,0.001565,0.000175,0.0,0.998047,0.000213,0.402812,0.889794,0.0,0.185271,0.155039,0.149865,0.0,0.0,0.0,True,True,False,0.0,False,False,46.196
681,34.05,3,yawning,yawning,0.9982,0.001413,0.000173,0.0,0.9982,0.000214,0.500422,0.843368,0.0,0.186706,0.15556,0.150331,0.0,0.0,0.0,True,True,False,0.0,False,False,37.237
682,34.1,3,yawning,yawning,0.998274,0.001342,0.000174,0.0,0.998274,0.00021,0.499053,0.853823,0.0,0.185842,0.155686,0.1508,0.0,0.0,0.0,True,True,False,0.0,False,False,37.191
683,34.15,3,yawning,yawning,0.998314,0.001306,0.000175,0.0,0.998314,0.000205,0.461635,0.889299,0.0,0.187116,0.156173,0.151235,0.0,0.0,0.0,True,True,False,0.0,False,False,37.066
684,34.2,3,yawning,yawning,0.998325,0.001297,0.000177,0.0,0.998325,0.000201,0.391576,0.908075,0.0,0.188686,0.156816,0.151578,0.0,0.0,0.0,True,True,False,0.24295,False,False,37.357
685,34.25,3,yawning,yawning,0.998299,0.001324,0.000178,0.0,0.998299,0.000199,0.247607,0.927582,0.0,0.189729,0.157156,0.151717,0.0,0.0,0.0,True,True,False,0.170624,False,False,46.085
686,34.3,3,yawning,yawning,0.998277,0.001348,0.000178,0.0,0.998277,0.000198,0.123079,0.94176,0.0,0.18939,0.157099,0.151675,0.0,0.0,0.0,True,True,False,0.165131,False,False,37.347
687,34.35,3,yawning,yawning,0.998238,0.001386,0.000178,0.0,0.998238,0.000198,0.061354,0.95058,0.0,0.190287,0.157304,0.151541,0.0,0.0,0.0,True,True,False,0.104706,False,False,37.476
688,34.4,3,yawning,yawning,0.99823,0.001394,0.000177,0.0,0.99823,0.000198,0.044879,0.953745,0.0,0.190315,0.157112,0.151382,0.0,0.0,0.0,True,True,False,0.0,False,False,37.161
689,34.45,3,yawning,yawning,0.99826,0.001365,0.000176,0.0,0.99826,0.000199,0.221557,0.925831,0.0,0.191229,0.156916,0.151483,0.0,0.0,0.0,True,True,False,0.0,False,False,37.221
690,34.5,3,yawning,yawning,0.998298,0.001307,0.000183,0.0,0.998298,0.000212,0.493247,0.839706,0.0,0.191421,0.156943,0.15193,0.0,0.0,0.0,True,True,False,0.0,False,False,46.085
691,34.55,3,yawning,yawning,0.998323,0.001261,0.00019,0.0,0.998323,0.000226,0.5444,0.818502,0.0,0.192982,0.157511,0.15243,0.0,0.0,0.0,True,True,False,0.0,False,False,37.711
692,34.6,3,yawning,yawning,0.998341,0.001234,0.000195,0.0,0.998341,0.00023,0.555303,0.824529,0.0,0.191812,0.157722,0.152946,0.0,0.0,0.0,True,True,False,0.0,False,False,37.403
693,34.65,3,yawning,yawning,0.998365,0.001225,0.000191,0.0,0.998365,0.000218,0.503899,0.873206,0.0,0.192219,0.158264,0.153421,0.0,0.0,0.0,True,True,False,0.0,False,False,37.445
694,34.7,3,yawning,yawning,0.998364,0.00124,0.000188,0.0,0.998364,0.000208,0.4379,0.901,0.0,0.193147,0.159054,0.153818,0.0,0.0,0.0,True,True,False,0.0,False,False,37.623
695,34.75,3,yawning,yawning,0.998328,0.001281,0.000187,0.0,0.998328,0.000204,0.29164,0.922573,0.0,0.194141,0.159473,0.154015,0.0,0.0,0.0,True,True,False,0.0,False,False,46.815
696,34.8,3,yawning,yawning,0.998299,0.001316,0.000185,0.0,0.998299,0.000201,0.125848,0.939625,0.0,0.193794,0.159417,0.153974,0.0,0.0,0.0,True,True,False,0.0,False,False,37.689
697,34.85,3,yawning,yawning,0.998243,0.001372,0.000183,0.0,0.998243,0.000201,0.054749,0.950138,0.0,0.194641,0.158332,0.153829,0.0,0.0,0.0,True,True,False,0.0,False,False,37.795
698,34.9,3,yawning,yawning,0.998187,0.001429,0.000182,0.0,0.998187,0.000203,0.041124,0.953157,0.0,0.194663,0.158131,0.153663,0.0,0.0,0.0,True,True,False,0.0,False,False,37.782
699,34.95,3,yawning,yawning,0.998125,0.001487,0.000182,0.0,0.998125,0.000207,0.038399,0.95319,0.0,0.194666,0.157462,0.153494,0.0,0.0,0.0,True,True,False,0.0,False,False,37.722
700,35.0,3,yawning,yawning,0.998042,0.00156,0.000184,0.0,0.998042,0.000215,0.037857,0.953332,0.0,0.192736,0.157379,0.153325,0.0,0.0,0.0,True,True,False,0.0,False,False,46.055
701,35.05,3,yawning,yawning,0.997967,0.001627,0.000185,0.0,0.997967,0.000221,0.043004,0.951381,0.0,0.191966,0.157184,0.153164,0.0,0.0,0.0,True,True,False,0.0,False,False,37.523
702,35.1,3,yawning,yawning,0.998099,0.001497,0.00018,0.0,0.998099,0.000223,0.431748,0.873069,0.0,0.190356,0.158005,0.153536,0.0,0.0,0.0,True,True,False,0.0,False,False,37.261
703,35.15,3,yawning,yawning,0.998256,0.00134,0.000176,0.0,0.998256,0.000228,0.516935,0.80946,0.0,0.19099,0.158526,0.153986,0.0,0.0,0.0,True,True,False,0.0,False,False,37.254
704,35.2,3,yawning,yawning,0.998316,0.001278,0.000179,0.0,0.998316,0.000227,0.499234,0.861145,0.0,0.192502,0.159469,0.15444,0.0,0.0,0.0,True,True,False,0.0,False,False,37.295
705,35.25,3,yawning,yawning,0.998307,0.001293,0.000182,0.0,0.998307,0.000218,0.44026,0.898983,0.0,0.194336,0.160128,0.154832,0.0,0.0,0.0,True,True,False,0.0,False,False,45.933
706,35.3,3,yawning,yawning,0.998242,0.001353,0.000188,0.0,0.998242,0.000217,0.303405,0.924909,0.0,0.194881,0.160366,0.155041,0.0,0.0,0.0,True,True,False,0.179321,False,False,37.59
707,35.35,3,yawning,yawning,0.998168,0.001421,0.000191,0.0,0.998168,0.00022,0.129246,0.943676,0.0,0.196128,0.160703,0.155004,0.0,0.0,0.0,True,True,False,0.018646,False,False,37.218
708,35.4,3,yawning,yawning,0.998069,0.001512,0.000194,0.0,0.998069,0.000225,0.05575,0.953163,0.0,0.196226,0.160524,0.154861,0.0,0.0,0.0,True,True,False,0.0159,False,False,37.387
709,35.45,3,yawning,yawning,0.998,0.001577,0.000194,0.0,0.998,0.000229,0.041199,0.955796,0.0,0.196245,0.160715,0.154696,0.0,0.0,0.0,True,True,False,0.0159,False,False,37.305
710,35.5,3,yawning,yawning,0.997948,0.001626,0.000193,0.0,0.997948,0.000234,0.037748,0.955531,0.0,0.196243,0.16068,0.154527,0.0,0.0,0.0,True,True,False,0.0,False,False,46.318
711,35.55,3,yawning,yawning,0.997897,0.001674,0.000193,0.0,0.997897,0.000236,0.03795,0.954449,0.0,0.195426,0.16047,0.154359,0.0,0.0,0.0,True,True,False,0.0,False,False,37.738
712,35.6,3,yawning,yawning,0.997928,0.001644,0.000191,0.0,0.997928,0.000236,0.074864,0.944946,0.0,0.196409,0.159453,0.154245,0.0,0.0,0.0,True,True,False,0.0,False,False,37.462
713,35.65,3,yawning,yawning,0.998058,0.001505,0.000191,0.0,0.998058,0.000246,0.461169,0.856755,0.0,0.197559,0.159916,0.154642,0.0,0.0,0.0,True,True,False,0.0,False,False,37.309
714,35.7,3,yawning,yawning,0.998132,0.001429,0.000194,0.0,0.998132,0.000245,0.501412,0.842813,0.0,0.197612,0.159942,0.155082,0.0,0.0,0.0,True,True,False,0.0,False,False,37.742
715,35.75,3,yawning,yawning,0.998176,0.001399,0.000192,0.0,0.998176,0.000233,0.430265,0.897115,0.0,0.197247,0.16047,0.155453,0.0,0.0,0.0,True,True,False,0.0,False,False,46.716
716,35.8,3,yawning,yawning,0.998177,0.001401,0.000192,0.0,0.998177,0.00023,0.275255,0.924546,0.0,0.197637,0.16066,0.155619,0.0,0.0,0.0,True,True,False,0.0,False,False,38.149
717,35.85,3,yawning,yawning,0.998191,0.001386,0.000191,0.0,0.998191,0.000232,0.119363,0.942453,0.0,0.194309,0.160979,0.155568,0.0,0.0,0.0,True,True,False,0.0,False,False,37.662
718,35.9,3,yawning,yawning,0.998137,0.001426,0.000195,0.0,0.998137,0.000242,0.053745,0.952171,0.0,0.192718,0.160795,0.155423,0.0,0.0,0.0,True,True,False,0.0,False,False,37.456
719,35.95,3,yawning,yawning,0.99807,0.001482,0.000199,0.0,0.99807,0.000248,0.042126,0.955087,0.0,0.191967,0.160061,0.155261,0.0,0.0,0.0,True,True,False,0.0,False,False,37.841
720,36.0,3,yawning,yawning,0.998011,0.001534,0.000203,0.0,0.998011,0.000252,0.038214,0.954714,0.0,0.191727,0.159463,0.155094,0.0,0.0,0.0,True,True,False,0.0,False,False,46.736
721,36.05,3,yawning,yawning,0.998022,0.001524,0.000202,0.0,0.998022,0.000252,0.036577,0.95407,0.0,0.190928,0.159252,0.154926,0.0,0.0,0.0,True,True,False,0.0,False,False,37.784
722,36.1,3,yawning,yawning,0.997997,0.001542,0.000204,0.0,0.997997,0.000257,0.037431,0.953403,0.0,0.18739,0.158988,0.154759,0.0,0.0,0.0,True,True,False,0.0,False,False,37.687
723,36.15,3,yawning,yawning,0.997672,0.001821,0.000221,0.0,0.997672,0.000286,0.038004,0.953325,0.0,0.185046,0.158782,0.154593,0.0,0.0,0.0,True,True,False,0.0,False,False,37.864
724,36.2,3,yawning,yawning,0.997036,0.002385,0.000244,0.0,0.997036,0.000334,0.038462,0.953063,0.0,0.182725,0.158946,0.154429,0.0,0.0,0.0,True,True,False,0.0,False,False,38.098
725,36.25,3,yawning,yawning,0.997232,0.002224,0.000228,0.0,0.997232,0.000315,0.042429,0.952244,0.0,0.180567,0.15895,0.154271,0.0,0.0,0.0,True,True,False,0.0,False,False,46.447
726,36.3,3,yawning,yawning,0.997651,0.001815,0.00022,0.0,0.997651,0.000313,0.445876,0.863146,0.0,0.181801,0.159394,0.154644,0.0,0.0,0.0,True,True,False,0.0,False,False,38.407
727,36.35,3,yawning,yawning,0.99786,0.001596,0.000224,0.0,0.99786,0.000319,0.524833,0.821214,0.0,0.181725,0.160334,0.155093,0.0,0.0,0.0,True,True,False,0.0,False,False,38.082
728,36.4,3,yawning,yawning,0.997968,0.001506,0.000226,0.0,0.997968,0.0003,0.532317,0.855716,0.0,0.183293,0.160905,0.15557,0.0,0.0,0.0,True,True,False,0.0,False,False,38.109
729,36.45,3,yawning,yawning,0.998049,0.001451,0.000225,0.0,0.998049,0.000275,0.495237,0.876975,0.0,0.183403,0.161841,0.15601,0.0,0.0,0.0,True,True,False,0.0,False,False,37.544
730,36.5,3,yawning,yawning,0.998104,0.001414,0.000221,0.0,0.998104,0.000261,0.41338,0.907855,0.0,0.182911,0.162458,0.156354,0.0,0.0,0.0,True,True,False,0.0,False,False,45.947
731,36.55,3,yawning,yawning,0.998141,0.001395,0.000215,0.0,0.998141,0.000249,0.245335,0.929312,0.0,0.183224,0.162596,0.156475,0.0,0.0,0.0,True,True,False,0.0,False,False,37.466
732,36.6,3,yawning,yawning,0.99818,0.001369,0.000209,0.0,0.99818,0.000242,0.108972,0.944656,0.0,0.180099,0.162917,0.15641,0.0,0.0,0.0,True,True,False,0.0,False,False,37.37
733,36.65,3,yawning,yawning,0.998265,0.001293,0.000204,0.0,0.998265,0.000239,0.451997,0.869955,0.0,0.180683,0.163368,0.156787,0.0,0.0,0.0,True,True,False,0.0,False,False,37.454
734,36.7,3,yawning,yawning,0.998279,0.001257,0.000211,0.0,0.998279,0.000252,0.532802,0.818887,0.0,0.182382,0.164336,0.157238,0.0,0.0,0.0,True,True,False,0.0,False,False,37.292
735,36.75,3,yawning,yawning,0.998304,0.00122,0.000216,0.0,0.998304,0.00026,0.581559,0.811997,0.0,0.18461,0.165159,0.157743,0.0,0.0,0.0,True,True,False,0.0,False,False,46.076
736,36.8,3,yawning,yawning,0.998347,0.001187,0.000214,0.0,0.998347,0.000252,0.560707,0.812931,0.0,0.186261,0.165737,0.158222,0.0,0.0,0.0,True,True,False,0.0,False,False,37.157
737,36.85,3,yawning,yawning,0.998373,0.001176,0.000209,0.0,0.998373,0.000242,0.507877,0.864924,0.0,0.189153,0.166681,0.158663,0.0,0.0,0.0,True,True,False,0.0,False,False,37.158
738,36.9,3,yawning,yawning,0.998387,0.001177,0.000204,0.0,0.998387,0.000232,0.44703,0.895628,0.0,0.19113,0.167132,0.15904,0.0,0.0,0.0,True,True,False,0.0,False,False,37.506
739,36.95,3,yawning,yawning,0.998393,0.001183,0.000201,0.0,0.998393,0.000223,0.326835,0.919558,0.0,0.192563,0.167831,0.159265,0.0,0.0,0.0,True,True,False,0.0,False,False,37.461
740,37.0,3,yawning,yawning,0.998402,0.001179,0.000198,0.0,0.998402,0.000221,0.231612,0.931544,0.0,0.193508,0.16816,0.159363,0.0,0.0,0.0,True,True,False,0.0,False,False,46.151
741,37.05,3,yawning,yawning,0.998412,0.001159,0.000201,0.0,0.998412,0.000228,0.477042,0.859733,0.0,0.194826,0.168637,0.159759,0.0,0.0,0.0,True,True,False,0.0,False,False,37.542
742,37.1,3,yawning,yawning,0.998406,0.001148,0.000206,0.0,0.998406,0.00024,0.547806,0.810156,0.0,0.197852,0.169639,0.160216,0.0,0.0,0.0,True,True,False,0.0,False,False,37.426
743,37.15,3,yawning,yawning,0.998432,0.001125,0.000205,0.0,0.998432,0.000239,0.552817,0.81588,0.0,0.200183,0.170201,0.16068,0.0,0.0,0.0,True,True,False,0.0,False,False,37.448
744,37.2,3,yawning,yawning,0.998405,0.001157,0.000204,0.0,0.998405,0.000234,0.484331,0.879989,0.0,0.202337,0.171154,0.161092,0.0,0.0,0.0,True,True,False,0.0,False,False,37.289
745,37.25,3,yawning,yawning,0.998401,0.001171,0.000201,0.0,0.998401,0.000228,0.394768,0.90689,0.0,0.204095,0.171746,0.161398,0.0,0.0,0.0,True,True,False,0.0,False,False,46.173
746,37.3,3,yawning,yawning,0.998389,0.001189,0.000198,0.0,0.998389,0.000223,0.230428,0.929058,0.0,0.204227,0.171844,0.161491,0.0,0.0,0.0,True,True,False,0.0,False,False,37.4
747,37.35,3,yawning,yawning,0.998375,0.001207,0.000197,0.0,0.998375,0.000221,0.119182,0.941027,0.0,0.205418,0.172214,0.161433,0.0,0.0,0.0,True,True,False,0.119939,False,False,37.497
748,37.4,3,yawning,yawning,0.998365,0.001223,0.000194,0.0,0.998365,0.000217,0.066536,0.948394,0.0,0.20551,0.172034,0.161304,0.0,0.0,0.0,True,True,False,0.0,False,False,37.284
749,37.45,3,yawning,yawning,0.998351,0.001243,0.000192,0.0,0.998351,0.000214,0.051132,0.951285,0.0,0.205521,0.172284,0.161153,0.0,0.0,0.0,True,True,False,0.0,False,False,37.472
750,37.5,3,yawning,yawning,0.998345,0.001253,0.000189,0.0,0.998345,0.000212,0.049199,0.95153,0.0,0.20554,0.1723,0.161,0.0,0.0,0.0,True,True,False,0.139209,False,False,45.998
751,37.55,3,yawning,yawning,0.998322,0.001275,0.000189,0.0,0.998322,0.000214,0.048891,0.951256,0.0,0.204733,0.172088,0.160847,0.0,0.0,0.0,True,True,False,0.118337,False,False,37.611
752,37.6,3,yawning,yawning,0.998311,0.001288,0.000188,0.0,0.998311,0.000213,0.050023,0.950849,0.0,0.205573,0.172339,0.160697,0.0,0.0,0.0,True,True,False,0.0,False,False,37.346
753,37.65,3,yawning,yawning,0.998302,0.001296,0.000188,0.0,0.998302,0.000214,0.050507,0.950394,0.0,0.20561,0.172131,0.160547,0.0,0.0,0.0,True,True,False,0.0,False,False,37.387
754,37.7,3,yawning,yawning,0.998302,0.001299,0.000186,0.0,0.998302,0.000213,0.056965,0.949228,0.0,0.205677,0.172395,0.160406,0.0,0.0,0.0,True,True,False,0.0,False,False,37.108
755,37.75,3,yawning,yawning,0.998295,0.001309,0.000184,0.0,0.998295,0.000212,0.052547,0.949932,0.0,0.20571,0.17242,0.16026,0.0,0.0,0.0,True,True,False,0.0,False,False,46.434
756,37.8,3,yawning,yawning,0.998289,0.001316,0.000184,0.0,0.998289,0.000212,0.047503,0.950713,0.0,0.204895,0.172206,0.160108,0.0,0.0,0.0,True,True,False,0.0,False,False,37.415
757,37.85,3,yawning,yawning,0.998284,0.00132,0.000184,0.0,0.998284,0.000213,0.045754,0.951687,0.0,0.205729,0.172443,0.159953,0.0,0.0,0.0,True,True,False,0.0,False,False,37.501
758,37.9,3,yawning,yawning,0.998286,0.001319,0.000183,0.0,0.998286,0.000212,0.047757,0.951092,0.0,0.205747,0.17223,0.159801,0.0,0.0,0.0,True,True,False,0.0,False,False,37.219
759,37.95,3,yawning,yawning,0.998274,0.001329,0.000184,0.0,0.998274,0.000214,0.045462,0.951786,0.0,0.205705,0.172445,0.159647,0.0,0.0,0.0,True,True,False,0.0,False,False,37.193
760,38.0,3,yawning,yawning,0.998261,0.001342,0.000183,0.0,0.998261,0.000213,0.045104,0.951648,0.0,0.205675,0.172442,0.159493,0.0,0.0,0.0,True,True,False,0.0,False,False,46.028
761,38.05,3,yawning,yawning,0.998249,0.001354,0.000183,0.0,0.998249,0.000214,0.045845,0.951343,0.0,0.204851,0.172225,0.15934,0.0,0.0,0.0,True,True,False,0.0,False,False,37.334
762,38.1,3,yawning,yawning,0.998255,0.001348,0.000182,0.0,0.998255,0.000215,0.047421,0.950918,0.0,0.20557,0.172455,0.159189,0.0,0.0,0.0,True,True,False,0.0,False,False,37.417
763,38.15,3,yawning,yawning,0.998268,0.001337,0.000181,0.0,0.998268,0.000214,0.048939,0.950199,0.0,0.205486,0.172244,0.159042,0.0,0.0,0.0,True,True,False,0.0,False,False,37.016
764,38.2,3,yawning,yawning,0.998257,0.001349,0.000181,0.0,0.998257,0.000213,0.047708,0.950333,0.0,0.205453,0.172485,0.158892,0.0,0.0,0.0,True,True,False,0.0,False,False,37.333
765,38.25,3,yawning,yawning,0.998225,0.00138,0.000183,0.0,0.998225,0.000213,0.045293,0.950222,0.0,0.20542,0.172495,0.158741,0.0,0.0,0.0,True,True,False,0.0,False,False,45.917
766,38.3,3,yawning,yawning,0.998205,0.001403,0.000182,0.0,0.998205,0.000211,0.043068,0.950782,0.0,0.204584,0.172274,0.158586,0.0,0.0,0.0,True,True,False,0.0,False,False,37.299
767,38.35,3,yawning,yawning,0.998207,0.001404,0.00018,0.0,0.998207,0.00021,0.045065,0.950376,0.0,0.205394,0.172509,0.158435,0.0,0.0,0.0,True,True,False,0.0,False,False,37.452
768,38.4,3,yawning,yawning,0.998197,0.001413,0.00018,0.0,0.998197,0.00021,0.044691,0.950937,0.0,0.205386,0.17229,0.158283,0.0,0.0,0.0,True,True,False,0.0,False,False,37.057
769,38.45,3,yawning,yawning,0.998137,0.001467,0.000183,0.0,0.998137,0.000214,0.041886,0.951411,0.0,0.20536,0.172519,0.158128,0.0,0.0,0.0,True,True,False,0.0,False,False,37.46
770,38.5,3,yawning,yawning,0.998045,0.001553,0.000184,0.0,0.998045,0.000218,0.042655,0.949538,0.0,0.205345,0.172517,0.157975,0.0,0.0,0.0,True,True,False,0.0,False,False,46.065
771,38.55,3,yawning,yawning,0.997985,0.001612,0.000183,0.0,0.997985,0.000221,0.051636,0.947025,0.0,0.204556,0.172311,0.157834,0.0,0.0,0.0,True,True,False,0.0,False,False,37.293
772,38.6,3,yawning,yawning,0.997907,0.001687,0.000183,0.0,0.997907,0.000223,0.049623,0.947276,0.0,0.205369,0.172554,0.157691,0.0,0.0,0.0,True,True,False,0.0,False,False,37.467
773,38.65,3,yawning,yawning,0.997985,0.001617,0.000178,0.0,0.997985,0.000221,0.051381,0.947892,0.0,0.204942,0.172348,0.157551,0.0,0.0,0.0,True,True,False,0.0,False,False,37.114
774,38.7,3,yawning,yawning,0.998011,0.00159,0.000178,0.0,0.998011,0.000221,0.052665,0.948224,0.0,0.202898,0.172599,0.157413,0.0,0.0,0.0,True,True,False,0.0,False,False,37.097
775,38.75,3,yawning,yawning,0.998064,0.001544,0.000175,0.0,0.998064,0.000217,0.059503,0.947792,0.0,0.200751,0.172634,0.157284,0.0,0.0,0.0,True,True,False,0.0,False,False,45.843
776,38.8,3,yawning,yawning,0.998035,0.001572,0.000177,0.0,0.998035,0.000216,0.066401,0.946341,0.0,0.200063,0.172453,0.157165,0.0,0.0,0.0,True,True,False,0.0,False,False,38.173
777,38.85,3,yawning,yawning,0.998032,0.001577,0.000177,0.0,0.998032,0.000214,0.058524,0.947627,0.0,0.196662,0.172156,0.157035,0.0,0.0,0.0,True,True,False,0.0,False,False,38.203
778,38.9,3,yawning,yawning,0.998072,0.001546,0.000174,0.0,0.998072,0.000208,0.058115,0.947606,0.0,0.195026,0.171962,0.156906,0.0,0.0,0.0,True,True,False,0.0,False,False,37.523
779,38.95,3,yawning,yawning,0.998012,0.001597,0.000177,0.0,0.998012,0.000213,0.048611,0.94941,0.0,0.194066,0.170844,0.156764,0.0,0.0,0.0,True,True,False,0.0,False,False,37.39
780,39.0,3,yawning,yawning,0.998024,0.001587,0.000177,0.0,0.998024,0.000212,0.048056,0.950422,0.0,0.19376,0.170358,0.156621,0.0,0.0,0.0,True,True,False,0.0,False,False,46.201
781,39.05,3,yawning,yawning,0.997985,0.001625,0.000177,0.0,0.997985,0.000213,0.047198,0.950642,0.0,0.193007,0.170148,0.156478,0.0,0.0,0.0,True,True,False,0.0,False,False,37.955
782,39.1,3,yawning,yawning,0.997969,0.001644,0.000176,0.0,0.997969,0.000211,0.045043,0.951074,0.0,0.193713,0.170077,0.156332,0.0,0.0,0.0,True,True,False,0.0,False,False,37.624
783,39.15,3,yawning,yawning,0.997971,0.001643,0.000175,0.0,0.997971,0.000211,0.046823,0.951031,0.0,0.192715,0.169867,0.156189,0.0,0.0,0.0,True,True,False,0.0,False,False,37.16
784,39.2,3,yawning,yawning,0.997967,0.001648,0.000174,0.0,0.997967,0.00021,0.047589,0.950829,0.0,0.190581,0.170086,0.156047,0.0,0.0,0.0,True,True,False,0.0,False,False,37.267
785,39.25,3,yawning,yawning,0.998008,0.001611,0.000173,0.0,0.998008,0.000208,0.128801,0.934135,0.0,0.188683,0.170236,0.156013,0.0,0.0,0.0,True,True,False,0.0,False,False,46.224
786,39.3,3,yawning,yawning,0.998074,0.001541,0.000173,0.0,0.998074,0.000211,0.395594,0.892317,0.0,0.18968,0.170598,0.156305,0.0,0.0,0.0,True,True,False,0.0,False,False,37.241
787,39.35,3,yawning,yawning,0.998218,0.001397,0.000172,0.0,0.998218,0.000213,0.500812,0.84094,0.0,0.188238,0.171551,0.156701,0.0,0.0,0.0,True,True,False,0.0,False,False,37.356
788,39.4,3,yawning,yawning,0.998285,0.001331,0.000174,0.0,0.998285,0.00021,0.502447,0.847264,0.0,0.188751,0.172056,0.157101,0.0,0.0,0.0,True,True,False,0.0,False,False,37.281
789,39.45,3,yawning,yawning,0.998324,0.001296,0.000175,0.0,0.998324,0.000205,0.465172,0.887202,0.0,0.190026,0.172979,0.157474,0.0,0.0,0.0,True,True,False,0.0,False,False,37.167
790,39.5,3,yawning,yawning,0.998333,0.001289,0.000177,0.0,0.998333,0.000201,0.395676,0.906939,0.0,0.19161,0.173569,0.157768,0.0,0.0,0.0,True,True,False,0.233795,False,False,46.008
791,39.55,3,yawning,yawning,0.998306,0.001317,0.000178,0.0,0.998306,0.000198,0.254053,0.926812,0.0,0.191922,0.173703,0.15789,0.0,0.0,0.0,True,True,False,0.18161,False,False,37.339
792,39.6,3,yawning,yawning,0.998283,0.001342,0.000178,0.0,0.998283,0.000197,0.127179,0.941305,0.0,0.193146,0.174081,0.15785,0.0,0.0,0.0,True,True,False,0.106537,False,False,37.401
793,39.65,3,yawning,yawning,0.998244,0.001381,0.000178,0.0,0.998244,0.000198,0.0623,0.950353,0.0,0.193269,0.17389,0.157727,0.0,0.0,0.0,True,True,False,0.086395,False,False,37.557
794,39.7,3,yawning,yawning,0.998235,0.00139,0.000177,0.0,0.998235,0.000198,0.044818,0.953746,0.0,0.193302,0.174116,0.157581,0.0,0.0,0.0,True,True,False,0.019104,False,False,38.327
795,39.75,3,yawning,yawning,0.998264,0.001362,0.000176,0.0,0.998264,0.000199,0.215622,0.927133,0.0,0.194188,0.17441,0.157654,0.0,0.0,0.0,True,True,False,0.0,False,False,45.837
796,39.8,3,yawning,yawning,0.998305,0.001301,0.000182,0.0,0.998305,0.000212,0.492831,0.840241,0.0,0.195544,0.174892,0.158035,0.0,0.0,0.0,True,True,False,0.0,False,False,37.066
797,39.85,3,yawning,yawning,0.998331,0.001254,0.00019,0.0,0.998331,0.000226,0.543974,0.817877,0.0,0.194549,0.175896,0.158461,0.0,0.0,0.0,True,True,False,0.0,False,False,37.083
798,39.9,3,yawning,yawning,0.99836,0.00122,0.000193,0.0,0.99836,0.000227,0.556744,0.822268,0.0,0.194746,0.17646,0.158903,0.0,0.0,0.0,True,True,False,0.0,False,False,37.068
799,39.95,3,yawning,yawning,0.99838,0.001213,0.00019,0.0,0.99838,0.000216,0.504276,0.872603,0.0,0.195023,0.176253,0.159309,0.0,0.0,0.0,True,True,False,0.0,False,False,37.113
800,40.0,3,yawning,yawning,0.998376,0.001231,0.000187,0.0,0.998376,0.000206,0.43717,0.901062,0.0,0.195678,0.176205,0.159646,0.0,0.0,0.0,True,True,False,0.0,False,False,46.073
801,40.05,3,yawning,yawning,0.998347,0.001264,0.000186,0.0,0.998347,0.000203,0.298925,0.922618,0.0,0.196193,0.176409,0.159819,0.0,0.0,0.0,True,True,False,0.0,False,False,37.104
802,40.1,3,yawning,yawning,0.998313,0.001301,0.000185,0.0,0.998313,0.000201,0.13267,0.939035,0.0,0.196954,0.175887,0.159784,0.0,0.0,0.0,True,True,False,0.0,False,False,37.384
803,40.15,3,yawning,yawning,0.998261,0.001353,0.000184,0.0,0.998261,0.000202,0.05686,0.949888,0.0,0.19704,0.175683,0.159653,0.0,0.0,0.0,True,True,False,0.0,False,False,37.151
804,40.2,3,yawning,yawning,0.998207,0.001407,0.000183,0.0,0.998207,0.000203,0.041585,0.953113,0.0,0.197062,0.175814,0.159503,0.0,0.0,0.0,True,True,False,0.0,False,False,37.487
805,40.25,3,yawning,yawning,0.998137,0.001473,0.000183,0.0,0.998137,0.000207,0.038207,0.95358,0.0,0.197066,0.175811,0.159348,0.0,0.0,0.0,True,True,False,0.0,False,False,46.361
806,40.3,3,yawning,yawning,0.998063,0.001538,0.000185,0.0,0.998063,0.000214,0.037274,0.953439,0.0,0.196242,0.175573,0.159192,0.0,0.0,0.0,True,True,False,0.0,False,False,38.371
807,40.35,3,yawning,yawning,0.998,0.001597,0.000185,0.0,0.998,0.000218,0.038881,0.952967,0.0,0.19484,0.175806,0.15904,0.0,0.0,0.0,True,True,False,0.0,False,False,37.898
808,40.4,3,yawning,yawning,0.998122,0.001474,0.000181,0.0,0.998122,0.000223,0.428825,0.873149,0.0,0.194551,0.176204,0.159353,0.0,0.0,0.0,True,True,False,0.0,False,False,37.637
809,40.45,3,yawning,yawning,0.998218,0.001358,0.000185,0.0,0.998218,0.000239,0.521209,0.814291,0.0,0.194858,0.177169,0.159746,0.0,0.0,0.0,True,True,False,0.0,False,False,37.705
810,40.5,3,yawning,yawning,0.998302,0.00128,0.000185,0.0,0.998302,0.000233,0.500068,0.864452,0.0,0.19591,0.177898,0.160137,0.0,0.0,0.0,True,True,False,0.0,False,False,46.354
811,40.55,3,yawning,yawning,0.998325,0.001267,0.000186,0.0,0.998325,0.000222,0.461179,0.89055,0.0,0.197188,0.178352,0.160493,0.0,0.0,0.0,True,True,False,0.0,False,False,37.596
812,40.6,3,yawning,yawning,0.998271,0.001321,0.00019,0.0,0.998271,0.000218,0.346703,0.919296,0.0,0.199118,0.179098,0.16072,0.0,0.0,0.0,True,True,False,0.087997,False,False,38.223
813,40.65,3,yawning,yawning,0.998188,0.001399,0.000193,0.0,0.998188,0.00022,0.172355,0.938207,0.0,0.199798,0.179087,0.160734,0.0,0.0,0.0,True,True,False,0.0,False,False,37.85
814,40.7,3,yawning,yawning,0.998101,0.00148,0.000195,0.0,0.998101,0.000224,0.068602,0.950782,0.0,0.19996,0.179363,0.160618,0.0,0.0,0.0,True,True,False,0.0,False,False,37.987
815,40.75,3,yawning,yawning,0.998024,0.001553,0.000196,0.0,0.998024,0.000227,0.043184,0.955396,0.0,0.199992,0.178816,0.16047,0.0,0.0,0.0,True,True,False,0.0,False,False,46.485
816,40.8,3,yawning,yawning,0.997978,0.001596,0.000195,0.0,0.997978,0.000231,0.038747,0.955667,0.0,0.199158,0.178574,0.160316,0.0,0.0,0.0,True,True,False,0.0,False,False,38.006
817,40.85,3,yawning,yawning,0.997924,0.001648,0.000194,0.0,0.997924,0.000234,0.036602,0.955077,0.0,0.199972,0.177443,0.160161,0.0,0.0,0.0,True,True,False,0.0,False,False,37.576
818,40.9,3,yawning,yawning,0.997953,0.00162,0.000192,0.0,0.997953,0.000235,0.070789,0.945622,0.0,0.200137,0.177262,0.16005,0.0,0.0,0.0,True,True,False,0.0,False,False,37.995
819,40.95,3,yawning,yawning,0.998032,0.001538,0.00019,0.0,0.998032,0.00024,0.458072,0.856756,0.0,0.201282,0.177559,0.160385,0.0,0.0,0.0,True,True,False,0.0,False,False,37.856
820,41.0,3,yawning,yawning,0.998106,0.001462,0.000191,0.0,0.998106,0.00024,0.500903,0.840182,0.0,0.201328,0.178231,0.160761,0.0,0.0,0.0,True,True,False,0.0,False,False,46.065
821,41.05,3,yawning,yawning,0.998142,0.001434,0.000192,0.0,0.998142,0.000232,0.446652,0.892118,0.0,0.202513,0.178662,0.161095,0.0,0.0,0.0,True,True,False,0.0,False,False,37.421
822,41.1,3,yawning,yawning,0.998149,0.001433,0.000191,0.0,0.998149,0.000227,0.305657,0.920987,0.0,0.199981,0.179345,0.16127,0.0,0.0,0.0,True,True,False,0.0,False,False,37.486
823,41.15,3,yawning,yawning,0.998163,0.001418,0.000189,0.0,0.998163,0.000229,0.137674,0.940251,0.0,0.198326,0.179275,0.161241,0.0,0.0,0.0,True,True,False,0.0,False,False,37.748
824,41.2,3,yawning,yawning,0.998112,0.001457,0.000193,0.0,0.998112,0.000238,0.058505,0.951457,0.0,0.196772,0.179524,0.161113,0.0,0.0,0.0,True,True,False,0.0,False,False,37.857
825,41.25,3,yawning,yawning,0.998039,0.001518,0.000198,0.0,0.998039,0.000245,0.04284,0.95511,0.0,0.196045,0.17952,0.160966,0.0,0.0,0.0,True,True,False,0.0,False,False,46.304
826,41.3,3,yawning,yawning,0.997983,0.001566,0.000201,0.0,0.997983,0.00025,0.03852,0.954937,0.0,0.195231,0.179278,0.160813,0.0,0.0,0.0,True,True,False,0.0,False,False,37.679
827,41.35,3,yawning,yawning,0.997999,0.00155,0.000201,0.0,0.997999,0.00025,0.036617,0.954193,0.0,0.193787,0.179484,0.160659,0.0,0.0,0.0,True,True,False,0.0,False,False,38.785
828,41.4,3,yawning,yawning,0.997994,0.00155,0.000202,0.0,0.997994,0.000254,0.03739,0.953459,0.0,0.191464,0.17924,0.160506,0.0,0.0,0.0,True,True,False,0.0,False,False,38.425
829,41.45,3,yawning,yawning,0.997665,0.001832,0.000219,0.0,0.997665,0.000283,0.038133,0.953329,0.0,0.189126,0.179455,0.160355,0.0,0.0,0.0,True,True,False,0.0,False,False,38.14
830,41.5,3,yawning,yawning,0.997056,0.002375,0.00024,0.0,0.997056,0.000329,0.03861,0.953042,0.0,0.186799,0.179443,0.160204,0.0,0.0,0.0,True,True,False,0.0,False,False,46.356
831,41.55,3,yawning,yawning,0.997223,0.002227,0.000229,0.0,0.997223,0.000321,0.042362,0.952184,0.0,0.186057,0.179208,0.160059,0.0,0.0,0.0,True,True,False,0.0,False,False,37.593
832,41.6,3,yawning,yawning,0.997593,0.001846,0.000226,0.0,0.997593,0.000335,0.445638,0.86272,0.0,0.184711,0.180086,0.160378,0.0,0.0,0.0,True,True,False,0.0,False,False,37.554
833,41.65,3,yawning,yawning,0.99779,0.001623,0.000235,0.0,0.99779,0.000352,0.524859,0.821859,0.0,0.185764,0.180597,0.160765,0.0,0.0,0.0,True,True,False,0.0,False,False,37.605
834,41.7,3,yawning,yawning,0.997901,0.001522,0.00024,0.0,0.997901,0.000336,0.53289,0.859339,0.0,0.187319,0.181622,0.161178,0.0,0.0,0.0,True,True,False,0.0,False,False,37.66
835,41.75,3,yawning,yawning,0.997996,0.001469,0.000235,0.0,0.997996,0.000299,0.496721,0.876658,0.0,0.187454,0.182362,0.161557,0.0,0.0,0.0,True,True,False,0.0,False,False,46.02
836,41.8,3,yawning,yawning,0.998071,0.001433,0.000225,0.0,0.998071,0.000271,0.414255,0.908339,0.0,0.188566,0.182741,0.161853,0.0,0.0,0.0,True,True,False,0.905607,False,False,37.542
837,41.85,3,yawning,yawning,0.998109,0.001422,0.000216,0.0,0.998109,0.000254,0.245713,0.929547,0.0,0.185702,0.183309,0.161953,0.0,0.0,0.0,True,True,False,0.924833,False,False,37.564
838,41.9,3,yawning,yawning,0.998159,0.001392,0.000207,0.0,0.998159,0.000242,0.110221,0.944626,0.0,0.1839,0.183185,0.16189,0.0,0.0,0.0,True,True,False,1.0,False,False,37.796
839,41.95,3,yawning,yawning,0.99826,0.001303,0.0002,0.0,0.99826,0.000237,0.45713,0.866628,0.0,0.184151,0.18409,0.162219,0.0,0.0,0.0,True,True,False,1.0,False,False,37.999
840,42.0,3,yawning,yawning,0.998271,0.001266,0.000209,0.0,0.998271,0.000254,0.533427,0.818296,0.0,0.185461,0.184836,0.162608,0.0,0.0,0.0,True,True,False,0.0,False,False,46.293
841,42.05,3,yawning,yawning,0.998297,0.001227,0.000214,0.0,0.998297,0.000262,0.582324,0.812239,0.0,0.187547,0.185419,0.163045,0.0,0.0,0.0,True,True,False,0.0,False,False,37.517
842,42.1,3,yawning,yawning,0.998352,0.001184,0.000211,0.0,0.998352,0.000253,0.567106,0.829226,0.0,0.189879,0.186476,0.163474,0.0,0.0,0.0,True,True,False,0.0,False,False,37.497
843,42.15,3,yawning,yawning,0.998382,0.001169,0.000207,0.0,0.998382,0.000242,0.509922,0.868896,0.0,0.192112,0.186984,0.163859,0.0,0.0,0.0,True,True,False,0.967863,False,False,37.324
844,42.2,3,yawning,yawning,0.998384,0.001176,0.000205,0.0,0.998384,0.000236,0.453411,0.89844,0.0,0.194133,0.1879,0.164191,0.0,0.0,0.0,True,True,False,0.889128,False,False,37.526
845,42.25,3,yawning,yawning,0.998391,0.001181,0.000201,0.0,0.998391,0.000227,0.336938,0.920437,0.0,0.195602,0.188397,0.164394,0.0,0.0,0.0,True,True,False,0.88043,False,False,46.442
846,42.3,3,yawning,yawning,0.998389,0.001194,0.000198,0.0,0.998389,0.000219,0.177803,0.938756,0.0,0.196267,0.188379,0.16441,0.0,0.0,0.0,True,True,False,0.823896,False,False,38.381
847,42.35,3,yawning,yawning,0.998405,0.001168,0.000199,0.0,0.998405,0.000228,0.459661,0.868984,0.0,0.198264,0.189303,0.164736,0.0,0.0,0.0,True,True,False,0.823896,False,False,37.789
848,42.4,3,yawning,yawning,0.998383,0.001167,0.000207,0.0,0.998383,0.000244,0.547987,0.813143,0.0,0.200543,0.18983,0.165132,0.0,0.0,0.0,True,True,False,0.877913,False,False,38.092
849,42.45,3,yawning,yawning,0.998413,0.00114,0.000205,0.0,0.998413,0.000242,0.553463,0.816729,0.0,0.20288,0.190867,0.165535,0.0,0.0,0.0,True,True,False,0.0,False,False,38.022
850,42.5,3,yawning,yawning,0.998404,0.001154,0.000204,0.0,0.998404,0.000238,0.507532,0.854195,0.0,0.205102,0.191603,0.165906,0.0,0.0,0.0,True,True,False,0.0,False,False,46.433
851,42.55,3,yawning,yawning,0.998398,0.001169,0.000202,0.0,0.998398,0.000231,0.442114,0.892909,0.0,0.207081,0.192007,0.166218,0.0,0.0,0.0,True,True,False,0.0,False,False,37.757
852,42.6,3,yawning,yawning,0.998392,0.001182,0.0002,0.0,0.998392,0.000226,0.321643,0.915451,0.0,0.208476,0.192733,0.166398,0.0,0.0,0.0,True,True,False,0.0,False,False,37.516
853,42.65,3,yawning,yawning,0.99838,0.001199,0.000198,0.0,0.99838,0.000223,0.180567,0.93173,0.0,0.20918,0.192713,0.166415,0.0,0.0,0.0,True,True,False,0.900572,False,False,37.708
854,42.7,3,yawning,yawning,0.998377,0.00121,0.000195,0.0,0.998377,0.000219,0.101029,0.941202,0.0,0.209455,0.193088,0.166337,0.0,0.0,0.0,True,True,False,0.900572,False,False,37.633
855,42.75,3,yawning,yawning,0.998361,0.001232,0.000193,0.0,0.998361,0.000215,0.061386,0.948786,0.0,0.209528,0.193129,0.166212,0.0,0.0,0.0,True,True,False,0.900572,False,False,46.091
856,42.8,3,yawning,yawning,0.998339,0.001258,0.00019,0.0,0.998339,0.000213,0.04739,0.951902,0.0,0.209539,0.192878,0.166069,0.0,0.0,0.0,True,True,False,0.904463,False,False,37.722
857,42.85,3,yawning,yawning,0.998318,0.001278,0.000189,0.0,0.998318,0.000215,0.045621,0.952079,0.0,0.209524,0.193151,0.165925,0.0,0.0,0.0,True,True,False,0.861204,False,False,37.272
858,42.9,3,yawning,yawning,0.998311,0.001288,0.000187,0.0,0.998311,0.000214,0.043922,0.952382,0.0,0.20952,0.192894,0.165779,0.0,0.0,0.0,True,True,False,0.675079,False,False,37.337
859,42.95,3,yawning,yawning,0.998297,0.001302,0.000186,0.0,0.998297,0.000214,0.048346,0.950978,0.0,0.209544,0.193149,0.165639,0.0,0.0,0.0,True,True,False,0.0,False,False,37.544
860,43.0,3,yawning,yawning,0.998275,0.001322,0.000187,0.0,0.998275,0.000216,0.049248,0.950875,0.0,0.209569,0.193154,0.1655,0.0,0.0,0.0,True,True,False,0.0,False,False,46.781
861,43.05,3,yawning,yawning,0.998279,0.001325,0.000184,0.0,0.998279,0.000212,0.049567,0.950446,0.0,0.209591,0.192908,0.165362,0.0,0.0,0.0,True,True,False,0.0,False,False,38.202
862,43.1,3,yawning,yawning,0.998288,0.00132,0.000182,0.0,0.998288,0.00021,0.049457,0.950463,0.0,0.209608,0.193177,0.165224,0.0,0.0,0.0,True,True,False,0.0,False,False,37.894
863,43.15,3,yawning,yawning,0.998282,0.001324,0.000182,0.0,0.998282,0.000211,0.046675,0.951508,0.0,0.209629,0.192925,0.165083,0.0,0.0,0.0,True,True,False,0.0,False,False,37.752
864,43.2,3,yawning,yawning,0.998288,0.001321,0.000181,0.0,0.998288,0.000209,0.046105,0.951411,0.0,0.209641,0.193185,0.164942,0.0,0.0,0.0,True,True,False,0.0,False,False,38.099
865,43.25,3,yawning,yawning,0.998279,0.001327,0.000182,0.0,0.998279,0.000211,0.044961,0.951733,0.0,0.209597,0.193189,0.1648,0.0,0.0,0.0,True,True,False,0.0,False,False,46.28
866,43.3,3,yawning,yawning,0.998267,0.001339,0.000182,0.0,0.998267,0.000212,0.045062,0.951713,0.0,0.209564,0.192934,0.164658,0.0,0.0,0.0,True,True,False,0.0,False,False,37.6
867,43.35,3,yawning,yawning,0.998254,0.001349,0.000183,0.0,0.998254,0.000214,0.045481,0.951487,0.0,0.209524,0.193206,0.164517,0.0,0.0,0.0,True,True,False,0.0,False,False,37.389
868,43.4,3,yawning,yawning,0.998261,0.001342,0.000183,0.0,0.998261,0.000215,0.047029,0.95111,0.0,0.209452,0.192954,0.164378,0.0,0.0,0.0,True,True,False,0.0,False,False,37.48
869,43.45,3,yawning,yawning,0.998275,0.00133,0.000182,0.0,0.998275,0.000213,0.04893,0.950264,0.0,0.209368,0.193219,0.164242,0.0,0.0,0.0,True,True,False,0.0,False,False,37.437
870,43.5,3,yawning,yawning,0.99826,0.001345,0.000182,0.0,0.99826,0.000213,0.04797,0.950196,0.0,0.209347,0.193216,0.164105,0.0,0.0,0.0,True,True,False,0.0,False,False,46.011
871,43.55,3,yawning,yawning,0.99823,0.001374,0.000183,0.0,0.99823,0.000213,0.045008,0.950426,0.0,0.209312,0.192961,0.163965,0.0,0.0,0.0,True,True,False,0.0,False,False,37.339
872,43.6,3,yawning,yawning,0.998215,0.001391,0.000182,0.0,0.998215,0.000212,0.04255,0.951075,0.0,0.209285,0.193193,0.163823,0.0,0.0,0.0,True,True,False,0.0,False,False,37.718
873,43.65,3,yawning,yawning,0.998219,0.001389,0.000181,0.0,0.998219,0.00021,0.04551,0.95039,0.0,0.209287,0.192939,0.163684,0.0,0.0,0.0,True,True,False,0.0,False,False,37.802
874,43.7,3,yawning,yawning,0.998201,0.001406,0.000181,0.0,0.998201,0.000212,0.046272,0.950718,0.0,0.209291,0.193166,0.163546,0.0,0.0,0.0,True,True,False,0.0,False,False,37.632
875,43.75,3,yawning,yawning,0.998144,0.001457,0.000184,0.0,0.998144,0.000215,0.042049,0.950773,0.0,0.209269,0.193163,0.163404,0.0,0.0,0.0,True,True,False,0.0,False,False,46.495
876,43.8,3,yawning,yawning,0.998094,0.001505,0.000184,0.0,0.998094,0.000217,0.042251,0.950311,0.0,0.209256,0.192903,0.163262,0.0,0.0,0.0,True,True,False,0.0,False,False,37.895
877,43.85,3,yawning,yawning,0.998042,0.001556,0.000182,0.0,0.998042,0.00022,0.051375,0.947775,0.0,0.209284,0.19315,0.163132,0.0,0.0,0.0,True,True,False,0.0,False,False,37.998
878,43.9,3,yawning,yawning,0.997972,0.001624,0.000183,0.0,0.997972,0.000221,0.049361,0.948065,0.0,0.209296,0.192904,0.163,0.0,0.0,0.0,True,True,False,0.0,False,False,37.803
879,43.95,3,yawning,yawning,0.99804,0.001564,0.000178,0.0,0.99804,0.000219,0.050756,0.948642,0.0,0.208897,0.193164,0.162869,0.0,0.0,0.0,True,True,False,0.0,False,False,37.592
880,44.0,3,yawning,yawning,0.998041,0.001562,0.000178,0.0,0.998041,0.000219,0.0519,0.94915,0.0,0.207145,0.193177,0.16274,0.0,0.0,0.0,True,True,False,0.0,False,False,46.179
881,44.05,3,yawning,yawning,0.998079,0.00153,0.000176,0.0,0.998079,0.000215,0.060156,0.947654,0.0,0.20504,0.192949,0.162621,0.0,0.0,0.0,True,True,False,0.0,False,False,37.447
882,44.1,3,yawning,yawning,0.998041,0.001566,0.000177,0.0,0.998041,0.000215,0.06609,0.946752,0.0,0.202959,0.193237,0.16251,0.0,0.0,0.0,True,True,False,0.0,False,False,37.307
883,44.15,3,yawning,yawning,0.99804,0.00157,0.000177,0.0,0.99804,0.000214,0.057018,0.948196,0.0,0.200955,0.193004,0.162388,0.0,0.0,0.0,True,True,False,0.0,False,False,37.348
884,44.2,3,yawning,yawning,0.998072,0.001546,0.000174,0.0,0.998072,0.000208,0.055547,0.948503,0.0,0.199263,0.193277,0.162264,0.0,0.0,0.0,True,True,False,0.0,False,False,37.635
885,44.25,3,yawning,yawning,0.998015,0.001595,0.000177,0.0,0.998015,0.000212,0.049131,0.95039,0.0,0.198244,0.193284,0.162133,0.0,0.0,0.0,True,True,False,0.0,False,False,46.124
886,44.3,3,yawning,yawning,0.998024,0.001587,0.000177,0.0,0.998024,0.000213,0.048934,0.950277,0.0,0.197857,0.193036,0.162003,0.0,0.0,0.0,True,True,False,0.0,False,False,37.576
887,44.35,3,yawning,yawning,0.997997,0.001612,0.000178,0.0,0.997997,0.000213,0.047935,0.950943,0.0,0.197787,0.193309,0.161871,0.0,0.0,0.0,True,True,False,0.0,False,False,37.814
888,44.4,3,yawning,yawning,0.997982,0.001629,0.000177,0.0,0.997982,0.000212,0.045779,0.951029,0.0,0.197794,0.193055,0.161737,0.0,0.0,0.0,True,True,False,0.0,False,False,37.78
889,44.45,3,yawning,yawning,0.997952,0.00166,0.000176,0.0,0.997952,0.000212,0.046134,0.951235,0.0,0.19689,0.193318,0.161604,0.0,0.0,0.0,True,True,False,0.0,False,False,37.643
890,44.5,3,yawning,yawning,0.997948,0.001665,0.000175,0.0,0.997948,0.000211,0.046814,0.951016,0.0,0.194763,0.193325,0.161471,0.0,0.0,0.0,True,True,False,0.0,False,False,46.048
891,44.55,3,yawning,yawning,0.998001,0.001619,0.000173,0.0,0.998001,0.000208,0.051818,0.949657,0.0,0.192472,0.193082,0.161346,0.0,0.0,0.0,True,True,False,0.0,False,False,37.486
892,44.6,3,yawning,yawning,0.998067,0.001548,0.000173,0.0,0.998067,0.000212,0.327866,0.906489,0.0,0.191515,0.193826,0.161528,0.0,0.0,0.0,True,True,False,0.0,False,False,37.795
893,44.65,3,yawning,yawning,0.998226,0.001391,0.000171,0.0,0.998226,0.000212,0.500367,0.827919,0.0,0.191422,0.194285,0.161866,0.0,0.0,0.0,True,True,False,0.159637,False,False,37.782
894,44.7,3,yawning,yawning,0.998297,0.001322,0.000172,0.0,0.998297,0.000209,0.503347,0.838774,0.0,0.191637,0.195283,0.162212,0.0,0.0,0.0,True,True,False,0.0,False,False,37.371
895,44.75,3,yawning,yawning,0.998338,0.001282,0.000175,0.0,0.998338,0.000206,0.491914,0.871508,0.0,0.192557,0.196013,0.162557,0.0,0.0,0.0,True,True,False,0.0,False,False,46.242
896,44.8,3,yawning,yawning,0.998349,0.001273,0.000177,0.0,0.998349,0.000201,0.440116,0.898344,0.0,0.194106,0.196409,0.162857,0.0,0.0,0.0,True,True,False,0.0,False,False,37.841
897,44.85,3,yawning,yawning,0.998335,0.001287,0.000179,0.0,0.998335,0.000199,0.348893,0.915289,0.0,0.195595,0.197186,0.163062,0.0,0.0,0.0,True,True,False,0.0,False,False,37.668
898,44.9,3,yawning,yawning,0.998307,0.001315,0.00018,0.0,0.998307,0.000198,0.203087,0.932592,0.0,0.196433,0.197196,0.163107,0.0,0.0,0.0,True,True,False,0.065796,False,False,37.384
899,44.95,3,yawning,yawning,0.998255,0.001367,0.00018,0.0,0.998255,0.000199,0.093107,0.945136,0.0,0.196721,0.197535,0.163027,0.0,0.0,0.0,True,True,False,0.024139,False,False,37.276
900,45.0,3,yawning,yawning,0.998244,0.00138,0.000178,0.0,0.998244,0.000198,0.052715,0.952403,0.0,0.196799,0.197543,0.162902,0.0,0.0,0.0,True,True,False,0.0,False,False,45.973
901,45.05,3,yawning,yawning,0.998225,0.001399,0.000178,0.0,0.998225,0.000199,0.046772,0.952634,0.0,0.196817,0.197283,0.162769,0.0,0.0,0.0,True,True,False,0.0,False,False,37.833
902,45.1,3,yawning,yawning,0.998262,0.001341,0.000183,0.0,0.998262,0.000214,0.441966,0.85963,0.0,0.196848,0.197146,0.163056,0.0,0.0,0.0,True,True,False,0.0,False,False,37.306
903,45.15,3,yawning,yawning,0.998275,0.001305,0.000191,0.0,0.998275,0.000229,0.524915,0.818496,0.0,0.196899,0.197632,0.163409,0.0,0.0,0.0,True,True,False,0.0,False,False,37.591
904,45.2,3,yawning,yawning,0.998317,0.001259,0.000193,0.0,0.998317,0.00023,0.543495,0.819739,0.0,0.197028,0.197157,0.163781,0.0,0.0,0.0,True,True,False,0.0,False,False,37.358
905,45.25,3,yawning,yawning,0.998348,0.001243,0.00019,0.0,0.998348,0.000219,0.507086,0.860025,0.0,0.197289,0.19724,0.164133,0.0,0.0,0.0,True,True,False,0.0,False,False,46.268
906,45.3,3,yawning,yawning,0.99835,0.001255,0.000186,0.0,0.99835,0.000209,0.446376,0.896349,0.0,0.19797,0.197644,0.164434,0.0,0.0,0.0,True,True,False,0.0,False,False,37.315
907,45.35,3,yawning,yawning,0.998324,0.001285,0.000186,0.0,0.998324,0.000205,0.316898,0.919083,0.0,0.198917,0.197793,0.1646,0.0,0.0,0.0,True,True,False,0.0,False,False,37.19
908,45.4,3,yawning,yawning,0.998291,0.001322,0.000185,0.0,0.998291,0.000203,0.145416,0.93688,0.0,0.199387,0.197704,0.164579,0.0,0.0,0.0,True,True,False,0.0,False,False,37.458
909,45.45,3,yawning,yawning,0.998239,0.001373,0.000184,0.0,0.998239,0.000204,0.060251,0.949043,0.0,0.199491,0.196561,0.164461,0.0,0.0,0.0,True,True,False,0.0,False,False,37.166
910,45.5,3,yawning,yawning,0.998183,0.001429,0.000183,0.0,0.998183,0.000204,0.042161,0.952947,0.0,0.199516,0.195724,0.164323,0.0,0.0,0.0,True,True,False,0.0,False,False,46.231
911,45.55,3,yawning,yawning,0.998119,0.00149,0.000184,0.0,0.998119,0.000208,0.038427,0.953575,0.0,0.199519,0.195453,0.164181,0.0,0.0,0.0,True,True,False,0.0,False,False,37.587
912,45.6,3,yawning,yawning,0.998045,0.001554,0.000186,0.0,0.998045,0.000215,0.037328,0.953506,0.0,0.199319,0.194128,0.164038,0.0,0.0,0.0,True,True,False,0.0,False,False,37.36
913,45.65,3,yawning,yawning,0.997985,0.001611,0.000185,0.0,0.997985,0.000219,0.038935,0.952996,0.0,0.197268,0.193861,0.163898,0.0,0.0,0.0,True,True,False,0.0,False,False,37.207
914,45.7,3,yawning,yawning,0.998109,0.001488,0.00018,0.0,0.998109,0.000223,0.427786,0.873231,0.0,0.196969,0.193569,0.164169,0.0,0.0,0.0,True,True,False,0.0,False,False,37.589
915,45.75,3,yawning,yawning,0.998218,0.001362,0.000184,0.0,0.998218,0.000237,0.520518,0.813907,0.0,0.197263,0.194071,0.164511,0.0,0.0,0.0,True,True,False,0.0,False,False,45.969
916,45.8,3,yawning,yawning,0.998311,0.001278,0.000183,0.0,0.998311,0.000229,0.49948,0.865087,0.0,0.198293,0.194549,0.164852,0.0,0.0,0.0,True,True,False,0.027573,False,False,37.452
917,45.85,3,yawning,yawning,0.998331,0.001266,0.000184,0.0,0.998331,0.000219,0.45994,0.890775,0.0,0.199966,0.194029,0.165161,0.0,0.0,0.0,True,True,False,0.076553,False,False,37.563
918,45.9,3,yawning,yawning,0.998262,0.001332,0.000189,0.0,0.998262,0.000217,0.343672,0.920044,0.0,0.201443,0.194278,0.165354,0.0,0.0,0.0,True,True,False,0.027573,False,False,37.563
919,45.95,3,yawning,yawning,0.998177,0.001413,0.000192,0.0,0.998177,0.000218,0.169411,0.939045,0.0,0.202107,0.193226,0.165358,0.0,0.0,0.0,True,True,False,0.0,False,False,37.25
920,46.0,3,yawning,yawning,0.998083,0.0015,0.000194,0.0,0.998083,0.000223,0.067283,0.951327,0.0,0.202261,0.19261,0.165249,0.0,0.0,0.0,True,True,False,0.0,False,False,46.214
921,46.05,3,yawning,yawning,0.998002,0.001576,0.000195,0.0,0.998002,0.000227,0.042833,0.955529,0.0,0.202292,0.192351,0.165112,0.0,0.0,0.0,True,True,False,0.0,False,False,37.166
922,46.1,3,yawning,yawning,0.99795,0.001624,0.000194,0.0,0.99795,0.000232,0.038559,0.955715,0.0,0.202296,0.191901,0.164971,0.0,0.0,0.0,True,True,False,0.0,False,False,38.079
923,46.15,3,yawning,yawning,0.997896,0.001676,0.000193,0.0,0.997896,0.000235,0.036514,0.955025,0.0,0.202287,0.19179,0.164828,0.0,0.0,0.0,True,True,False,0.0,False,False,38.231
924,46.2,3,yawning,yawning,0.997933,0.00164,0.000192,0.0,0.997933,0.000235,0.071597,0.945481,0.0,0.202464,0.19181,0.164725,0.0,0.0,0.0,True,True,False,0.0,False,False,37.71
925,46.25,3,yawning,yawning,0.998008,0.001562,0.00019,0.0,0.998008,0.00024,0.457656,0.857062,0.0,0.204485,0.192472,0.165017,0.0,0.0,0.0,True,True,False,0.0,False,False,46.299
926,46.3,3,yawning,yawning,0.998124,0.001436,0.000191,0.0,0.998124,0.000249,0.525199,0.809779,0.0,0.204765,0.192959,0.165357,0.0,0.0,0.0,True,True,False,0.0,False,False,38.519
927,46.35,3,yawning,yawning,0.998163,0.001405,0.000193,0.0,0.998163,0.000239,0.472582,0.882166,0.0,0.20462,0.193918,0.165672,0.0,0.0,0.0,True,True,False,0.0,False,False,38.369
928,46.4,3,yawning,yawning,0.998186,0.001393,0.000191,0.0,0.998186,0.000229,0.367001,0.914143,0.0,0.203902,0.194456,0.165886,0.0,0.0,0.0,True,True,False,0.0,False,False,38.063
929,46.45,3,yawning,yawning,0.998206,0.001374,0.000191,0.0,0.998206,0.000229,0.192753,0.935043,0.0,0.202454,0.194705,0.165915,0.0,0.0,0.0,True,True,False,0.0,False,False,37.945
930,46.5,3,yawning,yawning,0.998158,0.001415,0.000193,0.0,0.998158,0.000234,0.077064,0.949125,0.0,0.200765,0.194753,0.165817,0.0,0.0,0.0,True,True,False,0.0,False,False,46.364
931,46.55,3,yawning,yawning,0.998085,0.001476,0.000198,0.0,0.998085,0.000241,0.045562,0.954912,0.0,0.199733,0.194496,0.165684,0.0,0.0,0.0,True,True,False,0.0,False,False,37.709
932,46.6,3,yawning,yawning,0.998023,0.001529,0.000201,0.0,0.998023,0.000247,0.040083,0.955611,0.0,0.19937,0.194732,0.165546,0.0,0.0,0.0,True,True,False,0.0,False,False,37.38
933,46.65,3,yawning,yawning,0.998028,0.001523,0.000201,0.0,0.998028,0.000248,0.03731,0.954762,0.0,0.197334,0.194717,0.165404,0.0,0.0,0.0,True,True,False,0.0,False,False,37.35
934,46.7,3,yawning,yawning,0.998019,0.001529,0.000201,0.0,0.998019,0.000251,0.036863,0.95364,0.0,0.19501,0.194704,0.165263,0.0,0.0,0.0,True,True,False,0.0,False,False,37.643
935,46.75,3,yawning,yawning,0.9977,0.001798,0.000219,0.0,0.9977,0.000283,0.038078,0.953346,0.0,0.192493,0.194693,0.165123,0.0,0.0,0.0,True,True,False,0.0,False,False,46.642
936,46.8,3,yawning,yawning,0.997063,0.002344,0.00025,0.0,0.997063,0.000343,0.042101,0.952238,0.0,0.190092,0.19443,0.164988,0.0,0.0,0.0,True,True,False,0.0,False,False,38.432
937,46.85,3,yawning,yawning,0.997275,0.002167,0.000234,0.0,0.997275,0.000324,0.043792,0.951829,0.0,0.187847,0.194681,0.164855,0.0,0.0,0.0,True,True,False,0.0,False,False,37.632
938,46.9,3,yawning,yawning,0.997657,0.001823,0.00022,0.0,0.997657,0.0003,0.223217,0.928368,0.0,0.186766,0.19498,0.164917,0.0,0.0,0.0,True,True,False,0.0,False,False,37.979
939,46.95,3,yawning,yawning,0.997852,0.001609,0.000227,0.0,0.997852,0.000312,0.488458,0.850503,0.0,0.18746,0.195685,0.165233,0.0,0.0,0.0,True,True,False,0.0,False,False,37.934
940,47.0,3,yawning,yawning,0.998016,0.001449,0.000227,0.0,0.998016,0.000308,0.542501,0.813988,0.0,0.188805,0.196456,0.165586,0.0,0.0,0.0,True,True,False,0.0,False,False,46.33
941,47.05,3,yawning,yawning,0.998077,0.001412,0.000227,0.0,0.998077,0.000284,0.502254,0.864588,0.0,0.188931,0.196934,0.165919,0.0,0.0,0.0,True,True,False,0.0,False,False,37.5
942,47.1,3,yawning,yawning,0.998148,0.001371,0.00022,0.0,0.998148,0.000262,0.442143,0.899384,0.0,0.188589,0.197862,0.166204,0.0,0.0,0.0,True,True,False,0.633942,False,False,37.475
943,47.15,3,yawning,yawning,0.998181,0.001358,0.000214,0.0,0.998181,0.000247,0.2941,0.924161,0.0,0.187506,0.198287,0.166339,0.0,0.0,0.0,True,True,False,0.0,False,False,37.625
944,47.2,3,yawning,yawning,0.998195,0.001356,0.000209,0.0,0.998195,0.00024,0.126953,0.942734,0.0,0.185782,0.198428,0.166296,0.0,0.0,0.0,True,True,False,0.0,False,False,37.55
945,47.25,3,yawning,yawning,0.998265,0.001291,0.000204,0.0,0.998265,0.00024,0.456505,0.866313,0.0,0.186026,0.199098,0.166583,0.0,0.0,0.0,True,True,False,0.0,False,False,46.121
946,47.3,3,yawning,yawning,0.998293,0.001248,0.000209,0.0,0.998293,0.00025,0.535653,0.820631,0.0,0.187358,0.199598,0.166928,0.0,0.0,0.0,True,True,False,0.0,False,False,37.543
947,47.35,3,yawning,yawning,0.998314,0.001213,0.000215,0.0,0.998314,0.000258,0.58581,0.814043,0.0,0.189467,0.200699,0.167317,0.0,0.0,0.0,True,True,False,0.0,False,False,37.432
948,47.4,3,yawning,yawning,0.998363,0.001175,0.000212,0.0,0.998363,0.00025,0.566378,0.831965,0.0,0.191803,0.201514,0.167695,0.0,0.0,0.0,True,True,False,0.0,False,False,37.629
949,47.45,3,yawning,yawning,0.998383,0.001167,0.000208,0.0,0.998383,0.000242,0.509802,0.868677,0.0,0.194031,0.202259,0.168033,0.0,0.0,0.0,True,True,False,0.0,False,False,37.382
950,47.5,3,yawning,yawning,0.99838,0.001177,0.000207,0.0,0.99838,0.000236,0.455274,0.896516,0.0,0.196052,0.202918,0.168325,0.0,0.0,0.0,True,True,False,0.0,False,False,46.315
951,47.55,3,yawning,yawning,0.998386,0.001185,0.000203,0.0,0.998386,0.000226,0.344404,0.918955,0.0,0.197554,0.203153,0.168509,0.0,0.0,0.0,True,True,False,0.0,False,False,37.309
952,47.6,3,yawning,yawning,0.998382,0.001199,0.000199,0.0,0.998382,0.000219,0.186519,0.937698,0.0,0.198261,0.203623,0.168528,0.0,0.0,0.0,True,True,False,0.524766,False,False,37.429
953,47.65,3,yawning,yawning,0.998401,0.001172,0.0002,0.0,0.998401,0.000227,0.462907,0.866712,0.0,0.200272,0.204291,0.168817,0.0,0.0,0.0,True,True,False,0.524766,False,False,37.335
954,47.7,3,yawning,yawning,0.998382,0.00117,0.000207,0.0,0.998382,0.000241,0.550079,0.815051,0.0,0.202564,0.205073,0.169168,0.0,0.0,0.0,True,True,False,0.0,False,False,37.019
955,47.75,3,yawning,yawning,0.998418,0.001139,0.000204,0.0,0.998418,0.000239,0.555405,0.816788,0.0,0.20491,0.205864,0.169525,0.0,0.0,0.0,True,True,False,0.0,False,False,46.389
956,47.8,3,yawning,yawning,0.998411,0.001151,0.000203,0.0,0.998411,0.000235,0.507114,0.854524,0.0,0.207133,0.20633,0.16985,0.0,0.0,0.0,True,True,False,0.0,False,False,37.797
957,47.85,3,yawning,yawning,0.998401,0.001168,0.000201,0.0,0.998401,0.00023,0.440095,0.893655,0.0,0.209105,0.207261,0.170123,0.0,0.0,0.0,True,True,False,0.0,False,False,37.395
958,47.9,3,yawning,yawning,0.998395,0.001182,0.000199,0.0,0.998395,0.000225,0.31725,0.916291,0.0,0.210481,0.207722,0.170275,0.0,0.0,0.0,True,True,False,0.0,False,False,37.519
959,47.95,3,yawning,yawning,0.998382,0.001199,0.000197,0.0,0.998382,0.000222,0.175302,0.932591,0.0,0.211159,0.207945,0.17028,0.0,0.0,0.0,True,True,False,0.427033,False,False,37.845
960,48.0,3,yawning,yawning,0.998377,0.001211,0.000195,0.0,0.998377,0.000218,0.101498,0.941284,0.0,0.211458,0.208031,0.170207,0.0,0.0,0.0,True,True,False,0.427033,False,False,46.5
961,48.05,3,yawning,yawning,0.998363,0.001231,0.000192,0.0,0.998363,0.000214,0.06109,0.948979,0.0,0.211539,0.207779,0.170091,0.0,0.0,0.0,True,True,False,0.453126,False,False,37.943
962,48.1,3,yawning,yawning,0.998343,0.001255,0.00019,0.0,0.998343,0.000212,0.04695,0.952018,0.0,0.211535,0.206852,0.169959,0.0,0.0,0.0,True,True,False,0.474581,False,False,37.174
963,48.15,3,yawning,yawning,0.998325,0.001273,0.000189,0.0,0.998325,0.000213,0.045933,0.952013,0.0,0.211518,0.206123,0.169827,0.0,0.0,0.0,True,True,False,0.474581,False,False,37.347
964,48.2,3,yawning,yawning,0.998317,0.001284,0.000187,0.0,0.998317,0.000212,0.043709,0.952422,0.0,0.211496,0.205394,0.169692,0.0,0.0,0.0,True,True,False,0.310356,False,False,37.39
965,48.25,3,yawning,yawning,0.998308,0.001295,0.000185,0.0,0.998308,0.000212,0.047526,0.951137,0.0,0.211506,0.204748,0.169562,0.0,0.0,0.0,True,True,False,0.0,False,False,45.877
966,48.3,3,yawning,yawning,0.998285,0.001314,0.000186,0.0,0.998285,0.000214,0.048598,0.951026,0.0,0.211535,0.204479,0.169434,0.0,0.0,0.0,True,True,False,0.0,False,False,37.307
967,48.35,3,yawning,yawning,0.998292,0.001312,0.000184,0.0,0.998292,0.000212,0.056328,0.949224,0.0,0.211594,0.204028,0.169314,0.0,0.0,0.0,True,True,False,0.0,False,False,37.462
968,48.4,3,yawning,yawning,0.998302,0.001307,0.000181,0.0,0.998302,0.00021,0.052456,0.950062,0.0,0.211635,0.203967,0.16919,0.0,0.0,0.0,True,True,False,0.0,False,False,37.273
969,48.45,3,yawning,yawning,0.998295,0.001312,0.000183,0.0,0.998295,0.000211,0.04741,0.950978,0.0,0.211664,0.203961,0.169061,0.0,0.0,0.0,True,True,False,0.0,False,False,37.426
970,48.5,3,yawning,yawning,0.9983,0.00131,0.000181,0.0,0.9983,0.000208,0.046658,0.951244,0.0,0.211683,0.203961,0.168932,0.0,0.0,0.0,True,True,False,0.0,False,False,46.103
971,48.55,3,yawning,yawning,0.998299,0.001312,0.000181,0.0,0.998299,0.000208,0.049236,0.950725,0.0,0.211668,0.203695,0.168805,0.0,0.0,0.0,True,True,False,0.0,False,False,37.072
972,48.6,3,yawning,yawning,0.998277,0.001331,0.000182,0.0,0.998277,0.00021,0.046463,0.951592,0.0,0.211648,0.202575,0.168676,0.0,0.0,0.0,True,True,False,0.0,False,False,37.392
973,48.65,3,yawning,yawning,0.998267,0.001342,0.000181,0.0,0.998267,0.00021,0.049343,0.950791,0.0,0.211634,0.201803,0.16855,0.0,0.0,0.0,True,True,False,0.0,False,False,37.545
974,48.7,3,yawning,yawning,0.998272,0.001336,0.000181,0.0,0.998272,0.000211,0.048951,0.950771,0.0,0.211613,0.201063,0.168424,0.0,0.0,0.0,True,True,False,0.0,False,False,37.374
975,48.75,3,yawning,yawning,0.99827,0.001337,0.000181,0.0,0.99827,0.000212,0.045395,0.950763,0.0,0.211537,0.200395,0.168295,0.0,0.0,0.0,True,True,False,0.0,False,False,46.561
976,48.8,3,yawning,yawning,0.998254,0.001353,0.000181,0.0,0.998254,0.000212,0.046676,0.95031,0.0,0.211432,0.200131,0.168167,0.0,0.0,0.0,True,True,False,0.0,False,False,38.053
977,48.85,3,yawning,yawning,0.998228,0.001378,0.000182,0.0,0.998228,0.000212,0.043987,0.950657,0.0,0.211354,0.199757,0.168037,0.0,0.0,0.0,True,True,False,0.0,False,False,37.988
978,48.9,3,yawning,yawning,0.998212,0.001396,0.000181,0.0,0.998212,0.000211,0.042354,0.950982,0.0,0.21127,0.199725,0.167905,0.0,0.0,0.0,True,True,False,0.0,False,False,37.845
979,48.95,3,yawning,yawning,0.998202,0.001412,0.00018,0.0,0.998202,0.000207,0.043814,0.950575,0.0,0.211244,0.199729,0.167775,0.0,0.0,0.0,True,True,False,0.0,False,False,37.72
980,49.0,3,yawning,yawning,0.998187,0.001426,0.000179,0.0,0.998187,0.000208,0.043836,0.950929,0.0,0.211221,0.199739,0.167645,0.0,0.0,0.0,True,True,False,0.0,False,False,45.928
981,49.05,3,yawning,yawning,0.998149,0.001459,0.000181,0.0,0.998149,0.000211,0.044765,0.950843,0.0,0.211209,0.199472,0.167517,0.0,0.0,0.0,True,True,False,0.0,False,False,37.443
982,49.1,3,yawning,yawning,0.998104,0.001501,0.000181,0.0,0.998104,0.000214,0.043166,0.950553,0.0,0.211199,0.199761,0.167387,0.0,0.0,0.0,True,True,False,0.0,False,False,37.019
983,49.15,3,yawning,yawning,0.998029,0.001568,0.000183,0.0,0.998029,0.000219,0.044218,0.950296,0.0,0.211187,0.19913,0.167258,0.0,0.0,0.0,True,True,False,0.0,False,False,37.247
984,49.2,3,yawning,yawning,0.997964,0.001633,0.000183,0.0,0.997964,0.000221,0.045677,0.94939,0.0,0.211178,0.198391,0.167132,0.0,0.0,0.0,True,True,False,0.0,False,False,37.221
985,49.25,3,yawning,yawning,0.997957,0.001641,0.000181,0.0,0.997957,0.000222,0.046898,0.947373,0.0,0.210749,0.197613,0.167007,0.0,0.0,0.0,True,True,False,0.0,False,False,46.113
986,49.3,3,yawning,yawning,0.997977,0.001621,0.00018,0.0,0.997977,0.000221,0.049845,0.947605,0.0,0.209019,0.19736,0.166886,0.0,0.0,0.0,True,True,False,0.0,False,False,37.446
987,49.35,3,yawning,yawning,0.998034,0.001572,0.000177,0.0,0.998034,0.000218,0.058987,0.945803,0.0,0.206909,0.196259,0.166774,0.0,0.0,0.0,True,True,False,0.0,False,False,37.388
988,49.4,3,yawning,yawning,0.998012,0.001593,0.000178,0.0,0.998012,0.000217,0.068614,0.944406,0.0,0.204835,0.195887,0.166673,0.0,0.0,0.0,True,True,False,0.0,False,False,37.841
989,49.45,3,yawning,yawning,0.997987,0.001614,0.000181,0.0,0.997987,0.000219,0.056225,0.946527,0.0,0.202813,0.195781,0.166559,0.0,0.0,0.0,True,True,False,0.0,False,False,37.571
990,49.5,3,yawning,yawning,0.998051,0.001563,0.000176,0.0,0.998051,0.000211,0.055478,0.949052,0.0,0.2011,0.195792,0.166444,0.0,0.0,0.0,True,True,False,0.0,False,False,46.072
991,49.55,3,yawning,yawning,0.998008,0.001599,0.000179,0.0,0.998008,0.000214,0.048923,0.950276,0.0,0.200046,0.19554,0.166323,0.0,0.0,0.0,True,True,False,0.0,False,False,37.4
992,49.6,3,yawning,yawning,0.998026,0.001582,0.000178,0.0,0.998026,0.000214,0.049985,0.949827,0.0,0.199644,0.19583,0.166203,0.0,0.0,0.0,True,True,False,0.0,False,False,37.407
993,49.65,3,yawning,yawning,0.998001,0.001606,0.000179,0.0,0.998001,0.000214,0.047781,0.950745,0.0,0.199569,0.195849,0.16608,0.0,0.0,0.0,True,True,False,0.0,False,False,37.463
994,49.7,3,yawning,yawning,0.997969,0.001639,0.000178,0.0,0.997969,0.000214,0.046268,0.950651,0.0,0.199579,0.195217,0.165957,0.0,0.0,0.0,True,True,False,0.0,False,False,37.406
995,49.75,3,yawning,yawning,0.997926,0.001682,0.000178,0.0,0.997926,0.000214,0.046033,0.951174,0.0,0.198703,0.194483,0.165833,0.0,0.0,0.0,True,True,False,0.0,False,False,45.91
996,49.8,3,yawning,yawning,0.997933,0.001679,0.000176,0.0,0.997933,0.000212,0.047451,0.950805,0.0,0.196578,0.194231,0.165711,0.0,0.0,0.0,True,True,False,0.0,False,False,37.351
997,49.85,3,yawning,yawning,0.997989,0.00163,0.000173,0.0,0.997989,0.000208,0.05125,0.949699,0.0,0.194285,0.193291,0.165594,0.0,0.0,0.0,True,True,False,0.0,False,False,37.35
998,49.9,3,yawning,yawning,0.998055,0.00156,0.000173,0.0,0.998055,0.000211,0.338913,0.903887,0.0,0.193376,0.193558,0.165763,0.0,0.0,0.0,True,True,False,0.0,False,False,37.383
999,49.95,3,yawning,yawning,0.998217,0.0014,0.000171,0.0,0.998217,0.000212,0.501493,0.825498,0.0,0.193284,0.194228,0.166062,0.0,0.0,0.0,True,True,False,0.0,False,False,37.132
1000,50.0,3,yawning,yawning,0.998292,0.001327,0.000172,0.0,0.998292,0.000209,0.501181,0.842833,0.0,0.1935,0.194954,0.166367,0.0,0.0,0.0,True,True,False,0.0,False,False,46.854
1001,50.05,3,yawning,yawning,0.998333,0.001286,0.000175,0.0,0.998333,0.000206,0.490698,0.872796,0.0,0.194381,0.195421,0.166672,0.0,0.0,0.0,True,True,False,0.0,False,False,37.576
1002,50.1,3,yawning,yawning,0.998346,0.001276,0.000177,0.0,0.998346,0.000201,0.436622,0.899916,0.0,0.195881,0.196358,0.166933,0.0,0.0,0.0,True,True,False,0.0,False,False,38.403
1003,50.15,3,yawning,yawning,0.998337,0.001286,0.000178,0.0,0.998337,0.000199,0.343072,0.916649,0.0,0.197333,0.196877,0.167107,0.0,0.0,0.0,True,True,False,0.0,False,False,38.103
1004,50.2,3,yawning,yawning,0.998315,0.001309,0.000178,0.0,0.998315,0.000197,0.197924,0.933825,0.0,0.198143,0.197153,0.167138,0.0,0.0,0.0,True,True,False,0.136749,False,False,38.207
1005,50.25,3,yawning,yawning,0.99827,0.001355,0.000179,0.0,0.99827,0.000197,0.090506,0.945946,0.0,0.198419,0.197238,0.16706,0.0,0.0,0.0,True,True,False,0.052979,False,False,46.617
1006,50.3,3,yawning,yawning,0.998255,0.00137,0.000178,0.0,0.998255,0.000197,0.052325,0.95259,0.0,0.198497,0.196988,0.166943,0.0,0.0,0.0,True,True,False,0.018188,False,False,38.45
1007,50.35,3,yawning,yawning,0.998233,0.001391,0.000178,0.0,0.998233,0.000198,0.046646,0.952681,0.0,0.198538,0.196961,0.16682,0.0,0.0,0.0,True,True,False,0.0,False,False,37.914
1008,50.4,3,yawning,yawning,0.998273,0.001331,0.000183,0.0,0.998273,0.000213,0.442163,0.858933,0.0,0.198582,0.196895,0.167073,0.0,0.0,0.0,True,True,False,0.0,False,False,38.371
1009,50.45,3,yawning,yawning,0.998285,0.001296,0.00019,0.0,0.998285,0.000229,0.524996,0.819294,0.0,0.198608,0.196872,0.167387,0.0,0.0,0.0,True,True,False,0.0,False,False,38.257
1010,50.5,3,yawning,yawning,0.998307,0.001254,0.000198,0.0,0.998307,0.00024,0.572335,0.822137,0.0,0.198862,0.196954,0.167742,0.0,0.0,0.0,True,True,False,0.0,False,False,47.12
1011,50.55,3,yawning,yawning,0.998357,0.001223,0.000195,0.0,0.998357,0.000226,0.518015,0.856066,0.0,0.199077,0.197452,0.168062,0.0,0.0,0.0,True,True,False,0.0,False,False,37.692
1012,50.6,3,yawning,yawning,0.998375,0.001218,0.000192,0.0,0.998375,0.000215,0.480808,0.883132,0.0,0.199693,0.197355,0.168357,0.0,0.0,0.0,True,True,False,0.0,False,False,37.452
1013,50.65,3,yawning,yawning,0.998351,0.001249,0.000191,0.0,0.998351,0.000209,0.383684,0.912036,0.0,0.200745,0.197788,0.168566,0.0,0.0,0.0,True,True,False,0.0,False,False,37.472
1014,50.7,3,yawning,yawning,0.998312,0.001293,0.000189,0.0,0.998312,0.000206,0.208611,0.931477,0.0,0.201469,0.197398,0.168606,0.0,0.0,0.0,True,True,False,0.0,False,False,37.297
1015,50.75,3,yawning,yawning,0.998268,0.001341,0.000187,0.0,0.998268,0.000204,0.081997,0.946168,0.0,0.201677,0.196697,0.168519,0.0,0.0,0.0,True,True,False,0.0,False,False,46.107
1016,50.8,3,yawning,yawning,0.998211,0.001399,0.000185,0.0,0.998211,0.000204,0.044764,0.952421,0.0,0.201711,0.196436,0.168393,0.0,0.0,0.0,True,True,False,0.0,False,False,37.45
1017,50.85,3,yawning,yawning,0.998144,0.001465,0.000184,0.0,0.998144,0.000207,0.039537,0.95384,0.0,0.201727,0.195036,0.168263,0.0,0.0,0.0,True,True,False,0.0,False,False,37.362
1018,50.9,3,yawning,yawning,0.998086,0.00152,0.000183,0.0,0.998086,0.00021,0.038437,0.953166,0.0,0.201554,0.194272,0.168132,0.0,0.0,0.0,True,True,False,0.0,False,False,37.572
1019,50.95,3,yawning,yawning,0.998018,0.001584,0.000183,0.0,0.998018,0.000215,0.039274,0.95298,0.0,0.199517,0.193581,0.168002,0.0,0.0,0.0,True,True,False,0.0,False,False,37.246
1020,51.0,3,yawning,yawning,0.997938,0.001655,0.000184,0.0,0.997938,0.000223,0.043622,0.951233,0.0,0.197334,0.193075,0.167877,0.0,0.0,0.0,True,True,False,0.0,False,False,45.987
1021,51.05,3,yawning,yawning,0.998087,0.001489,0.000185,0.0,0.998087,0.000239,0.445609,0.85744,0.0,0.197283,0.193467,0.168128,0.0,0.0,0.0,True,True,False,0.021851,False,False,37.526
1022,51.1,3,yawning,yawning,0.998255,0.001325,0.000181,0.0,0.998255,0.000239,0.519791,0.805011,0.0,0.198152,0.19354,0.168427,0.0,0.0,0.0,True,True,False,0.12439,False,False,37.261
1023,51.15,3,yawning,yawning,0.998299,0.001294,0.000182,0.0,0.998299,0.000225,0.483899,0.866309,0.0,0.199809,0.193472,0.168716,0.0,0.0,0.0,True,True,False,0.0,False,False,37.365
1024,51.2,3,yawning,yawning,0.998295,0.001308,0.000183,0.0,0.998295,0.000214,0.413622,0.902006,0.0,0.201591,0.193301,0.168948,0.0,0.0,0.0,True,True,False,0.0,False,False,37.297
1025,51.25,3,yawning,yawning,0.998208,0.001388,0.000189,0.0,0.998208,0.000216,0.253033,0.92675,0.0,0.202676,0.192916,0.169031,0.0,0.0,0.0,True,True,False,0.001251,False,False,45.983
1026,51.3,3,yawning,yawning,0.998128,0.00146,0.000192,0.0,0.998128,0.00022,0.098226,0.945148,0.0,0.202992,0.192754,0.16896,0.0,0.0,0.0,True,True,False,0.001251,False,False,37.866
1027,51.35,3,yawning,yawning,0.998049,0.001533,0.000193,0.0,0.998049,0.000225,0.046086,0.953707,0.0,0.203042,0.191865,0.168837,0.0,0.0,0.0,True,True,False,0.049316,False,False,37.337
1028,51.4,3,yawning,yawning,0.99797,0.001606,0.000193,0.0,0.99797,0.00023,0.040168,0.955547,0.0,0.203055,0.191653,0.168708,0.0,0.0,0.0,True,True,False,0.0,False,False,37.269
1029,51.45,3,yawning,yawning,0.997913,0.001662,0.000192,0.0,0.997913,0.000233,0.037257,0.955113,0.0,0.203048,0.191558,0.168576,0.0,0.0,0.0,True,True,False,0.0,False,False,37.475
1030,51.5,3,yawning,yawning,0.997844,0.001725,0.000193,0.0,0.997844,0.000238,0.037871,0.954296,0.0,0.203044,0.191523,0.168446,0.0,0.0,0.0,True,True,False,0.0,False,False,45.928
1031,51.55,3,yawning,yawning,0.997936,0.001631,0.000189,0.0,0.997936,0.000244,0.435884,0.864569,0.0,0.204974,0.191904,0.168688,0.0,0.0,0.0,True,True,False,0.0,False,False,37.494
1032,51.6,3,yawning,yawning,0.99808,0.001481,0.000189,0.0,0.99808,0.000251,0.52043,0.810473,0.0,0.205236,0.192889,0.168986,0.0,0.0,0.0,True,True,False,0.0,False,False,37.556
1033,51.65,3,yawning,yawning,0.998131,0.00144,0.000191,0.0,0.998131,0.000239,0.466264,0.883249,0.0,0.205061,0.193585,0.16926,0.0,0.0,0.0,True,True,False,0.0,False,False,37.352
1034,51.7,3,yawning,yawning,0.998164,0.001418,0.000189,0.0,0.998164,0.000229,0.355729,0.915621,0.0,0.204278,0.194105,0.169438,0.0,0.0,0.0,True,True,False,0.0,False,False,37.293
1035,51.75,3,yawning,yawning,0.998198,0.001383,0.000189,0.0,0.998198,0.00023,0.177886,0.936842,0.0,0.202747,0.194327,0.169447,0.0,0.0,0.0,True,True,False,0.0,False,False,45.916
1036,51.8,3,yawning,yawning,0.998162,0.001414,0.00019,0.0,0.998162,0.000233,0.072805,0.949874,0.0,0.20103,0.194118,0.169351,0.0,0.0,0.0,True,True,False,0.0,False,False,37.364
1037,51.85,3,yawning,yawning,0.998096,0.001469,0.000195,0.0,0.998096,0.00024,0.044923,0.954998,0.0,0.199992,0.194344,0.169227,0.0,0.0,0.0,True,True,False,0.0,False,False,37.498
1038,51.9,3,yawning,yawning,0.998041,0.001516,0.000199,0.0,0.998041,0.000245,0.039778,0.955545,0.0,0.19962,0.19433,0.169099,0.0,0.0,0.0,True,True,False,0.0,False,False,37.272
1039,51.95,3,yawning,yawning,0.998051,0.001504,0.000199,0.0,0.998051,0.000246,0.037159,0.954631,0.0,0.197563,0.194314,0.168968,0.0,0.0,0.0,True,True,False,0.0,False,False,37.608
1040,52.0,3,yawning,yawning,0.998042,0.001509,0.0002,0.0,0.998042,0.000249,0.036862,0.953622,0.0,0.195236,0.194291,0.168837,0.0,0.0,0.0,True,True,False,0.0,False,False,45.994
1041,52.05,3,yawning,yawning,0.997746,0.001759,0.000217,0.0,0.997746,0.000279,0.038257,0.953298,0.0,0.192716,0.194022,0.168708,0.0,0.0,0.0,True,True,False,0.0,False,False,37.382
1042,52.1,3,yawning,yawning,0.997122,0.002294,0.000247,0.0,0.997122,0.000337,0.042185,0.952199,0.0,0.190252,0.194264,0.168583,0.0,0.0,0.0,True,True,False,0.0,False,False,37.656
1043,52.15,3,yawning,yawning,0.997311,0.002136,0.000232,0.0,0.997311,0.000321,0.043887,0.951791,0.0,0.18799,0.194254,0.16846,0.0,0.0,0.0,True,True,False,0.0,False,False,37.599
1044,52.2,3,yawning,yawning,0.997675,0.001807,0.000219,0.0,0.997675,0.000299,0.221964,0.928506,0.0,0.186867,0.194556,0.168512,0.0,0.0,0.0,True,True,False,0.0,False,False,37.627
1045,52.25,3,yawning,yawning,0.997868,0.001605,0.000224,0.0,0.997868,0.000303,0.48805,0.851147,0.0,0.187509,0.195264,0.168793,0.0,0.0,0.0,True,True,False,0.0,False,False,46.56
1046,52.3,3,yawning,yawning,0.998026,0.001447,0.000225,0.0,0.998026,0.000302,0.542464,0.815346,0.0,0.18913,0.195776,0.169107,0.0,0.0,0.0,True,True,False,0.0,False,False,37.883
1047,52.35,3,yawning,yawning,0.998085,0.001411,0.000224,0.0,0.998085,0.00028,0.501697,0.86574,0.0,0.189323,0.19678,0.169404,0.0,0.0,0.0,True,True,False,0.714773,False,False,38.146
1048,52.4,3,yawning,yawning,0.998146,0.001378,0.000218,0.0,0.998146,0.000258,0.441566,0.899714,0.0,0.188972,0.197443,0.169656,0.0,0.0,0.0,True,True,False,0.0,False,False,37.638
1049,52.45,3,yawning,yawning,0.99818,0.001365,0.000212,0.0,0.99818,0.000244,0.295307,0.924073,0.0,0.18789,0.19787,0.169776,0.0,0.0,0.0,True,True,False,0.0,False,False,37.986
1050,52.5,3,yawning,yawning,0.998189,0.001362,0.000209,0.0,0.998189,0.00024,0.127294,0.942792,0.0,0.1861,0.198011,0.169734,0.0,0.0,0.0,True,True,False,0.0,False,False,46.395
1051,52.55,3,yawning,yawning,0.998211,0.001348,0.000205,0.0,0.998211,0.000236,0.063299,0.951249,0.0,0.184227,0.197779,0.16963,0.0,0.0,0.0,True,True,False,0.0,False,False,37.627
1052,52.6,3,yawning,yawning,0.99826,0.001288,0.000206,0.0,0.99826,0.000245,0.447559,0.859479,0.0,0.184772,0.198697,0.169876,0.0,0.0,0.0,True,True,False,0.0,False,False,37.532
1053,52.65,3,yawning,yawning,0.998281,0.001249,0.000213,0.0,0.998281,0.000258,0.529894,0.817409,0.0,0.186324,0.19945,0.170177,0.0,0.0,0.0,True,True,False,0.0,False,False,37.367
1054,52.7,3,yawning,yawning,0.998343,0.001198,0.000209,0.0,0.998343,0.000249,0.528482,0.838604,0.0,0.188318,0.200213,0.170485,0.0,0.0,0.0,True,True,False,0.0,False,False,37.374
1055,52.75,3,yawning,yawning,0.998372,0.001174,0.000208,0.0,0.998372,0.000245,0.532968,0.826712,0.0,0.190519,0.20097,0.170792,0.0,0.0,0.0,True,True,False,0.0,False,False,46.086
1056,52.8,3,yawning,yawning,0.998378,0.001179,0.000205,0.0,0.998378,0.000238,0.483374,0.881465,0.0,0.192662,0.201421,0.171073,0.0,0.0,0.0,True,True,False,0.0,False,False,37.291
1057,52.85,3,yawning,yawning,0.99839,0.00118,0.000201,0.0,0.99839,0.000228,0.420497,0.900521,0.0,0.194539,0.202257,0.171303,0.0,0.0,0.0,True,True,False,0.0,False,False,37.381
1058,52.9,3,yawning,yawning,0.998387,0.001194,0.000198,0.0,0.998387,0.00022,0.279626,0.923361,0.0,0.195745,0.202643,0.171405,0.0,0.0,0.0,True,True,False,0.629171,False,False,37.371
1059,52.95,3,yawning,yawning,0.998397,0.001188,0.000196,0.0,0.998397,0.000219,0.200365,0.933714,0.0,0.196531,0.202897,0.171433,0.0,0.0,0.0,True,True,False,0.622762,False,False,37.124
1060,53.0,3,yawning,yawning,0.99837,0.001188,0.000206,0.0,0.99837,0.000236,0.483491,0.846075,0.0,0.198614,0.203594,0.171702,0.0,0.0,0.0,True,True,False,0.622762,False,False,46.239
1061,53.05,3,yawning,yawning,0.998384,0.001162,0.00021,0.0,0.998384,0.000244,0.55442,0.807828,0.0,0.20095,0.204108,0.172016,0.0,0.0,0.0,True,True,False,0.0,False,False,37.394
1062,53.1,3,yawning,yawning,0.998396,0.001159,0.000207,0.0,0.998396,0.000238,0.50315,0.854914,0.0,0.203141,0.20511,0.172304,0.0,0.0,0.0,True,True,False,0.0,False,False,37.45
1063,53.15,3,yawning,yawning,0.998375,0.001184,0.000207,0.0,0.998375,0.000234,0.439524,0.895014,0.0,0.205105,0.205766,0.172547,0.0,0.0,0.0,True,True,False,0.0,False,False,37.417
1064,53.2,3,yawning,yawning,0.998384,0.001187,0.000203,0.0,0.998384,0.000226,0.31421,0.918424,0.0,0.206476,0.206223,0.172679,0.0,0.0,0.0,True,True,False,0.0,False,False,37.515
1065,53.25,3,yawning,yawning,0.998374,0.001202,0.000201,0.0,0.998374,0.000223,0.150581,0.936534,0.0,0.207028,0.206404,0.172658,0.0,0.0,0.0,True,True,False,0.53922,False,False,46.714
1066,53.3,3,yawning,yawning,0.998372,0.001211,0.000198,0.0,0.998372,0.000219,0.08914,0.943859,0.0,0.207262,0.206203,0.172578,0.0,0.0,0.0,True,True,False,0.53922,False,False,37.851
1067,53.35,3,yawning,yawning,0.998363,0.001226,0.000195,0.0,0.998363,0.000216,0.058361,0.949267,0.0,0.20733,0.206337,0.172469,0.0,0.0,0.0,True,True,False,0.598501,False,False,37.804
1068,53.4,3,yawning,yawning,0.998344,0.001249,0.000192,0.0,0.998344,0.000214,0.046114,0.951841,0.0,0.207325,0.205642,0.172347,0.0,0.0,0.0,True,True,False,0.598501,False,False,37.671
1069,53.45,3,yawning,yawning,0.998337,0.00126,0.00019,0.0,0.998337,0.000214,0.050667,0.950572,0.0,0.207334,0.204909,0.17223,0.0,0.0,0.0,True,True,False,0.527567,False,False,37.294
1070,53.5,3,yawning,yawning,0.998327,0.001273,0.000188,0.0,0.998327,0.000212,0.045742,0.951855,0.0,0.207321,0.204171,0.172109,0.0,0.0,0.0,True,True,False,0.382339,False,False,46.178
1071,53.55,3,yawning,yawning,0.998314,0.001285,0.000187,0.0,0.998314,0.000213,0.048161,0.951026,0.0,0.207337,0.203902,0.17199,0.0,0.0,0.0,True,True,False,0.0,False,False,37.407
1072,53.6,3,yawning,yawning,0.998293,0.001303,0.000188,0.0,0.998293,0.000215,0.048727,0.950896,0.0,0.207369,0.202923,0.171872,0.0,0.0,0.0,True,True,False,0.0,False,False,37.899
1073,53.65,3,yawning,yawning,0.998299,0.001304,0.000185,0.0,0.998299,0.000212,0.055499,0.949405,0.0,0.207421,0.20261,0.17176,0.0,0.0,0.0,True,True,False,0.0,False,False,38.142
1074,53.7,3,yawning,yawning,0.998304,0.001302,0.000183,0.0,0.998304,0.000211,0.051824,0.950126,0.0,0.207451,0.20251,0.171646,0.0,0.0,0.0,True,True,False,0.0,False,False,38.26
1075,53.75,3,yawning,yawning,0.998297,0.00131,0.000183,0.0,0.998297,0.00021,0.046791,0.951027,0.0,0.207475,0.202493,0.171527,0.0,0.0,0.0,True,True,False,0.0,False,False,46.954
1076,53.8,3,yawning,yawning,0.998298,0.001311,0.000182,0.0,0.998298,0.000209,0.044314,0.951786,0.0,0.207484,0.202221,0.171405,0.0,0.0,0.0,True,True,False,0.0,False,False,37.928
1077,53.85,3,yawning,yawning,0.998296,0.001312,0.000182,0.0,0.998296,0.000209,0.04727,0.951188,0.0,0.20746,0.202156,0.171287,0.0,0.0,0.0,True,True,False,0.0,False,False,37.8
1078,53.9,3,yawning,yawning,0.998276,0.001331,0.000182,0.0,0.998276,0.000211,0.045634,0.951771,0.0,0.207438,0.201437,0.171167,0.0,0.0,0.0,True,True,False,0.0,False,False,38.435
1079,53.95,3,yawning,yawning,0.998276,0.001334,0.000181,0.0,0.998276,0.00021,0.048977,0.950807,0.0,0.207426,0.200659,0.171051,0.0,0.0,0.0,True,True,False,0.0,False,False,37.934
1080,54.0,3,yawning,yawning,0.998275,0.001332,0.000181,0.0,0.998275,0.000212,0.048971,0.950603,0.0,0.20741,0.199918,0.170935,0.0,0.0,0.0,True,True,False,0.0,False,False,47.148
1081,54.05,3,yawning,yawning,0.998271,0.001334,0.000181,0.0,0.998271,0.000213,0.045309,0.950949,0.0,0.20733,0.199652,0.170815,0.0,0.0,0.0,True,True,False,0.0,False,False,37.567
1082,54.1,3,yawning,yawning,0.998259,0.001347,0.000181,0.0,0.998259,0.000212,0.046467,0.950493,0.0,0.207226,0.198658,0.170697,0.0,0.0,0.0,True,True,False,0.0,False,False,37.63
1083,54.15,3,yawning,yawning,0.998236,0.001371,0.000182,0.0,0.998236,0.000212,0.043838,0.950896,0.0,0.207155,0.198394,0.170577,0.0,0.0,0.0,True,True,False,0.0,False,False,37.5
1084,54.2,3,yawning,yawning,0.99822,0.001388,0.000181,0.0,0.99822,0.00021,0.042235,0.95118,0.0,0.207084,0.198332,0.170456,0.0,0.0,0.0,True,True,False,0.0,False,False,37.241
1085,54.25,3,yawning,yawning,0.998208,0.001406,0.000179,0.0,0.998208,0.000206,0.043707,0.950693,0.0,0.207056,0.198331,0.170336,0.0,0.0,0.0,True,True,False,0.0,False,False,46.119
1086,54.3,3,yawning,yawning,0.998188,0.001424,0.000179,0.0,0.998188,0.000208,0.044242,0.951117,0.0,0.207031,0.198066,0.170216,0.0,0.0,0.0,True,True,False,0.0,False,False,37.724
1087,54.35,3,yawning,yawning,0.998146,0.001461,0.000181,0.0,0.998146,0.000212,0.046825,0.95074,0.0,0.207025,0.198355,0.1701,0.0,0.0,0.0,True,True,False,0.0,False,False,37.395
1088,54.4,3,yawning,yawning,0.998101,0.001503,0.000182,0.0,0.998101,0.000214,0.044634,0.95051,0.0,0.20702,0.198365,0.169982,0.0,0.0,0.0,True,True,False,0.0,False,False,37.304
1089,54.45,3,yawning,yawning,0.998023,0.001573,0.000184,0.0,0.998023,0.00022,0.044686,0.950483,0.0,0.207013,0.198367,0.169864,0.0,0.0,0.0,True,True,False,0.0,False,False,37.203
1090,54.5,3,yawning,yawning,0.997941,0.001653,0.000184,0.0,0.997941,0.000222,0.046468,0.948341,0.0,0.207013,0.197721,0.169748,0.0,0.0,0.0,True,True,False,0.0,False,False,46.076
1091,54.55,3,yawning,yawning,0.997949,0.001647,0.000181,0.0,0.997949,0.000222,0.048095,0.948045,0.0,0.206996,0.197465,0.169634,0.0,0.0,0.0,True,True,False,0.0,False,False,37.424
1092,54.6,3,yawning,yawning,0.998019,0.001583,0.000178,0.0,0.998019,0.00022,0.051393,0.948146,0.0,0.205595,0.196296,0.169523,0.0,0.0,0.0,True,True,False,0.0,False,False,37.275
1093,54.65,3,yawning,yawning,0.998066,0.001541,0.000176,0.0,0.998066,0.000217,0.058916,0.946953,0.0,0.20351,0.19571,0.169419,0.0,0.0,0.0,True,True,False,0.0,False,False,37.13
1094,54.7,3,yawning,yawning,0.998102,0.001508,0.000175,0.0,0.998102,0.000215,0.063819,0.94661,0.0,0.201422,0.195398,0.169321,0.0,0.0,0.0,True,True,False,0.0,False,False,37.475
1095,54.75,3,yawning,yawning,0.998078,0.001527,0.000178,0.0,0.998078,0.000216,0.051967,0.949575,0.0,0.199272,0.195322,0.169211,0.0,0.0,0.0,True,True,False,0.0,False,False,45.928
1096,54.8,3,yawning,yawning,0.998077,0.001531,0.000178,0.0,0.998077,0.000213,0.051597,0.949288,0.0,0.197334,0.195075,0.169101,0.0,0.0,0.0,True,True,False,0.0,False,False,37.39
1097,54.85,3,yawning,yawning,0.998025,0.00158,0.00018,0.0,0.998025,0.000215,0.047602,0.950117,0.0,0.195806,0.195347,0.168987,0.0,0.0,0.0,True,True,False,0.0,False,False,37.54
1098,54.9,3,yawning,yawning,0.997977,0.001624,0.000181,0.0,0.997977,0.000218,0.0457,0.95042,0.0,0.194993,0.195363,0.168872,0.0,0.0,0.0,True,True,False,0.0,False,False,37.122
1099,54.95,3,yawning,yawning,0.997973,0.001632,0.00018,0.0,0.997973,0.000215,0.046522,0.950556,0.0,0.19475,0.195379,0.168758,0.0,0.0,0.0,True,True,False,0.0,False,False,37.432
1100,55.0,3,yawning,yawning,0.99793,0.001674,0.00018,0.0,0.99793,0.000216,0.04655,0.950651,0.0,0.194719,0.194751,0.168644,0.0,0.0,0.0,True,True,False,0.0,False,False,46.128
1101,55.05,3,yawning,yawning,0.997905,0.001702,0.000179,0.0,0.997905,0.000215,0.046245,0.951135,0.0,0.194718,0.194495,0.16853,0.0,0.0,0.0,True,True,False,0.0,False,False,37.756
1102,55.1,3,yawning,yawning,0.997925,0.001685,0.000176,0.0,0.997925,0.000213,0.047429,0.950969,0.0,0.192802,0.193334,0.168417,0.0,0.0,0.0,True,True,False,0.0,False,False,37.379
1103,55.15,3,yawning,yawning,0.997977,0.001639,0.000174,0.0,0.997977,0.00021,0.051627,0.949761,0.0,0.190598,0.192828,0.168308,0.0,0.0,0.0,True,True,False,0.0,False,False,37.459
1104,55.2,3,yawning,yawning,0.998024,0.001595,0.000173,0.0,0.998024,0.000208,0.131044,0.93438,0.0,0.188726,0.19275,0.168274,0.0,0.0,0.0,True,True,False,0.0,False,False,37.777
1105,55.25,3,yawning,yawning,0.998192,0.001427,0.000172,0.0,0.998192,0.00021,0.475071,0.854475,0.0,0.188568,0.193395,0.16853,0.0,0.0,0.0,True,True,False,0.0,False,False,45.938
1106,55.3,3,yawning,yawning,0.998308,0.001308,0.000172,0.0,0.998308,0.000211,0.514302,0.830507,0.0,0.188782,0.193877,0.168811,0.0,0.0,0.0,True,True,False,0.0,False,False,37.532
1107,55.35,3,yawning,yawning,0.998354,0.001264,0.000174,0.0,0.998354,0.000207,0.493303,0.872722,0.0,0.189586,0.194874,0.169087,0.0,0.0,0.0,True,True,False,0.0,False,False,37.584
1108,55.4,3,yawning,yawning,0.99838,0.001243,0.000176,0.0,0.99838,0.000202,0.452164,0.893828,0.0,0.191085,0.195564,0.169333,0.0,0.0,0.0,True,True,False,0.0,False,False,37.36
1109,55.45,3,yawning,yawning,0.998365,0.001258,0.000178,0.0,0.998365,0.000199,0.369195,0.912571,0.0,0.192643,0.196125,0.169511,0.0,0.0,0.0,True,True,False,0.201294,False,False,37.523
1110,55.5,3,yawning,yawning,0.998329,0.001294,0.000179,0.0,0.998329,0.000197,0.220549,0.930672,0.0,0.193563,0.196439,0.169557,0.0,0.0,0.0,True,True,False,0.155518,False,False,45.939
1111,55.55,3,yawning,yawning,0.998283,0.001341,0.000179,0.0,0.998283,0.000197,0.099814,0.944021,0.0,0.193886,0.196274,0.169493,0.0,0.0,0.0,True,True,False,0.06076,False,False,37.462
1112,55.6,3,yawning,yawning,0.998246,0.001378,0.000178,0.0,0.998246,0.000197,0.053994,0.951575,0.0,0.193973,0.196566,0.169386,0.0,0.0,0.0,True,True,False,0.022308,False,False,37.538
1113,55.65,3,yawning,yawning,0.998219,0.001405,0.000178,0.0,0.998219,0.000199,0.046608,0.952545,0.0,0.194014,0.19628,0.169273,0.0,0.0,0.0,True,True,False,0.0,False,False,37.573
1114,55.7,3,yawning,yawning,0.998246,0.001378,0.000176,0.0,0.998246,0.0002,0.231879,0.92415,0.0,0.193095,0.195891,0.169329,0.0,0.0,0.0,True,True,False,0.0,False,False,37.565
1115,55.75,3,yawning,yawning,0.998268,0.001332,0.000184,0.0,0.998268,0.000215,0.495656,0.839155,0.0,0.193026,0.195844,0.169594,0.0,0.0,0.0,True,True,False,0.0,False,False,45.943
1116,55.8,3,yawning,yawning,0.998295,0.001283,0.000192,0.0,0.998295,0.00023,0.546163,0.822401,0.0,0.193164,0.196365,0.169894,0.0,0.0,0.0,True,True,False,0.0,False,False,37.324
1117,55.85,3,yawning,yawning,0.998343,0.001248,0.00019,0.0,0.998343,0.000219,0.505596,0.864322,0.0,0.19334,0.195869,0.170174,0.0,0.0,0.0,True,True,False,0.0,False,False,37.303
1118,55.9,3,yawning,yawning,0.998362,0.001238,0.000189,0.0,0.998362,0.000212,0.47254,0.887377,0.0,0.193935,0.196028,0.170433,0.0,0.0,0.0,True,True,False,0.0,False,False,37.557
1119,55.95,3,yawning,yawning,0.99834,0.001266,0.000188,0.0,0.99834,0.000207,0.369312,0.914724,0.0,0.194932,0.196331,0.170609,0.0,0.0,0.0,True,True,False,0.0,False,False,37.977
1120,56.0,3,yawning,yawning,0.998305,0.001304,0.000187,0.0,0.998305,0.000204,0.193145,0.933252,0.0,0.195583,0.196519,0.170629,0.0,0.0,0.0,True,True,False,0.0,False,False,46.595
1121,56.05,3,yawning,yawning,0.998262,0.001349,0.000186,0.0,0.998262,0.000203,0.07658,0.94681,0.0,0.195764,0.196314,0.170543,0.0,0.0,0.0,True,True,False,0.0,False,False,38.345
1122,56.1,3,yawning,yawning,0.998207,0.001406,0.000184,0.0,0.998207,0.000204,0.043955,0.952467,0.0,0.195794,0.195151,0.170427,0.0,0.0,0.0,True,True,False,0.0,False,False,38.281
1123,56.15,3,yawning,yawning,0.998142,0.001467,0.000184,0.0,0.998142,0.000207,0.039129,0.953688,0.0,0.195809,0.194368,0.170307,0.0,0.0,0.0,True,True,False,0.0,False,False,37.88
1124,56.2,3,yawning,yawning,0.998088,0.001519,0.000183,0.0,0.998088,0.00021,0.038713,0.952955,0.0,0.195634,0.19359,0.170187,0.0,0.0,0.0,True,True,False,0.0,False,False,38.101
1125,56.25,3,yawning,yawning,0.998009,0.001594,0.000182,0.0,0.998009,0.000215,0.039455,0.952961,0.0,0.193605,0.192861,0.170067,0.0,0.0,0.0,True,True,False,0.0,False,False,46.784
1126,56.3,3,yawning,yawning,0.997926,0.001667,0.000184,0.0,0.997926,0.000223,0.043724,0.95117,0.0,0.191374,0.192605,0.169952,0.0,0.0,0.0,True,True,False,0.054352,False,False,38.623
1127,56.35,3,yawning,yawning,0.998084,0.001495,0.000184,0.0,0.998084,0.000237,0.445335,0.8578,0.0,0.191209,0.192498,0.170178,0.0,0.0,0.0,True,True,False,0.054352,False,False,38.176
1128,56.4,3,yawning,yawning,0.998259,0.001325,0.000179,0.0,0.998259,0.000237,0.518798,0.806856,0.0,0.191772,0.192974,0.170447,0.0,0.0,0.0,True,True,False,0.101044,False,False,37.67
1129,56.45,3,yawning,yawning,0.998299,0.001295,0.000181,0.0,0.998299,0.000224,0.482938,0.868557,0.0,0.193142,0.192986,0.170707,0.0,0.0,0.0,True,True,False,0.147278,False,False,37.383
1130,56.5,3,yawning,yawning,0.998291,0.001312,0.000183,0.0,0.998291,0.000215,0.409163,0.90386,0.0,0.194802,0.192811,0.170913,0.0,0.0,0.0,True,True,False,0.147278,False,False,46.253
1131,56.55,3,yawning,yawning,0.998201,0.001395,0.000188,0.0,0.998201,0.000216,0.244668,0.928268,0.0,0.195828,0.192898,0.170978,0.0,0.0,0.0,True,True,False,0.079987,False,False,37.534
1132,56.6,3,yawning,yawning,0.998122,0.001467,0.000191,0.0,0.998122,0.00022,0.094414,0.946067,0.0,0.196116,0.191842,0.170909,0.0,0.0,0.0,True,True,False,0.079987,False,False,37.463
1133,56.65,3,yawning,yawning,0.998041,0.001543,0.000192,0.0,0.998041,0.000224,0.045754,0.953979,0.0,0.19616,0.191377,0.170795,0.0,0.0,0.0,True,True,False,0.034668,False,False,37.479
1134,56.7,3,yawning,yawning,0.997962,0.001617,0.000192,0.0,0.997962,0.000229,0.039994,0.955595,0.0,0.196175,0.191179,0.170676,0.0,0.0,0.0,True,True,False,0.034668,False,False,37.393
1135,56.75,3,yawning,yawning,0.997902,0.001672,0.000192,0.0,0.997902,0.000234,0.037236,0.955104,0.0,0.196169,0.191085,0.170555,0.0,0.0,0.0,True,True,False,0.0,False,False,45.99
1136,56.8,3,yawning,yawning,0.99785,0.00172,0.000192,0.0,0.99785,0.000238,0.038077,0.954209,0.0,0.196146,0.190821,0.170435,0.0,0.0,0.0,True,True,False,0.0,False,False,37.528
1137,56.85,3,yawning,yawning,0.997889,0.001683,0.00019,0.0,0.997889,0.000238,0.071021,0.945572,0.0,0.196292,0.191093,0.170346,0.0,0.0,0.0,True,True,False,0.0,False,False,37.597
1138,56.9,3,yawning,yawning,0.998028,0.001535,0.00019,0.0,0.998028,0.000247,0.460595,0.855604,0.0,0.197386,0.191755,0.170581,0.0,0.0,0.0,True,True,False,0.0,False,False,37.497
1139,56.95,3,yawning,yawning,0.998112,0.00145,0.000192,0.0,0.998112,0.000246,0.500992,0.842574,0.0,0.19743,0.192479,0.170845,0.0,0.0,0.0,True,True,False,0.0,False,False,37.43
1140,57.0,3,yawning,yawning,0.998161,0.001414,0.000191,0.0,0.998161,0.000233,0.429181,0.89711,0.0,0.197034,0.193113,0.171065,0.0,0.0,0.0,True,True,False,0.0,False,False,46.293
1141,57.05,3,yawning,yawning,0.998165,0.001414,0.000191,0.0,0.998165,0.00023,0.273349,0.92468,0.0,0.195983,0.193247,0.171154,0.0,0.0,0.0,True,True,False,0.0,False,False,38.157
1142,57.1,3,yawning,yawning,0.998142,0.001436,0.000192,0.0,0.998142,0.000231,0.114603,0.943741,0.0,0.194363,0.193597,0.171104,0.0,0.0,0.0,True,True,False,0.0,False,False,38.043
1143,57.15,3,yawning,yawning,0.998106,0.00146,0.000195,0.0,0.998106,0.000239,0.052397,0.952688,0.0,0.193127,0.193598,0.170997,0.0,0.0,0.0,True,True,False,0.0,False,False,38.53
1144,57.2,3,yawning,yawning,0.998045,0.001511,0.000199,0.0,0.998045,0.000245,0.041905,0.955216,0.0,0.192681,0.193588,0.170881,0.0,0.0,0.0,True,True,False,0.0,False,False,37.794
1145,57.25,3,yawning,yawning,0.997998,0.001551,0.000202,0.0,0.997998,0.000249,0.038126,0.954814,0.0,0.190639,0.193573,0.170761,0.0,0.0,0.0,True,True,False,0.0,False,False,46.954
1146,57.3,3,yawning,yawning,0.997991,0.001557,0.000202,0.0,0.997991,0.00025,0.03659,0.953721,0.0,0.188306,0.193302,0.17064,0.0,0.0,0.0,True,True,False,0.0,False,False,38.029
1147,57.35,3,yawning,yawning,0.997963,0.001577,0.000203,0.0,0.997963,0.000257,0.037435,0.953168,0.0,0.185772,0.193536,0.170521,0.0,0.0,0.0,True,True,False,0.0,False,False,38.542
1148,57.4,3,yawning,yawning,0.997477,0.001987,0.000232,0.0,0.997477,0.000304,0.041043,0.952492,0.0,0.183309,0.193522,0.170405,0.0,0.0,0.0,True,True,False,0.0,False,False,37.639
1149,57.45,3,yawning,yawning,0.996732,0.002652,0.000257,0.0,0.996732,0.000358,0.039792,0.952682,0.0,0.181033,0.193506,0.170288,0.0,0.0,0.0,True,True,False,0.103333,False,False,37.582
1150,57.5,3,yawning,yawning,0.997303,0.00215,0.000228,0.0,0.997303,0.000318,0.21988,0.927303,0.0,0.179897,0.193805,0.170331,0.0,0.0,0.0,True,True,False,0.103333,False,False,46.145
1151,57.55,3,yawning,yawning,0.997716,0.00175,0.000222,0.0,0.997716,0.000312,0.489841,0.84328,0.0,0.180493,0.194256,0.170584,0.0,0.0,0.0,True,True,False,0.0,False,False,37.631
1152,57.6,3,yawning,yawning,0.99794,0.001531,0.00022,0.0,0.99794,0.000308,0.539625,0.806851,0.0,0.182034,0.195271,0.170863,0.0,0.0,0.0,True,True,False,0.0,False,False,37.498
1153,57.65,3,yawning,yawning,0.998026,0.001462,0.000222,0.0,0.998026,0.000289,0.540023,0.847558,0.0,0.182359,0.196062,0.171156,0.0,0.0,0.0,True,True,False,0.0,False,False,37.524
1154,57.7,3,yawning,yawning,0.998116,0.001406,0.000217,0.0,0.998116,0.000261,0.476593,0.89264,0.0,0.182158,0.196777,0.171411,0.0,0.0,0.0,True,True,False,0.0,False,False,37.6
1155,57.75,3,yawning,yawning,0.998156,0.001379,0.000215,0.0,0.998156,0.00025,0.369882,0.916809,0.0,0.181439,0.197324,0.171581,0.0,0.0,0.0,True,True,False,0.0,False,False,46.029
1156,57.8,3,yawning,yawning,0.99818,0.001365,0.000211,0.0,0.99818,0.000244,0.188694,0.936875,0.0,0.179969,0.197309,0.171596,0.0,0.0,0.0,True,True,False,0.0,False,False,37.541
1157,57.85,3,yawning,yawning,0.998211,0.001346,0.000206,0.0,0.998211,0.000238,0.083879,0.948677,0.0,0.178218,0.19764,0.171519,0.0,0.0,0.0,True,True,False,0.0,False,False,173.704
1158,57.9,3,yawning,yawning,0.998259,0.001286,0.000208,0.0,0.998259,0.000246,0.454332,0.859075,0.0,0.178812,0.198304,0.171745,0.0,0.0,0.0,True,True,False,0.0,False,False,37.974
1159,57.95,3,yawning,yawning,0.99828,0.001248,0.000214,0.0,0.99828,0.000258,0.535013,0.816175,0.0,0.180405,0.199052,0.172022,0.0,0.0,0.0,True,True,False,0.0,False,False,37.736
1160,58.0,3,yawning,yawning,0.99834,0.001199,0.000211,0.0,0.99834,0.000251,0.535221,0.833248,0.0,0.18241,0.199815,0.172303,0.0,0.0,0.0,True,True,False,0.0,False,False,46.394
1161,58.05,3,yawning,yawning,0.998367,0.001177,0.00021,0.0,0.998367,0.000246,0.534986,0.826471,0.0,0.184615,0.200317,0.172582,0.0,0.0,0.0,True,True,False,0.0,False,False,37.737
1162,58.1,3,yawning,yawning,0.998373,0.001181,0.000206,0.0,0.998373,0.000239,0.48204,0.88361,0.0,0.186752,0.201264,0.172837,0.0,0.0,0.0,True,True,False,0.0,False,False,37.573
1163,58.15,3,yawning,yawning,0.998389,0.00118,0.000202,0.0,0.998389,0.000229,0.415945,0.902261,0.0,0.188602,0.20185,0.17304,0.0,0.0,0.0,True,True,False,0.0,False,False,37.334
1164,58.2,3,yawning,yawning,0.998386,0.001195,0.000199,0.0,0.998386,0.000221,0.270747,0.92495,0.0,0.189764,0.20222,0.173124,0.0,0.0,0.0,True,True,False,0.0,False,False,37.588
1165,58.25,3,yawning,yawning,0.998397,0.001188,0.000196,0.0,0.998397,0.000219,0.189531,0.935162,0.0,0.190497,0.202458,0.173138,0.0,0.0,0.0,True,True,False,0.0,False,False,46.363
1166,58.3,3,yawning,yawning,0.998372,0.001188,0.000206,0.0,0.998372,0.000234,0.482397,0.846072,0.0,0.192571,0.202887,0.173381,0.0,0.0,0.0,True,True,False,0.0,False,False,37.685
1167,58.35,3,yawning,yawning,0.998383,0.001164,0.00021,0.0,0.998383,0.000243,0.5556,0.807721,0.0,0.194868,0.203944,0.173667,0.0,0.0,0.0,True,True,False,0.0,False,False,37.418
1168,58.4,3,yawning,yawning,0.998393,0.001161,0.000208,0.0,0.998393,0.000238,0.504744,0.853584,0.0,0.197043,0.204682,0.173928,0.0,0.0,0.0,True,True,False,0.0,False,False,37.599
1169,58.45,3,yawning,yawning,0.998376,0.001184,0.000207,0.0,0.998376,0.000233,0.440237,0.894838,0.0,0.199001,0.205337,0.174148,0.0,0.0,0.0,True,True,False,0.0,False,False,37.457
1170,58.5,3,yawning,yawning,0.998384,0.001187,0.000203,0.0,0.998384,0.000226,0.316434,0.918261,0.0,0.200376,0.205798,0.174269,0.0,0.0,0.0,True,True,False,0.0,False,False,46.158
1171,58.55,3,yawning,yawning,0.998375,0.001202,0.0002,0.0,0.998375,0.000222,0.150778,0.936702,0.0,0.200905,0.205704,0.174249,0.0,0.0,0.0,True,True,False,0.0,False,False,37.342
1172,58.6,3,yawning,yawning,0.998372,0.001212,0.000197,0.0,0.998372,0.000219,0.085932,0.944282,0.0,0.201114,0.20604,0.174172,0.0,0.0,0.0,True,True,False,0.049349,False,False,37.421
1173,58.65,3,yawning,yawning,0.998362,0.001228,0.000195,0.0,0.998362,0.000215,0.057568,0.949404,0.0,0.201158,0.205908,0.17407,0.0,0.0,0.0,True,True,False,0.0,False,False,37.624
1174,58.7,3,yawning,yawning,0.99834,0.001253,0.000193,0.0,0.99834,0.000214,0.047085,0.951769,0.0,0.201148,0.205215,0.173959,0.0,0.0,0.0,True,True,False,0.0,False,False,37.367
1175,58.75,3,yawning,yawning,0.998336,0.001262,0.00019,0.0,0.998336,0.000212,0.050687,0.950677,0.0,0.201175,0.204482,0.173851,0.0,0.0,0.0,True,True,False,0.047746,False,False,46.101
1176,58.8,3,yawning,yawning,0.998314,0.001283,0.000189,0.0,0.998314,0.000214,0.051247,0.950413,0.0,0.201199,0.204219,0.173744,0.0,0.0,0.0,True,True,False,0.0,False,False,37.224
1177,58.85,3,yawning,yawning,0.998305,0.001294,0.000188,0.0,0.998305,0.000214,0.051165,0.950463,0.0,0.201236,0.203076,0.173637,0.0,0.0,0.0,True,True,False,0.0,False,False,37.341
1178,58.9,3,yawning,yawning,0.998298,0.0013,0.000188,0.0,0.998298,0.000215,0.051357,0.950164,0.0,0.201283,0.202517,0.17353,0.0,0.0,0.0,True,True,False,0.0,False,False,37.434
1179,58.95,3,yawning,yawning,0.9983,0.001301,0.000186,0.0,0.9983,0.000214,0.057448,0.949157,0.0,0.201355,0.202211,0.173429,0.0,0.0,0.0,True,True,False,0.0,False,False,37.342
1180,59.0,3,yawning,yawning,0.998294,0.00131,0.000184,0.0,0.998294,0.000212,0.052732,0.949919,0.0,0.201402,0.202117,0.173324,0.0,0.0,0.0,True,True,False,0.0,False,False,46.455
1181,59.05,3,yawning,yawning,0.998289,0.001316,0.000184,0.0,0.998289,0.000212,0.04755,0.950719,0.0,0.201416,0.201851,0.173215,0.0,0.0,0.0,True,True,False,0.0,False,False,37.462
1182,59.1,3,yawning,yawning,0.998284,0.00132,0.000184,0.0,0.998284,0.000213,0.045759,0.951695,0.0,0.201429,0.202103,0.173104,0.0,0.0,0.0,True,True,False,0.0,False,False,37.495
1183,59.15,3,yawning,yawning,0.998287,0.001319,0.000183,0.0,0.998287,0.000212,0.047751,0.951098,0.0,0.201446,0.201771,0.172995,0.0,0.0,0.0,True,True,False,0.0,False,False,37.463
1184,59.2,3,yawning,yawning,0.998275,0.001328,0.000184,0.0,0.998275,0.000214,0.045452,0.951792,0.0,0.201443,0.201052,0.172884,0.0,0.0,0.0,True,True,False,0.0,False,False,37.984
1185,59.25,3,yawning,yawning,0.99827,0.001336,0.000182,0.0,0.99827,0.000212,0.049696,0.950307,0.0,0.201455,0.200277,0.172778,0.0,0.0,0.0,True,True,False,0.0,False,False,46.737
1186,59.3,3,yawning,yawning,0.998253,0.001351,0.000182,0.0,0.998253,0.000214,0.047975,0.950765,0.0,0.201443,0.200015,0.17267,0.0,0.0,0.0,True,True,False,0.0,False,False,37.97
1187,59.35,3,yawning,yawning,0.998254,0.00135,0.000182,0.0,0.998254,0.000214,0.045235,0.950885,0.0,0.201368,0.198825,0.172559,0.0,0.0,0.0,True,True,False,0.0,False,False,38.469
1188,59.4,3,yawning,yawning,0.998261,0.001345,0.000181,0.0,0.998261,0.000213,0.048255,0.950063,0.0,0.201258,0.198272,0.172452,0.0,0.0,0.0,True,True,False,0.0,False,False,37.608
1189,59.45,3,yawning,yawning,0.998238,0.001367,0.000182,0.0,0.998238,0.000213,0.044636,0.950647,0.0,0.201195,0.198005,0.172342,0.0,0.0,0.0,True,True,False,0.0,False,False,37.835
1190,59.5,3,yawning,yawning,0.998211,0.001394,0.000183,0.0,0.998211,0.000212,0.043927,0.950364,0.0,0.201134,0.197943,0.172231,0.0,0.0,0.0,True,True,False,0.0,False,False,47.331
1191,59.55,3,yawning,yawning,0.998195,0.001417,0.000181,0.0,0.998195,0.000207,0.044584,0.950335,0.0,0.201112,0.19768,0.172121,0.0,0.0,0.0,True,True,False,0.0,False,False,38.18
1192,59.6,3,yawning,yawning,0.998195,0.001418,0.000179,0.0,0.998195,0.000207,0.045864,0.950159,0.0,0.20109,0.197957,0.172012,0.0,0.0,0.0,True,True,False,0.0,False,False,38.708
1193,59.65,3,yawning,yawning,0.998162,0.001449,0.00018,0.0,0.998162,0.000209,0.046494,0.950491,0.0,0.201084,0.197971,0.171904,0.0,0.0,0.0,True,True,False,0.0,False,False,37.581
1194,59.7,3,yawning,yawning,0.9981,0.001504,0.000183,0.0,0.9981,0.000213,0.042563,0.951242,0.0,0.201064,0.197978,0.171793,0.0,0.0,0.0,True,True,False,0.0,False,False,36.989
1195,59.75,3,yawning,yawning,0.99803,0.001567,0.000185,0.0,0.99803,0.000218,0.043963,0.950234,0.0,0.201054,0.197979,0.171683,0.0,0.0,0.0,True,True,False,0.0,False,False,46.171
1196,59.8,3,yawning,yawning,0.997982,0.001614,0.000184,0.0,0.997982,0.00022,0.053127,0.947509,0.0,0.201086,0.197731,0.171582,0.0,0.0,0.0,True,True,False,0.0,False,False,37.34
1197,59.85,3,yawning,yawning,0.997987,0.001612,0.000181,0.0,0.997987,0.00022,0.050665,0.948146,0.0,0.201084,0.196637,0.171478,0.0,0.0,0.0,True,True,False,0.0,False,False,37.322
1198,59.9,3,yawning,yawning,0.998049,0.001555,0.000177,0.0,0.998049,0.000218,0.051878,0.948622,0.0,0.199637,0.195918,0.171376,0.0,0.0,0.0,True,True,False,0.0,False,False,37.347
1199,59.95,3,yawning,yawning,0.998098,0.001514,0.000175,0.0,0.998098,0.000214,0.058732,0.947649,0.0,0.197556,0.195287,0.17128,0.0,0.0,0.0,True,True,True,0.0,False,False,37.378
1200,60.0,3,yawning,yawning,0.998133,0.001482,0.000173,0.0,0.998133,0.000211,0.063843,0.947,0.0,0.195477,0.194885,0.171133,0.0,0.0,0.0,True,True,True,0.0,False,False,46.225
1201,60.05,3,yawning,yawning,0.998109,0.001501,0.000177,0.0,0.998109,0.000213,0.052204,0.948943,0.0,0.19334,0.19464,0.171031,0.0,0.0,0.0,True,True,True,0.0,False,False,37.578
1202,60.1,3,yawning,yawning,0.998115,0.0015,0.000176,0.0,0.998115,0.000209,0.051552,0.948759,0.0,0.19142,0.194751,0.170798,0.0,0.0,0.0,True,True,True,0.0,False,False,37.563
1203,60.15,3,yawning,yawning,0.998081,0.001532,0.000177,0.0,0.998081,0.00021,0.047714,0.949586,0.0,0.189925,0.194764,0.170693,0.0,0.0,0.0,True,True,True,0.0,False,False,37.602
1204,60.2,3,yawning,yawning,0.998032,0.001576,0.000179,0.0,0.998032,0.000213,0.045273,0.949931,0.0,0.189138,0.194778,0.170062,0.0,0.0,0.0,True,True,True,0.0,False,False,37.8
1205,60.25,3,yawning,yawning,0.998019,0.001592,0.000178,0.0,0.998019,0.000211,0.046062,0.951132,0.0,0.188906,0.194794,0.169701,0.0,0.0,0.0,True,True,True,0.0,False,False,46.923
1206,60.3,3,yawning,yawning,0.997984,0.001628,0.000178,0.0,0.997984,0.000211,0.046546,0.950706,0.0,0.188878,0.194539,0.169596,0.0,0.0,0.0,True,True,True,0.0,False,False,38.429
1207,60.35,3,yawning,yawning,0.997941,0.001671,0.000176,0.0,0.997941,0.000211,0.045832,0.951268,0.0,0.188874,0.194082,0.169123,0.0,0.0,0.0,True,True,True,0.0,False,False,38.217
1208,60.4,3,yawning,yawning,0.997951,0.001665,0.000174,0.0,0.997951,0.00021,0.046813,0.951137,0.0,0.186961,0.19336,0.169019,0.0,0.0,0.0,True,True,True,0.0,False,False,38.003
1209,60.45,3,yawning,yawning,0.998007,0.001615,0.000172,0.0,0.998007,0.000206,0.052361,0.949637,0.0,0.184766,0.192737,0.168966,0.0,0.0,0.0,True,True,True,0.0,False,False,38.633
1210,60.5,3,yawning,yawning,0.998058,0.001568,0.00017,0.0,0.998058,0.000204,0.130137,0.934624,0.0,0.182763,0.1925,0.169009,0.0,0.0,0.0,True,True,True,0.0,False,False,46.906
1211,60.55,3,yawning,yawning,0.998228,0.001398,0.000169,0.0,0.998228,0.000205,0.475751,0.853751,0.0,0.182563,0.192937,0.169245,0.0,0.0,0.0,True,True,True,0.0,False,False,38.103
1212,60.6,3,yawning,yawning,0.998342,0.001281,0.00017,0.0,0.998342,0.000207,0.516094,0.825823,0.0,0.182629,0.1938,0.169694,0.0,0.0,0.0,True,True,True,0.0,False,False,38.153
1213,60.65,3,yawning,yawning,0.998385,0.001239,0.000172,0.0,0.998385,0.000204,0.499024,0.866665,0.0,0.183121,0.194542,0.16995,0.0,0.0,0.0,True,True,True,0.227844,False,False,38.286
1214,60.7,3,yawning,yawning,0.998408,0.001219,0.000174,0.0,0.998408,0.000199,0.459336,0.892464,0.0,0.184329,0.19524,0.170393,0.0,0.0,0.0,True,True,True,0.227844,False,False,37.683
1215,60.75,3,yawning,yawning,0.998395,0.001233,0.000176,0.0,0.998395,0.000196,0.381997,0.910994,0.0,0.185831,0.195823,0.17066,0.0,0.0,0.0,True,True,True,0.227844,False,False,47.311
1216,60.8,3,yawning,yawning,0.99836,0.001269,0.000177,0.0,0.99836,0.000194,0.23669,0.929379,0.0,0.186816,0.195891,0.170715,0.0,0.0,0.0,True,True,True,0.1633,False,False,38.378
1217,60.85,3,yawning,yawning,0.998334,0.001297,0.000176,0.0,0.998334,0.000193,0.118015,0.942676,0.0,0.187227,0.196299,0.17087,0.0,0.0,0.0,True,True,True,0.148651,False,False,38.854
1218,60.9,3,yawning,yawning,0.998292,0.001339,0.000176,0.0,0.998292,0.000193,0.059593,0.950978,0.0,0.187337,0.196334,0.170775,0.0,0.0,0.0,True,True,True,0.096008,False,False,38.076
1219,60.95,3,yawning,yawning,0.99828,0.001352,0.000175,0.0,0.99828,0.000193,0.044715,0.953839,0.0,0.187365,0.196046,0.170869,0.0,0.0,0.0,True,True,True,0.0,False,False,37.557
1220,61.0,3,yawning,yawning,0.998304,0.001328,0.000174,0.0,0.998304,0.000194,0.218363,0.926918,0.0,0.188263,0.195635,0.171011,0.0,0.0,0.0,True,True,True,0.0,False,False,45.997
1221,61.05,3,yawning,yawning,0.998339,0.001273,0.00018,0.0,0.998339,0.000207,0.493283,0.839742,0.0,0.188455,0.196087,0.171255,0.0,0.0,0.0,True,True,True,0.0,False,False,37.428
1222,61.1,3,yawning,yawning,0.998362,0.00123,0.000188,0.0,0.998362,0.00022,0.544182,0.817877,0.0,0.188587,0.195568,0.171714,0.0,0.0,0.0,True,True,True,0.0,False,False,37.5
1223,61.15,3,yawning,yawning,0.998391,0.001197,0.000191,0.0,0.998391,0.000221,0.556941,0.822345,0.0,0.188842,0.195654,0.171999,0.0,0.0,0.0,True,True,True,0.0,False,False,37.475
1224,61.2,3,yawning,yawning,0.998408,0.001193,0.000188,0.0,0.998408,0.000212,0.504408,0.872533,0.0,0.189236,0.19586,0.172475,0.0,0.0,0.0,True,True,True,0.0,False,False,37.383
1225,61.25,3,yawning,yawning,0.998401,0.001211,0.000185,0.0,0.998401,0.000203,0.437389,0.900989,0.0,0.190129,0.196277,0.172797,0.0,0.0,0.0,True,True,True,0.0,False,False,46.312
1226,61.3,3,yawning,yawning,0.99836,0.001255,0.000185,0.0,0.99836,0.0002,0.289852,0.922725,0.0,0.1911,0.196433,0.172894,0.0,0.0,0.0,True,True,True,0.0,False,False,37.7
1227,61.35,3,yawning,yawning,0.998327,0.001292,0.000183,0.0,0.998327,0.000198,0.124805,0.93986,0.0,0.191513,0.196107,0.173068,0.0,0.0,0.0,True,True,True,0.0,False,False,37.515
1228,61.4,3,yawning,yawning,0.998273,0.001347,0.000182,0.0,0.998273,0.000198,0.054267,0.950289,0.0,0.19159,0.195361,0.172967,0.0,0.0,0.0,True,True,True,0.0,False,False,38.042
1229,61.45,3,yawning,yawning,0.998218,0.001403,0.00018,0.0,0.998218,0.000199,0.041146,0.9532,0.0,0.191611,0.194585,0.173065,0.0,0.0,0.0,True,True,True,0.0,False,False,37.63
1230,61.5,3,yawning,yawning,0.998151,0.001466,0.000179,0.0,0.998151,0.000203,0.038327,0.953286,0.0,0.191615,0.193806,0.173055,0.0,0.0,0.0,True,True,True,0.0,False,False,46.182
1231,61.55,3,yawning,yawning,0.998072,0.001536,0.000181,0.0,0.998072,0.00021,0.037744,0.953346,0.0,0.189672,0.193537,0.172939,0.0,0.0,0.0,True,True,True,0.0,False,False,37.779
1232,61.6,3,yawning,yawning,0.998003,0.001599,0.000182,0.0,0.998003,0.000216,0.042626,0.951513,0.0,0.18746,0.192446,0.173019,0.0,0.0,0.0,True,True,True,0.0,False,False,37.591
1233,61.65,3,yawning,yawning,0.998135,0.001468,0.000178,0.0,0.998135,0.000219,0.433225,0.872618,0.0,0.187287,0.192685,0.173223,0.0,0.0,0.0,True,True,True,0.0,False,False,37.593
1234,61.7,3,yawning,yawning,0.998284,0.001319,0.000174,0.0,0.998284,0.000223,0.517956,0.80785,0.0,0.1879,0.193151,0.173653,0.0,0.0,0.0,True,True,True,0.0,False,False,37.463
1235,61.75,3,yawning,yawning,0.998342,0.001259,0.000177,0.0,0.998342,0.000222,0.500316,0.859924,0.0,0.189409,0.193193,0.173986,0.0,0.0,0.0,True,True,True,0.0,False,False,46.19
1236,61.8,3,yawning,yawning,0.998333,0.001273,0.00018,0.0,0.998333,0.000214,0.441193,0.898781,0.0,0.19124,0.193596,0.174202,0.0,0.0,0.0,True,True,True,0.093719,False,False,37.597
1237,61.85,3,yawning,yawning,0.998274,0.001328,0.000185,0.0,0.998274,0.000212,0.305087,0.92451,0.0,0.19257,0.192744,0.174477,0.0,0.0,0.0,True,True,True,0.0,False,False,37.462
1238,61.9,3,yawning,yawning,0.998206,0.001389,0.000189,0.0,0.998206,0.000216,0.130163,0.943431,0.0,0.193044,0.192175,0.174439,0.0,0.0,0.0,True,True,True,0.0,False,False,37.539
1239,61.95,3,yawning,yawning,0.998118,0.001469,0.000192,0.0,0.998118,0.000221,0.055832,0.95306,0.0,0.193142,0.191609,0.17454,0.0,0.0,0.0,True,True,True,0.0,False,False,37.473
1240,62.0,3,yawning,yawning,0.998045,0.001539,0.000192,0.0,0.998045,0.000224,0.041311,0.955819,0.0,0.193163,0.191282,0.174531,0.0,0.0,0.0,True,True,True,0.0,False,False,46.157
1241,62.05,3,yawning,yawning,0.997996,0.001586,0.000191,0.0,0.997996,0.000228,0.037809,0.955541,0.0,0.193159,0.191139,0.174413,0.0,0.0,0.0,True,True,True,0.0,False,False,37.59
1242,62.1,3,yawning,yawning,0.997944,0.001633,0.000191,0.0,0.997944,0.000232,0.037538,0.954532,0.0,0.193133,0.191088,0.174506,0.0,0.0,0.0,True,True,True,0.0,False,False,37.551
1243,62.15,3,yawning,yawning,0.997976,0.001603,0.000189,0.0,0.997976,0.000232,0.070368,0.945938,0.0,0.193273,0.191124,0.174417,0.0,0.0,0.0,True,True,True,0.0,False,False,37.474
1244,62.2,3,yawning,yawning,0.998101,0.00147,0.000189,0.0,0.998101,0.00024,0.460333,0.85622,0.0,0.194371,0.191788,0.174842,0.0,0.0,0.0,True,True,True,0.0,False,False,37.284
1245,62.25,3,yawning,yawning,0.998168,0.001401,0.000192,0.0,0.998168,0.000239,0.501167,0.84108,0.0,0.194415,0.192507,0.17519,0.0,0.0,0.0,True,True,True,0.0,False,False,46.042
1246,62.3,3,yawning,yawning,0.998207,0.001375,0.00019,0.0,0.998207,0.000227,0.429562,0.896578,0.0,0.194019,0.193138,0.175395,0.0,0.0,0.0,True,True,True,0.0,False,False,37.472
1247,62.35,3,yawning,yawning,0.998205,0.001382,0.000189,0.0,0.998205,0.000223,0.273603,0.924487,0.0,0.192972,0.193518,0.175681,0.0,0.0,0.0,True,True,True,0.0,False,False,37.493
1248,62.4,3,yawning,yawning,0.998171,0.001414,0.000191,0.0,0.998171,0.000225,0.115179,0.943677,0.0,0.191359,0.19362,0.17563,0.0,0.0,0.0,True,True,True,0.0,False,False,37.641
1249,62.45,3,yawning,yawning,0.998135,0.001441,0.000193,0.0,0.998135,0.000231,0.052636,0.952669,0.0,0.19012,0.19362,0.175737,0.0,0.0,0.0,True,True,True,0.0,False,False,37.835
1250,62.5,3,yawning,yawning,0.998073,0.001492,0.000197,0.0,0.998073,0.000238,0.041948,0.955236,0.0,0.189674,0.19361,0.175734,0.0,0.0,0.0,True,True,True,0.0,False,False,46.134
1251,62.55,3,yawning,yawning,0.998024,0.001534,0.0002,0.0,0.998024,0.000242,0.038141,0.954923,0.0,0.189541,0.193596,0.175616,0.0,0.0,0.0,True,True,True,0.0,False,False,37.47
1252,62.6,3,yawning,yawning,0.998029,0.00153,0.000198,0.0,0.998029,0.000243,0.036566,0.953781,0.0,0.187546,0.193575,0.175719,0.0,0.0,0.0,True,True,True,0.0,False,False,37.479
1253,62.65,3,yawning,yawning,0.998013,0.001539,0.0002,0.0,0.998013,0.000249,0.03768,0.953131,0.0,0.185255,0.193561,0.1756,0.0,0.0,0.0,True,True,True,0.0,False,False,37.347
1254,62.7,3,yawning,yawning,0.997556,0.001922,0.000228,0.0,0.997556,0.000294,0.041339,0.952436,0.0,0.182953,0.193547,0.175712,0.0,0.0,0.0,True,True,True,0.0,False,False,37.568
1255,62.75,3,yawning,yawning,0.996894,0.002515,0.00025,0.0,0.996894,0.00034,0.040031,0.952631,0.0,0.18065,0.193534,0.17571,0.0,0.0,0.0,True,True,True,0.0,False,False,46.152
1256,62.8,3,yawning,yawning,0.997416,0.002049,0.000225,0.0,0.997416,0.000309,0.194684,0.930853,0.0,0.179276,0.193791,0.175725,0.0,0.0,0.0,True,True,True,0.0,False,False,37.391
1257,62.85,3,yawning,yawning,0.99776,0.001698,0.000225,0.0,0.99776,0.000317,0.485891,0.848172,0.0,0.179508,0.194491,0.176191,0.0,0.0,0.0,True,True,True,0.0,False,False,37.454
1258,62.9,3,yawning,yawning,0.997953,0.001497,0.000227,0.0,0.997953,0.000323,0.537542,0.810633,0.0,0.18058,0.195253,0.176455,0.0,0.0,0.0,True,True,True,0.0,False,False,37.47
1259,62.95,3,yawning,yawning,0.998036,0.001421,0.000232,0.0,0.998036,0.00031,0.539691,0.855657,0.0,0.182145,0.196048,0.176963,0.0,0.0,0.0,True,True,True,0.0,False,False,37.678
1260,63.0,3,yawning,yawning,0.998098,0.00139,0.00023,0.0,0.998098,0.000282,0.500428,0.873923,0.0,0.18227,0.196791,0.177331,0.0,0.0,0.0,True,True,True,0.0,False,False,46.383
1261,63.05,3,yawning,yawning,0.998151,0.001369,0.000221,0.0,0.998151,0.000258,0.422659,0.906971,0.0,0.181823,0.197423,0.177532,0.0,0.0,0.0,True,True,True,0.0,False,False,37.586
1262,63.1,3,yawning,yawning,0.99818,0.001364,0.000213,0.0,0.99818,0.000243,0.259622,0.928046,0.0,0.180727,0.197788,0.17782,0.0,0.0,0.0,True,True,True,0.939266,False,False,37.557
1263,63.15,3,yawning,yawning,0.998219,0.001342,0.000205,0.0,0.998219,0.000234,0.11788,0.943737,0.0,0.179152,0.197919,0.177769,0.0,0.0,0.0,True,True,True,1.0,False,False,37.547
1264,63.2,3,yawning,yawning,0.998303,0.001269,0.000199,0.0,0.998303,0.00023,0.45799,0.866243,0.0,0.179788,0.198593,0.178216,0.0,0.0,0.0,True,True,True,0.0,False,False,37.198
1265,63.25,3,yawning,yawning,0.998309,0.001237,0.000207,0.0,0.998309,0.000246,0.534301,0.817834,0.0,0.181507,0.199342,0.178594,0.0,0.0,0.0,True,True,True,0.0,False,False,46.284
1266,63.3,3,yawning,yawning,0.998331,0.001203,0.000213,0.0,0.998331,0.000254,0.584104,0.811534,0.0,0.183751,0.200163,0.178891,0.0,0.0,0.0,True,True,True,0.0,False,False,37.707
1267,63.35,3,yawning,yawning,0.998374,0.001169,0.000211,0.0,0.998374,0.000247,0.558024,0.815287,0.0,0.186052,0.200946,0.179161,0.0,0.0,0.0,True,True,True,0.959865,False,False,37.745
1268,63.4,3,yawning,yawning,0.998401,0.001156,0.000206,0.0,0.998401,0.000237,0.506732,0.866805,0.0,0.188283,0.201668,0.179417,0.0,0.0,0.0,True,True,True,0.953914,False,False,37.559
1269,63.45,3,yawning,yawning,0.998413,0.001158,0.000201,0.0,0.998413,0.000228,0.444153,0.897281,0.0,0.19024,0.202299,0.179797,0.0,0.0,0.0,True,True,True,0.888683,False,False,37.593
1270,63.5,3,yawning,yawning,0.998417,0.001165,0.000198,0.0,0.998417,0.00022,0.318179,0.921002,0.0,0.191627,0.202751,0.180026,0.0,0.0,0.0,True,True,True,0.873577,False,False,46.434
1271,63.55,3,yawning,yawning,0.998421,0.001164,0.000196,0.0,0.998421,0.000219,0.231182,0.931938,0.0,0.192568,0.20306,0.180069,0.0,0.0,0.0,True,True,True,0.854122,False,False,37.576
1272,63.6,3,yawning,yawning,0.99843,0.001144,0.000199,0.0,0.99843,0.000227,0.477176,0.860586,0.0,0.194642,0.203756,0.18039,0.0,0.0,0.0,True,True,True,0.854122,False,False,37.492
1273,63.65,3,yawning,yawning,0.998425,0.001134,0.000204,0.0,0.998425,0.000237,0.547358,0.80904,0.0,0.196911,0.204534,0.180658,0.0,0.0,0.0,True,True,True,0.0,False,False,37.831
1274,63.7,3,yawning,yawning,0.998451,0.001112,0.000202,0.0,0.998451,0.000235,0.553412,0.815181,0.0,0.199243,0.205325,0.180562,0.0,0.0,0.0,True,True,True,0.0,False,False,37.98
1275,63.75,3,yawning,yawning,0.998424,0.001145,0.000201,0.0,0.998424,0.00023,0.484107,0.879684,0.0,0.201396,0.206045,0.180721,0.0,0.0,0.0,True,True,True,0.0,False,False,47.423
1276,63.8,3,yawning,yawning,0.998417,0.00116,0.000199,0.0,0.998417,0.000224,0.394699,0.906681,0.0,0.203164,0.206634,0.180896,0.0,0.0,0.0,True,True,True,0.0,False,False,37.729
1277,63.85,3,yawning,yawning,0.998407,0.001177,0.000196,0.0,0.998407,0.00022,0.23326,0.928636,0.0,0.204124,0.206955,0.181081,0.0,0.0,0.0,True,True,True,0.917522,False,False,38.284
1278,63.9,3,yawning,yawning,0.998394,0.001194,0.000194,0.0,0.998394,0.000218,0.120747,0.940789,0.0,0.204518,0.207083,0.18103,0.0,0.0,0.0,True,True,True,0.901272,False,False,38.358
1279,63.95,3,yawning,yawning,0.998387,0.001208,0.000192,0.0,0.998387,0.000214,0.066351,0.94827,0.0,0.20461,0.206977,0.180872,0.0,0.0,0.0,True,True,True,0.901272,False,False,38.401
1280,64.0,3,yawning,yawning,0.998371,0.001228,0.000189,0.0,0.998371,0.000211,0.049721,0.951486,0.0,0.204613,0.206389,0.180556,0.0,0.0,0.0,True,True,True,0.901272,False,False,46.964
1281,64.05,3,yawning,yawning,0.998368,0.001237,0.000187,0.0,0.998368,0.000209,0.048811,0.951602,0.0,0.204631,0.205667,0.180443,0.0,0.0,0.0,True,True,True,0.860988,False,False,37.937
1282,64.1,3,yawning,yawning,0.998347,0.001257,0.000186,0.0,0.998347,0.00021,0.048171,0.951386,0.0,0.203824,0.205395,0.180191,0.0,0.0,0.0,True,True,True,0.724753,False,False,38.206
1283,64.15,3,yawning,yawning,0.998333,0.001273,0.000185,0.0,0.998333,0.00021,0.049961,0.950838,0.0,0.204671,0.204258,0.180128,0.0,0.0,0.0,True,True,True,0.675079,False,False,38.027
1284,64.2,3,yawning,yawning,0.998321,0.001283,0.000185,0.0,0.998321,0.000211,0.050853,0.950326,0.0,0.204716,0.203685,0.180119,0.0,0.0,0.0,True,True,True,0.0,False,False,37.964
1285,64.25,3,yawning,yawning,0.998326,0.001282,0.000183,0.0,0.998326,0.000209,0.057388,0.949162,0.0,0.204788,0.203359,0.180128,0.0,0.0,0.0,True,True,True,0.0,False,False,46.338
1286,64.3,3,yawning,yawning,0.998324,0.001289,0.000181,0.0,0.998324,0.000207,0.053095,0.949794,0.0,0.204835,0.203237,0.18002,0.0,0.0,0.0,True,True,True,0.0,False,False,37.406
1287,64.35,3,yawning,yawning,0.998316,0.001296,0.000181,0.0,0.998316,0.000207,0.047631,0.950704,0.0,0.204025,0.202969,0.18002,0.0,0.0,0.0,True,True,True,0.0,False,False,37.844
1288,64.4,3,yawning,yawning,0.998311,0.001299,0.000181,0.0,0.998311,0.000208,0.045879,0.95166,0.0,0.204845,0.203216,0.180069,0.0,0.0,0.0,True,True,True,0.0,False,False,38.21
1289,64.45,3,yawning,yawning,0.998314,0.001298,0.000181,0.0,0.998314,0.000208,0.04817,0.950951,0.0,0.204862,0.202918,0.179788,0.0,0.0,0.0,True,True,True,0.0,False,False,37.859
1290,64.5,3,yawning,yawning,0.998303,0.001307,0.000181,0.0,0.998303,0.000209,0.045962,0.951421,0.0,0.204857,0.202204,0.17945,0.0,0.0,0.0,True,True,True,0.0,False,False,46.601
1291,64.55,3,yawning,yawning,0.998297,0.001315,0.00018,0.0,0.998297,0.000208,0.049157,0.950559,0.0,0.20486,0.201432,0.179339,0.0,0.0,0.0,True,True,True,0.0,False,False,38.169
1292,64.6,3,yawning,yawning,0.99828,0.001329,0.000181,0.0,0.99828,0.00021,0.047359,0.951015,0.0,0.204049,0.201167,0.179077,0.0,0.0,0.0,True,True,True,0.0,False,False,37.836
1293,64.65,3,yawning,yawning,0.998287,0.001324,0.00018,0.0,0.998287,0.00021,0.04514,0.950986,0.0,0.204763,0.199889,0.179049,0.0,0.0,0.0,True,True,True,0.0,False,False,37.84
1294,64.7,3,yawning,yawning,0.998299,0.001313,0.000179,0.0,0.998299,0.000209,0.048388,0.950131,0.0,0.20468,0.19924,0.17905,0.0,0.0,0.0,True,True,True,0.0,False,False,37.555
1295,64.75,3,yawning,yawning,0.998276,0.001335,0.00018,0.0,0.998276,0.000208,0.044558,0.950512,0.0,0.204641,0.198818,0.179053,0.0,0.0,0.0,True,True,True,0.0,False,False,46.451
1296,64.8,3,yawning,yawning,0.998254,0.001358,0.000181,0.0,0.998254,0.000208,0.043623,0.950474,0.0,0.204599,0.198675,0.178937,0.0,0.0,0.0,True,True,True,0.0,False,False,37.614
1297,64.85,3,yawning,yawning,0.998246,0.001372,0.000178,0.0,0.998246,0.000203,0.044453,0.950402,0.0,0.203774,0.19841,0.178622,0.0,0.0,0.0,True,True,True,0.0,False,False,37.594
1298,64.9,3,yawning,yawning,0.998248,0.001371,0.000177,0.0,0.998248,0.000203,0.045749,0.950185,0.0,0.204583,0.198666,0.178123,0.0,0.0,0.0,True,True,True,0.0,False,False,37.735
1299,64.95,3,yawning,yawning,0.99821,0.001405,0.000179,0.0,0.99821,0.000206,0.047291,0.950382,0.0,0.204587,0.198682,0.177972,0.0,0.0,0.0,True,True,True,0.0,False,False,37.555
1300,65.0,3,yawning,yawning,0.998155,0.001454,0.000181,0.0,0.998155,0.00021,0.042382,0.950749,0.0,0.204565,0.198691,0.177934,0.0,0.0,0.0,True,True,True,0.0,False,False,46.124
1301,65.05,3,yawning,yawning,0.99811,0.001498,0.000181,0.0,0.99811,0.000212,0.042342,0.950349,0.0,0.204546,0.19869,0.177818,0.0,0.0,0.0,True,True,True,0.0,False,False,37.704
1302,65.1,3,yawning,yawning,0.998063,0.001543,0.000179,0.0,0.998063,0.000214,0.051401,0.947823,0.0,0.203759,0.198437,0.177823,0.0,0.0,0.0,True,True,True,0.0,False,False,38.355
1303,65.15,3,yawning,yawning,0.997996,0.001608,0.00018,0.0,0.997996,0.000216,0.049362,0.948093,0.0,0.204558,0.197345,0.177952,0.0,0.0,0.0,True,True,True,0.0,False,False,38.193
1304,65.2,3,yawning,yawning,0.998065,0.001546,0.000175,0.0,0.998065,0.000214,0.050749,0.948658,0.0,0.204138,0.196622,0.177965,0.0,0.0,0.0,True,True,True,0.0,False,False,37.906
1305,65.25,3,yawning,yawning,0.998069,0.001541,0.000175,0.0,0.998069,0.000215,0.051895,0.949156,0.0,0.202092,0.195976,0.177976,0.0,0.0,0.0,True,True,True,0.0,False,False,46.498
1306,65.3,3,yawning,yawning,0.998106,0.00151,0.000173,0.0,0.998106,0.000211,0.060153,0.947656,0.0,0.19995,0.195563,0.177875,0.0,0.0,0.0,True,True,True,0.0,False,False,37.72
1307,65.35,3,yawning,yawning,0.998069,0.001544,0.000175,0.0,0.998069,0.000211,0.066089,0.946751,0.0,0.199264,0.195341,0.177894,0.0,0.0,0.0,True,True,True,0.0,False,False,37.794
1308,65.4,3,yawning,yawning,0.998069,0.001546,0.000175,0.0,0.998069,0.00021,0.057021,0.948193,0.0,0.195908,0.195458,0.178016,0.0,0.0,0.0,True,True,True,0.0,False,False,37.609
1309,65.45,3,yawning,yawning,0.9981,0.001524,0.000172,0.0,0.9981,0.000205,0.05555,0.948501,0.0,0.194325,0.195485,0.178026,0.0,0.0,0.0,True,True,True,0.0,False,False,37.848
1310,65.5,3,yawning,yawning,0.998052,0.001564,0.000175,0.0,0.998052,0.000209,0.04838,0.95046,0.0,0.193439,0.195504,0.178019,0.0,0.0,0.0,True,True,True,0.0,False,False,46.244
1311,65.55,3,yawning,yawning,0.998068,0.00155,0.000174,0.0,0.998068,0.000208,0.048384,0.950335,0.0,0.19317,0.195523,0.177908,0.0,0.0,0.0,True,True,True,0.0,False,False,37.588
1312,65.6,3,yawning,yawning,0.998035,0.001582,0.000175,0.0,0.998035,0.000208,0.047239,0.950622,0.0,0.19242,0.195268,0.177597,0.0,0.0,0.0,True,True,True,0.0,False,False,37.711
1313,65.65,3,yawning,yawning,0.998025,0.001596,0.000173,0.0,0.998025,0.000206,0.044994,0.951073,0.0,0.193129,0.194803,0.177095,0.0,0.0,0.0,True,True,True,0.0,False,False,37.557
1314,65.7,3,yawning,yawning,0.998038,0.001585,0.000172,0.0,0.998038,0.000205,0.046923,0.951024,0.0,0.192179,0.19408,0.176943,0.0,0.0,0.0,True,True,True,0.0,False,False,37.844
1315,65.75,3,yawning,yawning,0.998043,0.001582,0.000171,0.0,0.998043,0.000204,0.04798,0.950764,0.0,0.190052,0.193445,0.176893,0.0,0.0,0.0,True,True,True,0.0,False,False,46.398
1316,65.8,3,yawning,yawning,0.998082,0.001546,0.00017,0.0,0.998082,0.000202,0.120964,0.935864,0.0,0.188112,0.193185,0.176845,0.0,0.0,0.0,True,True,True,0.0,False,False,37.804
1317,65.85,3,yawning,yawning,0.998144,0.001482,0.00017,0.0,0.998144,0.000204,0.397465,0.891772,0.0,0.18912,0.193515,0.177129,0.0,0.0,0.0,True,True,True,0.0,False,False,37.704
1318,65.9,3,yawning,yawning,0.998272,0.001352,0.000169,0.0,0.998272,0.000207,0.501772,0.839126,0.0,0.187695,0.194351,0.177473,0.0,0.0,0.0,True,True,True,0.188477,False,False,37.623
1319,65.95,3,yawning,yawning,0.99833,0.001294,0.000171,0.0,0.99833,0.000205,0.502111,0.847818,0.0,0.18824,0.195087,0.1775,0.0,0.0,0.0,True,True,True,0.188477,False,False,37.598
1320,66.0,3,yawning,yawning,0.998362,0.001266,0.000173,0.0,0.998362,0.0002,0.465021,0.885926,0.0,0.189547,0.195792,0.177549,0.0,0.0,0.0,True,True,True,0.0,False,False,45.934
1321,66.05,3,yawning,yawning,0.998364,0.001264,0.000174,0.0,0.998364,0.000197,0.395288,0.906289,0.0,0.19114,0.196395,0.177727,0.0,0.0,0.0,True,True,True,0.0,False,False,37.439
1322,66.1,3,yawning,yawning,0.998337,0.001293,0.000176,0.0,0.998337,0.000194,0.251766,0.926514,0.0,0.191444,0.196487,0.177736,0.0,0.0,0.0,True,True,True,0.0,False,False,37.513
1323,66.15,3,yawning,yawning,0.998312,0.001318,0.000176,0.0,0.998312,0.000194,0.125866,0.941064,0.0,0.192661,0.196916,0.177853,0.0,0.0,0.0,True,True,True,0.102417,False,False,37.493
1324,66.2,3,yawning,yawning,0.998276,0.001353,0.000176,0.0,0.998276,0.000194,0.062039,0.950339,0.0,0.192783,0.196957,0.177867,0.0,0.0,0.0,True,True,True,0.055267,False,False,37.395
1325,66.25,3,yawning,yawning,0.998267,0.001364,0.000175,0.0,0.998267,0.000194,0.044897,0.953767,0.0,0.192811,0.196961,0.177871,0.0,0.0,0.0,True,True,True,0.0,False,False,46.283
1326,66.3,3,yawning,yawning,0.998293,0.001337,0.000174,0.0,0.998293,0.000196,0.227965,0.924893,0.0,0.193758,0.196623,0.177913,0.0,0.0,0.0,True,True,True,0.0,False,False,37.406
1327,66.35,3,yawning,yawning,0.998331,0.001279,0.000181,0.0,0.998331,0.000209,0.494315,0.839051,0.0,0.195122,0.197075,0.178269,0.0,0.0,0.0,True,True,True,0.0,False,False,37.362
1328,66.4,3,yawning,yawning,0.99835,0.001239,0.000189,0.0,0.99835,0.000223,0.545089,0.819136,0.0,0.194094,0.196584,0.178774,0.0,0.0,0.0,True,True,True,0.0,False,False,37.797
1329,66.45,3,yawning,yawning,0.998371,0.001211,0.000193,0.0,0.998371,0.000225,0.55678,0.825052,0.0,0.194357,0.196648,0.179174,0.0,0.0,0.0,True,True,True,0.0,False,False,37.451
1330,66.5,3,yawning,yawning,0.998393,0.001203,0.00019,0.0,0.998393,0.000214,0.504138,0.873737,0.0,0.194773,0.196779,0.179549,0.0,0.0,0.0,True,True,True,0.0,False,False,45.929
1331,66.55,3,yawning,yawning,0.99839,0.001219,0.000186,0.0,0.99839,0.000204,0.438029,0.901237,0.0,0.195713,0.197091,0.179759,0.0,0.0,0.0,True,True,True,0.0,False,False,37.786
1332,66.6,3,yawning,yawning,0.998351,0.001262,0.000186,0.0,0.998351,0.000201,0.291185,0.923,0.0,0.196189,0.197248,0.17997,0.0,0.0,0.0,True,True,True,0.0,False,False,37.661
1333,66.65,3,yawning,yawning,0.998321,0.001297,0.000183,0.0,0.998321,0.000199,0.126072,0.93985,0.0,0.197135,0.196876,0.180162,0.0,0.0,0.0,True,True,True,0.0,False,False,37.659
1334,66.7,3,yawning,yawning,0.99827,0.00135,0.000182,0.0,0.99827,0.000199,0.054863,0.950321,0.0,0.197216,0.196133,0.180176,0.0,0.0,0.0,True,True,True,0.0,False,False,37.648
1335,66.75,3,yawning,yawning,0.998214,0.001406,0.00018,0.0,0.998214,0.0002,0.041113,0.953309,0.0,0.197238,0.195299,0.180177,0.0,0.0,0.0,True,True,True,0.0,False,False,46.232
1336,66.8,3,yawning,yawning,0.998154,0.001463,0.00018,0.0,0.998154,0.000203,0.038432,0.953256,0.0,0.197241,0.19449,0.180055,0.0,0.0,0.0,True,True,True,0.0,False,False,37.348
1337,66.85,3,yawning,yawning,0.998081,0.001528,0.000181,0.0,0.998081,0.00021,0.037863,0.953366,0.0,0.196419,0.19422,0.180048,0.0,0.0,0.0,True,True,True,0.0,False,False,37.475
1338,66.9,3,yawning,yawning,0.99801,0.001591,0.000183,0.0,0.99801,0.000217,0.042575,0.951575,0.0,0.195039,0.193058,0.180165,0.0,0.0,0.0,True,True,True,0.0,False,False,37.346
1339,66.95,3,yawning,yawning,0.99814,0.001464,0.000178,0.0,0.99814,0.000219,0.43306,0.872178,0.0,0.194767,0.193214,0.180485,0.0,0.0,0.0,True,True,True,0.0,False,False,37.321
1340,67.0,3,yawning,yawning,0.998296,0.001312,0.000173,0.0,0.998296,0.000219,0.518424,0.807141,0.0,0.195043,0.193624,0.180853,0.0,0.0,0.0,True,True,True,0.040504,False,False,46.032
1341,67.05,3,yawning,yawning,0.998361,0.001247,0.000175,0.0,0.998361,0.000217,0.50232,0.857916,0.0,0.196083,0.193663,0.181102,0.0,0.0,0.0,True,True,True,0.114204,False,False,37.482
1342,67.1,3,yawning,yawning,0.998368,0.001244,0.000178,0.0,0.998368,0.00021,0.465838,0.887192,0.0,0.197378,0.194099,0.181453,0.0,0.0,0.0,True,True,True,0.142128,False,False,37.725
1343,67.15,3,yawning,yawning,0.998298,0.001308,0.000184,0.0,0.998298,0.00021,0.356942,0.917092,0.0,0.199351,0.193321,0.181846,0.0,0.0,0.0,True,True,True,0.114204,False,False,37.449
1344,67.2,3,yawning,yawning,0.998214,0.001386,0.000189,0.0,0.998214,0.000212,0.182948,0.936726,0.0,0.200086,0.19284,0.18197,0.0,0.0,0.0,True,True,True,0.008919,False,False,37.533
1345,67.25,3,yawning,yawning,0.998125,0.001467,0.000191,0.0,0.998125,0.000217,0.071615,0.950353,0.0,0.200263,0.1923,0.181999,0.0,0.0,0.0,True,True,True,0.0,False,False,46.053
1346,67.3,3,yawning,yawning,0.998057,0.001531,0.000191,0.0,0.998057,0.000221,0.043282,0.955297,0.0,0.200296,0.191978,0.181879,0.0,0.0,0.0,True,True,True,0.0,False,False,37.503
1347,67.35,3,yawning,yawning,0.998014,0.001569,0.000191,0.0,0.998014,0.000226,0.038758,0.955687,0.0,0.199461,0.191714,0.181879,0.0,0.0,0.0,True,True,True,0.0,False,False,37.552
1348,67.4,3,yawning,yawning,0.997965,0.001616,0.00019,0.0,0.997965,0.000229,0.036606,0.955051,0.0,0.200276,0.191784,0.182001,0.0,0.0,0.0,True,True,True,0.0,False,False,37.172
1349,67.45,3,yawning,yawning,0.997995,0.001587,0.000189,0.0,0.997995,0.000229,0.071877,0.945424,0.0,0.200447,0.191821,0.18203,0.0,0.0,0.0,True,True,True,0.0,False,False,37.306
1350,67.5,3,yawning,yawning,0.998069,0.001511,0.000187,0.0,0.998069,0.000233,0.457764,0.856821,0.0,0.201549,0.192479,0.182365,0.0,0.0,0.0,True,True,True,0.0,False,False,46.238
1351,67.55,3,yawning,yawning,0.99814,0.001438,0.000189,0.0,0.99814,0.000234,0.502204,0.838808,0.0,0.201599,0.193197,0.182608,0.0,0.0,0.0,True,True,True,0.0,False,False,37.691
1352,67.6,3,yawning,yawning,0.99817,0.001413,0.00019,0.0,0.99817,0.000227,0.448801,0.891357,0.0,0.202792,0.193609,0.182945,0.0,0.0,0.0,True,True,True,0.0,False,False,37.683
1353,67.65,3,yawning,yawning,0.998176,0.001412,0.000189,0.0,0.998176,0.000223,0.309369,0.920348,0.0,0.200293,0.194295,0.183301,0.0,0.0,0.0,True,True,True,0.0,False,False,37.549
1354,67.7,3,yawning,yawning,0.998192,0.001396,0.000187,0.0,0.998192,0.000225,0.142558,0.939618,0.0,0.198657,0.194443,0.183391,0.0,0.0,0.0,True,True,True,0.0,False,False,37.725
1355,67.75,3,yawning,yawning,0.998139,0.001433,0.000192,0.0,0.998139,0.000236,0.06013,0.951243,0.0,0.197087,0.194456,0.18341,0.0,0.0,0.0,True,True,True,0.0,False,False,46.223
1356,67.8,3,yawning,yawning,0.998067,0.001494,0.000197,0.0,0.998067,0.000243,0.04305,0.955052,0.0,0.19633,0.194447,0.183289,0.0,0.0,0.0,True,True,True,0.0,False,False,37.412
1357,67.85,3,yawning,yawning,0.998004,0.001547,0.000201,0.0,0.998004,0.000249,0.038588,0.954925,0.0,0.195516,0.194178,0.183287,0.0,0.0,0.0,True,True,True,0.0,False,False,37.71
1358,67.9,3,yawning,yawning,0.998013,0.001537,0.0002,0.0,0.998013,0.000249,0.036638,0.954093,0.0,0.194059,0.194414,0.183403,0.0,0.0,0.0,True,True,True,0.0,False,False,37.609
1359,67.95,3,yawning,yawning,0.998004,0.001541,0.000202,0.0,0.998004,0.000253,0.037637,0.953401,0.0,0.191739,0.1944,0.183394,0.0,0.0,0.0,True,True,True,0.0,False,False,37.607
1360,68.0,3,yawning,yawning,0.997681,0.001816,0.00022,0.0,0.997681,0.000283,0.038132,0.953305,0.0,0.189392,0.194387,0.183387,0.0,0.0,0.0,True,True,True,0.0,False,False,46.23
1361,68.05,3,yawning,yawning,0.997066,0.002358,0.000243,0.0,0.997066,0.000332,0.038632,0.953053,0.0,0.187064,0.194374,0.183262,0.0,0.0,0.0,True,True,True,0.002396,False,False,37.409
1362,68.1,3,yawning,yawning,0.997261,0.002192,0.000228,0.0,0.997261,0.000318,0.042102,0.952286,0.0,0.186319,0.194112,0.18326,0.0,0.0,0.0,True,True,True,0.0,False,False,37.236
1363,68.15,3,yawning,yawning,0.997646,0.001802,0.000225,0.0,0.997646,0.000327,0.446905,0.861758,0.0,0.184997,0.195009,0.183711,0.0,0.0,0.0,True,True,True,0.0,False,False,37.353
1364,68.2,3,yawning,yawning,0.997854,0.00158,0.000231,0.0,0.997854,0.000336,0.524571,0.821264,0.0,0.18608,0.195753,0.184088,0.0,0.0,0.0,True,True,True,0.0,False,False,37.271
1365,68.25,3,yawning,yawning,0.997982,0.001481,0.00023,0.0,0.997982,0.000307,0.532119,0.85553,0.0,0.187669,0.196534,0.184481,0.0,0.0,0.0,True,True,True,0.0,False,False,46.845
1366,68.3,3,yawning,yawning,0.998067,0.001426,0.000227,0.0,0.998067,0.00028,0.498219,0.875051,0.0,0.18779,0.197277,0.184729,0.0,0.0,0.0,True,True,True,0.550301,False,False,38.313
1367,68.35,3,yawning,yawning,0.998128,0.001394,0.00022,0.0,0.998128,0.000258,0.418276,0.907538,0.0,0.188919,0.19764,0.185045,0.0,0.0,0.0,True,True,True,0.0,False,False,38.613
1368,68.4,3,yawning,yawning,0.998158,0.001386,0.000212,0.0,0.998158,0.000244,0.254365,0.928699,0.0,0.186182,0.198261,0.185351,0.0,0.0,0.0,True,True,True,0.0,False,False,38.354
1369,68.45,3,yawning,yawning,0.998201,0.001359,0.000205,0.0,0.998201,0.000235,0.114462,0.944199,0.0,0.184583,0.198388,0.185416,0.0,0.0,0.0,True,True,True,0.0,False,False,37.975
1370,68.5,3,yawning,yawning,0.998279,0.001285,0.000201,0.0,0.998279,0.000235,0.456537,0.866977,0.0,0.185205,0.199061,0.185749,0.0,0.0,0.0,True,True,True,0.0,False,False,47.443
1371,68.55,3,yawning,yawning,0.998296,0.001247,0.000208,0.0,0.998296,0.000249,0.534743,0.816576,0.0,0.186928,0.199812,0.186007,0.0,0.0,0.0,True,True,True,0.0,False,False,38.342
1372,68.6,3,yawning,yawning,0.998326,0.001206,0.000213,0.0,0.998326,0.000255,0.586099,0.810269,0.0,0.188675,0.200378,0.186425,0.0,0.0,0.0,True,True,True,0.0,False,False,38.118
1373,68.65,3,yawning,yawning,0.998368,0.001173,0.000211,0.0,0.998368,0.000248,0.561436,0.813058,0.0,0.191524,0.201426,0.186954,0.0,0.0,0.0,True,True,True,0.0,False,False,38.283
1374,68.7,3,yawning,yawning,0.998393,0.001162,0.000207,0.0,0.998393,0.000238,0.508607,0.865124,0.0,0.193762,0.202164,0.187331,0.0,0.0,0.0,True,True,True,0.0,False,False,37.76
1375,68.75,3,yawning,yawning,0.998405,0.001165,0.000202,0.0,0.998405,0.000228,0.445652,0.896392,0.0,0.195729,0.202806,0.187667,0.0,0.0,0.0,True,True,True,0.0,False,False,46.937
1376,68.8,3,yawning,yawning,0.998409,0.001172,0.000199,0.0,0.998409,0.00022,0.324411,0.920143,0.0,0.197119,0.203243,0.187781,0.0,0.0,0.0,True,True,True,0.0,False,False,37.998
1377,68.85,3,yawning,yawning,0.998415,0.00117,0.000197,0.0,0.998415,0.000218,0.233873,0.93154,0.0,0.197304,0.203295,0.187938,0.0,0.0,0.0,True,True,True,0.0,False,False,38.057
1378,68.9,3,yawning,yawning,0.998425,0.00115,0.0002,0.0,0.998425,0.000226,0.477276,0.860221,0.0,0.200125,0.204221,0.187798,0.0,0.0,0.0,True,True,True,0.0,False,False,38.595
1379,68.95,3,yawning,yawning,0.998426,0.001136,0.000204,0.0,0.998426,0.000235,0.548021,0.808847,0.0,0.202394,0.204994,0.187853,0.0,0.0,0.0,True,True,True,0.0,False,False,37.902
1380,69.0,3,yawning,yawning,0.998456,0.00111,0.000201,0.0,0.998456,0.000233,0.550984,0.815485,0.0,0.204717,0.205777,0.187997,0.0,0.0,0.0,True,True,True,0.0,False,False,46.899
1381,69.05,3,yawning,yawning,0.998424,0.001145,0.000201,0.0,0.998424,0.00023,0.483922,0.879757,0.0,0.20687,0.206495,0.188232,0.0,0.0,0.0,True,True,True,0.0,False,False,39.041
1382,69.1,3,yawning,yawning,0.99842,0.001158,0.000199,0.0,0.99842,0.000223,0.395971,0.90614,0.0,0.2078,0.206807,0.188414,0.0,0.0,0.0,True,True,True,0.0,False,False,38.67
1383,69.15,3,yawning,yawning,0.998409,0.001175,0.000196,0.0,0.998409,0.00022,0.231508,0.928515,0.0,0.209591,0.207404,0.188663,0.0,0.0,0.0,True,True,True,0.469506,False,False,38.025
1384,69.2,3,yawning,yawning,0.998396,0.001192,0.000195,0.0,0.998396,0.000217,0.118795,0.940811,0.0,0.209977,0.207529,0.18873,0.0,0.0,0.0,True,True,True,0.469506,False,False,37.528
1385,69.25,3,yawning,yawning,0.99839,0.001203,0.000193,0.0,0.99839,0.000214,0.076364,0.946333,0.0,0.210118,0.207437,0.18876,0.0,0.0,0.0,True,True,True,0.539315,False,False,46.127
1386,69.3,3,yawning,yawning,0.998377,0.001222,0.00019,0.0,0.998377,0.000211,0.054443,0.950576,0.0,0.210151,0.206868,0.188645,0.0,0.0,0.0,True,True,True,0.553734,False,False,37.353
1387,69.35,3,yawning,yawning,0.998359,0.001244,0.000188,0.0,0.998359,0.000209,0.047652,0.951872,0.0,0.209312,0.206593,0.188652,0.0,0.0,0.0,True,True,True,0.539315,False,False,37.078
1388,69.4,3,yawning,yawning,0.998344,0.001259,0.000187,0.0,0.998344,0.00021,0.04777,0.95144,0.0,0.210159,0.205414,0.188789,0.0,0.0,0.0,True,True,True,0.482445,False,False,37.369
1389,69.45,3,yawning,yawning,0.998338,0.001268,0.000185,0.0,0.998338,0.000209,0.045035,0.95203,0.0,0.21016,0.204719,0.188793,0.0,0.0,0.0,True,True,True,0.321571,False,False,37.621
1390,69.5,3,yawning,yawning,0.998329,0.001279,0.000183,0.0,0.998329,0.000209,0.048496,0.950895,0.0,0.210183,0.204135,0.1888,0.0,0.0,0.0,True,True,True,0.0,False,False,46.528
1391,69.55,3,yawning,yawning,0.998308,0.001296,0.000184,0.0,0.998308,0.000211,0.049188,0.9509,0.0,0.210207,0.203784,0.18868,0.0,0.0,0.0,True,True,True,0.0,False,False,37.79
1392,69.6,3,yawning,yawning,0.998309,0.001301,0.000182,0.0,0.998309,0.000209,0.049528,0.950478,0.0,0.209378,0.203518,0.188688,0.0,0.0,0.0,True,True,True,0.0,False,False,37.538
1393,69.65,3,yawning,yawning,0.99832,0.001294,0.000179,0.0,0.99832,0.000206,0.049821,0.950485,0.0,0.210243,0.203627,0.188822,0.0,0.0,0.0,True,True,True,0.0,False,False,37.726
1394,69.7,3,yawning,yawning,0.998315,0.001296,0.00018,0.0,0.998315,0.000208,0.046948,0.951473,0.0,0.210265,0.203631,0.188824,0.0,0.0,0.0,True,True,True,0.0,False,False,39.286
1395,69.75,3,yawning,yawning,0.998322,0.001294,0.000179,0.0,0.998322,0.000205,0.046457,0.951261,0.0,0.210277,0.20334,0.188827,0.0,0.0,0.0,True,True,True,0.0,False,False,47.658
1396,69.8,3,yawning,yawning,0.99831,0.001303,0.00018,0.0,0.99831,0.000207,0.045021,0.951853,0.0,0.210231,0.202625,0.188703,0.0,0.0,0.0,True,True,True,0.0,False,False,38.544
1397,69.85,3,yawning,yawning,0.998296,0.001316,0.00018,0.0,0.998296,0.000208,0.044849,0.951865,0.0,0.209378,0.202353,0.188706,0.0,0.0,0.0,True,True,True,0.0,False,False,38.485
1398,69.9,3,yawning,yawning,0.998283,0.001327,0.000181,0.0,0.998283,0.000209,0.045593,0.951523,0.0,0.210163,0.201047,0.188604,0.0,0.0,0.0,True,True,True,0.0,False,False,38.498
1399,69.95,3,yawning,yawning,0.99829,0.00132,0.00018,0.0,0.99829,0.00021,0.047214,0.951123,0.0,0.2101,0.200302,0.188246,0.0,0.0,0.0,True,True,True,0.0,False,False,38.407
1400,70.0,3,yawning,yawning,0.998298,0.001314,0.000179,0.0,0.998298,0.000209,0.048647,0.95022,0.0,0.210019,0.199654,0.187899,0.0,0.0,0.0,True,True,True,0.0,False,False,46.879
1401,70.05,3,yawning,yawning,0.998282,0.001331,0.00018,0.0,0.998282,0.000208,0.047936,0.950256,0.0,0.209996,0.199226,0.187779,0.0,0.0,0.0,True,True,True,0.0,False,False,37.309
1402,70.1,3,yawning,yawning,0.998255,0.001356,0.00018,0.0,0.998255,0.000208,0.04513,0.950429,0.0,0.209146,0.198961,0.187482,0.0,0.0,0.0,True,True,True,0.0,False,False,37.346
1403,70.15,3,yawning,yawning,0.998241,0.001373,0.000179,0.0,0.998241,0.000207,0.04285,0.951033,0.0,0.209935,0.19905,0.187409,0.0,0.0,0.0,True,True,True,0.0,False,False,37.26
1404,70.2,3,yawning,yawning,0.998238,0.001377,0.000178,0.0,0.998238,0.000206,0.045055,0.950568,0.0,0.209933,0.199056,0.187405,0.0,0.0,0.0,True,True,True,0.0,False,False,37.435
1405,70.25,3,yawning,yawning,0.998224,0.00139,0.000179,0.0,0.998224,0.000207,0.044407,0.950811,0.0,0.209925,0.199068,0.187409,0.0,0.0,0.0,True,True,True,0.0,False,False,45.995
1406,70.3,3,yawning,yawning,0.998175,0.001434,0.000181,0.0,0.998175,0.00021,0.041276,0.951333,0.0,0.209897,0.199075,0.187284,0.0,0.0,0.0,True,True,True,0.0,False,False,37.37
1407,70.35,3,yawning,yawning,0.998131,0.001477,0.000181,0.0,0.998131,0.000212,0.041873,0.950784,0.0,0.20903,0.198805,0.187288,0.0,0.0,0.0,True,True,True,0.0,False,False,37.407
1408,70.4,3,yawning,yawning,0.998085,0.001521,0.00018,0.0,0.998085,0.000215,0.052879,0.947732,0.0,0.209911,0.198466,0.187423,0.0,0.0,0.0,True,True,True,0.0,False,False,37.231
1409,70.45,3,yawning,yawning,0.998016,0.001588,0.00018,0.0,0.998016,0.000217,0.049688,0.948311,0.0,0.209898,0.197734,0.187429,0.0,0.0,0.0,True,True,True,0.0,False,False,37.184
1410,70.5,3,yawning,yawning,0.998072,0.001538,0.000175,0.0,0.998072,0.000214,0.052325,0.948571,0.0,0.20949,0.197011,0.187435,0.0,0.0,0.0,True,True,True,0.0,False,False,45.806
1411,70.55,3,yawning,yawning,0.998076,0.001535,0.000176,0.0,0.998076,0.000214,0.052891,0.949051,0.0,0.207441,0.196337,0.187319,0.0,0.0,0.0,True,True,True,0.0,False,False,37.505
1412,70.6,3,yawning,yawning,0.998113,0.001501,0.000174,0.0,0.998113,0.000212,0.06034,0.947914,0.0,0.206685,0.196103,0.187334,0.0,0.0,0.0,True,True,True,0.0,False,False,37.523
1413,70.65,3,yawning,yawning,0.998075,0.001538,0.000176,0.0,0.998075,0.000212,0.066939,0.946746,0.0,0.203196,0.195671,0.18748,0.0,0.0,0.0,True,True,True,0.0,False,False,37.294
1414,70.7,3,yawning,yawning,0.998076,0.001539,0.000175,0.0,0.998076,0.00021,0.057736,0.948266,0.0,0.201201,0.195653,0.187493,0.0,0.0,0.0,True,True,True,0.0,False,False,37.501
1415,70.75,3,yawning,yawning,0.998113,0.001511,0.000172,0.0,0.998113,0.000204,0.055614,0.949156,0.0,0.199553,0.195676,0.18723,0.0,0.0,0.0,True,True,True,0.0,False,False,46.513
1416,70.8,3,yawning,yawning,0.99806,0.001555,0.000176,0.0,0.99806,0.000209,0.048068,0.950378,0.0,0.198583,0.195694,0.18711,0.0,0.0,0.0,True,True,True,0.0,False,False,37.398
1417,70.85,3,yawning,yawning,0.998081,0.001537,0.000174,0.0,0.998081,0.000208,0.048739,0.950132,0.0,0.197812,0.195441,0.186757,0.0,0.0,0.0,True,True,True,0.0,False,False,37.452
1418,70.9,3,yawning,yawning,0.998041,0.001575,0.000175,0.0,0.998041,0.000208,0.047623,0.950349,0.0,0.19816,0.195675,0.186351,0.0,0.0,0.0,True,True,True,0.0,False,False,37.591
1419,70.95,3,yawning,yawning,0.998014,0.001604,0.000174,0.0,0.998014,0.000207,0.045751,0.950688,0.0,0.198168,0.19501,0.186267,0.0,0.0,0.0,True,True,True,0.0,False,False,37.948
1420,71.0,3,yawning,yawning,0.998023,0.001599,0.000173,0.0,0.998023,0.000206,0.047105,0.950936,0.0,0.197285,0.19429,0.186246,0.0,0.0,0.0,True,True,True,0.0,False,False,46.218
1421,71.05,3,yawning,yawning,0.998026,0.001597,0.000172,0.0,0.998026,0.000205,0.048022,0.95071,0.0,0.195162,0.19363,0.186127,0.0,0.0,0.0,True,True,True,0.0,False,False,37.564
1422,71.1,3,yawning,yawning,0.998058,0.001568,0.00017,0.0,0.998058,0.000204,0.13348,0.93311,0.0,0.194851,0.193528,0.186205,0.0,0.0,0.0,True,True,True,0.0,False,False,37.525
1423,71.15,3,yawning,yawning,0.99812,0.001503,0.000171,0.0,0.99812,0.000206,0.399857,0.890398,0.0,0.192674,0.193769,0.186625,0.0,0.0,0.0,True,True,True,0.0,False,False,37.245
1424,71.2,3,yawning,yawning,0.998258,0.001365,0.00017,0.0,0.998258,0.000207,0.501487,0.839488,0.0,0.192605,0.19447,0.186984,0.0,0.0,0.0,True,True,True,0.109741,False,False,37.508
1425,71.25,3,yawning,yawning,0.998319,0.001305,0.000171,0.0,0.998319,0.000204,0.498349,0.854153,0.0,0.192825,0.195203,0.187347,0.0,0.0,0.0,True,True,True,0.118896,False,False,46.149
1426,71.3,3,yawning,yawning,0.998352,0.001272,0.000173,0.0,0.998352,0.000203,0.485713,0.879732,0.0,0.193739,0.195937,0.187585,0.0,0.0,0.0,True,True,True,0.0,False,False,37.37
1427,71.35,3,yawning,yawning,0.998364,0.001263,0.000175,0.0,0.998364,0.000198,0.429066,0.902779,0.0,0.194888,0.196318,0.187901,0.0,0.0,0.0,True,True,True,0.0,False,False,37.497
1428,71.4,3,yawning,yawning,0.998355,0.001272,0.000177,0.0,0.998355,0.000196,0.33108,0.91871,0.0,0.196652,0.197093,0.188263,0.0,0.0,0.0,True,True,True,0.066711,False,False,37.484
1429,71.45,3,yawning,yawning,0.998336,0.001294,0.000177,0.0,0.998336,0.000194,0.187059,0.935198,0.0,0.197409,0.197351,0.188385,0.0,0.0,0.0,True,True,True,0.0,False,False,37.639
1430,71.5,3,yawning,yawning,0.998292,0.001337,0.000177,0.0,0.998292,0.000194,0.086363,0.946702,0.0,0.197662,0.197435,0.188421,0.0,0.0,0.0,True,True,True,0.0,False,False,46.127
1431,71.55,3,yawning,yawning,0.998279,0.001351,0.000176,0.0,0.998279,0.000194,0.051424,0.952816,0.0,0.197733,0.19745,0.188303,0.0,0.0,0.0,True,True,True,0.0,False,False,37.545
1432,71.6,3,yawning,yawning,0.99826,0.00137,0.000176,0.0,0.99826,0.000195,0.046706,0.952665,0.0,0.196955,0.19719,0.188305,0.0,0.0,0.0,True,True,True,0.0,False,False,37.462
1433,71.65,3,yawning,yawning,0.998299,0.001311,0.000181,0.0,0.998299,0.000209,0.442348,0.859069,0.0,0.197779,0.196696,0.188753,0.0,0.0,0.0,True,True,True,0.0,False,False,37.657
1434,71.7,3,yawning,yawning,0.998311,0.001277,0.000188,0.0,0.998311,0.000224,0.524918,0.819241,0.0,0.19783,0.196659,0.189128,0.0,0.0,0.0,True,True,True,0.0,False,False,37.476
1435,71.75,3,yawning,yawning,0.998348,0.001236,0.000191,0.0,0.998348,0.000225,0.543532,0.818841,0.0,0.197955,0.196697,0.189518,0.0,0.0,0.0,True,True,True,0.0,False,False,46.32
1436,71.8,3,yawning,yawning,0.998378,0.00122,0.000188,0.0,0.998378,0.000215,0.505593,0.861659,0.0,0.198207,0.196822,0.189764,0.0,0.0,0.0,True,True,True,0.0,False,False,37.446
1437,71.85,3,yawning,yawning,0.998378,0.001232,0.000185,0.0,0.998378,0.000205,0.444723,0.89668,0.0,0.199404,0.197224,0.190092,0.0,0.0,0.0,True,True,True,0.0,False,False,37.287
1438,71.9,3,yawning,yawning,0.998351,0.001264,0.000184,0.0,0.998351,0.000202,0.312966,0.919705,0.0,0.199796,0.197484,0.190444,0.0,0.0,0.0,True,True,True,0.0,False,False,37.341
1439,71.95,3,yawning,yawning,0.998318,0.0013,0.000183,0.0,0.998318,0.000199,0.142496,0.937318,0.0,0.20025,0.196983,0.190527,0.0,0.0,0.0,True,True,True,0.0,False,False,37.653
1440,72.0,3,yawning,yawning,0.998272,0.001347,0.000182,0.0,0.998272,0.000199,0.059803,0.94921,0.0,0.200351,0.196248,0.190535,0.0,0.0,0.0,True,True,True,0.0,False,False,46.45
1441,72.05,3,yawning,yawning,0.998218,0.0014,0.000181,0.0,0.998218,0.0002,0.041976,0.952975,0.0,0.200375,0.195414,0.190407,0.0,0.0,0.0,True,True,True,0.0,False,False,37.853
1442,72.1,3,yawning,yawning,0.998154,0.001461,0.000181,0.0,0.998154,0.000204,0.038391,0.953578,0.0,0.199539,0.195143,0.1904,0.0,0.0,0.0,True,True,True,0.0,False,False,37.4
1443,72.15,3,yawning,yawning,0.998086,0.00152,0.000183,0.0,0.998086,0.00021,0.037235,0.953544,0.0,0.200203,0.193816,0.190517,0.0,0.0,0.0,True,True,True,0.0,False,False,37.823
1444,72.2,3,yawning,yawning,0.998032,0.001572,0.000182,0.0,0.998032,0.000213,0.038912,0.952965,0.0,0.198156,0.193127,0.190512,0.0,0.0,0.0,True,True,True,0.0,False,False,37.587
1445,72.25,3,yawning,yawning,0.998152,0.001456,0.000177,0.0,0.998152,0.000215,0.426662,0.873149,0.0,0.197855,0.193256,0.190825,0.0,0.0,0.0,True,True,True,0.0,False,False,46.188
1446,72.3,3,yawning,yawning,0.998252,0.001336,0.000182,0.0,0.998252,0.00023,0.519942,0.814498,0.0,0.198152,0.193764,0.191068,0.0,0.0,0.0,True,True,True,0.0,False,False,37.616
1447,72.35,3,yawning,yawning,0.998337,0.001258,0.000181,0.0,0.998337,0.000224,0.500356,0.863958,0.0,0.199566,0.194243,0.191434,0.0,0.0,0.0,True,True,True,0.089828,False,False,37.715
1448,72.4,3,yawning,yawning,0.998354,0.001248,0.000183,0.0,0.998354,0.000215,0.460927,0.890472,0.0,0.200893,0.193735,0.19191,0.0,0.0,0.0,True,True,True,0.130112,False,False,37.544
1449,72.45,3,yawning,yawning,0.99829,0.001309,0.000188,0.0,0.99829,0.000213,0.345055,0.919718,0.0,0.202384,0.193455,0.192161,0.0,0.0,0.0,True,True,True,0.130112,False,False,37.534
1450,72.5,3,yawning,yawning,0.998206,0.001388,0.000191,0.0,0.998206,0.000215,0.171003,0.938763,0.0,0.203058,0.192931,0.192267,0.0,0.0,0.0,True,True,True,0.0,False,False,46.224
1451,72.55,3,yawning,yawning,0.998123,0.001465,0.000193,0.0,0.998123,0.000219,0.067821,0.951102,0.0,0.203215,0.192313,0.19216,0.0,0.0,0.0,True,True,True,0.0,False,False,37.676
1452,72.6,3,yawning,yawning,0.998056,0.001528,0.000193,0.0,0.998056,0.000223,0.042976,0.955455,0.0,0.202386,0.192055,0.192157,0.0,0.0,0.0,True,True,True,0.0,False,False,37.389
1453,72.65,3,yawning,yawning,0.998011,0.001569,0.000192,0.0,0.998011,0.000227,0.03863,0.955673,0.0,0.20325,0.191594,0.192286,0.0,0.0,0.0,True,True,True,0.0,False,False,37.556
1454,72.7,3,yawning,yawning,0.997964,0.001615,0.000191,0.0,0.997964,0.00023,0.036542,0.955047,0.0,0.203222,0.191481,0.192284,0.0,0.0,0.0,True,True,True,0.0,False,False,37.266
1455,72.75,3,yawning,yawning,0.997995,0.001585,0.00019,0.0,0.997995,0.00023,0.067964,0.946241,0.0,0.203372,0.191492,0.192311,0.0,0.0,0.0,True,True,True,0.0,False,False,46.256
1456,72.8,3,yawning,yawning,0.998081,0.001497,0.000188,0.0,0.998081,0.000234,0.456581,0.85795,0.0,0.204599,0.192152,0.192516,0.0,0.0,0.0,True,True,True,0.0,False,False,37.749
1457,72.85,3,yawning,yawning,0.998154,0.001422,0.000189,0.0,0.998154,0.000234,0.502205,0.837992,0.0,0.205951,0.192622,0.192882,0.0,0.0,0.0,True,True,True,0.0,False,False,37.934
1458,72.9,3,yawning,yawning,0.998187,0.001395,0.00019,0.0,0.998187,0.000228,0.4503,0.890957,0.0,0.20438,0.193548,0.193349,0.0,0.0,0.0,True,True,True,0.0,False,False,38.604
1459,72.95,3,yawning,yawning,0.99819,0.001396,0.00019,0.0,0.99819,0.000224,0.313292,0.920107,0.0,0.203364,0.193997,0.193573,0.0,0.0,0.0,True,True,True,0.0,False,False,37.911
1460,73.0,3,yawning,yawning,0.99821,0.001374,0.000189,0.0,0.99821,0.000227,0.142736,0.939648,0.0,0.201642,0.194159,0.193657,0.0,0.0,0.0,True,True,True,0.0,False,False,46.636
1461,73.05,3,yawning,yawning,0.998163,0.001406,0.000194,0.0,0.998163,0.000238,0.060467,0.951141,0.0,0.199821,0.194178,0.193542,0.0,0.0,0.0,True,True,True,0.0,False,False,38.056
1462,73.1,3,yawning,yawning,0.998101,0.001457,0.000198,0.0,0.998101,0.000245,0.042871,0.954967,0.0,0.19901,0.193917,0.193542,0.0,0.0,0.0,True,True,True,0.0,False,False,38.081
1463,73.15,3,yawning,yawning,0.998047,0.001501,0.000202,0.0,0.998047,0.00025,0.03853,0.954898,0.0,0.198287,0.19415,0.193665,0.0,0.0,0.0,True,True,True,0.0,False,False,38.386
1464,73.2,3,yawning,yawning,0.998061,0.001488,0.000202,0.0,0.998061,0.00025,0.036646,0.954194,0.0,0.196226,0.194133,0.193659,0.0,0.0,0.0,True,True,True,0.0,False,False,37.867
1465,73.25,3,yawning,yawning,0.99804,0.0015,0.000204,0.0,0.99804,0.000256,0.037331,0.953454,0.0,0.193901,0.19412,0.193654,0.0,0.0,0.0,True,True,True,0.0,False,False,47.345
1466,73.3,3,yawning,yawning,0.997738,0.001755,0.000222,0.0,0.997738,0.000285,0.038137,0.953333,0.0,0.191377,0.194107,0.19352,0.0,0.0,0.0,True,True,True,0.0,False,False,38.195
1467,73.35,3,yawning,yawning,0.997137,0.002272,0.000251,0.0,0.997137,0.00034,0.041932,0.952283,0.0,0.190608,0.193845,0.193521,0.0,0.0,0.0,True,True,True,0.0,False,False,38.421
1468,73.4,3,yawning,yawning,0.997346,0.0021,0.000234,0.0,0.997346,0.000321,0.043749,0.951804,0.0,0.186741,0.194095,0.193655,0.0,0.0,0.0,True,True,True,0.0,False,False,37.735
1469,73.45,3,yawning,yawning,0.997704,0.001778,0.00022,0.0,0.997704,0.000297,0.219277,0.928535,0.0,0.185653,0.194387,0.193803,0.0,0.0,0.0,True,True,True,0.0,False,False,37.607
1470,73.5,3,yawning,yawning,0.997897,0.00158,0.000224,0.0,0.997897,0.000299,0.487426,0.851392,0.0,0.186385,0.195091,0.194153,0.0,0.0,0.0,True,True,True,0.0,False,False,45.995
1471,73.55,3,yawning,yawning,0.998061,0.001421,0.000223,0.0,0.998061,0.000295,0.542567,0.815892,0.0,0.187735,0.195863,0.19441,0.0,0.0,0.0,True,True,True,0.0,False,False,37.719
1472,73.6,3,yawning,yawning,0.998112,0.001388,0.000224,0.0,0.998112,0.000276,0.505937,0.861682,0.0,0.189215,0.196347,0.194779,0.0,0.0,0.0,True,True,True,0.840641,False,False,37.462
1473,73.65,3,yawning,yawning,0.998177,0.001352,0.000217,0.0,0.998177,0.000255,0.448588,0.89797,0.0,0.187563,0.197282,0.195225,0.0,0.0,0.0,True,True,True,0.980258,False,False,37.498
1474,73.7,3,yawning,yawning,0.998204,0.001345,0.000211,0.0,0.998204,0.000241,0.310595,0.922599,0.0,0.186562,0.197732,0.195448,0.0,0.0,0.0,True,True,True,1.0,False,False,37.437
1475,73.75,3,yawning,yawning,0.998216,0.00134,0.000207,0.0,0.998216,0.000237,0.138203,0.941741,0.0,0.184897,0.197898,0.195529,0.0,0.0,0.0,True,True,True,1.0,False,False,46.496
1476,73.8,3,yawning,yawning,0.998284,0.001278,0.000202,0.0,0.998284,0.000237,0.455862,0.868246,0.0,0.185142,0.198572,0.195734,0.0,0.0,0.0,True,True,True,0.0,False,False,37.63
1477,73.85,3,yawning,yawning,0.998316,0.001233,0.000206,0.0,0.998316,0.000245,0.535345,0.822409,0.0,0.186695,0.199074,0.196111,0.0,0.0,0.0,True,True,True,0.0,False,False,37.513
1478,73.9,3,yawning,yawning,0.998337,0.001198,0.000212,0.0,0.998337,0.000253,0.586217,0.814783,0.0,0.188563,0.200157,0.196653,0.0,0.0,0.0,True,True,True,0.0,False,False,37.991
1479,73.95,3,yawning,yawning,0.998383,0.001163,0.000209,0.0,0.998383,0.000245,0.560832,0.83635,0.0,0.190883,0.200961,0.197059,0.0,0.0,0.0,True,True,True,0.0,False,False,38.31
1480,74.0,3,yawning,yawning,0.9984,0.001157,0.000206,0.0,0.9984,0.000237,0.507145,0.870376,0.0,0.193108,0.201701,0.197435,0.0,0.0,0.0,True,True,True,0.0,False,False,46.17
1481,74.05,3,yawning,yawning,0.998396,0.001167,0.000205,0.0,0.998396,0.000232,0.451795,0.898397,0.0,0.195116,0.202352,0.197642,0.0,0.0,0.0,True,True,True,0.766025,False,False,37.931
1482,74.1,3,yawning,yawning,0.998402,0.001174,0.000201,0.0,0.998402,0.000223,0.337768,0.920317,0.0,0.196589,0.202578,0.197889,0.0,0.0,0.0,True,True,True,0.76305,False,False,38.135
1483,74.15,3,yawning,yawning,0.998398,0.001188,0.000197,0.0,0.998398,0.000217,0.180731,0.938808,0.0,0.197266,0.203026,0.198137,0.0,0.0,0.0,True,True,True,0.720249,False,False,38.072
1484,74.2,3,yawning,yawning,0.998417,0.001161,0.000198,0.0,0.998417,0.000224,0.465079,0.864686,0.0,0.199281,0.203691,0.198478,0.0,0.0,0.0,True,True,True,0.720249,False,False,37.531
1485,74.25,3,yawning,yawning,0.9984,0.001156,0.000205,0.0,0.9984,0.000239,0.549765,0.812909,0.0,0.201564,0.204468,0.198869,0.0,0.0,0.0,True,True,True,0.756412,False,False,46.163
1486,74.3,3,yawning,yawning,0.998437,0.001125,0.000202,0.0,0.998437,0.000236,0.551084,0.817364,0.0,0.203888,0.205251,0.19913,0.0,0.0,0.0,True,True,True,0.0,False,False,37.379
1487,74.35,3,yawning,yawning,0.998428,0.001139,0.000201,0.0,0.998428,0.000232,0.504657,0.856503,0.0,0.2061,0.205716,0.199503,0.0,0.0,0.0,True,True,True,0.0,False,False,37.459
1488,74.4,3,yawning,yawning,0.99842,0.001155,0.000199,0.0,0.99842,0.000226,0.437356,0.894346,0.0,0.208058,0.20664,0.199967,0.0,0.0,0.0,True,True,True,0.0,False,False,37.381
1489,74.45,3,yawning,yawning,0.998414,0.001168,0.000197,0.0,0.998414,0.000222,0.31246,0.916783,0.0,0.209408,0.207094,0.200196,0.0,0.0,0.0,True,True,True,0.646549,False,False,37.459
1490,74.5,3,yawning,yawning,0.998397,0.001188,0.000196,0.0,0.998397,0.00022,0.175843,0.932452,0.0,0.210085,0.207318,0.200311,0.0,0.0,0.0,True,True,True,0.646549,False,False,46.171
1491,74.55,3,yawning,yawning,0.998393,0.001198,0.000193,0.0,0.998393,0.000215,0.101116,0.941463,0.0,0.21036,0.207404,0.200227,0.0,0.0,0.0,True,True,True,0.673557,False,False,37.447
1492,74.6,3,yawning,yawning,0.998381,0.001217,0.000191,0.0,0.998381,0.000211,0.061174,0.949056,0.0,0.210433,0.207153,0.200244,0.0,0.0,0.0,True,True,True,0.673557,False,False,37.535
1493,74.65,3,yawning,yawning,0.998364,0.001239,0.000188,0.0,0.998364,0.000209,0.047162,0.95197,0.0,0.210443,0.206237,0.200386,0.0,0.0,0.0,True,True,True,0.658222,False,False,37.573
1494,74.7,3,yawning,yawning,0.998345,0.001257,0.000187,0.0,0.998345,0.00021,0.045896,0.952006,0.0,0.210428,0.205507,0.20039,0.0,0.0,0.0,True,True,True,0.592107,False,False,37.441
1495,74.75,3,yawning,yawning,0.998339,0.001268,0.000185,0.0,0.998339,0.000209,0.043663,0.952454,0.0,0.210422,0.204775,0.20039,0.0,0.0,0.0,True,True,True,0.447742,False,False,46.189
1496,74.8,3,yawning,yawning,0.998329,0.001279,0.000184,0.0,0.998329,0.000209,0.047789,0.951055,0.0,0.210443,0.20412,0.200258,0.0,0.0,0.0,True,True,True,0.0,False,False,37.32
1497,74.85,3,yawning,yawning,0.998306,0.001298,0.000185,0.0,0.998306,0.000211,0.048545,0.950998,0.0,0.210464,0.203852,0.20026,0.0,0.0,0.0,True,True,True,0.0,False,False,37.434
1498,74.9,3,yawning,yawning,0.998306,0.001303,0.000182,0.0,0.998306,0.000209,0.049477,0.950431,0.0,0.210483,0.203346,0.2004,0.0,0.0,0.0,True,True,True,0.0,False,False,37.495
1499,74.95,3,yawning,yawning,0.998311,0.0013,0.000181,0.0,0.998311,0.000208,0.049526,0.950446,0.0,0.210494,0.20327,0.2004,0.0,0.0,0.0,True,True,True,0.0,False,False,37.205
1500,75.0,3,yawning,yawning,0.998309,0.001301,0.000181,0.0,0.998309,0.000209,0.047011,0.951341,0.0,0.210518,0.20326,0.2004,0.0,0.0,0.0,True,True,True,0.0,False,False,46.182
1501,75.05,3,yawning,yawning,0.998317,0.001297,0.00018,0.0,0.998317,0.000206,0.046212,0.95129,0.0,0.210537,0.20326,0.200267,0.0,0.0,0.0,True,True,True,0.0,False,False,37.398
1502,75.1,3,yawning,yawning,0.998307,0.001304,0.000181,0.0,0.998307,0.000208,0.04495,0.951823,0.0,0.2105,0.202987,0.200103,0.0,0.0,0.0,True,True,True,0.0,False,False,37.275
1503,75.15,3,yawning,yawning,0.998294,0.001317,0.000181,0.0,0.998294,0.000208,0.044732,0.951895,0.0,0.210473,0.201863,0.19949,0.0,0.0,0.0,True,True,True,0.0,False,False,37.474
1504,75.2,3,yawning,yawning,0.998281,0.001327,0.000181,0.0,0.998281,0.00021,0.045648,0.951545,0.0,0.210444,0.201085,0.19912,0.0,0.0,0.0,True,True,True,0.0,False,False,37.283
1505,75.25,3,yawning,yawning,0.998287,0.001322,0.000181,0.0,0.998287,0.000211,0.047324,0.950994,0.0,0.210418,0.200343,0.198791,0.0,0.0,0.0,True,True,True,0.0,False,False,46.233
1506,75.3,3,yawning,yawning,0.998295,0.001315,0.00018,0.0,0.998295,0.00021,0.048498,0.950356,0.0,0.210356,0.199681,0.198662,0.0,0.0,0.0,True,True,True,0.0,False,False,37.463
1507,75.35,3,yawning,yawning,0.998285,0.001327,0.00018,0.0,0.998285,0.000208,0.047769,0.950312,0.0,0.210258,0.19942,0.198449,0.0,0.0,0.0,True,True,True,0.0,False,False,37.892
1508,75.4,3,yawning,yawning,0.99826,0.001351,0.000181,0.0,0.99826,0.000209,0.044791,0.950557,0.0,0.210193,0.19905,0.198174,0.0,0.0,0.0,True,True,True,0.0,False,False,37.591
1509,75.45,3,yawning,yawning,0.998244,0.001369,0.00018,0.0,0.998244,0.000207,0.042333,0.951209,0.0,0.210122,0.199018,0.197789,0.0,0.0,0.0,True,True,True,0.0,False,False,37.915
1510,75.5,3,yawning,yawning,0.998232,0.001387,0.000178,0.0,0.998232,0.000203,0.043726,0.950733,0.0,0.210098,0.199022,0.197372,0.0,0.0,0.0,True,True,True,0.0,False,False,46.952
1511,75.55,3,yawning,yawning,0.998219,0.001399,0.000178,0.0,0.998219,0.000205,0.044202,0.951153,0.0,0.210075,0.199032,0.19724,0.0,0.0,0.0,True,True,True,0.0,False,False,38.195
1512,75.6,3,yawning,yawning,0.998179,0.001434,0.000179,0.0,0.998179,0.000208,0.046087,0.950942,0.0,0.210069,0.198769,0.196833,0.0,0.0,0.0,True,True,True,0.0,False,False,38.147
1513,75.65,3,yawning,yawning,0.998133,0.001477,0.00018,0.0,0.998133,0.00021,0.044124,0.950634,0.0,0.210065,0.199058,0.196248,0.0,0.0,0.0,True,True,True,0.0,False,False,37.794
1514,75.7,3,yawning,yawning,0.998057,0.001545,0.000182,0.0,0.998057,0.000216,0.044343,0.95057,0.0,0.210052,0.198429,0.195998,0.0,0.0,0.0,True,True,True,0.0,False,False,37.68
1515,75.75,3,yawning,yawning,0.997978,0.001622,0.000182,0.0,0.997978,0.000218,0.046309,0.948381,0.0,0.210045,0.197693,0.195881,0.0,0.0,0.0,True,True,True,0.0,False,False,46.111
1516,75.8,3,yawning,yawning,0.997986,0.001617,0.000179,0.0,0.997986,0.000218,0.048028,0.94806,0.0,0.209663,0.196962,0.195754,0.0,0.0,0.0,True,True,True,0.0,False,False,37.511
1517,75.85,3,yawning,yawning,0.998009,0.001595,0.000178,0.0,0.998009,0.000218,0.051781,0.948133,0.0,0.207935,0.196713,0.19542,0.0,0.0,0.0,True,True,True,0.0,False,False,37.437
1518,75.9,3,yawning,yawning,0.998066,0.001545,0.000175,0.0,0.998066,0.000213,0.058879,0.94697,0.0,0.205823,0.195807,0.194779,0.0,0.0,0.0,True,True,True,0.0,False,False,37.519
1519,75.95,3,yawning,yawning,0.998043,0.001567,0.000177,0.0,0.998043,0.000213,0.066765,0.945843,0.0,0.203741,0.195631,0.194428,0.0,0.0,0.0,True,True,True,0.0,False,False,37.505
1520,76.0,3,yawning,yawning,0.998036,0.001571,0.000178,0.0,0.998036,0.000214,0.053073,0.949326,0.0,0.201703,0.195607,0.194108,0.0,0.0,0.0,True,True,True,0.0,False,False,46.084
1521,76.05,3,yawning,yawning,0.998086,0.001533,0.000174,0.0,0.998086,0.000206,0.051628,0.949635,0.0,0.199974,0.195624,0.193986,0.0,0.0,0.0,True,True,True,0.0,False,False,37.335
1522,76.1,3,yawning,yawning,0.998037,0.001577,0.000177,0.0,0.998037,0.00021,0.047255,0.950264,0.0,0.198924,0.195369,0.193757,0.0,0.0,0.0,True,True,True,0.0,False,False,37.589
1523,76.15,3,yawning,yawning,0.998051,0.001565,0.000176,0.0,0.998051,0.000209,0.048582,0.949809,0.0,0.198521,0.195663,0.193725,0.0,0.0,0.0,True,True,True,0.0,False,False,37.345
1524,76.2,3,yawning,yawning,0.998032,0.001583,0.000176,0.0,0.998032,0.000209,0.047923,0.950427,0.0,0.198448,0.195621,0.193714,0.0,0.0,0.0,True,True,True,0.0,False,False,37.535
1525,76.25,3,yawning,yawning,0.998018,0.0016,0.000175,0.0,0.998018,0.000207,0.045788,0.950935,0.0,0.198455,0.194956,0.193714,0.0,0.0,0.0,True,True,True,0.0,False,False,46.189
1526,76.3,3,yawning,yawning,0.997987,0.001631,0.000174,0.0,0.997987,0.000208,0.046145,0.951176,0.0,0.197519,0.194215,0.193587,0.0,0.0,0.0,True,True,True,0.0,False,False,37.641
1527,76.35,3,yawning,yawning,0.997985,0.001635,0.000173,0.0,0.997985,0.000207,0.04693,0.950958,0.0,0.195388,0.193962,0.193588,0.0,0.0,0.0,True,True,True,0.0,False,False,37.427
1528,76.4,3,yawning,yawning,0.998032,0.001593,0.000171,0.0,0.998032,0.000204,0.051111,0.949779,0.0,0.193088,0.192985,0.19372,0.0,0.0,0.0,True,True,True,0.0,False,False,37.494
1529,76.45,3,yawning,yawning,0.998103,0.00152,0.00017,0.0,0.998103,0.000207,0.330679,0.905942,0.0,0.192136,0.193211,0.193958,0.0,0.0,0.0,True,True,True,0.0,False,False,37.451
1530,76.5,3,yawning,yawning,0.998255,0.001369,0.000169,0.0,0.998255,0.000207,0.500585,0.828131,0.0,0.192043,0.193872,0.194312,0.0,0.0,0.0,True,True,True,0.0,False,False,46.48
1531,76.55,3,yawning,yawning,0.998325,0.001301,0.00017,0.0,0.998325,0.000204,0.500739,0.843684,0.0,0.192253,0.194597,0.194546,0.0,0.0,0.0,True,True,True,0.0,False,False,38.49
1532,76.6,3,yawning,yawning,0.998361,0.001265,0.000172,0.0,0.998361,0.000202,0.485839,0.876826,0.0,0.193155,0.195059,0.194902,0.0,0.0,0.0,True,True,True,0.0,False,False,37.861
1533,76.65,3,yawning,yawning,0.998372,0.001256,0.000175,0.0,0.998372,0.000197,0.429971,0.901213,0.0,0.194658,0.195984,0.19535,0.0,0.0,0.0,True,True,True,0.219147,False,False,37.942
1534,76.7,3,yawning,yawning,0.998361,0.001267,0.000176,0.0,0.998361,0.000195,0.331454,0.917798,0.0,0.196062,0.196484,0.195594,0.0,0.0,0.0,True,True,True,0.166962,False,False,37.805
1535,76.75,3,yawning,yawning,0.998336,0.001293,0.000177,0.0,0.998336,0.000194,0.186495,0.934558,0.0,0.196816,0.196741,0.195717,0.0,0.0,0.0,True,True,True,0.124847,False,False,46.501
1536,76.8,3,yawning,yawning,0.998292,0.001338,0.000177,0.0,0.998292,0.000194,0.086561,0.946339,0.0,0.197069,0.196819,0.195623,0.0,0.0,0.0,True,True,True,0.080902,False,False,37.687
1537,76.85,3,yawning,yawning,0.998279,0.001352,0.000176,0.0,0.998279,0.000194,0.051625,0.952646,0.0,0.197141,0.196569,0.195628,0.0,0.0,0.0,True,True,True,0.040619,False,False,37.567
1538,76.9,3,yawning,yawning,0.998257,0.001373,0.000175,0.0,0.998257,0.000195,0.047617,0.952399,0.0,0.197167,0.19653,0.195755,0.0,0.0,0.0,True,True,True,0.0,False,False,37.655
1539,76.95,3,yawning,yawning,0.998293,0.001317,0.000181,0.0,0.998293,0.000209,0.443367,0.859134,0.0,0.197198,0.196465,0.196075,0.0,0.0,0.0,True,True,True,0.0,False,False,37.496
1540,77.0,3,yawning,yawning,0.99831,0.00128,0.000187,0.0,0.99831,0.000223,0.523559,0.817924,0.0,0.19724,0.196439,0.196447,0.0,0.0,0.0,True,True,True,0.0,False,False,46.056
1541,77.05,3,yawning,yawning,0.998345,0.00124,0.00019,0.0,0.998345,0.000224,0.54224,0.81757,0.0,0.19735,0.196472,0.196703,0.0,0.0,0.0,True,True,True,0.0,False,False,37.368
1542,77.1,3,yawning,yawning,0.998374,0.001224,0.000187,0.0,0.998374,0.000215,0.505325,0.861283,0.0,0.197497,0.196953,0.197076,0.0,0.0,0.0,True,True,True,0.0,False,False,37.304
1543,77.15,3,yawning,yawning,0.998374,0.001236,0.000184,0.0,0.998374,0.000205,0.444833,0.896444,0.0,0.197908,0.196794,0.197541,0.0,0.0,0.0,True,True,True,0.0,False,False,37.409
1544,77.2,3,yawning,yawning,0.998348,0.001267,0.000184,0.0,0.998348,0.000202,0.313315,0.919522,0.0,0.198561,0.197107,0.197768,0.0,0.0,0.0,True,True,True,0.0,False,False,37.495
1545,77.25,3,yawning,yawning,0.998319,0.0013,0.000182,0.0,0.998319,0.000199,0.142218,0.937304,0.0,0.19893,0.196607,0.197852,0.0,0.0,0.0,True,True,True,0.0,False,False,46.084
1546,77.3,3,yawning,yawning,0.998274,0.001345,0.000182,0.0,0.998274,0.000199,0.059555,0.949099,0.0,0.199019,0.195867,0.197734,0.0,0.0,0.0,True,True,True,0.0,False,False,37.378
1547,77.35,3,yawning,yawning,0.998222,0.001397,0.000181,0.0,0.998222,0.0002,0.042014,0.952931,0.0,0.199039,0.195602,0.197731,0.0,0.0,0.0,True,True,True,0.0,False,False,37.406
1548,77.4,3,yawning,yawning,0.998162,0.001453,0.000181,0.0,0.998162,0.000204,0.038366,0.953469,0.0,0.199049,0.194197,0.197852,0.0,0.0,0.0,True,True,True,0.0,False,False,37.477
1549,77.45,3,yawning,yawning,0.998096,0.001511,0.000183,0.0,0.998096,0.00021,0.037329,0.953437,0.0,0.198865,0.193429,0.19784,0.0,0.0,0.0,True,True,True,0.0,False,False,37.165
1550,77.5,3,yawning,yawning,0.998034,0.001571,0.000182,0.0,0.998034,0.000213,0.038893,0.952989,0.0,0.19683,0.192738,0.197822,0.0,0.0,0.0,True,True,True,0.0,False,False,46.816
1551,77.55,3,yawning,yawning,0.997958,0.001638,0.000183,0.0,0.997958,0.00022,0.043534,0.951144,0.0,0.194646,0.192229,0.197689,0.0,0.0,0.0,True,True,True,0.0,False,False,37.861
1552,77.6,3,yawning,yawning,0.998111,0.001473,0.000183,0.0,0.998111,0.000233,0.444571,0.857869,0.0,0.19458,0.19262,0.197995,0.0,0.0,0.0,True,True,True,0.0,False,False,37.558
1553,77.65,3,yawning,yawning,0.998284,0.001306,0.000178,0.0,0.998284,0.000231,0.519268,0.805558,0.0,0.195428,0.192683,0.19848,0.0,0.0,0.0,True,True,True,0.104477,False,False,37.537
1554,77.7,3,yawning,yawning,0.998324,0.001277,0.00018,0.0,0.998324,0.00022,0.483586,0.868279,0.0,0.197059,0.192612,0.198835,0.0,0.0,0.0,True,True,True,0.135147,False,False,37.512
1555,77.75,3,yawning,yawning,0.998316,0.001293,0.000181,0.0,0.998316,0.00021,0.411484,0.903477,0.0,0.198822,0.192434,0.199139,0.0,0.0,0.0,True,True,True,0.104477,False,False,46.076
1556,77.8,3,yawning,yawning,0.998229,0.001373,0.000186,0.0,0.998229,0.000211,0.248201,0.927974,0.0,0.19988,0.192041,0.19918,0.0,0.0,0.0,True,True,True,0.00972,False,False,37.725
1557,77.85,3,yawning,yawning,0.998154,0.001443,0.000189,0.0,0.998154,0.000215,0.096039,0.945864,0.0,0.200184,0.191877,0.199222,0.0,0.0,0.0,True,True,True,0.00972,False,False,37.432
1558,77.9,3,yawning,yawning,0.998076,0.001515,0.00019,0.0,0.998076,0.000219,0.045934,0.953912,0.0,0.200233,0.191015,0.199354,0.0,0.0,0.0,True,True,True,0.026657,False,False,37.819
1559,77.95,3,yawning,yawning,0.997993,0.001593,0.00019,0.0,0.997993,0.000224,0.040065,0.955575,0.0,0.200243,0.190781,0.199347,0.0,0.0,0.0,True,True,True,0.0,False,False,37.951
1560,78.0,3,yawning,yawning,0.997935,0.001648,0.000189,0.0,0.997935,0.000228,0.037193,0.955141,0.0,0.200237,0.190668,0.199333,0.0,0.0,0.0,True,True,True,0.0,False,False,46.167
1561,78.05,3,yawning,yawning,0.997866,0.001712,0.000189,0.0,0.997866,0.000233,0.038036,0.954269,0.0,0.200233,0.190627,0.199194,0.0,0.0,0.0,True,True,True,0.0,False,False,37.821
1562,78.1,3,yawning,yawning,0.997957,0.001623,0.000185,0.0,0.997957,0.000236,0.432437,0.865954,0.0,0.202147,0.191005,0.199266,0.0,0.0,0.0,True,True,True,0.0,False,False,37.901
1563,78.15,3,yawning,yawning,0.998109,0.001466,0.000184,0.0,0.998109,0.000241,0.518978,0.81214,0.0,0.2024,0.191985,0.199044,0.0,0.0,0.0,True,True,True,0.0,False,False,37.596
1564,78.2,3,yawning,yawning,0.998164,0.00142,0.000186,0.0,0.998164,0.00023,0.464622,0.88419,0.0,0.202221,0.192678,0.199027,0.0,0.0,0.0,True,True,True,0.0,False,False,37.478
1565,78.25,3,yawning,yawning,0.998194,0.001398,0.000186,0.0,0.998194,0.000223,0.349766,0.916538,0.0,0.201421,0.193188,0.198961,0.0,0.0,0.0,True,True,True,0.0,False,False,46.101
1566,78.3,3,yawning,yawning,0.998221,0.001369,0.000186,0.0,0.998221,0.000225,0.173928,0.937214,0.0,0.199868,0.193405,0.19894,0.0,0.0,0.0,True,True,True,0.0,False,False,38.219
1567,78.35,3,yawning,yawning,0.998178,0.001406,0.000188,0.0,0.998178,0.000228,0.07048,0.950115,0.0,0.198122,0.193193,0.198715,0.0,0.0,0.0,True,True,True,0.0,False,False,37.962
1568,78.4,3,yawning,yawning,0.998111,0.001461,0.000193,0.0,0.998111,0.000235,0.044818,0.955056,0.0,0.197042,0.193414,0.198685,0.0,0.0,0.0,True,True,True,0.0,False,False,37.302
1569,78.45,3,yawning,yawning,0.998053,0.00151,0.000197,0.0,0.998053,0.00024,0.039721,0.955539,0.0,0.196648,0.1934,0.198674,0.0,0.0,0.0,True,True,True,0.0,False,False,37.661
1570,78.5,3,yawning,yawning,0.998062,0.001499,0.000197,0.0,0.998062,0.000242,0.037139,0.954606,0.0,0.194596,0.193382,0.198666,0.0,0.0,0.0,True,True,True,0.0,False,False,46.58
1571,78.55,3,yawning,yawning,0.998048,0.001508,0.000198,0.0,0.998048,0.000245,0.037119,0.95349,0.0,0.192272,0.193361,0.198526,0.0,0.0,0.0,True,True,True,0.0,False,False,37.655
1572,78.6,3,yawning,yawning,0.997714,0.001793,0.000216,0.0,0.997714,0.000277,0.037888,0.953375,0.0,0.189742,0.193093,0.198198,0.0,0.0,0.0,True,True,True,0.0,False,False,37.448
1573,78.65,3,yawning,yawning,0.997047,0.002372,0.000247,0.0,0.997047,0.000334,0.041709,0.952332,0.0,0.187339,0.193332,0.197564,0.0,0.0,0.0,True,True,True,0.037186,False,False,37.95
1574,78.7,3,yawning,yawning,0.997276,0.002179,0.000229,0.0,0.997276,0.000315,0.043616,0.951838,0.0,0.185091,0.193322,0.19719,0.0,0.0,0.0,True,True,True,0.0,False,False,38.409
1575,78.75,3,yawning,yawning,0.997665,0.00183,0.000215,0.0,0.997665,0.00029,0.222735,0.928076,0.0,0.184015,0.193627,0.197008,0.0,0.0,0.0,True,True,True,0.0,False,False,46.685
1576,78.8,3,yawning,yawning,0.997876,0.001609,0.00022,0.0,0.997876,0.000295,0.488916,0.849003,0.0,0.184718,0.194333,0.197233,0.0,0.0,0.0,True,True,True,0.0,False,False,37.994
1577,78.85,3,yawning,yawning,0.998056,0.001434,0.00022,0.0,0.998056,0.00029,0.543408,0.813876,0.0,0.186053,0.194847,0.197388,0.0,0.0,0.0,True,True,True,0.0,False,False,37.82
1578,78.9,3,yawning,yawning,0.998109,0.0014,0.000221,0.0,0.998109,0.00027,0.500828,0.866192,0.0,0.186173,0.19585,0.197787,0.0,0.0,0.0,True,True,True,0.0,False,False,37.74
1579,78.95,3,yawning,yawning,0.998167,0.001366,0.000215,0.0,0.998167,0.000251,0.43995,0.899946,0.0,0.185824,0.19651,0.198119,0.0,0.0,0.0,True,True,True,0.0,False,False,37.867
1580,79.0,3,yawning,yawning,0.998201,0.001348,0.000211,0.0,0.998201,0.00024,0.290232,0.924703,0.0,0.184734,0.19693,0.198334,0.0,0.0,0.0,True,True,True,0.0,False,False,46.402
1581,79.05,3,yawning,yawning,0.998213,0.001343,0.000208,0.0,0.998213,0.000236,0.124646,0.943132,0.0,0.183001,0.197069,0.198271,0.0,0.0,0.0,True,True,True,0.0,False,False,37.498
1582,79.1,3,yawning,yawning,0.998286,0.001277,0.000202,0.0,0.998286,0.000235,0.45297,0.869022,0.0,0.183227,0.197471,0.198611,0.0,0.0,0.0,True,True,True,0.0,False,False,37.686
1583,79.15,3,yawning,yawning,0.998317,0.001232,0.000206,0.0,0.998317,0.000244,0.533893,0.822346,0.0,0.184547,0.198503,0.198816,0.0,0.0,0.0,True,True,True,0.0,False,False,38.052
1584,79.2,3,yawning,yawning,0.99834,0.001198,0.000212,0.0,0.99834,0.00025,0.582204,0.814764,0.0,0.18664,0.199333,0.198862,0.0,0.0,0.0,True,True,True,0.0,False,False,37.649
1585,79.25,3,yawning,yawning,0.998384,0.001163,0.000209,0.0,0.998384,0.000244,0.564288,0.832618,0.0,0.188913,0.200146,0.198879,0.0,0.0,0.0,True,True,True,0.0,False,False,46.608
1586,79.3,3,yawning,yawning,0.998401,0.001156,0.000206,0.0,0.998401,0.000236,0.508431,0.870452,0.0,0.191118,0.200891,0.199123,0.0,0.0,0.0,True,True,True,0.0,False,False,37.496
1587,79.35,3,yawning,yawning,0.998395,0.001168,0.000205,0.0,0.998395,0.000232,0.451831,0.89879,0.0,0.193132,0.201299,0.199092,0.0,0.0,0.0,True,True,True,0.0,False,False,37.736
1588,79.4,3,yawning,yawning,0.9984,0.001176,0.000201,0.0,0.9984,0.000223,0.338466,0.920341,0.0,0.19461,0.202,0.198941,0.0,0.0,0.0,True,True,True,0.0,False,False,37.874
1589,79.45,3,yawning,yawning,0.998396,0.00119,0.000198,0.0,0.998396,0.000216,0.181802,0.938659,0.0,0.195319,0.202216,0.198996,0.0,0.0,0.0,True,True,True,0.0,False,False,37.782
1590,79.5,3,yawning,yawning,0.998417,0.001162,0.000198,0.0,0.998417,0.000223,0.463638,0.865936,0.0,0.19734,0.202879,0.199333,0.0,0.0,0.0,True,True,True,0.0,False,False,46.49
1591,79.55,3,yawning,yawning,0.998399,0.001159,0.000205,0.0,0.998399,0.000237,0.549775,0.811746,0.0,0.199663,0.203656,0.19959,0.0,0.0,0.0,True,True,True,0.0,False,False,37.944
1592,79.6,3,yawning,yawning,0.998412,0.001137,0.000209,0.0,0.998412,0.000243,0.617075,0.804659,0.0,0.202268,0.204258,0.200032,0.0,0.0,0.0,True,True,True,0.0,False,False,37.614
1593,79.65,3,yawning,yawning,0.998419,0.001139,0.000207,0.0,0.998419,0.000236,0.526172,0.845703,0.0,0.20455,0.205289,0.200564,0.0,0.0,0.0,True,True,True,0.0,False,False,37.717
1594,79.7,3,yawning,yawning,0.998397,0.001166,0.000206,0.0,0.998397,0.000232,0.457841,0.889918,0.0,0.206595,0.205972,0.200587,0.0,0.0,0.0,True,True,True,0.0,False,False,37.664
1595,79.75,3,yawning,yawning,0.998402,0.001172,0.000202,0.0,0.998402,0.000224,0.341131,0.915122,0.0,0.208096,0.206472,0.200469,0.0,0.0,0.0,True,True,True,0.0,False,False,46.55
1596,79.8,3,yawning,yawning,0.998392,0.001187,0.0002,0.0,0.998392,0.000221,0.169738,0.934848,0.0,0.208747,0.206685,0.200443,0.0,0.0,0.0,True,True,True,0.389055,False,False,37.712
1597,79.85,3,yawning,yawning,0.998389,0.001197,0.000197,0.0,0.998389,0.000217,0.093172,0.943479,0.0,0.209003,0.206491,0.20014,0.0,0.0,0.0,True,True,True,0.389055,False,False,37.836
1598,79.9,3,yawning,yawning,0.998381,0.001211,0.000194,0.0,0.998381,0.000213,0.058528,0.949399,0.0,0.209072,0.206286,0.199913,0.0,0.0,0.0,True,True,True,0.489534,False,False,38.075
1599,79.95,3,yawning,yawning,0.998364,0.001233,0.000191,0.0,0.998364,0.000212,0.046298,0.952095,0.0,0.209066,0.205567,0.19989,0.0,0.0,0.0,True,True,True,0.489534,False,False,38.385
1600,80.0,3,yawning,yawning,0.998363,0.00124,0.000188,0.0,0.998363,0.000209,0.048349,0.951316,0.0,0.209064,0.204843,0.199894,0.0,0.0,0.0,True,True,True,0.412351,False,False,46.754
1601,80.05,3,yawning,yawning,0.998354,0.001251,0.000186,0.0,0.998354,0.000209,0.044879,0.952127,0.0,0.209046,0.204114,0.19976,0.0,0.0,0.0,True,True,True,0.251648,False,False,38.086
1602,80.1,3,yawning,yawning,0.998341,0.001264,0.000186,0.0,0.998341,0.000209,0.047838,0.951147,0.0,0.209059,0.203845,0.199767,0.0,0.0,0.0,True,True,True,0.083448,False,False,38.238
1603,80.15,3,yawning,yawning,0.998321,0.00128,0.000187,0.0,0.998321,0.000212,0.048972,0.95089,0.0,0.209091,0.202966,0.199919,0.0,0.0,0.0,True,True,True,0.0,False,False,37.926
1604,80.2,3,yawning,yawning,0.998327,0.00128,0.000184,0.0,0.998327,0.000209,0.055569,0.949363,0.0,0.209147,0.20272,0.199935,0.0,0.0,0.0,True,True,True,0.0,False,False,37.993
1605,80.25,3,yawning,yawning,0.998334,0.001278,0.000182,0.0,0.998334,0.000207,0.051472,0.950212,0.0,0.209184,0.202652,0.199943,0.0,0.0,0.0,True,True,True,0.0,False,False,47.013
1606,80.3,3,yawning,yawning,0.998328,0.001283,0.000182,0.0,0.998328,0.000206,0.046814,0.951045,0.0,0.209213,0.202643,0.199811,0.0,0.0,0.0,True,True,True,0.0,False,False,38.646
1607,80.35,3,yawning,yawning,0.99833,0.001284,0.00018,0.0,0.99833,0.000205,0.045587,0.951538,0.0,0.209232,0.202372,0.199813,0.0,0.0,0.0,True,True,True,0.0,False,False,38.34
1608,80.4,3,yawning,yawning,0.998329,0.001285,0.000181,0.0,0.998329,0.000205,0.04783,0.951132,0.0,0.209202,0.202001,0.199446,0.0,0.0,0.0,True,True,True,0.0,False,False,37.712
1609,80.45,3,yawning,yawning,0.99831,0.001303,0.000181,0.0,0.99831,0.000207,0.045888,0.951839,0.0,0.20918,0.201252,0.199061,0.0,0.0,0.0,True,True,True,0.0,False,False,37.383
1610,80.5,3,yawning,yawning,0.998306,0.001309,0.00018,0.0,0.998306,0.000206,0.049376,0.950544,0.0,0.209163,0.200436,0.198695,0.0,0.0,0.0,True,True,True,0.0,False,False,46.315
1611,80.55,3,yawning,yawning,0.998305,0.001308,0.00018,0.0,0.998305,0.000207,0.048643,0.950656,0.0,0.209139,0.199682,0.198566,0.0,0.0,0.0,True,True,True,0.0,False,False,37.561
1612,80.6,3,yawning,yawning,0.998302,0.00131,0.00018,0.0,0.998302,0.000208,0.044893,0.951,0.0,0.209057,0.199415,0.198237,0.0,0.0,0.0,True,True,True,0.0,False,False,37.654
1613,80.65,3,yawning,yawning,0.998289,0.001324,0.00018,0.0,0.998289,0.000207,0.046381,0.950463,0.0,0.208947,0.198397,0.198092,0.0,0.0,0.0,True,True,True,0.0,False,False,37.769
1614,80.7,3,yawning,yawning,0.998269,0.001344,0.00018,0.0,0.998269,0.000207,0.043652,0.950823,0.0,0.208872,0.198113,0.197756,0.0,0.0,0.0,True,True,True,0.0,False,False,37.569
1615,80.75,3,yawning,yawning,0.99826,0.001356,0.000179,0.0,0.99826,0.000205,0.042385,0.9508,0.0,0.208802,0.198043,0.19737,0.0,0.0,0.0,True,True,True,0.0,False,False,46.299
1616,80.8,3,yawning,yawning,0.998249,0.001372,0.000177,0.0,0.998249,0.000202,0.044146,0.95035,0.0,0.208782,0.198043,0.197238,0.0,0.0,0.0,True,True,True,0.0,False,False,37.675
1617,80.85,3,yawning,yawning,0.998237,0.001383,0.000177,0.0,0.998237,0.000203,0.043787,0.950983,0.0,0.208756,0.197778,0.19682,0.0,0.0,0.0,True,True,True,0.0,False,False,37.604
1618,80.9,3,yawning,yawning,0.998204,0.001411,0.000179,0.0,0.998204,0.000206,0.046029,0.950694,0.0,0.208747,0.198065,0.196167,0.0,0.0,0.0,True,True,True,0.0,False,False,37.698
1619,80.95,3,yawning,yawning,0.998166,0.001447,0.00018,0.0,0.998166,0.000208,0.043979,0.950423,0.0,0.208738,0.198074,0.195826,0.0,0.0,0.0,True,True,True,0.0,False,False,37.388
1620,81.0,3,yawning,yawning,0.998096,0.001509,0.000182,0.0,0.998096,0.000213,0.044491,0.950002,0.0,0.208725,0.198076,0.195574,0.0,0.0,0.0,True,True,True,0.0,False,False,46.284
1621,81.05,3,yawning,yawning,0.998035,0.001568,0.000182,0.0,0.998035,0.000215,0.046048,0.949136,0.0,0.208717,0.197429,0.195446,0.0,0.0,0.0,True,True,True,0.0,False,False,37.639
1622,81.1,3,yawning,yawning,0.998039,0.001567,0.000179,0.0,0.998039,0.000215,0.047352,0.948899,0.0,0.208265,0.197172,0.195329,0.0,0.0,0.0,True,True,True,0.0,False,False,37.408
1623,81.15,3,yawning,yawning,0.998058,0.001549,0.000178,0.0,0.998058,0.000215,0.050626,0.949065,0.0,0.20652,0.195999,0.194736,0.0,0.0,0.0,True,True,True,0.0,False,False,37.94
1624,81.2,3,yawning,yawning,0.998108,0.001505,0.000176,0.0,0.998108,0.000211,0.056623,0.948135,0.0,0.204398,0.195404,0.194352,0.0,0.0,0.0,True,True,True,0.0,False,False,37.799
1625,81.25,3,yawning,yawning,0.998078,0.001534,0.000177,0.0,0.998078,0.000211,0.06236,0.946694,0.0,0.2023,0.195079,0.193997,0.0,0.0,0.0,True,True,True,0.0,False,False,46.218
1626,81.3,3,yawning,yawning,0.998069,0.001541,0.000179,0.0,0.998069,0.000212,0.051394,0.948757,0.0,0.200165,0.194998,0.193875,0.0,0.0,0.0,True,True,True,0.0,False,False,37.585
1627,81.35,3,yawning,yawning,0.998119,0.001502,0.000175,0.0,0.998119,0.000205,0.051757,0.948756,0.0,0.198275,0.194753,0.193549,0.0,0.0,0.0,True,True,True,0.0,False,False,37.775
1628,81.4,3,yawning,yawning,0.998082,0.001534,0.000177,0.0,0.998082,0.000208,0.047442,0.949505,0.0,0.196833,0.195024,0.193337,0.0,0.0,0.0,True,True,True,0.0,False,False,37.586
1629,81.45,3,yawning,yawning,0.998092,0.001524,0.000177,0.0,0.998092,0.000208,0.049289,0.948912,0.0,0.196122,0.195046,0.193301,0.0,0.0,0.0,True,True,True,0.0,False,False,38.811
1630,81.5,3,yawning,yawning,0.998071,0.001544,0.000177,0.0,0.998071,0.000208,0.047969,0.95088,0.0,0.195921,0.195064,0.193293,0.0,0.0,0.0,True,True,True,0.0,False,False,47.533
1631,81.55,3,yawning,yawning,0.998052,0.001566,0.000176,0.0,0.998052,0.000206,0.045611,0.951002,0.0,0.195892,0.19443,0.193166,0.0,0.0,0.0,True,True,True,0.0,False,False,37.75
1632,81.6,3,yawning,yawning,0.998013,0.001605,0.000175,0.0,0.998013,0.000207,0.045581,0.951345,0.0,0.195887,0.194174,0.193166,0.0,0.0,0.0,True,True,True,0.0,False,False,37.688
1633,81.65,3,yawning,yawning,0.998015,0.001605,0.000173,0.0,0.998015,0.000206,0.047409,0.950895,0.0,0.193969,0.193007,0.193296,0.0,0.0,0.0,True,True,True,0.0,False,False,37.769
1634,81.7,3,yawning,yawning,0.998065,0.001561,0.000171,0.0,0.998065,0.000203,0.052717,0.949496,0.0,0.191768,0.192496,0.1933,0.0,0.0,0.0,True,True,True,0.0,False,False,37.783
1635,81.75,3,yawning,yawning,0.99811,0.001519,0.00017,0.0,0.99811,0.000201,0.130703,0.934514,0.0,0.189895,0.192417,0.193372,0.0,0.0,0.0,True,True,True,0.0,False,False,46.155
1636,81.8,3,yawning,yawning,0.998262,0.001366,0.000169,0.0,0.998262,0.000203,0.475887,0.853575,0.0,0.189744,0.19306,0.19359,0.0,0.0,0.0,True,True,True,0.0,False,False,37.73
1637,81.85,3,yawning,yawning,0.998364,0.00126,0.00017,0.0,0.998364,0.000206,0.516143,0.825729,0.0,0.189966,0.193543,0.193949,0.0,0.0,0.0,True,True,True,0.190308,False,False,37.572
1638,81.9,3,yawning,yawning,0.9984,0.001224,0.000173,0.0,0.9984,0.000203,0.49905,0.866632,0.0,0.190806,0.194546,0.194438,0.0,0.0,0.0,True,True,True,0.190308,False,False,37.599
1639,81.95,3,yawning,yawning,0.998418,0.001208,0.000175,0.0,0.998418,0.000199,0.459365,0.892442,0.0,0.192354,0.195246,0.19478,0.0,0.0,0.0,True,True,True,0.199921,False,False,37.893
1640,82.0,3,yawning,yawning,0.998404,0.001223,0.000177,0.0,0.998404,0.000196,0.382038,0.910982,0.0,0.193977,0.195828,0.195059,0.0,0.0,0.0,True,True,True,0.199921,False,False,46.949
1641,82.05,3,yawning,yawning,0.998371,0.001257,0.000178,0.0,0.998371,0.000194,0.236746,0.92937,0.0,0.19498,0.196169,0.195095,0.0,0.0,0.0,True,True,True,0.133087,False,False,38.024
1642,82.1,3,yawning,yawning,0.998328,0.001301,0.000178,0.0,0.998328,0.000194,0.108514,0.943115,0.0,0.195348,0.19602,0.195149,0.0,0.0,0.0,True,True,True,0.053894,False,False,38.056
1643,82.15,3,yawning,yawning,0.998294,0.001336,0.000177,0.0,0.998294,0.000194,0.056505,0.951208,0.0,0.19545,0.196307,0.19528,0.0,0.0,0.0,True,True,True,0.0,False,False,37.874
1644,82.2,3,yawning,yawning,0.998273,0.001357,0.000176,0.0,0.998273,0.000194,0.047518,0.952483,0.0,0.195495,0.196007,0.195281,0.0,0.0,0.0,True,True,True,0.0,False,False,37.888
1645,82.25,3,yawning,yawning,0.998294,0.001335,0.000175,0.0,0.998294,0.000196,0.227179,0.925609,0.0,0.194558,0.195609,0.195436,0.0,0.0,0.0,True,True,True,0.0,False,False,46.509
1646,82.3,3,yawning,yawning,0.998306,0.0013,0.000183,0.0,0.998306,0.000211,0.495879,0.83966,0.0,0.194492,0.195553,0.195665,0.0,0.0,0.0,True,True,True,0.0,False,False,37.494
1647,82.35,3,yawning,yawning,0.998341,0.001246,0.00019,0.0,0.998341,0.000223,0.54738,0.820651,0.0,0.19463,0.196076,0.196056,0.0,0.0,0.0,True,True,True,0.0,False,False,37.522
1648,82.4,3,yawning,yawning,0.998382,0.001215,0.000189,0.0,0.998382,0.000214,0.509101,0.859494,0.0,0.19481,0.195683,0.196563,0.0,0.0,0.0,True,True,True,0.0,False,False,38.354
1649,82.45,3,yawning,yawning,0.998393,0.001211,0.000188,0.0,0.998393,0.000208,0.474771,0.887464,0.0,0.19541,0.195965,0.196918,0.0,0.0,0.0,True,True,True,0.0,False,False,37.779
1650,82.5,3,yawning,yawning,0.998373,0.001235,0.000188,0.0,0.998373,0.000204,0.373932,0.914124,0.0,0.196421,0.196378,0.197194,0.0,0.0,0.0,True,True,True,0.0,False,False,46.66
1651,82.55,3,yawning,yawning,0.998341,0.00127,0.000187,0.0,0.998341,0.000201,0.197546,0.932633,0.0,0.197092,0.196609,0.197194,0.0,0.0,0.0,True,True,True,0.0,False,False,38.105
1652,82.6,3,yawning,yawning,0.998303,0.001312,0.000185,0.0,0.998303,0.0002,0.077871,0.946496,0.0,0.197279,0.196406,0.197224,0.0,0.0,0.0,True,True,True,0.0,False,False,37.825
1653,82.65,3,yawning,yawning,0.998257,0.00136,0.000183,0.0,0.998257,0.0002,0.044091,0.952396,0.0,0.19731,0.195258,0.197353,0.0,0.0,0.0,True,True,True,0.0,False,False,37.622
1654,82.7,3,yawning,yawning,0.998203,0.001414,0.000182,0.0,0.998203,0.000201,0.039265,0.953683,0.0,0.197326,0.194483,0.197346,0.0,0.0,0.0,True,True,True,0.0,False,False,37.663
1655,82.75,3,yawning,yawning,0.998157,0.001458,0.000181,0.0,0.998157,0.000204,0.038561,0.953018,0.0,0.197169,0.193707,0.197335,0.0,0.0,0.0,True,True,True,0.0,False,False,47.034
1656,82.8,3,yawning,yawning,0.998095,0.001516,0.00018,0.0,0.998095,0.000208,0.039415,0.95289,0.0,0.195142,0.192979,0.197199,0.0,0.0,0.0,True,True,True,0.0,False,False,38.034
1657,82.85,3,yawning,yawning,0.998031,0.001572,0.000181,0.0,0.998031,0.000215,0.043827,0.9511,0.0,0.192963,0.192722,0.197186,0.0,0.0,0.0,True,True,True,0.0,False,False,37.98
1658,82.9,3,yawning,yawning,0.998159,0.001428,0.000183,0.0,0.998159,0.000231,0.445426,0.857276,0.0,0.192893,0.192598,0.197615,0.0,0.0,0.0,True,True,True,0.0,False,False,38.161
1659,82.95,3,yawning,yawning,0.998308,0.001281,0.000179,0.0,0.998308,0.000232,0.519793,0.804487,0.0,0.193721,0.193061,0.197974,0.0,0.0,0.0,True,True,True,0.0,False,False,37.88
1660,83.0,3,yawning,yawning,0.998341,0.001258,0.000181,0.0,0.998341,0.00022,0.482776,0.868325,0.0,0.195346,0.193072,0.198327,0.0,0.0,0.0,True,True,True,0.0,False,False,46.411
1661,83.05,3,yawning,yawning,0.998333,0.001273,0.000183,0.0,0.998333,0.000211,0.408909,0.903692,0.0,0.197093,0.192896,0.1985,0.0,0.0,0.0,True,True,True,0.06076,False,False,37.823
1662,83.1,3,yawning,yawning,0.998251,0.001349,0.000188,0.0,0.998251,0.000213,0.244438,0.92831,0.0,0.198134,0.192983,0.198667,0.0,0.0,0.0,True,True,True,0.0,False,False,37.69
1663,83.15,3,yawning,yawning,0.998184,0.001411,0.00019,0.0,0.998184,0.000215,0.09435,0.946127,0.0,0.198428,0.191935,0.19884,0.0,0.0,0.0,True,True,True,0.0,False,False,38.006
1664,83.2,3,yawning,yawning,0.998111,0.001478,0.000191,0.0,0.998111,0.000219,0.045744,0.953949,0.0,0.198476,0.191479,0.198839,0.0,0.0,0.0,True,True,True,0.0,False,False,37.538
1665,83.25,3,yawning,yawning,0.998042,0.001544,0.000191,0.0,0.998042,0.000223,0.039982,0.955607,0.0,0.198488,0.191286,0.198833,0.0,0.0,0.0,True,True,True,0.0,False,False,46.126
1666,83.3,3,yawning,yawning,0.997991,0.001593,0.00019,0.0,0.997991,0.000226,0.037161,0.95515,0.0,0.198481,0.191194,0.198693,0.0,0.0,0.0,True,True,True,0.0,False,False,37.509
1667,83.35,3,yawning,yawning,0.997946,0.001634,0.00019,0.0,0.997946,0.00023,0.038037,0.954253,0.0,0.198459,0.19093,0.19868,0.0,0.0,0.0,True,True,True,0.0,False,False,37.487
1668,83.4,3,yawning,yawning,0.998042,0.00154,0.000185,0.0,0.998042,0.000233,0.435972,0.865266,0.0,0.200379,0.191791,0.198706,0.0,0.0,0.0,True,True,True,0.0,False,False,37.802
1669,83.45,3,yawning,yawning,0.998169,0.001406,0.000185,0.0,0.998169,0.000239,0.51888,0.812659,0.0,0.201693,0.192516,0.198705,0.0,0.0,0.0,True,True,True,0.0,False,False,37.574
1670,83.5,3,yawning,yawning,0.998213,0.001368,0.000188,0.0,0.998213,0.00023,0.465284,0.884117,0.0,0.201637,0.193205,0.198682,0.0,0.0,0.0,True,True,True,0.0,False,False,47.866
1671,83.55,3,yawning,yawning,0.998237,0.001353,0.000188,0.0,0.998237,0.000223,0.351214,0.916462,0.0,0.20087,0.193717,0.198809,0.0,0.0,0.0,True,True,True,0.0,False,False,37.635
1672,83.6,3,yawning,yawning,0.998259,0.00133,0.000188,0.0,0.998259,0.000223,0.175441,0.937114,0.0,0.19931,0.193686,0.198578,0.0,0.0,0.0,True,True,True,0.0,False,False,37.305
1673,83.65,3,yawning,yawning,0.998217,0.001367,0.00019,0.0,0.998217,0.000226,0.071006,0.950076,0.0,0.19743,0.193962,0.198282,0.0,0.0,0.0,True,True,True,0.0,False,False,37.706
1674,83.7,3,yawning,yawning,0.998151,0.001421,0.000195,0.0,0.998151,0.000233,0.044905,0.95506,0.0,0.19607,0.193949,0.198225,0.0,0.0,0.0,True,True,True,0.0,False,False,37.675
1675,83.75,3,yawning,yawning,0.998094,0.001469,0.000199,0.0,0.998094,0.000238,0.039752,0.95555,0.0,0.195555,0.193936,0.19821,0.0,0.0,0.0,True,True,True,0.0,False,False,46.246
1676,83.8,3,yawning,yawning,0.998044,0.001509,0.000202,0.0,0.998044,0.000244,0.037081,0.954673,0.0,0.193504,0.193922,0.198071,0.0,0.0,0.0,True,True,True,0.0,False,False,37.421
1677,83.85,3,yawning,yawning,0.998045,0.001508,0.000202,0.0,0.998045,0.000245,0.037022,0.953471,0.0,0.191167,0.193652,0.198062,0.0,0.0,0.0,True,True,True,0.0,False,False,37.724
1678,83.9,3,yawning,yawning,0.998028,0.001518,0.000203,0.0,0.998028,0.000251,0.037966,0.952971,0.0,0.188629,0.193891,0.197661,0.0,0.0,0.0,True,True,True,0.0,False,False,37.881
1679,83.95,3,yawning,yawning,0.997602,0.001873,0.000231,0.0,0.997602,0.000294,0.041489,0.952351,0.0,0.186181,0.193877,0.197266,0.0,0.0,0.0,True,True,True,0.0,False,False,37.35
1680,84.0,3,yawning,yawning,0.997006,0.002408,0.000251,0.0,0.997006,0.000335,0.040184,0.952557,0.0,0.183913,0.193862,0.196888,0.0,0.0,0.0,True,True,True,0.051376,False,False,46.274
1681,84.05,3,yawning,yawning,0.997485,0.001983,0.000226,0.0,0.997485,0.000305,0.194925,0.930896,0.0,0.182664,0.194119,0.196886,0.0,0.0,0.0,True,True,True,0.0,False,False,38.231
1682,84.1,3,yawning,yawning,0.997803,0.001658,0.000227,0.0,0.997803,0.000313,0.485759,0.848544,0.0,0.183285,0.194567,0.196885,0.0,0.0,0.0,True,True,True,0.0,False,False,37.97
1683,84.15,3,yawning,yawning,0.997983,0.001471,0.000229,0.0,0.997983,0.000317,0.537481,0.810757,0.0,0.184855,0.195585,0.196989,0.0,0.0,0.0,True,True,True,0.0,False,False,37.865
1684,84.2,3,yawning,yawning,0.99806,0.0014,0.000234,0.0,0.99806,0.000306,0.539697,0.855712,0.0,0.185188,0.196383,0.197357,0.0,0.0,0.0,True,True,True,0.0,False,False,37.892
1685,84.25,3,yawning,yawning,0.998151,0.001351,0.000226,0.0,0.998151,0.000272,0.47343,0.895455,0.0,0.184981,0.197096,0.197713,0.0,0.0,0.0,True,True,True,0.0,False,False,46.417
1686,84.3,3,yawning,yawning,0.998195,0.001334,0.000219,0.0,0.998195,0.000252,0.36051,0.918994,0.0,0.184233,0.197631,0.197849,0.0,0.0,0.0,True,True,True,0.0,False,False,37.333
1687,84.35,3,yawning,yawning,0.998228,0.00132,0.000211,0.0,0.998228,0.00024,0.180626,0.938093,0.0,0.182728,0.197602,0.197971,0.0,0.0,0.0,True,True,True,0.941589,False,False,37.543
1688,84.4,3,yawning,yawning,0.998253,0.001309,0.000205,0.0,0.998253,0.000232,0.081871,0.94907,0.0,0.180976,0.197927,0.198146,0.0,0.0,0.0,True,True,True,0.0,False,False,37.331
1689,84.45,3,yawning,yawning,0.998307,0.001251,0.000205,0.0,0.998307,0.000237,0.454091,0.859805,0.0,0.181595,0.19859,0.198479,0.0,0.0,0.0,True,True,True,0.0,False,False,37.202
1690,84.5,3,yawning,yawning,0.998317,0.00122,0.000212,0.0,0.998317,0.00025,0.534048,0.817379,0.0,0.183186,0.199348,0.198535,0.0,0.0,0.0,True,True,True,0.0,False,False,46.238
1691,84.55,3,yawning,yawning,0.998373,0.001175,0.000208,0.0,0.998373,0.000244,0.536379,0.831225,0.0,0.185198,0.200117,0.198789,0.0,0.0,0.0,True,True,True,0.0,False,False,37.722
1692,84.6,3,yawning,yawning,0.998397,0.001156,0.000207,0.0,0.998397,0.000239,0.533715,0.827822,0.0,0.187403,0.200617,0.198806,0.0,0.0,0.0,True,True,True,0.0,False,False,37.557
1693,84.65,3,yawning,yawning,0.998402,0.001161,0.000204,0.0,0.998402,0.000233,0.481346,0.884568,0.0,0.189539,0.201567,0.198636,0.0,0.0,0.0,True,True,True,0.953948,False,False,37.279
1694,84.7,3,yawning,yawning,0.998413,0.001161,0.0002,0.0,0.998413,0.000225,0.413336,0.903331,0.0,0.19138,0.202151,0.198772,0.0,0.0,0.0,True,True,True,0.897872,False,False,37.368
1695,84.75,3,yawning,yawning,0.998411,0.001174,0.000197,0.0,0.998411,0.000217,0.265123,0.925622,0.0,0.192515,0.202515,0.198916,0.0,0.0,0.0,True,True,True,0.873611,False,False,46.416
1696,84.8,3,yawning,yawning,0.998417,0.001172,0.000195,0.0,0.998417,0.000216,0.186508,0.935625,0.0,0.193233,0.202748,0.198905,0.0,0.0,0.0,True,True,True,0.854156,False,False,37.517
1697,84.85,3,yawning,yawning,0.99839,0.001172,0.000205,0.0,0.99839,0.000233,0.482063,0.846251,0.0,0.195309,0.203176,0.199254,0.0,0.0,0.0,True,True,True,0.854156,False,False,37.335
1698,84.9,3,yawning,yawning,0.998405,0.001147,0.000208,0.0,0.998405,0.00024,0.554535,0.806193,0.0,0.197638,0.20423,0.199792,0.0,0.0,0.0,True,True,True,0.0,False,False,37.664
1699,84.95,3,yawning,yawning,0.998412,0.001147,0.000206,0.0,0.998412,0.000234,0.504217,0.853932,0.0,0.19983,0.204968,0.200168,0.0,0.0,0.0,True,True,True,0.0,False,False,37.298
1700,85.0,3,yawning,yawning,0.998395,0.00117,0.000206,0.0,0.998395,0.00023,0.439995,0.894558,0.0,0.201791,0.205623,0.20018,0.0,0.0,0.0,True,True,True,0.0,False,False,46.398
1701,85.05,3,yawning,yawning,0.998402,0.001173,0.000202,0.0,0.998402,0.000222,0.31935,0.917601,0.0,0.203184,0.206087,0.200279,0.0,0.0,0.0,True,True,True,0.0,False,False,37.546
1702,85.1,3,yawning,yawning,0.998395,0.001187,0.000199,0.0,0.998395,0.000219,0.155455,0.935918,0.0,0.203761,0.206001,0.200007,0.0,0.0,0.0,True,True,True,0.839736,False,False,37.392
1703,85.15,3,yawning,yawning,0.998393,0.001195,0.000196,0.0,0.998393,0.000216,0.088428,0.943479,0.0,0.203993,0.20634,0.199574,0.0,0.0,0.0,True,True,True,0.839736,False,False,37.493
1704,85.2,3,yawning,yawning,0.998388,0.001207,0.000193,0.0,0.998388,0.000212,0.056927,0.949099,0.0,0.204053,0.20621,0.19947,0.0,0.0,0.0,True,True,True,0.87384,False,False,37.398
1705,85.25,3,yawning,yawning,0.998373,0.001227,0.00019,0.0,0.998373,0.00021,0.045943,0.951805,0.0,0.204046,0.205516,0.199448,0.0,0.0,0.0,True,True,True,0.87384,False,False,46.276
1706,85.3,3,yawning,yawning,0.998372,0.001232,0.000187,0.0,0.998372,0.000209,0.049469,0.950847,0.0,0.20405,0.204782,0.199319,0.0,0.0,0.0,True,True,True,0.821884,False,False,37.615
1707,85.35,3,yawning,yawning,0.998362,0.001244,0.000186,0.0,0.998362,0.000208,0.044786,0.952029,0.0,0.204033,0.204506,0.199319,0.0,0.0,0.0,True,True,True,0.699264,False,False,37.568
1708,85.4,3,yawning,yawning,0.998349,0.001257,0.000185,0.0,0.998349,0.000209,0.048745,0.950815,0.0,0.204053,0.203378,0.199468,0.0,0.0,0.0,True,True,True,0.675079,False,False,37.53
1709,85.45,3,yawning,yawning,0.998327,0.001274,0.000187,0.0,0.998327,0.000212,0.049016,0.950782,0.0,0.204088,0.202837,0.199478,0.0,0.0,0.0,True,True,True,0.0,False,False,37.298
1710,85.5,3,yawning,yawning,0.998334,0.001273,0.000184,0.0,0.998334,0.000209,0.055924,0.949178,0.0,0.204153,0.202554,0.199495,0.0,0.0,0.0,True,True,True,0.0,False,False,46.375
1711,85.55,3,yawning,yawning,0.998339,0.001273,0.000181,0.0,0.998339,0.000207,0.051997,0.950098,0.0,0.204194,0.202471,0.199368,0.0,0.0,0.0,True,True,True,0.0,False,False,37.291
1712,85.6,3,yawning,yawning,0.998332,0.001279,0.000182,0.0,0.998332,0.000206,0.047104,0.950979,0.0,0.204199,0.202203,0.199373,0.0,0.0,0.0,True,True,True,0.0,False,False,37.411
1713,85.65,3,yawning,yawning,0.998336,0.001279,0.000181,0.0,0.998336,0.000205,0.046102,0.95143,0.0,0.204209,0.202458,0.199367,0.0,0.0,0.0,True,True,True,0.0,False,False,37.54
1714,85.7,3,yawning,yawning,0.998335,0.001279,0.000181,0.0,0.998335,0.000205,0.048045,0.95109,0.0,0.204228,0.202142,0.199014,0.0,0.0,0.0,True,True,True,0.0,False,False,37.275
1715,85.75,3,yawning,yawning,0.998315,0.001298,0.000181,0.0,0.998315,0.000206,0.045707,0.951631,0.0,0.204222,0.201426,0.198633,0.0,0.0,0.0,True,True,True,0.0,False,False,46.357
1716,85.8,3,yawning,yawning,0.998304,0.001309,0.00018,0.0,0.998304,0.000206,0.048939,0.950712,0.0,0.204224,0.200649,0.198504,0.0,0.0,0.0,True,True,True,0.0,False,False,37.268
1717,85.85,3,yawning,yawning,0.998284,0.001326,0.000181,0.0,0.998284,0.000209,0.047497,0.950981,0.0,0.2042,0.200385,0.198112,0.0,0.0,0.0,True,True,True,0.0,False,False,37.44
1718,85.9,3,yawning,yawning,0.998289,0.001321,0.000181,0.0,0.998289,0.000209,0.045258,0.95093,0.0,0.204126,0.199201,0.197614,0.0,0.0,0.0,True,True,True,0.0,False,False,37.51
1719,85.95,3,yawning,yawning,0.998299,0.001313,0.00018,0.0,0.998299,0.000209,0.047892,0.950221,0.0,0.204025,0.198659,0.197494,0.0,0.0,0.0,True,True,True,0.0,False,False,37.59
1720,86.0,3,yawning,yawning,0.99828,0.001332,0.000181,0.0,0.99828,0.000208,0.044246,0.950583,0.0,0.203978,0.198402,0.19746,0.0,0.0,0.0,True,True,True,0.0,False,False,46.475
1721,86.05,3,yawning,yawning,0.998261,0.001351,0.000181,0.0,0.998261,0.000207,0.04348,0.950486,0.0,0.203935,0.198344,0.197328,0.0,0.0,0.0,True,True,True,0.0,False,False,37.718
1722,86.1,3,yawning,yawning,0.998254,0.001364,0.000179,0.0,0.998254,0.000203,0.044294,0.95044,0.0,0.20392,0.198079,0.196997,0.0,0.0,0.0,True,True,True,0.0,False,False,37.641
1723,86.15,3,yawning,yawning,0.998258,0.001361,0.000178,0.0,0.998258,0.000203,0.045541,0.950257,0.0,0.203904,0.198357,0.196361,0.0,0.0,0.0,True,True,True,0.0,False,False,37.383
1724,86.2,3,yawning,yawning,0.998224,0.001391,0.000179,0.0,0.998224,0.000205,0.046234,0.950613,0.0,0.203895,0.198371,0.195979,0.0,0.0,0.0,True,True,True,0.0,False,False,37.347
1725,86.25,3,yawning,yawning,0.998175,0.001435,0.000181,0.0,0.998175,0.000209,0.041962,0.950844,0.0,0.203875,0.198376,0.195617,0.0,0.0,0.0,True,True,True,0.0,False,False,46.304
1726,86.3,3,yawning,yawning,0.99812,0.001485,0.000183,0.0,0.99812,0.000212,0.043844,0.950199,0.0,0.203864,0.198376,0.195486,0.0,0.0,0.0,True,True,True,0.0,False,False,37.626
1727,86.35,3,yawning,yawning,0.998085,0.001521,0.000181,0.0,0.998085,0.000213,0.052321,0.947662,0.0,0.203895,0.198126,0.195183,0.0,0.0,0.0,True,True,True,0.0,False,False,37.311
1728,86.4,3,yawning,yawning,0.99808,0.001527,0.000179,0.0,0.99808,0.000214,0.049337,0.948271,0.0,0.203887,0.197017,0.194994,0.0,0.0,0.0,True,True,True,0.0,False,False,37.265
1729,86.45,3,yawning,yawning,0.998138,0.001474,0.000176,0.0,0.998138,0.000212,0.050792,0.948768,0.0,0.202471,0.196316,0.19465,0.0,0.0,0.0,True,True,True,0.0,False,False,37.485
1730,86.5,3,yawning,yawning,0.998167,0.00145,0.000174,0.0,0.998167,0.000209,0.060637,0.946911,0.0,0.200397,0.195734,0.194272,0.0,0.0,0.0,True,True,True,0.0,False,False,46.165
1731,86.55,3,yawning,yawning,0.998186,0.001432,0.000174,0.0,0.998186,0.000208,0.065014,0.946786,0.0,0.198322,0.195428,0.194161,0.0,0.0,0.0,True,True,True,0.0,False,False,37.322
1732,86.6,3,yawning,yawning,0.998158,0.001455,0.000177,0.0,0.998158,0.00021,0.052463,0.949008,0.0,0.196199,0.195182,0.1938,0.0,0.0,0.0,True,True,True,0.0,False,False,37.21
1733,86.65,3,yawning,yawning,0.99816,0.001457,0.000176,0.0,0.99816,0.000207,0.051748,0.948837,0.0,0.194309,0.195367,0.193371,0.0,0.0,0.0,True,True,True,0.0,False,False,37.354
1734,86.7,3,yawning,yawning,0.998129,0.001486,0.000177,0.0,0.998129,0.000207,0.047771,0.949732,0.0,0.192869,0.195382,0.193279,0.0,0.0,0.0,True,True,True,0.0,False,False,37.082
1735,86.75,3,yawning,yawning,0.998091,0.00152,0.000179,0.0,0.998091,0.000209,0.045393,0.950891,0.0,0.192139,0.195397,0.19324,0.0,0.0,0.0,True,True,True,0.0,False,False,46.484
1736,86.8,3,yawning,yawning,0.998084,0.00153,0.000178,0.0,0.998084,0.000208,0.045817,0.951103,0.0,0.191926,0.195411,0.193113,0.0,0.0,0.0,True,True,True,0.0,False,False,37.36
1737,86.85,3,yawning,yawning,0.998064,0.001552,0.000178,0.0,0.998064,0.000207,0.045905,0.950809,0.0,0.191898,0.195154,0.193102,0.0,0.0,0.0,True,True,True,0.0,False,False,37.204
1738,86.9,3,yawning,yawning,0.998049,0.001569,0.000176,0.0,0.998049,0.000206,0.045977,0.951194,0.0,0.19189,0.194698,0.193226,0.0,0.0,0.0,True,True,True,0.0,False,False,38.128
1739,86.95,3,yawning,yawning,0.998068,0.001554,0.000174,0.0,0.998068,0.000204,0.047312,0.951022,0.0,0.189971,0.193977,0.193228,0.0,0.0,0.0,True,True,True,0.0,False,False,37.987
1740,87.0,3,yawning,yawning,0.998116,0.001511,0.000172,0.0,0.998116,0.000201,0.05249,0.949523,0.0,0.187782,0.193352,0.193233,0.0,0.0,0.0,True,True,True,0.0,False,False,47.143
1741,87.05,3,yawning,yawning,0.998156,0.001474,0.000171,0.0,0.998156,0.000199,0.1351,0.933642,0.0,0.185943,0.193119,0.193183,0.0,0.0,0.0,True,True,True,0.0,False,False,38.536
1742,87.1,3,yawning,yawning,0.998291,0.001337,0.00017,0.0,0.998291,0.000202,0.475351,0.854666,0.0,0.185793,0.193556,0.193526,0.0,0.0,0.0,True,True,True,0.0,False,False,38.045
1743,87.15,3,yawning,yawning,0.998383,0.00124,0.000172,0.0,0.998383,0.000206,0.515625,0.826836,0.0,0.186013,0.194417,0.194007,0.0,0.0,0.0,True,True,True,0.161011,False,False,37.517
1744,87.2,3,yawning,yawning,0.998415,0.001208,0.000175,0.0,0.998415,0.000203,0.500111,0.864821,0.0,0.186852,0.195159,0.194373,0.0,0.0,0.0,True,True,True,0.161011,False,False,38.55
1745,87.25,3,yawning,yawning,0.998428,0.001197,0.000176,0.0,0.998428,0.000199,0.459283,0.892382,0.0,0.188398,0.195858,0.194715,0.0,0.0,0.0,True,True,True,0.262405,False,False,46.906
1746,87.3,3,yawning,yawning,0.998412,0.001214,0.000178,0.0,0.998412,0.000196,0.381291,0.91061,0.0,0.190016,0.19644,0.194869,0.0,0.0,0.0,True,True,True,0.0,False,False,38.563
1747,87.35,3,yawning,yawning,0.998379,0.001248,0.000179,0.0,0.998379,0.000194,0.234286,0.928994,0.0,0.191005,0.196503,0.195028,0.0,0.0,0.0,True,True,True,0.193512,False,False,37.812
1748,87.4,3,yawning,yawning,0.998337,0.001291,0.000179,0.0,0.998337,0.000194,0.107088,0.94293,0.0,0.191366,0.196893,0.195207,0.0,0.0,0.0,True,True,True,0.11203,False,False,37.476
1749,87.45,3,yawning,yawning,0.998304,0.001324,0.000178,0.0,0.998304,0.000194,0.055983,0.951226,0.0,0.191464,0.196922,0.195213,0.0,0.0,0.0,True,True,True,0.071289,False,False,37.485
1750,87.5,3,yawning,yawning,0.998286,0.001343,0.000177,0.0,0.998286,0.000194,0.046493,0.952729,0.0,0.191503,0.196623,0.195214,0.0,0.0,0.0,True,True,True,0.0,False,False,46.344
1751,87.55,3,yawning,yawning,0.998303,0.001325,0.000176,0.0,0.998303,0.000196,0.236779,0.92358,0.0,0.192495,0.196243,0.195248,0.0,0.0,0.0,True,True,True,0.0,False,False,37.323
1752,87.6,3,yawning,yawning,0.998311,0.001292,0.000185,0.0,0.998311,0.000212,0.497508,0.837904,0.0,0.192708,0.196699,0.195604,0.0,0.0,0.0,True,True,True,0.0,False,False,37.39
1753,87.65,3,yawning,yawning,0.998342,0.001242,0.000192,0.0,0.998342,0.000224,0.548878,0.821612,0.0,0.192869,0.196195,0.196128,0.0,0.0,0.0,True,True,True,0.0,False,False,37.601
1754,87.7,3,yawning,yawning,0.998385,0.00121,0.00019,0.0,0.998385,0.000215,0.511983,0.85637,0.0,0.192982,0.196232,0.196504,0.0,0.0,0.0,True,True,True,0.0,False,False,37.443
1755,87.75,3,yawning,yawning,0.998396,0.001206,0.000189,0.0,0.998396,0.000209,0.47776,0.886145,0.0,0.193281,0.196395,0.19686,0.0,0.0,0.0,True,True,True,0.0,False,False,47.123
1756,87.8,3,yawning,yawning,0.998375,0.001232,0.000188,0.0,0.998375,0.000204,0.379992,0.913097,0.0,0.19393,0.196712,0.197011,0.0,0.0,0.0,True,True,True,0.0,False,False,37.806
1757,87.85,3,yawning,yawning,0.998341,0.001269,0.000188,0.0,0.998341,0.000202,0.204378,0.931886,0.0,0.194486,0.196725,0.197147,0.0,0.0,0.0,True,True,True,0.0,False,False,38.124
1758,87.9,3,yawning,yawning,0.998303,0.00131,0.000186,0.0,0.998303,0.000201,0.080254,0.94621,0.0,0.194669,0.196318,0.197311,0.0,0.0,0.0,True,True,True,0.0,False,False,37.764
1759,87.95,3,yawning,yawning,0.998258,0.001358,0.000184,0.0,0.998258,0.0002,0.044416,0.95238,0.0,0.194694,0.195555,0.197303,0.0,0.0,0.0,True,True,True,0.0,False,False,38.075
1760,88.0,3,yawning,yawning,0.998211,0.001406,0.000182,0.0,0.998211,0.000201,0.03911,0.953499,0.0,0.194705,0.194773,0.197293,0.0,0.0,0.0,True,True,True,0.0,False,False,46.592
1761,88.05,3,yawning,yawning,0.998161,0.001454,0.000181,0.0,0.998161,0.000204,0.039003,0.952908,0.0,0.194711,0.193995,0.197156,0.0,0.0,0.0,True,True,True,0.0,False,False,37.673
1762,88.1,3,yawning,yawning,0.998097,0.00151,0.000182,0.0,0.998097,0.000211,0.03853,0.953022,0.0,0.192785,0.193727,0.197144,0.0,0.0,0.0,True,True,True,0.0,False,False,37.73
1763,88.15,3,yawning,yawning,0.998037,0.001564,0.000183,0.0,0.998037,0.000217,0.043205,0.951304,0.0,0.190575,0.192644,0.197242,0.0,0.0,0.0,True,True,True,0.0,False,False,37.452
1764,88.2,3,yawning,yawning,0.998164,0.00144,0.000178,0.0,0.998164,0.000218,0.43344,0.87232,0.0,0.19041,0.192893,0.197552,0.0,0.0,0.0,True,True,True,0.0,False,False,37.536
1765,88.25,3,yawning,yawning,0.998313,0.001294,0.000174,0.0,0.998313,0.000218,0.518098,0.80757,0.0,0.191054,0.193374,0.197912,0.0,0.0,0.0,True,True,True,0.0,False,False,46.285
1766,88.3,3,yawning,yawning,0.998374,0.001233,0.000177,0.0,0.998374,0.000216,0.502218,0.858183,0.0,0.192592,0.193411,0.198149,0.0,0.0,0.0,True,True,True,0.131599,False,False,37.534
1767,88.35,3,yawning,yawning,0.998359,0.001251,0.00018,0.0,0.998359,0.00021,0.443488,0.898348,0.0,0.194447,0.193818,0.198478,0.0,0.0,0.0,True,True,True,0.131599,False,False,37.249
1768,88.4,3,yawning,yawning,0.998297,0.001307,0.000186,0.0,0.998297,0.00021,0.309487,0.924099,0.0,0.195802,0.193002,0.198834,0.0,0.0,0.0,True,True,True,0.028145,False,False,37.445
1769,88.45,3,yawning,yawning,0.998232,0.001367,0.000189,0.0,0.998232,0.000212,0.132271,0.9433,0.0,0.196286,0.192497,0.198908,0.0,0.0,0.0,True,True,True,0.028145,False,False,38.036
1770,88.5,3,yawning,yawning,0.998145,0.001447,0.000191,0.0,0.998145,0.000217,0.056527,0.953072,0.0,0.196388,0.192057,0.198917,0.0,0.0,0.0,True,True,True,0.0,False,False,46.512
1771,88.55,3,yawning,yawning,0.998083,0.001506,0.000191,0.0,0.998083,0.00022,0.04134,0.955798,0.0,0.196408,0.191866,0.198781,0.0,0.0,0.0,True,True,True,0.0,False,False,37.525
1772,88.6,3,yawning,yawning,0.998043,0.001543,0.00019,0.0,0.998043,0.000225,0.03782,0.955508,0.0,0.196406,0.1916,0.198772,0.0,0.0,0.0,True,True,True,0.0,False,False,37.528
1773,88.65,3,yawning,yawning,0.998001,0.00158,0.00019,0.0,0.998001,0.000228,0.03752,0.954571,0.0,0.196382,0.191745,0.198816,0.0,0.0,0.0,True,True,True,0.0,False,False,37.486
1774,88.7,3,yawning,yawning,0.998028,0.001553,0.000189,0.0,0.998028,0.000229,0.074362,0.945044,0.0,0.196546,0.191793,0.198495,0.0,0.0,0.0,True,True,True,0.0,False,False,37.84
1775,88.75,3,yawning,yawning,0.998135,0.001438,0.000189,0.0,0.998135,0.000237,0.459472,0.858357,0.0,0.197641,0.192452,0.19846,0.0,0.0,0.0,True,True,True,0.0,False,False,46.401
1776,88.8,3,yawning,yawning,0.998191,0.001378,0.000193,0.0,0.998191,0.000238,0.498822,0.845911,0.0,0.197682,0.193164,0.19869,0.0,0.0,0.0,True,True,True,0.0,False,False,37.469
1777,88.85,3,yawning,yawning,0.998228,0.001354,0.000191,0.0,0.998228,0.000227,0.4264,0.898317,0.0,0.197269,0.193543,0.198639,0.0,0.0,0.0,True,True,True,0.0,False,False,37.612
1778,88.9,3,yawning,yawning,0.99822,0.001365,0.000191,0.0,0.99822,0.000224,0.269163,0.925086,0.0,0.196202,0.194159,0.198334,0.0,0.0,0.0,True,True,True,0.0,False,False,37.328
1779,88.95,3,yawning,yawning,0.998191,0.001392,0.000192,0.0,0.998191,0.000225,0.112677,0.943909,0.0,0.194582,0.194255,0.19823,0.0,0.0,0.0,True,True,True,0.0,False,False,37.59
1780,89.0,3,yawning,yawning,0.998154,0.001417,0.000196,0.0,0.998154,0.000233,0.052376,0.952709,0.0,0.193366,0.194254,0.198182,0.0,0.0,0.0,True,True,True,0.0,False,False,46.365
1781,89.05,3,yawning,yawning,0.998094,0.001467,0.000199,0.0,0.998094,0.000239,0.041825,0.955165,0.0,0.192931,0.194243,0.198047,0.0,0.0,0.0,True,True,True,0.0,False,False,37.528
1782,89.1,3,yawning,yawning,0.998046,0.001508,0.000203,0.0,0.998046,0.000244,0.038053,0.954891,0.0,0.190902,0.193973,0.198031,0.0,0.0,0.0,True,True,True,0.0,False,False,37.645
1783,89.15,3,yawning,yawning,0.998053,0.001502,0.000201,0.0,0.998053,0.000243,0.036533,0.953757,0.0,0.188573,0.194208,0.197986,0.0,0.0,0.0,True,True,True,0.0,False,False,38.532
1784,89.2,3,yawning,yawning,0.998036,0.001514,0.000202,0.0,0.998036,0.000249,0.037613,0.953127,0.0,0.186055,0.194195,0.197621,0.0,0.0,0.0,True,True,True,0.0,False,False,38.004
1785,89.25,3,yawning,yawning,0.997616,0.001865,0.000229,0.0,0.997616,0.00029,0.041445,0.952374,0.0,0.183603,0.19418,0.197227,0.0,0.0,0.0,True,True,True,0.044052,False,False,46.909
1786,89.3,3,yawning,yawning,0.996993,0.002421,0.000251,0.0,0.996993,0.000335,0.040066,0.952597,0.0,0.181332,0.194166,0.197091,0.0,0.0,0.0,True,True,True,0.119812,False,False,38.07
1787,89.35,3,yawning,yawning,0.997485,0.001984,0.000226,0.0,0.997485,0.000305,0.221426,0.927733,0.0,0.180217,0.194211,0.196869,0.0,0.0,0.0,True,True,True,0.0,False,False,37.497
1788,89.4,3,yawning,yawning,0.997809,0.001653,0.000226,0.0,0.997809,0.000312,0.490469,0.84312,0.0,0.180845,0.195172,0.196721,0.0,0.0,0.0,True,True,True,0.0,False,False,37.495
1789,89.45,3,yawning,yawning,0.997997,0.001462,0.000228,0.0,0.997997,0.000313,0.539692,0.808775,0.0,0.182413,0.195936,0.19697,0.0,0.0,0.0,True,True,True,0.0,False,False,37.577
1790,89.5,3,yawning,yawning,0.998092,0.001389,0.000228,0.0,0.998092,0.000291,0.539538,0.846788,0.0,0.182732,0.196725,0.197334,0.0,0.0,0.0,True,True,True,0.0,False,False,46.478
1791,89.55,3,yawning,yawning,0.998179,0.001338,0.000221,0.0,0.998179,0.000262,0.476659,0.892481,0.0,0.182539,0.197439,0.19756,0.0,0.0,0.0,True,True,True,0.677067,False,False,37.742
1792,89.6,3,yawning,yawning,0.998218,0.001319,0.000216,0.0,0.998218,0.000247,0.370016,0.91664,0.0,0.181576,0.197726,0.197835,0.0,0.0,0.0,True,True,True,0.804555,False,False,37.496
1793,89.65,3,yawning,yawning,0.998237,0.001315,0.00021,0.0,0.998237,0.000238,0.189255,0.936653,0.0,0.180038,0.198233,0.198102,0.0,0.0,0.0,True,True,True,0.0,False,False,37.485
1794,89.7,3,yawning,yawning,0.99826,0.001304,0.000205,0.0,0.99826,0.000231,0.084884,0.948515,0.0,0.178212,0.198307,0.198143,0.0,0.0,0.0,True,True,True,0.0,False,False,37.849
1795,89.75,3,yawning,yawning,0.998297,0.001255,0.000207,0.0,0.998297,0.000241,0.455051,0.858651,0.0,0.178692,0.198972,0.198476,0.0,0.0,0.0,True,True,True,0.0,False,False,46.732
1796,89.8,3,yawning,yawning,0.998315,0.001219,0.000213,0.0,0.998315,0.000252,0.536055,0.813304,0.0,0.180311,0.19972,0.198725,0.0,0.0,0.0,True,True,True,0.0,False,False,37.684
1797,89.85,3,yawning,yawning,0.99837,0.001175,0.000209,0.0,0.99837,0.000245,0.535268,0.831112,0.0,0.182355,0.200225,0.198792,0.0,0.0,0.0,True,True,True,0.0,False,False,37.55
1798,89.9,3,yawning,yawning,0.998398,0.001154,0.000208,0.0,0.998398,0.00024,0.538151,0.820369,0.0,0.184575,0.20124,0.198577,0.0,0.0,0.0,True,True,True,0.0,False,False,37.27
1799,89.95,3,yawning,yawning,0.998399,0.001162,0.000205,0.0,0.998399,0.000234,0.485557,0.87969,0.0,0.186726,0.201939,0.19861,0.0,0.0,0.0,True,True,True,0.0,False,False,37.617
