frame_id,timestamp,state_id,state,predicted_driver_state,confidence,p_alert,p_drowsy,p_microsleep,p_yawning,p_distraction,closed_probability,ocular_reliability,closure_duration_seconds,perclos_10s,perclos_30s,perclos_60s,slow_perclos_10s,slow_perclos_30s,slow_perclos_60s,perclos_10s_reliable,perclos_30s_reliable,perclos_60s_reliable,nod_probability,microsleep_active,drowsy_episode_active,latency_ms
0,0.0,4,distraction,distracted,0.484583,0.214851,0.152326,0.0,0.148239,0.484583,0.27121,0.742323,0.0,0.27121,0.27121,0.27121,0.0,0.0,0.0,False,False,False,0.0,False,False,46.483
1,0.05,4,distraction,distracted,0.80225,0.122392,0.03695,0.0,0.038407,0.80225,0.136855,0.874729,0.0,0.198532,0.198532,0.198532,0.0,0.0,0.0,False,False,False,0.0,False,False,36.374
2,0.1,4,distraction,distracted,0.933033,0.054481,0.006183,0.0,0.006303,0.933033,0.21101,0.901958,0.0,0.203,0.203,0.203,0.0,0.0,0.0,False,False,False,0.0,False,False,36.657
3,0.15,4,distraction,distracted,0.956709,0.039993,0.001645,0.0,0.001653,0.956709,0.142673,0.929624,0.0,0.186738,0.186738,0.186738,0.0,0.0,0.0,False,False,False,0.0,False,False,36.99
4,0.2,4,distraction,distracted,0.961319,0.037253,0.000715,0.0,0.000714,0.961319,0.081116,0.943306,0.0,0.164052,0.164052,0.164052,0.0,0.0,0.0,False,False,False,0.0,False,False,36.432
5,0.25,4,distraction,distracted,0.961576,0.037533,0.00045,0.0,0.000441,0.961576,0.059332,0.947529,0.0,0.145469,0.145469,0.145469,0.0,0.0,0.0,False,False,False,0.0,False,False,46.111
6,0.3,4,distraction,distracted,0.947359,0.051857,0.000404,0.0,0.00038,0.947359,0.05995,0.946301,0.0,0.132594,0.132594,0.132594,0.0,0.0,0.0,False,False,False,0.0,False,False,37.032
7,0.35,4,distraction,distracted,0.943252,0.056051,0.000368,0.0,0.000328,0.943252,0.059169,0.947119,0.0,0.12298,0.12298,0.12298,0.0,0.0,0.0,False,False,False,0.0,False,False,36.634
8,0.4,4,distraction,distracted,0.954888,0.044511,0.000325,0.0,0.000276,0.954888,0.058512,0.947898,0.0,0.11551,0.11551,0.11551,0.0,0.0,0.0,False,False,False,0.0,False,False,36.87
9,0.45,4,distraction,distracted,0.949256,0.050126,0.00034,0.0,0.000278,0.949256,0.0605,0.947057,0.0,0.109802,0.109802,0.109802,0.0,0.0,0.0,False,False,False,0.0,False,False,36.94
10,0.5,4,distraction,distracted,0.937912,0.061444,0.000356,0.0,0.000287,0.937912,0.052451,0.949021,0.0,0.104401,0.104401,0.104401,0.0,0.0,0.0,False,False,False,0.0,False,False,45.952
11,0.55,4,distraction,distracted,0.934372,0.064981,0.000357,0.0,0.00029,0.934372,0.05267,0.947721,0.0,0.099954,0.099954,0.099954,0.0,0.0,0.0,False,False,False,0.0,False,False,37.16
12,0.6,4,distraction,distracted,0.925111,0.074244,0.000354,0.0,0.000291,0.925111,0.04969,0.949826,0.0,0.095967,0.095967,0.095967,0.0,0.0,0.0,False,False,False,0.0,False,False,36.944
13,0.65,4,distraction,distracted,0.905025,0.094301,0.000365,0.0,0.000309,0.905025,0.046427,0.95071,0.0,0.092323,0.092323,0.092323,0.0,0.0,0.0,False,False,False,0.0,False,False,37.152
14,0.7,4,distraction,distracted,0.909905,0.089448,0.000347,0.0,0.0003,0.909905,0.053034,0.947386,0.0,0.08964,0.08964,0.08964,0.0,0.0,0.0,False,False,False,0.0,False,False,37.099
15,0.75,4,distraction,distracted,0.910336,0.089001,0.000353,0.0,0.00031,0.910336,0.071437,0.94105,0.0,0.088484,0.088484,0.088484,0.0,0.0,0.0,False,False,False,0.0,False,False,45.523
16,0.8,4,distraction,distracted,0.937784,0.061608,0.000335,0.0,0.000273,0.937784,0.377989,0.884727,0.0,0.1048,0.1048,0.1048,0.0,0.0,0.0,False,False,False,0.203125,False,False,36.622
17,0.85,4,distraction,distracted,0.940396,0.058967,0.000362,0.0,0.000275,0.940396,0.445154,0.887835,0.0,0.123018,0.123018,0.123018,0.0,0.0,0.0,False,False,False,0.0,False,False,36.676
18,0.9,4,distraction,distracted,0.962396,0.037033,0.000334,0.0,0.000236,0.962396,0.522453,0.86282,0.0,0.14277,0.14277,0.14277,0.0,0.0,0.0,False,False,False,0.215027,False,False,36.964
19,0.95,4,distraction,distracted,0.961196,0.03818,0.000379,0.0,0.000245,0.961196,0.504955,0.885035,0.0,0.160253,0.160253,0.160253,0.0,0.0,0.0,False,False,False,0.0,False,False,36.659
20,1.0,4,distraction,distracted,0.931182,0.068001,0.000512,0.0,0.000305,0.931182,0.441019,0.900347,0.0,0.173396,0.173396,0.173396,0.0,0.0,0.0,False,False,False,0.0,False,False,46.563
21,1.05,4,distraction,distracted,0.862403,0.13657,0.000629,0.0,0.000397,0.862403,0.300415,0.917531,0.0,0.179179,0.179179,0.179179,0.0,0.0,0.0,False,False,False,0.0,False,False,37.49
22,1.1,4,distraction,distracted,0.729296,0.269415,0.000759,0.0,0.000531,0.729296,0.145191,0.9335,0.0,0.177674,0.177674,0.177674,0.0,0.0,0.0,False,False,False,0.0,False,False,37.221
23,1.15,4,distraction,distracted,0.56675,0.431741,0.000834,0.0,0.000675,0.56675,0.084559,0.942554,0.0,0.17369,0.17369,0.17369,0.0,0.0,0.0,False,False,False,0.0,False,False,37.463
24,1.2,0,alert,alert,0.669692,0.669692,0.000682,0.0,0.000769,0.328857,0.056674,0.948003,0.0,0.168862,0.168862,0.168862,0.0,0.0,0.0,False,False,False,0.0,False,False,37.266
25,1.25,0,alert,alert,0.826437,0.826437,0.000487,0.0,0.000753,0.172324,0.080058,0.939065,0.0,0.165375,0.165375,0.165375,0.0,0.0,0.0,False,False,False,0.0,False,False,45.877
26,1.3,0,alert,alert,0.881402,0.881402,0.000383,0.0,0.000751,0.117464,0.054656,0.947766,0.0,0.161154,0.161154,0.161154,0.0,0.0,0.0,False,False,False,0.0,False,False,38.181
27,1.35,0,alert,alert,0.903355,0.903355,0.000349,0.0,0.000816,0.09548,0.04645,0.949931,0.0,0.156933,0.156933,0.156933,0.0,0.0,0.0,False,False,False,0.0,False,False,37.396
28,1.4,0,alert,alert,0.90262,0.90262,0.00033,0.0,0.000837,0.096213,0.043357,0.950077,0.0,0.152901,0.152901,0.152901,0.0,0.0,0.0,False,False,False,0.0,False,False,36.902
29,1.45,0,alert,alert,0.905822,0.905822,0.00031,0.0,0.000842,0.093026,0.041193,0.949809,0.0,0.149072,0.149072,0.149072,0.0,0.0,0.0,False,False,False,0.0,False,False,37.334
30,1.5,0,alert,alert,0.918757,0.918757,0.000283,0.0,0.000811,0.080148,0.04423,0.948377,0.0,0.145603,0.145603,0.145603,0.0,0.0,0.0,False,False,False,0.0,False,False,46.634
31,1.55,0,alert,alert,0.917484,0.917484,0.000293,0.0,0.000853,0.081369,0.04334,0.948811,0.0,0.142326,0.142326,0.142326,0.0,0.0,0.0,False,False,False,0.0,False,False,37.201
32,1.6,0,alert,alert,0.90335,0.90335,0.000324,0.0,0.000905,0.095421,0.041432,0.949036,0.0,0.139193,0.139193,0.139193,0.0,0.0,0.0,False,False,False,0.0,False,False,36.969
33,1.65,0,alert,alert,0.868026,0.868026,0.000369,0.0,0.00098,0.130625,0.043025,0.9493,0.0,0.136296,0.136296,0.136296,0.0,0.0,0.0,False,False,False,0.0,False,False,36.648
34,1.7,0,alert,alert,0.89938,0.89938,0.000324,0.0,0.000989,0.099307,0.044768,0.948125,0.0,0.133622,0.133622,0.133622,0.0,0.0,0.0,False,False,False,0.0,False,False,37.014
35,1.75,0,alert,alert,0.920889,0.920889,0.000297,0.0,0.00094,0.077874,0.04709,0.947328,0.0,0.131168,0.131168,0.131168,0.0,0.0,0.0,False,False,False,0.0,False,False,45.744
36,1.8,0,alert,alert,0.905084,0.905084,0.000388,0.0,0.001021,0.093507,0.430352,0.865248,0.0,0.138722,0.138722,0.138722,0.0,0.0,0.0,False,False,False,0.0,False,False,36.988
37,1.85,0,alert,alert,0.874102,0.874102,0.000593,0.0,0.00111,0.124195,0.508703,0.83526,0.0,0.147525,0.147525,0.147525,0.0,0.0,0.0,False,False,False,0.0,False,False,36.878
38,1.9,0,alert,alert,0.904512,0.904512,0.000571,0.0,0.00103,0.093888,0.457824,0.884017,0.0,0.155147,0.155147,0.155147,0.0,0.0,0.0,False,False,False,0.0,False,False,36.893
39,1.95,0,alert,alert,0.888119,0.888119,0.000644,0.0,0.001086,0.110151,0.342388,0.909895,0.0,0.159765,0.159765,0.159765,0.0,0.0,0.0,False,False,False,0.0,False,False,36.956
40,2.0,0,alert,alert,0.858704,0.858704,0.000718,0.0,0.001117,0.139461,0.206851,0.92382,0.0,0.160915,0.160915,0.160915,0.0,0.0,0.0,False,False,False,0.0,False,False,46.125
41,2.05,0,alert,alert,0.77688,0.77688,0.000888,0.0,0.00117,0.221063,0.099894,0.935837,0.0,0.159441,0.159441,0.159441,0.0,0.0,0.0,False,False,False,0.0,False,False,36.903
42,2.1,0,alert,alert,0.79495,0.79495,0.000754,0.0,0.001097,0.2032,0.055343,0.945296,0.0,0.156963,0.156963,0.156963,0.0,0.0,0.0,False,False,False,0.0,False,False,36.844
43,2.15,0,alert,alert,0.808065,0.808065,0.000671,0.0,0.001026,0.190238,0.043073,0.949268,0.0,0.154303,0.154303,0.154303,0.0,0.0,0.0,False,False,False,0.0,False,False,36.968
44,2.2,0,alert,alert,0.773432,0.773432,0.000647,0.0,0.000985,0.224936,0.042412,0.949694,0.0,0.151749,0.151749,0.151749,0.0,0.0,0.0,False,False,False,0.0,False,False,36.889
45,2.25,0,alert,alert,0.716897,0.716897,0.000624,0.0,0.000937,0.281542,0.043063,0.948762,0.0,0.149326,0.149326,0.149326,0.0,0.0,0.0,False,False,False,0.0,False,False,45.598
46,2.3,0,alert,alert,0.672213,0.672213,0.000574,0.0,0.000892,0.326321,0.042509,0.949085,0.0,0.146995,0.146995,0.146995,0.0,0.0,0.0,False,False,False,0.0,False,False,37.13
47,2.35,0,alert,alert,0.568183,0.568183,0.000533,0.0,0.000801,0.430482,0.044086,0.947508,0.0,0.144801,0.144801,0.144801,0.0,0.0,0.0,False,False,False,0.0,False,False,37.199
48,2.4,0,alert,alert,0.644424,0.644424,0.000444,0.0,0.00076,0.354372,0.043443,0.948103,0.0,0.142684,0.142684,0.142684,0.0,0.0,0.0,False,False,False,1.0,False,False,36.819
49,2.45,0,alert,alert,0.663136,0.663136,0.000428,0.0,0.000741,0.335694,0.044738,0.948035,0.0,0.140681,0.140681,0.140681,0.0,0.0,0.0,False,False,False,1.0,False,False,36.919
50,2.5,0,alert,alert,0.764352,0.764352,0.000397,0.0,0.000727,0.234525,0.042129,0.948259,0.0,0.138705,0.138705,0.138705,0.0,0.0,0.0,False,False,False,1.0,False,False,46.075
51,2.55,0,alert,alert,0.795892,0.795892,0.000373,0.0,0.000719,0.203016,0.043012,0.948237,0.0,0.136824,0.136824,0.136824,0.0,0.0,0.0,False,False,False,1.0,False,False,37.43
52,2.6,0,alert,alert,0.807407,0.807407,0.000363,0.0,0.000738,0.191492,0.04043,0.949896,0.0,0.134962,0.134962,0.134962,0.0,0.0,0.0,False,False,False,1.0,False,False,37.196
53,2.65,0,alert,alert,0.811994,0.811994,0.000358,0.0,0.000745,0.186903,0.039529,0.95018,0.0,0.133154,0.133154,0.133154,0.0,0.0,0.0,False,False,False,1.0,False,False,36.884
54,2.7,0,alert,alert,0.811952,0.811952,0.000359,0.0,0.000745,0.186944,0.039365,0.94961,0.0,0.13141,0.13141,0.13141,0.0,0.0,0.0,False,False,False,1.0,False,False,37.272
55,2.75,0,alert,alert,0.836659,0.836659,0.000347,0.0,0.00072,0.162274,0.041124,0.948667,0.0,0.129765,0.129765,0.129765,0.0,0.0,0.0,False,False,False,1.0,False,False,45.76
56,2.8,0,alert,alert,0.844465,0.844465,0.00035,0.0,0.000716,0.154468,0.044314,0.94755,0.0,0.128236,0.128236,0.128236,0.0,0.0,0.0,False,False,False,1.0,False,False,37.025
57,2.85,0,alert,alert,0.854482,0.854482,0.000354,0.0,0.000727,0.144438,0.04523,0.947416,0.0,0.126778,0.126778,0.126778,0.0,0.0,0.0,False,False,False,1.0,False,False,36.675
58,2.9,0,alert,alert,0.84204,0.84204,0.000383,0.0,0.00075,0.156826,0.043952,0.947563,0.0,0.125348,0.125348,0.125348,0.0,0.0,0.0,False,False,False,0.0,False,False,37.006
59,2.95,0,alert,alert,0.882288,0.882288,0.000352,0.0,0.000735,0.116625,0.045718,0.946455,0.0,0.123998,0.123998,0.123998,0.0,0.0,0.0,False,False,False,0.0,False,False,36.874
60,3.0,0,alert,alert,0.904402,0.904402,0.000333,0.0,0.000741,0.094524,0.044925,0.947508,0.0,0.122679,0.122679,0.122679,0.0,0.0,0.0,False,False,False,0.0,False,False,45.903
61,3.05,0,alert,alert,0.919174,0.919174,0.000326,0.0,0.000747,0.079753,0.047581,0.945365,0.0,0.121449,0.121449,0.121449,0.0,0.0,0.0,False,False,False,0.0,False,False,37.09
62,3.1,0,alert,alert,0.923479,0.923479,0.000333,0.0,0.000782,0.075405,0.051302,0.943596,0.0,0.12032,0.12032,0.12032,0.0,0.0,0.0,False,False,False,0.0,False,False,36.959
63,3.15,0,alert,alert,0.920724,0.920724,0.000347,0.0,0.000819,0.078109,0.335369,0.887663,0.0,0.123526,0.123526,0.123526,0.0,0.0,0.0,False,False,False,0.0,False,False,36.631
64,3.2,0,alert,alert,0.921896,0.921896,0.000412,0.0,0.000852,0.07684,0.48013,0.841531,0.0,0.128495,0.128495,0.128495,0.0,0.0,0.0,False,False,False,0.0,False,False,36.941
65,3.25,0,alert,alert,0.918574,0.918574,0.000572,0.0,0.000933,0.079921,0.560212,0.824548,0.0,0.13431,0.13431,0.13431,0.0,0.0,0.0,False,False,False,0.0,False,False,45.534
66,3.3,0,alert,alert,0.916008,0.916008,0.000831,0.0,0.001033,0.082129,0.641801,0.829765,0.0,0.141096,0.141096,0.141096,0.0,0.0,0.0,False,False,False,1.0,False,False,36.858
67,3.35,0,alert,alert,0.89885,0.89885,0.001529,0.0,0.001299,0.098322,0.694696,0.826429,0.0,0.148373,0.148373,0.148373,0.0,0.0,0.0,False,False,False,1.0,False,False,36.873
68,3.4,0,alert,alert,0.889031,0.889031,0.002374,0.0,0.0016,0.106994,0.622671,0.848278,0.0,0.154687,0.154687,0.154687,0.0,0.0,0.0,False,False,False,1.0,False,False,36.807
69,3.45,0,alert,alert,0.863485,0.863485,0.003901,0.0,0.002162,0.130452,0.587602,0.872121,0.0,0.160532,0.160532,0.160532,0.0,0.0,0.0,False,False,False,1.0,False,False,37.07
70,3.5,0,alert,alert,0.890409,0.890409,0.003677,0.0,0.002325,0.103589,0.480099,0.897933,0.0,0.164914,0.164914,0.164914,0.0,0.0,0.0,False,False,False,1.0,False,False,45.944
71,3.55,0,alert,alert,0.916042,0.916042,0.002392,0.0,0.002106,0.079459,0.362594,0.919237,0.0,0.16765,0.16765,0.16765,0.0,0.0,0.0,False,False,False,1.0,False,False,37.225
72,3.6,0,alert,alert,0.922844,0.922844,0.001471,0.0,0.001697,0.073988,0.206035,0.937653,0.0,0.168184,0.168184,0.168184,0.0,0.0,0.0,False,False,False,1.0,False,False,36.94
73,3.65,0,alert,alert,0.918488,0.918488,0.001019,0.0,0.001402,0.079091,0.094161,0.948705,0.0,0.167156,0.167156,0.167156,0.0,0.0,0.0,False,False,False,0.599663,False,False,36.839
74,3.7,0,alert,alert,0.91572,0.91572,0.000723,0.0,0.001216,0.082341,0.05027,0.954198,0.0,0.165545,0.165545,0.165545,0.0,0.0,0.0,False,False,False,0.557663,False,False,36.832
75,3.75,0,alert,alert,0.914415,0.914415,0.00063,0.0,0.001198,0.083758,0.400028,0.884821,0.0,0.168504,0.168504,0.168504,0.0,0.0,0.0,False,False,False,0.0,False,False,45.578
76,3.8,0,alert,alert,0.920758,0.920758,0.000656,0.0,0.001181,0.077405,0.51542,0.834291,0.0,0.172582,0.172582,0.172582,0.0,0.0,0.0,False,False,False,0.0,False,False,36.911
77,3.85,0,alert,alert,0.931965,0.931965,0.000659,0.0,0.001154,0.066222,0.514032,0.838858,0.0,0.17657,0.17657,0.17657,0.0,0.0,0.0,False,False,False,0.0,False,False,36.859
78,3.9,0,alert,alert,0.940099,0.940099,0.000629,0.0,0.001135,0.058137,0.439254,0.892778,0.0,0.179796,0.179796,0.179796,0.0,0.0,0.0,False,False,False,0.0,False,False,37.155
79,3.95,0,alert,alert,0.949201,0.949201,0.000553,0.0,0.001126,0.04912,0.278106,0.92124,0.0,0.181026,0.181026,0.181026,0.0,0.0,0.0,False,False,False,0.0,False,False,37.236
80,4.0,0,alert,alert,0.963549,0.963549,0.000441,0.0,0.00114,0.03487,0.12083,0.938908,0.0,0.180268,0.180268,0.180268,0.0,0.0,0.0,False,False,False,0.0,False,False,45.986
81,4.05,0,alert,alert,0.937169,0.937169,0.000543,0.0,0.001229,0.061059,0.057365,0.948084,0.0,0.178725,0.178725,0.178725,0.0,0.0,0.0,False,False,False,0.0,False,False,37.125
82,4.1,0,alert,alert,0.949313,0.949313,0.000418,0.0,0.001139,0.04913,0.045608,0.950623,0.0,0.17707,0.17707,0.17707,0.0,0.0,0.0,False,False,False,0.0,False,False,36.91
83,4.15,0,alert,alert,0.959863,0.959863,0.000328,0.0,0.001089,0.038721,0.040929,0.949465,0.0,0.1754,0.1754,0.1754,0.0,0.0,0.0,False,False,False,0.0,False,False,36.99
84,4.2,0,alert,alert,0.953643,0.953643,0.000325,0.0,0.001045,0.044988,0.039862,0.948965,0.0,0.173759,0.173759,0.173759,0.0,0.0,0.0,False,False,False,0.0,False,False,36.844
85,4.25,0,alert,alert,0.966937,0.966937,0.000274,0.0,0.000941,0.031849,0.041234,0.949518,0.0,0.172172,0.172172,0.172172,0.0,0.0,0.0,False,False,False,0.0,False,False,45.877
86,4.3,0,alert,alert,0.973966,0.973966,0.000247,0.0,0.000878,0.024909,0.05568,0.94356,0.0,0.170803,0.170803,0.170803,0.0,0.0,0.0,False,False,False,0.0,False,False,37.19
87,4.35,0,alert,alert,0.978106,0.978106,0.000248,0.0,0.000926,0.02072,0.080625,0.935355,0.0,0.169764,0.169764,0.169764,0.0,0.0,0.0,False,False,False,0.0,False,False,37.153
88,4.4,0,alert,alert,0.975891,0.975891,0.00028,0.0,0.000927,0.022901,0.135929,0.922935,0.0,0.169383,0.169383,0.169383,0.0,0.0,0.0,False,False,False,0.0,False,False,37.078
89,4.45,0,alert,alert,0.979369,0.979369,0.000263,0.0,0.00093,0.019438,0.095294,0.937012,0.0,0.168547,0.168547,0.168547,0.0,0.0,0.0,False,False,False,0.0,False,False,37.118
90,4.5,0,alert,alert,0.982228,0.982228,0.000246,0.0,0.000947,0.016579,0.073499,0.943143,0.0,0.16748,0.16748,0.16748,0.0,0.0,0.0,False,False,False,0.0,False,False,46.234
91,4.55,0,alert,alert,0.982595,0.982595,0.000243,0.0,0.00094,0.016221,0.054673,0.947482,0.0,0.166222,0.166222,0.166222,0.0,0.0,0.0,False,False,False,0.0,False,False,37.388
92,4.6,0,alert,alert,0.979529,0.979529,0.000265,0.0,0.000941,0.019264,0.053008,0.948522,0.0,0.164972,0.164972,0.164972,0.0,0.0,0.0,False,False,False,0.0,False,False,37.721
93,4.65,0,alert,alert,0.974524,0.974524,0.000298,0.0,0.000955,0.024223,0.059501,0.945122,0.0,0.163824,0.163824,0.163824,0.0,0.0,0.0,False,False,False,0.683777,False,False,37.4
94,4.7,0,alert,alert,0.968881,0.968881,0.000314,0.0,0.001007,0.029798,0.053989,0.946522,0.0,0.162639,0.162639,0.162639,0.0,0.0,0.0,False,False,False,0.588104,False,False,37.405
95,4.75,0,alert,alert,0.96797,0.96797,0.000302,0.0,0.000993,0.030735,0.054677,0.945348,0.0,0.161489,0.161489,0.161489,0.0,0.0,0.0,False,False,False,0.0,False,False,45.795
96,4.8,0,alert,alert,0.972233,0.972233,0.000274,0.0,0.000935,0.026558,0.054402,0.945314,0.0,0.16036,0.16036,0.16036,0.0,0.0,0.0,False,False,False,0.0,False,False,37.146
97,4.85,0,alert,alert,0.978169,0.978169,0.000247,0.0,0.000924,0.02066,0.059891,0.941909,0.0,0.159316,0.159316,0.159316,0.0,0.0,0.0,False,False,False,0.0,False,False,36.953
98,4.9,0,alert,alert,0.974501,0.974501,0.000275,0.0,0.000953,0.024271,0.055313,0.943851,0.0,0.158243,0.158243,0.158243,0.0,0.0,0.0,False,False,False,0.0,False,False,37.197
99,4.95,0,alert,alert,0.972799,0.972799,0.000292,0.0,0.000939,0.02597,0.049076,0.946224,0.0,0.157127,0.157127,0.157127,0.0,0.0,0.0,False,False,False,0.0,False,False,36.806
100,5.0,0,alert,alert,0.974752,0.974752,0.000287,0.0,0.000913,0.024048,0.04752,0.946236,0.0,0.156017,0.156017,0.156017,0.0,0.0,0.0,False,False,False,0.0,False,False,45.724
101,5.05,0,alert,alert,0.972831,0.972831,0.000301,0.0,0.000903,0.025964,0.0459,0.946992,0.0,0.154912,0.154912,0.154912,0.0,0.0,0.0,False,False,False,0.0,False,False,37.179
102,5.1,0,alert,alert,0.971166,0.971166,0.000314,0.0,0.000899,0.02762,0.043681,0.947501,0.0,0.153807,0.153807,0.153807,0.0,0.0,0.0,False,False,False,0.0,False,False,37.042
103,5.15,0,alert,alert,0.97229,0.97229,0.000308,0.0,0.00088,0.026523,0.04243,0.94848,0.0,0.15271,0.15271,0.15271,0.0,0.0,0.0,False,False,False,0.0,False,False,37.4
104,5.2,0,alert,alert,0.968911,0.968911,0.00033,0.0,0.000905,0.029854,0.044992,0.947425,0.0,0.15166,0.15166,0.15166,0.0,0.0,0.0,False,False,False,0.0,False,False,36.978
105,5.25,0,alert,alert,0.963818,0.963818,0.000355,0.0,0.000926,0.034901,0.049134,0.945537,0.0,0.150673,0.150673,0.150673,0.0,0.0,0.0,False,False,False,0.0,False,False,45.932
106,5.3,0,alert,alert,0.964626,0.964626,0.000342,0.0,0.000919,0.034113,0.044454,0.947046,0.0,0.149658,0.149658,0.149658,0.0,0.0,0.0,False,False,False,0.217316,False,False,37.123
107,5.35,0,alert,alert,0.966512,0.966512,0.000316,0.0,0.000899,0.032272,0.046894,0.945983,0.0,0.148687,0.148687,0.148687,0.0,0.0,0.0,False,False,False,0.17749,False,False,37.168
108,5.4,0,alert,alert,0.975064,0.975064,0.000267,0.0,0.000902,0.023767,0.04528,0.946932,0.0,0.147717,0.147717,0.147717,0.0,0.0,0.0,False,False,False,0.112488,False,False,37.015
109,5.45,0,alert,alert,0.98021,0.98021,0.000237,0.0,0.000911,0.018642,0.043698,0.948013,0.0,0.14675,0.14675,0.14675,0.0,0.0,0.0,False,False,False,0.0,False,False,36.946
110,5.5,0,alert,alert,0.982728,0.982728,0.000227,0.0,0.000941,0.016104,0.044926,0.946604,0.0,0.145814,0.145814,0.145814,0.0,0.0,0.0,False,False,False,0.0,False,False,46.085
111,5.55,0,alert,alert,0.982022,0.982022,0.000234,0.0,0.000977,0.016767,0.043012,0.947665,0.0,0.144876,0.144876,0.144876,0.0,0.0,0.0,False,False,False,0.0,False,False,37.604
112,5.6,0,alert,alert,0.980037,0.980037,0.000249,0.0,0.001016,0.018698,0.043387,0.947559,0.0,0.143958,0.143958,0.143958,0.0,0.0,0.0,False,False,False,0.0,False,False,37.845
113,5.65,0,alert,alert,0.98115,0.98115,0.000241,0.0,0.001021,0.017588,0.040671,0.949153,0.0,0.143031,0.143031,0.143031,0.0,0.0,0.0,False,False,False,0.0,False,False,37.633
114,5.7,0,alert,alert,0.979271,0.979271,0.00025,0.0,0.001025,0.019453,0.038826,0.949564,0.0,0.142104,0.142104,0.142104,0.0,0.0,0.0,False,False,False,0.0,False,False,37.86
115,5.75,0,alert,alert,0.972887,0.972887,0.00028,0.0,0.001037,0.025797,0.040192,0.94813,0.0,0.141207,0.141207,0.141207,0.0,0.0,0.0,False,False,False,0.0,False,False,46.535
116,5.8,0,alert,alert,0.970937,0.970937,0.000279,0.0,0.001018,0.027767,0.039888,0.948945,0.0,0.140321,0.140321,0.140321,0.0,0.0,0.0,False,False,False,0.101501,False,False,37.252
117,5.85,0,alert,alert,0.971555,0.971555,0.000275,0.0,0.000981,0.027189,0.038227,0.949089,0.0,0.139437,0.139437,0.139437,0.0,0.0,0.0,False,False,False,0.0,False,False,37.235
118,5.9,0,alert,alert,0.975295,0.975295,0.000261,0.0,0.000945,0.023499,0.040286,0.94775,0.0,0.138587,0.138587,0.138587,0.0,0.0,0.0,False,False,False,0.0,False,False,37.538
119,5.95,0,alert,alert,0.97371,0.97371,0.000319,0.0,0.001013,0.024958,0.397005,0.879312,0.0,0.140627,0.140627,0.140627,0.0,0.0,0.0,False,False,False,0.0,False,False,37.748
120,6.0,0,alert,alert,0.972247,0.972247,0.000447,0.0,0.001142,0.026165,0.50417,0.8267,0.0,0.143305,0.143305,0.143305,0.0,0.0,0.0,False,False,False,0.0,False,False,46.566
121,6.05,0,alert,alert,0.979267,0.979267,0.000413,0.0,0.001176,0.019143,0.432295,0.889052,0.0,0.145577,0.145577,0.145577,0.0,0.0,0.0,False,False,False,0.0,False,False,37.793
122,6.1,0,alert,alert,0.981182,0.981182,0.000381,0.0,0.0012,0.017237,0.29807,0.921192,0.0,0.146809,0.146809,0.146809,0.0,0.0,0.0,False,False,False,0.0,False,False,37.513
123,6.15,0,alert,alert,0.9821,0.9821,0.000364,0.0,0.001204,0.016332,0.139865,0.941088,0.0,0.146752,0.146752,0.146752,0.0,0.0,0.0,False,False,False,0.0,False,False,37.396
124,6.2,0,alert,alert,0.981414,0.981414,0.000346,0.0,0.001162,0.017078,0.073588,0.946837,0.0,0.146154,0.146154,0.146154,0.0,0.0,0.0,False,False,False,0.0,False,False,36.907
125,6.25,0,alert,alert,0.979179,0.979179,0.000338,0.0,0.001128,0.019355,0.055017,0.949554,0.0,0.145414,0.145414,0.145414,0.0,0.0,0.0,False,False,False,0.0,False,False,45.635
126,6.3,0,alert,alert,0.981211,0.981211,0.000295,0.0,0.001078,0.017416,0.046586,0.949898,0.0,0.144617,0.144617,0.144617,0.0,0.0,0.0,False,False,False,0.0,False,False,36.981
127,6.35,0,alert,alert,0.980753,0.980753,0.000286,0.0,0.001024,0.017938,0.049313,0.947038,0.0,0.143857,0.143857,0.143857,0.0,0.0,0.0,False,False,False,0.0,False,False,36.736
128,6.4,0,alert,alert,0.983862,0.983862,0.000254,0.0,0.001006,0.014878,0.066449,0.939555,0.0,0.143249,0.143249,0.143249,0.0,0.0,0.0,False,False,False,0.0,False,False,36.798
129,6.45,0,alert,alert,0.982666,0.982666,0.000261,0.0,0.001048,0.016025,0.071941,0.936111,0.0,0.142696,0.142696,0.142696,0.0,0.0,0.0,False,False,False,0.0,False,False,37.089
130,6.5,0,alert,alert,0.981833,0.981833,0.000271,0.0,0.0011,0.016796,0.076348,0.93366,0.0,0.142186,0.142186,0.142186,0.0,0.0,0.0,False,False,False,0.0,False,False,46.144
131,6.55,0,alert,alert,0.984556,0.984556,0.000255,0.0,0.001072,0.014117,0.072737,0.935746,0.0,0.141656,0.141656,0.141656,0.0,0.0,0.0,False,False,False,0.0,False,False,36.756
132,6.6,0,alert,alert,0.985644,0.985644,0.000259,0.0,0.0011,0.012998,0.07852,0.934163,0.0,0.141178,0.141178,0.141178,0.0,0.0,0.0,False,False,False,0.0,False,False,37.308
133,6.65,0,alert,alert,0.985405,0.985405,0.000274,0.0,0.001146,0.013175,0.077152,0.9342,0.0,0.140697,0.140697,0.140697,0.0,0.0,0.0,False,False,False,0.0,False,False,37.202
134,6.7,0,alert,alert,0.985619,0.985619,0.000284,0.0,0.001162,0.012935,0.08391,0.930705,0.0,0.140275,0.140275,0.140275,0.0,0.0,0.0,False,False,False,0.0,False,False,37.069
135,6.75,0,alert,alert,0.986268,0.986268,0.00029,0.0,0.001213,0.012229,0.096496,0.928954,0.0,0.139953,0.139953,0.139953,0.0,0.0,0.0,False,False,False,0.0,False,False,45.882
136,6.8,0,alert,alert,0.98702,0.98702,0.000304,0.0,0.001289,0.011387,0.126311,0.923865,0.0,0.139854,0.139854,0.139854,0.0,0.0,0.0,False,False,False,0.0,False,False,37.213
137,6.85,0,alert,alert,0.987598,0.987598,0.000312,0.0,0.001408,0.010683,0.109688,0.926492,0.0,0.139636,0.139636,0.139636,0.0,0.0,0.0,False,False,False,0.0,False,False,36.742
138,6.9,0,alert,alert,0.988211,0.988211,0.000313,0.0,0.001484,0.009992,0.104002,0.927404,0.0,0.139379,0.139379,0.139379,0.0,0.0,0.0,False,False,False,0.0,False,False,37.072
139,6.95,0,alert,alert,0.988749,0.988749,0.000306,0.0,0.001505,0.00944,0.075999,0.935857,0.0,0.138923,0.138923,0.138923,0.0,0.0,0.0,False,False,False,0.0,False,False,37.085
140,7.0,0,alert,alert,0.988754,0.988754,0.000308,0.0,0.001542,0.009395,0.069338,0.938313,0.0,0.138424,0.138424,0.138424,0.0,0.0,0.0,False,False,False,0.0,False,False,45.953
141,7.05,0,alert,alert,0.9889,0.9889,0.0003,0.0,0.001525,0.009275,0.071716,0.937504,0.0,0.13795,0.13795,0.13795,0.0,0.0,0.0,False,False,False,0.0,False,False,37.136
142,7.1,0,alert,alert,0.988772,0.988772,0.000299,0.0,0.001516,0.009413,0.067117,0.939983,0.0,0.137448,0.137448,0.137448,0.0,0.0,0.0,False,False,False,0.0,False,False,37.336
143,7.15,0,alert,alert,0.988809,0.988809,0.000288,0.0,0.001549,0.009353,0.066596,0.94062,0.0,0.13695,0.13695,0.13695,0.0,0.0,0.0,False,False,False,0.0,False,False,36.992
144,7.2,0,alert,alert,0.98844,0.98844,0.000284,0.0,0.001494,0.009782,0.05351,0.945534,0.0,0.136364,0.136364,0.136364,0.0,0.0,0.0,False,False,False,0.0,False,False,36.989
145,7.25,0,alert,alert,0.98765,0.98765,0.000282,0.0,0.001416,0.010651,0.057208,0.943642,0.0,0.135813,0.135813,0.135813,0.0,0.0,0.0,False,False,False,0.0,False,False,46.103
146,7.3,0,alert,alert,0.986124,0.986124,0.000287,0.0,0.00134,0.012249,0.056522,0.942886,0.0,0.135265,0.135265,0.135265,0.0,0.0,0.0,False,False,False,0.46611,False,False,37.274
147,7.35,0,alert,alert,0.985389,0.985389,0.000284,0.0,0.001252,0.013075,0.05557,0.943225,0.0,0.134718,0.134718,0.134718,0.0,0.0,0.0,False,False,False,0.443222,False,False,37.289
148,7.4,0,alert,alert,0.985244,0.985244,0.000277,0.0,0.001185,0.013294,0.053447,0.944954,0.0,0.134164,0.134164,0.134164,0.0,0.0,0.0,False,False,False,0.459702,False,False,37.611
149,7.45,0,alert,alert,0.984036,0.984036,0.000279,0.0,0.001133,0.014551,0.055245,0.94385,0.0,0.133629,0.133629,0.133629,0.0,0.0,0.0,False,False,False,0.358994,False,False,37.55
150,7.5,0,alert,alert,0.98296,0.98296,0.00028,0.0,0.001087,0.015673,0.058554,0.942842,0.0,0.133125,0.133125,0.133125,0.0,0.0,0.0,False,False,False,0.459702,False,False,45.953
151,7.55,0,alert,alert,0.983513,0.983513,0.000271,0.0,0.001048,0.015168,0.061742,0.941562,0.0,0.132649,0.132649,0.132649,0.0,0.0,0.0,False,False,False,0.387375,False,False,37.287
152,7.6,0,alert,alert,0.982634,0.982634,0.000276,0.0,0.00102,0.01607,0.07264,0.938484,0.0,0.132253,0.132253,0.132253,0.0,0.0,0.0,False,False,False,0.387375,False,False,36.815
153,7.65,0,alert,alert,0.981108,0.981108,0.00029,0.0,0.000987,0.017615,0.061579,0.94249,0.0,0.131787,0.131787,0.131787,0.0,0.0,0.0,False,False,False,0.234482,False,False,37.391
154,7.7,0,alert,alert,0.979644,0.979644,0.000305,0.0,0.000968,0.019084,0.060799,0.943262,0.0,0.131323,0.131323,0.131323,0.0,0.0,0.0,False,False,False,0.133774,False,False,37.173
155,7.75,0,alert,alert,0.97802,0.97802,0.000312,0.0,0.000946,0.020722,0.061299,0.943755,0.0,0.130867,0.130867,0.130867,0.0,0.0,0.0,False,False,False,0.0,False,False,45.806
156,7.8,0,alert,alert,0.97572,0.97572,0.000329,0.0,0.000933,0.023017,0.063257,0.942873,0.0,0.13043,0.13043,0.13043,0.0,0.0,0.0,False,False,False,0.002167,False,False,37.081
157,7.85,0,alert,alert,0.972544,0.972544,0.000361,0.0,0.000939,0.026157,0.089643,0.937887,0.0,0.13017,0.13017,0.13017,0.0,0.0,0.0,False,False,False,0.0,False,False,36.818
158,7.9,0,alert,alert,0.967737,0.967737,0.00046,0.0,0.001016,0.030787,0.39767,0.883141,0.0,0.131768,0.131768,0.131768,0.0,0.0,0.0,False,False,False,0.0,False,False,37.14
159,7.95,0,alert,alert,0.965015,0.965015,0.000618,0.0,0.001126,0.033242,0.506602,0.83304,0.0,0.133869,0.133869,0.133869,0.0,0.0,0.0,False,False,False,0.0,False,False,36.95
160,8.0,0,alert,alert,0.962641,0.962641,0.00109,0.0,0.001469,0.0348,0.569372,0.82797,0.0,0.136282,0.136282,0.136282,0.0,0.0,0.0,False,False,False,0.0,False,False,46.156
161,8.05,0,alert,alert,0.951353,0.951353,0.003005,0.0,0.00239,0.043252,0.660512,0.835925,0.0,0.139198,0.139198,0.139198,0.0,0.0,0.0,False,False,False,0.0,False,False,37.849
162,8.1,0,alert,alert,0.917648,0.917648,0.010649,0.0,0.004385,0.067318,0.725827,0.824773,0.0,0.1424,0.1424,0.1424,0.0,0.0,0.0,False,False,False,0.0,False,False,37.845
163,8.15,0,alert,alert,0.86326,0.86326,0.029495,0.0,0.007039,0.100206,0.664196,0.843602,0.0,0.145297,0.145297,0.145297,0.0,0.0,0.0,False,False,False,0.1633,False,False,38.459
164,8.2,0,alert,alert,0.814128,0.814128,0.056509,0.0,0.0099,0.119463,0.535726,0.881164,0.0,0.147549,0.147549,0.147549,0.0,0.0,0.0,False,False,False,0.1427,False,False,37.586
165,8.25,0,alert,alert,0.774245,0.774245,0.074755,0.0,0.011829,0.13917,0.444698,0.906056,0.0,0.1493,0.1493,0.1493,0.0,0.0,0.0,False,False,False,0.063965,False,False,46.071
166,8.3,0,alert,alert,0.776024,0.776024,0.060372,0.0,0.010944,0.15266,0.31614,0.922958,0.0,0.150296,0.150296,0.150296,0.0,0.0,0.0,False,False,False,0.063965,False,False,37.634
167,8.35,0,alert,alert,0.836178,0.836178,0.029193,0.0,0.008227,0.126402,0.157669,0.93713,0.0,0.15034,0.15034,0.15034,0.0,0.0,0.0,False,False,False,0.0,False,False,37.698
168,8.4,0,alert,alert,0.874921,0.874921,0.012304,0.0,0.005569,0.107207,0.072591,0.944163,0.0,0.149871,0.149871,0.149871,0.0,0.0,0.0,False,False,False,0.0,False,False,37.438
169,8.45,0,alert,alert,0.907899,0.907899,0.00463,0.0,0.003585,0.083886,0.055528,0.948379,0.0,0.149303,0.149303,0.149303,0.0,0.0,0.0,False,False,False,0.0,False,False,37.223
170,8.5,0,alert,alert,0.932535,0.932535,0.001833,0.0,0.002292,0.06334,0.045004,0.948304,0.0,0.148679,0.148679,0.148679,0.0,0.0,0.0,False,False,False,0.0,False,False,45.937
171,8.55,0,alert,alert,0.938818,0.938818,0.000977,0.0,0.001665,0.05854,0.047138,0.946364,0.0,0.148076,0.148076,0.148076,0.0,0.0,0.0,False,False,False,0.0,False,False,37.011
172,8.6,0,alert,alert,0.952385,0.952385,0.000588,0.0,0.001279,0.045748,0.048666,0.945933,0.0,0.147489,0.147489,0.147489,0.0,0.0,0.0,False,False,False,0.0,False,False,37.037
173,8.65,0,alert,alert,0.955969,0.955969,0.00046,0.0,0.001102,0.042469,0.056129,0.94283,0.0,0.146955,0.146955,0.146955,0.0,0.0,0.0,False,False,False,0.0,False,False,37.254
174,8.7,0,alert,alert,0.95833,0.95833,0.000399,0.0,0.001011,0.040259,0.059144,0.941926,0.0,0.146445,0.146445,0.146445,0.0,0.0,0.0,False,False,False,0.0,False,False,36.975
175,8.75,0,alert,alert,0.959579,0.959579,0.00037,0.0,0.000966,0.039086,0.053591,0.943557,0.0,0.145908,0.145908,0.145908,0.0,0.0,0.0,False,False,False,0.0,False,False,45.81
176,8.8,0,alert,alert,0.96567,0.96567,0.000327,0.0,0.000911,0.033092,0.053791,0.944248,0.0,0.145378,0.145378,0.145378,0.0,0.0,0.0,False,False,False,0.0,False,False,37.166
177,8.85,0,alert,alert,0.966798,0.966798,0.000316,0.0,0.000902,0.031984,0.054731,0.943789,0.0,0.14486,0.14486,0.14486,0.0,0.0,0.0,False,False,False,0.0,False,False,36.956
178,8.9,0,alert,alert,0.969943,0.969943,0.000296,0.0,0.000891,0.02887,0.049714,0.946943,0.0,0.144317,0.144317,0.144317,0.0,0.0,0.0,False,False,False,0.0,False,False,37.211
179,8.95,0,alert,alert,0.969142,0.969142,0.000293,0.0,0.000905,0.02966,0.05059,0.946487,0.0,0.143785,0.143785,0.143785,0.0,0.0,0.0,False,False,False,0.0,False,False,36.9
180,9.0,0,alert,alert,0.96959,0.96959,0.000291,0.0,0.00091,0.02921,0.05564,0.943779,0.0,0.14329,0.14329,0.14329,0.0,0.0,0.0,False,False,False,0.0,False,False,45.929
181,9.05,0,alert,alert,0.972003,0.972003,0.000281,0.0,0.00091,0.026806,0.057317,0.943099,0.0,0.14281,0.14281,0.14281,0.0,0.0,0.0,False,False,False,0.0,False,False,37.363
182,9.1,0,alert,alert,0.975371,0.975371,0.000261,0.0,0.000892,0.023476,0.054892,0.944645,0.0,0.14232,0.14232,0.14232,0.0,0.0,0.0,False,False,False,0.0,False,False,37.051
183,9.15,0,alert,alert,0.976085,0.976085,0.000259,0.0,0.000882,0.022774,0.070574,0.939759,0.0,0.141925,0.141925,0.141925,0.0,0.0,0.0,False,False,False,0.0,False,False,37.787
184,9.2,0,alert,alert,0.970695,0.970695,0.000293,0.0,0.00091,0.028103,0.058494,0.943203,0.0,0.141467,0.141467,0.141467,0.0,0.0,0.0,False,False,False,0.0,False,False,37.56
185,9.25,0,alert,alert,0.957576,0.957576,0.000351,0.0,0.000946,0.041128,0.055156,0.943988,0.0,0.140995,0.140995,0.140995,0.0,0.0,0.0,False,False,False,0.0,False,False,46.321
186,9.3,0,alert,alert,0.964784,0.964784,0.000305,0.0,0.000884,0.034027,0.063142,0.94037,0.0,0.140573,0.140573,0.140573,0.0,0.0,0.0,False,False,False,0.0,False,False,37.338
187,9.35,0,alert,alert,0.940316,0.940316,0.000392,0.0,0.00096,0.058332,0.083236,0.935235,0.0,0.140266,0.140266,0.140266,0.0,0.0,0.0,False,False,False,0.0,False,False,37.132
188,9.4,0,alert,alert,0.895148,0.895148,0.000512,0.0,0.001056,0.103284,0.091022,0.934196,0.0,0.140003,0.140003,0.140003,0.0,0.0,0.0,False,False,False,0.0,False,False,37.486
189,9.45,0,alert,alert,0.891968,0.891968,0.000535,0.0,0.001026,0.106471,0.132664,0.925466,0.0,0.139965,0.139965,0.139965,0.0,0.0,0.0,False,False,False,0.0,False,False,37.745
190,9.5,0,alert,alert,0.903588,0.903588,0.000519,0.0,0.000996,0.094897,0.107875,0.933315,0.0,0.139796,0.139796,0.139796,0.0,0.0,0.0,False,False,False,0.0,False,False,46.402
191,9.55,0,alert,alert,0.914278,0.914278,0.000502,0.0,0.000975,0.084245,0.09086,0.937106,0.0,0.139539,0.139539,0.139539,0.0,0.0,0.0,False,False,False,0.0,False,False,37.706
192,9.6,0,alert,alert,0.926903,0.926903,0.00047,0.0,0.000954,0.071673,0.074603,0.939417,0.0,0.139198,0.139198,0.139198,0.0,0.0,0.0,False,False,False,0.0,False,False,37.499
193,9.65,0,alert,alert,0.932574,0.932574,0.000467,0.0,0.000973,0.065986,0.0711,0.940556,0.0,0.138842,0.138842,0.138842,0.0,0.0,0.0,False,False,False,0.0,False,False,36.917
194,9.7,0,alert,alert,0.918285,0.918285,0.000683,0.0,0.001177,0.079855,0.450036,0.849385,0.0,0.140303,0.140303,0.140303,0.0,0.0,0.0,False,False,False,0.0,False,False,37.189
195,9.75,0,alert,alert,0.909711,0.909711,0.001186,0.0,0.0015,0.087603,0.525801,0.805339,0.0,0.142012,0.142012,0.142012,0.0,0.0,0.0,False,False,False,0.0,False,False,45.755
196,9.8,0,alert,alert,0.929545,0.929545,0.001431,0.0,0.001662,0.067361,0.533664,0.859593,0.0,0.143855,0.143855,0.143855,0.0,0.0,0.0,False,False,False,0.0,False,False,37.287
197,9.85,0,alert,alert,0.942143,0.942143,0.001475,0.0,0.001753,0.05463,0.470311,0.893049,0.0,0.145444,0.145444,0.145444,0.0,0.0,0.0,False,False,False,0.0,False,False,37.553
198,9.9,0,alert,alert,0.954496,0.954496,0.00116,0.0,0.001697,0.042648,0.327532,0.919556,0.0,0.146352,0.146352,0.146352,0.0,0.0,0.0,False,False,False,0.0,False,False,36.963
199,9.95,0,alert,alert,0.960468,0.960468,0.000887,0.0,0.001603,0.037042,0.146088,0.939904,0.0,0.146351,0.146351,0.146351,0.0,0.0,0.0,True,False,False,0.0,False,False,37.15
200,10.0,0,alert,alert,0.952235,0.952235,0.000851,0.0,0.001626,0.045288,0.072918,0.948031,0.0,0.145476,0.145977,0.145977,0.0,0.0,0.0,True,False,False,0.0,False,False,45.825
201,10.05,0,alert,alert,0.911946,0.911946,0.001131,0.0,0.001759,0.085164,0.064474,0.94593,0.0,0.145104,0.145566,0.145566,0.0,0.0,0.0,True,False,False,0.0,False,False,37.231
202,10.1,0,alert,alert,0.86035,0.86035,0.001258,0.0,0.001746,0.136645,0.061677,0.946906,0.0,0.144681,0.145143,0.145143,0.0,0.0,0.0,True,False,False,0.0,False,False,37.212
203,10.15,0,alert,alert,0.849108,0.849108,0.001097,0.0,0.001549,0.148245,0.072748,0.943081,0.0,0.144003,0.144782,0.144782,0.0,0.0,0.0,True,False,False,0.0,False,False,37.003
204,10.2,0,alert,alert,0.878374,0.878374,0.000868,0.0,0.001372,0.119386,0.0903,0.936989,0.0,0.143734,0.144514,0.144514,0.0,0.0,0.0,True,False,False,0.0,False,False,36.815
205,10.25,0,alert,alert,0.925612,0.925612,0.000625,0.0,0.001229,0.072535,0.09894,0.933443,0.0,0.144257,0.144291,0.144291,0.0,0.0,0.0,True,False,False,0.0,False,False,45.7
206,10.3,0,alert,alert,0.944504,0.944504,0.000527,0.0,0.001178,0.053791,0.091079,0.93501,0.0,0.144419,0.144032,0.144032,0.0,0.0,0.0,True,False,False,0.0,False,False,37.175
207,10.35,0,alert,alert,0.9611,0.9611,0.00045,0.0,0.001177,0.037272,0.083296,0.936781,0.0,0.144112,0.143737,0.143737,0.0,0.0,0.0,True,False,False,0.0,False,False,36.711
208,10.4,0,alert,alert,0.969343,0.969343,0.00041,0.0,0.001174,0.029073,0.087558,0.935942,0.0,0.144698,0.143466,0.143466,0.0,0.0,0.0,True,False,False,0.0,False,False,37.854
209,10.45,0,alert,alert,0.970836,0.970836,0.000411,0.0,0.00118,0.027573,0.084209,0.936709,0.0,0.144394,0.143181,0.143181,0.0,0.0,0.0,True,False,False,0.0,False,False,37.808
210,10.5,0,alert,alert,0.970412,0.970412,0.000419,0.0,0.001182,0.027986,0.075593,0.939201,0.0,0.144944,0.142856,0.142856,0.0,0.0,0.0,True,False,False,0.0,False,False,46.188
211,10.55,0,alert,alert,0.967285,0.967285,0.000438,0.0,0.001188,0.031089,0.096606,0.934304,0.0,0.145172,0.142636,0.142636,0.0,0.0,0.0,True,False,False,0.0,False,False,37.825
212,10.6,0,alert,alert,0.962279,0.962279,0.000454,0.0,0.001157,0.03611,0.081932,0.938112,0.0,0.144854,0.142348,0.142348,0.0,0.0,0.0,True,False,False,0.0,False,False,37.713
213,10.65,0,alert,alert,0.961808,0.961808,0.000428,0.0,0.001101,0.036664,0.062187,0.944273,0.0,0.145424,0.141967,0.141967,0.0,0.0,0.0,True,False,False,0.0,False,False,37.157
214,10.7,0,alert,alert,0.962718,0.962718,0.000408,0.0,0.001062,0.035812,0.054954,0.945351,0.0,0.144966,0.141554,0.141554,0.0,0.0,0.0,True,False,False,0.0,False,False,37.229
215,10.75,0,alert,alert,0.966158,0.966158,0.000372,0.0,0.001035,0.032435,0.049102,0.945979,0.0,0.145319,0.141118,0.141118,0.0,0.0,0.0,True,False,False,0.0,False,False,45.656
216,10.8,0,alert,alert,0.948084,0.948084,0.000435,0.0,0.00108,0.050401,0.046138,0.946597,0.0,0.143705,0.140671,0.140671,0.0,0.0,0.0,True,False,False,0.0,False,False,37.087
217,10.85,0,alert,alert,0.942606,0.942606,0.000433,0.0,0.001038,0.055922,0.045278,0.946964,0.0,0.143205,0.140225,0.140225,0.0,0.0,0.0,True,False,False,0.0,False,False,37.284
218,10.9,0,alert,alert,0.938267,0.938267,0.00043,0.0,0.000986,0.060317,0.05262,0.945203,0.0,0.13954,0.139817,0.139817,0.0,0.0,0.0,True,False,False,0.0,False,False,37.178
219,10.95,0,alert,alert,0.946295,0.946295,0.00041,0.0,0.000945,0.052349,0.053432,0.944897,0.0,0.139104,0.139418,0.139418,0.0,0.0,0.0,True,False,False,0.0,False,False,37.197
220,11.0,0,alert,alert,0.94391,0.94391,0.000457,0.0,0.000996,0.054637,0.306955,0.897817,0.0,0.13671,0.140151,0.140151,0.0,0.0,0.0,True,False,False,0.0,False,False,45.74
221,11.05,0,alert,alert,0.936764,0.936764,0.000627,0.0,0.001131,0.061478,0.49149,0.832931,0.0,0.137493,0.141572,0.141572,0.0,0.0,0.0,True,False,False,0.0,False,False,37.059
222,11.1,0,alert,alert,0.938849,0.938849,0.001022,0.0,0.001379,0.058751,0.554756,0.82245,0.0,0.139332,0.143216,0.143216,0.0,0.0,0.0,True,False,False,0.0,False,False,36.956
223,11.15,0,alert,alert,0.941472,0.941472,0.001995,0.0,0.001909,0.054624,0.629581,0.838831,0.0,0.141797,0.145182,0.145182,0.0,0.0,0.0,True,False,False,0.0,False,False,36.93
224,11.2,0,alert,alert,0.925419,0.925419,0.005356,0.0,0.003067,0.066158,0.716843,0.835366,0.0,0.144375,0.147473,0.147473,0.0,0.0,0.0,True,False,False,0.0,False,False,36.707
225,11.25,0,alert,alert,0.893151,0.893151,0.018774,0.0,0.005828,0.082247,0.775198,0.813498,0.0,0.147918,0.149914,0.149914,0.0,0.0,0.0,True,False,False,0.0,False,False,45.848
226,11.3,0,alert,alert,0.800036,0.800036,0.089079,0.0,0.01297,0.097915,0.800546,0.792082,0.0,0.151188,0.152368,0.152368,0.0,0.0,0.0,True,False,False,0.0,False,False,36.906
227,11.35,0,alert,alert,0.615135,0.615135,0.262466,0.0,0.021519,0.100879,0.655696,0.853347,0.0,0.153503,0.154405,0.154405,0.0,0.0,0.0,True,False,False,0.0,False,False,37.016
228,11.4,0,alert,alert,0.473176,0.473176,0.417495,0.0,0.028916,0.080413,0.515581,0.894085,0.0,0.156368,0.15593,0.15593,0.0,0.0,0.0,True,False,False,0.0,False,False,36.985
229,11.45,1,drowsy,drowsy,0.459739,0.436758,0.459739,0.0,0.03754,0.065964,0.346708,0.923681,0.0,0.157314,0.156758,0.156758,0.0,0.0,0.0,True,False,False,0.0,False,False,36.901
230,11.5,0,alert,alert,0.487678,0.487678,0.401277,0.0,0.048256,0.062789,0.167194,0.936677,0.0,0.15854,0.156804,0.156804,0.0,0.0,0.0,True,False,False,0.0,False,False,45.757
231,11.55,0,alert,alert,0.612195,0.612195,0.267728,0.0,0.059587,0.060489,0.075724,0.945339,0.0,0.158707,0.156447,0.156447,0.0,0.0,0.0,True,False,False,0.0,False,False,37.018
232,11.6,0,alert,alert,0.740722,0.740722,0.138261,0.0,0.062738,0.058279,0.054407,0.947608,0.0,0.158176,0.155998,0.155998,0.0,0.0,0.0,True,False,False,0.0,False,False,36.905
233,11.65,0,alert,alert,0.834137,0.834137,0.062224,0.0,0.049887,0.053753,0.053763,0.947265,0.0,0.158831,0.155551,0.155551,0.0,0.0,0.0,True,False,False,0.0,False,False,37.08
234,11.7,0,alert,alert,0.891686,0.891686,0.023804,0.0,0.03242,0.052091,0.050207,0.947339,0.0,0.158278,0.155092,0.155092,0.0,0.0,0.0,True,False,False,0.0,False,False,37.592
235,11.75,0,alert,alert,0.930715,0.930715,0.008456,0.0,0.019845,0.040983,0.049213,0.946798,0.0,0.158871,0.154633,0.154633,0.0,0.0,0.0,True,False,False,0.0,False,False,45.995
236,11.8,0,alert,alert,0.941445,0.941445,0.006089,0.0,0.014734,0.037732,0.405916,0.867922,0.0,0.15876,0.155627,0.155627,0.0,0.0,0.0,True,False,False,0.110657,False,False,37.217
237,11.85,0,alert,alert,0.940913,0.940913,0.007322,0.0,0.01387,0.037895,0.515749,0.824675,0.0,0.160345,0.156977,0.156977,0.0,0.0,0.0,True,False,False,0.106079,False,False,36.693
238,11.9,0,alert,alert,0.919621,0.919621,0.016174,0.0,0.018112,0.046093,0.59725,0.824971,0.0,0.159298,0.158622,0.158622,0.0,0.0,0.0,True,False,False,0.106079,False,False,37.097
239,11.95,0,alert,alert,0.908055,0.908055,0.024162,0.0,0.023593,0.04419,0.570331,0.864211,0.0,0.16121,0.160226,0.160226,0.0,0.0,0.0,True,False,False,0.222351,False,False,36.782
240,12.0,0,alert,alert,0.895995,0.895995,0.017951,0.0,0.046454,0.0396,0.447425,0.906413,0.0,0.161494,0.161395,0.161395,0.0,0.0,0.0,True,False,False,0.0,False,False,45.964
241,12.05,0,alert,alert,0.828288,0.828288,0.010655,0.0,0.123577,0.03748,0.271206,0.928786,0.0,0.162357,0.161852,0.161852,0.0,0.0,0.0,True,False,False,0.0,False,False,37.318
242,12.1,0,alert,alert,0.735593,0.735593,0.006024,0.0,0.211247,0.047136,0.109208,0.94248,0.0,0.162088,0.161631,0.161631,0.0,0.0,0.0,True,False,False,0.0,False,False,37.942
243,12.15,0,alert,alert,0.663469,0.663469,0.003448,0.0,0.271247,0.061836,0.051568,0.951487,0.0,0.162676,0.161166,0.161166,0.0,0.0,0.0,True,False,False,0.0,False,False,37.27
244,12.2,0,alert,alert,0.632323,0.632323,0.0021,0.0,0.301269,0.064307,0.047682,0.950429,0.0,0.162087,0.16069,0.16069,0.0,0.0,0.0,True,False,False,0.0,False,False,37.754
245,12.25,0,alert,alert,0.67962,0.67962,0.001426,0.0,0.247243,0.071712,0.048072,0.947635,0.0,0.162729,0.16022,0.16022,0.0,0.0,0.0,True,False,False,0.0,False,False,46.523
246,12.3,0,alert,alert,0.7201,0.7201,0.001127,0.0,0.12424,0.154533,0.048072,0.946999,0.0,0.162759,0.159755,0.159755,0.0,0.0,0.0,True,False,False,0.0,False,False,36.873
247,12.35,0,alert,alert,0.553295,0.553295,0.000876,0.0,0.043081,0.402748,0.05098,0.945445,0.0,0.16219,0.159307,0.159307,0.0,0.0,0.0,True,False,False,0.0,False,False,37.116
248,12.4,4,distraction,distracted,0.631107,0.358558,0.000523,0.0,0.009813,0.631107,0.052311,0.944383,0.0,0.162843,0.158868,0.158868,0.0,0.0,0.0,True,False,False,0.0,False,False,37.299
249,12.45,4,distraction,distracted,0.701477,0.294564,0.000356,0.0,0.003604,0.701477,0.050317,0.94596,0.0,0.16227,0.158423,0.158423,0.0,0.0,0.0,True,False,False,0.0,False,False,37.176
250,12.5,4,distraction,distracted,0.85614,0.142415,0.000244,0.0,0.001201,0.85614,0.051881,0.944845,0.0,0.162925,0.15799,0.15799,0.0,0.0,0.0,True,False,False,0.0,False,False,45.818
251,12.55,4,distraction,distracted,0.86361,0.135397,0.00023,0.0,0.000763,0.86361,0.050769,0.944685,0.0,0.162967,0.157555,0.157555,0.0,0.0,0.0,True,False,False,0.0,False,False,37.035
252,12.6,4,distraction,distracted,0.886427,0.112846,0.000219,0.0,0.000508,0.886427,0.048854,0.945304,0.0,0.162386,0.157116,0.157116,0.0,0.0,0.0,True,False,False,0.0,False,False,37.017
253,12.65,4,distraction,distracted,0.935336,0.064143,0.000194,0.0,0.000327,0.935336,0.048074,0.945343,0.0,0.16306,0.156677,0.156677,0.0,0.0,0.0,True,False,False,0.0,False,False,37.249
254,12.7,4,distraction,distracted,0.94099,0.058526,0.000201,0.0,0.000283,0.94099,0.04426,0.947082,0.0,0.162454,0.156226,0.156226,0.0,0.0,0.0,True,False,False,0.0,False,False,37.059
255,12.75,4,distraction,distracted,0.85615,0.143165,0.000266,0.0,0.000418,0.85615,0.044955,0.94731,0.0,0.163107,0.155781,0.155781,0.0,0.0,0.0,True,False,False,0.0,False,False,47.141
256,12.8,4,distraction,distracted,0.859065,0.140249,0.000255,0.0,0.000431,0.859065,0.178239,0.924762,0.0,0.163792,0.155868,0.155868,0.0,0.0,0.0,True,False,False,0.0,False,False,37.487
257,12.85,4,distraction,distracted,0.879645,0.119702,0.000231,0.0,0.000422,0.879645,0.460615,0.853654,0.0,0.165157,0.156958,0.156958,0.0,0.0,0.0,True,False,False,0.0,False,False,37.26
258,12.9,4,distraction,distracted,0.883356,0.115977,0.000219,0.0,0.000449,0.883356,0.509323,0.840578,0.0,0.167963,0.158195,0.158195,0.0,0.0,0.0,True,False,False,0.0,False,False,36.988
259,12.95,4,distraction,distracted,0.903811,0.095534,0.000208,0.0,0.000447,0.903811,0.487615,0.880196,0.0,0.16948,0.159402,0.159402,0.0,0.0,0.0,True,False,False,0.0,False,False,37.301
260,13.0,4,distraction,distracted,0.959014,0.040532,0.000164,0.0,0.00029,0.959014,0.438019,0.902257,0.0,0.172069,0.160444,0.160444,0.0,0.0,0.0,True,False,False,0.0,False,False,47.007
261,13.05,4,distraction,distracted,0.968925,0.030682,0.000156,0.0,0.000237,0.968925,0.360078,0.92056,0.0,0.173645,0.161203,0.161203,0.0,0.0,0.0,True,False,False,0.0,False,False,37.797
262,13.1,4,distraction,distracted,0.921083,0.078374,0.000218,0.0,0.000324,0.921083,0.217289,0.940559,0.0,0.173867,0.16142,0.16142,0.0,0.0,0.0,True,False,False,0.0,False,False,38.188
263,13.15,4,distraction,distracted,0.887059,0.112341,0.000253,0.0,0.000346,0.887059,0.129186,0.949777,0.0,0.173487,0.161295,0.161295,0.0,0.0,0.0,True,False,False,0.0,False,False,38.082
264,13.2,4,distraction,distracted,0.86627,0.133086,0.000278,0.0,0.000366,0.86627,0.071082,0.953946,0.0,0.17296,0.160943,0.160943,0.0,0.0,0.0,True,False,False,0.0,False,False,38.121
265,13.25,4,distraction,distracted,0.868609,0.130732,0.000292,0.0,0.000366,0.868609,0.063181,0.95209,0.0,0.169266,0.160565,0.160565,0.0,0.0,0.0,True,False,False,0.0,False,False,46.249
266,13.3,4,distraction,distracted,0.87871,0.120643,0.000295,0.0,0.000353,0.87871,0.432378,0.870376,0.0,0.168383,0.161523,0.161523,0.0,0.0,0.0,True,False,False,0.0,False,False,37.82
267,13.35,4,distraction,distracted,0.793939,0.205238,0.000359,0.0,0.000463,0.793939,0.51603,0.825475,0.0,0.16993,0.162705,0.162705,0.0,0.0,0.0,True,False,False,0.0,False,False,38.722
268,13.4,4,distraction,distracted,0.7361,0.262929,0.000383,0.0,0.000587,0.7361,0.508731,0.857589,0.0,0.167076,0.163899,0.163899,0.0,0.0,0.0,True,False,False,0.77018,False,False,37.165
269,13.45,4,distraction,distracted,0.733105,0.265936,0.000346,0.0,0.000613,0.733105,0.426905,0.897857,0.0,0.168333,0.164846,0.164846,0.0,0.0,0.0,True,False,False,0.77018,False,False,36.843
270,13.5,4,distraction,distracted,0.544227,0.454537,0.000356,0.0,0.00088,0.544227,0.278234,0.923506,0.0,0.165389,0.165265,0.165265,0.0,0.0,0.0,True,False,False,0.887482,False,False,46.255
271,13.55,4,distraction,distracted,0.544844,0.453875,0.000329,0.0,0.000952,0.544844,0.131805,0.943094,0.0,0.164237,0.165139,0.165139,0.0,0.0,0.0,True,False,False,0.0,False,False,37.091
272,13.6,4,distraction,distracted,0.587428,0.411424,0.000316,0.0,0.000832,0.587428,0.069425,0.949007,0.0,0.163753,0.164779,0.164779,0.0,0.0,0.0,True,False,False,0.0,False,False,37.079
273,13.65,4,distraction,distracted,0.603115,0.3958,0.000322,0.0,0.000762,0.603115,0.04854,0.951336,0.0,0.163302,0.164342,0.164342,0.0,0.0,0.0,True,False,False,0.0,False,False,37.102
274,13.7,4,distraction,distracted,0.574755,0.424184,0.000321,0.0,0.00074,0.574755,0.046832,0.95024,0.0,0.162707,0.163903,0.163903,0.0,0.0,0.0,True,False,False,0.0,False,False,38.35
275,13.75,4,distraction,distracted,0.523729,0.475246,0.000321,0.0,0.000704,0.523729,0.04642,0.949531,0.0,0.161554,0.163465,0.163465,0.0,0.0,0.0,True,False,False,0.578491,False,False,47.078
276,13.8,4,distraction,distracted,0.618337,0.380703,0.000329,0.0,0.000631,0.618337,0.046676,0.948425,0.0,0.15937,0.163032,0.163032,0.0,0.0,0.0,True,False,False,0.499641,False,False,37.102
277,13.85,4,distraction,distracted,0.617094,0.38197,0.000336,0.0,0.000599,0.617094,0.047166,0.947587,0.0,0.158798,0.162605,0.162605,0.0,0.0,0.0,True,False,False,0.0,False,False,37.109
278,13.9,4,distraction,distracted,0.838158,0.161148,0.000297,0.0,0.000397,0.838158,0.046841,0.947935,0.0,0.155264,0.16218,0.16218,0.0,0.0,0.0,True,False,False,0.0,False,False,38.254
279,13.95,4,distraction,distracted,0.92783,0.071639,0.000256,0.0,0.000276,0.92783,0.047054,0.947573,0.0,0.154713,0.161758,0.161758,0.0,0.0,0.0,True,False,False,0.0,False,False,37.316
280,14.0,4,distraction,distracted,0.95113,0.048397,0.000238,0.0,0.000235,0.95113,0.052418,0.946028,0.0,0.153749,0.16136,0.16136,0.0,0.0,0.0,True,False,False,0.0,False,False,46.17
281,14.05,4,distraction,distracted,0.945853,0.053645,0.000257,0.0,0.000244,0.945853,0.064162,0.943383,0.0,0.153786,0.161008,0.161008,0.0,0.0,0.0,True,False,False,0.0,False,False,37.121
282,14.1,4,distraction,distracted,0.940808,0.058674,0.000269,0.0,0.000249,0.940808,0.08733,0.936723,0.0,0.154005,0.160745,0.160745,0.0,0.0,0.0,True,False,False,0.0,False,False,37.277
283,14.15,4,distraction,distracted,0.942555,0.056937,0.000266,0.0,0.000241,0.942555,0.074885,0.941014,0.0,0.154183,0.160437,0.160437,0.0,0.0,0.0,True,False,False,0.0,False,False,37.117
284,14.2,4,distraction,distracted,0.929052,0.070394,0.000291,0.0,0.000262,0.929052,0.078759,0.941003,0.0,0.153801,0.160145,0.160145,0.0,0.0,0.0,True,False,False,0.0,False,False,37.036
285,14.25,4,distraction,distracted,0.921293,0.078133,0.000302,0.0,0.000272,0.921293,0.069928,0.943616,0.0,0.154535,0.159824,0.159824,0.0,0.0,0.0,True,False,False,0.0,False,False,46.014
286,14.3,4,distraction,distracted,0.918504,0.080924,0.000303,0.0,0.00027,0.918504,0.078167,0.941185,0.0,0.154651,0.159534,0.159534,0.0,0.0,0.0,True,False,False,0.0,False,False,37.441
287,14.35,4,distraction,distracted,0.838629,0.160625,0.000378,0.0,0.000368,0.838629,0.067344,0.94414,0.0,0.154579,0.159207,0.159207,0.0,0.0,0.0,True,False,False,0.0,False,False,37.426
288,14.4,4,distraction,distracted,0.859176,0.140131,0.000351,0.0,0.000342,0.859176,0.064106,0.943074,0.0,0.154212,0.158872,0.158872,0.0,0.0,0.0,True,False,False,0.0,False,False,36.901
289,14.45,4,distraction,distracted,0.774016,0.225166,0.000394,0.0,0.000423,0.774016,0.050851,0.946851,0.0,0.153686,0.15849,0.15849,0.0,0.0,0.0,True,False,False,0.0,False,False,37.267
290,14.5,4,distraction,distracted,0.733317,0.265848,0.000393,0.0,0.000442,0.733317,0.044685,0.94908,0.0,0.153831,0.158089,0.158089,0.0,0.0,0.0,True,False,False,0.0,False,False,47.417
291,14.55,4,distraction,distracted,0.776652,0.222574,0.000369,0.0,0.000406,0.776652,0.057086,0.944253,0.0,0.153845,0.157736,0.157736,0.0,0.0,0.0,True,False,False,0.0,False,False,37.176
292,14.6,4,distraction,distracted,0.828291,0.171008,0.000346,0.0,0.000355,0.828291,0.053064,0.945239,0.0,0.153847,0.157371,0.157371,0.0,0.0,0.0,True,False,False,0.0,False,False,38.356
293,14.65,4,distraction,distracted,0.902575,0.096845,0.000301,0.0,0.000279,0.902575,0.051261,0.945333,0.0,0.153805,0.157003,0.157003,0.0,0.0,0.0,True,False,False,0.0,False,False,38.653
294,14.7,4,distraction,distracted,0.923049,0.076407,0.000288,0.0,0.000256,0.923049,0.057741,0.942921,0.0,0.153318,0.15666,0.15666,0.0,0.0,0.0,True,False,False,0.0,False,False,37.086
295,14.75,4,distraction,distracted,0.944173,0.055324,0.00027,0.0,0.000233,0.944173,0.056811,0.942257,0.0,0.153839,0.156316,0.156316,0.0,0.0,0.0,True,False,False,0.0,False,False,46.097
296,14.8,4,distraction,distracted,0.95712,0.042404,0.000255,0.0,0.000221,0.95712,0.079303,0.936701,0.0,0.153969,0.156054,0.156054,0.0,0.0,0.0,True,False,False,0.0,False,False,37.083
297,14.85,4,distraction,distracted,0.947557,0.05193,0.000271,0.0,0.000241,0.947557,0.08944,0.93627,0.0,0.154121,0.155828,0.155828,0.0,0.0,0.0,True,False,False,1.0,False,False,38.381
298,14.9,4,distraction,distracted,0.946686,0.052802,0.000269,0.0,0.000243,0.946686,0.088991,0.936948,0.0,0.154295,0.155601,0.155601,0.0,0.0,0.0,True,False,False,0.0,False,False,37.292
299,14.95,4,distraction,distracted,0.958534,0.040975,0.000263,0.0,0.000227,0.958534,0.287597,0.912031,0.0,0.154949,0.156035,0.156035,0.0,0.0,0.0,True,False,False,0.0,False,False,37.01
300,15.0,4,distraction,distracted,0.931348,0.068029,0.000347,0.0,0.000276,0.931348,0.496124,0.822702,0.0,0.157556,0.15704,0.15704,0.0,0.0,0.0,True,False,False,0.0,False,False,46.106
301,15.05,4,distraction,distracted,0.91863,0.080688,0.000389,0.0,0.000293,0.91863,0.46054,0.872035,0.0,0.159556,0.157987,0.157987,0.0,0.0,0.0,True,False,False,0.0,False,False,37.244
302,15.1,4,distraction,distracted,0.862019,0.137146,0.000468,0.0,0.000367,0.862019,0.310397,0.914888,0.0,0.160896,0.158485,0.158485,0.0,0.0,0.0,True,False,False,0.0,False,False,37.09
303,15.15,4,distraction,distracted,0.81931,0.179768,0.000506,0.0,0.000416,0.81931,0.160529,0.93703,0.0,0.161502,0.158491,0.158491,0.0,0.0,0.0,True,False,False,0.0,False,False,37.407
304,15.2,4,distraction,distracted,0.769461,0.229526,0.000543,0.0,0.00047,0.769461,0.069311,0.945792,0.0,0.161033,0.158193,0.158193,0.0,0.0,0.0,True,False,False,0.0,False,False,37.361
305,15.25,4,distraction,distracted,0.800362,0.19872,0.000485,0.0,0.000433,0.800362,0.063924,0.94671,0.0,0.161703,0.157877,0.157877,0.0,0.0,0.0,True,False,False,0.618481,False,False,45.951
306,15.3,4,distraction,distracted,0.85395,0.145259,0.000418,0.0,0.000373,0.85395,0.051123,0.947295,0.0,0.161737,0.157521,0.157521,0.0,0.0,0.0,True,False,False,0.618481,False,False,37.244
307,15.35,4,distraction,distracted,0.894657,0.104673,0.000363,0.0,0.000307,0.894657,0.059819,0.941568,0.0,0.161805,0.157198,0.157198,0.0,0.0,0.0,True,False,False,0.349774,False,False,37.253
308,15.4,4,distraction,distracted,0.912471,0.086911,0.000338,0.0,0.00028,0.912471,0.147552,0.922523,0.0,0.162331,0.157167,0.157167,0.0,0.0,0.0,True,False,False,0.0,False,False,37.112
309,15.45,4,distraction,distracted,0.916617,0.082774,0.000334,0.0,0.000275,0.916617,0.084283,0.938131,0.0,0.161937,0.156929,0.156929,0.0,0.0,0.0,True,False,False,0.0,False,False,38.566
310,15.5,4,distraction,distracted,0.882411,0.116899,0.000372,0.0,0.000318,0.882411,0.062455,0.944735,0.0,0.162634,0.156619,0.156619,0.0,0.0,0.0,True,False,False,0.0,False,False,47.948
311,15.55,4,distraction,distracted,0.87565,0.123678,0.000358,0.0,0.000314,0.87565,0.057468,0.94381,0.0,0.16271,0.156295,0.156295,0.0,0.0,0.0,True,False,False,0.0,False,False,37.229
312,15.6,4,distraction,distracted,0.811496,0.187752,0.000387,0.0,0.000365,0.811496,0.059145,0.942006,0.0,0.162794,0.155979,0.155979,0.0,0.0,0.0,True,False,False,0.0,False,False,37.954
313,15.65,4,distraction,distracted,0.875715,0.123633,0.000342,0.0,0.00031,0.875715,0.062047,0.94,0.0,0.162909,0.155675,0.155675,0.0,0.0,0.0,True,False,False,0.0,False,False,39.108
314,15.7,4,distraction,distracted,0.899078,0.100306,0.000322,0.0,0.000293,0.899078,0.057381,0.941711,0.0,0.162374,0.155358,0.155358,0.0,0.0,0.0,True,False,False,0.0,False,False,39.01
315,15.75,4,distraction,distracted,0.770749,0.228394,0.000422,0.0,0.000434,0.770749,0.064079,0.938662,0.0,0.163136,0.155065,0.155065,0.0,0.0,0.0,True,False,False,0.0,False,False,46.122
316,15.8,4,distraction,distracted,0.85875,0.140558,0.000341,0.0,0.000351,0.85875,0.072372,0.936639,0.0,0.163309,0.154801,0.154801,0.0,0.0,0.0,True,False,False,0.0,False,False,38.591
317,15.85,4,distraction,distracted,0.846403,0.152875,0.000355,0.0,0.000367,0.846403,0.055998,0.942692,0.0,0.163404,0.154484,0.154484,0.0,0.0,0.0,True,False,False,0.0,False,False,38.382
318,15.9,4,distraction,distracted,0.733619,0.265511,0.000396,0.0,0.000474,0.733619,0.087011,0.930493,0.0,0.163651,0.154272,0.154272,0.0,0.0,0.0,True,False,False,0.799248,False,False,37.042
319,15.95,4,distraction,distracted,0.816601,0.182651,0.000348,0.0,0.0004,0.816601,0.072961,0.93417,0.0,0.163195,0.154015,0.154015,0.0,0.0,0.0,True,False,False,0.735161,False,False,38.512
320,16.0,4,distraction,distracted,0.700681,0.29842,0.000392,0.0,0.000506,0.700681,0.05645,0.94324,0.0,0.160015,0.153706,0.153706,0.0,0.0,0.0,True,False,False,0.735161,False,False,45.958
321,16.05,4,distraction,distracted,0.536969,0.46202,0.000406,0.0,0.000604,0.536969,0.057299,0.9436,0.0,0.158183,0.153401,0.153401,0.0,0.0,0.0,True,False,False,1.0,False,False,37.04
322,16.1,0,alert,alert,0.598317,0.598317,0.000411,0.0,0.000688,0.400583,0.062606,0.938382,0.0,0.157002,0.153116,0.153116,0.0,0.0,0.0,True,False,False,1.0,False,False,37.302
323,16.15,0,alert,alert,0.715697,0.715697,0.000369,0.0,0.000743,0.28319,0.066065,0.939394,0.0,0.156543,0.152843,0.152843,0.0,0.0,0.0,True,False,False,0.0,False,False,37.082
324,16.2,0,alert,alert,0.76438,0.76438,0.000343,0.0,0.000772,0.234505,0.067139,0.936946,0.0,0.156177,0.152576,0.152576,0.0,0.0,0.0,True,False,False,0.0,False,False,37.147
325,16.25,0,alert,alert,0.698391,0.698391,0.000373,0.0,0.000805,0.300431,0.059937,0.938817,0.0,0.15663,0.152288,0.152288,0.0,0.0,0.0,True,False,False,0.848686,False,False,46.167
326,16.3,0,alert,alert,0.549424,0.549424,0.00041,0.0,0.000771,0.449395,0.056501,0.940211,0.0,0.156686,0.151991,0.151991,0.0,0.0,0.0,True,False,False,1.0,False,False,39.075
327,16.35,0,alert,alert,0.575138,0.575138,0.00041,0.0,0.000782,0.42367,0.061652,0.938773,0.0,0.156754,0.151712,0.151712,0.0,0.0,0.0,True,False,False,1.0,False,False,39.136
328,16.4,4,distraction,distracted,0.515838,0.483004,0.000427,0.0,0.000731,0.515838,0.072933,0.934217,0.0,0.156332,0.15147,0.15147,0.0,0.0,0.0,True,False,False,1.0,False,False,38.219
329,16.45,0,alert,alert,0.545132,0.545132,0.000422,0.0,0.000762,0.453685,0.071619,0.934681,0.0,0.156361,0.151226,0.151226,0.0,0.0,0.0,True,False,False,0.874321,False,False,38.882
330,16.5,0,alert,alert,0.541533,0.541533,0.000429,0.0,0.000731,0.457307,0.061806,0.938596,0.0,0.156712,0.150952,0.150952,0.0,0.0,0.0,True,False,False,0.874321,False,False,48.121
331,16.55,0,alert,alert,0.543211,0.543211,0.000435,0.0,0.000732,0.455622,0.055836,0.941981,0.0,0.156623,0.150661,0.150661,0.0,0.0,0.0,True,False,False,0.874321,False,False,38.077
332,16.6,0,alert,alert,0.671215,0.671215,0.000387,0.0,0.000912,0.327486,0.053646,0.943424,0.0,0.156492,0.150364,0.150364,0.0,0.0,0.0,True,False,False,0.55114,False,False,39.212
333,16.65,0,alert,alert,0.699256,0.699256,0.000363,0.0,0.001285,0.299097,0.058174,0.940258,0.0,0.155995,0.150084,0.150084,0.0,0.0,0.0,True,False,False,0.509026,False,False,38.415
334,16.7,0,alert,alert,0.531435,0.531435,0.000363,0.0,0.001769,0.466433,0.348679,0.891405,0.0,0.157315,0.150654,0.150654,0.0,0.0,0.0,True,False,False,0.493004,False,False,37.212
335,16.75,4,distraction,distracted,0.701455,0.296472,0.000346,0.0,0.001727,0.701455,0.378171,0.90747,0.0,0.159074,0.151318,0.151318,0.0,0.0,0.0,True,False,False,0.0,False,False,46.533
336,16.8,4,distraction,distracted,0.790883,0.20703,0.000334,0.0,0.001753,0.790883,0.308897,0.919163,0.0,0.159982,0.151782,0.151782,0.0,0.0,0.0,True,False,False,0.0,False,False,38.546
337,16.85,4,distraction,distracted,0.833673,0.164265,0.000311,0.0,0.001751,0.833673,0.2122,0.932227,0.0,0.160497,0.151962,0.151962,0.0,0.0,0.0,True,False,False,0.0,False,False,36.761
338,16.9,4,distraction,distracted,0.8568,0.141157,0.000295,0.0,0.001749,0.8568,0.095976,0.944288,0.0,0.160169,0.151793,0.151793,0.0,0.0,0.0,True,False,False,0.0,False,False,37.26
339,16.95,4,distraction,distracted,0.94996,0.049034,0.000207,0.0,0.000799,0.94996,0.056708,0.94835,0.0,0.159922,0.151507,0.151507,0.0,0.0,0.0,True,False,False,1.0,False,False,37.172
340,17.0,4,distraction,distracted,0.962265,0.036951,0.00019,0.0,0.000594,0.962265,0.054061,0.949006,0.0,0.160263,0.151214,0.151214,0.0,0.0,0.0,True,False,False,1.0,False,False,46.188
341,17.05,4,distraction,distracted,0.967242,0.032103,0.000177,0.0,0.000479,0.967242,0.058643,0.944693,0.0,0.160192,0.150938,0.150938,0.0,0.0,0.0,True,False,False,1.0,False,False,37.037
342,17.1,4,distraction,distracted,0.976489,0.023015,0.000157,0.0,0.000338,0.976489,0.07179,0.938562,0.0,0.160217,0.150705,0.150705,0.0,0.0,0.0,True,False,False,1.0,False,False,37.021
343,17.15,4,distraction,distracted,0.979887,0.019691,0.000151,0.0,0.000271,0.979887,0.07452,0.93791,0.0,0.159785,0.15048,0.15048,0.0,0.0,0.0,True,False,False,1.0,False,False,37.068
344,17.2,4,distraction,distracted,0.983344,0.016279,0.000147,0.0,0.00023,0.983344,0.112563,0.926354,0.0,0.160021,0.15037,0.15037,0.0,0.0,0.0,True,False,False,1.0,False,False,38.575
345,17.25,4,distraction,distracted,0.970127,0.029383,0.000181,0.0,0.000309,0.970127,0.122586,0.923159,0.0,0.160903,0.15029,0.15029,0.0,0.0,0.0,True,False,False,0.0,False,False,47.912
346,17.3,4,distraction,distracted,0.956896,0.042571,0.000189,0.0,0.000344,0.956896,0.115131,0.92929,0.0,0.161205,0.150189,0.150189,0.0,0.0,0.0,True,False,False,0.0,False,False,37.924
347,17.35,4,distraction,distracted,0.967089,0.032469,0.000171,0.0,0.000271,0.967089,0.118352,0.928634,0.0,0.161529,0.150097,0.150097,0.0,0.0,0.0,True,False,False,0.0,False,False,39.422
348,17.4,4,distraction,distracted,0.972014,0.027589,0.000165,0.0,0.000232,0.972014,0.083972,0.938738,0.0,0.161137,0.149905,0.149905,0.0,0.0,0.0,True,False,False,0.0,False,False,39.239
349,17.45,4,distraction,distracted,0.979337,0.020305,0.000157,0.0,0.000201,0.979337,0.073174,0.941092,0.0,0.161239,0.149683,0.149683,0.0,0.0,0.0,True,False,False,0.0,False,False,39.23
350,17.5,4,distraction,distracted,0.98268,0.016957,0.000164,0.0,0.000198,0.98268,0.071678,0.937936,0.0,0.161849,0.149458,0.149458,0.0,0.0,0.0,True,False,False,0.0,False,False,48.287
351,17.55,4,distraction,distracted,0.985022,0.014629,0.000158,0.0,0.00019,0.985022,0.103425,0.927402,0.0,0.162066,0.149327,0.149327,0.0,0.0,0.0,True,False,False,0.0,False,False,39.684
352,17.6,4,distraction,distracted,0.986189,0.013478,0.000151,0.0,0.000182,0.986189,0.29241,0.893677,0.0,0.16315,0.149718,0.149718,0.0,0.0,0.0,True,False,False,0.0,False,False,37.603
353,17.65,4,distraction,distracted,0.988247,0.011424,0.000152,0.0,0.000177,0.988247,0.489918,0.8211,0.0,0.164595,0.15057,0.15057,0.0,0.0,0.0,True,False,False,0.0,False,False,37.465
354,17.7,4,distraction,distracted,0.989024,0.010649,0.000153,0.0,0.000173,0.989024,0.517413,0.832408,0.0,0.166701,0.151499,0.151499,0.0,0.0,0.0,True,False,False,0.0,False,False,38.267
355,17.75,4,distraction,distracted,0.98863,0.011036,0.000155,0.0,0.000179,0.98863,0.4855,0.87481,0.0,0.169292,0.152385,0.152385,0.0,0.0,0.0,True,False,False,0.0,False,False,45.799
356,17.8,4,distraction,distracted,0.987334,0.012325,0.000156,0.0,0.000185,0.987334,0.407394,0.903107,0.0,0.170999,0.153082,0.153082,0.0,0.0,0.0,True,False,False,0.0,False,False,38.243
357,17.85,4,distraction,distracted,0.986963,0.012702,0.000152,0.0,0.000183,0.986963,0.259233,0.924211,0.0,0.171854,0.153378,0.153378,0.0,0.0,0.0,True,False,False,0.0,False,False,37.427
358,17.9,4,distraction,distracted,0.987631,0.012039,0.00015,0.0,0.00018,0.987631,0.134582,0.939615,0.0,0.171665,0.153325,0.153325,0.0,0.0,0.0,True,False,False,0.0,False,False,38.178
359,17.95,4,distraction,distracted,0.987749,0.011909,0.000157,0.0,0.000184,0.987749,0.110457,0.940963,0.0,0.170279,0.153204,0.153204,0.0,0.0,0.0,True,False,False,0.0,False,False,37.126
360,18.0,4,distraction,distracted,0.988165,0.0115,0.000154,0.0,0.000181,0.988165,0.082647,0.944292,0.0,0.166527,0.153004,0.153004,0.0,0.0,0.0,True,False,False,0.0,False,False,46.341
361,18.05,4,distraction,distracted,0.984118,0.015511,0.000164,0.0,0.000207,0.984118,0.122273,0.92997,0.0,0.164071,0.152919,0.152919,0.0,0.0,0.0,True,False,False,0.0,False,False,37.37
362,18.1,4,distraction,distracted,0.987014,0.012646,0.00015,0.0,0.00019,0.987014,0.45142,0.851283,0.0,0.162888,0.153675,0.153675,0.0,0.0,0.0,True,False,False,0.0,False,False,37.581
363,18.15,4,distraction,distracted,0.988803,0.010871,0.000147,0.0,0.000179,0.988803,0.514101,0.831126,0.0,0.16446,0.154565,0.154565,0.0,0.0,0.0,True,False,False,0.0,False,False,37.572
364,18.2,4,distraction,distracted,0.98897,0.010674,0.000163,0.0,0.000193,0.98897,0.529216,0.845105,0.0,0.162077,0.155502,0.155502,0.0,0.0,0.0,True,False,False,0.0,False,False,37.116
365,18.25,4,distraction,distracted,0.989485,0.010167,0.000162,0.0,0.000186,0.989485,0.489969,0.876566,0.0,0.162247,0.156368,0.156368,0.0,0.0,0.0,True,False,False,0.0,False,False,45.752
366,18.3,4,distraction,distracted,0.988986,0.010669,0.000162,0.0,0.000183,0.988986,0.397525,0.906996,0.0,0.162633,0.157013,0.157013,0.0,0.0,0.0,True,False,False,0.0,False,False,37.352
367,18.35,4,distraction,distracted,0.984285,0.015336,0.000179,0.0,0.0002,0.984285,0.222854,0.932035,0.0,0.162962,0.157193,0.157193,0.0,0.0,0.0,True,False,False,0.42125,False,False,38.75
368,18.4,4,distraction,distracted,0.98153,0.018095,0.000178,0.0,0.000197,0.98153,0.126744,0.941812,0.0,0.162778,0.157109,0.157109,0.0,0.0,0.0,True,False,False,0.0,False,False,38.388
369,18.45,4,distraction,distracted,0.978688,0.02092,0.000188,0.0,0.000204,0.978688,0.122365,0.939738,0.0,0.163584,0.157013,0.157013,0.0,0.0,0.0,True,False,False,0.588562,False,False,37.38
370,18.5,4,distraction,distracted,0.979053,0.020572,0.000181,0.0,0.000195,0.979053,0.220842,0.915272,0.0,0.164476,0.157184,0.157184,0.0,0.0,0.0,True,False,False,0.650818,False,False,47.4
371,18.55,4,distraction,distracted,0.981853,0.017785,0.000171,0.0,0.000191,0.981853,0.191304,0.926176,0.0,0.165212,0.157275,0.157275,0.0,0.0,0.0,True,False,False,0.650818,False,False,38.841
372,18.6,4,distraction,distracted,0.980959,0.018655,0.000174,0.0,0.000211,0.980959,0.329737,0.90603,0.0,0.166615,0.157728,0.157728,0.0,0.0,0.0,True,False,False,0.0,False,False,38.721
373,18.65,4,distraction,distracted,0.980696,0.018906,0.000168,0.0,0.000229,0.980696,0.485334,0.849347,0.0,0.168074,0.158533,0.158533,0.0,0.0,0.0,True,False,False,0.0,False,False,38.343
374,18.7,4,distraction,distracted,0.973598,0.025944,0.000181,0.0,0.000278,0.973598,0.525634,0.837935,0.0,0.170826,0.15942,0.15942,0.0,0.0,0.0,True,False,False,0.0,False,False,37.277
375,18.75,4,distraction,distracted,0.933175,0.066082,0.000242,0.0,0.0005,0.933175,0.537627,0.855727,0.0,0.173128,0.160351,0.160351,0.0,0.0,0.0,True,False,False,0.0,False,False,46.093
376,18.8,4,distraction,distracted,0.929934,0.069383,0.000244,0.0,0.000438,0.929934,0.597129,0.857821,0.0,0.175712,0.161426,0.161426,0.0,0.0,0.0,True,False,False,0.0,False,False,37.217
377,18.85,4,distraction,distracted,0.910628,0.088672,0.000281,0.0,0.000418,0.910628,0.501617,0.891304,0.0,0.177908,0.162294,0.162294,0.0,0.0,0.0,True,False,False,0.0,False,False,38.269
378,18.9,4,distraction,distracted,0.835937,0.163184,0.000371,0.0,0.000508,0.835937,0.406693,0.914854,0.0,0.179038,0.162933,0.162933,0.0,0.0,0.0,True,False,False,0.0,False,False,37.392
379,18.95,4,distraction,distracted,0.82741,0.171686,0.000363,0.0,0.000542,0.82741,0.336221,0.922725,0.0,0.18115,0.163388,0.163388,0.0,0.0,0.0,True,False,False,0.0,False,False,36.941
380,19.0,4,distraction,distracted,0.820659,0.178402,0.000345,0.0,0.000594,0.820659,0.159908,0.941319,0.0,0.181684,0.163379,0.163379,0.0,0.0,0.0,True,False,False,0.0,False,False,45.9
381,19.05,4,distraction,distracted,0.930866,0.068517,0.000251,0.0,0.000366,0.930866,0.067917,0.948799,0.0,0.181735,0.163122,0.163122,0.0,0.0,0.0,True,False,False,0.0,False,False,37.256
382,19.1,4,distraction,distracted,0.960094,0.039407,0.000223,0.0,0.000275,0.960094,0.044366,0.949646,0.0,0.181677,0.162804,0.162804,0.0,0.0,0.0,True,False,False,0.0,False,False,38.552
383,19.15,4,distraction,distracted,0.878549,0.120641,0.000333,0.0,0.000478,0.878549,0.052985,0.946734,0.0,0.181019,0.162511,0.162511,0.0,0.0,0.0,True,False,False,0.0,False,False,38.521
384,19.2,4,distraction,distracted,0.933929,0.065457,0.00027,0.0,0.000344,0.933929,0.05531,0.945121,0.0,0.181565,0.162226,0.162226,0.0,0.0,0.0,True,False,False,0.0,False,False,37.471
385,19.25,4,distraction,distracted,0.965627,0.033876,0.000239,0.0,0.000259,0.965627,0.080624,0.938404,0.0,0.181699,0.162011,0.162011,0.0,0.0,0.0,True,False,False,0.0,False,False,47.529
386,19.3,4,distraction,distracted,0.97485,0.024703,0.000222,0.0,0.000225,0.97485,0.081532,0.937019,0.0,0.181794,0.161801,0.161801,0.0,0.0,0.0,True,False,False,0.0,False,False,39.83
387,19.35,4,distraction,distracted,0.976922,0.022641,0.000222,0.0,0.000215,0.976922,0.062642,0.941686,0.0,0.181686,0.16154,0.16154,0.0,0.0,0.0,True,False,False,1.0,False,False,37.766
388,19.4,4,distraction,distracted,0.981547,0.018042,0.000212,0.0,0.000198,0.981547,0.059811,0.942336,0.0,0.181065,0.161274,0.161274,0.0,0.0,0.0,True,False,False,1.0,False,False,37.367
389,19.45,4,distraction,distracted,0.9853,0.014316,0.0002,0.0,0.000184,0.9853,0.06518,0.940751,0.0,0.181173,0.161023,0.161023,0.0,0.0,0.0,True,False,False,1.0,False,False,37.249
390,19.5,4,distraction,distracted,0.985951,0.013644,0.000212,0.0,0.000193,0.985951,0.067558,0.941707,0.0,0.180964,0.16078,0.16078,0.0,0.0,0.0,True,False,False,1.0,False,False,46.596
391,19.55,4,distraction,distracted,0.984292,0.015297,0.000215,0.0,0.000196,0.984292,0.054108,0.94481,0.0,0.180772,0.160502,0.160502,0.0,0.0,0.0,True,False,False,1.0,False,False,37.42
392,19.6,4,distraction,distracted,0.986763,0.012863,0.000196,0.0,0.000178,0.986763,0.079183,0.938511,0.0,0.180796,0.160292,0.160292,0.0,0.0,0.0,True,False,False,0.883648,False,False,38.492
393,19.65,4,distraction,distracted,0.988062,0.011589,0.000181,0.0,0.000169,0.988062,0.056048,0.944875,0.0,0.180159,0.160021,0.160021,0.0,0.0,0.0,True,False,False,0.758736,False,False,37.332
394,19.7,4,distraction,distracted,0.989291,0.01037,0.000171,0.0,0.000168,0.989291,0.051581,0.94556,0.0,0.178813,0.159741,0.159741,0.0,0.0,0.0,True,False,False,0.0,False,False,38.416
395,19.75,4,distraction,distracted,0.989591,0.010079,0.000164,0.0,0.000167,0.989591,0.047811,0.945954,0.0,0.176627,0.159452,0.159452,0.0,0.0,0.0,True,False,False,0.0,False,False,47.299
396,19.8,4,distraction,distracted,0.989508,0.010166,0.00016,0.0,0.000165,0.989508,0.047673,0.946704,0.0,0.174304,0.159163,0.159163,0.0,0.0,0.0,True,False,False,0.0,False,False,37.137
397,19.85,4,distraction,distracted,0.989371,0.010294,0.000165,0.0,0.00017,0.989371,0.043326,0.947222,0.0,0.1722,0.158865,0.158865,0.0,0.0,0.0,True,False,False,0.0,False,False,37.285
398,19.9,4,distraction,distracted,0.989293,0.010374,0.000163,0.0,0.000171,0.989293,0.043747,0.947716,0.0,0.171544,0.15857,0.15857,0.0,0.0,0.0,True,False,False,0.0,False,False,37.084
399,19.95,4,distraction,distracted,0.989149,0.010517,0.000161,0.0,0.000172,0.989149,0.041858,0.948319,0.0,0.170232,0.158271,0.158271,0.0,0.0,0.0,True,False,False,0.0,False,False,38.871
400,20.0,4,distraction,distracted,0.988539,0.011129,0.00016,0.0,0.000172,0.988539,0.051783,0.94491,0.0,0.170125,0.157999,0.157999,0.0,0.0,0.0,True,False,False,0.0,False,False,47.607
401,20.05,4,distraction,distracted,0.988535,0.011133,0.000158,0.0,0.000174,0.988535,0.057851,0.942117,0.0,0.170093,0.157746,0.157746,0.0,0.0,0.0,True,False,False,0.0,False,False,37.578
402,20.1,4,distraction,distracted,0.988424,0.011242,0.000157,0.0,0.000176,0.988424,0.077674,0.936811,0.0,0.170181,0.157545,0.157545,0.0,0.0,0.0,True,False,False,0.0,False,False,37.432
403,20.15,4,distraction,distracted,0.98628,0.013376,0.000161,0.0,0.000183,0.98628,0.081203,0.936533,0.0,0.169732,0.157353,0.157353,0.0,0.0,0.0,True,False,False,0.598404,False,False,37.166
404,20.2,4,distraction,distracted,0.985054,0.014597,0.000164,0.0,0.000185,0.985054,0.076021,0.937322,0.0,0.170154,0.15715,0.15715,0.0,0.0,0.0,True,False,False,0.598404,False,False,36.932
405,20.25,4,distraction,distracted,0.980906,0.018715,0.000176,0.0,0.000203,0.980906,0.097675,0.932803,0.0,0.170148,0.157002,0.157002,0.0,0.0,0.0,True,False,False,0.0,False,False,47.426
406,20.3,4,distraction,distracted,0.980456,0.019162,0.000175,0.0,0.000208,0.980456,0.081364,0.938728,0.0,0.170097,0.156814,0.156814,0.0,0.0,0.0,True,False,False,0.0,False,False,37.238
407,20.35,4,distraction,distracted,0.97447,0.025103,0.000199,0.0,0.000228,0.97447,0.084818,0.936758,0.0,0.170105,0.156635,0.156635,0.0,0.0,0.0,True,False,False,0.925247,False,False,36.85
408,20.4,4,distraction,distracted,0.971942,0.027609,0.000215,0.0,0.000234,0.971942,0.069657,0.939944,0.0,0.169596,0.156419,0.156419,0.0,0.0,0.0,True,False,False,0.645096,False,False,37.207
409,20.45,4,distraction,distracted,0.976555,0.023008,0.000212,0.0,0.000225,0.976555,0.060444,0.941696,0.0,0.169889,0.156181,0.156181,0.0,0.0,0.0,True,False,False,0.852005,False,False,38.16
410,20.5,4,distraction,distracted,0.98067,0.018906,0.000204,0.0,0.00022,0.98067,0.064983,0.940418,0.0,0.169834,0.155955,0.155955,0.0,0.0,0.0,True,False,False,0.0,False,False,46.481
411,20.55,4,distraction,distracted,0.971601,0.027878,0.000237,0.0,0.000284,0.971601,0.078504,0.934253,0.0,0.169742,0.155766,0.155766,0.0,0.0,0.0,True,False,False,0.424454,False,False,37.699
412,20.6,4,distraction,distracted,0.980349,0.019207,0.000197,0.0,0.000246,0.980349,0.085002,0.932284,0.0,0.169761,0.155593,0.155593,0.0,0.0,0.0,True,False,False,0.297653,False,False,37.155
413,20.65,4,distraction,distracted,0.984129,0.015459,0.000183,0.0,0.000228,0.984129,0.093357,0.933509,0.0,0.169376,0.155441,0.155441,0.0,0.0,0.0,True,False,False,0.294678,False,False,37.124
414,20.7,4,distraction,distracted,0.985962,0.013643,0.000177,0.0,0.000219,0.985962,0.075116,0.938982,0.0,0.170031,0.155245,0.155245,0.0,0.0,0.0,True,False,False,0.0,False,False,37.448
415,20.75,4,distraction,distracted,0.988035,0.0116,0.000167,0.0,0.000197,0.988035,0.095956,0.934121,0.0,0.170276,0.155101,0.155101,0.0,0.0,0.0,True,False,False,0.0,False,False,47.936
416,20.8,4,distraction,distracted,0.988898,0.010745,0.000166,0.0,0.00019,0.988898,0.136505,0.925888,0.0,0.170743,0.155057,0.155057,0.0,0.0,0.0,True,False,False,0.0,False,False,38.179
417,20.85,4,distraction,distracted,0.989041,0.010605,0.000167,0.0,0.000188,0.989041,0.145551,0.922875,0.0,0.17126,0.155034,0.155034,0.0,0.0,0.0,True,False,False,0.573914,False,False,37.65
418,20.9,4,distraction,distracted,0.988826,0.010811,0.000176,0.0,0.000187,0.988826,0.459032,0.850753,0.0,0.17258,0.155701,0.155701,0.0,0.0,0.0,True,False,False,0.608475,False,False,38.148
419,20.95,4,distraction,distracted,0.99021,0.009437,0.000174,0.0,0.00018,0.99021,0.532743,0.820748,0.0,0.175409,0.156497,0.156497,0.0,0.0,0.0,True,False,False,0.573914,False,False,37.915
420,21.0,4,distraction,distracted,0.988326,0.011291,0.000188,0.0,0.000196,0.988326,0.489067,0.872392,0.0,0.176252,0.157242,0.157242,0.0,0.0,0.0,True,False,False,0.608475,False,False,46.575
421,21.05,4,distraction,distracted,0.983374,0.016181,0.00021,0.0,0.000236,0.983374,0.424474,0.90362,0.0,0.176045,0.157861,0.157861,0.0,0.0,0.0,True,False,False,0.0,False,False,37.286
422,21.1,4,distraction,distracted,0.97164,0.02782,0.000235,0.0,0.000306,0.97164,0.259601,0.928845,0.0,0.174778,0.158102,0.158102,0.0,0.0,0.0,True,False,False,0.0,False,False,36.987
423,21.15,4,distraction,distracted,0.970108,0.029365,0.000212,0.0,0.000314,0.970108,0.114972,0.946285,0.0,0.174473,0.157998,0.157998,0.0,0.0,0.0,True,False,False,0.394928,False,False,37.183
424,21.2,4,distraction,distracted,0.981603,0.017988,0.000171,0.0,0.000238,0.981603,0.056397,0.95292,0.0,0.169346,0.157752,0.157752,0.0,0.0,0.0,True,False,False,0.394928,False,False,36.945
425,21.25,4,distraction,distracted,0.985671,0.013959,0.000159,0.0,0.000212,0.985671,0.043894,0.953245,0.0,0.166034,0.157477,0.157477,0.0,0.0,0.0,True,False,False,0.45993,False,False,47.183
426,21.3,4,distraction,distracted,0.987973,0.011681,0.000152,0.0,0.000195,0.987973,0.044533,0.951229,0.0,0.162694,0.157205,0.157205,0.0,0.0,0.0,True,False,False,0.504105,False,False,37.344
427,21.35,4,distraction,distracted,0.986188,0.013452,0.000157,0.0,0.000203,0.986188,0.045857,0.948958,0.0,0.159823,0.156938,0.156938,0.0,0.0,0.0,True,False,False,0.45993,False,False,37.074
428,21.4,4,distraction,distracted,0.975311,0.024251,0.000186,0.0,0.000251,0.975311,0.045585,0.948717,0.0,0.159241,0.156672,0.156672,0.0,0.0,0.0,True,False,False,0.0,False,False,37.12
429,21.45,4,distraction,distracted,0.975035,0.024552,0.000176,0.0,0.000236,0.975035,0.05645,0.944063,0.0,0.156062,0.156434,0.156434,0.0,0.0,0.0,True,False,False,0.0,False,False,38.786
430,21.5,4,distraction,distracted,0.979583,0.020038,0.000167,0.0,0.000212,0.979583,0.063102,0.941598,0.0,0.155533,0.156214,0.156214,0.0,0.0,0.0,True,False,False,0.0,False,False,47.239
431,21.55,4,distraction,distracted,0.979422,0.020198,0.000171,0.0,0.000208,0.979422,0.064299,0.939968,0.0,0.155478,0.155998,0.155998,0.0,0.0,0.0,True,False,False,0.0,False,False,38.72
432,21.6,4,distraction,distracted,0.978647,0.020956,0.000179,0.0,0.000217,0.978647,0.090981,0.935686,0.0,0.155669,0.155846,0.155846,0.0,0.0,0.0,True,False,False,0.0,False,False,38.414
433,21.65,4,distraction,distracted,0.96081,0.038672,0.00022,0.0,0.000299,0.96081,0.06317,0.941413,0.0,0.155201,0.155629,0.155629,0.0,0.0,0.0,True,False,False,0.0,False,False,38.439
434,21.7,4,distraction,distracted,0.898734,0.100422,0.00029,0.0,0.000554,0.898734,0.081187,0.937096,0.0,0.155882,0.155455,0.155455,0.0,0.0,0.0,True,False,False,0.0,False,False,38.267
435,21.75,4,distraction,distracted,0.788899,0.209839,0.000338,0.0,0.000924,0.788899,0.091747,0.932903,0.0,0.156105,0.155308,0.155308,0.0,0.0,0.0,True,False,False,0.0,False,False,47.324
436,21.8,4,distraction,distracted,0.759573,0.239192,0.000326,0.0,0.000909,0.759573,0.109729,0.92764,0.0,0.154702,0.155204,0.155204,0.0,0.0,0.0,True,False,False,0.0,False,False,38.276
437,21.85,4,distraction,distracted,0.817379,0.181626,0.000301,0.0,0.000694,0.817379,0.106209,0.930018,0.0,0.152853,0.155091,0.155091,0.0,0.0,0.0,True,False,False,0.0,False,False,36.907
438,21.9,4,distraction,distracted,0.906176,0.09312,0.000257,0.0,0.000447,0.906176,0.076208,0.937858,0.0,0.152467,0.154909,0.154909,0.0,0.0,0.0,True,False,False,0.209648,False,False,37.095
439,21.95,4,distraction,distracted,0.949357,0.050102,0.000224,0.0,0.000317,0.949357,0.061027,0.942363,0.0,0.148079,0.154692,0.154692,0.0,0.0,0.0,True,False,False,0.118553,False,False,37.024
440,22.0,4,distraction,distracted,0.857299,0.141918,0.000318,0.0,0.000465,0.857299,0.048517,0.946357,0.0,0.146109,0.154446,0.154446,0.0,0.0,0.0,True,False,False,0.0,False,False,46.272
441,22.05,4,distraction,distracted,0.772928,0.226172,0.000368,0.0,0.000532,0.772928,0.044788,0.947555,0.0,0.144966,0.154192,0.154192,0.0,0.0,0.0,True,False,False,0.0,False,False,38.37
442,22.1,4,distraction,distracted,0.626798,0.372154,0.000413,0.0,0.000635,0.626798,0.041129,0.949458,0.0,0.144617,0.15393,0.15393,0.0,0.0,0.0,True,False,False,0.0,False,False,38.447
443,22.15,4,distraction,distracted,0.545112,0.453776,0.000436,0.0,0.000675,0.545112,0.044181,0.947315,0.0,0.144107,0.153677,0.153677,0.0,0.0,0.0,True,False,False,0.0,False,False,36.961
444,22.2,4,distraction,distracted,0.585786,0.413128,0.000444,0.0,0.000642,0.585786,0.060921,0.938944,0.0,0.144654,0.153466,0.153466,0.0,0.0,0.0,True,False,False,0.0,False,False,37.188
445,22.25,0,alert,alert,0.551708,0.551708,0.000423,0.0,0.000686,0.447183,0.058937,0.942344,0.0,0.144712,0.15325,0.15325,0.0,0.0,0.0,True,False,False,0.0,False,False,46.016
446,22.3,0,alert,alert,0.527973,0.527973,0.000402,0.0,0.000668,0.470957,0.052468,0.943561,0.0,0.144736,0.15302,0.15302,0.0,0.0,0.0,True,False,False,0.0,False,False,37.387
447,22.35,0,alert,alert,0.555502,0.555502,0.000395,0.0,0.000683,0.44342,0.050032,0.943796,0.0,0.144732,0.152786,0.152786,0.0,0.0,0.0,True,False,False,0.0,False,False,38.341
448,22.4,0,alert,alert,0.589683,0.589683,0.000367,0.0,0.000695,0.409255,0.053949,0.942245,0.0,0.144273,0.152562,0.152562,0.0,0.0,0.0,True,False,False,0.0,False,False,38.426
449,22.45,0,alert,alert,0.606005,0.606005,0.000327,0.0,0.000817,0.392852,0.049639,0.943108,0.0,0.144739,0.152329,0.152329,0.0,0.0,0.0,True,False,False,0.0,False,False,37.308
450,22.5,0,alert,alert,0.679306,0.679306,0.000294,0.0,0.00078,0.31962,0.276219,0.904501,0.0,0.145853,0.152598,0.152598,0.0,0.0,0.0,True,False,False,0.0,False,False,46.044
451,22.55,0,alert,alert,0.735139,0.735139,0.000277,0.0,0.000724,0.263859,0.449741,0.877442,0.0,0.147775,0.153221,0.153221,0.0,0.0,0.0,True,False,False,0.0,False,False,37.027
452,22.6,0,alert,alert,0.791319,0.791319,0.000269,0.0,0.000724,0.207688,0.387548,0.906033,0.0,0.149451,0.153727,0.153727,0.0,0.0,0.0,True,False,False,0.0,False,False,37.235
453,22.65,0,alert,alert,0.858962,0.858962,0.00024,0.0,0.000729,0.140069,0.220814,0.937597,0.0,0.14981,0.153876,0.153876,0.0,0.0,0.0,True,False,False,0.0,False,False,37.247
454,22.7,0,alert,alert,0.8169,0.8169,0.000273,0.0,0.000762,0.182065,0.148781,0.941671,0.0,0.150862,0.153865,0.153865,0.0,0.0,0.0,True,False,False,0.0,False,False,36.94
455,22.75,0,alert,alert,0.814228,0.814228,0.000274,0.0,0.000748,0.18475,0.079998,0.947129,0.0,0.151041,0.153699,0.153699,0.0,0.0,0.0,True,False,False,0.0,False,False,46.37
456,22.8,0,alert,alert,0.86683,0.86683,0.000253,0.0,0.000707,0.13221,0.049699,0.951521,0.0,0.150386,0.153465,0.153465,0.0,0.0,0.0,True,False,False,0.0,False,False,37.31
457,22.85,0,alert,alert,0.89333,0.89333,0.000236,0.0,0.000718,0.105716,0.040893,0.95208,0.0,0.148397,0.153213,0.153213,0.0,0.0,0.0,True,False,False,0.0,False,False,38.531
458,22.9,0,alert,alert,0.934013,0.934013,0.000202,0.0,0.00071,0.065076,0.046183,0.949604,0.0,0.147876,0.152974,0.152974,0.0,0.0,0.0,True,False,False,0.0,False,False,38.898
459,22.95,0,alert,alert,0.943206,0.943206,0.000201,0.0,0.000729,0.055865,0.055117,0.945753,0.0,0.144158,0.152756,0.152756,0.0,0.0,0.0,True,False,False,0.0,False,False,37.483
460,23.0,0,alert,alert,0.944226,0.944226,0.000206,0.0,0.000761,0.054807,0.07314,0.941421,0.0,0.142371,0.152581,0.152581,0.0,0.0,0.0,True,False,False,0.0,False,False,46.659
461,23.05,0,alert,alert,0.947731,0.947731,0.000209,0.0,0.000767,0.051293,0.078378,0.940369,0.0,0.140968,0.152418,0.152418,0.0,0.0,0.0,True,False,False,0.0,False,False,39.215
462,23.1,0,alert,alert,0.954332,0.954332,0.000211,0.0,0.000741,0.044716,0.097684,0.937678,0.0,0.140364,0.152298,0.152298,0.0,0.0,0.0,True,False,False,0.0,False,False,39.463
463,23.15,0,alert,alert,0.96148,0.96148,0.000212,0.0,0.000731,0.037577,0.071603,0.944338,0.0,0.140016,0.152121,0.152121,0.0,0.0,0.0,True,False,False,0.0,False,False,38.753
464,23.2,0,alert,alert,0.966849,0.966849,0.00021,0.0,0.000747,0.032194,0.063978,0.944751,0.0,0.140039,0.151928,0.151928,0.0,0.0,0.0,True,False,False,0.0,False,False,38.772
465,23.25,0,alert,alert,0.969859,0.969859,0.000211,0.0,0.000767,0.029163,0.056185,0.945401,0.0,0.140006,0.151718,0.151718,0.0,0.0,0.0,True,False,False,0.0,False,False,47.237
466,23.3,0,alert,alert,0.972027,0.972027,0.00021,0.0,0.000795,0.026969,0.053051,0.946382,0.0,0.138194,0.151502,0.151502,0.0,0.0,0.0,True,False,False,0.0,False,False,39.485
467,23.35,0,alert,alert,0.973082,0.973082,0.000204,0.0,0.000814,0.025899,0.048619,0.947582,0.0,0.13606,0.151277,0.151277,0.0,0.0,0.0,True,False,False,0.0,False,False,37.874
468,23.4,0,alert,alert,0.975447,0.975447,0.000199,0.0,0.000824,0.023529,0.043921,0.949139,0.0,0.135592,0.151043,0.151043,0.0,0.0,0.0,True,False,False,0.0,False,False,37.185
469,23.45,0,alert,alert,0.977961,0.977961,0.000198,0.0,0.000826,0.021015,0.042275,0.950198,0.0,0.131991,0.150805,0.150805,0.0,0.0,0.0,True,False,False,0.0,False,False,38.258
470,23.5,0,alert,alert,0.979481,0.979481,0.000199,0.0,0.000836,0.019484,0.043734,0.949446,0.0,0.130815,0.150573,0.150573,0.0,0.0,0.0,True,False,False,0.0,False,False,47.48
471,23.55,0,alert,alert,0.979765,0.979765,0.000202,0.0,0.00086,0.019173,0.047084,0.948495,0.0,0.130383,0.150348,0.150348,0.0,0.0,0.0,True,False,False,0.0,False,False,37.09
472,23.6,0,alert,alert,0.979289,0.979289,0.000202,0.0,0.000885,0.019624,0.043742,0.949155,0.0,0.130252,0.150117,0.150117,0.0,0.0,0.0,True,False,False,0.0,False,False,37.096
473,23.65,0,alert,alert,0.981518,0.981518,0.000189,0.0,0.000992,0.0173,0.045921,0.947985,0.0,0.129825,0.149892,0.149892,0.0,0.0,0.0,True,False,False,0.0,False,False,36.968
474,23.7,0,alert,alert,0.978231,0.978231,0.000209,0.0,0.00098,0.02058,0.051498,0.945872,0.0,0.130266,0.149681,0.149681,0.0,0.0,0.0,True,False,False,0.362885,False,False,37.004
475,23.75,0,alert,alert,0.97402,0.97402,0.000237,0.0,0.000982,0.024761,0.044791,0.94857,0.0,0.130258,0.149456,0.149456,0.0,0.0,0.0,True,False,False,0.432465,False,False,47.357
476,23.8,0,alert,alert,0.951775,0.951775,0.000328,0.0,0.001058,0.046838,0.046982,0.946306,0.0,0.130261,0.149236,0.149236,0.0,0.0,0.0,True,False,False,0.432465,False,False,38.392
477,23.85,0,alert,alert,0.944301,0.944301,0.000354,0.0,0.001005,0.05434,0.045028,0.948573,0.0,0.13025,0.149013,0.149013,0.0,0.0,0.0,True,False,False,0.0,False,False,37.295
478,23.9,0,alert,alert,0.896016,0.896016,0.000437,0.0,0.001102,0.102446,0.080992,0.941053,0.0,0.130002,0.148869,0.148869,0.0,0.0,0.0,True,False,False,0.0,False,False,38.352
479,23.95,0,alert,alert,0.766308,0.766308,0.00059,0.0,0.00109,0.232012,0.115746,0.933085,0.0,0.130776,0.148799,0.148799,0.0,0.0,0.0,True,False,False,0.0,False,False,38.529
480,24.0,0,alert,alert,0.760518,0.760518,0.000553,0.0,0.000939,0.237989,0.085897,0.942515,0.0,0.130947,0.148667,0.148667,0.0,0.0,0.0,True,False,False,0.0,False,False,45.842
481,24.05,0,alert,alert,0.741068,0.741068,0.000536,0.0,0.000924,0.257473,0.058007,0.94767,0.0,0.130914,0.148474,0.148474,0.0,0.0,0.0,True,False,False,0.0,False,False,37.012
482,24.1,0,alert,alert,0.761202,0.761202,0.000478,0.0,0.00091,0.23741,0.050447,0.949829,0.0,0.130723,0.148266,0.148266,0.0,0.0,0.0,True,False,False,0.0,False,False,37.022
483,24.15,0,alert,alert,0.785669,0.785669,0.000435,0.0,0.000884,0.213012,0.047497,0.950549,0.0,0.1303,0.148053,0.148053,0.0,0.0,0.0,True,False,False,0.0,False,False,37.263
484,24.2,0,alert,alert,0.801215,0.801215,0.000403,0.0,0.000861,0.197521,0.049049,0.949414,0.0,0.130426,0.147844,0.147844,0.0,0.0,0.0,True,False,False,0.0,False,False,38.159
485,24.25,0,alert,alert,0.750171,0.750171,0.000435,0.0,0.000864,0.24853,0.044827,0.950037,0.0,0.130296,0.147627,0.147627,0.0,0.0,0.0,True,False,False,0.0,False,False,47.165
486,24.3,0,alert,alert,0.728148,0.728148,0.000442,0.0,0.000841,0.270568,0.043094,0.950528,0.0,0.130115,0.147407,0.147407,0.0,0.0,0.0,True,False,False,0.0,False,False,38.509
487,24.35,0,alert,alert,0.627948,0.627948,0.00048,0.0,0.000809,0.370763,0.04245,0.950857,0.0,0.129985,0.147186,0.147186,0.0,0.0,0.0,True,False,False,0.0,False,False,37.051
488,24.4,0,alert,alert,0.566212,0.566212,0.000498,0.0,0.000763,0.432527,0.043862,0.950343,0.0,0.129548,0.14697,0.14697,0.0,0.0,0.0,True,False,False,0.0,False,False,38.409
489,24.45,0,alert,alert,0.651993,0.651993,0.000469,0.0,0.000758,0.34678,0.041512,0.950447,0.0,0.12983,0.146749,0.146749,0.0,0.0,0.0,True,False,False,0.0,False,False,38.721
490,24.5,0,alert,alert,0.685418,0.685418,0.000464,0.0,0.000763,0.313355,0.044282,0.948812,0.0,0.129828,0.146536,0.146536,0.0,0.0,0.0,True,False,False,0.0,False,False,47.29
491,24.55,0,alert,alert,0.674553,0.674553,0.00048,0.0,0.000754,0.324213,0.055094,0.944744,0.0,0.129818,0.146346,0.146346,0.0,0.0,0.0,True,False,False,0.0,False,False,37.4
492,24.6,0,alert,alert,0.629713,0.629713,0.000513,0.0,0.000754,0.369021,0.065862,0.942159,0.0,0.129884,0.14618,0.14618,0.0,0.0,0.0,True,False,False,0.0,False,False,37.133
493,24.65,0,alert,alert,0.642647,0.642647,0.000522,0.0,0.000753,0.356078,0.061212,0.94401,0.0,0.129537,0.146005,0.146005,0.0,0.0,0.0,True,False,False,0.0,False,False,37.233
494,24.7,0,alert,alert,0.626035,0.626035,0.000539,0.0,0.000757,0.372669,0.055829,0.946813,0.0,0.129924,0.145819,0.145819,0.0,0.0,0.0,True,False,False,0.0,False,False,37.249
495,24.75,4,distraction,distracted,0.631113,0.367604,0.000621,0.0,0.000661,0.631113,0.418881,0.875964,0.0,0.131654,0.146339,0.146339,0.0,0.0,0.0,True,False,False,0.0,False,False,47.302
496,24.8,4,distraction,distracted,0.822788,0.176132,0.000592,0.0,0.000488,0.822788,0.505379,0.836231,0.0,0.133598,0.146991,0.146991,0.0,0.0,0.0,True,False,False,0.0,False,False,38.38
497,24.85,4,distraction,distracted,0.82547,0.173519,0.00055,0.0,0.000461,0.82547,0.426531,0.898968,0.0,0.135236,0.147535,0.147535,0.0,0.0,0.0,True,False,False,0.0,False,False,38.514
498,24.9,4,distraction,distracted,0.862222,0.13691,0.000465,0.0,0.000403,0.862222,0.263772,0.92592,0.0,0.135873,0.147768,0.147768,0.0,0.0,0.0,True,False,False,0.0,False,False,38.482
499,24.95,4,distraction,distracted,0.84598,0.153155,0.000458,0.0,0.000408,0.84598,0.106468,0.946068,0.0,0.135215,0.147683,0.147683,0.0,0.0,0.0,True,False,False,0.0,False,False,37.179
500,25.0,4,distraction,distracted,0.724475,0.27453,0.000473,0.0,0.000522,0.724475,0.050588,0.952886,0.0,0.133187,0.147484,0.147484,0.0,0.0,0.0,True,False,False,0.0,False,False,46.006
501,25.05,4,distraction,distracted,0.549501,0.449434,0.000452,0.0,0.000614,0.549501,0.05417,0.948178,0.0,0.131251,0.147294,0.147294,0.0,0.0,0.0,True,False,False,0.0,False,False,38.736
502,25.1,0,alert,alert,0.576848,0.576848,0.000392,0.0,0.000686,0.422074,0.042101,0.9513,0.0,0.129916,0.14708,0.14708,0.0,0.0,0.0,True,False,False,0.0,False,False,38.584
503,25.15,0,alert,alert,0.710418,0.710418,0.00031,0.0,0.000776,0.288497,0.039261,0.950849,0.0,0.129455,0.14686,0.14686,0.0,0.0,0.0,True,False,False,0.0,False,False,38.662
504,25.2,0,alert,alert,0.779924,0.779924,0.000251,0.0,0.000864,0.21896,0.042589,0.949356,0.0,0.129162,0.146649,0.146649,0.0,0.0,0.0,True,False,False,1.0,False,False,37.22
505,25.25,0,alert,alert,0.863922,0.863922,0.0002,0.0,0.000989,0.134889,0.04087,0.950772,0.0,0.129043,0.146435,0.146435,0.0,0.0,0.0,True,False,False,1.0,False,False,47.831
506,25.3,0,alert,alert,0.89098,0.89098,0.000177,0.0,0.001122,0.107721,0.040905,0.949471,0.0,0.12899,0.146222,0.146222,0.0,0.0,0.0,True,False,False,1.0,False,False,37.463
507,25.35,0,alert,alert,0.884804,0.884804,0.000179,0.0,0.001022,0.113995,0.041488,0.949391,0.0,0.128893,0.146011,0.146011,0.0,0.0,0.0,True,False,False,1.0,False,False,38.02
508,25.4,0,alert,alert,0.814305,0.814305,0.000217,0.0,0.001098,0.184381,0.046479,0.947146,0.0,0.128476,0.145811,0.145811,0.0,0.0,0.0,True,False,False,1.0,False,False,37.525
509,25.45,0,alert,alert,0.589131,0.589131,0.000286,0.0,0.000907,0.409676,0.054217,0.942254,0.0,0.128229,0.145629,0.145629,0.0,0.0,0.0,True,False,False,0.0,False,False,37.655
510,25.5,0,alert,alert,0.553261,0.553261,0.000316,0.0,0.000725,0.445697,0.052475,0.942587,0.0,0.128179,0.145443,0.145443,0.0,0.0,0.0,True,False,False,0.0,False,False,47.941
511,25.55,0,alert,alert,0.57769,0.57769,0.000325,0.0,0.000681,0.421305,0.047914,0.945581,0.0,0.12813,0.145249,0.145249,0.0,0.0,0.0,True,False,False,0.0,False,False,38.982
512,25.6,0,alert,alert,0.738915,0.738915,0.000299,0.0,0.000705,0.26008,0.044133,0.948625,0.0,0.128051,0.145048,0.145048,0.0,0.0,0.0,True,False,False,0.0,False,False,39.247
513,25.65,0,alert,alert,0.764106,0.764106,0.00029,0.0,0.000785,0.23482,0.043731,0.948113,0.0,0.127624,0.144846,0.144846,0.0,0.0,0.0,True,False,False,0.0,False,False,39.045
514,25.7,0,alert,alert,0.553621,0.553621,0.000331,0.0,0.000864,0.445184,0.046656,0.947623,0.0,0.127898,0.144652,0.144652,0.0,0.0,0.0,True,False,False,0.0,False,False,38.856
515,25.75,4,distraction,distracted,0.741869,0.257225,0.000312,0.0,0.000594,0.741869,0.386025,0.877131,0.0,0.129435,0.145094,0.145094,0.0,0.0,0.0,True,False,False,0.0,False,False,46.726
516,25.8,4,distraction,distracted,0.846697,0.152582,0.000289,0.0,0.000433,0.846697,0.484976,0.859884,0.0,0.131365,0.145703,0.145703,0.0,0.0,0.0,True,False,False,0.0,False,False,39.369
517,25.85,4,distraction,distracted,0.859303,0.140007,0.000296,0.0,0.000394,0.859303,0.411702,0.90393,0.0,0.133108,0.146204,0.146204,0.0,0.0,0.0,True,False,False,0.0,False,False,38.845
518,25.9,4,distraction,distracted,0.884551,0.114798,0.000299,0.0,0.000352,0.884551,0.305235,0.926597,0.0,0.13396,0.14651,0.14651,0.0,0.0,0.0,True,False,False,0.0,False,False,38.826
519,25.95,4,distraction,distracted,0.87763,0.121706,0.000314,0.0,0.00035,0.87763,0.150106,0.945373,0.0,0.134583,0.146517,0.146517,0.0,0.0,0.0,True,False,False,0.0,False,False,38.725
520,26.0,4,distraction,distracted,0.901042,0.098333,0.000301,0.0,0.000324,0.901042,0.083147,0.951977,0.0,0.134716,0.146392,0.146392,0.0,0.0,0.0,True,False,False,0.0,False,False,46.085
521,26.05,4,distraction,distracted,0.90079,0.098579,0.000304,0.0,0.000327,0.90079,0.110072,0.944906,0.0,0.134983,0.146321,0.146321,0.0,0.0,0.0,True,False,False,1.0,False,False,38.636
522,26.1,4,distraction,distracted,0.912669,0.086736,0.000287,0.0,0.000309,0.912669,0.223288,0.931754,0.0,0.13579,0.146469,0.146469,0.0,0.0,0.0,True,False,False,1.0,False,False,38.488
523,26.15,4,distraction,distracted,0.93092,0.068528,0.000272,0.0,0.00028,0.93092,0.138996,0.942119,0.0,0.136158,0.146454,0.146454,0.0,0.0,0.0,True,False,False,1.0,False,False,37.15
524,26.2,4,distraction,distracted,0.931798,0.067643,0.00028,0.0,0.000279,0.931798,0.08491,0.947942,0.0,0.136245,0.146335,0.146335,0.0,0.0,0.0,True,False,False,1.0,False,False,37.331
525,26.25,4,distraction,distracted,0.936474,0.062976,0.000281,0.0,0.000269,0.936474,0.061546,0.949567,0.0,0.136248,0.14617,0.14617,0.0,0.0,0.0,True,False,False,1.0,False,False,46.436
526,26.3,4,distraction,distracted,0.922811,0.076586,0.000315,0.0,0.000288,0.922811,0.059364,0.948049,0.0,0.13626,0.146001,0.146001,0.0,0.0,0.0,True,False,False,1.0,False,False,38.77
527,26.35,4,distraction,distracted,0.925514,0.073883,0.000322,0.0,0.00028,0.925514,0.058573,0.948127,0.0,0.13624,0.145832,0.145832,0.0,0.0,0.0,True,False,False,1.0,False,False,37.794
528,26.4,4,distraction,distracted,0.940245,0.059178,0.000315,0.0,0.000262,0.940245,0.05545,0.949098,0.0,0.136146,0.145657,0.145657,0.0,0.0,0.0,True,False,False,0.0,False,False,37.357
529,26.45,4,distraction,distracted,0.936093,0.06329,0.000342,0.0,0.000275,0.936093,0.059809,0.947485,0.0,0.136081,0.145492,0.145492,0.0,0.0,0.0,True,False,False,0.0,False,False,37.321
530,26.5,4,distraction,distracted,0.925771,0.073574,0.000365,0.0,0.00029,0.925771,0.052031,0.949346,0.0,0.136027,0.145312,0.145312,0.0,0.0,0.0,True,False,False,0.0,False,False,46.226
531,26.55,4,distraction,distracted,0.924352,0.074981,0.000371,0.0,0.000296,0.924352,0.052358,0.947966,0.0,0.136007,0.145134,0.145134,0.0,0.0,0.0,True,False,False,0.0,False,False,38.799
532,26.6,4,distraction,distracted,0.916762,0.082572,0.000369,0.0,0.000297,0.916762,0.049533,0.949999,0.0,0.135983,0.14495,0.14495,0.0,0.0,0.0,True,False,False,0.0,False,False,38.473
533,26.65,4,distraction,distracted,0.898815,0.100489,0.000381,0.0,0.000315,0.898815,0.046331,0.950828,0.0,0.135918,0.144761,0.144761,0.0,0.0,0.0,True,False,False,0.0,False,False,38.479
534,26.7,4,distraction,distracted,0.905901,0.093427,0.000365,0.0,0.000306,0.905901,0.052945,0.947476,0.0,0.134478,0.144586,0.144586,0.0,0.0,0.0,True,False,False,0.0,False,False,38.524
535,26.75,4,distraction,distracted,0.907368,0.091943,0.000373,0.0,0.000316,0.907368,0.071323,0.941121,0.0,0.132973,0.144447,0.144447,0.0,0.0,0.0,True,False,False,0.0,False,False,46.758
536,26.8,4,distraction,distracted,0.933961,0.065395,0.000361,0.0,0.000283,0.933961,0.377824,0.884851,0.0,0.133268,0.144861,0.144861,0.0,0.0,0.0,True,False,False,0.0,False,False,38.945
537,26.85,4,distraction,distracted,0.937867,0.061456,0.000393,0.0,0.000284,0.937867,0.444892,0.888117,0.0,0.134358,0.145395,0.145395,0.0,0.0,0.0,True,False,False,0.0,False,False,38.896
538,26.9,4,distraction,distracted,0.960422,0.038964,0.000368,0.0,0.000246,0.960422,0.522051,0.863242,0.0,0.136351,0.146045,0.146045,0.0,0.0,0.0,True,False,False,0.0,False,False,38.692
539,26.95,4,distraction,distracted,0.960187,0.039143,0.000416,0.0,0.000254,0.960187,0.504681,0.885373,0.0,0.138508,0.146679,0.146679,0.0,0.0,0.0,True,False,False,0.0,False,False,38.145
540,27.0,4,distraction,distracted,0.931897,0.067233,0.000557,0.0,0.000313,0.931897,0.440914,0.900623,0.0,0.140403,0.147207,0.147207,0.0,0.0,0.0,True,False,False,0.0,False,False,46.46
541,27.05,4,distraction,distracted,0.876856,0.122085,0.000669,0.0,0.00039,0.876856,0.30054,0.917696,0.0,0.141608,0.147486,0.147486,0.0,0.0,0.0,True,False,False,1.0,False,False,38.912
542,27.1,4,distraction,distracted,0.771188,0.227499,0.000806,0.0,0.000508,0.771188,0.145406,0.933575,0.0,0.141979,0.147483,0.147483,0.0,0.0,0.0,True,False,False,1.0,False,False,39.306
543,27.15,4,distraction,distracted,0.636024,0.362417,0.000911,0.0,0.000648,0.636024,0.084671,0.942584,0.0,0.142029,0.147365,0.147365,0.0,0.0,0.0,True,False,False,1.0,False,False,38.77
544,27.2,0,alert,alert,0.601973,0.601973,0.000785,0.0,0.000773,0.396469,0.056711,0.948014,0.0,0.141741,0.147195,0.147195,0.0,0.0,0.0,True,False,False,1.0,False,False,38.58
545,27.25,0,alert,alert,0.780781,0.780781,0.000572,0.0,0.000774,0.217873,0.080057,0.939079,0.0,0.141525,0.147071,0.147071,0.0,0.0,0.0,True,False,False,1.0,False,False,47.623
546,27.3,0,alert,alert,0.839507,0.839507,0.000456,0.0,0.000771,0.159266,0.054647,0.947776,0.0,0.141214,0.146898,0.146898,0.0,0.0,0.0,True,False,False,1.0,False,False,37.516
547,27.35,0,alert,alert,0.869807,0.869807,0.000409,0.0,0.000829,0.128955,0.04644,0.949938,0.0,0.140844,0.146711,0.146711,0.0,0.0,0.0,True,False,False,0.0,False,False,37.416
548,27.4,0,alert,alert,0.872348,0.872348,0.000375,0.0,0.000841,0.126436,0.04335,0.950081,0.0,0.140634,0.146518,0.146518,0.0,0.0,0.0,True,False,False,0.0,False,False,38.591
549,27.45,0,alert,alert,0.878553,0.878553,0.000346,0.0,0.000842,0.120259,0.041189,0.949812,0.0,0.140467,0.146322,0.146322,0.0,0.0,0.0,True,False,False,0.0,False,False,38.82
550,27.5,0,alert,alert,0.896145,0.896145,0.000311,0.0,0.00081,0.102734,0.044227,0.948379,0.0,0.140323,0.146133,0.146133,0.0,0.0,0.0,True,False,False,0.0,False,False,47.529
551,27.55,0,alert,alert,0.893936,0.893936,0.000321,0.0,0.000854,0.104889,0.043338,0.948812,0.0,0.140013,0.145942,0.145942,0.0,0.0,0.0,True,False,False,0.0,False,False,38.531
552,27.6,0,alert,alert,0.874094,0.874094,0.000354,0.0,0.000908,0.124643,0.041431,0.949037,0.0,0.138779,0.145749,0.145749,0.0,0.0,0.0,True,False,False,0.0,False,False,37.286
553,27.65,0,alert,alert,0.825212,0.825212,0.000404,0.0,0.000983,0.173401,0.043025,0.949301,0.0,0.136744,0.145559,0.145559,0.0,0.0,0.0,True,False,False,0.0,False,False,37.212
554,27.7,0,alert,alert,0.864542,0.864542,0.000357,0.0,0.001011,0.13409,0.044768,0.948126,0.0,0.134578,0.145374,0.145374,0.0,0.0,0.0,True,False,False,0.0,False,False,37.044
555,27.75,0,alert,alert,0.892267,0.892267,0.000328,0.0,0.000973,0.106433,0.04709,0.947328,0.0,0.132488,0.145193,0.145193,0.0,0.0,0.0,True,False,False,0.0,False,False,46.149
556,27.8,0,alert,alert,0.868055,0.868055,0.00043,0.0,0.001056,0.130459,0.430351,0.865249,0.0,0.132538,0.145671,0.145671,0.0,0.0,0.0,True,False,False,0.0,False,False,37.287
557,27.85,0,alert,alert,0.821353,0.821353,0.000665,0.0,0.001144,0.176838,0.508701,0.835263,0.0,0.133596,0.146256,0.146256,0.0,0.0,0.0,True,False,False,0.0,False,False,37.311
558,27.9,0,alert,alert,0.862,0.862,0.000651,0.0,0.001068,0.136281,0.457822,0.88402,0.0,0.135129,0.146787,0.146787,0.0,0.0,0.0,True,False,False,0.0,False,False,38.574
559,27.95,0,alert,alert,0.835992,0.835992,0.000736,0.0,0.00112,0.162153,0.342386,0.909897,0.0,0.136265,0.14713,0.14713,0.0,0.0,0.0,True,False,False,0.0,False,False,38.192
560,28.0,0,alert,alert,0.790518,0.790518,0.000815,0.0,0.001138,0.207529,0.20685,0.923822,0.0,0.136887,0.147236,0.147236,0.0,0.0,0.0,True,False,False,0.0,False,False,47.288
561,28.05,0,alert,alert,0.677203,0.677203,0.000978,0.0,0.001147,0.320671,0.099895,0.935838,0.0,0.136774,0.147151,0.147151,0.0,0.0,0.0,True,False,False,0.0,False,False,38.548
562,28.1,0,alert,alert,0.584182,0.584182,0.000963,0.0,0.001054,0.413801,0.055768,0.94437,0.0,0.134927,0.146986,0.146986,0.0,0.0,0.0,True,False,False,0.0,False,False,37.485
563,28.15,0,alert,alert,0.606666,0.606666,0.00086,0.0,0.000973,0.391501,0.043415,0.949139,0.0,0.132772,0.146798,0.146798,0.0,0.0,0.0,True,False,False,0.0,False,False,37.22
564,28.2,4,distraction,distracted,0.520467,0.477865,0.000793,0.0,0.000874,0.520467,0.043524,0.948989,0.0,0.130523,0.146611,0.146611,0.0,0.0,0.0,True,False,False,0.0,False,False,38.86
565,28.25,4,distraction,distracted,0.570069,0.428471,0.000686,0.0,0.000774,0.570069,0.04364,0.948521,0.0,0.128394,0.146425,0.146425,0.0,0.0,0.0,True,False,False,0.0,False,False,46.332
566,28.3,4,distraction,distracted,0.603685,0.395013,0.000592,0.0,0.00071,0.603685,0.042866,0.94896,0.0,0.126652,0.146238,0.146238,0.0,0.0,0.0,True,False,False,0.0,False,False,37.274
567,28.35,4,distraction,distracted,0.686514,0.312384,0.000504,0.0,0.000598,0.686514,0.044324,0.947424,0.0,0.125754,0.146055,0.146055,0.0,0.0,0.0,True,False,False,0.0,False,False,37.307
568,28.4,4,distraction,distracted,0.60395,0.394973,0.000457,0.0,0.00062,0.60395,0.043606,0.948047,0.0,0.125332,0.145871,0.145871,0.0,0.0,0.0,True,False,False,1.0,False,False,38.696
569,28.45,4,distraction,distracted,0.580952,0.417986,0.000446,0.0,0.000617,0.580952,0.044851,0.947995,0.0,0.124939,0.14569,0.14569,0.0,0.0,0.0,True,False,False,1.0,False,False,37.226
570,28.5,0,alert,alert,0.545569,0.545569,0.000451,0.0,0.000662,0.453318,0.042199,0.948231,0.0,0.124049,0.145505,0.145505,0.0,0.0,0.0,True,False,False,1.0,False,False,46.359
571,28.55,0,alert,alert,0.583554,0.583554,0.000435,0.0,0.000667,0.415344,0.04306,0.948218,0.0,0.123305,0.145322,0.145322,0.0,0.0,0.0,True,False,False,1.0,False,False,37.493
572,28.6,0,alert,alert,0.594402,0.594402,0.00043,0.0,0.000686,0.404483,0.040461,0.949883,0.0,0.121883,0.145135,0.145135,0.0,0.0,0.0,True,False,False,1.0,False,False,37.392
573,28.65,0,alert,alert,0.59572,0.59572,0.000429,0.0,0.00069,0.403161,0.039548,0.95017,0.0,0.119813,0.144946,0.144946,0.0,0.0,0.0,True,False,False,1.0,False,False,37.137
574,28.7,0,alert,alert,0.592385,0.592385,0.000431,0.0,0.000685,0.406499,0.039377,0.949603,0.0,0.117587,0.144759,0.144759,0.0,0.0,0.0,True,False,False,1.0,False,False,37.371
575,28.75,0,alert,alert,0.63455,0.63455,0.000429,0.0,0.000679,0.364341,0.041134,0.948663,0.0,0.11528,0.144575,0.144575,0.0,0.0,0.0,True,False,False,1.0,False,False,47.502
576,28.8,0,alert,alert,0.649695,0.649695,0.000435,0.0,0.000677,0.349193,0.044322,0.947547,0.0,0.112714,0.144398,0.144398,0.0,0.0,0.0,True,False,False,1.0,False,False,37.409
577,28.85,0,alert,alert,0.665922,0.665922,0.000444,0.0,0.000691,0.332943,0.045236,0.947414,0.0,0.110522,0.144222,0.144222,0.0,0.0,0.0,True,False,False,1.0,False,False,37.454
578,28.9,0,alert,alert,0.642069,0.642069,0.000473,0.0,0.000698,0.35676,0.043956,0.94756,0.0,0.108739,0.144046,0.144046,0.0,0.0,0.0,True,False,False,0.0,False,False,38.507
579,28.95,0,alert,alert,0.726332,0.726332,0.000451,0.0,0.000711,0.272505,0.045721,0.946454,0.0,0.107301,0.143873,0.143873,0.0,0.0,0.0,True,False,False,0.0,False,False,37.497
580,29.0,0,alert,alert,0.775701,0.775701,0.000431,0.0,0.000725,0.223143,0.044926,0.947507,0.0,0.106721,0.143699,0.143699,0.0,0.0,0.0,True,False,False,0.0,False,False,46.145
581,29.05,0,alert,alert,0.809548,0.809548,0.000422,0.0,0.000735,0.189295,0.047582,0.945364,0.0,0.106619,0.143531,0.143531,0.0,0.0,0.0,True,False,False,0.0,False,False,37.882
582,29.1,0,alert,alert,0.819519,0.819519,0.000427,0.0,0.000765,0.179289,0.051303,0.943595,0.0,0.106656,0.14337,0.14337,0.0,0.0,0.0,True,False,False,0.0,False,False,38.188
583,29.15,0,alert,alert,0.809094,0.809094,0.000442,0.0,0.000789,0.189676,0.335371,0.887661,0.0,0.108011,0.143685,0.143685,0.0,0.0,0.0,True,False,False,0.0,False,False,38.996
584,29.2,0,alert,alert,0.8089,0.8089,0.000518,0.0,0.000811,0.189771,0.480132,0.841525,0.0,0.10995,0.144206,0.144206,0.0,0.0,0.0,True,False,False,0.0,False,False,38.915
585,29.25,0,alert,alert,0.796863,0.796863,0.000718,0.0,0.000872,0.201547,0.560223,0.82454,0.0,0.112081,0.144837,0.144837,0.0,0.0,0.0,True,False,False,0.0,False,False,46.385
586,29.3,0,alert,alert,0.785688,0.785688,0.001071,0.0,0.00096,0.212281,0.641833,0.82975,0.0,0.114585,0.145593,0.145593,0.0,0.0,0.0,True,False,False,1.0,False,False,37.496
587,29.35,0,alert,alert,0.748313,0.748313,0.001998,0.0,0.001187,0.248501,0.694733,0.826402,0.0,0.117412,0.146425,0.146425,0.0,0.0,0.0,True,False,False,1.0,False,False,36.98
588,29.4,0,alert,alert,0.730145,0.730145,0.003233,0.0,0.001454,0.265168,0.622697,0.848252,0.0,0.119997,0.147165,0.147165,0.0,0.0,0.0,True,False,False,1.0,False,False,37.198
589,29.45,0,alert,alert,0.688894,0.688894,0.005403,0.0,0.001925,0.303778,0.587617,0.872103,0.0,0.122457,0.147866,0.147866,0.0,0.0,0.0,True,False,False,1.0,False,False,36.853
590,29.5,0,alert,alert,0.750439,0.750439,0.005586,0.0,0.002152,0.241823,0.4801,0.897922,0.0,0.124455,0.148411,0.148411,0.0,0.0,0.0,True,False,False,1.0,False,False,48.217
591,29.55,0,alert,alert,0.809508,0.809508,0.003829,0.0,0.002026,0.184637,0.362586,0.919233,0.0,0.125984,0.148769,0.148769,0.0,0.0,0.0,True,False,False,1.0,False,False,38.925
592,29.6,0,alert,alert,0.829109,0.829109,0.002305,0.0,0.001652,0.166934,0.206023,0.937652,0.0,0.126621,0.148867,0.148867,0.0,0.0,0.0,True,False,False,1.0,False,False,39.017
593,29.65,0,alert,alert,0.828453,0.828453,0.001493,0.0,0.001355,0.168699,0.094154,0.948705,0.0,0.126813,0.148772,0.148772,0.0,0.0,0.0,True,False,False,0.599663,False,False,36.9
594,29.7,0,alert,alert,0.832984,0.832984,0.000977,0.0,0.001163,0.164875,0.050269,0.954197,0.0,0.126803,0.148602,0.148602,0.0,0.0,0.0,True,False,False,0.557663,False,False,37.379
595,29.75,0,alert,alert,0.836913,0.836913,0.000819,0.0,0.001144,0.161124,0.400029,0.88482,0.0,0.128499,0.149005,0.149005,0.0,0.0,0.0,True,False,False,0.0,False,False,46.155
596,29.8,0,alert,alert,0.850232,0.850232,0.000861,0.0,0.001153,0.147754,0.515421,0.83429,0.0,0.13064,0.149557,0.149557,0.0,0.0,0.0,True,False,False,0.0,False,False,38.346
597,29.85,0,alert,alert,0.872904,0.872904,0.00087,0.0,0.001157,0.12507,0.514033,0.838858,0.0,0.13281,0.150108,0.150108,0.0,0.0,0.0,True,False,False,0.0,False,False,37.12
598,29.9,0,alert,alert,0.889755,0.889755,0.000833,0.0,0.001155,0.108257,0.439255,0.892777,0.0,0.134731,0.150573,0.150573,0.0,0.0,0.0,True,False,False,0.0,False,False,37.074
599,29.95,0,alert,alert,0.908382,0.908382,0.00072,0.0,0.001149,0.08975,0.278106,0.921239,0.0,0.135913,0.150784,0.150784,0.0,0.0,0.0,True,True,False,0.0,False,False,38.339
600,30.0,0,alert,alert,0.937467,0.937467,0.000557,0.0,0.001162,0.060815,0.12083,0.938908,0.0,0.136263,0.150573,0.150733,0.0,0.0,0.0,True,True,False,0.0,False,False,47.152
601,30.05,0,alert,alert,0.88663,0.88663,0.000675,0.0,0.001259,0.111436,0.057365,0.948084,0.0,0.136258,0.150436,0.150575,0.0,0.0,0.0,True,True,False,0.0,False,False,38.527
602,30.1,0,alert,alert,0.909458,0.909458,0.000504,0.0,0.001168,0.08887,0.045608,0.950623,0.0,0.13609,0.150158,0.150396,0.0,0.0,0.0,True,True,False,0.0,False,False,37.176
603,30.15,0,alert,alert,0.929652,0.929652,0.000382,0.0,0.001119,0.068847,0.040929,0.949465,0.0,0.135881,0.149972,0.150211,0.0,0.0,0.0,True,True,False,0.0,False,False,37.1
604,30.2,0,alert,alert,0.916617,0.916617,0.000373,0.0,0.001076,0.081934,0.039862,0.948965,0.0,0.135694,0.149797,0.150024,0.0,0.0,0.0,True,True,False,0.0,False,False,36.99
605,30.25,0,alert,alert,0.947971,0.947971,0.000293,0.0,0.000917,0.050819,0.042958,0.949205,0.0,0.135411,0.149885,0.149843,0.0,0.0,0.0,True,True,False,0.0,False,False,45.96
606,30.3,0,alert,alert,0.962156,0.962156,0.000258,0.0,0.000855,0.036731,0.059472,0.942592,0.0,0.1353,0.149885,0.149692,0.0,0.0,0.0,True,True,False,0.0,False,False,37.301
607,30.35,0,alert,alert,0.97013,0.97013,0.000255,0.0,0.000894,0.02872,0.082031,0.935235,0.0,0.135286,0.149926,0.14958,0.0,0.0,0.0,True,True,False,0.0,False,False,38.834
608,30.4,0,alert,alert,0.968401,0.968401,0.000285,0.0,0.000899,0.030415,0.135798,0.923067,0.0,0.13562,0.149902,0.149557,0.0,0.0,0.0,True,True,False,0.0,False,False,37.082
609,30.45,0,alert,alert,0.975081,0.975081,0.000262,0.0,0.000896,0.02376,0.095673,0.936799,0.0,0.135799,0.149966,0.149468,0.0,0.0,0.0,True,True,False,0.0,False,False,37.28
610,30.5,0,alert,alert,0.979814,0.979814,0.000242,0.0,0.000914,0.01903,0.073734,0.943051,0.0,0.135842,0.150156,0.149342,0.0,0.0,0.0,True,True,False,0.0,False,False,47.357
611,30.55,0,alert,alert,0.9809,0.9809,0.000239,0.0,0.000914,0.017947,0.05479,0.947441,0.0,0.135717,0.150159,0.149184,0.0,0.0,0.0,True,True,False,0.0,False,False,37.244
612,30.6,0,alert,alert,0.977669,0.977669,0.000265,0.0,0.000925,0.021141,0.053073,0.948506,0.0,0.13555,0.150165,0.149024,0.0,0.0,0.0,True,True,False,0.0,False,False,36.887
613,30.65,0,alert,alert,0.97204,0.97204,0.000302,0.0,0.000948,0.02671,0.059547,0.945112,0.0,0.135376,0.150012,0.148876,0.0,0.0,0.0,True,True,False,0.713989,False,False,38.337
614,30.7,0,alert,alert,0.965666,0.965666,0.00032,0.0,0.001009,0.033005,0.054011,0.946518,0.0,0.135267,0.150025,0.148718,0.0,0.0,0.0,True,True,False,0.618317,False,False,36.934
615,30.75,0,alert,alert,0.964863,0.964863,0.000307,0.0,0.000998,0.033833,0.054692,0.945345,0.0,0.135055,0.150161,0.148563,0.0,0.0,0.0,True,True,False,0.0,False,False,46.404
616,30.8,0,alert,alert,0.97028,0.97028,0.000277,0.0,0.000935,0.028508,0.054412,0.945311,0.0,0.134639,0.149637,0.148407,0.0,0.0,0.0,True,True,False,0.0,False,False,37.211
617,30.85,0,alert,alert,0.977313,0.977313,0.000247,0.0,0.000924,0.021516,0.0599,0.941906,0.0,0.134207,0.149014,0.148262,0.0,0.0,0.0,True,True,False,0.0,False,False,37.392
618,30.9,0,alert,alert,0.973489,0.973489,0.000277,0.0,0.000958,0.025275,0.055318,0.943848,0.0,0.132327,0.148855,0.148109,0.0,0.0,0.0,True,True,False,0.0,False,False,37.324
619,30.95,0,alert,alert,0.971659,0.971659,0.000296,0.0,0.000947,0.027098,0.049079,0.946222,0.0,0.130144,0.148108,0.147946,0.0,0.0,0.0,True,True,False,0.0,False,False,37.134
620,31.0,0,alert,alert,0.97382,0.97382,0.000292,0.0,0.000921,0.024966,0.047522,0.946234,0.0,0.128048,0.146897,0.147781,0.0,0.0,0.0,True,True,False,0.0,False,False,46.14
621,31.05,0,alert,alert,0.971685,0.971685,0.000308,0.0,0.000913,0.027095,0.045901,0.946991,0.0,0.126198,0.146472,0.147614,0.0,0.0,0.0,True,True,False,0.0,False,False,38.238
622,31.1,0,alert,alert,0.969745,0.969745,0.000322,0.0,0.000909,0.029024,0.043681,0.9475,0.0,0.125116,0.146299,0.147444,0.0,0.0,0.0,True,True,False,0.0,False,False,38.504
623,31.15,0,alert,alert,0.970946,0.970946,0.000315,0.0,0.000888,0.027851,0.04243,0.948479,0.0,0.124747,0.146123,0.147272,0.0,0.0,0.0,True,True,False,0.0,False,False,36.972
624,31.2,0,alert,alert,0.967203,0.967203,0.000339,0.0,0.000913,0.031545,0.044992,0.947425,0.0,0.124691,0.146055,0.147105,0.0,0.0,0.0,True,True,False,0.001709,False,False,37.284
625,31.25,0,alert,alert,0.961397,0.961397,0.000364,0.0,0.000933,0.037306,0.049134,0.945537,0.0,0.124721,0.146154,0.146945,0.0,0.0,0.0,True,True,False,0.0,False,False,46.601
626,31.3,0,alert,alert,0.962239,0.962239,0.00035,0.0,0.000922,0.03649,0.044454,0.947046,0.0,0.124723,0.146137,0.146778,0.0,0.0,0.0,True,True,False,0.247528,False,False,38.287
627,31.35,0,alert,alert,0.964301,0.964301,0.000321,0.0,0.000898,0.03448,0.046894,0.945983,0.0,0.124729,0.146138,0.146616,0.0,0.0,0.0,True,True,False,0.207703,False,False,37.907
628,31.4,0,alert,alert,0.973957,0.973957,0.000268,0.0,0.000898,0.024877,0.04528,0.946932,0.0,0.124728,0.145967,0.146452,0.0,0.0,0.0,True,True,False,0.1427,False,False,38.137
629,31.45,0,alert,alert,0.979793,0.979793,0.000235,0.0,0.000907,0.019066,0.043698,0.948013,0.0,0.124662,0.145968,0.146285,0.0,0.0,0.0,True,True,False,0.0,False,False,39.225
630,31.5,0,alert,alert,0.982599,0.982599,0.000225,0.0,0.000938,0.016238,0.044926,0.946604,0.0,0.124568,0.146148,0.146121,0.0,0.0,0.0,True,True,False,0.0,False,False,48.305
631,31.55,0,alert,alert,0.981913,0.981913,0.000233,0.0,0.000978,0.016876,0.043012,0.947665,0.0,0.124458,0.146148,0.145955,0.0,0.0,0.0,True,True,False,0.0,False,False,37.337
632,31.6,0,alert,alert,0.97988,0.97988,0.000248,0.0,0.00102,0.018852,0.043387,0.947559,0.0,0.124214,0.146151,0.145789,0.0,0.0,0.0,True,True,False,0.0,False,False,37.085
633,31.65,0,alert,alert,0.981082,0.981082,0.00024,0.0,0.001029,0.017649,0.040671,0.949153,0.0,0.124098,0.145972,0.14562,0.0,0.0,0.0,True,True,False,0.0,False,False,38.421
634,31.7,0,alert,alert,0.979097,0.979097,0.00025,0.0,0.001036,0.019617,0.038826,0.949564,0.0,0.123879,0.145965,0.145448,0.0,0.0,0.0,True,True,False,0.0,False,False,37.678
635,31.75,0,alert,alert,0.972162,0.972162,0.000281,0.0,0.00105,0.026507,0.040192,0.94813,0.0,0.123615,0.146125,0.145279,0.0,0.0,0.0,True,True,False,0.0,False,False,46.231
636,31.8,0,alert,alert,0.97012,0.97012,0.00028,0.0,0.001029,0.028571,0.039888,0.948945,0.0,0.123259,0.145503,0.14511,0.0,0.0,0.0,True,True,False,0.0,False,False,37.207
637,31.85,0,alert,alert,0.970808,0.970808,0.000276,0.0,0.000988,0.027928,0.038227,0.949089,0.0,0.122912,0.144775,0.144938,0.0,0.0,0.0,True,True,False,0.0,False,False,36.823
638,31.9,0,alert,alert,0.974855,0.974855,0.000262,0.0,0.000949,0.023933,0.040286,0.94775,0.0,0.122727,0.144598,0.144771,0.0,0.0,0.0,True,True,False,0.0,False,False,37.194
639,31.95,0,alert,alert,0.973165,0.973165,0.000321,0.0,0.00102,0.025494,0.397005,0.879312,0.0,0.124329,0.144499,0.145144,0.0,0.0,0.0,True,True,False,0.0,False,False,37.189
640,32.0,0,alert,alert,0.971316,0.971316,0.000454,0.0,0.001155,0.027075,0.50417,0.8267,0.0,0.126396,0.144607,0.145643,0.0,0.0,0.0,True,True,False,0.0,False,False,46.059
641,32.05,0,alert,alert,0.978852,0.978852,0.000417,0.0,0.001193,0.019537,0.432295,0.889052,0.0,0.127845,0.145065,0.146071,0.0,0.0,0.0,True,True,False,0.0,False,False,37.243
642,32.1,0,alert,alert,0.980894,0.980894,0.000384,0.0,0.001221,0.017501,0.29807,0.921192,0.0,0.129549,0.145546,0.146306,0.0,0.0,0.0,True,True,False,0.0,False,False,37.331
643,32.15,0,alert,alert,0.981837,0.981837,0.000369,0.0,0.001228,0.016566,0.139865,0.941088,0.0,0.130034,0.145537,0.146296,0.0,0.0,0.0,True,True,False,0.0,False,False,38.255
644,32.2,0,alert,alert,0.981128,0.981128,0.000352,0.0,0.001186,0.017334,0.073588,0.946837,0.0,0.130095,0.145765,0.146181,0.0,0.0,0.0,True,True,False,0.0,False,False,37.091
645,32.25,0,alert,alert,0.978763,0.978763,0.000344,0.0,0.001152,0.019741,0.055017,0.949554,0.0,0.130073,0.145785,0.146036,0.0,0.0,0.0,True,True,False,0.0,False,False,47.656
646,32.3,0,alert,alert,0.982382,0.982382,0.000293,0.0,0.001097,0.016228,0.046192,0.949959,0.0,0.129648,0.145615,0.145878,0.0,0.0,0.0,True,True,False,0.0,False,False,37.049
647,32.35,0,alert,alert,0.98206,0.98206,0.000284,0.0,0.001045,0.016611,0.049171,0.94678,0.0,0.130032,0.1458,0.145726,0.0,0.0,0.0,True,True,False,0.0,False,False,36.901
648,32.4,0,alert,alert,0.982114,0.982114,0.000279,0.0,0.001007,0.016601,0.070631,0.936372,0.0,0.130118,0.145674,0.145609,0.0,0.0,0.0,True,True,False,0.0,False,False,37.066
649,32.45,0,alert,alert,0.980983,0.980983,0.000282,0.0,0.001039,0.017697,0.073513,0.935277,0.0,0.130242,0.145898,0.145498,0.0,0.0,0.0,True,True,False,0.0,False,False,37.023
650,32.5,0,alert,alert,0.980591,0.980591,0.000285,0.0,0.001089,0.018035,0.076664,0.9335,0.0,0.129266,0.145959,0.145391,0.0,0.0,0.0,True,True,False,0.0,False,False,45.944
651,32.55,0,alert,alert,0.984,0.984,0.000263,0.0,0.001066,0.014671,0.072577,0.9358,0.0,0.128983,0.145836,0.145279,0.0,0.0,0.0,True,True,False,0.0,False,False,36.842
652,32.6,0,alert,alert,0.985386,0.985386,0.000265,0.0,0.001103,0.013247,0.078299,0.934245,0.0,0.125968,0.146077,0.145175,0.0,0.0,0.0,True,True,False,0.0,False,False,37.006
653,32.65,0,alert,alert,0.985293,0.985293,0.000279,0.0,0.001159,0.013268,0.07699,0.934266,0.0,0.125247,0.145962,0.14507,0.0,0.0,0.0,True,True,False,0.0,False,False,37.038
654,32.7,0,alert,alert,0.985608,0.985608,0.00029,0.0,0.001184,0.012918,0.083822,0.930742,0.0,0.124922,0.146221,0.144977,0.0,0.0,0.0,True,True,False,0.0,False,False,38.486
655,32.75,0,alert,alert,0.986309,0.986309,0.000297,0.0,0.001248,0.012146,0.096473,0.928955,0.0,0.125008,0.146317,0.144903,0.0,0.0,0.0,True,True,False,0.0,False,False,47.045
656,32.8,0,alert,alert,0.987093,0.987093,0.000313,0.0,0.001345,0.01125,0.126333,0.923844,0.0,0.125014,0.146284,0.144875,0.0,0.0,0.0,True,True,False,0.0,False,False,37.215
657,32.85,0,alert,alert,0.987667,0.987667,0.000322,0.0,0.001493,0.010518,0.109719,0.926473,0.0,0.125752,0.146569,0.144821,0.0,0.0,0.0,True,True,False,0.0,False,False,37.143
658,32.9,0,alert,alert,0.988293,0.988293,0.000324,0.0,0.001595,0.009788,0.10403,0.927389,0.0,0.126048,0.146498,0.144759,0.0,0.0,0.0,True,True,False,0.0,False,False,36.969
659,32.95,0,alert,alert,0.98885,0.98885,0.000318,0.0,0.001631,0.0092,0.076016,0.93585,0.0,0.126157,0.146725,0.144654,0.0,0.0,0.0,True,True,False,0.0,False,False,38.046
660,33.0,0,alert,alert,0.988889,0.988889,0.000322,0.0,0.001685,0.009104,0.069347,0.938309,0.0,0.126139,0.146768,0.144539,0.0,0.0,0.0,True,True,False,0.0,False,False,46.361
661,33.05,0,alert,alert,0.989048,0.989048,0.000314,0.0,0.001676,0.008961,0.071723,0.937501,0.0,0.125867,0.146642,0.144428,0.0,0.0,0.0,True,True,False,0.0,False,False,39.241
662,33.1,0,alert,alert,0.988941,0.988941,0.000314,0.0,0.001672,0.009074,0.067121,0.939981,0.0,0.125952,0.146838,0.14431,0.0,0.0,0.0,True,True,False,0.0,False,False,38.083
663,33.15,0,alert,alert,0.988944,0.988944,0.000305,0.0,0.001727,0.009024,0.066599,0.940619,0.0,0.125928,0.146702,0.144191,0.0,0.0,0.0,True,True,False,0.0,False,False,37.508
664,33.2,0,alert,alert,0.988613,0.988613,0.000299,0.0,0.001663,0.009425,0.053512,0.945533,0.0,0.125874,0.14574,0.144053,0.0,0.0,0.0,True,True,False,0.0,False,False,37.088
665,33.25,0,alert,alert,0.987917,0.987917,0.000296,0.0,0.00156,0.010228,0.05721,0.943641,0.0,0.12588,0.144976,0.14392,0.0,0.0,0.0,True,True,False,0.0,False,False,46.273
666,33.3,0,alert,alert,0.986476,0.986476,0.000299,0.0,0.001459,0.011766,0.056523,0.942886,0.0,0.125532,0.144827,0.143787,0.0,0.0,0.0,True,True,False,0.46611,False,False,174.041
667,33.35,0,alert,alert,0.985747,0.985747,0.000294,0.0,0.001352,0.012607,0.055571,0.943224,0.0,0.125936,0.14312,0.143653,0.0,0.0,0.0,True,True,False,0.443222,False,False,37.309
668,33.4,0,alert,alert,0.985609,0.985609,0.000285,0.0,0.001268,0.012837,0.053448,0.944954,0.0,0.125986,0.142969,0.143516,0.0,0.0,0.0,True,True,False,0.459702,False,False,37.255
669,33.45,0,alert,alert,0.9844,0.9844,0.000287,0.0,0.001203,0.014109,0.055246,0.943849,0.0,0.126055,0.141395,0.143382,0.0,0.0,0.0,True,True,False,0.358994,False,False,38.447
670,33.5,0,alert,alert,0.983297,0.983297,0.000288,0.0,0.001146,0.015269,0.058554,0.942842,0.0,0.126132,0.140709,0.143253,0.0,0.0,0.0,True,True,False,0.459702,False,False,46.192
671,33.55,0,alert,alert,0.983867,0.983867,0.000277,0.0,0.001096,0.01476,0.061742,0.941562,0.0,0.125809,0.140576,0.14313,0.0,0.0,0.0,True,True,False,0.387375,False,False,37.177
672,33.6,0,alert,alert,0.982972,0.982972,0.000282,0.0,0.001061,0.015684,0.07264,0.938484,0.0,0.126359,0.139985,0.143024,0.0,0.0,0.0,True,True,False,0.387375,False,False,37.1
673,33.65,0,alert,alert,0.981481,0.981481,0.000296,0.0,0.00102,0.017203,0.061579,0.94249,0.0,0.126441,0.139853,0.142902,0.0,0.0,0.0,True,True,False,0.0,False,False,37.296
674,33.7,0,alert,alert,0.980003,0.980003,0.00031,0.0,0.000996,0.01869,0.060799,0.943262,0.0,0.126489,0.13995,0.142778,0.0,0.0,0.0,True,True,False,0.0,False,False,37.43
675,33.75,0,alert,alert,0.978123,0.978123,0.000319,0.0,0.000971,0.020586,0.061299,0.943755,0.0,0.126575,0.139405,0.142656,0.0,0.0,0.0,True,True,False,0.0,False,False,45.995
676,33.8,0,alert,alert,0.975521,0.975521,0.000338,0.0,0.000955,0.023186,0.063257,0.942873,0.0,0.126256,0.139276,0.142537,0.0,0.0,0.0,True,True,False,0.002167,False,False,37.033
677,33.85,0,alert,alert,0.971948,0.971948,0.000373,0.0,0.000959,0.02672,0.089643,0.937887,0.0,0.126887,0.138066,0.142458,0.0,0.0,0.0,True,True,False,0.0,False,False,37.379
678,33.9,0,alert,alert,0.966455,0.966455,0.00048,0.0,0.001045,0.03202,0.39767,0.883141,0.0,0.128401,0.138477,0.142815,0.0,0.0,0.0,True,True,False,0.0,False,False,37.276
679,33.95,0,alert,alert,0.962921,0.962921,0.000656,0.0,0.001168,0.035255,0.506602,0.83304,0.0,0.130155,0.138315,0.143295,0.0,0.0,0.0,True,True,False,0.0,False,False,37.09
680,34.0,0,alert,alert,0.959206,0.959206,0.001208,0.0,0.001566,0.03802,0.569372,0.82797,0.0,0.132331,0.138984,0.143853,0.0,0.0,0.0,True,True,False,0.0,False,False,45.939
681,34.05,0,alert,alert,0.944563,0.944563,0.003611,0.0,0.002688,0.049139,0.660514,0.835922,0.0,0.134691,0.139765,0.144536,0.0,0.0,0.0,True,True,False,0.0,False,False,38.313
682,34.1,0,alert,alert,0.901788,0.901788,0.014251,0.0,0.005238,0.078723,0.725832,0.824767,0.0,0.138133,0.140933,0.145292,0.0,0.0,0.0,True,True,False,0.0,False,False,36.873
683,34.15,0,alert,alert,0.828931,0.828931,0.043906,0.0,0.008818,0.118345,0.6642,0.843598,0.0,0.140983,0.141723,0.145982,0.0,0.0,0.0,True,True,False,0.1633,False,False,37.209
684,34.2,0,alert,alert,0.756063,0.756063,0.091308,0.0,0.012609,0.14002,0.535727,0.881162,0.0,0.143324,0.142692,0.146522,0.0,0.0,0.0,True,True,False,0.1427,False,False,37.193
685,34.25,0,alert,alert,0.694618,0.694618,0.128404,0.0,0.015057,0.161921,0.444696,0.906055,0.0,0.145298,0.143356,0.146947,0.0,0.0,0.0,True,True,False,0.063965,False,False,46.36
686,34.3,0,alert,alert,0.69313,0.69313,0.110361,0.0,0.014135,0.182375,0.316135,0.922957,0.0,0.146142,0.143642,0.147192,0.0,0.0,0.0,True,True,False,0.063965,False,False,38.61
687,34.35,0,alert,alert,0.744252,0.744252,0.063983,0.0,0.011388,0.180377,0.157239,0.938122,0.0,0.147256,0.143919,0.147206,0.0,0.0,0.0,True,True,False,0.0,False,False,38.778
688,34.4,0,alert,alert,0.803556,0.803556,0.027436,0.0,0.007895,0.161113,0.072452,0.944599,0.0,0.147405,0.143798,0.147096,0.0,0.0,0.0,True,True,False,0.0,False,False,37.897
689,34.45,0,alert,alert,0.843203,0.843203,0.00925,0.0,0.004776,0.142771,0.049147,0.947719,0.0,0.147445,0.143732,0.146951,0.0,0.0,0.0,True,True,False,0.0,False,False,37.439
690,34.5,0,alert,alert,0.890202,0.890202,0.002997,0.0,0.002793,0.104009,0.043152,0.948534,0.0,0.147439,0.14368,0.146797,0.0,0.0,0.0,True,True,False,0.0,False,False,46.297
691,34.55,0,alert,alert,0.907912,0.907912,0.001335,0.0,0.001854,0.088898,0.04517,0.946734,0.0,0.146921,0.143512,0.146648,0.0,0.0,0.0,True,True,False,0.0,False,False,37.446
692,34.6,0,alert,alert,0.934419,0.934419,0.000707,0.0,0.001339,0.063535,0.047576,0.946151,0.0,0.147293,0.143655,0.146502,0.0,0.0,0.0,True,True,False,0.0,False,False,37.047
693,34.65,0,alert,alert,0.942672,0.942672,0.000514,0.0,0.001112,0.055701,0.055445,0.94292,0.0,0.147264,0.143506,0.146368,0.0,0.0,0.0,True,True,False,0.0,False,False,37.425
694,34.7,0,alert,alert,0.947775,0.947775,0.000428,0.0,0.001006,0.050791,0.058774,0.941947,0.0,0.147282,0.143657,0.146241,0.0,0.0,0.0,True,True,False,0.0,False,False,37.138
695,34.75,0,alert,alert,0.950612,0.950612,0.000389,0.0,0.000954,0.048045,0.053437,0.943547,0.0,0.145525,0.143655,0.146105,0.0,0.0,0.0,True,True,False,0.0,False,False,47.481
696,34.8,0,alert,alert,0.95922,0.95922,0.000339,0.0,0.000899,0.039542,0.053713,0.944233,0.0,0.145061,0.143503,0.14597,0.0,0.0,0.0,True,True,False,0.0,False,False,37.451
697,34.85,0,alert,alert,0.961074,0.961074,0.000326,0.0,0.000893,0.037707,0.054692,0.943777,0.0,0.141621,0.143645,0.145837,0.0,0.0,0.0,True,True,False,0.0,False,False,37.24
698,34.9,0,alert,alert,0.965402,0.965402,0.000303,0.0,0.000884,0.03341,0.049696,0.946933,0.0,0.140545,0.143486,0.145697,0.0,0.0,0.0,True,True,False,0.0,False,False,38.705
699,34.95,0,alert,alert,0.964654,0.964654,0.0003,0.0,0.000905,0.03414,0.050581,0.94648,0.0,0.140261,0.143638,0.145558,0.0,0.0,0.0,True,True,False,0.0,False,False,38.45
700,35.0,0,alert,alert,0.965343,0.965343,0.000298,0.0,0.000915,0.033444,0.055635,0.943774,0.0,0.140291,0.143652,0.145428,0.0,0.0,0.0,True,True,False,0.0,False,False,47.65
701,35.05,0,alert,alert,0.96844,0.96844,0.000287,0.0,0.000919,0.030354,0.057314,0.943095,0.0,0.139872,0.143506,0.1453,0.0,0.0,0.0,True,True,False,0.0,False,False,38.64
702,35.1,0,alert,alert,0.972604,0.972604,0.000267,0.0,0.000905,0.026225,0.05489,0.944643,0.0,0.140378,0.143691,0.145169,0.0,0.0,0.0,True,True,False,0.0,False,False,38.648
703,35.15,0,alert,alert,0.973496,0.973496,0.000265,0.0,0.0009,0.025339,0.070573,0.939758,0.0,0.140542,0.143568,0.145062,0.0,0.0,0.0,True,True,False,0.0,False,False,38.387
704,35.2,0,alert,alert,0.967039,0.967039,0.000303,0.0,0.000937,0.031721,0.058493,0.943203,0.0,0.140626,0.143764,0.144937,0.0,0.0,0.0,True,True,False,0.0,False,False,38.49
705,35.25,0,alert,alert,0.951203,0.951203,0.000367,0.0,0.000979,0.047451,0.055156,0.943988,0.0,0.140702,0.143774,0.144808,0.0,0.0,0.0,True,True,False,0.0,False,False,47.595
706,35.3,0,alert,alert,0.959975,0.959975,0.000316,0.0,0.000911,0.038798,0.063141,0.94037,0.0,0.140312,0.143639,0.144691,0.0,0.0,0.0,True,True,False,0.0,False,False,37.18
707,35.35,0,alert,alert,0.930419,0.930419,0.000408,0.0,0.000992,0.068181,0.083235,0.935236,0.0,0.141037,0.14387,0.144603,0.0,0.0,0.0,True,True,False,0.0,False,False,38.16
708,35.4,0,alert,alert,0.876808,0.876808,0.00053,0.0,0.001088,0.121574,0.09102,0.934198,0.0,0.141267,0.143782,0.144527,0.0,0.0,0.0,True,True,False,0.0,False,False,38.196
709,35.45,0,alert,alert,0.873291,0.873291,0.000554,0.0,0.001052,0.125103,0.132661,0.92547,0.0,0.141666,0.144101,0.144511,0.0,0.0,0.0,True,True,False,0.0,False,False,37.42
710,35.5,0,alert,alert,0.887225,0.887225,0.000538,0.0,0.001018,0.111219,0.107873,0.933318,0.0,0.141948,0.144209,0.144459,0.0,0.0,0.0,True,True,False,0.0,False,False,46.568
711,35.55,0,alert,alert,0.900765,0.900765,0.000519,0.0,0.000993,0.097723,0.090859,0.937109,0.0,0.141692,0.144119,0.144383,0.0,0.0,0.0,True,True,False,0.0,False,False,37.849
712,35.6,0,alert,alert,0.91585,0.91585,0.000487,0.0,0.000969,0.082695,0.074602,0.939419,0.0,0.142328,0.144345,0.144284,0.0,0.0,0.0,True,True,False,0.0,False,False,37.687
713,35.65,0,alert,alert,0.923036,0.923036,0.000483,0.0,0.000987,0.075493,0.071099,0.940558,0.0,0.14247,0.144222,0.14418,0.0,0.0,0.0,True,True,False,0.0,False,False,37.381
714,35.7,0,alert,alert,0.905648,0.905648,0.000717,0.0,0.001204,0.092431,0.450036,0.849387,0.0,0.144365,0.145044,0.144571,0.0,0.0,0.0,True,True,False,0.0,False,False,37.24
715,35.75,0,alert,alert,0.895017,0.895017,0.001273,0.0,0.001561,0.102149,0.525801,0.80534,0.0,0.144878,0.145774,0.145034,0.0,0.0,0.0,True,True,False,0.0,False,False,46.165
716,35.8,0,alert,alert,0.91804,0.91804,0.001584,0.0,0.001765,0.078611,0.533664,0.859594,0.0,0.146669,0.146371,0.145536,0.0,0.0,0.0,True,True,False,0.0,False,False,37.095
717,35.85,0,alert,alert,0.932998,0.932998,0.001673,0.0,0.001888,0.063441,0.470311,0.89305,0.0,0.145369,0.147257,0.145971,0.0,0.0,0.0,True,True,False,0.0,False,False,37.219
718,35.9,0,alert,alert,0.948196,0.948196,0.001316,0.0,0.001836,0.048652,0.327531,0.919557,0.0,0.145474,0.147554,0.146221,0.0,0.0,0.0,True,True,False,0.0,False,False,37.263
719,35.95,0,alert,alert,0.95695,0.95695,0.000972,0.0,0.001718,0.04036,0.146087,0.939904,0.0,0.145453,0.14734,0.146221,0.0,0.0,0.0,True,True,False,0.0,False,False,37.123
720,36.0,0,alert,alert,0.950317,0.950317,0.000899,0.0,0.001728,0.047055,0.072918,0.948031,0.0,0.145402,0.146684,0.146117,0.0,0.0,0.0,True,True,False,0.0,False,False,46.505
721,36.05,0,alert,alert,0.911707,0.911707,0.001159,0.0,0.001856,0.085278,0.064474,0.94593,0.0,0.144992,0.146545,0.146002,0.0,0.0,0.0,True,True,False,0.0,False,False,37.365
722,36.1,0,alert,alert,0.863761,0.863761,0.001261,0.0,0.00183,0.133148,0.061677,0.946906,0.0,0.144352,0.145693,0.145883,0.0,0.0,0.0,True,True,False,0.0,False,False,36.987
723,36.15,0,alert,alert,0.855754,0.855754,0.001081,0.0,0.001607,0.141558,0.072748,0.943081,0.0,0.144015,0.14557,0.14578,0.0,0.0,0.0,True,True,False,0.0,False,False,37.193
724,36.2,0,alert,alert,0.885961,0.885961,0.000842,0.0,0.001408,0.111788,0.0903,0.93699,0.0,0.144046,0.145609,0.145703,0.0,0.0,0.0,True,True,False,0.0,False,False,37.17
725,36.25,0,alert,alert,0.93137,0.93137,0.000601,0.0,0.001254,0.066776,0.09894,0.933443,0.0,0.144241,0.145685,0.145638,0.0,0.0,0.0,True,True,False,0.0,False,False,46.349
726,36.3,0,alert,alert,0.949232,0.949232,0.000506,0.0,0.001201,0.049061,0.091079,0.93501,0.0,0.143975,0.145594,0.145563,0.0,0.0,0.0,True,True,False,0.0,False,False,37.277
727,36.35,0,alert,alert,0.964429,0.964429,0.000433,0.0,0.001204,0.033934,0.083296,0.936781,0.0,0.144537,0.145822,0.145476,0.0,0.0,0.0,True,True,False,0.0,False,False,37.087
728,36.4,0,alert,alert,0.971885,0.971885,0.000396,0.0,0.001203,0.026515,0.087558,0.935942,0.0,0.144705,0.145724,0.145396,0.0,0.0,0.0,True,True,False,0.0,False,False,37.102
729,36.45,0,alert,alert,0.973217,0.973217,0.000398,0.0,0.001211,0.025174,0.084209,0.936709,0.0,0.144833,0.145878,0.145312,0.0,0.0,0.0,True,True,False,0.0,False,False,37.391
730,36.5,0,alert,alert,0.969728,0.969728,0.000436,0.0,0.00122,0.028616,0.084617,0.937008,0.0,0.145004,0.145892,0.145228,0.0,0.0,0.0,True,True,False,0.0,False,False,45.876
731,36.55,0,alert,alert,0.966902,0.966902,0.000452,0.0,0.001227,0.031419,0.100032,0.934025,0.0,0.144779,0.145815,0.145166,0.0,0.0,0.0,True,True,False,0.0,False,False,37.329
732,36.6,0,alert,alert,0.962462,0.962462,0.000462,0.0,0.001184,0.035893,0.084084,0.93796,0.0,0.145432,0.145947,0.145081,0.0,0.0,0.0,True,True,False,0.0,False,False,37.46
733,36.65,0,alert,alert,0.963046,0.963046,0.000422,0.0,0.001119,0.035413,0.062382,0.944503,0.0,0.145517,0.145805,0.144967,0.0,0.0,0.0,True,True,False,0.0,False,False,37.607
734,36.7,0,alert,alert,0.964187,0.964187,0.0004,0.0,0.001078,0.034335,0.056845,0.944764,0.0,0.145538,0.145873,0.144845,0.0,0.0,0.0,True,True,False,0.0,False,False,37.947
735,36.75,0,alert,alert,0.967542,0.967542,0.000365,0.0,0.001051,0.031043,0.049755,0.945777,0.0,0.145426,0.145792,0.144713,0.0,0.0,0.0,True,True,False,0.0,False,False,46.479
736,36.8,0,alert,alert,0.950099,0.950099,0.000425,0.0,0.001097,0.048379,0.046404,0.946523,0.0,0.144924,0.145623,0.144577,0.0,0.0,0.0,True,True,False,0.0,False,False,37.656
737,36.85,0,alert,alert,0.944604,0.944604,0.000423,0.0,0.001054,0.053918,0.045398,0.946935,0.0,0.141872,0.145545,0.14444,0.0,0.0,0.0,True,True,False,0.0,False,False,37.399
738,36.9,0,alert,alert,0.939954,0.939954,0.00042,0.0,0.000999,0.058627,0.052693,0.945191,0.0,0.139651,0.145387,0.144313,0.0,0.0,0.0,True,True,False,0.0,False,False,37.414
739,36.95,0,alert,alert,0.947871,0.947871,0.000399,0.0,0.000955,0.050775,0.053473,0.944891,0.0,0.137474,0.145417,0.144188,0.0,0.0,0.0,True,True,False,0.0,False,False,37.324
740,37.0,0,alert,alert,0.945613,0.945613,0.000443,0.0,0.001005,0.052939,0.307138,0.897751,0.0,0.136823,0.145806,0.144401,0.0,0.0,0.0,True,True,False,0.0,False,False,46.003
741,37.05,0,alert,alert,0.938764,0.938764,0.000605,0.0,0.001138,0.059493,0.491564,0.83277,0.0,0.138406,0.146322,0.144821,0.0,0.0,0.0,True,True,False,0.0,False,False,37.336
742,37.1,0,alert,alert,0.941221,0.941221,0.000978,0.0,0.001384,0.056417,0.554835,0.822367,0.0,0.139414,0.147185,0.14531,0.0,0.0,0.0,True,True,False,0.0,False,False,37.591
743,37.15,0,alert,alert,0.944212,0.944212,0.001891,0.0,0.001918,0.051979,0.629756,0.838773,0.0,0.141909,0.147911,0.145899,0.0,0.0,0.0,True,True,False,0.0,False,False,37.553
744,37.2,0,alert,alert,0.929454,0.929454,0.005022,0.0,0.003085,0.062439,0.717029,0.835264,0.0,0.144935,0.149063,0.146589,0.0,0.0,0.0,True,True,False,0.0,False,False,38.276
745,37.25,0,alert,alert,0.899101,0.899101,0.01755,0.0,0.005888,0.07746,0.775312,0.81339,0.0,0.148031,0.150134,0.147328,0.0,0.0,0.0,True,True,False,0.0,False,False,45.97
746,37.3,0,alert,alert,0.810411,0.810411,0.08378,0.0,0.013257,0.092552,0.800609,0.792009,0.0,0.150809,0.151059,0.148075,0.0,0.0,0.0,True,True,False,0.0,False,False,36.905
747,37.35,0,alert,alert,0.633815,0.633815,0.247709,0.0,0.022294,0.096182,0.655765,0.8533,0.0,0.154165,0.152156,0.1487,0.0,0.0,0.0,True,True,False,0.0,False,False,37.651
748,37.4,0,alert,alert,0.498392,0.498392,0.393854,0.0,0.030425,0.077329,0.515608,0.894053,0.0,0.156482,0.152739,0.149172,0.0,0.0,0.0,True,True,False,0.0,False,False,37.404
749,37.45,0,alert,alert,0.470004,0.470004,0.426461,0.0,0.040125,0.06341,0.346709,0.923664,0.0,0.158024,0.153396,0.149434,0.0,0.0,0.0,True,True,False,0.0,False,False,37.81
750,37.5,0,alert,alert,0.529857,0.529857,0.359071,0.0,0.051511,0.059562,0.167188,0.936669,0.0,0.158654,0.15358,0.149458,0.0,0.0,0.0,True,True,False,0.0,False,False,46.002
751,37.55,0,alert,alert,0.655217,0.655217,0.227121,0.0,0.062207,0.055455,0.075719,0.945336,0.0,0.158232,0.153448,0.149358,0.0,0.0,0.0,True,True,False,0.0,False,False,37.273
752,37.6,0,alert,alert,0.772049,0.772049,0.112365,0.0,0.063926,0.05166,0.054404,0.947607,0.0,0.158889,0.15357,0.149229,0.0,0.0,0.0,True,True,False,0.0,False,False,37.081
753,37.65,0,alert,alert,0.854178,0.854178,0.049481,0.0,0.049765,0.046575,0.053761,0.947265,0.0,0.158945,0.153401,0.1491,0.0,0.0,0.0,True,True,False,0.0,False,False,37.121
754,37.7,0,alert,alert,0.904356,0.904356,0.018993,0.0,0.031908,0.044742,0.050206,0.947339,0.0,0.158973,0.153538,0.148966,0.0,0.0,0.0,True,True,False,0.0,False,False,37.083
755,37.75,0,alert,alert,0.938331,0.938331,0.006906,0.0,0.01951,0.035253,0.049213,0.946798,0.0,0.158984,0.153516,0.148831,0.0,0.0,0.0,True,True,False,0.0,False,False,46.462
756,37.8,0,alert,alert,0.947981,0.947981,0.004981,0.0,0.014522,0.032516,0.405916,0.867922,0.0,0.160138,0.15391,0.149149,0.0,0.0,0.0,True,True,False,0.110657,False,False,37.229
757,37.85,0,alert,alert,0.947892,0.947892,0.005913,0.0,0.0136,0.032595,0.515749,0.824675,0.0,0.158885,0.154709,0.149579,0.0,0.0,0.0,True,True,False,0.156433,False,False,37.274
758,37.9,0,alert,alert,0.930441,0.930441,0.012707,0.0,0.017649,0.039203,0.597251,0.82497,0.0,0.159412,0.155365,0.150104,0.0,0.0,0.0,True,True,False,0.0,False,False,37.541
759,37.95,0,alert,alert,0.921371,0.921371,0.018495,0.0,0.022862,0.037273,0.570332,0.864211,0.0,0.160432,0.155098,0.15062,0.0,0.0,0.0,True,True,False,0.224182,False,False,37.087
760,38.0,0,alert,alert,0.900465,0.900465,0.026516,0.0,0.031298,0.041721,0.494691,0.891449,0.0,0.161813,0.155026,0.151055,0.0,0.0,0.0,True,True,False,0.259888,False,False,46.042
761,38.05,0,alert,alert,0.878528,0.878528,0.036709,0.0,0.037538,0.047225,0.401981,0.903471,0.0,0.162981,0.155427,0.151376,0.0,0.0,0.0,True,True,False,0.259888,False,False,37.333
762,38.1,0,alert,alert,0.84168,0.84168,0.053348,0.0,0.045791,0.059181,0.268298,0.915591,0.0,0.164371,0.154007,0.151527,0.0,0.0,0.0,True,True,False,0.114319,False,False,37.421
763,38.15,0,alert,alert,0.816487,0.816487,0.065749,0.0,0.052862,0.064901,0.133629,0.930959,0.0,0.164838,0.153973,0.151504,0.0,0.0,0.0,True,True,False,0.114319,False,False,37.058
764,38.2,0,alert,alert,0.8313,0.8313,0.061004,0.0,0.054072,0.053623,0.081067,0.942779,0.0,0.165033,0.152471,0.15141,0.0,0.0,0.0,True,True,False,0.158264,False,False,37.346
765,38.25,0,alert,alert,0.847146,0.847146,0.054923,0.0,0.057378,0.040553,0.086649,0.942242,0.0,0.165257,0.151883,0.151324,0.0,0.0,0.0,True,True,False,0.158264,False,False,45.858
766,38.3,0,alert,alert,0.85728,0.85728,0.047761,0.0,0.057722,0.037237,0.074246,0.943904,0.0,0.164794,0.151752,0.151222,0.0,0.0,0.0,True,True,False,0.144531,False,False,37.103
767,38.35,0,alert,alert,0.870101,0.870101,0.038105,0.0,0.055254,0.03654,0.084805,0.940504,0.0,0.165631,0.151356,0.151134,0.0,0.0,0.0,True,True,False,0.1427,False,False,37.507
768,38.4,0,alert,alert,0.896942,0.896942,0.023748,0.0,0.049734,0.029576,0.080223,0.941558,0.0,0.165822,0.151236,0.15104,0.0,0.0,0.0,True,True,False,0.078613,False,False,37.012
769,38.45,0,alert,alert,0.921758,0.921758,0.013701,0.0,0.040227,0.024315,0.066858,0.94313,0.0,0.165938,0.151389,0.150929,0.0,0.0,0.0,True,True,False,0.078613,False,False,36.93
770,38.5,0,alert,alert,0.93937,0.93937,0.007744,0.0,0.029755,0.02313,0.060883,0.943622,0.0,0.166036,0.151417,0.15081,0.0,0.0,0.0,True,True,False,0.078613,False,False,45.806
771,38.55,0,alert,alert,0.953904,0.953904,0.004599,0.0,0.019064,0.022433,0.071701,0.941582,0.0,0.165558,0.151283,0.150706,0.0,0.0,0.0,True,True,False,0.001709,False,False,37.839
772,38.6,0,alert,alert,0.966003,0.966003,0.0026,0.0,0.011341,0.020055,0.066198,0.942297,0.0,0.166323,0.15149,0.150595,0.0,0.0,0.0,True,True,False,0.001709,False,False,38.19
773,38.65,0,alert,alert,0.971717,0.971717,0.001661,0.0,0.007557,0.019065,0.073096,0.93953,0.0,0.166501,0.151358,0.150493,0.0,0.0,0.0,True,True,False,0.0,False,False,38.625
774,38.7,0,alert,alert,0.97271,0.97271,0.001148,0.0,0.006115,0.020027,0.061035,0.94273,0.0,0.166617,0.151522,0.150376,0.0,0.0,0.0,True,True,False,0.0,False,False,38.705
775,38.75,0,alert,alert,0.972085,0.972085,0.000878,0.0,0.005045,0.021991,0.060832,0.942882,0.0,0.166721,0.151535,0.150259,0.0,0.0,0.0,True,True,False,0.0,False,False,47.977
776,38.8,0,alert,alert,0.960785,0.960785,0.001096,0.0,0.004682,0.033438,0.441288,0.859646,0.0,0.167994,0.151982,0.150606,0.0,0.0,0.0,True,True,False,0.0,False,False,38.996
777,38.85,0,alert,alert,0.940246,0.940246,0.001897,0.0,0.004817,0.05304,0.520506,0.807097,0.0,0.170803,0.152849,0.15102,0.0,0.0,0.0,True,True,False,0.0,False,False,38.681
778,38.9,0,alert,alert,0.931592,0.931592,0.004111,0.0,0.006125,0.058173,0.555357,0.804717,0.0,0.173134,0.15343,0.151471,0.0,0.0,0.0,True,True,False,0.0,False,False,38.568
779,38.95,0,alert,alert,0.922625,0.922625,0.008197,0.0,0.008388,0.06079,0.570763,0.84348,0.0,0.17561,0.154416,0.15196,0.0,0.0,0.0,True,True,False,0.0,False,False,38.513
780,39.0,0,alert,alert,0.929616,0.929616,0.009453,0.0,0.008357,0.052573,0.501546,0.882061,0.0,0.177845,0.155134,0.152386,0.0,0.0,0.0,True,True,False,0.0,False,False,46.427
781,39.05,0,alert,alert,0.937743,0.937743,0.00861,0.0,0.007354,0.046292,0.445069,0.899367,0.0,0.179144,0.155603,0.15275,0.0,0.0,0.0,True,True,False,0.0,False,False,39.282
782,39.1,0,alert,alert,0.938638,0.938638,0.006718,0.0,0.005663,0.048981,0.340756,0.911859,0.0,0.181276,0.156245,0.152986,0.0,0.0,0.0,True,True,False,0.0,False,False,39.998
783,39.15,0,alert,alert,0.932953,0.932953,0.004825,0.0,0.004157,0.058065,0.177903,0.926344,0.0,0.180516,0.156281,0.153018,0.0,0.0,0.0,True,True,False,0.0,False,False,37.543
784,39.2,0,alert,alert,0.9313,0.9313,0.002751,0.0,0.002867,0.063082,0.073832,0.941945,0.0,0.178601,0.156452,0.152915,0.0,0.0,0.0,True,True,False,0.0,False,False,37.941
785,39.25,0,alert,alert,0.92659,0.92659,0.001679,0.0,0.002086,0.069645,0.048663,0.94591,0.0,0.176226,0.15644,0.15278,0.0,0.0,0.0,True,True,False,0.0,False,False,46.801
786,39.3,0,alert,alert,0.932412,0.932412,0.000992,0.0,0.001568,0.065028,0.040868,0.951262,0.0,0.175531,0.156243,0.152634,0.0,0.0,0.0,True,True,False,0.0,False,False,38.289
787,39.35,0,alert,alert,0.926767,0.926767,0.000757,0.0,0.00134,0.071136,0.04658,0.948284,0.0,0.170446,0.156336,0.152496,0.0,0.0,0.0,True,True,False,0.0,False,False,37.522
788,39.4,0,alert,alert,0.935221,0.935221,0.000597,0.0,0.001192,0.06299,0.05202,0.945388,0.0,0.167762,0.156159,0.152366,0.0,0.0,0.0,True,True,False,0.0,False,False,37.2
789,39.45,0,alert,alert,0.93638,0.93638,0.000545,0.0,0.001121,0.061954,0.057224,0.943321,0.0,0.165215,0.15614,0.152244,0.0,0.0,0.0,True,True,False,0.0,False,False,38.586
790,39.5,0,alert,alert,0.937526,0.937526,0.000497,0.0,0.001093,0.060884,0.058881,0.941997,0.0,0.163142,0.156056,0.152124,0.0,0.0,0.0,True,True,False,0.0,False,False,47.423
791,39.55,0,alert,alert,0.938723,0.938723,0.000466,0.0,0.001086,0.059725,0.060171,0.941334,0.0,0.16262,0.155894,0.152006,0.0,0.0,0.0,True,True,False,0.0,False,False,37.226
792,39.6,0,alert,alert,0.939344,0.939344,0.000435,0.0,0.001072,0.059149,0.054895,0.943743,0.0,0.160855,0.155969,0.151881,0.0,0.0,0.0,True,True,False,0.0,False,False,38.93
793,39.65,0,alert,alert,0.931655,0.931655,0.000443,0.0,0.001075,0.066827,0.056121,0.943537,0.0,0.160662,0.1558,0.151758,0.0,0.0,0.0,True,True,False,0.0,False,False,38.63
794,39.7,0,alert,alert,0.92926,0.92926,0.000446,0.0,0.001034,0.06926,0.059615,0.939369,0.0,0.160719,0.155331,0.151641,0.0,0.0,0.0,True,True,False,0.0,False,False,37.24
795,39.75,0,alert,alert,0.912739,0.912739,0.000479,0.0,0.001001,0.085781,0.06346,0.93738,0.0,0.15908,0.15464,0.151529,0.0,0.0,0.0,True,True,False,0.0,False,False,46.123
796,39.8,0,alert,alert,0.914585,0.914585,0.000464,0.0,0.000936,0.084015,0.082239,0.934599,0.0,0.158693,0.154518,0.151441,0.0,0.0,0.0,True,True,False,0.0,False,False,37.304
797,39.85,0,alert,alert,0.926672,0.926672,0.000417,0.0,0.000875,0.072037,0.076374,0.937384,0.0,0.155056,0.153293,0.151346,0.0,0.0,0.0,True,True,False,0.0,False,False,37.258
798,39.9,0,alert,alert,0.943652,0.943652,0.00036,0.0,0.000867,0.055121,0.069315,0.939513,0.0,0.153249,0.153151,0.151242,0.0,0.0,0.0,True,True,False,0.0,False,False,37.171
799,39.95,0,alert,alert,0.957776,0.957776,0.000321,0.0,0.000869,0.041034,0.072152,0.941571,0.0,0.152215,0.152738,0.151141,0.0,0.0,0.0,True,True,False,0.0,False,False,36.931
800,40.0,0,alert,alert,0.95875,0.95875,0.000328,0.0,0.000879,0.040042,0.071876,0.943279,0.0,0.151965,0.152737,0.15104,0.0,0.0,0.0,True,True,False,0.0,False,False,47.515
801,40.05,0,alert,alert,0.956856,0.956856,0.00034,0.0,0.000894,0.041911,0.082501,0.940636,0.0,0.151614,0.152618,0.150954,0.0,0.0,0.0,True,True,False,0.0,False,False,38.552
802,40.1,0,alert,alert,0.956616,0.956616,0.000348,0.0,0.000896,0.04214,0.097564,0.936555,0.0,0.152367,0.15283,0.150887,0.0,0.0,0.0,True,True,False,0.0,False,False,37.277
803,40.15,0,alert,alert,0.953028,0.953028,0.000365,0.0,0.000914,0.045692,0.080401,0.941137,0.0,0.152573,0.152708,0.150797,0.0,0.0,0.0,True,True,False,0.0,False,False,37.195
804,40.2,0,alert,alert,0.956624,0.956624,0.00036,0.0,0.000924,0.042091,0.06976,0.942765,0.0,0.152729,0.152808,0.150695,0.0,0.0,0.0,True,True,False,0.0,False,False,37.426
805,40.25,0,alert,alert,0.95677,0.95677,0.00038,0.0,0.000966,0.041884,0.076161,0.940372,0.0,0.152903,0.152769,0.150601,0.0,0.0,0.0,True,True,False,0.0,False,False,46.19
806,40.3,0,alert,alert,0.954358,0.954358,0.000414,0.0,0.001016,0.044212,0.073753,0.941461,0.0,0.152503,0.152635,0.150505,0.0,0.0,0.0,True,True,False,0.0,False,False,37.619
807,40.35,0,alert,alert,0.959602,0.959602,0.000411,0.0,0.001029,0.038958,0.079777,0.940793,0.0,0.152963,0.152732,0.150416,0.0,0.0,0.0,True,True,False,0.0,False,False,37.534
808,40.4,0,alert,alert,0.963782,0.963782,0.000397,0.0,0.001035,0.034786,0.088235,0.938601,0.0,0.15272,0.152624,0.150338,0.0,0.0,0.0,True,True,False,0.0,False,False,37.336
809,40.45,0,alert,alert,0.970607,0.970607,0.000363,0.0,0.001022,0.028008,0.079609,0.941257,0.0,0.152637,0.152725,0.150249,0.0,0.0,0.0,True,True,False,0.0,False,False,38.325
810,40.5,0,alert,alert,0.975323,0.975323,0.000335,0.0,0.001029,0.023312,0.071934,0.940259,0.0,0.152629,0.152718,0.150151,0.0,0.0,0.0,True,True,False,0.0,False,False,47.428
811,40.55,0,alert,alert,0.976359,0.976359,0.000324,0.0,0.001042,0.022275,0.068426,0.941287,0.0,0.152203,0.152576,0.150049,0.0,0.0,0.0,True,True,False,0.0,False,False,38.691
812,40.6,0,alert,alert,0.9765,0.9765,0.000321,0.0,0.001053,0.022126,0.06453,0.941691,0.0,0.152764,0.15264,0.149942,0.0,0.0,0.0,True,True,False,0.0,False,False,37.68
813,40.65,0,alert,alert,0.979298,0.979298,0.000299,0.0,0.001051,0.019352,0.067223,0.941619,0.0,0.152805,0.152496,0.149839,0.0,0.0,0.0,True,True,False,0.0,False,False,38.707
814,40.7,0,alert,alert,0.982051,0.982051,0.000277,0.0,0.001062,0.01661,0.070182,0.938655,0.0,0.152891,0.152676,0.14974,0.0,0.0,0.0,True,True,False,0.0,False,False,38.604
815,40.75,0,alert,alert,0.98305,0.98305,0.00027,0.0,0.001063,0.015617,0.061322,0.941873,0.0,0.152926,0.152697,0.14963,0.0,0.0,0.0,True,True,False,0.0,False,False,47.475
816,40.8,0,alert,alert,0.98185,0.98185,0.000279,0.0,0.001061,0.016811,0.054158,0.944071,0.0,0.152425,0.15253,0.149511,0.0,0.0,0.0,True,True,False,0.0,False,False,38.316
817,40.85,0,alert,alert,0.983112,0.983112,0.000278,0.0,0.001111,0.0155,0.044329,0.948144,0.0,0.152843,0.15271,0.149379,0.0,0.0,0.0,True,True,False,0.0,False,False,39.033
818,40.9,0,alert,alert,0.983619,0.983619,0.000284,0.0,0.001179,0.014919,0.04566,0.947568,0.0,0.152791,0.152528,0.14925,0.0,0.0,0.0,True,True,False,0.0,False,False,38.509
819,40.95,0,alert,alert,0.975373,0.975373,0.000376,0.0,0.001228,0.023023,0.070745,0.93863,0.0,0.152906,0.152728,0.149153,0.0,0.0,0.0,True,True,False,0.0,False,False,36.889
820,41.0,0,alert,alert,0.969033,0.969033,0.000443,0.0,0.001183,0.029341,0.116266,0.930107,0.0,0.15326,0.152418,0.149113,0.0,0.0,0.0,True,True,False,0.0,False,False,46.259
821,41.05,0,alert,alert,0.949716,0.949716,0.000584,0.0,0.001246,0.048455,0.093315,0.934948,0.0,0.152959,0.152319,0.149044,0.0,0.0,0.0,True,True,False,0.0,False,False,37.55
822,41.1,0,alert,alert,0.928258,0.928258,0.000663,0.0,0.001289,0.069791,0.064079,0.94128,0.0,0.153615,0.151066,0.14894,0.0,0.0,0.0,True,True,False,0.319998,False,False,37.258
823,41.15,0,alert,alert,0.953374,0.953374,0.000464,0.0,0.001177,0.044986,0.059832,0.941655,0.0,0.153707,0.150912,0.14883,0.0,0.0,0.0,True,True,False,0.29711,False,False,37.446
824,41.2,0,alert,alert,0.963115,0.963115,0.000389,0.0,0.00113,0.035367,0.056885,0.943034,0.0,0.15377,0.149182,0.148716,0.0,0.0,0.0,True,True,False,0.0,False,False,37.482
825,41.25,0,alert,alert,0.967919,0.967919,0.000367,0.0,0.001136,0.030578,0.057869,0.941212,0.0,0.153817,0.148113,0.148605,0.0,0.0,0.0,True,True,False,0.0,False,False,46.004
826,41.3,0,alert,alert,0.951505,0.951505,0.000504,0.0,0.001255,0.046735,0.101891,0.928449,0.0,0.153558,0.148036,0.148548,0.0,0.0,0.0,True,True,False,0.615256,False,False,37.177
827,41.35,0,alert,alert,0.956047,0.956047,0.000549,0.0,0.001259,0.042146,0.303209,0.905303,0.0,0.155395,0.146582,0.148731,0.0,0.0,0.0,True,True,False,0.615256,False,False,37.604
828,41.4,0,alert,alert,0.954162,0.954162,0.000699,0.0,0.001336,0.043802,0.466568,0.873596,0.0,0.15743,0.147083,0.149092,0.0,0.0,0.0,True,True,False,0.0,False,False,37.288
829,41.45,0,alert,alert,0.94007,0.94007,0.001126,0.0,0.001606,0.057198,0.521114,0.835071,0.0,0.159658,0.146721,0.149496,0.0,0.0,0.0,True,True,False,0.0,False,False,37.23
830,41.5,0,alert,alert,0.916818,0.916818,0.00182,0.0,0.00203,0.079332,0.496848,0.862413,0.0,0.161821,0.147229,0.149885,0.0,0.0,0.0,True,True,False,0.0,False,False,45.918
831,41.55,0,alert,alert,0.892328,0.892328,0.002077,0.0,0.002275,0.10332,0.398517,0.902716,0.0,0.162973,0.147636,0.150176,0.0,0.0,0.0,True,True,False,0.319855,False,False,37.117
832,41.6,0,alert,alert,0.890373,0.890373,0.001763,0.0,0.002171,0.105693,0.200529,0.925845,0.0,0.164391,0.148005,0.150236,0.0,0.0,0.0,True,True,False,0.396073,False,False,37.408
833,41.65,0,alert,alert,0.911509,0.911509,0.00121,0.0,0.001974,0.085307,0.083971,0.940749,0.0,0.164617,0.147897,0.150155,0.0,0.0,0.0,True,True,False,0.518295,False,False,38.038
834,41.7,0,alert,alert,0.929843,0.929843,0.000841,0.0,0.001798,0.067517,0.050276,0.948772,0.0,0.164677,0.148057,0.150033,0.0,0.0,0.0,True,True,False,0.518295,False,False,37.504
835,41.75,0,alert,alert,0.945032,0.945032,0.000603,0.0,0.001563,0.052802,0.043368,0.950093,0.0,0.164692,0.148046,0.149902,0.0,0.0,0.0,True,True,False,0.390808,False,False,46.423
836,41.8,0,alert,alert,0.952279,0.952279,0.000479,0.0,0.001379,0.045863,0.046263,0.949111,0.0,0.164086,0.147873,0.149775,0.0,0.0,0.0,True,True,False,0.202667,False,False,37.802
837,41.85,0,alert,alert,0.964275,0.964275,0.000373,0.0,0.001278,0.034073,0.045457,0.949396,0.0,0.164761,0.146751,0.149648,0.0,0.0,0.0,True,True,False,0.202667,False,False,37.124
838,41.9,0,alert,alert,0.973032,0.973032,0.000303,0.0,0.001273,0.025392,0.049982,0.947686,0.0,0.164811,0.146587,0.149526,0.0,0.0,0.0,True,True,False,0.0,False,False,37.169
839,41.95,0,alert,alert,0.974916,0.974916,0.000289,0.0,0.001287,0.023508,0.057663,0.945045,0.0,0.163157,0.145111,0.149415,0.0,0.0,0.0,True,True,False,0.0,False,False,37.122
840,42.0,0,alert,alert,0.975093,0.975093,0.000291,0.0,0.001346,0.023269,0.059634,0.945744,0.0,0.161101,0.144474,0.149306,0.0,0.0,0.0,True,True,False,0.0,False,False,45.853
841,42.05,0,alert,alert,0.961449,0.961449,0.000458,0.0,0.00167,0.036423,0.43723,0.863794,0.0,0.161087,0.144927,0.149625,0.0,0.0,0.0,True,True,False,0.0,False,False,37.284
842,42.1,0,alert,alert,0.940556,0.940556,0.000934,0.0,0.002222,0.056287,0.518223,0.827325,0.0,0.162004,0.145332,0.150015,0.0,0.0,0.0,True,True,False,0.0,False,False,37.714
843,42.15,0,alert,alert,0.922691,0.922691,0.001948,0.0,0.003112,0.07225,0.543214,0.804861,0.0,0.16378,0.145906,0.15042,0.0,0.0,0.0,True,True,False,0.0,False,False,37.489
844,42.2,0,alert,alert,0.905591,0.905591,0.004088,0.0,0.004815,0.085506,0.507996,0.853505,0.0,0.165836,0.14679,0.150809,0.0,0.0,0.0,True,True,False,0.0,False,False,37.274
845,42.25,0,alert,alert,0.886006,0.886006,0.005563,0.0,0.006288,0.102143,0.425561,0.897308,0.0,0.167671,0.147408,0.151124,0.0,0.0,0.0,True,True,False,0.0,False,False,46.124
846,42.3,0,alert,alert,0.861429,0.861429,0.005789,0.0,0.007334,0.125448,0.267181,0.920645,0.0,0.168794,0.147606,0.15126,0.0,0.0,0.0,True,True,False,0.0,False,False,37.468
847,42.35,0,alert,alert,0.855925,0.855925,0.004627,0.0,0.007816,0.131632,0.112011,0.94045,0.0,0.169119,0.147879,0.151213,0.0,0.0,0.0,True,True,False,0.0,False,False,37.277
848,42.4,0,alert,alert,0.862225,0.862225,0.003553,0.0,0.007335,0.126887,0.055966,0.949279,0.0,0.169037,0.147722,0.151098,0.0,0.0,0.0,True,True,False,0.309784,False,False,37.409
849,42.45,0,alert,alert,0.918244,0.918244,0.001926,0.0,0.005579,0.074252,0.042699,0.954122,0.0,0.168868,0.14787,0.150967,0.0,0.0,0.0,True,True,False,0.250275,False,False,37.591
850,42.5,0,alert,alert,0.940056,0.940056,0.001331,0.0,0.004707,0.053907,0.042387,0.952074,0.0,0.168681,0.147852,0.150836,0.0,0.0,0.0,True,True,False,0.250275,False,False,46.835
851,42.55,0,alert,alert,0.951252,0.951252,0.001078,0.0,0.003958,0.043711,0.042104,0.950236,0.0,0.168517,0.147672,0.150705,0.0,0.0,0.0,True,True,False,0.0,False,False,38.227
852,42.6,0,alert,alert,0.948004,0.948004,0.001025,0.0,0.003398,0.047573,0.044672,0.948616,0.0,0.168337,0.147829,0.150578,0.0,0.0,0.0,True,True,False,0.0,False,False,37.784
853,42.65,0,alert,alert,0.960599,0.960599,0.000764,0.0,0.002709,0.035929,0.045358,0.947057,0.0,0.168168,0.147655,0.150452,0.0,0.0,0.0,True,True,False,0.0,False,False,38.286
854,42.7,0,alert,alert,0.950434,0.950434,0.000817,0.0,0.002565,0.046185,0.062838,0.940891,0.0,0.168056,0.147856,0.150348,0.0,0.0,0.0,True,True,False,0.367348,False,False,38.17
855,42.75,0,alert,alert,0.949632,0.949632,0.000757,0.0,0.00232,0.047291,0.071037,0.938451,0.0,0.167923,0.147902,0.150254,0.0,0.0,0.0,True,True,False,0.37101,False,False,46.668
856,42.8,0,alert,alert,0.948602,0.948602,0.000734,0.0,0.002075,0.048588,0.082972,0.934798,0.0,0.167701,0.147793,0.150175,0.0,0.0,0.0,True,True,False,0.37101,False,False,37.37
857,42.85,0,alert,alert,0.952698,0.952698,0.000687,0.0,0.001919,0.044696,0.07606,0.937827,0.0,0.167526,0.147142,0.150087,0.0,0.0,0.0,True,True,False,0.185158,False,False,37.218
858,42.9,0,alert,alert,0.963788,0.963788,0.00058,0.0,0.001862,0.03377,0.058836,0.942668,0.0,0.16729,0.146993,0.149979,0.0,0.0,0.0,True,True,False,0.0,False,False,37.043
859,42.95,0,alert,alert,0.964702,0.964702,0.00055,0.0,0.001791,0.032956,0.052521,0.944762,0.0,0.167165,0.145747,0.149864,0.0,0.0,0.0,True,True,False,0.0,False,False,37.573
860,43.0,0,alert,alert,0.964188,0.964188,0.000536,0.0,0.001761,0.033515,0.052274,0.944216,0.0,0.167075,0.145115,0.149748,0.0,0.0,0.0,True,True,False,0.041077,False,False,45.927
861,43.05,0,alert,alert,0.965187,0.965187,0.000516,0.0,0.001731,0.032566,0.058453,0.941613,0.0,0.167005,0.144969,0.149641,0.0,0.0,0.0,True,True,False,0.0,False,False,36.964
862,43.1,0,alert,alert,0.968484,0.968484,0.000474,0.0,0.001671,0.029371,0.053313,0.944351,0.0,0.166932,0.144336,0.149527,0.0,0.0,0.0,True,True,False,0.0,False,False,37.179
863,43.15,0,alert,alert,0.96503,0.96503,0.000506,0.0,0.001634,0.03283,0.072584,0.937848,0.0,0.166964,0.144215,0.149437,0.0,0.0,0.0,True,True,False,0.0,False,False,37.654
864,43.2,0,alert,alert,0.962566,0.962566,0.000647,0.0,0.001741,0.035046,0.437433,0.851954,0.0,0.168795,0.144815,0.149743,0.0,0.0,0.0,True,True,False,0.0,False,False,38.146
865,43.25,0,alert,alert,0.954434,0.954434,0.001062,0.0,0.002071,0.042434,0.518971,0.813796,0.0,0.170913,0.145501,0.150117,0.0,0.0,0.0,True,True,False,0.0,False,False,46.372
866,43.3,0,alert,alert,0.953444,0.953444,0.001219,0.0,0.002076,0.04326,0.50341,0.874821,0.0,0.173078,0.146063,0.150502,0.0,0.0,0.0,True,True,False,0.0,False,False,37.87
867,43.35,0,alert,alert,0.956906,0.956906,0.001137,0.0,0.00195,0.040008,0.46801,0.894649,0.0,0.175113,0.145584,0.150855,0.0,0.0,0.0,True,True,False,0.0,False,False,37.661
868,43.4,0,alert,alert,0.967233,0.967233,0.000857,0.0,0.001792,0.030119,0.360135,0.918164,0.0,0.17666,0.145937,0.151094,0.0,0.0,0.0,True,True,False,0.0,False,False,37.054
869,43.45,0,alert,alert,0.967101,0.967101,0.000773,0.0,0.001774,0.030353,0.263733,0.920213,0.0,0.177718,0.14512,0.151222,0.0,0.0,0.0,True,True,False,0.0,False,False,37.389
870,43.5,0,alert,alert,0.968265,0.968265,0.000641,0.0,0.001626,0.029468,0.137869,0.932772,0.0,0.178126,0.144887,0.151207,0.0,0.0,0.0,True,True,False,0.0,False,False,46.189
871,43.55,0,alert,alert,0.969894,0.969894,0.00053,0.0,0.001433,0.028143,0.087635,0.940953,0.0,0.178259,0.144791,0.151133,0.0,0.0,0.0,True,True,False,0.136177,False,False,37.341
872,43.6,0,alert,alert,0.963781,0.963781,0.000501,0.0,0.001391,0.034327,0.071469,0.945349,0.0,0.178249,0.144816,0.15104,0.0,0.0,0.0,True,True,False,0.209419,False,False,37.259
873,43.65,0,alert,alert,0.945684,0.945684,0.000537,0.0,0.001525,0.052255,0.077544,0.943039,0.0,0.17833,0.144703,0.150954,0.0,0.0,0.0,True,True,False,0.059845,False,False,37.363
874,43.7,0,alert,alert,0.946685,0.946685,0.000495,0.0,0.001444,0.051375,0.136755,0.928619,0.0,0.178723,0.145021,0.150938,0.0,0.0,0.0,True,True,False,0.059845,False,False,37.148
875,43.75,0,alert,alert,0.945644,0.945644,0.000529,0.0,0.001453,0.052374,0.163515,0.925281,0.0,0.179249,0.14522,0.150952,0.0,0.0,0.0,True,True,False,0.081818,False,False,46.069
876,43.8,0,alert,alert,0.945704,0.945704,0.000533,0.0,0.001389,0.052374,0.090813,0.937632,0.0,0.179392,0.145128,0.150883,0.0,0.0,0.0,True,True,False,0.081818,False,False,37.168
877,43.85,0,alert,alert,0.92897,0.92897,0.000591,0.0,0.001387,0.069053,0.057301,0.944149,0.0,0.179223,0.145314,0.150774,0.0,0.0,0.0,True,True,False,0.081818,False,False,37.148
878,43.9,0,alert,alert,0.943851,0.943851,0.000504,0.0,0.00123,0.054415,0.048185,0.946226,0.0,0.177502,0.145149,0.150655,0.0,0.0,0.0,True,True,False,0.0,False,False,38.118
879,43.95,0,alert,alert,0.942298,0.942298,0.000502,0.0,0.001141,0.056059,0.042909,0.947747,0.0,0.175322,0.145309,0.15053,0.0,0.0,0.0,True,True,False,0.449631,False,False,37.808
880,44.0,0,alert,alert,0.957048,0.957048,0.000418,0.0,0.00108,0.041454,0.042424,0.948308,0.0,0.172868,0.145292,0.150404,0.0,0.0,0.0,True,True,False,0.412552,False,False,46.587
881,44.05,0,alert,alert,0.957363,0.957363,0.000404,0.0,0.00107,0.041163,0.042615,0.948261,0.0,0.169989,0.145117,0.150279,0.0,0.0,0.0,True,True,False,0.0,False,False,37.45
882,44.1,0,alert,alert,0.953569,0.953569,0.000428,0.0,0.001128,0.044876,0.04531,0.947185,0.0,0.166865,0.145182,0.150158,0.0,0.0,0.0,True,True,False,0.0,False,False,37.304
883,44.15,0,alert,alert,0.955058,0.955058,0.000426,0.0,0.00114,0.043377,0.04664,0.94599,0.0,0.163978,0.145015,0.150038,0.0,0.0,0.0,True,True,False,0.0,False,False,37.349
884,44.2,0,alert,alert,0.940114,0.940114,0.000478,0.0,0.001183,0.058224,0.046772,0.946883,0.0,0.161604,0.145078,0.149919,0.0,0.0,0.0,True,True,False,0.0,False,False,37.131
885,44.25,0,alert,alert,0.937768,0.937768,0.000474,0.0,0.001155,0.060603,0.048378,0.946976,0.0,0.159636,0.145041,0.149802,0.0,0.0,0.0,True,True,False,0.0,False,False,46.135
886,44.3,0,alert,alert,0.935386,0.935386,0.000475,0.0,0.001159,0.06298,0.045575,0.947392,0.0,0.15827,0.144872,0.149682,0.0,0.0,0.0,True,True,False,0.0,False,False,37.373
887,44.35,0,alert,alert,0.916041,0.916041,0.000539,0.0,0.001182,0.082238,0.048102,0.946484,0.0,0.157711,0.144952,0.149565,0.0,0.0,0.0,True,True,False,0.0,False,False,37.074
888,44.4,0,alert,alert,0.90738,0.90738,0.000573,0.0,0.001179,0.090868,0.04905,0.946701,0.0,0.15759,0.144789,0.14945,0.0,0.0,0.0,True,True,False,0.0,False,False,37.057
889,44.45,0,alert,alert,0.89858,0.89858,0.000605,0.0,0.00119,0.099626,0.052606,0.943834,0.0,0.15761,0.144929,0.149339,0.0,0.0,0.0,True,True,False,0.0,False,False,37.106
890,44.5,0,alert,alert,0.879578,0.879578,0.000652,0.0,0.001205,0.118566,0.052855,0.943961,0.0,0.157662,0.144944,0.149229,0.0,0.0,0.0,True,True,False,0.0,False,False,46.349
891,44.55,0,alert,alert,0.889945,0.889945,0.000614,0.0,0.00118,0.10826,0.049345,0.94553,0.0,0.157684,0.144782,0.149114,0.0,0.0,0.0,True,True,False,0.0,False,False,37.679
892,44.6,0,alert,alert,0.907295,0.907295,0.000553,0.0,0.001165,0.090987,0.048042,0.94556,0.0,0.157687,0.144922,0.148999,0.0,0.0,0.0,True,True,False,0.125076,False,False,37.452
893,44.65,0,alert,alert,0.916752,0.916752,0.0005,0.0,0.001152,0.081597,0.04748,0.946185,0.0,0.157645,0.144757,0.148883,0.0,0.0,0.0,True,True,False,0.0,False,False,37.273
894,44.7,0,alert,alert,0.896606,0.896606,0.000526,0.0,0.001148,0.101719,0.055862,0.945177,0.0,0.157628,0.144912,0.148777,0.0,0.0,0.0,True,True,False,0.0,False,False,37.229
895,44.75,0,alert,alert,0.867618,0.867618,0.000597,0.0,0.001154,0.130631,0.075055,0.938396,0.0,0.157741,0.144943,0.148694,0.0,0.0,0.0,True,True,False,0.0,False,False,46.213
896,44.8,0,alert,alert,0.876965,0.876965,0.000729,0.0,0.001198,0.121109,0.440416,0.860529,0.0,0.159589,0.145399,0.148996,0.0,0.0,0.0,True,True,False,0.0,False,False,38.154
897,44.85,0,alert,alert,0.872826,0.872826,0.001067,0.0,0.001346,0.124761,0.503364,0.86089,0.0,0.161728,0.146158,0.149362,0.0,0.0,0.0,True,True,False,0.0,False,False,37.646
898,44.9,0,alert,alert,0.858729,0.858729,0.002029,0.0,0.001686,0.137556,0.593255,0.850252,0.0,0.164291,0.14684,0.149815,0.0,0.0,0.0,True,True,False,0.0,False,False,37.614
899,44.95,0,alert,alert,0.785412,0.785412,0.006005,0.0,0.002589,0.205993,0.687968,0.850034,0.0,0.167287,0.147534,0.150364,0.0,0.0,0.0,True,True,False,0.0,False,False,37.841
900,45.0,0,alert,alert,0.680855,0.680855,0.022199,0.0,0.004438,0.292508,0.761544,0.829335,0.0,0.170532,0.147933,0.150971,0.0,0.0,0.0,True,True,False,0.0,False,False,47.911
901,45.05,0,alert,alert,0.489896,0.489896,0.093781,0.0,0.007703,0.40862,0.803987,0.803002,0.0,0.173873,0.148879,0.151598,0.0,0.0,0.0,True,True,False,0.0,False,False,37.826
902,45.1,4,distraction,distracted,0.384739,0.281579,0.322857,0.0,0.010825,0.384739,0.811776,0.797093,0.0,0.177247,0.149074,0.152227,0.0,0.0,0.0,True,True,False,0.0,False,False,37.184
903,45.15,1,drowsy,drowsy,0.573222,0.142911,0.573222,0.0,0.010488,0.27338,0.713449,0.836738,0.0,0.180231,0.149922,0.152788,0.0,0.0,0.0,True,True,False,0.0,False,False,37.08
904,45.2,1,drowsy,drowsy,0.679018,0.095014,0.679018,0.0,0.009467,0.216501,0.545124,0.882315,0.0,0.182606,0.150668,0.153201,0.0,0.0,0.0,True,True,False,0.0,False,False,37.468
905,45.25,1,drowsy,drowsy,0.640375,0.100144,0.640375,0.0,0.009224,0.250257,0.414441,0.911876,0.0,0.18441,0.151248,0.153485,0.0,0.0,0.0,True,True,False,0.0,False,False,46.347
906,45.3,1,drowsy,drowsy,0.469688,0.164515,0.469688,0.0,0.010129,0.355668,0.245266,0.932123,0.0,0.185339,0.151406,0.153586,0.0,0.0,0.0,True,True,False,0.0,False,False,37.474
907,45.35,4,distraction,distracted,0.414981,0.346823,0.22682,0.0,0.011376,0.414981,0.098689,0.945906,0.0,0.185412,0.151642,0.153525,0.0,0.0,0.0,True,True,False,0.0,False,False,37.558
908,45.4,0,alert,alert,0.641623,0.641623,0.059221,0.0,0.009569,0.289587,0.052221,0.951171,0.0,0.185203,0.151472,0.15341,0.0,0.0,0.0,True,True,False,0.190193,False,False,37.526
909,45.45,0,alert,alert,0.841625,0.841625,0.011036,0.0,0.005553,0.141786,0.044047,0.950852,0.0,0.184737,0.151408,0.153287,0.0,0.0,0.0,True,True,False,0.294106,False,False,37.054
910,45.5,0,alert,alert,0.91911,0.91911,0.002702,0.0,0.003191,0.074997,0.04425,0.947368,0.0,0.184404,0.151377,0.153165,0.0,0.0,0.0,True,True,False,0.0,False,False,46.44
911,45.55,0,alert,alert,0.929467,0.929467,0.001924,0.0,0.002536,0.066072,0.407657,0.860388,0.0,0.185925,0.151773,0.153424,0.0,0.0,0.0,True,True,False,0.0,False,False,38.594
912,45.6,0,alert,alert,0.931314,0.931314,0.002076,0.0,0.002421,0.064189,0.498085,0.831954,0.0,0.187908,0.152608,0.153763,0.0,0.0,0.0,True,True,False,0.156319,False,False,36.97
913,45.65,0,alert,alert,0.924412,0.924412,0.002035,0.0,0.002246,0.071307,0.422851,0.888554,0.0,0.189643,0.153039,0.154045,0.0,0.0,0.0,True,True,False,0.07003,False,False,37.234
914,45.7,0,alert,alert,0.936825,0.936825,0.001437,0.0,0.0019,0.059839,0.293128,0.923385,0.0,0.188959,0.153588,0.154197,0.0,0.0,0.0,True,True,False,0.07003,False,False,37.049
915,45.75,0,alert,alert,0.94096,0.94096,0.001143,0.0,0.00165,0.056247,0.156237,0.940712,0.0,0.187316,0.153744,0.154199,0.0,0.0,0.0,True,True,False,0.146248,False,False,47.481
916,45.8,0,alert,alert,0.940743,0.940743,0.001034,0.0,0.001505,0.056719,0.115779,0.940614,0.0,0.185332,0.15368,0.154157,0.0,0.0,0.0,True,True,False,0.2053,False,False,38.653
917,45.85,0,alert,alert,0.938027,0.938027,0.000938,0.0,0.001377,0.059657,0.077845,0.943816,0.0,0.183398,0.153853,0.154072,0.0,0.0,0.0,True,True,False,0.246041,False,False,39.143
918,45.9,0,alert,alert,0.941013,0.941013,0.000779,0.0,0.001247,0.056961,0.064955,0.943912,0.0,0.182071,0.153703,0.153973,0.0,0.0,0.0,True,True,False,0.0,False,False,39.219
919,45.95,0,alert,alert,0.950735,0.950735,0.000615,0.0,0.001133,0.047517,0.061021,0.944079,0.0,0.181634,0.153793,0.15387,0.0,0.0,0.0,True,True,False,0.0,False,False,38.805
920,46.0,0,alert,alert,0.956324,0.956324,0.000519,0.0,0.00106,0.042097,0.059237,0.943697,0.0,0.181566,0.153797,0.153765,0.0,0.0,0.0,True,True,False,0.0,False,False,47.909
921,46.05,0,alert,alert,0.961792,0.961792,0.000454,0.0,0.001013,0.036741,0.065307,0.940422,0.0,0.181574,0.153648,0.153668,0.0,0.0,0.0,True,True,False,0.15403,False,False,39.043
922,46.1,0,alert,alert,0.966171,0.966171,0.000404,0.0,0.000979,0.032446,0.087322,0.935258,0.0,0.181712,0.153853,0.153595,0.0,0.0,0.0,True,True,False,0.0,False,False,37.035
923,46.15,0,alert,alert,0.963212,0.963212,0.000393,0.0,0.000972,0.035423,0.105692,0.933578,0.0,0.181884,0.153921,0.153543,0.0,0.0,0.0,True,True,False,0.0,False,False,37.166
924,46.2,0,alert,alert,0.966824,0.966824,0.000354,0.0,0.00094,0.031882,0.088795,0.937874,0.0,0.181876,0.153957,0.153472,0.0,0.0,0.0,True,True,False,0.0,False,False,37.1
925,46.25,0,alert,alert,0.969707,0.969707,0.00034,0.0,0.000946,0.029007,0.096612,0.937341,0.0,0.181863,0.154019,0.15341,0.0,0.0,0.0,True,True,False,0.0,False,False,46.131
926,46.3,0,alert,alert,0.969457,0.969457,0.000346,0.0,0.000971,0.029226,0.06419,0.942863,0.0,0.181721,0.153867,0.153312,0.0,0.0,0.0,True,True,False,0.0,False,False,37.135
927,46.35,0,alert,alert,0.969664,0.969664,0.000332,0.0,0.001,0.029004,0.055247,0.94412,0.0,0.181573,0.15402,0.153204,0.0,0.0,0.0,True,True,False,0.0,False,False,37.018
928,46.4,0,alert,alert,0.969097,0.969097,0.000326,0.0,0.001032,0.029546,0.055975,0.943049,0.0,0.181408,0.15399,0.153098,0.0,0.0,0.0,True,True,False,0.0,False,False,37.445
929,46.45,0,alert,alert,0.971809,0.971809,0.000303,0.0,0.001091,0.026796,0.058245,0.941279,0.0,0.181273,0.153967,0.152994,0.0,0.0,0.0,True,True,False,0.0,False,False,38.605
930,46.5,0,alert,alert,0.973589,0.973589,0.000279,0.0,0.001159,0.024974,0.053812,0.94171,0.0,0.181113,0.153953,0.152886,0.0,0.0,0.0,True,True,False,0.0,False,False,47.417
931,46.55,0,alert,alert,0.973834,0.973834,0.000279,0.0,0.001151,0.024737,0.070518,0.934102,0.0,0.180963,0.153813,0.152797,0.0,0.0,0.0,True,True,False,0.0,False,False,37.128
932,46.6,0,alert,alert,0.970122,0.970122,0.000303,0.0,0.00118,0.028395,0.083377,0.93106,0.0,0.180963,0.154031,0.152722,0.0,0.0,0.0,True,True,False,0.0,False,False,37.242
933,46.65,0,alert,alert,0.973435,0.973435,0.000309,0.0,0.001193,0.025063,0.073979,0.934855,0.0,0.181028,0.154058,0.152637,0.0,0.0,0.0,True,True,False,0.0,False,False,37.349
934,46.7,0,alert,alert,0.971714,0.971714,0.000348,0.0,0.00124,0.026697,0.071247,0.936619,0.0,0.181107,0.153607,0.152549,0.0,0.0,0.0,True,True,False,0.0,False,False,37.096
935,46.75,0,alert,alert,0.971823,0.971823,0.000373,0.0,0.001234,0.02657,0.102082,0.927391,0.0,0.181384,0.153154,0.152495,0.0,0.0,0.0,True,True,False,0.0,False,False,46.271
936,46.8,0,alert,alert,0.968505,0.968505,0.000452,0.0,0.001321,0.029722,0.285492,0.894603,0.0,0.182584,0.153367,0.152632,0.0,0.0,0.0,True,True,False,0.078384,False,False,38.667
937,46.85,0,alert,alert,0.968674,0.968674,0.000611,0.0,0.00143,0.029285,0.457131,0.847242,0.0,0.184556,0.153474,0.152929,0.0,0.0,0.0,True,True,False,0.093262,False,False,38.486
938,46.9,0,alert,alert,0.965016,0.965016,0.001089,0.0,0.001834,0.03206,0.51726,0.809573,0.0,0.1867,0.154101,0.153268,0.0,0.0,0.0,True,True,False,0.0,False,False,37.287
939,46.95,0,alert,alert,0.965317,0.965317,0.001404,0.0,0.002158,0.031121,0.453895,0.878148,0.0,0.188663,0.154742,0.153571,0.0,0.0,0.0,True,True,False,0.084335,False,False,36.93
940,47.0,0,alert,alert,0.966726,0.966726,0.001561,0.0,0.00244,0.029273,0.358406,0.903631,0.0,0.188919,0.155245,0.153784,0.0,0.0,0.0,True,True,False,0.084335,False,False,46.387
941,47.05,0,alert,alert,0.967957,0.967957,0.001523,0.0,0.002523,0.027996,0.232011,0.924807,0.0,0.187765,0.155372,0.153867,0.0,0.0,0.0,True,True,False,0.162613,False,False,38.168
942,47.1,0,alert,alert,0.974253,0.974253,0.001091,0.0,0.002397,0.022259,0.10512,0.940831,0.0,0.1857,0.155593,0.153814,0.0,0.0,0.0,True,True,False,0.201523,False,False,37.652
943,47.15,0,alert,alert,0.979341,0.979341,0.000748,0.0,0.002183,0.017729,0.070476,0.945626,0.0,0.183083,0.155585,0.153724,0.0,0.0,0.0,True,True,False,0.162613,False,False,37.75
944,47.2,0,alert,alert,0.978043,0.978043,0.000652,0.0,0.002059,0.019245,0.06167,0.94509,0.0,0.180038,0.155497,0.153625,0.0,0.0,0.0,True,True,False,0.099899,False,False,37.496
945,47.25,0,alert,alert,0.975629,0.975629,0.000584,0.0,0.001844,0.021943,0.08454,0.938731,0.0,0.176923,0.155432,0.153551,0.0,0.0,0.0,True,True,False,0.099899,False,False,46.265
946,47.3,0,alert,alert,0.977434,0.977434,0.000499,0.0,0.001629,0.020438,0.082746,0.937122,0.0,0.173765,0.155309,0.153475,0.0,0.0,0.0,True,True,False,0.089828,False,False,37.322
947,47.35,0,alert,alert,0.968853,0.968853,0.000716,0.0,0.001749,0.028682,0.418287,0.860912,0.0,0.172676,0.155846,0.153735,0.0,0.0,0.0,True,True,False,0.034439,False,False,37.21
948,47.4,0,alert,alert,0.949091,0.949091,0.001268,0.0,0.002013,0.047627,0.514634,0.818422,0.0,0.172531,0.156496,0.154071,0.0,0.0,0.0,True,True,False,0.034439,False,False,37.126
949,47.45,0,alert,alert,0.924114,0.924114,0.002483,0.0,0.002532,0.070872,0.567603,0.82509,0.0,0.173427,0.157248,0.154459,0.0,0.0,0.0,True,True,False,0.032608,False,False,37.033
950,47.5,0,alert,alert,0.934588,0.934588,0.002585,0.0,0.002531,0.060295,0.485021,0.872645,0.0,0.174935,0.157908,0.154786,0.0,0.0,0.0,True,True,False,0.092804,False,False,47.608
951,47.55,0,alert,alert,0.952628,0.952628,0.002053,0.0,0.00241,0.04291,0.407223,0.89918,0.0,0.176579,0.158311,0.155044,0.0,0.0,0.0,True,True,False,0.0,False,False,38.645
952,47.6,0,alert,alert,0.963463,0.963463,0.001492,0.0,0.002319,0.032725,0.252206,0.926841,0.0,0.177589,0.158343,0.155146,0.0,0.0,0.0,True,True,False,0.0,False,False,37.22
953,47.65,0,alert,alert,0.964075,0.964075,0.001231,0.0,0.002268,0.032427,0.137415,0.941076,0.0,0.178021,0.157818,0.155127,0.0,0.0,0.0,True,True,False,0.0,False,False,37.487
954,47.7,0,alert,alert,0.968318,0.968318,0.000885,0.0,0.002051,0.028746,0.071367,0.949585,0.0,0.178129,0.157131,0.155037,0.0,0.0,0.0,True,True,False,0.0,False,False,37.168
955,47.75,0,alert,alert,0.973532,0.973532,0.000635,0.0,0.001841,0.023993,0.059071,0.948882,0.0,0.178178,0.156446,0.154934,0.0,0.0,0.0,True,True,False,0.123474,False,False,46.026
956,47.8,0,alert,alert,0.968553,0.968553,0.000594,0.0,0.001765,0.029088,0.057032,0.947014,0.0,0.176482,0.156277,0.15483,0.0,0.0,0.0,True,True,False,0.22258,False,False,37.351
957,47.85,0,alert,alert,0.971161,0.971161,0.000475,0.0,0.00153,0.026834,0.061505,0.944214,0.0,0.174374,0.155537,0.15473,0.0,0.0,0.0,True,True,False,0.261032,False,False,37.133
958,47.9,0,alert,alert,0.970551,0.970551,0.000428,0.0,0.001432,0.027588,0.067392,0.942331,0.0,0.171935,0.155423,0.154638,0.0,0.0,0.0,True,True,False,0.261032,False,False,37.004
959,47.95,0,alert,alert,0.971232,0.971232,0.000393,0.0,0.001336,0.027039,0.074181,0.940815,0.0,0.16957,0.155361,0.154552,0.0,0.0,0.0,True,True,False,0.0,False,False,37.272
960,48.0,0,alert,alert,0.976349,0.976349,0.000345,0.0,0.001258,0.022048,0.083208,0.939329,0.0,0.16756,0.155363,0.154477,0.0,0.0,0.0,True,True,False,0.0,False,False,46.055
961,48.05,0,alert,alert,0.978964,0.978964,0.000338,0.0,0.001195,0.019503,0.16326,0.927943,0.0,0.16639,0.155376,0.154486,0.0,0.0,0.0,True,True,False,0.0,False,False,37.321
962,48.1,0,alert,alert,0.97399,0.97399,0.000475,0.0,0.001314,0.024221,0.462158,0.850015,0.0,0.167248,0.155447,0.15478,0.0,0.0,0.0,True,True,False,0.0,False,False,37.137
963,48.15,0,alert,alert,0.963868,0.963868,0.000841,0.0,0.001587,0.033704,0.521725,0.833651,0.0,0.16902,0.15546,0.155122,0.0,0.0,0.0,True,True,False,0.0,False,False,36.761
964,48.2,0,alert,alert,0.95449,0.95449,0.001499,0.0,0.001955,0.042056,0.587587,0.837918,0.0,0.171373,0.155544,0.155528,0.0,0.0,0.0,True,True,False,0.0,False,False,37.344
965,48.25,0,alert,alert,0.937275,0.937275,0.003717,0.0,0.002984,0.056025,0.64683,0.83533,0.0,0.173964,0.155755,0.155987,0.0,0.0,0.0,True,True,False,0.0,False,False,46.04
966,48.3,0,alert,alert,0.948214,0.948214,0.004449,0.0,0.003733,0.043605,0.506381,0.881237,0.0,0.176066,0.15631,0.156332,0.0,0.0,0.0,True,True,False,0.0,False,False,37.31
967,48.35,0,alert,alert,0.957714,0.957714,0.003841,0.0,0.00404,0.034405,0.403938,0.909657,0.0,0.177659,0.15621,0.156583,0.0,0.0,0.0,True,True,False,0.0,False,False,37.335
968,48.4,0,alert,alert,0.969155,0.969155,0.002349,0.0,0.003678,0.024818,0.216914,0.934159,0.0,0.178356,0.156362,0.156646,0.0,0.0,0.0,True,True,False,0.0,False,False,37.401
969,48.45,0,alert,alert,0.974729,0.974729,0.001483,0.0,0.003173,0.020615,0.088568,0.947683,0.0,0.178465,0.156304,0.156574,0.0,0.0,0.0,True,True,False,0.0,False,False,37.374
970,48.5,0,alert,alert,0.980922,0.980922,0.000978,0.0,0.002777,0.015323,0.051225,0.950936,0.0,0.178411,0.156018,0.156463,0.0,0.0,0.0,True,True,False,0.0,False,False,46.293
971,48.55,0,alert,alert,0.984149,0.984149,0.000771,0.0,0.002644,0.012435,0.041832,0.95104,0.0,0.178251,0.155822,0.156342,0.0,0.0,0.0,True,True,False,0.0,False,False,37.634
972,48.6,0,alert,alert,0.984803,0.984803,0.000724,0.0,0.002695,0.011778,0.044451,0.949052,0.0,0.178135,0.155289,0.156224,0.0,0.0,0.0,True,True,False,0.0,False,False,37.102
973,48.65,0,alert,alert,0.983371,0.983371,0.000774,0.0,0.002821,0.013034,0.044147,0.947517,0.0,0.177981,0.154596,0.156106,0.0,0.0,0.0,True,True,False,0.0,False,False,37.152
974,48.7,0,alert,alert,0.982388,0.982388,0.000835,0.0,0.003214,0.013563,0.04746,0.947013,0.0,0.177909,0.153854,0.155992,0.0,0.0,0.0,True,True,False,0.0,False,False,37.167
975,48.75,0,alert,alert,0.981167,0.981167,0.000903,0.0,0.003572,0.014358,0.044777,0.94844,0.0,0.177822,0.153077,0.155875,0.0,0.0,0.0,True,True,False,0.0,False,False,46.326
976,48.8,0,alert,alert,0.97739,0.97739,0.001016,0.0,0.003602,0.017991,0.051912,0.945646,0.0,0.175946,0.152905,0.155767,0.0,0.0,0.0,True,True,False,0.0,False,False,37.3
977,48.85,0,alert,alert,0.972818,0.972818,0.001145,0.0,0.003624,0.022414,0.063796,0.942485,0.0,0.173864,0.15151,0.155671,0.0,0.0,0.0,True,True,False,0.0,False,False,37.167
978,48.9,0,alert,alert,0.9692,0.9692,0.001127,0.0,0.003276,0.026398,0.058712,0.944178,0.0,0.17161,0.150932,0.15557,0.0,0.0,0.0,True,True,False,0.0,False,False,37.008
979,48.95,0,alert,alert,0.9682,0.9682,0.001017,0.0,0.002869,0.027913,0.061121,0.943924,0.0,0.169221,0.150472,0.155472,0.0,0.0,0.0,True,True,False,0.0,False,False,37.369
980,49.0,0,alert,alert,0.967038,0.967038,0.000944,0.0,0.00254,0.029477,0.058792,0.944303,0.0,0.167069,0.150301,0.155371,0.0,0.0,0.0,True,True,False,0.0,False,False,46.606
981,49.05,0,alert,alert,0.965082,0.965082,0.000901,0.0,0.002347,0.03167,0.057755,0.944697,0.0,0.165156,0.150144,0.15527,0.0,0.0,0.0,True,True,False,0.0,False,False,37.531
982,49.1,0,alert,alert,0.96382,0.96382,0.000839,0.0,0.002172,0.033169,0.051282,0.946294,0.0,0.163705,0.150297,0.155161,0.0,0.0,0.0,True,True,False,0.0,False,False,37.268
983,49.15,0,alert,alert,0.960859,0.960859,0.000804,0.0,0.00204,0.036297,0.050303,0.946176,0.0,0.163053,0.150292,0.155053,0.0,0.0,0.0,True,True,False,0.0,False,False,37.193
984,49.2,0,alert,alert,0.953706,0.953706,0.000834,0.0,0.001963,0.043497,0.143578,0.924757,0.0,0.163411,0.150442,0.155041,0.0,0.0,0.0,True,True,False,0.0,False,False,37.281
985,49.25,0,alert,alert,0.917545,0.917545,0.001213,0.0,0.002152,0.07909,0.438296,0.866444,0.0,0.165289,0.151009,0.15531,0.0,0.0,0.0,True,True,False,0.0,False,False,46.28
986,49.3,0,alert,alert,0.914474,0.914474,0.001679,0.0,0.002435,0.081412,0.522077,0.807785,0.0,0.167492,0.151547,0.155634,0.0,0.0,0.0,True,True,False,0.0,False,False,37.154
987,49.35,0,alert,alert,0.89557,0.89557,0.003627,0.0,0.003468,0.097335,0.575931,0.814156,0.0,0.169918,0.152437,0.156008,0.0,0.0,0.0,True,True,False,0.0,False,False,37.477
988,49.4,0,alert,alert,0.85021,0.85021,0.011051,0.0,0.005996,0.132743,0.625067,0.818326,0.0,0.172545,0.153291,0.156428,0.0,0.0,0.0,True,True,False,0.0,False,False,37.278
989,49.45,0,alert,alert,0.790539,0.790539,0.03004,0.0,0.009342,0.170078,0.59851,0.839073,0.0,0.175077,0.154112,0.156832,0.0,0.0,0.0,True,True,False,0.0,False,False,37.303
990,49.5,0,alert,alert,0.802093,0.802093,0.044531,0.0,0.01189,0.141486,0.504848,0.872994,0.0,0.177236,0.15481,0.157164,0.0,0.0,0.0,True,True,False,0.0,False,False,46.761
991,49.55,0,alert,alert,0.851398,0.851398,0.035556,0.0,0.011898,0.101147,0.423974,0.904272,0.0,0.179047,0.155248,0.157427,0.0,0.0,0.0,True,True,False,0.0,False,False,37.479
992,49.6,0,alert,alert,0.896897,0.896897,0.019786,0.0,0.009824,0.073493,0.300963,0.921883,0.0,0.180295,0.15579,0.157571,0.0,0.0,0.0,True,True,False,0.0,False,False,37.591
993,49.65,0,alert,alert,0.925996,0.925996,0.010938,0.0,0.007935,0.055131,0.162189,0.937629,0.0,0.180839,0.155971,0.157575,0.0,0.0,0.0,True,True,False,0.0,False,False,37.308
994,49.7,0,alert,alert,0.947021,0.947021,0.006278,0.0,0.006525,0.040177,0.089908,0.94505,0.0,0.180991,0.156036,0.157506,0.0,0.0,0.0,True,True,False,0.0,False,False,37.268
995,49.75,0,alert,alert,0.926553,0.926553,0.009635,0.0,0.007716,0.056096,0.421212,0.865961,0.0,0.182721,0.156634,0.157754,0.0,0.0,0.0,True,True,False,0.0,False,False,45.867
996,49.8,0,alert,alert,0.865454,0.865454,0.033196,0.0,0.014081,0.087269,0.530814,0.818265,0.0,0.184782,0.157184,0.158085,0.0,0.0,0.0,True,True,False,0.0,False,False,37.176
997,49.85,0,alert,alert,0.642333,0.642333,0.197236,0.0,0.033049,0.127382,0.624832,0.819221,0.0,0.187298,0.158256,0.158499,0.0,0.0,0.0,True,True,False,0.0,False,False,37.642
998,49.9,1,drowsy,drowsy,0.699675,0.189256,0.699675,0.0,0.038243,0.072826,0.732048,0.809828,0.0,0.190305,0.159289,0.159001,0.0,0.0,0.0,True,True,False,0.0,False,False,37.304
999,49.95,1,drowsy,drowsy,0.927136,0.032439,0.927136,0.0,0.017196,0.023228,0.72025,0.819804,0.0,0.19328,0.160318,0.159499,0.0,0.0,0.0,True,True,False,0.0,False,False,37.288
1000,50.0,1,drowsy,drowsy,0.963981,0.012348,0.963981,0.0,0.011227,0.012444,0.543293,0.872608,0.0,0.19557,0.161106,0.159861,0.0,0.0,0.0,True,True,False,0.0,False,False,46.137
1001,50.05,1,drowsy,drowsy,0.97191,0.008275,0.97191,0.0,0.009051,0.010763,0.43904,0.903126,0.0,0.197349,0.161557,0.160133,0.0,0.0,0.0,True,True,False,0.0,False,False,37.082
1002,50.1,1,drowsy,drowsy,0.962588,0.011122,0.962588,0.0,0.012537,0.013752,0.283126,0.928244,0.0,0.198294,0.162079,0.160256,0.0,0.0,0.0,True,True,False,0.0,False,False,37.599
1003,50.15,1,drowsy,drowsy,0.934723,0.022075,0.934723,0.0,0.020772,0.022429,0.151461,0.939571,0.0,0.198659,0.162197,0.160247,0.0,0.0,0.0,True,True,False,0.0,False,False,36.936
1004,50.2,1,drowsy,drowsy,0.869194,0.054117,0.869194,0.0,0.032897,0.043792,0.08343,0.946408,0.0,0.198727,0.162208,0.160169,0.0,0.0,0.0,True,True,False,0.0,False,False,37.3
1005,50.25,1,drowsy,drowsy,0.786988,0.094997,0.786988,0.0,0.036703,0.081312,0.07889,0.942426,0.0,0.198739,0.162175,0.160086,0.0,0.0,0.0,True,True,False,0.0,False,False,46.077
1006,50.3,1,drowsy,drowsy,0.678656,0.158189,0.678656,0.0,0.038185,0.12497,0.086403,0.938388,0.0,0.198806,0.162047,0.160012,0.0,0.0,0.0,True,True,False,0.0,False,False,37.851
1007,50.35,1,drowsy,drowsy,0.591963,0.206985,0.591963,0.0,0.035496,0.165556,0.103808,0.933366,0.0,0.198933,0.162216,0.159956,0.0,0.0,0.0,True,True,False,0.0,False,False,37.784
1008,50.4,1,drowsy,drowsy,0.48282,0.289957,0.48282,0.0,0.035243,0.19198,0.087865,0.936486,0.0,0.198933,0.162248,0.159884,0.0,0.0,0.0,True,True,False,0.0,False,False,37.222
1009,50.45,0,alert,alert,0.382518,0.382518,0.369238,0.0,0.033937,0.214308,0.065609,0.940617,0.0,0.198861,0.162257,0.159789,0.0,0.0,0.0,True,True,False,0.0,False,False,37.092
1010,50.5,0,alert,alert,0.436303,0.436303,0.301118,0.0,0.031686,0.230892,0.073125,0.937404,0.0,0.198869,0.162271,0.159702,0.0,0.0,0.0,True,True,False,0.0,False,False,46.293
1011,50.55,0,alert,alert,0.496934,0.496934,0.248095,0.0,0.030785,0.224185,0.072721,0.937418,0.0,0.198894,0.16212,0.159615,0.0,0.0,0.0,True,True,False,0.0,False,False,38.045
1012,50.6,0,alert,alert,0.581418,0.581418,0.19536,0.0,0.030726,0.192495,0.085791,0.933959,0.0,0.199008,0.162262,0.159541,0.0,0.0,0.0,True,True,False,0.0,False,False,37.492
1013,50.65,0,alert,alert,0.720814,0.720814,0.104292,0.0,0.028262,0.146632,0.058228,0.942514,0.0,0.198961,0.162201,0.159439,0.0,0.0,0.0,True,True,False,0.0,False,False,37.767
1014,50.7,0,alert,alert,0.814175,0.814175,0.050233,0.0,0.023345,0.112247,0.05201,0.945946,0.0,0.198862,0.16216,0.159331,0.0,0.0,0.0,True,True,False,0.0,False,False,37.643
1015,50.75,0,alert,alert,0.879342,0.879342,0.019998,0.0,0.018783,0.081877,0.048437,0.947522,0.0,0.198792,0.162078,0.159219,0.0,0.0,0.0,True,True,False,0.0,False,False,46.771
1016,50.8,0,alert,alert,0.931841,0.931841,0.006236,0.0,0.013646,0.048277,0.045768,0.947954,0.0,0.198745,0.161879,0.159105,0.0,0.0,0.0,True,True,False,0.0,False,False,38.168
1017,50.85,0,alert,alert,0.921122,0.921122,0.00299,0.0,0.014912,0.060976,0.056819,0.944976,0.0,0.198812,0.16177,0.159002,0.0,0.0,0.0,True,True,False,0.0,False,False,37.439
1018,50.9,0,alert,alert,0.841424,0.841424,0.002032,0.0,0.019195,0.137349,0.080683,0.940613,0.0,0.198998,0.161177,0.158924,0.0,0.0,0.0,True,True,False,0.0,False,False,37.317
1019,50.95,0,alert,alert,0.779114,0.779114,0.001184,0.0,0.014616,0.205085,0.21775,0.922819,0.0,0.199749,0.160721,0.158982,0.0,0.0,0.0,True,True,False,0.0,False,False,37.789
1020,51.0,0,alert,alert,0.785854,0.785854,0.000682,0.0,0.010265,0.2032,0.278675,0.922219,0.0,0.20057,0.160401,0.159099,0.0,0.0,0.0,True,True,False,0.0,False,False,46.452
1021,51.05,4,distraction,distracted,0.533147,0.460711,0.000564,0.0,0.005577,0.533147,0.125818,0.944079,0.0,0.200732,0.160342,0.159065,0.0,0.0,0.0,True,True,False,0.0,False,False,37.348
1022,51.1,4,distraction,distracted,0.765793,0.231857,0.000378,0.0,0.001972,0.765793,0.073617,0.95012,0.0,0.200775,0.159598,0.15898,0.0,0.0,0.0,True,True,False,0.0,False,False,37.753
1023,51.15,4,distraction,distracted,0.774069,0.224511,0.000322,0.0,0.001097,0.774069,0.092822,0.942877,0.0,0.200943,0.15956,0.158914,0.0,0.0,0.0,True,True,False,0.0,False,False,37.401
1024,51.2,4,distraction,distracted,0.67486,0.323947,0.000335,0.0,0.000858,0.67486,0.115704,0.937121,0.0,0.201249,0.159663,0.158871,0.0,0.0,0.0,True,True,False,0.0,False,False,37.359
1025,51.25,4,distraction,distracted,0.594399,0.40454,0.000356,0.0,0.000705,0.594399,0.227724,0.915398,0.0,0.202117,0.159975,0.158937,0.0,0.0,0.0,True,True,False,0.0,False,False,46.51
1026,51.3,0,alert,alert,0.556988,0.556988,0.000375,0.0,0.000678,0.441959,0.11019,0.937142,0.0,0.202155,0.159891,0.158889,0.0,0.0,0.0,True,True,False,0.0,False,False,37.389
1027,51.35,0,alert,alert,0.684222,0.684222,0.00035,0.0,0.000677,0.31475,0.076275,0.943933,0.0,0.201008,0.160141,0.158807,0.0,0.0,0.0,True,True,False,0.0,False,False,37.09
1028,51.4,0,alert,alert,0.684915,0.684915,0.000366,0.0,0.000688,0.314031,0.060609,0.946169,0.0,0.199018,0.160167,0.15871,0.0,0.0,0.0,True,True,False,0.0,False,False,37.215
1029,51.45,4,distraction,distracted,0.543219,0.455654,0.000464,0.0,0.000663,0.543219,0.405344,0.880476,0.0,0.198542,0.160733,0.158938,0.0,0.0,0.0,True,True,False,0.0,False,False,37.266
1030,51.5,4,distraction,distracted,0.591583,0.407242,0.00053,0.0,0.000644,0.591583,0.463479,0.865988,0.0,0.198391,0.161371,0.159214,0.0,0.0,0.0,True,True,False,0.0,False,False,45.923
1031,51.55,0,alert,alert,0.571219,0.571219,0.000542,0.0,0.000697,0.427542,0.363894,0.900527,0.0,0.198218,0.161699,0.159407,0.0,0.0,0.0,True,True,False,0.0,False,False,37.338
1032,51.6,0,alert,alert,0.732803,0.732803,0.000478,0.0,0.000744,0.265975,0.234638,0.9183,0.0,0.198389,0.162104,0.159479,0.0,0.0,0.0,True,True,False,0.0,False,False,37.436
1033,51.65,0,alert,alert,0.707624,0.707624,0.00049,0.0,0.000747,0.291138,0.133931,0.927586,0.0,0.19865,0.162225,0.159455,0.0,0.0,0.0,True,True,False,1.0,False,False,37.506
1034,51.7,0,alert,alert,0.864622,0.864622,0.000364,0.0,0.000723,0.134291,0.058394,0.944114,0.0,0.198695,0.162185,0.159355,0.0,0.0,0.0,True,True,False,1.0,False,False,37.687
1035,51.75,0,alert,alert,0.93042,0.93042,0.000272,0.0,0.000724,0.068583,0.045441,0.94776,0.0,0.198708,0.162104,0.159242,0.0,0.0,0.0,True,True,False,1.0,False,False,45.955
1036,51.8,0,alert,alert,0.938921,0.938921,0.000253,0.0,0.000721,0.060105,0.039092,0.950394,0.0,0.19867,0.161894,0.159123,0.0,0.0,0.0,True,True,False,1.0,False,False,37.403
1037,51.85,0,alert,alert,0.955755,0.955755,0.000215,0.0,0.000753,0.043278,0.040025,0.948754,0.0,0.198642,0.161866,0.159006,0.0,0.0,0.0,True,True,False,0.0,False,False,37.31
1038,51.9,0,alert,alert,0.949665,0.949665,0.000232,0.0,0.000779,0.049323,0.041129,0.94928,0.0,0.198595,0.161804,0.158889,0.0,0.0,0.0,True,True,False,0.0,False,False,37.181
1039,51.95,0,alert,alert,0.939854,0.939854,0.000278,0.0,0.000869,0.058999,0.04442,0.946921,0.0,0.198525,0.161775,0.158777,0.0,0.0,0.0,True,True,False,0.0,False,False,36.947
1040,52.0,0,alert,alert,0.956807,0.956807,0.000262,0.0,0.00095,0.041981,0.050447,0.945617,0.0,0.198478,0.161778,0.15867,0.0,0.0,0.0,True,True,False,0.0,False,False,46.199
1041,52.05,0,alert,alert,0.967284,0.967284,0.000254,0.0,0.001095,0.031367,0.074082,0.938091,0.0,0.196718,0.16163,0.158588,0.0,0.0,0.0,True,True,False,0.0,False,False,37.315
1042,52.1,0,alert,alert,0.967343,0.967343,0.000281,0.0,0.001229,0.031147,0.059861,0.941859,0.0,0.194567,0.161863,0.158492,0.0,0.0,0.0,True,True,False,0.0,False,False,37.412
1043,52.15,0,alert,alert,0.963075,0.963075,0.000334,0.0,0.001374,0.035216,0.051812,0.945399,0.0,0.192306,0.161877,0.158387,0.0,0.0,0.0,True,True,False,1.0,False,False,37.447
1044,52.2,0,alert,alert,0.966541,0.966541,0.000355,0.0,0.00159,0.031514,0.053413,0.946413,0.0,0.190125,0.161863,0.158284,0.0,0.0,0.0,True,True,False,1.0,False,False,36.974
1045,52.25,0,alert,alert,0.968376,0.968376,0.000397,0.0,0.001724,0.029503,0.051092,0.946051,0.0,0.188261,0.161849,0.15818,0.0,0.0,0.0,True,True,False,1.0,False,False,46.12
1046,52.3,0,alert,alert,0.96692,0.96692,0.000442,0.0,0.001812,0.030827,0.060541,0.941544,0.0,0.187212,0.161677,0.158085,0.0,0.0,0.0,True,True,False,1.0,False,False,37.457
1047,52.35,0,alert,alert,0.971392,0.971392,0.00041,0.0,0.001856,0.026343,0.074104,0.93833,0.0,0.187019,0.161904,0.158003,0.0,0.0,0.0,True,True,False,1.0,False,False,37.068
1048,52.4,0,alert,alert,0.96981,0.96981,0.000415,0.0,0.001897,0.027878,0.07466,0.938571,0.0,0.187122,0.16194,0.157923,0.0,0.0,0.0,True,True,False,0.0,False,False,37.216
1049,52.45,0,alert,alert,0.971272,0.971272,0.000371,0.0,0.002052,0.026305,0.0618,0.942457,0.0,0.187229,0.161961,0.15783,0.0,0.0,0.0,True,True,False,0.0,False,False,37.285
1050,52.5,0,alert,alert,0.979444,0.979444,0.000283,0.0,0.001919,0.018354,0.053045,0.94717,0.0,0.187288,0.161589,0.157728,0.0,0.0,0.0,True,True,False,0.0,False,False,45.907
1051,52.55,0,alert,alert,0.982308,0.982308,0.000234,0.0,0.002312,0.015146,0.067237,0.939342,0.0,0.187425,0.161429,0.15764,0.0,0.0,0.0,True,True,False,0.0,False,False,37.383
1052,52.6,0,alert,alert,0.982521,0.982521,0.000227,0.0,0.002006,0.015246,0.059246,0.945345,0.0,0.187502,0.16043,0.157545,0.0,0.0,0.0,True,True,False,0.0,False,False,37.183
1053,52.65,0,alert,alert,0.980859,0.980859,0.000219,0.0,0.001816,0.017106,0.058959,0.944606,0.0,0.187574,0.160156,0.157449,0.0,0.0,0.0,True,True,False,0.0,False,False,37.334
1054,52.7,0,alert,alert,0.97113,0.97113,0.000247,0.0,0.001615,0.027008,0.05224,0.945631,0.0,0.187516,0.159991,0.157347,0.0,0.0,0.0,True,True,False,0.0,False,False,37.271
1055,52.75,0,alert,alert,0.974237,0.974237,0.00022,0.0,0.001281,0.024262,0.049397,0.946155,0.0,0.1874,0.159939,0.157243,0.0,0.0,0.0,True,True,False,0.0,False,False,46.218
1056,52.8,0,alert,alert,0.978442,0.978442,0.000186,0.0,0.001118,0.020254,0.052744,0.94627,0.0,0.187238,0.159757,0.157142,0.0,0.0,0.0,True,True,False,0.0,False,False,37.199
1057,52.85,0,alert,alert,0.981152,0.981152,0.000167,0.0,0.001022,0.017659,0.045974,0.949475,0.0,0.187076,0.159954,0.157034,0.0,0.0,0.0,True,True,False,0.0,False,False,37.465
1058,52.9,0,alert,alert,0.97947,0.97947,0.000169,0.0,0.000985,0.019375,0.051378,0.946376,0.0,0.187035,0.159964,0.156932,0.0,0.0,0.0,True,True,False,0.0,False,False,37.214
1059,52.95,0,alert,alert,0.977617,0.977617,0.00017,0.0,0.001035,0.021177,0.069885,0.939042,0.0,0.187128,0.15999,0.156849,0.0,0.0,0.0,True,True,False,0.0,False,False,37.055
1060,53.0,0,alert,alert,0.982392,0.982392,0.000148,0.0,0.001012,0.016449,0.057023,0.944783,0.0,0.187152,0.159962,0.156753,0.0,0.0,0.0,True,True,False,0.0,False,False,46.163
1061,53.05,0,alert,alert,0.9828,0.9828,0.000148,0.0,0.001053,0.015999,0.055095,0.946262,0.0,0.187131,0.159784,0.156655,0.0,0.0,0.0,True,True,False,0.0,False,False,37.083
1062,53.1,0,alert,alert,0.980733,0.980733,0.000172,0.0,0.001024,0.01807,0.063504,0.942411,0.0,0.187185,0.159863,0.156566,0.0,0.0,0.0,True,True,False,0.0,False,False,37.497
1063,53.15,0,alert,alert,0.978357,0.978357,0.000197,0.0,0.000981,0.020465,0.067017,0.941365,0.0,0.187154,0.159856,0.15648,0.0,0.0,0.0,True,True,False,0.0,False,False,37.16
1064,53.2,0,alert,alert,0.975317,0.975317,0.000209,0.0,0.000976,0.023498,0.062864,0.941364,0.0,0.185359,0.159855,0.156391,0.0,0.0,0.0,True,True,False,0.0,False,False,37.279
1065,53.25,0,alert,alert,0.977082,0.977082,0.000191,0.0,0.000961,0.021766,0.054528,0.944873,0.0,0.183213,0.159852,0.156293,0.0,0.0,0.0,True,True,False,0.0,False,False,46.102
1066,53.3,0,alert,alert,0.977526,0.977526,0.000182,0.0,0.000931,0.02136,0.050206,0.945527,0.0,0.18101,0.159665,0.156191,0.0,0.0,0.0,True,True,False,0.0,False,False,38.192
1067,53.35,0,alert,alert,0.969932,0.969932,0.000206,0.0,0.000943,0.028919,0.049103,0.94559,0.0,0.178939,0.159848,0.156089,0.0,0.0,0.0,True,True,False,0.0,False,False,37.631
1068,53.4,0,alert,alert,0.972011,0.972011,0.000189,0.0,0.000886,0.026914,0.055255,0.943031,0.0,0.177403,0.159869,0.155993,0.0,0.0,0.0,True,True,False,0.0,False,False,37.769
1069,53.45,0,alert,alert,0.965306,0.965306,0.000211,0.0,0.000846,0.033637,0.054288,0.944485,0.0,0.176341,0.159891,0.155896,0.0,0.0,0.0,True,True,False,0.0,False,False,37.566
1070,53.5,0,alert,alert,0.959921,0.959921,0.00023,0.0,0.000846,0.039003,0.055259,0.945278,0.0,0.175915,0.159911,0.1558,0.0,0.0,0.0,True,True,False,0.0,False,False,46.535
1071,53.55,0,alert,alert,0.965603,0.965603,0.000211,0.0,0.000804,0.033381,0.049181,0.94656,0.0,0.175715,0.159723,0.155698,0.0,0.0,0.0,True,True,False,0.714447,False,False,37.647
1072,53.6,0,alert,alert,0.970979,0.970979,0.000196,0.0,0.000764,0.028061,0.048467,0.947495,0.0,0.175595,0.159923,0.155596,0.0,0.0,0.0,True,True,False,0.593025,False,False,37.275
1073,53.65,0,alert,alert,0.968966,0.968966,0.000209,0.0,0.000792,0.030033,0.052836,0.946259,0.0,0.175467,0.159936,0.155498,0.0,0.0,0.0,True,True,False,0.0,False,False,37.421
1074,53.7,0,alert,alert,0.97154,0.97154,0.000201,0.0,0.000777,0.027482,0.051196,0.947457,0.0,0.175023,0.159935,0.155399,0.0,0.0,0.0,True,True,False,0.0,False,False,37.129
1075,53.75,0,alert,alert,0.976244,0.976244,0.000183,0.0,0.000771,0.022802,0.050069,0.947039,0.0,0.174439,0.159944,0.155299,0.0,0.0,0.0,True,True,False,0.0,False,False,46.605
1076,53.8,0,alert,alert,0.971406,0.971406,0.00019,0.0,0.000814,0.027591,0.048563,0.947197,0.0,0.174217,0.159754,0.155197,0.0,0.0,0.0,True,True,False,1.0,False,False,37.437
1077,53.85,0,alert,alert,0.972909,0.972909,0.000168,0.0,0.000821,0.026102,0.05575,0.944466,0.0,0.174209,0.159966,0.155103,0.0,0.0,0.0,True,True,False,1.0,False,False,37.224
1078,53.9,0,alert,alert,0.977204,0.977204,0.00015,0.0,0.000809,0.021837,0.054278,0.945772,0.0,0.174241,0.15992,0.155008,0.0,0.0,0.0,True,True,False,0.0,False,False,37.145
1079,53.95,0,alert,alert,0.975071,0.975071,0.000154,0.0,0.000802,0.023973,0.049878,0.948108,0.0,0.174276,0.159806,0.154908,0.0,0.0,0.0,True,True,False,1.0,False,False,37.223
1080,54.0,0,alert,alert,0.971617,0.971617,0.000159,0.0,0.000782,0.027441,0.049847,0.948348,0.0,0.174314,0.159743,0.154809,0.0,0.0,0.0,True,True,False,0.95752,False,False,46.733
1081,54.05,0,alert,alert,0.973213,0.973213,0.00016,0.0,0.000771,0.025856,0.054457,0.947356,0.0,0.174376,0.159564,0.154714,0.0,0.0,0.0,True,True,False,0.819733,False,False,38.085
1082,54.1,0,alert,alert,0.969466,0.969466,0.000171,0.0,0.000786,0.029578,0.055617,0.945895,0.0,0.17443,0.159747,0.15462,0.0,0.0,0.0,True,True,False,0.819733,False,False,38.347
1083,54.15,0,alert,alert,0.973598,0.973598,0.000163,0.0,0.000785,0.025454,0.049037,0.947334,0.0,0.174441,0.15975,0.154521,0.0,0.0,0.0,True,True,False,0.0,False,False,37.847
1084,54.2,0,alert,alert,0.975252,0.975252,0.000166,0.0,0.000782,0.0238,0.047207,0.947682,0.0,0.174443,0.159747,0.154419,0.0,0.0,0.0,True,True,False,1.0,False,False,38.243
1085,54.25,0,alert,alert,0.975796,0.975796,0.000173,0.0,0.000801,0.02323,0.05428,0.945692,0.0,0.174474,0.159764,0.154325,0.0,0.0,0.0,True,True,False,1.0,False,False,46.582
1086,54.3,0,alert,alert,0.977806,0.977806,0.000173,0.0,0.000787,0.021233,0.056363,0.945135,0.0,0.174531,0.159589,0.154233,0.0,0.0,0.0,True,True,False,1.0,False,False,38.49
1087,54.35,0,alert,alert,0.977868,0.977868,0.000181,0.0,0.000804,0.021147,0.084862,0.935074,0.0,0.174725,0.159863,0.154169,0.0,0.0,0.0,True,True,False,1.0,False,False,37.37
1088,54.4,0,alert,alert,0.973527,0.973527,0.000214,0.0,0.000809,0.02545,0.059229,0.94171,0.0,0.174781,0.159891,0.15408,0.0,0.0,0.0,True,True,False,1.0,False,False,37.474
1089,54.45,0,alert,alert,0.971406,0.971406,0.000215,0.0,0.000826,0.027552,0.052316,0.946425,0.0,0.174777,0.15991,0.153985,0.0,0.0,0.0,True,True,False,1.0,False,False,37.569
1090,54.5,0,alert,alert,0.964275,0.964275,0.000241,0.0,0.000869,0.034615,0.053222,0.944287,0.0,0.174779,0.159926,0.153891,0.0,0.0,0.0,True,True,False,1.0,False,False,46.889
1091,54.55,0,alert,alert,0.968602,0.968602,0.000231,0.0,0.000913,0.030254,0.059942,0.940589,0.0,0.174836,0.159757,0.153803,0.0,0.0,0.0,True,True,False,1.0,False,False,37.417
1092,54.6,0,alert,alert,0.959356,0.959356,0.000282,0.0,0.000989,0.039373,0.065638,0.938368,0.0,0.174931,0.159936,0.153721,0.0,0.0,0.0,True,True,False,1.0,False,False,37.557
1093,54.65,0,alert,alert,0.934339,0.934339,0.000352,0.0,0.000988,0.06432,0.055811,0.942932,0.0,0.174976,0.159927,0.15363,0.0,0.0,0.0,True,True,False,1.0,False,False,37.568
1094,54.7,0,alert,alert,0.891555,0.891555,0.000428,0.0,0.000964,0.107053,0.053221,0.943641,0.0,0.174963,0.159923,0.153537,0.0,0.0,0.0,True,True,False,1.0,False,False,37.226
1095,54.75,0,alert,alert,0.90988,0.90988,0.000386,0.0,0.000884,0.08885,0.050632,0.944852,0.0,0.174835,0.159328,0.153441,0.0,0.0,0.0,True,True,False,1.0,False,False,45.771
1096,54.8,0,alert,alert,0.831632,0.831632,0.000494,0.0,0.000909,0.166965,0.053266,0.943936,0.0,0.172973,0.159148,0.153348,0.0,0.0,0.0,True,True,False,1.0,False,False,37.248
1097,54.85,0,alert,alert,0.83957,0.83957,0.000465,0.0,0.000854,0.159112,0.050464,0.945718,0.0,0.170804,0.158008,0.153252,0.0,0.0,0.0,True,True,False,0.0,False,False,37.55
1098,54.9,0,alert,alert,0.833058,0.833058,0.000483,0.0,0.000825,0.165634,0.050262,0.946299,0.0,0.16824,0.157648,0.153157,0.0,0.0,0.0,True,True,False,0.869629,False,False,37.649
1099,54.95,0,alert,alert,0.647524,0.647524,0.000623,0.0,0.000841,0.351013,0.053399,0.945459,0.0,0.16526,0.157558,0.153064,0.0,0.0,0.0,True,True,False,0.668671,False,False,37.453
1100,55.0,4,distraction,distracted,0.556974,0.441585,0.000688,0.0,0.000753,0.556974,0.060171,0.943815,0.0,0.162047,0.157576,0.152978,0.0,0.0,0.0,True,True,False,0.0,False,False,46.17
1101,55.05,4,distraction,distracted,0.621478,0.377168,0.000682,0.0,0.000672,0.621478,0.05151,0.946837,0.0,0.158694,0.157395,0.152884,0.0,0.0,0.0,True,True,False,0.0,False,False,37.229
1102,55.1,4,distraction,distracted,0.707775,0.290968,0.000675,0.0,0.000582,0.707775,0.05845,0.944781,0.0,0.15537,0.157601,0.152797,0.0,0.0,0.0,True,True,False,0.0,False,False,37.318
1103,55.15,4,distraction,distracted,0.780332,0.218442,0.000704,0.0,0.000523,0.780332,0.1123,0.934308,0.0,0.152632,0.157727,0.15276,0.0,0.0,0.0,True,True,False,0.0,False,False,37.389
1104,55.2,4,distraction,distracted,0.86364,0.1352,0.000713,0.0,0.000446,0.86364,0.33871,0.898876,0.0,0.151665,0.158217,0.152923,0.0,0.0,0.0,True,True,False,0.0,False,False,37.584
1105,55.25,4,distraction,distracted,0.856271,0.142525,0.000758,0.0,0.000446,0.856271,0.197128,0.929796,0.0,0.1506,0.158483,0.152963,0.0,0.0,0.0,True,True,False,0.0,False,False,45.984
1106,55.3,4,distraction,distracted,0.834088,0.164708,0.000739,0.0,0.000464,0.834088,0.090084,0.944463,0.0,0.149815,0.158367,0.152905,0.0,0.0,0.0,True,True,False,0.0,False,False,37.986
1107,55.35,4,distraction,distracted,0.82767,0.171214,0.000675,0.0,0.000441,0.82767,0.057398,0.949673,0.0,0.149602,0.158595,0.152817,0.0,0.0,0.0,True,True,False,0.0,False,False,38.07
1108,55.4,4,distraction,distracted,0.784505,0.21436,0.000665,0.0,0.00047,0.784505,0.042767,0.952278,0.0,0.149553,0.158588,0.152715,0.0,0.0,0.0,True,True,False,0.0,False,False,37.835
1109,55.45,4,distraction,distracted,0.816303,0.182664,0.000594,0.0,0.000438,0.816303,0.038791,0.953163,0.0,0.149524,0.158559,0.152609,0.0,0.0,0.0,True,True,False,0.0,False,False,38.318
1110,55.5,4,distraction,distracted,0.802753,0.196207,0.000585,0.0,0.000455,0.802753,0.039387,0.952372,0.0,0.149497,0.158535,0.152504,0.0,0.0,0.0,True,True,False,0.0,False,False,46.236
1111,55.55,4,distraction,distracted,0.82208,0.176952,0.000541,0.0,0.000426,0.82208,0.040761,0.951119,0.0,0.14774,0.158334,0.152401,0.0,0.0,0.0,True,True,False,0.0,False,False,38.015
1112,55.6,4,distraction,distracted,0.811253,0.18779,0.000524,0.0,0.000433,0.811253,0.040335,0.95078,0.0,0.145618,0.158515,0.152298,0.0,0.0,0.0,True,True,False,0.0,False,False,37.837
1113,55.65,4,distraction,distracted,0.822962,0.176131,0.000494,0.0,0.000413,0.822962,0.040547,0.949883,0.0,0.143752,0.158509,0.152195,0.0,0.0,0.0,True,True,False,0.0,False,False,38.168
1114,55.7,4,distraction,distracted,0.856345,0.14279,0.000477,0.0,0.000388,0.856345,0.100657,0.936206,0.0,0.142792,0.158602,0.152148,0.0,0.0,0.0,True,True,False,0.0,False,False,38.159
1115,55.75,4,distraction,distracted,0.89462,0.104611,0.000437,0.0,0.000332,0.89462,0.274821,0.915699,0.0,0.143375,0.158435,0.152257,0.0,0.0,0.0,True,True,False,0.0,False,False,46.497
1116,55.8,4,distraction,distracted,0.939123,0.06019,0.000408,0.0,0.00028,0.939123,0.447706,0.8786,0.0,0.144957,0.158892,0.152508,0.0,0.0,0.0,True,True,False,0.0,False,False,37.443
1117,55.85,4,distraction,distracted,0.964341,0.035028,0.000392,0.0,0.00024,0.964341,0.471702,0.877707,0.0,0.146845,0.15847,0.152778,0.0,0.0,0.0,True,True,False,0.0,False,False,37.487
1118,55.9,4,distraction,distracted,0.973625,0.02573,0.000418,0.0,0.000227,0.973625,0.527658,0.848177,0.0,0.149006,0.158789,0.153085,0.0,0.0,0.0,True,True,False,0.0,False,False,37.192
1119,55.95,4,distraction,distracted,0.979631,0.019664,0.000477,0.0,0.000228,0.979631,0.536937,0.864882,0.0,0.151266,0.159393,0.153405,0.0,0.0,0.0,True,True,False,0.0,False,False,38.212
1120,56.0,4,distraction,distracted,0.985209,0.014072,0.000495,0.0,0.000224,0.985209,0.541306,0.875956,0.0,0.15358,0.160127,0.153732,0.0,0.0,0.0,True,True,False,0.0,False,False,46.062
1121,56.05,4,distraction,distracted,0.988913,0.010383,0.000488,0.0,0.000216,0.988913,0.553355,0.885227,0.0,0.155941,0.160753,0.154073,0.0,0.0,0.0,True,True,False,0.0,False,False,37.337
1122,56.1,4,distraction,distracted,0.990418,0.008847,0.000515,0.0,0.00022,0.990418,0.543701,0.895857,0.0,0.158165,0.161353,0.154408,0.0,0.0,0.0,True,True,False,0.0,False,False,37.549
1123,56.15,4,distraction,distracted,0.991351,0.007843,0.000574,0.0,0.000232,0.991351,0.576252,0.87874,0.0,0.160416,0.162048,0.154765,0.0,0.0,0.0,True,True,False,0.0,False,False,37.383
1124,56.2,4,distraction,distracted,0.991949,0.007273,0.000551,0.0,0.000226,0.991949,0.574075,0.879636,0.0,0.162746,0.162833,0.155119,0.0,0.0,0.0,True,True,False,0.0,False,False,37.811
1125,56.25,4,distraction,distracted,0.99217,0.007043,0.000553,0.0,0.000235,0.99217,0.488069,0.90832,0.0,0.16468,0.163539,0.155409,0.0,0.0,0.0,True,True,False,0.0,False,False,46.445
1126,56.3,4,distraction,distracted,0.992107,0.007131,0.000529,0.0,0.000234,0.992107,0.369051,0.929827,0.0,0.16622,0.163883,0.155599,0.0,0.0,0.0,True,True,False,0.0,False,False,37.831
1127,56.35,4,distraction,distracted,0.991572,0.007678,0.000511,0.0,0.000239,0.991572,0.257623,0.940891,0.0,0.167252,0.164401,0.155691,0.0,0.0,0.0,True,True,False,0.0,False,False,38.033
1128,56.4,4,distraction,distracted,0.9921,0.007214,0.000457,0.0,0.000229,0.9921,0.317178,0.930629,0.0,0.168574,0.164844,0.155835,0.0,0.0,0.0,True,True,False,0.0,False,False,38.602
1129,56.45,4,distraction,distracted,0.992828,0.006532,0.00042,0.0,0.000221,0.992828,0.361163,0.920903,0.0,0.170095,0.165349,0.156015,0.0,0.0,0.0,True,True,False,0.0,False,False,37.585
1130,56.5,4,distraction,distracted,0.993148,0.006236,0.000403,0.0,0.000213,0.993148,0.324318,0.927025,0.0,0.171461,0.165809,0.156164,0.0,0.0,0.0,True,True,False,0.0,False,False,47.32
1131,56.55,4,distraction,distracted,0.993246,0.006146,0.000398,0.0,0.000209,0.993246,0.350493,0.927194,0.0,0.172869,0.166117,0.156336,0.0,0.0,0.0,True,True,False,0.0,False,False,37.988
1132,56.6,4,distraction,distracted,0.993037,0.006351,0.000402,0.0,0.00021,0.993037,0.382503,0.921641,0.0,0.174365,0.166871,0.156535,0.0,0.0,0.0,True,True,False,0.0,False,False,38.712
1133,56.65,4,distraction,distracted,0.992989,0.006406,0.000394,0.0,0.000211,0.992989,0.309455,0.933057,0.0,0.175555,0.167318,0.156671,0.0,0.0,0.0,True,True,False,0.0,False,False,37.729
1134,56.7,4,distraction,distracted,0.992158,0.00724,0.000387,0.0,0.000215,0.992158,0.153111,0.945244,0.0,0.175969,0.167489,0.156668,0.0,0.0,0.0,True,True,False,0.0,False,False,37.548
1135,56.75,4,distraction,distracted,0.991084,0.008344,0.000363,0.0,0.000209,0.991084,0.064227,0.949998,0.0,0.175765,0.167476,0.156584,0.0,0.0,0.0,True,True,False,0.0,False,False,46.086
1136,56.8,4,distraction,distracted,0.990094,0.00935,0.00035,0.0,0.000206,0.990094,0.04836,0.950047,0.0,0.17458,0.167272,0.156486,0.0,0.0,0.0,True,True,False,0.0,False,False,37.256
1137,56.85,4,distraction,distracted,0.988564,0.010902,0.000331,0.0,0.000204,0.988564,0.041028,0.951813,0.0,0.172599,0.166275,0.156382,0.0,0.0,0.0,True,True,False,0.0,False,False,37.412
1138,56.9,4,distraction,distracted,0.987093,0.012399,0.000308,0.0,0.000201,0.987093,0.039275,0.951808,0.0,0.170407,0.165503,0.156277,0.0,0.0,0.0,True,True,False,0.0,False,False,37.723
1139,56.95,4,distraction,distracted,0.98252,0.01695,0.000316,0.0,0.000215,0.98252,0.040859,0.951173,0.0,0.168397,0.164748,0.156173,0.0,0.0,0.0,True,True,False,0.0,False,False,37.675
1140,57.0,4,distraction,distracted,0.980066,0.019434,0.00029,0.0,0.00021,0.980066,0.038463,0.950976,0.0,0.166804,0.164083,0.156067,0.0,0.0,0.0,True,True,False,0.0,False,False,46.127
1141,57.05,4,distraction,distracted,0.968766,0.030695,0.000304,0.0,0.000235,0.968766,0.040033,0.951198,0.0,0.165828,0.163871,0.155962,0.0,0.0,0.0,True,True,False,0.0,False,False,37.146
1142,57.1,4,distraction,distracted,0.951387,0.048022,0.000329,0.0,0.000262,0.951387,0.037748,0.951851,0.0,0.165478,0.163459,0.155856,0.0,0.0,0.0,True,True,False,0.181152,False,False,37.31
1143,57.15,4,distraction,distracted,0.929579,0.069774,0.000356,0.0,0.000291,0.929579,0.038013,0.951621,0.0,0.165308,0.163378,0.15575,0.0,0.0,0.0,True,True,False,0.181152,False,False,37.344
1144,57.2,4,distraction,distracted,0.903126,0.096187,0.000372,0.0,0.000314,0.903126,0.040318,0.950323,0.0,0.165196,0.16335,0.155647,0.0,0.0,0.0,True,True,False,0.148193,False,False,37.17
1145,57.25,4,distraction,distracted,0.908867,0.090482,0.000348,0.0,0.000303,0.908867,0.048892,0.948641,0.0,0.165009,0.163295,0.155551,0.0,0.0,0.0,True,True,False,0.36792,False,False,46.159
1146,57.3,4,distraction,distracted,0.934129,0.065275,0.00033,0.0,0.000267,0.934129,0.063565,0.94569,0.0,0.164907,0.163125,0.155469,0.0,0.0,0.0,True,True,False,0.192139,False,False,37.201
1147,57.35,4,distraction,distracted,0.936607,0.062793,0.000335,0.0,0.000265,0.936607,0.063774,0.945952,0.0,0.163215,0.163341,0.155388,0.0,0.0,0.0,True,True,False,0.192139,False,False,37.388
1148,57.4,4,distraction,distracted,0.946824,0.052602,0.000325,0.0,0.000249,0.946824,0.050452,0.948933,0.0,0.161088,0.163353,0.155294,0.0,0.0,0.0,True,True,False,0.0,False,False,37.104
1149,57.45,4,distraction,distracted,0.937798,0.061584,0.000353,0.0,0.000265,0.937798,0.044033,0.94934,0.0,0.158684,0.163358,0.155195,0.0,0.0,0.0,True,True,False,0.0,False,False,37.736
1150,57.5,4,distraction,distracted,0.930402,0.068944,0.000378,0.0,0.000275,0.930402,0.044046,0.949071,0.0,0.156565,0.163358,0.155096,0.0,0.0,0.0,True,True,False,0.0,False,False,46.267
1151,57.55,4,distraction,distracted,0.935909,0.063462,0.000369,0.0,0.00026,0.935909,0.044568,0.948151,0.0,0.154781,0.163155,0.154998,0.0,0.0,0.0,True,True,False,0.0,False,False,37.665
1152,57.6,4,distraction,distracted,0.951659,0.047787,0.000322,0.0,0.000231,0.951659,0.0432,0.950116,0.0,0.153724,0.163363,0.154899,0.0,0.0,0.0,True,True,False,0.0,False,False,37.392
1153,57.65,4,distraction,distracted,0.969377,0.030165,0.000261,0.0,0.000196,0.969377,0.042185,0.949704,0.0,0.153237,0.163361,0.154798,0.0,0.0,0.0,True,True,False,0.0,False,False,37.437
1154,57.7,4,distraction,distracted,0.964707,0.034819,0.000268,0.0,0.000206,0.964707,0.044757,0.948701,0.0,0.153101,0.163361,0.154701,0.0,0.0,0.0,True,True,False,0.0,False,False,37.337
1155,57.75,4,distraction,distracted,0.942476,0.056983,0.000295,0.0,0.000246,0.942476,0.05194,0.945822,0.0,0.153067,0.16337,0.15461,0.0,0.0,0.0,True,True,False,0.0,False,False,46.166
1156,57.8,4,distraction,distracted,0.954627,0.044906,0.00025,0.0,0.000216,0.954627,0.053141,0.944375,0.0,0.153048,0.163182,0.154521,0.0,0.0,0.0,True,True,False,0.0,False,False,37.54
1157,57.85,4,distraction,distracted,0.950465,0.049073,0.000245,0.0,0.000216,0.950465,0.064102,0.940474,0.0,0.153063,0.162078,0.154441,0.0,0.0,0.0,True,True,False,0.0,False,False,37.352
1158,57.9,4,distraction,distracted,0.914734,0.084708,0.000289,0.0,0.000268,0.914734,0.05279,0.943443,0.0,0.152988,0.161421,0.154352,0.0,0.0,0.0,True,True,False,0.0,False,False,37.588
1159,57.95,4,distraction,distracted,0.862165,0.137209,0.000314,0.0,0.000312,0.862165,0.058107,0.940232,0.0,0.152907,0.16095,0.154268,0.0,0.0,0.0,True,True,False,0.0,False,False,37.313
1160,58.0,4,distraction,distracted,0.730106,0.269123,0.000367,0.0,0.000404,0.730106,0.049927,0.944281,0.0,0.152736,0.160685,0.154176,0.0,0.0,0.0,True,True,False,0.0,False,False,46.299
1161,58.05,4,distraction,distracted,0.704348,0.294855,0.000379,0.0,0.000418,0.704348,0.048269,0.945714,0.0,0.152152,0.160493,0.154083,0.0,0.0,0.0,True,True,False,0.0,False,False,37.417
1162,58.1,4,distraction,distracted,0.687066,0.31211,0.000389,0.0,0.000435,0.687066,0.050082,0.945392,0.0,0.150216,0.160586,0.153992,0.0,0.0,0.0,True,True,False,0.0,False,False,37.511
1163,58.15,4,distraction,distracted,0.662857,0.336313,0.000389,0.0,0.000441,0.662857,0.053603,0.943744,0.0,0.148062,0.160604,0.153904,0.0,0.0,0.0,True,True,False,0.0,False,False,37.299
1164,58.2,4,distraction,distracted,0.622327,0.376816,0.000388,0.0,0.000469,0.622327,0.04909,0.945211,0.0,0.145581,0.160614,0.153812,0.0,0.0,0.0,True,True,False,0.0,False,False,37.307
1165,58.25,4,distraction,distracted,0.515536,0.48351,0.000412,0.0,0.000542,0.515536,0.05218,0.942692,0.0,0.142861,0.16063,0.153724,0.0,0.0,0.0,True,True,False,0.0,False,False,47.082
1166,58.3,4,distraction,distracted,0.526671,0.47234,0.000437,0.0,0.000552,0.526671,0.055931,0.942138,0.0,0.140702,0.160453,0.153639,0.0,0.0,0.0,True,True,False,0.0,False,False,37.792
1167,58.35,4,distraction,distracted,0.658917,0.340109,0.000485,0.0,0.000489,0.658917,0.426334,0.849311,0.0,0.140719,0.161259,0.153853,0.0,0.0,0.0,True,True,False,0.0,False,False,37.537
1168,58.4,4,distraction,distracted,0.6968,0.302168,0.000561,0.0,0.000471,0.6968,0.484755,0.851974,0.0,0.141911,0.161956,0.154113,0.0,0.0,0.0,True,True,False,0.0,False,False,37.769
1169,58.45,4,distraction,distracted,0.691602,0.307294,0.000613,0.0,0.000491,0.691602,0.375488,0.905546,0.0,0.143318,0.162505,0.154298,0.0,0.0,0.0,True,True,False,0.0,False,False,37.567
1170,58.5,4,distraction,distracted,0.692215,0.306683,0.000602,0.0,0.0005,0.692215,0.197464,0.932777,0.0,0.14406,0.162769,0.154335,0.0,0.0,0.0,True,True,False,0.0,False,False,46.345
1171,58.55,4,distraction,distracted,0.673494,0.325421,0.000579,0.0,0.000505,0.673494,0.081882,0.945495,0.0,0.144267,0.162632,0.154272,0.0,0.0,0.0,True,True,False,0.0,False,False,37.488
1172,58.6,4,distraction,distracted,0.743765,0.25525,0.00053,0.0,0.000456,0.743765,0.051815,0.947553,0.0,0.144305,0.162856,0.154183,0.0,0.0,0.0,True,True,False,0.0,False,False,37.358
1173,58.65,4,distraction,distracted,0.761611,0.237453,0.000502,0.0,0.000433,0.761611,0.043066,0.94975,0.0,0.144298,0.162862,0.154085,0.0,0.0,0.0,True,True,False,0.0,False,False,37.198
1174,58.7,4,distraction,distracted,0.741938,0.257115,0.000504,0.0,0.000443,0.741938,0.044285,0.948685,0.0,0.144281,0.162871,0.15399,0.0,0.0,0.0,True,True,False,0.0,False,False,37.5
1175,58.75,4,distraction,distracted,0.78978,0.209317,0.000494,0.0,0.00041,0.78978,0.048435,0.94698,0.0,0.144301,0.162884,0.153898,0.0,0.0,0.0,True,True,False,0.0,False,False,46.442
1176,58.8,4,distraction,distracted,0.762654,0.236425,0.000486,0.0,0.000435,0.762654,0.049452,0.947244,0.0,0.144287,0.16269,0.153807,0.0,0.0,0.0,True,True,False,0.0,False,False,38.214
1177,58.85,4,distraction,distracted,0.835435,0.163715,0.000474,0.0,0.000377,0.835435,0.421843,0.868583,0.0,0.145991,0.163499,0.154021,0.0,0.0,0.0,True,True,False,0.0,False,False,38.034
1178,58.9,4,distraction,distracted,0.853508,0.145547,0.000567,0.0,0.000377,0.853508,0.514719,0.7986,0.0,0.148018,0.164209,0.154284,0.0,0.0,0.0,True,True,False,0.0,False,False,38.291
1179,58.95,4,distraction,distracted,0.797325,0.201509,0.000712,0.0,0.000455,0.797325,0.490092,0.860805,0.0,0.150044,0.164917,0.154549,0.0,0.0,0.0,True,True,False,0.0,False,False,37.535
1180,59.0,4,distraction,distracted,0.747358,0.251335,0.000778,0.0,0.00053,0.747358,0.365375,0.908454,0.0,0.151561,0.16545,0.154724,0.0,0.0,0.0,True,True,False,0.0,False,False,47.364
1181,59.05,4,distraction,distracted,0.716139,0.282546,0.000747,0.0,0.000568,0.716139,0.182755,0.931671,0.0,0.152194,0.165479,0.154748,0.0,0.0,0.0,True,True,False,0.0,False,False,38.037
1182,59.1,4,distraction,distracted,0.7528,0.245966,0.000692,0.0,0.000542,0.7528,0.079367,0.943875,0.0,0.152338,0.165728,0.154683,0.0,0.0,0.0,True,True,False,0.0,False,False,38.081
1183,59.15,4,distraction,distracted,0.746179,0.252609,0.000666,0.0,0.000546,0.746179,0.045592,0.949618,0.0,0.152312,0.165251,0.154588,0.0,0.0,0.0,True,True,False,0.0,False,False,37.745
1184,59.2,4,distraction,distracted,0.779032,0.219835,0.000622,0.0,0.000511,0.779032,0.043467,0.950018,0.0,0.151799,0.164564,0.154492,0.0,0.0,0.0,True,True,False,0.0,False,False,37.271
1185,59.25,4,distraction,distracted,0.8028,0.196038,0.00066,0.0,0.000502,0.8028,0.043187,0.950515,0.0,0.149908,0.163768,0.154396,0.0,0.0,0.0,True,True,False,0.0,False,False,46.228
1186,59.3,4,distraction,distracted,0.857239,0.14164,0.000672,0.0,0.000448,0.857239,0.048298,0.947701,0.0,0.147775,0.163571,0.154304,0.0,0.0,0.0,True,True,False,0.0,False,False,37.507
1187,59.35,4,distraction,distracted,0.809425,0.18924,0.000798,0.0,0.000538,0.809425,0.044267,0.94923,0.0,0.145374,0.161862,0.15421,0.0,0.0,0.0,True,True,False,0.0,False,False,37.275
1188,59.4,4,distraction,distracted,0.823391,0.175213,0.000827,0.0,0.000568,0.823391,0.043905,0.948534,0.0,0.142751,0.160956,0.154115,0.0,0.0,0.0,True,True,False,0.0,False,False,37.34
1189,59.45,4,distraction,distracted,0.864791,0.133917,0.00079,0.0,0.000501,0.864791,0.046915,0.94781,0.0,0.140212,0.160091,0.154022,0.0,0.0,0.0,True,True,False,0.0,False,False,37.652
1190,59.5,4,distraction,distracted,0.91284,0.08598,0.000769,0.0,0.000412,0.91284,0.069632,0.940903,0.0,0.138149,0.15942,0.153951,0.0,0.0,0.0,True,True,False,0.0,False,False,46.202
1191,59.55,4,distraction,distracted,0.928823,0.069931,0.000852,0.0,0.000394,0.928823,0.078511,0.939625,0.0,0.136462,0.159284,0.153886,0.0,0.0,0.0,True,True,False,0.0,False,False,37.22
1192,59.6,4,distraction,distracted,0.944973,0.053926,0.000743,0.0,0.000358,0.944973,0.057963,0.94606,0.0,0.135251,0.158695,0.153804,0.0,0.0,0.0,True,True,False,0.0,False,False,37.449
1193,59.65,4,distraction,distracted,0.933184,0.065688,0.000727,0.0,0.0004,0.933184,0.045873,0.949287,0.0,0.134661,0.158613,0.153712,0.0,0.0,0.0,True,True,False,0.0,False,False,37.11
1194,59.7,4,distraction,distracted,0.917697,0.0812,0.000685,0.0,0.000419,0.917697,0.043527,0.94874,0.0,0.134424,0.158602,0.153617,0.0,0.0,0.0,True,True,False,0.0,False,False,37.259
1195,59.75,4,distraction,distracted,0.908951,0.090015,0.000627,0.0,0.000407,0.908951,0.043675,0.94849,0.0,0.132632,0.158021,0.153523,0.0,0.0,0.0,True,True,False,0.0,False,False,46.137
1196,59.8,4,distraction,distracted,0.918198,0.08084,0.000584,0.0,0.000378,0.918198,0.040689,0.950261,0.0,0.13042,0.157821,0.153426,0.0,0.0,0.0,True,True,False,0.0,False,False,37.647
1197,59.85,4,distraction,distracted,0.90125,0.097729,0.000619,0.0,0.000401,0.90125,0.038929,0.951223,0.0,0.127787,0.156543,0.153328,0.0,0.0,0.0,True,True,False,0.0,False,False,37.048
1198,59.9,4,distraction,distracted,0.923491,0.075597,0.000556,0.0,0.000356,0.923491,0.040871,0.949822,0.0,0.124729,0.155891,0.153232,0.0,0.0,0.0,True,True,False,0.0,False,False,37.34
1199,59.95,4,distraction,distracted,0.924863,0.074238,0.000547,0.0,0.000351,0.924863,0.040613,0.949622,0.0,0.121694,0.155491,0.153136,0.0,0.0,0.0,True,True,True,0.0,False,False,37.441
1200,60.0,4,distraction,distracted,0.914409,0.084676,0.000556,0.0,0.000359,0.914409,0.039648,0.949776,0.0,0.119313,0.155352,0.15296,0.0,0.0,0.0,True,True,True,0.0,False,False,46.897
1201,60.05,4,distraction,distracted,0.920321,0.078806,0.000538,0.0,0.000334,0.920321,0.050164,0.946232,0.0,0.117422,0.155173,0.152873,0.0,0.0,0.0,True,True,True,0.0,False,False,38.108
1202,60.1,4,distraction,distracted,0.929694,0.069473,0.000518,0.0,0.000315,0.929694,0.052622,0.947212,0.0,0.116273,0.155352,0.152753,0.0,0.0,0.0,True,True,True,0.0,False,False,37.669
1203,60.15,4,distraction,distracted,0.935181,0.064004,0.000507,0.0,0.000308,0.935181,0.050536,0.948114,0.0,0.115764,0.155369,0.152666,0.0,0.0,0.0,True,True,True,0.0,False,False,37.535
1204,60.2,4,distraction,distracted,0.911639,0.087456,0.000554,0.0,0.000351,0.911639,0.045316,0.949379,0.0,0.11557,0.155378,0.152643,0.0,0.0,0.0,True,True,True,0.0,False,False,37.807
1205,60.25,4,distraction,distracted,0.904541,0.094526,0.000571,0.0,0.000362,0.904541,0.04267,0.949949,0.0,0.115385,0.155378,0.152629,0.0,0.0,0.0,True,True,True,0.0,False,False,46.432
1206,60.3,4,distraction,distracted,0.815931,0.182953,0.000656,0.0,0.00046,0.815931,0.049109,0.946416,0.0,0.115195,0.155197,0.152541,0.0,0.0,0.0,True,True,True,0.0,False,False,37.585
1207,60.35,4,distraction,distracted,0.82437,0.174632,0.000575,0.0,0.000424,0.82437,0.044469,0.947782,0.0,0.114894,0.155293,0.152607,0.0,0.0,0.0,True,True,True,0.0,False,False,37.331
1208,60.4,4,distraction,distracted,0.802977,0.196039,0.000535,0.0,0.000449,0.802977,0.05086,0.946268,0.0,0.114706,0.155148,0.152521,0.0,0.0,0.0,True,True,True,0.0,False,False,37.419
1209,60.45,4,distraction,distracted,0.813759,0.185317,0.000468,0.0,0.000456,0.813759,0.067322,0.942709,0.0,0.114714,0.155099,0.152607,0.0,0.0,0.0,True,True,True,0.0,False,False,37.295
1210,60.5,4,distraction,distracted,0.917566,0.08172,0.000385,0.0,0.000329,0.917566,0.404967,0.877252,0.0,0.116282,0.155632,0.152891,0.0,0.0,0.0,True,True,True,0.0,False,False,46.075
1211,60.55,4,distraction,distracted,0.963928,0.035515,0.000312,0.0,0.000245,0.963928,0.497728,0.840246,0.0,0.118212,0.156148,0.153152,0.0,0.0,0.0,True,True,True,0.0,False,False,37.438
1212,60.6,4,distraction,distracted,0.972666,0.026838,0.000272,0.0,0.000224,0.972666,0.405448,0.898734,0.0,0.119753,0.156901,0.15353,0.0,0.0,0.0,True,True,True,0.0,False,False,37.503
1213,60.65,4,distraction,distracted,0.977076,0.022473,0.000238,0.0,0.000214,0.977076,0.220458,0.932274,0.0,0.120565,0.157173,0.153586,0.0,0.0,0.0,True,True,True,0.0,False,False,37.333
1214,60.7,4,distraction,distracted,0.977923,0.021651,0.000215,0.0,0.00021,0.977923,0.100788,0.948007,0.0,0.120811,0.157253,0.153718,0.0,0.0,0.0,True,True,True,0.0,False,False,37.467
1215,60.75,4,distraction,distracted,0.960012,0.039481,0.000234,0.0,0.000274,0.960012,0.049505,0.953892,0.0,0.120814,0.157242,0.153698,0.0,0.0,0.0,True,True,True,0.0,False,False,46.463
1216,60.8,4,distraction,distracted,0.934585,0.064821,0.000242,0.0,0.000352,0.934585,0.041389,0.95244,0.0,0.12079,0.157044,0.153602,0.0,0.0,0.0,True,True,True,0.0,False,False,38.079
1217,60.85,4,distraction,distracted,0.941558,0.057925,0.000208,0.0,0.000308,0.941558,0.044038,0.950031,0.0,0.120723,0.15719,0.153097,0.0,0.0,0.0,True,True,True,1.0,False,False,37.634
1218,60.9,4,distraction,distracted,0.901758,0.097601,0.000231,0.0,0.00041,0.901758,0.046711,0.949658,0.0,0.120549,0.157174,0.153006,0.0,0.0,0.0,True,True,True,1.0,False,False,37.232
1219,60.95,4,distraction,distracted,0.887178,0.112162,0.00023,0.0,0.00043,0.887178,0.196192,0.916565,0.0,0.12044,0.157423,0.152475,0.0,0.0,0.0,True,True,True,1.0,False,False,37.667
1220,61.0,4,distraction,distracted,0.767591,0.231416,0.000287,0.0,0.000705,0.767591,0.090794,0.935246,0.0,0.119512,0.157498,0.15219,0.0,0.0,0.0,True,True,True,0.0,False,False,46.102
1221,61.05,4,distraction,distracted,0.84464,0.154477,0.000248,0.0,0.000635,0.84464,0.063537,0.93944,0.0,0.1192,0.157339,0.152115,0.0,0.0,0.0,True,True,True,0.0,False,False,37.771
1222,61.1,4,distraction,distracted,0.808555,0.19046,0.000257,0.0,0.000728,0.808555,0.065188,0.941566,0.0,0.119159,0.157567,0.151925,0.0,0.0,0.0,True,True,True,0.0,False,False,37.5
1223,61.15,4,distraction,distracted,0.664757,0.333972,0.000288,0.0,0.000983,0.664757,0.049938,0.945515,0.0,0.118942,0.15758,0.151839,0.0,0.0,0.0,True,True,True,0.0,False,False,37.401
1224,61.2,4,distraction,distracted,0.511876,0.486723,0.000295,0.0,0.001106,0.511876,0.046573,0.94689,0.0,0.118592,0.157583,0.151887,0.0,0.0,0.0,True,True,True,0.0,False,False,37.4
1225,61.25,0,alert,alert,0.7068,0.7068,0.000275,0.0,0.001046,0.291879,0.047573,0.946649,0.0,0.1177,0.15758,0.151859,0.0,0.0,0.0,True,True,True,0.0,False,False,46.698
1226,61.3,0,alert,alert,0.791743,0.791743,0.000259,0.0,0.000953,0.207046,0.042332,0.948102,0.0,0.117356,0.157384,0.151766,0.0,0.0,0.0,True,True,True,0.0,False,False,37.814
1227,61.35,0,alert,alert,0.863413,0.863413,0.000235,0.0,0.000885,0.135468,0.043785,0.948168,0.0,0.11719,0.15757,0.151846,0.0,0.0,0.0,True,True,True,0.0,False,False,37.837
1228,61.4,0,alert,alert,0.895237,0.895237,0.000218,0.0,0.00091,0.103635,0.05344,0.945589,0.0,0.117154,0.157585,0.151763,0.0,0.0,0.0,True,True,True,0.0,False,False,37.837
1229,61.45,0,alert,alert,0.912791,0.912791,0.000212,0.0,0.000913,0.086085,0.050995,0.946232,0.0,0.115465,0.157597,0.151864,0.0,0.0,0.0,True,True,True,0.0,False,False,37.652
1230,61.5,0,alert,alert,0.938534,0.938534,0.000194,0.0,0.000943,0.060329,0.06052,0.941734,0.0,0.113581,0.157625,0.151878,0.0,0.0,0.0,True,True,True,0.0,False,False,46.422
1231,61.55,0,alert,alert,0.948321,0.948321,0.000195,0.0,0.00096,0.050524,0.056827,0.941094,0.0,0.112093,0.157454,0.151798,0.0,0.0,0.0,True,True,True,0.0,False,False,37.848
1232,61.6,0,alert,alert,0.947889,0.947889,0.00022,0.0,0.000966,0.050925,0.070642,0.936547,0.0,0.111285,0.157698,0.151916,0.0,0.0,0.0,True,True,True,0.0,False,False,37.57
1233,61.65,0,alert,alert,0.960901,0.960901,0.000213,0.0,0.000896,0.037989,0.075574,0.937429,0.0,0.110995,0.157759,0.151852,0.0,0.0,0.0,True,True,True,0.0,False,False,37.534
1234,61.7,0,alert,alert,0.971516,0.971516,0.0002,0.0,0.000883,0.027401,0.077282,0.93645,0.0,0.111091,0.157827,0.151974,0.0,0.0,0.0,True,True,True,0.0,False,False,37.362
1235,61.75,0,alert,alert,0.973882,0.973882,0.000194,0.0,0.00097,0.024954,0.066394,0.939468,0.0,0.111199,0.157873,0.151991,0.0,0.0,0.0,True,True,True,0.0,False,False,46.469
1236,61.8,0,alert,alert,0.976312,0.976312,0.00019,0.0,0.001174,0.022323,0.054407,0.943892,0.0,0.111279,0.157697,0.151908,0.0,0.0,0.0,True,True,True,0.0,False,False,37.301
1237,61.85,0,alert,alert,0.976047,0.976047,0.000192,0.0,0.001204,0.022557,0.04845,0.944972,0.0,0.111323,0.157917,0.151336,0.0,0.0,0.0,True,True,True,0.0,False,False,37.711
1238,61.9,0,alert,alert,0.976792,0.976792,0.000198,0.0,0.001142,0.021869,0.055661,0.94378,0.0,0.111398,0.157944,0.151254,0.0,0.0,0.0,True,True,True,0.0,False,False,37.613
1239,61.95,0,alert,alert,0.975318,0.975318,0.000223,0.0,0.001201,0.023258,0.085274,0.93176,0.0,0.111606,0.157444,0.150799,0.0,0.0,0.0,True,True,True,0.0,False,False,37.662
1240,62.0,0,alert,alert,0.973136,0.973136,0.000239,0.0,0.00129,0.025335,0.111314,0.930544,0.0,0.111914,0.15685,0.15072,0.0,0.0,0.0,True,True,True,0.0,False,False,46.249
1241,62.05,0,alert,alert,0.975389,0.975389,0.000238,0.0,0.001316,0.023058,0.176357,0.920427,0.0,0.11242,0.156442,0.150741,0.0,0.0,0.0,True,True,True,0.0,False,False,37.753
1242,62.1,0,alert,alert,0.976052,0.976052,0.000225,0.0,0.001516,0.022208,0.150943,0.923736,0.0,0.112874,0.156198,0.150865,0.0,0.0,0.0,True,True,True,0.0,False,False,38.052
1243,62.15,0,alert,alert,0.977582,0.977582,0.00022,0.0,0.001779,0.020419,0.082219,0.940417,0.0,0.113028,0.1561,0.150807,0.0,0.0,0.0,True,True,True,0.0,False,False,38.436
1244,62.2,0,alert,alert,0.980273,0.980273,0.000217,0.0,0.001956,0.017555,0.075794,0.938302,0.0,0.113143,0.156105,0.150928,0.0,0.0,0.0,True,True,True,0.0,False,False,38.26
1245,62.25,0,alert,alert,0.981558,0.981558,0.000213,0.0,0.0022,0.016029,0.075493,0.936085,0.0,0.113268,0.156142,0.150957,0.0,0.0,0.0,True,True,True,0.0,False,False,46.812
1246,62.3,0,alert,alert,0.98172,0.98172,0.000223,0.0,0.002316,0.015741,0.070632,0.938542,0.0,0.113319,0.156186,0.150889,0.0,0.0,0.0,True,True,True,0.0,False,False,38.151
1247,62.35,0,alert,alert,0.981645,0.981645,0.000241,0.0,0.002287,0.015826,0.064273,0.941044,0.0,0.113269,0.156213,0.150999,0.0,0.0,0.0,True,True,True,0.0,False,False,38.269
1248,62.4,0,alert,alert,0.981328,0.981328,0.00026,0.0,0.002098,0.016314,0.061402,0.942213,0.0,0.113202,0.156196,0.150923,0.0,0.0,0.0,True,True,True,0.0,False,False,37.929
1249,62.45,0,alert,alert,0.981501,0.981501,0.000278,0.0,0.001787,0.016434,0.204747,0.918492,0.0,0.11391,0.156415,0.15115,0.0,0.0,0.0,True,True,True,0.0,False,False,38.373
1250,62.5,0,alert,alert,0.979285,0.979285,0.000324,0.0,0.001731,0.01866,0.364044,0.906435,0.0,0.115428,0.156888,0.151416,0.0,0.0,0.0,True,True,True,0.0,False,False,47.276
1251,62.55,0,alert,alert,0.982143,0.982143,0.000306,0.0,0.001713,0.015838,0.228975,0.923477,0.0,0.11623,0.15715,0.151481,0.0,0.0,0.0,True,True,True,0.0,False,False,37.922
1252,62.6,0,alert,alert,0.978485,0.978485,0.000332,0.0,0.001648,0.019535,0.10179,0.938355,0.0,0.116445,0.157189,0.151626,0.0,0.0,0.0,True,True,True,0.0,False,False,38.907
1253,62.65,0,alert,alert,0.970254,0.970254,0.000368,0.0,0.001526,0.027852,0.055421,0.948951,0.0,0.116426,0.15715,0.151544,0.0,0.0,0.0,True,True,True,0.0,False,False,38.782
1254,62.7,0,alert,alert,0.939794,0.939794,0.000492,0.0,0.001652,0.058062,0.043873,0.950591,0.0,0.116382,0.157079,0.151643,0.0,0.0,0.0,True,True,True,0.237457,False,False,38.488
1255,62.75,0,alert,alert,0.958072,0.958072,0.000357,0.0,0.001303,0.040269,0.039117,0.951947,0.0,0.116328,0.156979,0.151641,0.0,0.0,0.0,True,True,True,0.0,False,False,46.459
1256,62.8,0,alert,alert,0.959792,0.959792,0.000321,0.0,0.001215,0.038671,0.046648,0.948786,0.0,0.116296,0.156841,0.151552,0.0,0.0,0.0,True,True,True,0.596344,False,False,37.536
1257,62.85,0,alert,alert,0.960285,0.960285,0.000284,0.0,0.001135,0.038296,0.044318,0.949955,0.0,0.116287,0.156727,0.151642,0.0,0.0,0.0,True,True,True,0.596344,False,False,37.523
1258,62.9,0,alert,alert,0.957898,0.957898,0.000254,0.0,0.001086,0.040762,0.04394,0.949421,0.0,0.116248,0.156622,0.15155,0.0,0.0,0.0,True,True,True,0.0,False,False,37.274
1259,62.95,0,alert,alert,0.939162,0.939162,0.000267,0.0,0.001057,0.059514,0.04939,0.946846,0.0,0.116143,0.156575,0.151645,0.0,0.0,0.0,True,True,True,0.0,False,False,37.55
1260,63.0,0,alert,alert,0.897291,0.897291,0.000314,0.0,0.001009,0.101386,0.080445,0.937701,0.0,0.116262,0.156594,0.151676,0.0,0.0,0.0,True,True,True,0.0,False,False,46.136
1261,63.05,0,alert,alert,0.744755,0.744755,0.000418,0.0,0.001127,0.2537,0.168061,0.9233,0.0,0.116827,0.156757,0.151689,0.0,0.0,0.0,True,True,True,0.0,False,False,37.787
1262,63.1,0,alert,alert,0.752246,0.752246,0.000379,0.0,0.001025,0.24635,0.088973,0.940077,0.0,0.116956,0.156794,0.15181,0.0,0.0,0.0,True,True,True,0.0,False,False,37.272
1263,63.15,0,alert,alert,0.891809,0.891809,0.000259,0.0,0.000831,0.107101,0.059981,0.947259,0.0,0.116918,0.156781,0.151732,0.0,0.0,0.0,True,True,True,0.0,False,False,37.602
1264,63.2,0,alert,alert,0.925685,0.925685,0.000215,0.0,0.000772,0.073328,0.048231,0.949604,0.0,0.116842,0.156771,0.151249,0.0,0.0,0.0,True,True,True,0.0,False,False,37.759
1265,63.25,0,alert,alert,0.885056,0.885056,0.000255,0.0,0.000814,0.113875,0.046198,0.949601,0.0,0.116798,0.156752,0.150856,0.0,0.0,0.0,True,True,True,0.0,False,False,46.074
1266,63.3,0,alert,alert,0.908373,0.908373,0.000241,0.0,0.000774,0.090612,0.045023,0.949578,0.0,0.11677,0.156731,0.150766,0.0,0.0,0.0,True,True,True,0.0,False,False,37.821
1267,63.35,0,alert,alert,0.890964,0.890964,0.000263,0.0,0.000787,0.107986,0.041981,0.950225,0.0,0.116732,0.156706,0.149903,0.0,0.0,0.0,True,True,True,0.0,False,False,37.583
1268,63.4,0,alert,alert,0.876592,0.876592,0.000276,0.0,0.000776,0.122356,0.040557,0.951191,0.0,0.116655,0.156683,0.14981,0.0,0.0,0.0,True,True,True,0.0,False,False,37.654
1269,63.45,0,alert,alert,0.871254,0.871254,0.00028,0.0,0.000766,0.1277,0.041065,0.950827,0.0,0.116586,0.156657,0.149013,0.0,0.0,0.0,True,True,True,0.0,False,False,37.612
1270,63.5,0,alert,alert,0.867302,0.867302,0.000278,0.0,0.00075,0.131671,0.043609,0.950027,0.0,0.116525,0.156631,0.148656,0.0,0.0,0.0,True,True,True,0.0,False,False,46.512
1271,63.55,0,alert,alert,0.884117,0.884117,0.000257,0.0,0.00072,0.114906,0.044345,0.949564,0.0,0.1165,0.156599,0.148567,0.0,0.0,0.0,True,True,True,0.0,False,False,37.843
1272,63.6,0,alert,alert,0.886173,0.886173,0.000254,0.0,0.000706,0.112867,0.043454,0.950221,0.0,0.116473,0.156548,0.148253,0.0,0.0,0.0,True,True,True,0.0,False,False,37.637
1273,63.65,0,alert,alert,0.817882,0.817882,0.0003,0.0,0.000753,0.181065,0.04352,0.950907,0.0,0.116424,0.156515,0.148163,0.0,0.0,0.0,True,True,True,0.0,False,False,37.532
1274,63.7,0,alert,alert,0.718921,0.718921,0.000342,0.0,0.000759,0.279977,0.042366,0.951097,0.0,0.116378,0.156483,0.148203,0.0,0.0,0.0,True,True,True,0.0,False,False,37.341
1275,63.75,0,alert,alert,0.657585,0.657585,0.000354,0.0,0.000711,0.34135,0.042309,0.950091,0.0,0.116338,0.156449,0.147912,0.0,0.0,0.0,True,True,True,0.0,False,False,46.204
1276,63.8,0,alert,alert,0.622398,0.622398,0.000357,0.0,0.000672,0.376572,0.0397,0.952156,0.0,0.116291,0.156407,0.14782,0.0,0.0,0.0,True,True,True,0.0,False,False,37.899
1277,63.85,0,alert,alert,0.625579,0.625579,0.000355,0.0,0.000663,0.373403,0.039258,0.951853,0.0,0.116205,0.156319,0.147176,0.0,0.0,0.0,True,True,True,0.0,False,False,37.333
1278,63.9,0,alert,alert,0.628046,0.628046,0.000356,0.0,0.000646,0.370952,0.039137,0.95104,0.0,0.116126,0.155735,0.147083,0.0,0.0,0.0,True,True,True,0.0,False,False,37.496
1279,63.95,0,alert,alert,0.61793,0.61793,0.000373,0.0,0.00065,0.381047,0.039697,0.950727,0.0,0.116073,0.155011,0.146649,0.0,0.0,0.0,True,True,True,0.0,False,False,37.426
1280,64.0,0,alert,alert,0.69768,0.69768,0.00035,0.0,0.000648,0.301323,0.039721,0.951319,0.0,0.116021,0.154197,0.14658,0.0,0.0,0.0,True,True,True,0.0,False,False,45.721
1281,64.05,0,alert,alert,0.724492,0.724492,0.000332,0.0,0.000663,0.274513,0.038892,0.951809,0.0,0.11594,0.153238,0.146488,0.0,0.0,0.0,True,True,True,0.0,False,False,37.738
1282,64.1,0,alert,alert,0.788147,0.788147,0.000295,0.0,0.000692,0.210866,0.042124,0.950621,0.0,0.115568,0.153049,0.146474,0.0,0.0,0.0,True,True,True,0.0,False,False,37.508
1283,64.15,0,alert,alert,0.753682,0.753682,0.000312,0.0,0.0007,0.245305,0.042558,0.951378,0.0,0.115836,0.151236,0.146562,0.0,0.0,0.0,True,True,True,0.0,False,False,37.606
1284,64.2,0,alert,alert,0.797905,0.797905,0.000289,0.0,0.000708,0.201098,0.043651,0.949776,0.0,0.115817,0.150443,0.146565,0.0,0.0,0.0,True,True,True,0.0,False,False,37.434
1285,64.25,0,alert,alert,0.858388,0.858388,0.000253,0.0,0.000682,0.140677,0.040246,0.951728,0.0,0.115744,0.149776,0.146564,0.0,0.0,0.0,True,True,True,0.0,False,False,46.28
1286,64.3,0,alert,alert,0.909211,0.909211,0.000209,0.0,0.000693,0.089887,0.042411,0.951456,0.0,0.115671,0.149316,0.146475,0.0,0.0,0.0,True,True,True,0.0,False,False,38.185
1287,64.35,0,alert,alert,0.933433,0.933433,0.00018,0.0,0.000746,0.065641,0.039745,0.951828,0.0,0.115287,0.149129,0.146461,0.0,0.0,0.0,True,True,True,0.0,False,False,37.808
1288,64.4,0,alert,alert,0.918941,0.918941,0.000189,0.0,0.000814,0.080056,0.039236,0.952305,0.0,0.115334,0.149057,0.146433,0.0,0.0,0.0,True,True,True,0.0,False,False,37.502
1289,64.45,0,alert,alert,0.909669,0.909669,0.000194,0.0,0.000834,0.089303,0.040596,0.951964,0.0,0.115273,0.149042,0.146386,0.0,0.0,0.0,True,True,True,1.0,False,False,37.779
1290,64.5,0,alert,alert,0.917777,0.917777,0.000187,0.0,0.000798,0.081238,0.038763,0.952302,0.0,0.115197,0.149034,0.146355,0.0,0.0,0.0,True,True,True,1.0,False,False,46.61
1291,64.55,0,alert,alert,0.939065,0.939065,0.000172,0.0,0.000766,0.059997,0.040641,0.951967,0.0,0.115096,0.149025,0.146265,0.0,0.0,0.0,True,True,True,1.0,False,False,37.79
1292,64.6,0,alert,alert,0.949583,0.949583,0.000162,0.0,0.000818,0.049437,0.041307,0.951128,0.0,0.114723,0.148841,0.146253,0.0,0.0,0.0,True,True,True,1.0,False,False,37.796
1293,64.65,0,alert,alert,0.953186,0.953186,0.000161,0.0,0.000781,0.045873,0.085972,0.94035,0.0,0.115121,0.149066,0.146355,0.0,0.0,0.0,True,True,True,0.0,False,False,37.431
1294,64.7,0,alert,alert,0.881779,0.881779,0.000254,0.0,0.000849,0.117118,0.427332,0.88527,0.0,0.116908,0.149661,0.146657,0.0,0.0,0.0,True,True,True,0.0,False,False,37.499
1295,64.75,0,alert,alert,0.805046,0.805046,0.000302,0.0,0.000933,0.193719,0.434632,0.899638,0.0,0.118768,0.150285,0.146968,0.0,0.0,0.0,True,True,True,0.0,False,False,46.008
1296,64.8,0,alert,alert,0.805259,0.805259,0.000273,0.0,0.000969,0.193499,0.310918,0.926516,0.0,0.120049,0.150716,0.147104,0.0,0.0,0.0,True,True,True,0.0,False,False,37.579
1297,64.85,0,alert,alert,0.607274,0.607274,0.000323,0.0,0.00088,0.391523,0.14929,0.944833,0.0,0.120196,0.150714,0.147185,0.0,0.0,0.0,True,True,True,0.0,False,False,37.773
1298,64.9,0,alert,alert,0.525128,0.525128,0.000301,0.0,0.000835,0.473736,0.07022,0.949661,0.0,0.120648,0.150911,0.147271,0.0,0.0,0.0,True,True,True,0.0,False,False,37.507
1299,64.95,0,alert,alert,0.530119,0.530119,0.000277,0.0,0.000779,0.468826,0.050746,0.950954,0.0,0.120632,0.150911,0.147272,0.0,0.0,0.0,True,True,True,0.0,False,False,37.375
1300,65.0,0,alert,alert,0.705678,0.705678,0.000259,0.0,0.000709,0.293354,0.041861,0.951544,0.0,0.120537,0.150886,0.147267,0.0,0.0,0.0,True,True,True,0.0,False,False,46.153
1301,65.05,0,alert,alert,0.680003,0.680003,0.000276,0.0,0.000648,0.319073,0.042077,0.950806,0.0,0.120487,0.150858,0.147177,0.0,0.0,0.0,True,True,True,0.0,False,False,37.316
1302,65.1,0,alert,alert,0.600409,0.600409,0.000287,0.0,0.000627,0.398677,0.081476,0.937271,0.0,0.120293,0.150742,0.147208,0.0,0.0,0.0,True,True,True,0.0,False,False,37.327
1303,65.15,0,alert,alert,0.669938,0.669938,0.000282,0.0,0.000621,0.329159,0.054988,0.94574,0.0,0.120315,0.150877,0.147307,0.0,0.0,0.0,True,True,True,0.0,False,False,37.696
1304,65.2,0,alert,alert,0.812478,0.812478,0.000237,0.0,0.000594,0.18669,0.062076,0.942371,0.0,0.118975,0.150883,0.147322,0.0,0.0,0.0,True,True,True,0.0,False,False,37.322
1305,65.25,0,alert,alert,0.859991,0.859991,0.000215,0.0,0.000623,0.13917,0.053995,0.94425,0.0,0.118259,0.150881,0.147326,0.0,0.0,0.0,True,True,True,0.0,False,False,46.253
1306,65.3,0,alert,alert,0.872979,0.872979,0.000204,0.0,0.00064,0.126177,0.063949,0.940555,0.0,0.118129,0.150883,0.147255,0.0,0.0,0.0,True,True,True,0.0,False,False,37.456
1307,65.35,0,alert,alert,0.884097,0.884097,0.000198,0.0,0.00065,0.115055,0.056042,0.944236,0.0,0.117817,0.150722,0.147265,0.0,0.0,0.0,True,True,True,0.0,False,False,37.558
1308,65.4,0,alert,alert,0.890104,0.890104,0.000199,0.0,0.000694,0.109004,0.045837,0.947309,0.0,0.118141,0.150757,0.147351,0.0,0.0,0.0,True,True,True,0.0,False,False,37.339
1309,65.45,0,alert,alert,0.850038,0.850038,0.00022,0.0,0.000795,0.148947,0.439468,0.86107,0.0,0.120022,0.151234,0.147665,0.0,0.0,0.0,True,True,True,0.0,False,False,37.385
1310,65.5,0,alert,alert,0.878946,0.878946,0.000219,0.0,0.000858,0.119977,0.397735,0.888012,0.0,0.12175,0.1517,0.147952,0.0,0.0,0.0,True,True,True,0.0,False,False,46.381
1311,65.55,0,alert,alert,0.904689,0.904689,0.000208,0.0,0.000874,0.094229,0.270812,0.921734,0.0,0.122896,0.152,0.148054,0.0,0.0,0.0,True,True,True,0.0,False,False,37.326
1312,65.6,0,alert,alert,0.949169,0.949169,0.000173,0.0,0.000814,0.049843,0.108461,0.944805,0.0,0.122823,0.151926,0.148109,0.0,0.0,0.0,True,True,True,0.0,False,False,37.416
1313,65.65,0,alert,alert,0.960274,0.960274,0.000168,0.0,0.000842,0.038715,0.052223,0.951927,0.0,0.123301,0.152023,0.148208,0.0,0.0,0.0,True,True,True,0.0,False,False,37.582
1314,65.7,0,alert,alert,0.962253,0.962253,0.000173,0.0,0.000865,0.036709,0.043235,0.95205,0.0,0.123007,0.151382,0.148212,0.0,0.0,0.0,True,True,True,0.0,False,False,37.389
1315,65.75,0,alert,alert,0.969144,0.969144,0.000167,0.0,0.000907,0.029783,0.042882,0.951671,0.0,0.121857,0.150655,0.148214,0.0,0.0,0.0,True,True,True,0.0,False,False,46.338
1316,65.8,0,alert,alert,0.975444,0.975444,0.000159,0.0,0.000971,0.023426,0.04113,0.95186,0.0,0.119918,0.149876,0.148122,0.0,0.0,0.0,True,True,True,0.0,False,False,37.585
1317,65.85,0,alert,alert,0.978374,0.978374,0.000166,0.0,0.001064,0.020395,0.040792,0.951563,0.0,0.119518,0.14969,0.148123,0.0,0.0,0.0,True,True,True,0.0,False,False,37.49
1318,65.9,0,alert,alert,0.981184,0.981184,0.00017,0.0,0.00112,0.017526,0.039607,0.95144,0.0,0.115617,0.148694,0.148215,0.0,0.0,0.0,True,True,True,0.0,False,False,37.224
1319,65.95,0,alert,alert,0.980289,0.980289,0.000185,0.0,0.001231,0.018296,0.03824,0.951779,0.0,0.113282,0.148509,0.147925,0.0,0.0,0.0,True,True,True,0.0,False,False,37.438
1320,66.0,0,alert,alert,0.981728,0.981728,0.000191,0.0,0.001329,0.016752,0.037774,0.951534,0.0,0.1109,0.148449,0.147566,0.0,0.0,0.0,True,True,True,0.0,False,False,46.988
1321,66.05,0,alert,alert,0.982985,0.982985,0.0002,0.0,0.001417,0.015398,0.03817,0.950321,0.0,0.108445,0.148403,0.147473,0.0,0.0,0.0,True,True,True,0.0,False,False,37.969
1322,66.1,0,alert,alert,0.982543,0.982543,0.000217,0.0,0.0014,0.01584,0.039293,0.94965,0.0,0.108097,0.148218,0.147154,0.0,0.0,0.0,True,True,True,0.0,False,False,37.68
1323,66.15,0,alert,alert,0.982826,0.982826,0.00023,0.0,0.001387,0.015557,0.04242,0.948088,0.0,0.103498,0.148312,0.146946,0.0,0.0,0.0,True,True,True,0.0,False,False,38.186
1324,66.2,0,alert,alert,0.983078,0.983078,0.000238,0.0,0.001403,0.015281,0.039859,0.949371,0.0,0.100973,0.148225,0.146917,0.0,0.0,0.0,True,True,True,0.0,False,False,37.677
1325,66.25,0,alert,alert,0.980438,0.980438,0.000261,0.0,0.001391,0.017911,0.055695,0.942655,0.0,0.098875,0.148151,0.146918,0.0,0.0,0.0,True,True,True,0.0,False,False,46.751
1326,66.3,0,alert,alert,0.978392,0.978392,0.000273,0.0,0.001424,0.01991,0.067752,0.936918,0.0,0.097383,0.148112,0.146852,0.0,0.0,0.0,True,True,True,0.0,False,False,37.783
1327,66.35,0,alert,alert,0.967286,0.967286,0.000307,0.0,0.001531,0.030875,0.05701,0.943201,0.0,0.097182,0.147958,0.146861,0.0,0.0,0.0,True,True,True,0.0,False,False,37.844
1328,66.4,0,alert,alert,0.960631,0.960631,0.000302,0.0,0.001454,0.037613,0.051027,0.944219,0.0,0.095057,0.148004,0.146931,0.0,0.0,0.0,True,True,True,0.0,False,False,37.511
1329,66.45,0,alert,alert,0.961937,0.961937,0.000274,0.0,0.00135,0.036438,0.05523,0.943167,0.0,0.093554,0.147954,0.146916,0.0,0.0,0.0,True,True,True,0.0,False,False,37.543
1330,66.5,0,alert,alert,0.967296,0.967296,0.000241,0.0,0.001259,0.031204,0.063767,0.939321,0.0,0.092267,0.147918,0.146905,0.0,0.0,0.0,True,True,True,0.0,False,False,46.213
1331,66.55,0,alert,alert,0.974722,0.974722,0.000202,0.0,0.001343,0.023732,0.057809,0.940568,0.0,0.090821,0.147846,0.14683,0.0,0.0,0.0,True,True,True,0.0,False,False,37.529
1332,66.6,0,alert,alert,0.974418,0.974418,0.000207,0.0,0.001271,0.024104,0.320254,0.896804,0.0,0.09191,0.148124,0.147032,0.0,0.0,0.0,True,True,True,0.0,False,False,37.705
1333,66.65,0,alert,alert,0.970766,0.970766,0.000224,0.0,0.001159,0.027851,0.357664,0.902394,0.0,0.090681,0.148717,0.147318,0.0,0.0,0.0,True,True,True,0.0,False,False,37.763
1334,66.7,0,alert,alert,0.972472,0.972472,0.000223,0.0,0.001092,0.026212,0.274009,0.926859,0.0,0.091271,0.149081,0.147477,0.0,0.0,0.0,True,True,True,0.0,False,False,37.241
1335,66.75,0,alert,alert,0.973656,0.973656,0.000213,0.0,0.001033,0.025098,0.135844,0.945201,0.0,0.091632,0.149227,0.147509,0.0,0.0,0.0,True,True,True,0.0,False,False,46.186
1336,66.8,0,alert,alert,0.965153,0.965153,0.000241,0.0,0.001046,0.03356,0.110134,0.944708,0.0,0.091944,0.149336,0.147478,0.0,0.0,0.0,True,True,True,0.0,False,False,37.271
1337,66.85,0,alert,alert,0.963322,0.963322,0.00024,0.0,0.000973,0.035465,0.090981,0.943366,0.0,0.091939,0.149237,0.147447,0.0,0.0,0.0,True,True,True,0.0,False,False,37.315
1338,66.9,0,alert,alert,0.969622,0.969622,0.000222,0.0,0.000893,0.029263,0.057344,0.949967,0.0,0.092289,0.149421,0.147438,0.0,0.0,0.0,True,True,True,0.0,False,False,37.151
1339,66.95,0,alert,alert,0.971085,0.971085,0.000217,0.0,0.000907,0.027791,0.050486,0.950358,0.0,0.092338,0.149415,0.147416,0.0,0.0,0.0,True,True,True,0.0,False,False,37.466
1340,67.0,0,alert,alert,0.978414,0.978414,0.00019,0.0,0.000908,0.020488,0.05095,0.948673,0.0,0.092402,0.148993,0.147399,0.0,0.0,0.0,True,True,True,0.0,False,False,46.394
1341,67.05,0,alert,alert,0.978716,0.978716,0.00019,0.0,0.000935,0.020159,0.070462,0.942344,0.0,0.092557,0.148348,0.147334,0.0,0.0,0.0,True,True,True,0.0,False,False,37.442
1342,67.1,0,alert,alert,0.977471,0.977471,0.000194,0.0,0.000958,0.021377,0.084519,0.939423,0.0,0.092517,0.14824,0.147345,0.0,0.0,0.0,True,True,True,0.0,False,False,37.324
1343,67.15,0,alert,alert,0.978904,0.978904,0.000193,0.0,0.00093,0.019973,0.105427,0.936224,0.0,0.093135,0.146843,0.147445,0.0,0.0,0.0,True,True,True,0.0,False,False,37.244
1344,67.2,0,alert,alert,0.979899,0.979899,0.000197,0.0,0.000887,0.019018,0.107647,0.937399,0.0,0.093474,0.145923,0.147492,0.0,0.0,0.0,True,True,True,0.0,False,False,37.548
1345,67.25,0,alert,alert,0.981507,0.981507,0.000194,0.0,0.000872,0.017426,0.082344,0.940863,0.0,0.093644,0.144897,0.147513,0.0,0.0,0.0,True,True,True,0.0,False,False,46.356
1346,67.3,0,alert,alert,0.982885,0.982885,0.000192,0.0,0.000892,0.016032,0.06931,0.943451,0.0,0.093673,0.143837,0.147447,0.0,0.0,0.0,True,True,True,0.0,False,False,37.469
1347,67.35,0,alert,alert,0.984188,0.984188,0.000184,0.0,0.000947,0.01468,0.06105,0.943914,0.0,0.09351,0.143698,0.147451,0.0,0.0,0.0,True,True,True,0.0,False,False,37.238
1348,67.4,0,alert,alert,0.98431,0.98431,0.000184,0.0,0.000982,0.014525,0.055745,0.946004,0.0,0.093687,0.142169,0.14753,0.0,0.0,0.0,True,True,True,0.0,False,False,37.308
1349,67.45,0,alert,alert,0.985303,0.985303,0.000182,0.0,0.000986,0.013529,0.045697,0.949019,0.0,0.093695,0.141666,0.147522,0.0,0.0,0.0,True,True,True,0.060303,False,False,37.078
1350,67.5,0,alert,alert,0.985568,0.985568,0.000182,0.0,0.001013,0.013237,0.04265,0.95005,0.0,0.093688,0.141454,0.147508,0.0,0.0,0.0,True,True,True,0.147278,False,False,46.415
1351,67.55,0,alert,alert,0.986212,0.986212,0.000177,0.0,0.001042,0.012569,0.043915,0.949156,0.0,0.093684,0.1414,0.147419,0.0,0.0,0.0,True,True,True,0.262634,False,False,37.3
1352,67.6,0,alert,alert,0.986655,0.986655,0.000177,0.0,0.001027,0.012142,0.044169,0.94938,0.0,0.093435,0.141234,0.147404,0.0,0.0,0.0,True,True,True,0.262634,False,False,37.327
1353,67.65,0,alert,alert,0.987307,0.987307,0.000171,0.0,0.001052,0.011471,0.042607,0.949535,0.0,0.093692,0.141363,0.14745,0.0,0.0,0.0,True,True,True,0.106079,False,False,37.307
1354,67.7,0,alert,alert,0.986399,0.986399,0.000173,0.0,0.001057,0.012371,0.041768,0.94987,0.0,0.093676,0.141348,0.147433,0.0,0.0,0.0,True,True,True,0.106079,False,False,37.128
1355,67.75,0,alert,alert,0.984374,0.984374,0.000194,0.0,0.001069,0.014363,0.05843,0.943551,0.0,0.093709,0.141364,0.147431,0.0,0.0,0.0,True,True,True,0.0,False,False,46.221
1356,67.8,0,alert,alert,0.982625,0.982625,0.000211,0.0,0.001022,0.016141,0.059997,0.943521,0.0,0.093744,0.140815,0.147357,0.0,0.0,0.0,True,True,True,0.319855,False,False,37.292
1357,67.85,0,alert,alert,0.980675,0.980675,0.000231,0.0,0.001025,0.018069,0.048013,0.947581,0.0,0.093514,0.140657,0.147344,0.0,0.0,0.0,True,True,True,0.0,False,False,37.341
1358,67.9,0,alert,alert,0.966308,0.966308,0.000309,0.0,0.001093,0.03229,0.048893,0.94568,0.0,0.093642,0.139273,0.14711,0.0,0.0,0.0,True,True,True,0.0,False,False,36.981
1359,67.95,0,alert,alert,0.963298,0.963298,0.000319,0.0,0.001033,0.035351,0.04588,0.948386,0.0,0.093578,0.138446,0.146755,0.0,0.0,0.0,True,True,True,0.0,False,False,37.616
1360,68.0,0,alert,alert,0.929834,0.929834,0.000411,0.0,0.001147,0.068608,0.07858,0.941488,0.0,0.093723,0.137777,0.146384,0.0,0.0,0.0,True,True,True,0.0,False,False,46.276
1361,68.05,0,alert,alert,0.845158,0.845158,0.000583,0.0,0.001199,0.15306,0.120374,0.932167,0.0,0.094084,0.13732,0.146362,0.0,0.0,0.0,True,True,True,0.0,False,False,37.374
1362,68.1,0,alert,alert,0.816174,0.816174,0.0006,0.0,0.001085,0.182141,0.08779,0.941687,0.0,0.094052,0.137236,0.145927,0.0,0.0,0.0,True,True,True,0.0,False,False,37.883
1363,68.15,0,alert,alert,0.802361,0.802361,0.000578,0.0,0.001063,0.195998,0.057942,0.947782,0.0,0.094295,0.136893,0.145031,0.0,0.0,0.0,True,True,True,0.0,False,False,37.924
1364,68.2,0,alert,alert,0.766569,0.766569,0.000561,0.0,0.001057,0.231812,0.054658,0.948183,0.0,0.094322,0.136848,0.144645,0.0,0.0,0.0,True,True,True,0.0,False,False,38.306
1365,68.25,0,alert,alert,0.743587,0.743587,0.000516,0.0,0.001021,0.254877,0.049104,0.95,0.0,0.094305,0.136783,0.144319,0.0,0.0,0.0,True,True,True,0.0,False,False,46.918
1366,68.3,0,alert,alert,0.724762,0.724762,0.000486,0.0,0.000973,0.273779,0.044312,0.950525,0.0,0.094244,0.136731,0.144234,0.0,0.0,0.0,True,True,True,0.0,False,False,37.77
1367,68.35,0,alert,alert,0.709117,0.709117,0.000484,0.0,0.000937,0.289462,0.042619,0.950828,0.0,0.093984,0.136571,0.144005,0.0,0.0,0.0,True,True,True,0.0,False,False,38.028
1368,68.4,0,alert,alert,0.613621,0.613621,0.000506,0.0,0.000892,0.384982,0.041687,0.951209,0.0,0.090448,0.136592,0.143967,0.0,0.0,0.0,True,True,True,0.0,False,False,38.131
1369,68.45,0,alert,alert,0.549652,0.549652,0.000513,0.0,0.00083,0.449004,0.041952,0.951199,0.0,0.088831,0.136548,0.143955,0.0,0.0,0.0,True,True,True,0.0,False,False,38.145
1370,68.5,4,distraction,distracted,0.51826,0.480469,0.000515,0.0,0.000757,0.51826,0.041659,0.950936,0.0,0.088054,0.136515,0.143952,0.0,0.0,0.0,True,True,True,0.0,False,False,46.959
1371,68.55,0,alert,alert,0.590431,0.590431,0.000488,0.0,0.000755,0.408326,0.040663,0.950842,0.0,0.087845,0.136461,0.143864,0.0,0.0,0.0,True,True,True,0.0,False,False,37.751
1372,68.6,0,alert,alert,0.675491,0.675491,0.000456,0.0,0.00074,0.323313,0.042004,0.94913,0.0,0.087615,0.1363,0.143859,0.0,0.0,0.0,True,True,True,0.0,False,False,37.413
1373,68.65,0,alert,alert,0.681567,0.681567,0.000459,0.0,0.000734,0.31724,0.052863,0.945399,0.0,0.087846,0.136384,0.143937,0.0,0.0,0.0,True,True,True,0.0,False,False,37.549
1374,68.7,0,alert,alert,0.710183,0.710183,0.000462,0.0,0.000748,0.288607,0.057632,0.943982,0.0,0.087914,0.136378,0.143936,0.0,0.0,0.0,True,True,True,0.0,False,False,37.149
1375,68.75,0,alert,alert,0.725463,0.725463,0.000464,0.0,0.000754,0.27332,0.056243,0.945359,0.0,0.087953,0.13637,0.143938,0.0,0.0,0.0,True,True,True,0.0,False,False,45.97
1376,68.8,0,alert,alert,0.519271,0.519271,0.00058,0.0,0.000762,0.479388,0.062739,0.944345,0.0,0.088021,0.135776,0.143869,0.0,0.0,0.0,True,True,True,0.0,False,False,37.586
1377,68.85,4,distraction,distracted,0.684219,0.314507,0.000632,0.0,0.000642,0.684219,0.422204,0.872622,0.0,0.089564,0.136223,0.144163,0.0,0.0,0.0,True,True,True,0.0,False,False,37.279
1378,68.9,4,distraction,distracted,0.755302,0.243525,0.000604,0.0,0.000568,0.755302,0.266838,0.922402,0.0,0.087096,0.135279,0.144421,0.0,0.0,0.0,True,True,True,0.0,False,False,37.429
1379,68.95,4,distraction,distracted,0.739003,0.25989,0.000548,0.0,0.000558,0.739003,0.143698,0.942366,0.0,0.085537,0.134636,0.1445,0.0,0.0,0.0,True,True,True,0.0,False,False,37.361
1380,69.0,4,distraction,distracted,0.612413,0.386438,0.000518,0.0,0.000631,0.612413,0.070027,0.952368,0.0,0.084109,0.133947,0.144511,0.0,0.0,0.0,True,True,True,0.0,False,False,46.348
1381,69.05,4,distraction,distracted,0.608976,0.38992,0.000483,0.0,0.000621,0.608976,0.045847,0.952869,0.0,0.083427,0.133296,0.144427,0.0,0.0,0.0,True,True,True,0.0,False,False,37.367
1382,69.1,4,distraction,distracted,0.520694,0.478182,0.000441,0.0,0.000682,0.520694,0.043885,0.950759,0.0,0.083229,0.133144,0.144415,0.0,0.0,0.0,True,True,True,0.0,False,False,37.376
1383,69.15,0,alert,alert,0.611389,0.611389,0.000392,0.0,0.000712,0.387507,0.057742,0.946545,0.0,0.08331,0.132603,0.14448,0.0,0.0,0.0,True,True,True,0.0,False,False,37.371
1384,69.2,0,alert,alert,0.787424,0.787424,0.000304,0.0,0.000693,0.211579,0.069465,0.941845,0.0,0.083441,0.132596,0.144489,0.0,0.0,0.0,True,True,True,0.0,False,False,37.025
1385,69.25,0,alert,alert,0.842783,0.842783,0.000249,0.0,0.000778,0.15619,0.049165,0.947369,0.0,0.083472,0.132597,0.144484,0.0,0.0,0.0,True,True,True,0.0,False,False,46.263
1386,69.3,0,alert,alert,0.901307,0.901307,0.000196,0.0,0.000962,0.097536,0.053205,0.945661,0.0,0.083497,0.132619,0.144406,0.0,0.0,0.0,True,True,True,0.0,False,False,37.369
1387,69.35,0,alert,alert,0.927119,0.927119,0.000163,0.0,0.001152,0.071567,0.044639,0.948751,0.0,0.083302,0.132469,0.14439,0.0,0.0,0.0,True,True,True,0.0,False,False,39.536
1388,69.4,0,alert,alert,0.943563,0.943563,0.000146,0.0,0.001149,0.055142,0.047674,0.946838,0.0,0.083518,0.132608,0.144404,0.0,0.0,0.0,True,True,True,0.0,False,False,38.795
1389,69.45,0,alert,alert,0.942731,0.942731,0.000149,0.0,0.000985,0.056135,0.044308,0.948279,0.0,0.083505,0.132585,0.144328,0.0,0.0,0.0,True,True,True,0.0,False,False,38.703
1390,69.5,0,alert,alert,0.931738,0.931738,0.000176,0.0,0.000895,0.067191,0.056846,0.943243,0.0,0.083441,0.132581,0.144285,0.0,0.0,0.0,True,True,True,1.0,False,False,47.39
1391,69.55,0,alert,alert,0.838554,0.838554,0.000282,0.0,0.00092,0.160244,0.059926,0.940302,0.0,0.083348,0.132581,0.144214,0.0,0.0,0.0,True,True,True,0.0,False,False,38.47
1392,69.6,0,alert,alert,0.829592,0.829592,0.000293,0.0,0.000808,0.169308,0.050629,0.94427,0.0,0.083185,0.132443,0.144179,0.0,0.0,0.0,True,True,True,0.0,False,False,37.524
1393,69.65,0,alert,alert,0.798503,0.798503,0.000301,0.0,0.000789,0.200407,0.04734,0.946048,0.0,0.08332,0.132559,0.144217,0.0,0.0,0.0,True,True,True,0.0,False,False,37.315
1394,69.7,0,alert,alert,0.843666,0.843666,0.000268,0.0,0.000784,0.155283,0.04702,0.946996,0.0,0.083338,0.132536,0.143902,0.0,0.0,0.0,True,True,True,0.0,False,False,37.285
1395,69.75,0,alert,alert,0.890314,0.890314,0.000225,0.0,0.000824,0.108636,0.045534,0.947457,0.0,0.083347,0.132505,0.143542,0.0,0.0,0.0,True,True,True,0.0,False,False,46.572
1396,69.8,0,alert,alert,0.78666,0.78666,0.000289,0.0,0.001058,0.211993,0.399518,0.87577,0.0,0.085033,0.133007,0.143743,0.0,0.0,0.0,True,True,True,0.0,False,False,37.477
1397,69.85,4,distraction,distracted,0.508842,0.489835,0.000388,0.0,0.000935,0.508842,0.491328,0.847238,0.0,0.086853,0.13355,0.143707,0.0,0.0,0.0,True,True,True,0.0,False,False,37.696
1398,69.9,4,distraction,distracted,0.504877,0.493818,0.00041,0.0,0.000895,0.504877,0.463642,0.882777,0.0,0.089096,0.134275,0.143547,0.0,0.0,0.0,True,True,True,0.0,False,False,38.015
1399,69.95,4,distraction,distracted,0.579202,0.41959,0.00041,0.0,0.000797,0.579202,0.401873,0.903666,0.0,0.090843,0.134813,0.143754,0.0,0.0,0.0,True,True,True,0.0,False,False,37.815
1400,70.0,4,distraction,distracted,0.712187,0.286738,0.000412,0.0,0.000663,0.712187,0.290894,0.925635,0.0,0.092086,0.135177,0.143937,0.0,0.0,0.0,True,True,True,0.0,False,False,46.73
1401,70.05,4,distraction,distracted,0.720458,0.278521,0.000414,0.0,0.000607,0.720458,0.142116,0.944639,0.0,0.092549,0.135278,0.143935,0.0,0.0,0.0,True,True,True,0.0,False,False,37.792
1402,70.1,4,distraction,distracted,0.768096,0.230948,0.000399,0.0,0.000557,0.768096,0.078233,0.952014,0.0,0.092477,0.135181,0.143946,0.0,0.0,0.0,True,True,True,0.0,False,False,37.263
1403,70.15,4,distraction,distracted,0.766889,0.232155,0.000397,0.0,0.000558,0.766889,0.114779,0.943821,0.0,0.093001,0.135302,0.144052,0.0,0.0,0.0,True,True,True,0.0,False,False,37.265
1404,70.2,4,distraction,distracted,0.789462,0.209629,0.000378,0.0,0.000531,0.789462,0.212509,0.932648,0.0,0.093834,0.135541,0.144154,0.0,0.0,0.0,True,True,True,0.0,False,False,37.237
1405,70.25,4,distraction,distracted,0.842993,0.156203,0.000349,0.0,0.000455,0.842993,0.124293,0.943192,0.0,0.094245,0.135622,0.144175,0.0,0.0,0.0,True,True,True,0.0,False,False,46.154
1406,70.3,4,distraction,distracted,0.851397,0.14783,0.000346,0.0,0.000427,0.851397,0.07992,0.948009,0.0,0.0944,0.135632,0.144121,0.0,0.0,0.0,True,True,True,1.0,False,False,37.281
1407,70.35,4,distraction,distracted,0.842167,0.157058,0.000355,0.0,0.000421,0.842167,0.058864,0.949104,0.0,0.094222,0.135502,0.144093,0.0,0.0,0.0,True,True,True,1.0,False,False,37.603
1408,70.4,4,distraction,distracted,0.810885,0.188279,0.00039,0.0,0.000447,0.810885,0.060758,0.946851,0.0,0.094522,0.135548,0.14412,0.0,0.0,0.0,True,True,True,0.0,False,False,37.391
1409,70.45,4,distraction,distracted,0.796749,0.202386,0.000412,0.0,0.000454,0.796749,0.05483,0.948661,0.0,0.094459,0.135505,0.144095,0.0,0.0,0.0,True,True,True,0.0,False,False,38.041
1410,70.5,4,distraction,distracted,0.854163,0.145045,0.000395,0.0,0.000396,0.854163,0.054831,0.948663,0.0,0.092811,0.135475,0.144077,0.0,0.0,0.0,True,True,True,0.0,False,False,46.535
1411,70.55,4,distraction,distracted,0.831218,0.167934,0.00043,0.0,0.000418,0.831218,0.051811,0.949595,0.0,0.090796,0.135446,0.143998,0.0,0.0,0.0,True,True,True,0.0,False,False,37.835
1412,70.6,4,distraction,distracted,0.824232,0.174902,0.000442,0.0,0.000425,0.824232,0.050214,0.949363,0.0,0.090593,0.135302,0.143958,0.0,0.0,0.0,True,True,True,0.0,False,False,38.325
1413,70.65,4,distraction,distracted,0.833165,0.166006,0.000426,0.0,0.000403,0.833165,0.04759,0.95047,0.0,0.08823,0.135386,0.143997,0.0,0.0,0.0,True,True,True,0.0,False,False,37.761
1414,70.7,4,distraction,distracted,0.823896,0.175275,0.000424,0.0,0.000405,0.823896,0.047809,0.950834,0.0,0.087962,0.135347,0.143991,0.0,0.0,0.0,True,True,True,0.0,False,False,38.095
1415,70.75,4,distraction,distracted,0.84413,0.155077,0.000405,0.0,0.000388,0.84413,0.049564,0.948939,0.0,0.087964,0.135326,0.143991,0.0,0.0,0.0,True,True,True,0.0,False,False,46.764
1416,70.8,4,distraction,distracted,0.852072,0.147152,0.000394,0.0,0.000382,0.852072,0.053706,0.947199,0.0,0.088027,0.135325,0.143914,0.0,0.0,0.0,True,True,True,0.0,False,False,38.478
1417,70.85,4,distraction,distracted,0.822257,0.176856,0.000444,0.0,0.000443,0.822257,0.071568,0.943084,0.0,0.087945,0.135217,0.143936,0.0,0.0,0.0,True,True,True,0.0,False,False,37.77
1418,70.9,4,distraction,distracted,0.888114,0.111102,0.000416,0.0,0.000368,0.888114,0.384695,0.884814,0.0,0.08977,0.135919,0.144288,0.0,0.0,0.0,True,True,True,0.0,False,False,37.258
1419,70.95,4,distraction,distracted,0.920579,0.078678,0.000421,0.0,0.000322,0.920579,0.489219,0.856344,0.0,0.091069,0.13657,0.14463,0.0,0.0,0.0,True,True,True,0.0,False,False,37.227
1420,71.0,4,distraction,distracted,0.945313,0.053986,0.000419,0.0,0.000282,0.945313,0.533585,0.853285,0.0,0.093078,0.13721,0.144797,0.0,0.0,0.0,True,True,True,0.0,False,False,46.09
1421,71.05,4,distraction,distracted,0.912632,0.086474,0.000562,0.0,0.000332,0.912632,0.521513,0.885824,0.0,0.095244,0.137893,0.145096,0.0,0.0,0.0,True,True,True,0.0,False,False,37.529
1422,71.1,4,distraction,distracted,0.86457,0.134326,0.000707,0.0,0.000397,0.86457,0.452044,0.899362,0.0,0.096943,0.138398,0.145085,0.0,0.0,0.0,True,True,True,1.0,False,False,37.327
1423,71.15,4,distraction,distracted,0.756201,0.242469,0.000819,0.0,0.000511,0.756201,0.333516,0.917,0.0,0.098493,0.138976,0.144574,0.0,0.0,0.0,True,True,True,1.0,False,False,37.267
1424,71.2,4,distraction,distracted,0.571961,0.426518,0.000878,0.0,0.000643,0.571961,0.16478,0.934833,0.0,0.099084,0.139158,0.144162,0.0,0.0,0.0,True,True,True,1.0,False,False,37.181
1425,71.25,0,alert,alert,0.663047,0.663047,0.00072,0.0,0.000728,0.335505,0.075374,0.945282,0.0,0.099224,0.139187,0.143643,0.0,0.0,0.0,True,True,True,1.0,False,False,46.458
1426,71.3,0,alert,alert,0.812962,0.812962,0.000509,0.0,0.000745,0.185784,0.049081,0.950203,0.0,0.099258,0.139096,0.143562,0.0,0.0,0.0,True,True,True,1.0,False,False,37.583
1427,71.35,0,alert,alert,0.887844,0.887844,0.000376,0.0,0.000741,0.111039,0.046521,0.948902,0.0,0.098993,0.138939,0.143014,0.0,0.0,0.0,True,True,True,1.0,False,False,37.54
1428,71.4,0,alert,alert,0.921926,0.921926,0.000304,0.0,0.000749,0.077021,0.044252,0.95049,0.0,0.099224,0.137999,0.142239,0.0,0.0,0.0,True,True,True,0.0,False,False,37.115
1429,71.45,0,alert,alert,0.944118,0.944118,0.000261,0.0,0.000769,0.054852,0.045006,0.94905,0.0,0.099193,0.137268,0.141987,0.0,0.0,0.0,True,True,True,0.0,False,False,37.268
1430,71.5,0,alert,alert,0.947939,0.947939,0.00025,0.0,0.000795,0.051016,0.04349,0.949251,0.0,0.099105,0.136554,0.141882,0.0,0.0,0.0,True,True,True,0.0,False,False,46.211
1431,71.55,0,alert,alert,0.949792,0.949792,0.000248,0.0,0.000827,0.049133,0.042397,0.948523,0.0,0.099031,0.135971,0.141797,0.0,0.0,0.0,True,True,True,0.0,False,False,37.423
1432,71.6,0,alert,alert,0.952078,0.952078,0.000243,0.0,0.000816,0.046862,0.044387,0.947854,0.0,0.098757,0.135816,0.14177,0.0,0.0,0.0,True,True,True,0.0,False,False,37.259
1433,71.65,0,alert,alert,0.937554,0.937554,0.000279,0.0,0.000875,0.061292,0.042637,0.947666,0.0,0.098729,0.135638,0.141835,0.0,0.0,0.0,True,True,True,0.0,False,False,37.47
1434,71.7,0,alert,alert,0.923184,0.923184,0.000311,0.0,0.000917,0.075588,0.041128,0.948621,0.0,0.098546,0.135623,0.141827,0.0,0.0,0.0,True,True,True,0.0,False,False,37.154
1435,71.75,0,alert,alert,0.922265,0.922265,0.000294,0.0,0.00094,0.076501,0.042515,0.949663,0.0,0.098423,0.135621,0.141821,0.0,0.0,0.0,True,True,True,0.0,False,False,46.036
1436,71.8,0,alert,alert,0.944949,0.944949,0.000244,0.0,0.000959,0.053848,0.044035,0.948222,0.0,0.09837,0.135618,0.141738,0.0,0.0,0.0,True,True,True,0.0,False,False,37.691
1437,71.85,0,alert,alert,0.93833,0.93833,0.000271,0.0,0.000915,0.060484,0.181842,0.921666,0.0,0.098777,0.135694,0.141566,0.0,0.0,0.0,True,True,True,0.0,False,False,37.365
1438,71.9,0,alert,alert,0.92988,0.92988,0.00036,0.0,0.00098,0.068779,0.464174,0.856798,0.0,0.100913,0.136496,0.1412,0.0,0.0,0.0,True,True,True,0.0,False,False,37.168
1439,71.95,0,alert,alert,0.948776,0.948776,0.000387,0.0,0.000943,0.049894,0.488528,0.858148,0.0,0.102762,0.13717,0.141135,0.0,0.0,0.0,True,True,True,0.0,False,False,37.29
1440,72.0,0,alert,alert,0.956181,0.956181,0.00039,0.0,0.000943,0.042485,0.422984,0.892272,0.0,0.104241,0.137758,0.141112,0.0,0.0,0.0,True,True,True,0.0,False,False,45.958
1441,72.05,0,alert,alert,0.94662,0.94662,0.000454,0.0,0.001032,0.051894,0.283077,0.917355,0.0,0.104761,0.137534,0.141228,0.0,0.0,0.0,True,True,True,0.0,False,False,37.366
1442,72.1,0,alert,alert,0.908237,0.908237,0.000615,0.0,0.001158,0.08999,0.151699,0.930366,0.0,0.104992,0.137557,0.141129,0.0,0.0,0.0,True,True,True,0.0,False,False,37.231
1443,72.15,0,alert,alert,0.807968,0.807968,0.000889,0.0,0.001296,0.189847,0.076878,0.939444,0.0,0.10474,0.136308,0.141178,0.0,0.0,0.0,True,True,True,0.0,False,False,37.376
1444,72.2,0,alert,alert,0.693969,0.693969,0.000984,0.0,0.001261,0.303785,0.050502,0.945339,0.0,0.104611,0.135595,0.141181,0.0,0.0,0.0,True,True,True,0.0,False,False,37.507
1445,72.25,0,alert,alert,0.719315,0.719315,0.000856,0.0,0.001135,0.278694,0.042759,0.949239,0.0,0.104444,0.134972,0.141176,0.0,0.0,0.0,True,True,True,0.0,False,False,46.089
1446,72.3,0,alert,alert,0.63707,0.63707,0.000816,0.0,0.001081,0.361033,0.044517,0.9486,0.0,0.10431,0.134601,0.141094,0.0,0.0,0.0,True,True,True,0.0,False,False,37.123
1447,72.35,0,alert,alert,0.642993,0.642993,0.000693,0.0,0.000992,0.355322,0.045528,0.947791,0.0,0.104015,0.13445,0.141092,0.0,0.0,0.0,True,True,True,0.0,False,False,37.406
1448,72.4,0,alert,alert,0.590758,0.590758,0.000627,0.0,0.000927,0.407688,0.044702,0.947967,0.0,0.104129,0.134469,0.141161,0.0,0.0,0.0,True,True,True,0.0,False,False,37.354
1449,72.45,0,alert,alert,0.553303,0.553303,0.000541,0.0,0.000831,0.445325,0.045332,0.946817,0.0,0.10334,0.134474,0.141157,0.0,0.0,0.0,True,True,True,0.0,False,False,37.53
1450,72.5,0,alert,alert,0.523334,0.523334,0.000509,0.0,0.000779,0.475378,0.046061,0.947203,0.0,0.101794,0.134481,0.141152,0.0,0.0,0.0,True,True,True,0.0,False,False,46.289
1451,72.55,0,alert,alert,0.581182,0.581182,0.000483,0.0,0.000763,0.417572,0.045666,0.947498,0.0,0.100886,0.134488,0.141071,0.0,0.0,0.0,True,True,True,1.0,False,False,37.413
1452,72.6,0,alert,alert,0.589309,0.589309,0.000489,0.0,0.000767,0.409435,0.044059,0.947406,0.0,0.100601,0.134335,0.141065,0.0,0.0,0.0,True,True,True,0.800249,False,False,37.285
1453,72.65,0,alert,alert,0.683224,0.683224,0.00044,0.0,0.000759,0.315577,0.043843,0.94757,0.0,0.100537,0.134484,0.141139,0.0,0.0,0.0,True,True,True,0.0,False,False,37.246
1454,72.7,0,alert,alert,0.688392,0.688392,0.000431,0.0,0.00076,0.310417,0.040293,0.949354,0.0,0.100519,0.134445,0.141136,0.0,0.0,0.0,True,True,True,0.0,False,False,37.445
1455,72.75,0,alert,alert,0.75645,0.75645,0.000393,0.0,0.000753,0.242404,0.03993,0.949737,0.0,0.100524,0.134391,0.141131,0.0,0.0,0.0,True,True,True,0.851925,False,False,46.448
1456,72.8,0,alert,alert,0.723199,0.723199,0.00041,0.0,0.000745,0.275646,0.041123,0.948556,0.0,0.100496,0.134319,0.141046,0.0,0.0,0.0,True,True,True,1.0,False,False,37.939
1457,72.85,0,alert,alert,0.743948,0.743948,0.000405,0.0,0.000727,0.254919,0.04202,0.948443,0.0,0.100202,0.134162,0.140932,0.0,0.0,0.0,True,True,True,1.0,False,False,38.021
1458,72.9,0,alert,alert,0.749549,0.749549,0.000417,0.0,0.000726,0.249308,0.04306,0.948278,0.0,0.100481,0.134232,0.140326,0.0,0.0,0.0,True,True,True,0.0,False,False,37.97
1459,72.95,0,alert,alert,0.776852,0.776852,0.000414,0.0,0.000733,0.222,0.045117,0.947769,0.0,0.100459,0.134219,0.139971,0.0,0.0,0.0,True,True,True,0.0,False,False,37.839
1460,73.0,0,alert,alert,0.825087,0.825087,0.000386,0.0,0.000724,0.173802,0.046177,0.946906,0.0,0.100285,0.134208,0.139651,0.0,0.0,0.0,True,True,True,0.0,False,False,46.421
1461,73.05,0,alert,alert,0.864629,0.864629,0.000363,0.0,0.000731,0.134278,0.046669,0.946184,0.0,0.099683,0.134188,0.139572,0.0,0.0,0.0,True,True,True,0.0,False,False,38.693
1462,73.1,0,alert,alert,0.869156,0.869156,0.000381,0.0,0.000767,0.129697,0.046465,0.946097,0.0,0.099416,0.13404,0.139312,0.0,0.0,0.0,True,True,True,0.0,False,False,37.971
1463,73.15,0,alert,alert,0.888965,0.888965,0.000372,0.0,0.000769,0.109894,0.048321,0.945025,0.0,0.09941,0.134134,0.139177,0.0,0.0,0.0,True,True,True,0.0,False,False,38.367
1464,73.2,0,alert,alert,0.913385,0.913385,0.000346,0.0,0.000782,0.085487,0.044378,0.947133,0.0,0.099391,0.13352,0.139155,0.0,0.0,0.0,True,True,True,0.0,False,False,37.568
1465,73.25,0,alert,alert,0.910024,0.910024,0.000363,0.0,0.000836,0.088776,0.33951,0.888751,0.0,0.100796,0.133287,0.13938,0.0,0.0,0.0,True,True,True,0.0,False,False,46.144
1466,73.3,0,alert,alert,0.877538,0.877538,0.000536,0.0,0.000964,0.120962,0.49517,0.829932,0.0,0.102821,0.133245,0.139644,0.0,0.0,0.0,True,True,True,0.0,False,False,37.437
1467,73.35,0,alert,alert,0.858691,0.858691,0.000852,0.0,0.001109,0.139349,0.568982,0.823804,0.0,0.104857,0.133886,0.139732,0.0,0.0,0.0,True,True,True,1.0,False,False,37.432
1468,73.4,0,alert,alert,0.82722,0.82722,0.0015,0.0,0.00133,0.169949,0.642887,0.819926,0.0,0.107855,0.133726,0.13954,0.0,0.0,0.0,True,True,True,1.0,False,False,37.227
1469,73.45,0,alert,alert,0.786474,0.786474,0.003145,0.0,0.001792,0.208589,0.700758,0.824454,0.0,0.110802,0.134348,0.139724,0.0,0.0,0.0,True,True,True,1.0,False,False,37.274
1470,73.5,0,alert,alert,0.814059,0.814059,0.005616,0.0,0.002441,0.177884,0.622598,0.861245,0.0,0.113496,0.135095,0.139982,0.0,0.0,0.0,True,True,True,1.0,False,False,46.172
1471,73.55,0,alert,alert,0.79961,0.79961,0.009953,0.0,0.003457,0.186979,0.580467,0.874388,0.0,0.116028,0.135872,0.140327,0.0,0.0,0.0,True,True,True,1.0,False,False,37.531
1472,73.6,0,alert,alert,0.879139,0.879139,0.007568,0.0,0.003843,0.109451,0.468584,0.898124,0.0,0.117711,0.136405,0.140598,0.0,0.0,0.0,True,True,True,1.0,False,False,37.623
1473,73.65,0,alert,alert,0.913334,0.913334,0.004408,0.0,0.003426,0.078832,0.339522,0.922103,0.0,0.119558,0.13695,0.140901,0.0,0.0,0.0,True,True,True,1.0,False,False,37.43
1474,73.7,0,alert,alert,0.904344,0.904344,0.003009,0.0,0.002719,0.089928,0.177631,0.940224,0.0,0.120242,0.137019,0.141013,0.0,0.0,0.0,True,True,True,0.0,False,False,37.729
1475,73.75,0,alert,alert,0.894104,0.894104,0.001912,0.0,0.002032,0.101952,0.088171,0.949054,0.0,0.120475,0.136892,0.141048,0.0,0.0,0.0,True,True,True,1.0,False,False,46.915
1476,73.8,0,alert,alert,0.878857,0.878857,0.00127,0.0,0.001636,0.118237,0.049385,0.953729,0.0,0.120524,0.13682,0.14097,0.0,0.0,0.0,True,True,True,1.0,False,False,37.732
1477,73.85,0,alert,alert,0.869601,0.869601,0.001045,0.0,0.001547,0.127807,0.402055,0.884089,0.0,0.121847,0.137239,0.141257,0.0,0.0,0.0,True,True,True,0.0,False,False,38.009
1478,73.9,0,alert,alert,0.882609,0.882609,0.001017,0.0,0.001482,0.114892,0.514145,0.820978,0.0,0.124412,0.138079,0.141691,0.0,0.0,0.0,True,True,True,0.0,False,False,37.828
1479,73.95,0,alert,alert,0.899386,0.899386,0.000962,0.0,0.001402,0.098251,0.510668,0.835446,0.0,0.12657,0.138797,0.142048,0.0,0.0,0.0,True,True,True,0.0,False,False,38.722
1480,74.0,0,alert,alert,0.90787,0.90787,0.000909,0.0,0.001418,0.089802,0.418209,0.895675,0.0,0.128411,0.139409,0.142346,0.0,0.0,0.0,True,True,True,0.0,False,False,46.835
1481,74.05,0,alert,alert,0.924905,0.924905,0.000746,0.0,0.001367,0.072982,0.236508,0.924169,0.0,0.129402,0.139734,0.142424,0.0,0.0,0.0,True,True,True,0.0,False,False,37.334
1482,74.1,0,alert,alert,0.949284,0.949284,0.000561,0.0,0.001351,0.048804,0.101714,0.941356,0.0,0.129707,0.13967,0.142456,0.0,0.0,0.0,True,True,True,0.0,False,False,37.204
1483,74.15,0,alert,alert,0.91662,0.91662,0.00065,0.0,0.001417,0.081313,0.053167,0.948806,0.0,0.129762,0.139841,0.142483,0.0,0.0,0.0,True,True,True,0.0,False,False,37.34
1484,74.2,0,alert,alert,0.934593,0.934593,0.000479,0.0,0.001301,0.063627,0.044265,0.950515,0.0,0.129765,0.139836,0.142453,0.0,0.0,0.0,True,True,True,0.0,False,False,37.112
1485,74.25,0,alert,alert,0.949397,0.949397,0.00036,0.0,0.00124,0.049003,0.040188,0.949246,0.0,0.129766,0.139822,0.142428,0.0,0.0,0.0,True,True,True,0.0,False,False,46.343
1486,74.3,0,alert,alert,0.941653,0.941653,0.000348,0.0,0.001183,0.056817,0.040927,0.948691,0.0,0.12976,0.139814,0.142341,0.0,0.0,0.0,True,True,True,0.0,False,False,37.636
1487,74.35,0,alert,alert,0.961073,0.961073,0.000278,0.0,0.000999,0.03765,0.043302,0.949069,0.0,0.129779,0.13965,0.142311,0.0,0.0,0.0,True,True,True,0.0,False,False,37.792
1488,74.4,0,alert,alert,0.970314,0.970314,0.000248,0.0,0.000922,0.028515,0.057745,0.943156,0.0,0.129877,0.13982,0.142369,0.0,0.0,0.0,True,True,True,0.0,False,False,37.276
1489,74.45,0,alert,alert,0.970651,0.970651,0.000271,0.0,0.00094,0.028138,0.066198,0.939693,0.0,0.130012,0.139844,0.142383,0.0,0.0,0.0,True,True,True,0.0,False,False,37.224
1490,74.5,0,alert,alert,0.968755,0.968755,0.000298,0.0,0.000939,0.030007,0.127261,0.925515,0.0,0.130464,0.13997,0.142453,0.0,0.0,0.0,True,True,True,0.0,False,False,46.282
1491,74.55,0,alert,alert,0.968686,0.968686,0.000303,0.0,0.000968,0.030043,0.073983,0.939205,0.0,0.130637,0.140013,0.142396,0.0,0.0,0.0,True,True,True,0.0,False,False,37.44
1492,74.6,0,alert,alert,0.976414,0.976414,0.000263,0.0,0.000953,0.02237,0.066522,0.942868,0.0,0.130769,0.139889,0.142404,0.0,0.0,0.0,True,True,True,0.0,False,False,37.308
1493,74.65,0,alert,alert,0.978928,0.978928,0.00025,0.0,0.000944,0.019879,0.059079,0.943758,0.0,0.130632,0.140064,0.142486,0.0,0.0,0.0,True,True,True,0.0,False,False,37.523
1494,74.7,0,alert,alert,0.97546,0.97546,0.000278,0.0,0.000949,0.023313,0.054584,0.946786,0.0,0.12884,0.140062,0.142483,0.0,0.0,0.0,True,True,True,0.665924,False,False,37.99
1495,74.75,0,alert,alert,0.966732,0.966732,0.000324,0.0,0.000987,0.031957,0.061763,0.943486,0.0,0.127028,0.140039,0.142487,0.0,0.0,0.0,True,True,True,0.640289,False,False,46.807
1496,74.8,0,alert,alert,0.961816,0.961816,0.000328,0.0,0.001023,0.036833,0.054524,0.946157,0.0,0.125748,0.139431,0.142413,0.0,0.0,0.0,True,True,True,0.527222,False,False,38.19
1497,74.85,0,alert,alert,0.966818,0.966818,0.000295,0.0,0.000964,0.031923,0.054344,0.946775,0.0,0.125267,0.139287,0.142391,0.0,0.0,0.0,True,True,True,0.426056,False,False,38.656
1498,74.9,0,alert,alert,0.972158,0.972158,0.00027,0.0,0.000916,0.026655,0.053311,0.946264,0.0,0.125183,0.137889,0.142405,0.0,0.0,0.0,True,True,True,0.0,False,False,37.564
1499,74.95,0,alert,alert,0.974795,0.974795,0.000267,0.0,0.000953,0.023985,0.051414,0.945827,0.0,0.125188,0.136906,0.142209,0.0,0.0,0.0,True,True,True,0.0,False,False,37.525
1500,75.0,0,alert,alert,0.971558,0.971558,0.000294,0.0,0.000978,0.02717,0.050908,0.9458,0.0,0.125236,0.135834,0.14187,0.0,0.0,0.0,True,True,True,0.0,False,False,46.441
1501,75.05,0,alert,alert,0.969582,0.969582,0.000309,0.0,0.000957,0.029152,0.048197,0.94665,0.0,0.125269,0.134726,0.141791,0.0,0.0,0.0,True,True,True,0.0,False,False,38.114
1502,75.1,0,alert,alert,0.972683,0.972683,0.000302,0.0,0.000932,0.026084,0.046046,0.946963,0.0,0.125087,0.134576,0.141461,0.0,0.0,0.0,True,True,True,0.0,False,False,37.901
1503,75.15,0,alert,alert,0.968714,0.968714,0.000322,0.0,0.000938,0.030026,0.043288,0.948264,0.0,0.125027,0.13259,0.141223,0.0,0.0,0.0,True,True,True,0.0,False,False,37.654
1504,75.2,0,alert,alert,0.966277,0.966277,0.000336,0.0,0.000941,0.032446,0.042759,0.947896,0.0,0.124927,0.131787,0.1412,0.0,0.0,0.0,True,True,True,0.0,False,False,37.184
1505,75.25,0,alert,alert,0.961808,0.961808,0.000354,0.0,0.000928,0.036909,0.043785,0.947725,0.0,0.124874,0.131177,0.141183,0.0,0.0,0.0,True,True,True,0.0,False,False,46.361
1506,75.3,0,alert,alert,0.959595,0.959595,0.000361,0.0,0.000926,0.039118,0.045588,0.947156,0.0,0.124779,0.130842,0.141102,0.0,0.0,0.0,True,True,True,0.0,False,False,37.223
1507,75.35,0,alert,alert,0.965721,0.965721,0.000328,0.0,0.000895,0.033056,0.045925,0.947016,0.0,0.124726,0.130698,0.141097,0.0,0.0,0.0,True,True,True,0.0,False,False,37.589
1508,75.4,0,alert,alert,0.966611,0.966611,0.000322,0.0,0.000902,0.032164,0.043488,0.94763,0.0,0.124714,0.130738,0.141078,0.0,0.0,0.0,True,True,True,0.0,False,False,37.496
1509,75.45,0,alert,alert,0.968778,0.968778,0.000303,0.0,0.000906,0.030013,0.043026,0.947713,0.0,0.12285,0.130737,0.141042,0.0,0.0,0.0,True,True,True,0.059387,False,False,37.242
1510,75.5,0,alert,alert,0.97631,0.97631,0.000258,0.0,0.00092,0.022513,0.044215,0.947174,0.0,0.121146,0.130737,0.141027,0.0,0.0,0.0,True,True,True,0.0,False,False,46.139
1511,75.55,0,alert,alert,0.980671,0.980671,0.000234,0.0,0.000941,0.018155,0.04306,0.947541,0.0,0.120012,0.130163,0.140943,0.0,0.0,0.0,True,True,True,0.0,False,False,37.306
1512,75.6,0,alert,alert,0.983241,0.983241,0.000223,0.0,0.00097,0.015566,0.044275,0.946715,0.0,0.119687,0.130018,0.140932,0.0,0.0,0.0,True,True,True,0.040161,False,False,37.402
1513,75.65,0,alert,alert,0.981049,0.981049,0.000238,0.0,0.001022,0.017691,0.042236,0.947572,0.0,0.119638,0.128857,0.140984,0.0,0.0,0.0,True,True,True,0.040161,False,False,37.761
1514,75.7,0,alert,alert,0.979821,0.979821,0.000248,0.0,0.00105,0.018882,0.042976,0.947485,0.0,0.119638,0.12844,0.140971,0.0,0.0,0.0,True,True,True,0.040161,False,False,37.34
1515,75.75,0,alert,alert,0.979039,0.979039,0.00025,0.0,0.001068,0.019643,0.039644,0.949815,0.0,0.119623,0.128243,0.140949,0.0,0.0,0.0,True,True,True,0.078613,False,False,46.279
1516,75.8,0,alert,alert,0.978672,0.978672,0.000249,0.0,0.001057,0.020023,0.038607,0.949676,0.0,0.119611,0.128112,0.140862,0.0,0.0,0.0,True,True,True,0.0,False,False,37.426
1517,75.85,0,alert,alert,0.975958,0.975958,0.000259,0.0,0.001056,0.022727,0.038923,0.949236,0.0,0.119602,0.127961,0.140833,0.0,0.0,0.0,True,True,True,0.0,False,False,37.478
1518,75.9,0,alert,alert,0.974143,0.974143,0.000264,0.0,0.001052,0.024541,0.039376,0.94912,0.0,0.119602,0.128001,0.140863,0.0,0.0,0.0,True,True,True,0.0,False,False,37.398
1519,75.95,0,alert,alert,0.976055,0.976055,0.000253,0.0,0.001022,0.022669,0.039971,0.948656,0.0,0.119612,0.127965,0.140835,0.0,0.0,0.0,True,True,True,0.039246,False,False,37.357
1520,76.0,0,alert,alert,0.978431,0.978431,0.000246,0.0,0.000987,0.020335,0.04069,0.947214,0.0,0.119629,0.127933,0.140821,0.0,0.0,0.0,True,True,True,0.0,False,False,47.704
1521,76.05,0,alert,alert,0.97419,0.97419,0.000306,0.0,0.001053,0.024451,0.406228,0.865162,0.0,0.12137,0.128469,0.141026,0.0,0.0,0.0,True,True,True,0.0,False,False,37.474
1522,76.1,0,alert,alert,0.972564,0.972564,0.000441,0.0,0.001185,0.02581,0.503263,0.826512,0.0,0.123478,0.129022,0.141365,0.0,0.0,0.0,True,True,True,0.0,False,False,36.975
1523,76.15,0,alert,alert,0.979671,0.979671,0.000397,0.0,0.001178,0.018754,0.441312,0.888004,0.0,0.125402,0.129626,0.141734,0.0,0.0,0.0,True,True,True,0.0,False,False,37.277
1524,76.2,0,alert,alert,0.981836,0.981836,0.000363,0.0,0.001205,0.016596,0.316342,0.920464,0.0,0.126778,0.130001,0.141941,0.0,0.0,0.0,True,True,True,0.0,False,False,37.378
1525,76.25,0,alert,alert,0.98278,0.98278,0.000351,0.0,0.001216,0.015653,0.154016,0.940734,0.0,0.127275,0.130098,0.14202,0.0,0.0,0.0,True,True,True,0.0,False,False,46.201
1526,76.3,0,alert,alert,0.982222,0.982222,0.000332,0.0,0.001184,0.016262,0.079264,0.947004,0.0,0.12733,0.130123,0.141967,0.0,0.0,0.0,True,True,True,0.0,False,False,37.57
1527,76.35,0,alert,alert,0.980279,0.980279,0.000323,0.0,0.001151,0.018247,0.055178,0.950228,0.0,0.127318,0.129996,0.141965,0.0,0.0,0.0,True,True,True,0.0,False,False,38.57
1528,76.4,0,alert,alert,0.983656,0.983656,0.000277,0.0,0.001107,0.01496,0.045834,0.950354,0.0,0.127289,0.130104,0.142008,0.0,0.0,0.0,True,True,True,0.0,False,False,38.049
1529,76.45,0,alert,alert,0.983478,0.983478,0.000271,0.0,0.001058,0.015193,0.049313,0.946749,0.0,0.127257,0.130088,0.141989,0.0,0.0,0.0,True,True,True,0.0,False,False,37.712
1530,76.5,0,alert,alert,0.983679,0.983679,0.000266,0.0,0.001023,0.015031,0.070383,0.936402,0.0,0.127292,0.130116,0.141996,0.0,0.0,0.0,True,True,True,0.0,False,False,46.6
1531,76.55,0,alert,alert,0.982838,0.982838,0.000269,0.0,0.001065,0.015827,0.073518,0.934918,0.0,0.127372,0.130121,0.141939,0.0,0.0,0.0,True,True,True,0.0,False,False,37.787
1532,76.6,0,alert,alert,0.98383,0.98383,0.000256,0.0,0.001072,0.014842,0.070025,0.935554,0.0,0.126159,0.130021,0.141951,0.0,0.0,0.0,True,True,True,0.0,False,False,37.344
1533,76.65,0,alert,alert,0.985943,0.985943,0.000242,0.0,0.001071,0.012744,0.069358,0.936504,0.0,0.124755,0.130091,0.142035,0.0,0.0,0.0,True,True,True,0.0,False,False,37.351
1534,76.7,0,alert,alert,0.987296,0.987296,0.000239,0.0,0.001118,0.011347,0.072318,0.935673,0.0,0.123751,0.130093,0.141812,0.0,0.0,0.0,True,True,True,0.0,False,False,37.315
1535,76.75,0,alert,alert,0.986899,0.986899,0.000254,0.0,0.001176,0.011671,0.075052,0.934801,0.0,0.123446,0.130047,0.141563,0.0,0.0,0.0,True,True,True,0.0,False,False,46.333
1536,76.8,0,alert,alert,0.987638,0.987638,0.000257,0.0,0.001219,0.010886,0.071293,0.935643,0.0,0.123252,0.1297,0.141505,0.0,0.0,0.0,True,True,True,0.0,False,False,37.992
1537,76.85,0,alert,alert,0.987796,0.987796,0.000269,0.0,0.001287,0.010648,0.088952,0.930776,0.0,0.123244,0.129633,0.141323,0.0,0.0,0.0,True,True,True,0.0,False,False,37.84
1538,76.9,0,alert,alert,0.987993,0.987993,0.000285,0.0,0.001364,0.010358,0.095383,0.928216,0.0,0.123441,0.128519,0.141264,0.0,0.0,0.0,True,True,True,0.0,False,False,37.891
1539,76.95,0,alert,alert,0.98837,0.98837,0.000294,0.0,0.001489,0.009847,0.098091,0.927715,0.0,0.123687,0.127959,0.1413,0.0,0.0,0.0,True,True,True,0.0,False,False,37.473
1540,77.0,0,alert,alert,0.988505,0.988505,0.000301,0.0,0.001547,0.009647,0.088414,0.929914,0.0,0.123881,0.127521,0.14133,0.0,0.0,0.0,True,True,True,0.0,False,False,46.607
1541,77.05,0,alert,alert,0.98913,0.98913,0.000292,0.0,0.001571,0.009006,0.071653,0.936597,0.0,0.123888,0.127255,0.141272,0.0,0.0,0.0,True,True,True,0.0,False,False,37.346
1542,77.1,0,alert,alert,0.98901,0.98901,0.000293,0.0,0.001544,0.009153,0.073324,0.935955,0.0,0.123833,0.127165,0.141284,0.0,0.0,0.0,True,True,True,0.0,False,False,37.371
1543,77.15,0,alert,alert,0.989308,0.989308,0.000286,0.0,0.001527,0.008878,0.073824,0.936728,0.0,0.123674,0.127208,0.141342,0.0,0.0,0.0,True,True,True,0.0,False,False,37.558
1544,77.2,0,alert,alert,0.989625,0.989625,0.000278,0.0,0.00151,0.008587,0.058403,0.942014,0.0,0.123425,0.127203,0.141296,0.0,0.0,0.0,True,True,True,0.0,False,False,37.814
1545,77.25,0,alert,alert,0.989588,0.989588,0.000274,0.0,0.001581,0.008558,0.063285,0.941114,0.0,0.123329,0.127167,0.141246,0.0,0.0,0.0,True,True,True,0.0,False,False,46.428
1546,77.3,0,alert,alert,0.989169,0.989169,0.000276,0.0,0.001592,0.008963,0.060696,0.940909,0.0,0.123286,0.12713,0.141178,0.0,0.0,0.0,True,True,True,0.237,False,False,38.026
1547,77.35,0,alert,alert,0.988442,0.988442,0.000277,0.0,0.001494,0.009787,0.060512,0.941871,0.0,0.123284,0.127018,0.141132,0.0,0.0,0.0,True,True,True,0.307495,False,False,37.699
1548,77.4,0,alert,alert,0.988063,0.988063,0.000276,0.0,0.001441,0.01022,0.055211,0.943289,0.0,0.123283,0.125883,0.141126,0.0,0.0,0.0,True,True,True,0.192139,False,False,37.46
1549,77.45,0,alert,alert,0.987517,0.987517,0.000275,0.0,0.001354,0.010855,0.055649,0.942902,0.0,0.123336,0.125114,0.141111,0.0,0.0,0.0,True,True,True,0.19397,False,False,37.443
1550,77.5,0,alert,alert,0.987012,0.987012,0.000277,0.0,0.001298,0.011413,0.062366,0.940504,0.0,0.123439,0.124448,0.141103,0.0,0.0,0.0,True,True,True,0.19397,False,False,45.932
1551,77.55,0,alert,alert,0.9862,0.9862,0.000278,0.0,0.001233,0.012289,0.058573,0.941968,0.0,0.123516,0.123883,0.141034,0.0,0.0,0.0,True,True,True,0.198547,False,False,37.514
1552,77.6,0,alert,alert,0.984258,0.984258,0.00029,0.0,0.001185,0.014267,0.059306,0.942147,0.0,0.123596,0.123775,0.140996,0.0,0.0,0.0,True,True,True,0.279114,False,False,37.258
1553,77.65,0,alert,alert,0.984802,0.984802,0.000277,0.0,0.001128,0.013793,0.062595,0.940792,0.0,0.1237,0.123437,0.140552,0.0,0.0,0.0,True,True,True,0.259888,False,False,37.265
1554,77.7,0,alert,alert,0.984119,0.984119,0.000285,0.0,0.001083,0.014513,0.066664,0.941775,0.0,0.123829,0.12343,0.140208,0.0,0.0,0.0,True,True,True,0.259888,False,False,37.6
1555,77.75,0,alert,alert,0.982501,0.982501,0.000302,0.0,0.001049,0.016148,0.060819,0.943109,0.0,0.123842,0.123433,0.13987,0.0,0.0,0.0,True,True,True,0.0,False,False,46.491
1556,77.8,0,alert,alert,0.97865,0.97865,0.000342,0.0,0.001036,0.019972,0.072167,0.940588,0.0,0.123904,0.12346,0.139813,0.0,0.0,0.0,True,True,True,0.0,False,False,38.053
1557,77.85,0,alert,alert,0.97724,0.97724,0.000342,0.0,0.000996,0.021422,0.065271,0.943235,0.0,0.123993,0.123362,0.139534,0.0,0.0,0.0,True,True,True,0.0,False,False,38.063
1558,77.9,0,alert,alert,0.975897,0.975897,0.000348,0.0,0.000987,0.022768,0.059295,0.945394,0.0,0.124046,0.123452,0.139371,0.0,0.0,0.0,True,True,True,0.134003,False,False,38.705
1559,77.95,0,alert,alert,0.972388,0.972388,0.00038,0.0,0.000989,0.026243,0.086721,0.938604,0.0,0.124255,0.123473,0.139351,0.0,0.0,0.0,True,True,True,0.052063,False,False,37.809
1560,78.0,0,alert,alert,0.967254,0.967254,0.000497,0.0,0.001075,0.031175,0.449599,0.854644,0.0,0.125977,0.124038,0.139637,0.0,0.0,0.0,True,True,True,0.052063,False,False,46.438
1561,78.05,0,alert,alert,0.963021,0.963021,0.000713,0.0,0.001225,0.03504,0.521291,0.830785,0.0,0.127767,0.124563,0.139921,0.0,0.0,0.0,True,True,True,0.119354,False,False,38.147
1562,78.1,0,alert,alert,0.953928,0.953928,0.001429,0.0,0.001694,0.042949,0.59956,0.838142,0.0,0.130092,0.125272,0.14028,0.0,0.0,0.0,True,True,True,0.0,False,False,37.999
1563,78.15,0,alert,alert,0.936935,0.936935,0.004364,0.0,0.002966,0.055735,0.693122,0.837624,0.0,0.132992,0.12502,0.14018,0.0,0.0,0.0,True,True,True,0.0,False,False,37.747
1564,78.2,0,alert,alert,0.901935,0.901935,0.015182,0.0,0.005762,0.077122,0.683349,0.838301,0.0,0.135871,0.125164,0.140293,0.0,0.0,0.0,True,True,True,0.0,False,False,37.433
1565,78.25,0,alert,alert,0.835672,0.835672,0.046166,0.0,0.009984,0.108178,0.650303,0.846738,0.0,0.138657,0.12518,0.140405,0.0,0.0,0.0,True,True,True,0.0,False,False,47.915
1566,78.3,0,alert,alert,0.765528,0.765528,0.096092,0.0,0.014558,0.123822,0.526922,0.881546,0.0,0.140981,0.125212,0.140711,0.0,0.0,0.0,True,True,True,0.145447,False,False,39.155
1567,78.35,0,alert,alert,0.709779,0.709779,0.133743,0.0,0.017575,0.138903,0.433451,0.905823,0.0,0.14291,0.12571,0.140739,0.0,0.0,0.0,True,True,True,0.18161,False,False,37.345
1568,78.4,0,alert,alert,0.71709,0.71709,0.112809,0.0,0.016488,0.153613,0.305207,0.922703,0.0,0.144234,0.125402,0.140819,0.0,0.0,0.0,True,True,True,0.0,False,False,37.411
1569,78.45,0,alert,alert,0.773531,0.773531,0.064277,0.0,0.013226,0.148966,0.15167,0.937954,0.0,0.144795,0.125508,0.140843,0.0,0.0,0.0,True,True,True,0.0,False,False,37.329
1570,78.5,0,alert,alert,0.836446,0.836446,0.026855,0.0,0.009011,0.127688,0.070751,0.944683,0.0,0.144946,0.125542,0.140718,0.0,0.0,0.0,True,True,True,0.0,False,False,46.109
1571,78.55,0,alert,alert,0.881793,0.881793,0.008593,0.0,0.00531,0.104304,0.048715,0.947705,0.0,0.144989,0.125554,0.14064,0.0,0.0,0.0,True,True,True,0.0,False,False,37.427
1572,78.6,0,alert,alert,0.919148,0.919148,0.002773,0.0,0.003061,0.075017,0.043092,0.948429,0.0,0.144995,0.125415,0.140515,0.0,0.0,0.0,True,True,True,0.0,False,False,37.726
1573,78.65,0,alert,alert,0.941557,0.941557,0.001191,0.0,0.001946,0.055306,0.045254,0.946658,0.0,0.144956,0.125554,0.140018,0.0,0.0,0.0,True,True,True,0.0,False,False,38.116
1574,78.7,0,alert,alert,0.956308,0.956308,0.000665,0.0,0.001421,0.041606,0.04773,0.946274,0.0,0.144904,0.125554,0.139651,0.0,0.0,0.0,True,True,True,0.0,False,False,37.897
1575,78.75,0,alert,alert,0.959842,0.959842,0.000498,0.0,0.001198,0.038463,0.049221,0.94564,0.0,0.144868,0.125562,0.139269,0.0,0.0,0.0,True,True,True,0.0,False,False,46.176
1576,78.8,0,alert,alert,0.961851,0.961851,0.000417,0.0,0.001079,0.036653,0.055036,0.943225,0.0,0.14483,0.125568,0.139198,0.0,0.0,0.0,True,True,True,0.0,False,False,37.13
1577,78.85,0,alert,alert,0.959139,0.959139,0.00039,0.0,0.001023,0.039447,0.054084,0.943623,0.0,0.143067,0.125448,0.138774,0.0,0.0,0.0,True,True,True,0.0,False,False,37.199
1578,78.9,0,alert,alert,0.966352,0.966352,0.000332,0.0,0.000948,0.032368,0.054389,0.944024,0.0,0.142002,0.125544,0.138193,0.0,0.0,0.0,True,True,True,0.0,False,False,37.259
1579,78.95,0,alert,alert,0.963418,0.963418,0.000333,0.0,0.000951,0.035299,0.051779,0.945382,0.0,0.141535,0.125528,0.137956,0.0,0.0,0.0,True,True,True,0.0,False,False,37.33
1580,79.0,0,alert,alert,0.967721,0.967721,0.000303,0.0,0.000927,0.031049,0.048474,0.947245,0.0,0.141427,0.12551,0.137862,0.0,0.0,0.0,True,True,True,0.0,False,False,46.038
1581,79.05,0,alert,alert,0.971019,0.971019,0.000287,0.0,0.000918,0.027776,0.051882,0.945348,0.0,0.141461,0.1255,0.137789,0.0,0.0,0.0,True,True,True,0.0,False,False,37.339
1582,79.1,0,alert,alert,0.972113,0.972113,0.000285,0.0,0.000927,0.026674,0.056373,0.943264,0.0,0.141529,0.125384,0.13778,0.0,0.0,0.0,True,True,True,0.0,False,False,37.465
1583,79.15,0,alert,alert,0.976302,0.976302,0.000266,0.0,0.000929,0.022503,0.055716,0.943293,0.0,0.14152,0.125519,0.137862,0.0,0.0,0.0,True,True,True,0.0,False,False,37.393
1584,79.2,0,alert,alert,0.978388,0.978388,0.000255,0.0,0.000929,0.020428,0.05463,0.944569,0.0,0.141443,0.125369,0.137861,0.0,0.0,0.0,True,True,True,0.0,False,False,37.424
1585,79.25,0,alert,alert,0.971519,0.971519,0.000293,0.0,0.000993,0.027195,0.054577,0.944152,0.0,0.141472,0.124766,0.137839,0.0,0.0,0.0,True,True,True,0.0,False,False,46.089
1586,79.3,0,alert,alert,0.965296,0.965296,0.000321,0.0,0.001011,0.033373,0.05402,0.944264,0.0,0.141477,0.124074,0.137768,0.0,0.0,0.0,True,True,True,0.0,False,False,37.417
1587,79.35,0,alert,alert,0.965743,0.965743,0.000306,0.0,0.001007,0.032944,0.059226,0.94247,0.0,0.141554,0.123965,0.137749,0.0,0.0,0.0,True,True,True,0.0,False,False,37.09
1588,79.4,0,alert,alert,0.972085,0.972085,0.000266,0.0,0.000949,0.0267,0.064375,0.9397,0.0,0.141643,0.122477,0.137816,0.0,0.0,0.0,True,True,True,0.0,False,False,37.285
1589,79.45,0,alert,alert,0.939574,0.939574,0.000402,0.0,0.001091,0.058933,0.077911,0.93666,0.0,0.141818,0.12169,0.137827,0.0,0.0,0.0,True,True,True,0.0,False,False,37.146
1590,79.5,0,alert,alert,0.895418,0.895418,0.000521,0.0,0.001193,0.102868,0.086633,0.935002,0.0,0.141972,0.121035,0.137844,0.0,0.0,0.0,True,True,True,0.0,False,False,46.212
1591,79.55,0,alert,alert,0.880955,0.880955,0.00055,0.0,0.001145,0.117349,0.146699,0.923213,0.0,0.14241,0.120589,0.137851,0.0,0.0,0.0,True,True,True,0.0,False,False,37.737
1592,79.6,0,alert,alert,0.896099,0.896099,0.000523,0.0,0.001094,0.102284,0.111588,0.933488,0.0,0.142722,0.120574,0.1379,0.0,0.0,0.0,True,True,True,0.0,False,False,37.661
1593,79.65,0,alert,alert,0.903052,0.903052,0.00052,0.0,0.001096,0.095332,0.106953,0.933441,0.0,0.143028,0.120185,0.137993,0.0,0.0,0.0,True,True,True,0.0,False,False,37.621
1594,79.7,0,alert,alert,0.921035,0.921035,0.000491,0.0,0.001053,0.077421,0.081555,0.937798,0.0,0.143207,0.120171,0.138019,0.0,0.0,0.0,True,True,True,0.0,False,False,37.39
1595,79.75,0,alert,alert,0.915668,0.915668,0.000537,0.0,0.001071,0.082724,0.114937,0.932519,0.0,0.143563,0.119698,0.138076,0.0,0.0,0.0,True,True,True,0.0,False,False,46.28
1596,79.8,0,alert,alert,0.902841,0.902841,0.000827,0.0,0.001317,0.095015,0.4677,0.845504,0.0,0.143832,0.119623,0.138325,0.0,0.0,0.0,True,True,True,0.004684,False,False,37.701
1597,79.85,0,alert,alert,0.920068,0.920068,0.001119,0.0,0.001507,0.077306,0.522705,0.844041,0.0,0.143968,0.120228,0.138693,0.0,0.0,0.0,True,True,True,0.022995,False,False,37.559
1598,79.9,0,alert,alert,0.939306,0.939306,0.001302,0.0,0.001682,0.057709,0.52625,0.875163,0.0,0.14425,0.119242,0.139158,0.0,0.0,0.0,True,True,True,0.039017,False,False,37.331
1599,79.95,0,alert,alert,0.950543,0.950543,0.001149,0.0,0.001654,0.046655,0.425693,0.909538,0.0,0.144375,0.11886,0.139474,0.0,0.0,0.0,True,True,True,0.0,False,False,37.467
1600,80.0,0,alert,alert,0.961479,0.961479,0.000869,0.0,0.001585,0.036067,0.254432,0.930863,0.0,0.144197,0.118425,0.139645,0.0,0.0,0.0,True,True,True,0.0,False,False,46.086
1601,80.05,0,alert,alert,0.961693,0.961693,0.000744,0.0,0.001608,0.035956,0.10584,0.944859,0.0,0.144012,0.117888,0.139616,0.0,0.0,0.0,True,True,True,0.022079,False,False,37.511
1602,80.1,0,alert,alert,0.956558,0.956558,0.000706,0.0,0.001643,0.041093,0.058773,0.950111,0.0,0.143913,0.117788,0.139616,0.0,0.0,0.0,True,True,True,0.0,False,False,37.578
1603,80.15,0,alert,alert,0.940621,0.940621,0.000804,0.0,0.001691,0.056885,0.088534,0.941646,0.0,0.14378,0.117409,0.139674,0.0,0.0,0.0,True,True,True,0.0,False,False,37.347
1604,80.2,0,alert,alert,0.913332,0.913332,0.000888,0.0,0.001699,0.084082,0.08443,0.942347,0.0,0.143134,0.117411,0.139681,0.0,0.0,0.0,True,True,True,0.0,False,False,37.572
1605,80.25,0,alert,alert,0.939349,0.939349,0.000674,0.0,0.00147,0.058507,0.126278,0.930553,0.0,0.143145,0.11749,0.139705,0.0,0.0,0.0,True,True,True,0.0,False,False,46.208
1606,80.3,0,alert,alert,0.950075,0.950075,0.000579,0.0,0.00137,0.047976,0.118695,0.931571,0.0,0.143346,0.117544,0.139687,0.0,0.0,0.0,True,True,True,0.0,False,False,37.257
1607,80.35,0,alert,alert,0.963922,0.963922,0.000475,0.0,0.001308,0.034295,0.108419,0.93284,0.0,0.143602,0.117529,0.13971,0.0,0.0,0.0,True,True,True,0.0,False,False,37.675
1608,80.4,0,alert,alert,0.970314,0.970314,0.000436,0.0,0.001312,0.027938,0.096212,0.934478,0.0,0.143786,0.117566,0.139779,0.0,0.0,0.0,True,True,True,0.0,False,False,37.383
1609,80.45,0,alert,alert,0.976671,0.976671,0.000402,0.0,0.001362,0.021565,0.086839,0.936051,0.0,0.143953,0.117602,0.139801,0.0,0.0,0.0,True,True,True,0.0,False,False,37.549
1610,80.5,0,alert,alert,0.980036,0.980036,0.000385,0.0,0.001385,0.018194,0.088035,0.936113,0.0,0.144127,0.117627,0.139821,0.0,0.0,0.0,True,True,True,0.0,False,False,46.076
1611,80.55,0,alert,alert,0.980172,0.980172,0.000394,0.0,0.001395,0.018038,0.086673,0.935906,0.0,0.144309,0.11765,0.139777,0.0,0.0,0.0,True,True,True,0.0,False,False,37.236
1612,80.6,0,alert,alert,0.977,0.977,0.000439,0.0,0.001397,0.021164,0.080397,0.938089,0.0,0.144467,0.117588,0.139778,0.0,0.0,0.0,True,True,True,0.0,False,False,37.358
1613,80.65,0,alert,alert,0.974293,0.974293,0.00046,0.0,0.001385,0.023863,0.095104,0.935041,0.0,0.144715,0.117703,0.139825,0.0,0.0,0.0,True,True,True,0.0,False,False,37.263
1614,80.7,0,alert,alert,0.974174,0.974174,0.000435,0.0,0.001294,0.024097,0.071178,0.940845,0.0,0.144839,0.117736,0.139822,0.0,0.0,0.0,True,True,True,0.0,False,False,37.388
1615,80.75,0,alert,alert,0.97384,0.97384,0.000405,0.0,0.001244,0.02451,0.058706,0.945578,0.0,0.144887,0.117753,0.13979,0.0,0.0,0.0,True,True,True,0.0,False,False,46.188
1616,80.8,0,alert,alert,0.973446,0.973446,0.000382,0.0,0.001178,0.024994,0.051412,0.945866,0.0,0.144876,0.117763,0.139715,0.0,0.0,0.0,True,True,True,0.0,False,False,37.58
1617,80.85,0,alert,alert,0.974647,0.974647,0.000352,0.0,0.001136,0.023865,0.046872,0.946741,0.0,0.144748,0.117644,0.139639,0.0,0.0,0.0,True,True,True,0.0,False,False,38.675
1618,80.9,0,alert,alert,0.966912,0.966912,0.000372,0.0,0.001142,0.031574,0.044074,0.947795,0.0,0.143091,0.117684,0.139309,0.0,0.0,0.0,True,True,True,0.0,False,False,37.781
1619,80.95,0,alert,alert,0.962227,0.962227,0.000372,0.0,0.001092,0.036309,0.043129,0.947934,0.0,0.140985,0.117393,0.138938,0.0,0.0,0.0,True,True,True,0.0,False,False,37.99
1620,81.0,0,alert,alert,0.954535,0.954535,0.000391,0.0,0.001041,0.044032,0.047634,0.946933,0.0,0.138707,0.11701,0.138587,0.0,0.0,0.0,True,True,True,0.0,False,False,46.993
1621,81.05,0,alert,alert,0.958583,0.958583,0.00038,0.0,0.000993,0.040044,0.052277,0.945286,0.0,0.136444,0.116886,0.138514,0.0,0.0,0.0,True,True,True,0.0,False,False,37.672
1622,81.1,0,alert,alert,0.955858,0.955858,0.000451,0.0,0.001043,0.042648,0.341282,0.893073,0.0,0.135901,0.117243,0.138445,0.0,0.0,0.0,True,True,True,0.0,False,False,38.128
1623,81.15,0,alert,alert,0.949318,0.949318,0.000655,0.0,0.00121,0.048818,0.494445,0.833653,0.0,0.136534,0.117919,0.13863,0.0,0.0,0.0,True,True,True,0.0,False,False,38.088
1624,81.2,0,alert,alert,0.943918,0.943918,0.001128,0.0,0.001506,0.053448,0.557744,0.825604,0.0,0.138265,0.11857,0.13901,0.0,0.0,0.0,True,True,True,0.0,False,False,38.222
1625,81.25,0,alert,alert,0.944977,0.944977,0.002249,0.0,0.002141,0.050633,0.630612,0.840442,0.0,0.140814,0.119159,0.139462,0.0,0.0,0.0,True,True,True,0.0,False,False,47.399
1626,81.3,0,alert,alert,0.932107,0.932107,0.006068,0.0,0.003556,0.058269,0.721131,0.833708,0.0,0.143892,0.120069,0.139896,0.0,0.0,0.0,True,True,True,0.0,False,False,37.656
1627,81.35,0,alert,alert,0.897319,0.897319,0.02338,0.0,0.007341,0.07196,0.778546,0.811224,0.0,0.147169,0.121021,0.140441,0.0,0.0,0.0,True,True,True,0.0,False,False,37.558
1628,81.4,0,alert,alert,0.839566,0.839566,0.069639,0.0,0.013371,0.077424,0.733648,0.833621,0.0,0.150336,0.122109,0.141046,0.0,0.0,0.0,True,True,True,0.0,False,False,37.939
1629,81.45,0,alert,alert,0.740807,0.740807,0.157224,0.0,0.020847,0.081122,0.598155,0.876887,0.0,0.152996,0.122409,0.141477,0.0,0.0,0.0,True,True,True,0.0,False,False,38.063
1630,81.5,0,alert,alert,0.690072,0.690072,0.201048,0.0,0.028768,0.080112,0.440282,0.912566,0.0,0.154974,0.1224,0.141787,0.0,0.0,0.0,True,True,True,0.0,False,False,46.185
1631,81.55,0,alert,alert,0.729166,0.729166,0.167499,0.0,0.035019,0.068316,0.261774,0.932178,0.0,0.156089,0.122243,0.141888,0.0,0.0,0.0,True,True,True,0.0,False,False,37.578
1632,81.6,0,alert,alert,0.821472,0.821472,0.088045,0.0,0.037024,0.053459,0.123093,0.939586,0.0,0.156493,0.122245,0.141937,0.0,0.0,0.0,True,True,True,0.0,False,False,37.418
1633,81.65,0,alert,alert,0.884271,0.884271,0.041446,0.0,0.032819,0.041464,0.062947,0.94684,0.0,0.156598,0.121941,0.141979,0.0,0.0,0.0,True,True,True,0.0,False,False,37.349
1634,81.7,0,alert,alert,0.917809,0.917809,0.020798,0.0,0.027773,0.03362,0.057403,0.946411,0.0,0.156682,0.121939,0.141959,0.0,0.0,0.0,True,True,True,0.0,False,False,37.568
1635,81.75,0,alert,alert,0.93831,0.93831,0.011083,0.0,0.020839,0.029768,0.055612,0.946599,0.0,0.156751,0.121957,0.141927,0.0,0.0,0.0,True,True,True,0.0,False,False,46.281
1636,81.8,0,alert,alert,0.953582,0.953582,0.00544,0.0,0.016363,0.024614,0.055007,0.945643,0.0,0.156809,0.121984,0.141854,0.0,0.0,0.0,True,True,True,0.0,False,False,37.398
1637,81.85,0,alert,alert,0.964243,0.964243,0.002807,0.0,0.012379,0.020571,0.050847,0.94619,0.0,0.156142,0.121864,0.141803,0.0,0.0,0.0,True,True,True,0.106079,False,False,37.164
1638,81.9,0,alert,alert,0.965263,0.965263,0.002829,0.0,0.011285,0.020623,0.424066,0.854579,0.0,0.155954,0.1226,0.142104,0.0,0.0,0.0,True,True,True,0.106079,False,False,37.752
1639,81.95,0,alert,alert,0.962629,0.962629,0.004044,0.0,0.01217,0.021157,0.522269,0.822712,0.0,0.15604,0.123319,0.142453,0.0,0.0,0.0,True,True,True,0.0,False,False,37.666
1640,82.0,0,alert,alert,0.951002,0.951002,0.008204,0.0,0.01704,0.023754,0.593668,0.83001,0.0,0.156716,0.124139,0.142869,0.0,0.0,0.0,True,True,True,0.0,False,False,46.348
1641,82.05,0,alert,alert,0.941819,0.941819,0.011537,0.0,0.023699,0.022945,0.567626,0.865516,0.0,0.158012,0.124908,0.143198,0.0,0.0,0.0,True,True,True,0.102417,False,False,37.533
1642,82.1,0,alert,alert,0.925349,0.925349,0.016583,0.0,0.03319,0.024878,0.486334,0.887691,0.0,0.15962,0.12548,0.143555,0.0,0.0,0.0,True,True,True,0.0,False,False,37.429
1643,82.15,0,alert,alert,0.910924,0.910924,0.021686,0.0,0.040447,0.026943,0.389535,0.902236,0.0,0.161162,0.12614,0.143926,0.0,0.0,0.0,True,True,True,0.0,False,False,37.405
1644,82.2,0,alert,alert,0.893312,0.893312,0.027254,0.0,0.046513,0.03292,0.240247,0.915021,0.0,0.162119,0.12645,0.144075,0.0,0.0,0.0,True,True,True,0.044739,False,False,37.391
1645,82.25,0,alert,alert,0.880816,0.880816,0.031704,0.0,0.051399,0.036081,0.123957,0.930833,0.0,0.16254,0.126573,0.14413,0.0,0.0,0.0,True,True,True,0.044739,False,False,46.175
1646,82.3,0,alert,alert,0.892996,0.892996,0.028035,0.0,0.049953,0.029016,0.070774,0.944132,0.0,0.162677,0.12659,0.144068,0.0,0.0,0.0,True,True,True,0.138123,False,False,37.483
1647,82.35,0,alert,alert,0.899999,0.899999,0.025397,0.0,0.051415,0.023189,0.080663,0.942412,0.0,0.16286,0.126513,0.144092,0.0,0.0,0.0,True,True,True,0.204956,False,False,37.086
1648,82.4,0,alert,alert,0.90144,0.90144,0.023527,0.0,0.052205,0.022827,0.075256,0.94296,0.0,0.163019,0.126601,0.144189,0.0,0.0,0.0,True,True,True,0.138123,False,False,37.378
1649,82.45,0,alert,alert,0.907071,0.907071,0.019735,0.0,0.050217,0.022976,0.08725,0.938904,0.0,0.163237,0.126644,0.144221,0.0,0.0,0.0,True,True,True,0.035583,False,False,37.112
1650,82.5,0,alert,alert,0.9195,0.9195,0.013892,0.0,0.046729,0.019878,0.083211,0.940755,0.0,0.16343,0.126696,0.144063,0.0,0.0,0.0,True,True,True,0.035583,False,False,46.149
1651,82.55,0,alert,alert,0.93348,0.93348,0.009303,0.0,0.039622,0.017595,0.067186,0.943092,0.0,0.163543,0.126695,0.143998,0.0,0.0,0.0,True,True,True,0.042908,False,False,37.31
1652,82.6,0,alert,alert,0.945439,0.945439,0.006305,0.0,0.03047,0.017786,0.061997,0.943365,0.0,0.163637,0.126587,0.143688,0.0,0.0,0.0,True,True,True,0.042908,False,False,37.683
1653,82.65,0,alert,alert,0.956734,0.956734,0.004283,0.0,0.021028,0.017955,0.068386,0.942834,0.0,0.163765,0.126716,0.143361,0.0,0.0,0.0,True,True,True,0.097839,False,False,37.442
1654,82.7,0,alert,alert,0.967036,0.967036,0.00272,0.0,0.013376,0.016869,0.065244,0.942647,0.0,0.163897,0.126739,0.143291,0.0,0.0,0.0,True,True,True,0.015442,False,False,37.006
1655,82.75,0,alert,alert,0.972455,0.972455,0.001864,0.0,0.009418,0.016263,0.067749,0.94123,0.0,0.164044,0.12677,0.143281,0.0,0.0,0.0,True,True,True,0.0,False,False,45.987
1656,82.8,0,alert,alert,0.97375,0.97375,0.001337,0.0,0.007963,0.01695,0.056978,0.944194,0.0,0.164128,0.126778,0.143208,0.0,0.0,0.0,True,True,True,0.0,False,False,37.262
1657,82.85,0,alert,alert,0.974942,0.974942,0.000975,0.0,0.005311,0.018772,0.092559,0.93334,0.0,0.164393,0.126721,0.143245,0.0,0.0,0.0,True,True,True,0.0,False,False,37.315
1658,82.9,0,alert,alert,0.965859,0.965859,0.001216,0.0,0.00479,0.028135,0.450735,0.857341,0.0,0.166346,0.127481,0.143652,0.0,0.0,0.0,True,True,True,0.0,False,False,37.174
1659,82.95,0,alert,alert,0.964123,0.964123,0.001836,0.0,0.004849,0.029192,0.519455,0.812538,0.0,0.168523,0.128147,0.144001,0.0,0.0,0.0,True,True,True,0.0,False,False,37.419
1660,83.0,0,alert,alert,0.956141,0.956141,0.004522,0.0,0.007242,0.032094,0.551903,0.805007,0.0,0.170825,0.128876,0.144355,0.0,0.0,0.0,True,True,True,0.0,False,False,45.872
1661,83.05,0,alert,alert,0.942149,0.942149,0.008876,0.0,0.009462,0.039513,0.520682,0.850438,0.0,0.173077,0.129597,0.144642,0.0,0.0,0.0,True,True,True,0.0,False,False,37.362
1662,83.1,0,alert,alert,0.944718,0.944718,0.009731,0.0,0.009352,0.036199,0.474307,0.877571,0.0,0.175162,0.130137,0.144957,0.0,0.0,0.0,True,True,True,0.0,False,False,37.589
1663,83.15,0,alert,alert,0.948352,0.948352,0.008725,0.0,0.007987,0.034937,0.386107,0.89839,0.0,0.176842,0.130766,0.145254,0.0,0.0,0.0,True,True,True,0.0,False,False,37.465
1664,83.2,0,alert,alert,0.948854,0.948854,0.006733,0.0,0.006136,0.038277,0.26492,0.911669,0.0,0.177959,0.131099,0.14542,0.0,0.0,0.0,True,True,True,0.0,False,False,37.432
1665,83.25,0,alert,alert,0.941728,0.941728,0.005233,0.0,0.00484,0.048198,0.121062,0.930196,0.0,0.176892,0.131212,0.145476,0.0,0.0,0.0,True,True,True,0.0,False,False,45.982
1666,83.3,0,alert,alert,0.941154,0.941154,0.003046,0.0,0.003371,0.052429,0.059641,0.944487,0.0,0.174858,0.131228,0.145403,0.0,0.0,0.0,True,True,True,0.0,False,False,37.586
1667,83.35,0,alert,alert,0.946321,0.946321,0.001679,0.0,0.002445,0.049555,0.046638,0.947627,0.0,0.172439,0.131085,0.145398,0.0,0.0,0.0,True,True,True,0.0,False,False,37.118
1668,83.4,0,alert,alert,0.947308,0.947308,0.001042,0.0,0.001854,0.049796,0.040666,0.95066,0.0,0.16967,0.131198,0.145477,0.0,0.0,0.0,True,True,True,0.0,False,False,37.27
1669,83.45,0,alert,alert,0.953112,0.953112,0.00074,0.0,0.001565,0.044582,0.047139,0.948354,0.0,0.16667,0.131185,0.145481,0.0,0.0,0.0,True,True,True,0.0,False,False,37.304
1670,83.5,0,alert,alert,0.956333,0.956333,0.000611,0.0,0.001408,0.041649,0.054192,0.944312,0.0,0.16397,0.131183,0.145491,0.0,0.0,0.0,True,True,True,0.0,False,False,46.09
1671,83.55,0,alert,alert,0.959793,0.959793,0.00055,0.0,0.001334,0.038323,0.064716,0.939819,0.0,0.161495,0.13121,0.145422,0.0,0.0,0.0,True,True,True,0.0,False,False,37.164
1672,83.6,0,alert,alert,0.957088,0.957088,0.000524,0.0,0.001321,0.041068,0.061094,0.941068,0.0,0.159492,0.131093,0.145435,0.0,0.0,0.0,True,True,True,0.0,False,False,37.276
1673,83.65,0,alert,alert,0.955943,0.955943,0.000497,0.0,0.001303,0.042257,0.054774,0.943775,0.0,0.15806,0.131236,0.145529,0.0,0.0,0.0,True,True,True,0.0,False,False,37.433
1674,83.7,0,alert,alert,0.953455,0.953455,0.000471,0.0,0.001285,0.044789,0.052056,0.945057,0.0,0.157418,0.131238,0.14553,0.0,0.0,0.0,True,True,True,0.0,False,False,37.227
1675,83.75,0,alert,alert,0.957877,0.957877,0.000425,0.0,0.001172,0.040526,0.056713,0.942045,0.0,0.157261,0.13125,0.145541,0.0,0.0,0.0,True,True,True,0.0,False,False,46.171
1676,83.8,0,alert,alert,0.955281,0.955281,0.000429,0.0,0.001122,0.043169,0.059021,0.939505,0.0,0.157318,0.131269,0.145468,0.0,0.0,0.0,True,True,True,0.0,False,False,37.669
1677,83.85,0,alert,alert,0.944011,0.944011,0.00048,0.0,0.001101,0.054408,0.113497,0.927121,0.0,0.155928,0.131239,0.145525,0.0,0.0,0.0,True,True,True,0.0,False,False,37.603
1678,83.9,0,alert,alert,0.940394,0.940394,0.000484,0.0,0.001043,0.058078,0.109703,0.932027,0.0,0.154106,0.131461,0.145635,0.0,0.0,0.0,True,True,True,0.0,False,False,37.34
1679,83.95,0,alert,alert,0.958364,0.958364,0.000398,0.0,0.000983,0.040255,0.075763,0.941118,0.0,0.152099,0.131505,0.145601,0.0,0.0,0.0,True,True,True,0.0,False,False,37.182
1680,84.0,0,alert,alert,0.964649,0.964649,0.000362,0.0,0.000999,0.033989,0.06731,0.942305,0.0,0.15038,0.131536,0.145585,0.0,0.0,0.0,True,True,True,0.0,False,False,46.113
1681,84.05,0,alert,alert,0.961202,0.961202,0.000392,0.0,0.001033,0.037373,0.076275,0.941251,0.0,0.149574,0.131573,0.145527,0.0,0.0,0.0,True,True,True,0.0,False,False,37.673
1682,84.1,0,alert,alert,0.960185,0.960185,0.000402,0.0,0.001033,0.03838,0.073829,0.943397,0.0,0.149431,0.131476,0.14554,0.0,0.0,0.0,True,True,True,0.0,False,False,38.086
1683,84.15,0,alert,alert,0.956914,0.956914,0.00041,0.0,0.001047,0.041629,0.068234,0.942794,0.0,0.149511,0.131637,0.14564,0.0,0.0,0.0,True,True,True,0.0,False,False,38.217
1684,84.2,0,alert,alert,0.954177,0.954177,0.000426,0.0,0.001058,0.044339,0.0912,0.937202,0.0,0.149756,0.131713,0.145676,0.0,0.0,0.0,True,True,True,0.0,False,False,37.96
1685,84.25,0,alert,alert,0.949468,0.949468,0.000456,0.0,0.001085,0.048991,0.086174,0.940034,0.0,0.149995,0.131767,0.145712,0.0,0.0,0.0,True,True,True,0.0,False,False,47.063
1686,84.3,0,alert,alert,0.953381,0.953381,0.000452,0.0,0.001102,0.045065,0.074498,0.941135,0.0,0.15017,0.131798,0.145652,0.0,0.0,0.0,True,True,True,0.0,False,False,37.92
1687,84.35,0,alert,alert,0.952841,0.952841,0.000463,0.0,0.001135,0.04556,0.091912,0.93738,0.0,0.150423,0.131731,0.145694,0.0,0.0,0.0,True,True,True,0.0,False,False,37.928
1688,84.4,0,alert,alert,0.95436,0.95436,0.000476,0.0,0.001175,0.043988,0.078783,0.940324,0.0,0.150531,0.131843,0.145813,0.0,0.0,0.0,True,True,True,0.0,False,False,37.419
1689,84.45,0,alert,alert,0.964952,0.964952,0.000438,0.0,0.001178,0.033432,0.07589,0.942027,0.0,0.15058,0.131883,0.145842,0.0,0.0,0.0,True,True,True,0.0,False,False,37.559
1690,84.5,0,alert,alert,0.968311,0.968311,0.00042,0.0,0.001176,0.030093,0.082917,0.939689,0.0,0.150353,0.131934,0.145876,0.0,0.0,0.0,True,True,True,0.0,False,False,46.294
1691,84.55,0,alert,alert,0.973523,0.973523,0.000387,0.0,0.00115,0.02494,0.074841,0.941881,0.0,0.150356,0.131959,0.145816,0.0,0.0,0.0,True,True,True,0.0,False,False,37.319
1692,84.6,0,alert,alert,0.977926,0.977926,0.000349,0.0,0.001142,0.020582,0.072685,0.940569,0.0,0.150388,0.131859,0.145831,0.0,0.0,0.0,True,True,True,0.0,False,False,37.677
1693,84.65,0,alert,alert,0.979234,0.979234,0.00033,0.0,0.00114,0.019296,0.070626,0.94152,0.0,0.150448,0.131995,0.145907,0.0,0.0,0.0,True,True,True,0.0,False,False,37.539
1694,84.7,0,alert,alert,0.979655,0.979655,0.000318,0.0,0.001138,0.018889,0.064685,0.942528,0.0,0.150502,0.132015,0.145915,0.0,0.0,0.0,True,True,True,0.0,False,False,37.43
1695,84.75,0,alert,alert,0.981629,0.981629,0.000298,0.0,0.001134,0.016939,0.066645,0.942525,0.0,0.150527,0.132042,0.145633,0.0,0.0,0.0,True,True,True,0.0,False,False,46.097
1696,84.8,0,alert,alert,0.983695,0.983695,0.000277,0.0,0.00114,0.014888,0.066163,0.940317,0.0,0.150589,0.132064,0.145566,0.0,0.0,0.0,True,True,True,0.0,False,False,37.542
1697,84.85,0,alert,alert,0.984287,0.984287,0.000273,0.0,0.001142,0.014298,0.059211,0.942441,0.0,0.150616,0.131942,0.145223,0.0,0.0,0.0,True,True,True,0.0,False,False,37.36
1698,84.9,0,alert,alert,0.984686,0.984686,0.000272,0.0,0.001142,0.0139,0.050884,0.945746,0.0,0.150604,0.132081,0.144818,0.0,0.0,0.0,True,True,True,0.0,False,False,37.357
1699,84.95,0,alert,alert,0.985251,0.985251,0.000282,0.0,0.001215,0.013253,0.043134,0.948511,0.0,0.15056,0.132063,0.144764,0.0,0.0,0.0,True,True,True,0.0,False,False,37.659
1700,85.0,0,alert,alert,0.982976,0.982976,0.000305,0.0,0.001226,0.015493,0.044187,0.948394,0.0,0.150525,0.132035,0.144759,0.0,0.0,0.0,True,True,True,0.0,False,False,46.097
1701,85.05,0,alert,alert,0.97392,0.97392,0.000394,0.0,0.001256,0.024431,0.072926,0.937827,0.0,0.150655,0.132072,0.144698,0.0,0.0,0.0,True,True,True,0.0,False,False,37.431
1702,85.1,0,alert,alert,0.964296,0.964296,0.000467,0.0,0.001294,0.033942,0.084918,0.935475,0.0,0.150858,0.131994,0.144725,0.0,0.0,0.0,True,True,True,0.0,False,False,37.671
1703,85.15,0,alert,alert,0.943706,0.943706,0.000582,0.0,0.001323,0.054389,0.078658,0.937473,0.0,0.151043,0.132061,0.144847,0.0,0.0,0.0,True,True,True,0.0,False,False,37.21
1704,85.2,0,alert,alert,0.961836,0.961836,0.000417,0.0,0.001332,0.036414,0.065222,0.940977,0.0,0.151161,0.131617,0.144867,0.0,0.0,0.0,True,True,True,0.0,False,False,37.255
1705,85.25,0,alert,alert,0.970991,0.970991,0.000325,0.0,0.001349,0.027335,0.060002,0.941528,0.0,0.151247,0.131387,0.144884,0.0,0.0,0.0,True,True,True,0.322716,False,False,46.292
1706,85.3,0,alert,alert,0.970823,0.970823,0.000329,0.0,0.001305,0.027543,0.057344,0.942548,0.0,0.15131,0.131332,0.14481,0.0,0.0,0.0,True,True,True,0.0,False,False,37.209
1707,85.35,0,alert,alert,0.972116,0.972116,0.000338,0.0,0.001263,0.026284,0.059183,0.940861,0.0,0.151381,0.131211,0.144826,0.0,0.0,0.0,True,True,True,0.0,False,False,37.395
1708,85.4,0,alert,alert,0.969279,0.969279,0.000405,0.0,0.001288,0.029028,0.147716,0.924781,0.0,0.151915,0.131514,0.145,0.0,0.0,0.0,True,True,True,0.0,False,False,37.782
1709,85.45,0,alert,alert,0.970382,0.970382,0.00048,0.0,0.001342,0.027796,0.346267,0.90426,0.0,0.153422,0.13202,0.14524,0.0,0.0,0.0,True,True,True,0.0,False,False,37.478
1710,85.5,0,alert,alert,0.953669,0.953669,0.000772,0.0,0.00154,0.044019,0.477117,0.868023,0.0,0.155501,0.132713,0.145577,0.0,0.0,0.0,True,True,True,0.0,False,False,46.103
1711,85.55,0,alert,alert,0.935541,0.935541,0.001277,0.0,0.001855,0.061327,0.522672,0.832322,0.0,0.15773,0.13345,0.145859,0.0,0.0,0.0,True,True,True,0.0,False,False,37.258
1712,85.6,0,alert,alert,0.931653,0.931653,0.001377,0.0,0.001891,0.06508,0.460161,0.882835,0.0,0.159757,0.133965,0.146191,0.0,0.0,0.0,True,True,True,0.0,False,False,37.67
1713,85.65,0,alert,alert,0.913194,0.913194,0.001418,0.0,0.002002,0.083386,0.312516,0.911083,0.0,0.161113,0.134575,0.146501,0.0,0.0,0.0,True,True,True,0.0,False,False,37.631
1714,85.7,0,alert,alert,0.911808,0.911808,0.00116,0.0,0.001993,0.085039,0.129199,0.933723,0.0,0.161557,0.134622,0.146571,0.0,0.0,0.0,True,True,True,0.0,False,False,37.409
1715,85.75,0,alert,alert,0.930139,0.930139,0.000818,0.0,0.00185,0.067192,0.062292,0.945213,0.0,0.161676,0.13427,0.146311,0.0,0.0,0.0,True,True,True,0.0,False,False,45.972
1716,85.8,0,alert,alert,0.947598,0.947598,0.000587,0.0,0.001653,0.050162,0.04768,0.948541,0.0,0.161724,0.133631,0.146228,0.0,0.0,0.0,True,True,True,0.585358,False,False,37.294
1717,85.85,0,alert,alert,0.958012,0.958012,0.000458,0.0,0.00147,0.04006,0.044842,0.949665,0.0,0.161754,0.13348,0.14588,0.0,0.0,0.0,True,True,True,0.426514,False,False,37.696
1718,85.9,0,alert,alert,0.963873,0.963873,0.000391,0.0,0.001311,0.034425,0.047518,0.948347,0.0,0.161796,0.132206,0.145448,0.0,0.0,0.0,True,True,True,0.352356,False,False,37.433
1719,85.95,0,alert,alert,0.971153,0.971153,0.000333,0.0,0.001277,0.027237,0.047006,0.948825,0.0,0.161832,0.131435,0.14536,0.0,0.0,0.0,True,True,True,0.0,False,False,37.315
1720,86.0,0,alert,alert,0.974981,0.974981,0.000296,0.0,0.00129,0.023433,0.050941,0.947216,0.0,0.161885,0.130657,0.145333,0.0,0.0,0.0,True,True,True,0.0,False,False,45.986
1721,86.05,0,alert,alert,0.976293,0.976293,0.000288,0.0,0.001313,0.022106,0.061728,0.943738,0.0,0.160229,0.129872,0.145262,0.0,0.0,0.0,True,True,True,0.405914,False,False,37.21
1722,86.1,0,alert,alert,0.971051,0.971051,0.000343,0.0,0.001399,0.027208,0.339986,0.89673,0.0,0.159568,0.130208,0.145449,0.0,0.0,0.0,True,True,True,0.0,False,False,37.526
1723,86.15,0,alert,alert,0.958423,0.958423,0.000552,0.0,0.001704,0.039322,0.497634,0.832948,0.0,0.159737,0.129392,0.145652,0.0,0.0,0.0,True,True,True,0.0,False,False,37.319
1724,86.2,0,alert,alert,0.944849,0.944849,0.000994,0.0,0.002154,0.052004,0.542278,0.808884,0.0,0.160632,0.12929,0.145992,0.0,0.0,0.0,True,True,True,0.0,False,False,37.203
1725,86.25,0,alert,alert,0.929843,0.929843,0.002008,0.0,0.003075,0.065074,0.55603,0.803859,0.0,0.162388,0.12932,0.14636,0.0,0.0,0.0,True,True,True,0.0,False,False,46.375
1726,86.3,0,alert,alert,0.90672,0.90672,0.00385,0.0,0.004325,0.085106,0.513374,0.862107,0.0,0.164455,0.129514,0.146644,0.0,0.0,0.0,True,True,True,0.0,False,False,37.183
1727,86.35,0,alert,alert,0.88399,0.88399,0.004781,0.0,0.005351,0.105878,0.430704,0.901636,0.0,0.166319,0.129999,0.146948,0.0,0.0,0.0,True,True,True,0.0,False,False,37.507
1728,86.4,0,alert,alert,0.870445,0.870445,0.004393,0.0,0.006148,0.119015,0.27026,0.925199,0.0,0.167462,0.129705,0.147204,0.0,0.0,0.0,True,True,True,0.0,False,False,37.819
1729,86.45,0,alert,alert,0.869456,0.869456,0.003365,0.0,0.006524,0.120654,0.115163,0.942211,0.0,0.167801,0.129299,0.147251,0.0,0.0,0.0,True,True,True,0.0,False,False,37.814
1730,86.5,0,alert,alert,0.88649,0.88649,0.00242,0.0,0.006294,0.104796,0.057977,0.952173,0.0,0.167729,0.128854,0.147256,0.0,0.0,0.0,True,True,True,0.0,False,False,46.573
1731,86.55,0,alert,alert,0.932587,0.932587,0.001378,0.0,0.004923,0.061112,0.043272,0.955171,0.0,0.167562,0.12834,0.147167,0.0,0.0,0.0,True,True,True,0.0,False,False,38.334
1732,86.6,0,alert,alert,0.949866,0.949866,0.001011,0.0,0.004332,0.044791,0.041247,0.952742,0.0,0.167404,0.128192,0.147157,0.0,0.0,0.0,True,True,True,0.0,False,False,37.762
1733,86.65,0,alert,alert,0.958353,0.958353,0.000869,0.0,0.00376,0.037019,0.041051,0.950669,0.0,0.167251,0.127322,0.147236,0.0,0.0,0.0,True,True,True,0.0,False,False,38.066
1734,86.7,0,alert,alert,0.95585,0.95585,0.000859,0.0,0.003306,0.039985,0.044535,0.948675,0.0,0.167101,0.127138,0.147228,0.0,0.0,0.0,True,True,True,0.0,False,False,38.144
1735,86.75,0,alert,alert,0.96695,0.96695,0.000664,0.0,0.002716,0.02967,0.044871,0.947354,0.0,0.16694,0.127106,0.147205,0.0,0.0,0.0,True,True,True,0.0,False,False,46.45
1736,86.8,0,alert,alert,0.961102,0.961102,0.000706,0.0,0.002601,0.035591,0.06393,0.940715,0.0,0.1669,0.127133,0.147135,0.0,0.0,0.0,True,True,True,0.22258,False,False,38.08
1737,86.85,0,alert,alert,0.960665,0.960665,0.000665,0.0,0.002401,0.036268,0.069436,0.939004,0.0,0.166797,0.127037,0.146887,0.0,0.0,0.0,True,True,True,0.243637,False,False,38.626
1738,86.9,0,alert,alert,0.960407,0.960407,0.000635,0.0,0.002162,0.036796,0.083348,0.935008,0.0,0.166733,0.127259,0.146305,0.0,0.0,0.0,True,True,True,0.243637,False,False,37.889
1739,86.95,0,alert,alert,0.964031,0.964031,0.000579,0.0,0.001955,0.033435,0.060407,0.941647,0.0,0.166536,0.127294,0.145947,0.0,0.0,0.0,True,True,True,0.0,False,False,38.581
1740,87.0,0,alert,alert,0.972563,0.972563,0.00048,0.0,0.001862,0.025095,0.053588,0.944123,0.0,0.166352,0.12732,0.145631,0.0,0.0,0.0,True,True,True,0.0,False,False,46.038
1741,87.05,0,alert,alert,0.975631,0.975631,0.000439,0.0,0.001827,0.022103,0.052473,0.944624,0.0,0.166249,0.127342,0.145552,0.0,0.0,0.0,True,True,True,0.0,False,False,37.378
1742,87.1,0,alert,alert,0.973809,0.973809,0.000451,0.0,0.001863,0.023877,0.054334,0.943231,0.0,0.166149,0.127219,0.145347,0.0,0.0,0.0,True,True,True,0.0,False,False,37.575
1743,87.15,0,alert,alert,0.971029,0.971029,0.00047,0.0,0.001844,0.026657,0.054829,0.943122,0.0,0.166048,0.127401,0.145321,0.0,0.0,0.0,True,True,True,0.387146,False,False,37.519
1744,87.2,0,alert,alert,0.972347,0.972347,0.000441,0.0,0.001749,0.025464,0.051746,0.945197,0.0,0.166012,0.127422,0.145317,0.0,0.0,0.0,True,True,True,0.387146,False,False,37.256
1745,87.25,0,alert,alert,0.973279,0.973279,0.000455,0.0,0.001667,0.024599,0.406581,0.87514,0.0,0.167678,0.127992,0.145578,0.0,0.0,0.0,True,True,True,0.209991,False,False,46.389
1746,87.3,0,alert,alert,0.972189,0.972189,0.000595,0.0,0.001806,0.02541,0.510377,0.831823,0.0,0.169769,0.12867,0.14585,0.0,0.0,0.0,True,True,True,0.0,False,False,37.755
1747,87.35,0,alert,alert,0.974257,0.974257,0.000721,0.0,0.001952,0.02307,0.532386,0.846925,0.0,0.171994,0.129281,0.146221,0.0,0.0,0.0,True,True,True,0.0,False,False,37.535
1748,87.4,0,alert,alert,0.972504,0.972504,0.000819,0.0,0.001966,0.02471,0.50749,0.888134,0.0,0.174209,0.130127,0.146682,0.0,0.0,0.0,True,True,True,0.0,False,False,37.787
1749,87.45,0,alert,alert,0.974956,0.974956,0.000726,0.0,0.001957,0.02236,0.397983,0.918061,0.0,0.175931,0.130713,0.146979,0.0,0.0,0.0,True,True,True,0.0,False,False,37.473
1750,87.5,0,alert,alert,0.978545,0.978545,0.0006,0.0,0.001856,0.018999,0.255427,0.930718,0.0,0.176913,0.131068,0.147158,0.0,0.0,0.0,True,True,True,0.0,False,False,46.148
1751,87.55,0,alert,alert,0.977855,0.977855,0.00056,0.0,0.001778,0.019807,0.12267,0.939304,0.0,0.177241,0.131201,0.147137,0.0,0.0,0.0,True,True,True,0.205643,False,False,37.387
1752,87.6,0,alert,alert,0.977093,0.977093,0.000509,0.0,0.001642,0.020755,0.071235,0.943971,0.0,0.177301,0.1311,0.147161,0.0,0.0,0.0,True,True,True,0.216629,False,False,37.59
1753,87.65,0,alert,alert,0.971952,0.971952,0.000511,0.0,0.001549,0.025988,0.077358,0.945098,0.0,0.177374,0.13131,0.147281,0.0,0.0,0.0,True,True,True,0.216629,False,False,37.151
1754,87.7,0,alert,alert,0.966508,0.966508,0.000495,0.0,0.001483,0.031513,0.073951,0.945487,0.0,0.177409,0.131359,0.147306,0.0,0.0,0.0,True,True,True,0.170853,False,False,37.481
1755,87.75,0,alert,alert,0.956681,0.956681,0.000523,0.0,0.001507,0.041289,0.087931,0.939394,0.0,0.17755,0.131421,0.147341,0.0,0.0,0.0,True,True,True,0.15712,False,False,45.948
1756,87.8,0,alert,alert,0.95825,0.95825,0.000504,0.0,0.001466,0.03978,0.144082,0.927375,0.0,0.177919,0.131574,0.147338,0.0,0.0,0.0,True,True,True,0.204498,False,False,37.401
1757,87.85,0,alert,alert,0.933381,0.933381,0.000624,0.0,0.001525,0.064469,0.122192,0.932267,0.0,0.178214,0.131559,0.147097,0.0,0.0,0.0,True,True,True,0.0,False,False,37.157
1758,87.9,0,alert,alert,0.936379,0.936379,0.000574,0.0,0.001406,0.061641,0.078906,0.939979,0.0,0.178318,0.131717,0.146522,0.0,0.0,0.0,True,True,True,0.115005,False,False,37.462
1759,87.95,0,alert,alert,0.920012,0.920012,0.000606,0.0,0.001372,0.078011,0.055158,0.945604,0.0,0.178152,0.131711,0.146284,0.0,0.0,0.0,True,True,True,0.115005,False,False,37.571
1760,88.0,0,alert,alert,0.93996,0.93996,0.000506,0.0,0.001211,0.058323,0.048231,0.946413,0.0,0.176226,0.131708,0.146151,0.0,0.0,0.0,True,True,True,0.0,False,False,46.329
1761,88.05,0,alert,alert,0.943867,0.943867,0.000481,0.0,0.001136,0.054516,0.044712,0.947612,0.0,0.173996,0.131701,0.146065,0.0,0.0,0.0,True,True,True,0.467712,False,False,38.221
1762,88.1,0,alert,alert,0.959663,0.959663,0.000399,0.0,0.001085,0.038853,0.043102,0.948112,0.0,0.17139,0.131551,0.146016,0.0,0.0,0.0,True,True,True,0.426514,False,False,38.003
1763,88.15,0,alert,alert,0.958268,0.958268,0.000406,0.0,0.001116,0.040211,0.04246,0.947612,0.0,0.168361,0.13167,0.146092,0.0,0.0,0.0,True,True,True,0.0,False,False,37.729
1764,88.2,0,alert,alert,0.955227,0.955227,0.000434,0.0,0.001178,0.043161,0.046094,0.946676,0.0,0.165398,0.131664,0.146094,0.0,0.0,0.0,True,True,True,0.0,False,False,37.651
1765,88.25,0,alert,alert,0.957313,0.957313,0.000424,0.0,0.001174,0.041089,0.04511,0.947817,0.0,0.16256,0.131652,0.146095,0.0,0.0,0.0,True,True,True,0.0,False,False,46.497
1766,88.3,0,alert,alert,0.943644,0.943644,0.00048,0.0,0.001227,0.054649,0.046646,0.947429,0.0,0.160228,0.131635,0.146011,0.0,0.0,0.0,True,True,True,0.0,False,False,37.528
1767,88.35,0,alert,alert,0.944458,0.944458,0.000477,0.0,0.001226,0.053838,0.051357,0.946038,0.0,0.158333,0.1315,0.146018,0.0,0.0,0.0,True,True,True,0.0,False,False,37.557
1768,88.4,0,alert,alert,0.941621,0.941621,0.000486,0.0,0.001242,0.05665,0.047938,0.946221,0.0,0.157036,0.130371,0.146109,0.0,0.0,0.0,True,True,True,0.0,False,False,37.33
1769,88.45,0,alert,alert,0.932825,0.932825,0.000515,0.0,0.001233,0.065427,0.04948,0.946667,0.0,0.156513,0.129837,0.146113,0.0,0.0,0.0,True,True,True,0.0,False,False,37.67
1770,88.5,0,alert,alert,0.926596,0.926596,0.000546,0.0,0.001229,0.071629,0.049738,0.946632,0.0,0.156404,0.129589,0.146119,0.0,0.0,0.0,True,True,True,0.149223,False,False,46.161
1771,88.55,0,alert,alert,0.901594,0.901594,0.000646,0.0,0.001262,0.096497,0.053737,0.944409,0.0,0.156432,0.129541,0.146041,0.0,0.0,0.0,True,True,True,0.149223,False,False,37.552
1772,88.6,0,alert,alert,0.882697,0.882697,0.000688,0.0,0.001265,0.11535,0.052708,0.944337,0.0,0.156483,0.129412,0.14605,0.0,0.0,0.0,True,True,True,0.198204,False,False,37.649
1773,88.65,0,alert,alert,0.894925,0.894925,0.000614,0.0,0.001214,0.103246,0.050815,0.944286,0.0,0.156513,0.129557,0.14615,0.0,0.0,0.0,True,True,True,0.547935,False,False,37.428
1774,88.7,0,alert,alert,0.91043,0.91043,0.000541,0.0,0.001185,0.087844,0.049601,0.944559,0.0,0.156524,0.129567,0.146159,0.0,0.0,0.0,True,True,True,0.578148,False,False,37.439
1775,88.75,0,alert,alert,0.923552,0.923552,0.000468,0.0,0.001144,0.074837,0.047163,0.94611,0.0,0.156513,0.129565,0.146164,0.0,0.0,0.0,True,True,True,0.0,False,False,46.606
1776,88.8,0,alert,alert,0.908914,0.908914,0.000481,0.0,0.001129,0.089476,0.053547,0.945642,0.0,0.156504,0.129572,0.146086,0.0,0.0,0.0,True,True,True,0.0,False,False,37.52
1777,88.85,0,alert,alert,0.888778,0.888778,0.000534,0.0,0.00113,0.109557,0.074118,0.938482,0.0,0.156608,0.129479,0.146112,0.0,0.0,0.0,True,True,True,0.0,False,False,37.372
1778,88.9,0,alert,alert,0.901291,0.901291,0.000632,0.0,0.001159,0.096918,0.44761,0.857893,0.0,0.158481,0.128962,0.146517,0.0,0.0,0.0,True,True,True,0.0,False,False,37.622
1779,88.95,0,alert,alert,0.90402,0.90402,0.000885,0.0,0.001279,0.093816,0.506741,0.859144,0.0,0.160646,0.128987,0.14688,0.0,0.0,0.0,True,True,True,0.0,False,False,37.595
1780,89.0,0,alert,alert,0.901339,0.901339,0.001543,0.0,0.001565,0.095554,0.593878,0.851344,0.0,0.163218,0.129311,0.147309,0.0,0.0,0.0,True,True,True,0.0,False,False,46.192
1781,89.05,0,alert,alert,0.859527,0.859527,0.004175,0.0,0.002355,0.133942,0.689023,0.849559,0.0,0.166208,0.130073,0.147722,0.0,0.0,0.0,True,True,True,0.0,False,False,37.295
1782,89.1,0,alert,alert,0.783184,0.783184,0.016263,0.0,0.004302,0.196251,0.766522,0.827206,0.0,0.169462,0.131013,0.148266,0.0,0.0,0.0,True,True,True,0.0,False,False,37.45
1783,89.15,0,alert,alert,0.619458,0.619458,0.075224,0.0,0.008224,0.297094,0.806294,0.801249,0.0,0.172812,0.132214,0.148673,0.0,0.0,0.0,True,True,True,0.0,False,False,37.327
1784,89.2,0,alert,alert,0.387573,0.387573,0.32952,0.0,0.014489,0.268419,0.813266,0.787846,0.0,0.176158,0.133326,0.148893,0.0,0.0,0.0,True,True,True,0.0,False,False,37.367
1785,89.25,1,drowsy,drowsy,0.656802,0.166146,0.656802,0.0,0.014374,0.162679,0.718013,0.830468,0.0,0.179226,0.134349,0.149013,0.0,0.0,0.0,True,True,True,0.0,False,False,46.858
1786,89.3,1,drowsy,drowsy,0.786913,0.091297,0.786913,0.0,0.011943,0.109847,0.553822,0.878199,0.0,0.181656,0.135155,0.149332,0.0,0.0,0.0,True,True,True,0.0,False,False,37.93
1787,89.35,1,drowsy,drowsy,0.791036,0.082974,0.791036,0.0,0.011016,0.114974,0.418866,0.911908,0.0,0.183459,0.135618,0.149185,0.0,0.0,0.0,True,True,True,0.0,False,False,37.31
1788,89.4,1,drowsy,drowsy,0.661194,0.150576,0.661194,0.0,0.014199,0.174032,0.237473,0.934235,0.0,0.184342,0.1361,0.148494,0.0,0.0,0.0,True,True,True,0.098755,False,False,37.077
1789,89.45,1,drowsy,drowsy,0.370872,0.365194,0.370872,0.0,0.019378,0.244556,0.094975,0.947154,0.0,0.184424,0.136181,0.148104,0.0,0.0,0.0,True,True,True,0.098755,False,False,37.595
1790,89.5,0,alert,alert,0.70923,0.70923,0.092195,0.0,0.017732,0.180843,0.052509,0.950764,0.0,0.184239,0.136151,0.147755,0.0,0.0,0.0,True,True,True,0.052464,False,False,46.227
1791,89.55,0,alert,alert,0.890194,0.890194,0.014596,0.0,0.009532,0.085677,0.044944,0.95033,0.0,0.183708,0.136093,0.147667,0.0,0.0,0.0,True,True,True,0.1106,False,False,37.344
1792,89.6,0,alert,alert,0.935865,0.935865,0.004829,0.0,0.005842,0.053464,0.116451,0.931072,0.0,0.183733,0.13606,0.147464,0.0,0.0,0.0,True,True,True,0.1106,False,False,37.642
1793,89.65,0,alert,alert,0.941226,0.941226,0.004395,0.0,0.005078,0.049302,0.446288,0.846235,0.0,0.185331,0.136816,0.147687,0.0,0.0,0.0,True,True,True,0.128281,False,False,37.533
1794,89.7,0,alert,alert,0.947428,0.947428,0.004273,0.0,0.004909,0.04339,0.476521,0.847916,0.0,0.187204,0.137491,0.148021,0.0,0.0,0.0,True,True,True,0.128281,False,False,37.245
1795,89.75,0,alert,alert,0.941732,0.941732,0.004247,0.0,0.004573,0.049447,0.39825,0.890186,0.0,0.188592,0.138067,0.148021,0.0,0.0,0.0,True,True,True,0.103104,False,False,46.615
1796,89.8,0,alert,alert,0.947812,0.947812,0.002861,0.0,0.003658,0.045669,0.274951,0.921538,0.0,0.187742,0.138459,0.148126,0.0,0.0,0.0,True,True,True,0.050003,False,False,37.686
1797,89.85,0,alert,alert,0.953376,0.953376,0.001955,0.0,0.002854,0.041814,0.13446,0.941371,0.0,0.185932,0.138452,0.147839,0.0,0.0,0.0,True,True,True,0.13715,False,False,37.401
1798,89.9,0,alert,alert,0.952133,0.952133,0.001524,0.0,0.002337,0.044006,0.087745,0.942638,0.0,0.183811,0.138702,0.147279,0.0,0.0,0.0,True,True,True,0.0,False,False,37.705
1799,89.95,0,alert,alert,0.950392,0.950392,0.001235,0.0,0.001947,0.046427,0.067933,0.943514,0.0,0.182022,0.138749,0.147104,0.0,0.0,0.0,True,True,True,0.0,False,False,37.559
