frame_id,timestamp,state_id,state,predicted_driver_state,confidence,p_alert,p_drowsy,p_microsleep,p_yawning,p_distraction,closed_probability,ocular_reliability,closure_duration_seconds,perclos_10s,perclos_30s,perclos_60s,slow_perclos_10s,slow_perclos_30s,slow_perclos_60s,perclos_10s_reliable,perclos_30s_reliable,perclos_60s_reliable,nod_probability,microsleep_active,drowsy_episode_active,latency_ms
0,0.0,0,alert,alert,0.378698,0.378698,0.126906,0.0,0.29034,0.204056,0.24957,0.761344,0.0,0.24957,0.24957,0.24957,0.0,0.0,0.0,False,False,False,0.0,False,False,47.05
1,0.05,0,alert,alert,0.593813,0.593813,0.035647,0.0,0.250614,0.119927,0.108205,0.895454,0.0,0.173166,0.173166,0.173166,0.0,0.0,0.0,False,False,False,0.0,False,False,37.969
2,0.1,0,alert,alert,0.797416,0.797416,0.008058,0.0,0.134943,0.059583,0.060292,0.936267,0.0,0.132411,0.132411,0.132411,0.0,0.0,0.0,False,False,False,0.0,False,False,37.57
3,0.15,0,alert,alert,0.893892,0.893892,0.002338,0.0,0.069874,0.033896,0.064515,0.942221,0.0,0.114315,0.114315,0.114315,0.0,0.0,0.0,False,False,False,0.0,False,False,37.192
4,0.2,0,alert,alert,0.945948,0.945948,0.000909,0.0,0.028004,0.025138,0.063308,0.945923,0.0,0.103549,0.103549,0.103549,0.0,0.0,0.0,False,False,False,0.0,False,False,37.155
5,0.25,0,alert,alert,0.962223,0.962223,0.000529,0.0,0.015447,0.021801,0.308952,0.907279,0.0,0.138133,0.138133,0.138133,0.0,0.0,0.0,False,False,False,0.0,False,False,45.862
6,0.3,0,alert,alert,0.965297,0.965297,0.000479,0.0,0.009279,0.024946,0.499668,0.83201,0.0,0.18649,0.18649,0.18649,0.0,0.0,0.0,False,False,False,0.0,False,False,37.66
7,0.35,0,alert,alert,0.975533,0.975533,0.000468,0.0,0.005783,0.018216,0.500803,0.852082,0.0,0.224357,0.224357,0.224357,0.0,0.0,0.0,False,False,False,0.0,False,False,37.351
8,0.4,0,alert,alert,0.981952,0.981952,0.000389,0.0,0.004077,0.013581,0.423041,0.900488,0.0,0.246797,0.246797,0.246797,0.0,0.0,0.0,False,False,False,0.0,False,False,37.186
9,0.45,0,alert,alert,0.985537,0.985537,0.000322,0.0,0.002973,0.011167,0.257715,0.929369,0.0,0.247936,0.247936,0.247936,0.0,0.0,0.0,False,False,False,0.0,False,False,37.048
10,0.5,0,alert,alert,0.986603,0.986603,0.000282,0.0,0.002245,0.010869,0.096939,0.947425,0.0,0.233412,0.233412,0.233412,0.0,0.0,0.0,False,False,False,0.0,False,False,46.291
11,0.55,0,alert,alert,0.987099,0.987099,0.000242,0.0,0.001823,0.010836,0.04661,0.953874,0.0,0.216919,0.216919,0.216919,0.0,0.0,0.0,False,False,False,0.0,False,False,37.303
12,0.6,0,alert,alert,0.987027,0.987027,0.000228,0.0,0.001618,0.011127,0.040371,0.954236,0.0,0.202591,0.202591,0.202591,0.0,0.0,0.0,False,False,False,0.0,False,False,37.322
13,0.65,0,alert,alert,0.986735,0.986735,0.000209,0.0,0.00151,0.011546,0.037961,0.953869,0.0,0.190238,0.190238,0.190238,0.0,0.0,0.0,False,False,False,0.0,False,False,37.055
14,0.7,0,alert,alert,0.985057,0.985057,0.000205,0.0,0.001299,0.013439,0.036571,0.952912,0.0,0.179522,0.179522,0.179522,0.0,0.0,0.0,False,False,False,0.0,False,False,37.319
15,0.75,0,alert,alert,0.9845,0.9845,0.000196,0.0,0.001146,0.014158,0.037492,0.952437,0.0,0.170267,0.170267,0.170267,0.0,0.0,0.0,False,False,False,0.0,False,False,46.32
16,0.8,0,alert,alert,0.984379,0.984379,0.000183,0.0,0.001073,0.014365,0.040276,0.950938,0.0,0.162327,0.162327,0.162327,0.0,0.0,0.0,False,False,False,0.0,False,False,37.692
17,0.85,0,alert,alert,0.984405,0.984405,0.000172,0.0,0.00109,0.014333,0.043016,0.949665,0.0,0.155468,0.155468,0.155468,0.0,0.0,0.0,False,False,False,0.0,False,False,37.807
18,0.9,0,alert,alert,0.983544,0.983544,0.000171,0.0,0.001126,0.015159,0.0444,0.949744,0.0,0.149429,0.149429,0.149429,0.0,0.0,0.0,False,False,False,0.0,False,False,37.711
19,0.95,0,alert,alert,0.982605,0.982605,0.000179,0.0,0.001067,0.016148,0.046461,0.948395,0.0,0.144126,0.144126,0.144126,0.0,0.0,0.0,False,False,False,0.0,False,False,37.624
20,1.0,0,alert,alert,0.980438,0.980438,0.000193,0.0,0.001021,0.018349,0.044636,0.948906,0.0,0.139251,0.139251,0.139251,0.0,0.0,0.0,False,False,False,0.0,False,False,46.265
21,1.05,0,alert,alert,0.980344,0.980344,0.000196,0.0,0.000973,0.018487,0.057141,0.94604,0.0,0.135426,0.135426,0.135426,0.0,0.0,0.0,False,False,False,0.0,False,False,37.374
22,1.1,0,alert,alert,0.977146,0.977146,0.000209,0.0,0.000946,0.021699,0.050613,0.94622,0.0,0.131651,0.131651,0.131651,0.0,0.0,0.0,False,False,False,0.0,False,False,37.18
23,1.15,0,alert,alert,0.97674,0.97674,0.00021,0.0,0.000916,0.022135,0.049041,0.946169,0.0,0.128131,0.128131,0.128131,0.0,0.0,0.0,False,False,False,0.0,False,False,37.184
24,1.2,0,alert,alert,0.977091,0.977091,0.00021,0.0,0.000879,0.02182,0.050402,0.946317,0.0,0.124953,0.124953,0.124953,0.0,0.0,0.0,False,False,False,0.0,False,False,37.188
25,1.25,0,alert,alert,0.979004,0.979004,0.000211,0.0,0.000884,0.019901,0.049553,0.947316,0.0,0.121989,0.121989,0.121989,0.0,0.0,0.0,False,False,False,0.0,False,False,46.73
26,1.3,0,alert,alert,0.977736,0.977736,0.000225,0.0,0.000925,0.021114,0.051929,0.948052,0.0,0.119337,0.119337,0.119337,0.0,0.0,0.0,False,False,False,0.0,False,False,37.086
27,1.35,0,alert,alert,0.978067,0.978067,0.000234,0.0,0.000982,0.020717,0.049468,0.949129,0.0,0.116786,0.116786,0.116786,0.0,0.0,0.0,False,False,False,0.0,False,False,37.505
28,1.4,0,alert,alert,0.978232,0.978232,0.000237,0.0,0.000978,0.020553,0.053258,0.946236,0.0,0.114555,0.114555,0.114555,0.0,0.0,0.0,False,False,False,0.0,False,False,37.254
29,1.45,0,alert,alert,0.9754,0.9754,0.000245,0.0,0.000977,0.023379,0.056143,0.945385,0.0,0.112574,0.112574,0.112574,0.0,0.0,0.0,False,False,False,0.0,False,False,37.433
30,1.5,0,alert,alert,0.974461,0.974461,0.00024,0.0,0.000948,0.024351,0.06253,0.94414,0.0,0.110935,0.110935,0.110935,0.0,0.0,0.0,False,False,False,0.0,False,False,46.15
31,1.55,0,alert,alert,0.96803,0.96803,0.000257,0.0,0.000932,0.030781,0.05985,0.945332,0.0,0.109313,0.109313,0.109313,0.0,0.0,0.0,False,False,False,0.0,False,False,37.209
32,1.6,0,alert,alert,0.968335,0.968335,0.000258,0.0,0.000912,0.030494,0.060035,0.943863,0.0,0.107799,0.107799,0.107799,0.0,0.0,0.0,False,False,False,0.0,False,False,37.427
33,1.65,0,alert,alert,0.970305,0.970305,0.000246,0.0,0.000877,0.028572,0.079322,0.938251,0.0,0.106955,0.106955,0.106955,0.0,0.0,0.0,False,False,False,0.0,False,False,37.561
34,1.7,0,alert,alert,0.971411,0.971411,0.000252,0.0,0.000875,0.027462,0.067776,0.943644,0.0,0.105821,0.105821,0.105821,0.0,0.0,0.0,False,False,False,0.0,False,False,37.258
35,1.75,0,alert,alert,0.962676,0.962676,0.000279,0.0,0.000893,0.036153,0.058504,0.946931,0.0,0.104486,0.104486,0.104486,0.0,0.0,0.0,False,False,False,0.0,False,False,45.992
36,1.8,0,alert,alert,0.9496,0.9496,0.000314,0.0,0.000865,0.049221,0.05426,0.946885,0.0,0.103107,0.103107,0.103107,0.0,0.0,0.0,False,False,False,0.0,False,False,37.387
37,1.85,0,alert,alert,0.959526,0.959526,0.000266,0.0,0.000838,0.03937,0.044229,0.949665,0.0,0.101529,0.101529,0.101529,0.0,0.0,0.0,False,False,False,0.0,False,False,37.539
38,1.9,0,alert,alert,0.948937,0.948937,0.000313,0.0,0.000907,0.049843,0.392633,0.891846,0.0,0.108674,0.108674,0.108674,0.0,0.0,0.0,False,False,False,0.0,False,False,37.256
39,1.95,0,alert,alert,0.928623,0.928623,0.00051,0.0,0.001071,0.069796,0.502967,0.833011,0.0,0.117511,0.117511,0.117511,0.0,0.0,0.0,False,False,False,0.0,False,False,37.269
40,2.0,0,alert,alert,0.908612,0.908612,0.001027,0.0,0.001384,0.088977,0.535496,0.810453,0.0,0.12643,0.12643,0.12643,0.0,0.0,0.0,False,False,False,0.0,False,False,46.04
41,2.05,0,alert,alert,0.863089,0.863089,0.002426,0.0,0.001963,0.132522,0.540886,0.827413,0.0,0.135267,0.135267,0.135267,0.0,0.0,0.0,False,False,False,1.0,False,False,37.454
42,2.1,0,alert,alert,0.802456,0.802456,0.006135,0.0,0.002774,0.188635,0.545744,0.858062,0.0,0.144147,0.144147,0.144147,0.0,0.0,0.0,False,False,False,1.0,False,False,37.29
43,2.15,0,alert,alert,0.794662,0.794662,0.012637,0.0,0.003851,0.18885,0.577931,0.858575,0.0,0.153337,0.153337,0.153337,0.0,0.0,0.0,False,False,False,1.0,False,False,37.461
44,2.2,0,alert,alert,0.811735,0.811735,0.019606,0.0,0.005186,0.163474,0.53403,0.884424,0.0,0.161468,0.161468,0.161468,0.0,0.0,0.0,False,False,False,1.0,False,False,37.487
45,2.25,0,alert,alert,0.878986,0.878986,0.015065,0.0,0.006483,0.099465,0.473248,0.909213,0.0,0.168167,0.168167,0.168167,0.0,0.0,0.0,False,False,False,1.0,False,False,46.127
46,2.3,0,alert,alert,0.931199,0.931199,0.008772,0.0,0.00718,0.052848,0.40244,0.920748,0.0,0.173156,0.173156,0.173156,0.0,0.0,0.0,False,False,False,0.0,False,False,37.647
47,2.35,0,alert,alert,0.959843,0.959843,0.004022,0.0,0.007642,0.028492,0.28065,0.933628,0.0,0.175428,0.175428,0.175428,0.0,0.0,0.0,False,False,False,0.0,False,False,37.311
48,2.4,0,alert,alert,0.969434,0.969434,0.002334,0.0,0.008121,0.020111,0.155583,0.944619,0.0,0.175013,0.175013,0.175013,0.0,0.0,0.0,False,False,False,0.0,False,False,37.475
49,2.45,0,alert,alert,0.972797,0.972797,0.001437,0.0,0.009281,0.016484,0.071005,0.952616,0.0,0.172862,0.172862,0.172862,0.0,0.0,0.0,False,False,False,0.0,False,False,37.492
50,2.5,0,alert,alert,0.974156,0.974156,0.000919,0.0,0.010211,0.014714,0.046194,0.954823,0.0,0.17029,0.17029,0.17029,0.0,0.0,0.0,False,False,False,0.0,False,False,46.261
51,2.55,0,alert,alert,0.972969,0.972969,0.000692,0.0,0.012514,0.013825,0.047509,0.952255,0.0,0.167853,0.167853,0.167853,0.0,0.0,0.0,False,False,False,0.0,False,False,37.559
52,2.6,0,alert,alert,0.972709,0.972709,0.000565,0.0,0.012622,0.014104,0.051923,0.95019,0.0,0.165601,0.165601,0.165601,0.0,0.0,0.0,False,False,False,0.0,False,False,37.488
53,2.65,0,alert,alert,0.975776,0.975776,0.000448,0.0,0.009817,0.013959,0.053081,0.949555,0.0,0.163459,0.163459,0.163459,0.0,0.0,0.0,False,False,False,0.0,False,False,38.081
54,2.7,0,alert,alert,0.976983,0.976983,0.000364,0.0,0.007978,0.014674,0.053633,0.948192,0.0,0.16141,0.16141,0.16141,0.0,0.0,0.0,False,False,False,0.0,False,False,37.656
55,2.75,0,alert,alert,0.980454,0.980454,0.0003,0.0,0.006722,0.012525,0.054045,0.947942,0.0,0.159444,0.159444,0.159444,0.0,0.0,0.0,False,False,False,0.0,False,False,46.507
56,2.8,0,alert,alert,0.981867,0.981867,0.000272,0.0,0.006176,0.011685,0.058302,0.94729,0.0,0.157627,0.157627,0.157627,0.0,0.0,0.0,False,False,False,0.0,False,False,37.678
57,2.85,0,alert,alert,0.983135,0.983135,0.000245,0.0,0.00531,0.01131,0.054806,0.947006,0.0,0.155813,0.155813,0.155813,0.0,0.0,0.0,False,False,False,0.0,False,False,37.415
58,2.9,0,alert,alert,0.983601,0.983601,0.000222,0.0,0.004688,0.011489,0.101089,0.938754,0.0,0.154872,0.154872,0.154872,0.0,0.0,0.0,False,False,False,0.0,False,False,37.442
59,2.95,0,alert,alert,0.982274,0.982274,0.000222,0.0,0.004561,0.012943,0.419372,0.88464,0.0,0.159089,0.159089,0.159089,0.0,0.0,0.0,False,False,False,0.0,False,False,37.335
60,3.0,0,alert,alert,0.982613,0.982613,0.000237,0.0,0.003319,0.013832,0.506475,0.834227,0.0,0.164234,0.164234,0.164234,0.0,0.0,0.0,False,False,False,0.0,False,False,46.871
61,3.05,0,alert,alert,0.985654,0.985654,0.000243,0.0,0.0026,0.011503,0.473014,0.884385,0.0,0.169007,0.169007,0.169007,0.0,0.0,0.0,False,False,False,0.0,False,False,37.506
62,3.1,0,alert,alert,0.985731,0.985731,0.000248,0.0,0.002159,0.011862,0.380489,0.912156,0.0,0.172326,0.172326,0.172326,0.0,0.0,0.0,False,False,False,0.0,False,False,37.846
63,3.15,0,alert,alert,0.984044,0.984044,0.000245,0.0,0.002259,0.013452,0.179952,0.937599,0.0,0.172447,0.172447,0.172447,0.0,0.0,0.0,False,False,False,0.0,False,False,37.718
64,3.2,0,alert,alert,0.982599,0.982599,0.000232,0.0,0.002521,0.014648,0.074138,0.95022,0.0,0.170891,0.170891,0.170891,0.0,0.0,0.0,False,False,False,0.0,False,False,37.499
65,3.25,0,alert,alert,0.982333,0.982333,0.000217,0.0,0.002313,0.015137,0.047276,0.953826,0.0,0.168957,0.168957,0.168957,0.0,0.0,0.0,False,False,False,0.0,False,False,46.217
66,3.3,0,alert,alert,0.981435,0.981435,0.000213,0.0,0.002072,0.01628,0.048012,0.952338,0.0,0.167096,0.167096,0.167096,0.0,0.0,0.0,False,False,False,0.0,False,False,37.53
67,3.35,0,alert,alert,0.979447,0.979447,0.00021,0.0,0.002007,0.018336,0.045806,0.951936,0.0,0.16526,0.16526,0.16526,0.0,0.0,0.0,False,False,False,0.0,False,False,37.363
68,3.4,0,alert,alert,0.978014,0.978014,0.000199,0.0,0.002038,0.01975,0.047025,0.951477,0.0,0.163497,0.163497,0.163497,0.0,0.0,0.0,False,False,False,0.0,False,False,37.47
69,3.45,0,alert,alert,0.978241,0.978241,0.000193,0.0,0.001786,0.01978,0.053792,0.949641,0.0,0.161888,0.161888,0.161888,0.0,0.0,0.0,False,False,False,0.0,False,False,37.4
70,3.5,0,alert,alert,0.980006,0.980006,0.000189,0.0,0.001564,0.018241,0.059031,0.94845,0.0,0.160404,0.160404,0.160404,0.0,0.0,0.0,False,False,False,0.0,False,False,46.184
71,3.55,0,alert,alert,0.978731,0.978731,0.00021,0.0,0.001658,0.0194,0.087096,0.944013,0.0,0.159366,0.159366,0.159366,0.0,0.0,0.0,False,False,False,0.0,False,False,37.412
72,3.6,0,alert,alert,0.975804,0.975804,0.000256,0.0,0.001908,0.022031,0.19305,0.92984,0.0,0.159829,0.159829,0.159829,0.0,0.0,0.0,False,False,False,0.0,False,False,37.469
73,3.65,0,alert,alert,0.965361,0.965361,0.000357,0.0,0.002011,0.032271,0.466806,0.866711,0.0,0.163716,0.163716,0.163716,0.0,0.0,0.0,False,False,False,0.0,False,False,37.465
74,3.7,0,alert,alert,0.963059,0.963059,0.000515,0.0,0.00216,0.034265,0.523324,0.815033,0.0,0.167947,0.167947,0.167947,0.0,0.0,0.0,False,False,False,0.0,False,False,37.33
75,3.75,0,alert,alert,0.972717,0.972717,0.00049,0.0,0.002275,0.024518,0.510453,0.851559,0.0,0.172106,0.172106,0.172106,0.0,0.0,0.0,False,False,False,0.326263,False,False,46.232
76,3.8,0,alert,alert,0.977015,0.977015,0.000442,0.0,0.002387,0.020156,0.520375,0.850689,0.0,0.17628,0.17628,0.17628,0.0,0.0,0.0,False,False,False,0.361282,False,False,37.574
77,3.85,0,alert,alert,0.979607,0.979607,0.000399,0.0,0.002462,0.017532,0.477911,0.891223,0.0,0.180021,0.180021,0.180021,0.0,0.0,0.0,False,False,False,0.361282,False,False,37.604
78,3.9,0,alert,alert,0.980679,0.980679,0.000367,0.0,0.002612,0.016342,0.444283,0.901131,0.0,0.183294,0.183294,0.183294,0.0,0.0,0.0,False,False,False,0.112382,False,False,37.632
79,3.95,0,alert,alert,0.981913,0.981913,0.000309,0.0,0.002981,0.014796,0.361834,0.915694,0.0,0.185512,0.185512,0.185512,0.0,0.0,0.0,False,False,False,0.178758,False,False,37.498
80,4.0,0,alert,alert,0.983715,0.983715,0.000257,0.0,0.002891,0.013138,0.298711,0.918705,0.0,0.186906,0.186906,0.186906,0.0,0.0,0.0,False,False,False,0.178758,False,False,46.366
81,4.05,0,alert,alert,0.984961,0.984961,0.000226,0.0,0.002904,0.011909,0.164383,0.936486,0.0,0.186627,0.186627,0.186627,0.0,0.0,0.0,False,False,False,0.223161,False,False,37.457
82,4.1,0,alert,alert,0.98574,0.98574,0.000206,0.0,0.002587,0.011468,0.105636,0.942272,0.0,0.185629,0.185629,0.185629,0.0,0.0,0.0,False,False,False,0.0,False,False,37.355
83,4.15,0,alert,alert,0.987076,0.987076,0.000193,0.0,0.00222,0.010511,0.180556,0.931855,0.0,0.185568,0.185568,0.185568,0.0,0.0,0.0,False,False,False,0.544511,False,False,37.395
84,4.2,0,alert,alert,0.988001,0.988001,0.000186,0.0,0.002117,0.009696,0.163703,0.938243,0.0,0.185306,0.185306,0.185306,0.0,0.0,0.0,False,False,False,0.57747,False,False,37.592
85,4.25,0,alert,alert,0.987751,0.987751,0.000195,0.0,0.001991,0.010063,0.159842,0.942643,0.0,0.185004,0.185004,0.185004,0.0,0.0,0.0,False,False,False,0.639726,False,False,46.297
86,4.3,0,alert,alert,0.98651,0.98651,0.000216,0.0,0.00178,0.011494,0.475244,0.861995,0.0,0.188125,0.188125,0.188125,0.0,0.0,0.0,False,False,False,0.598527,False,False,38.971
87,4.35,0,alert,alert,0.984222,0.984222,0.000232,0.0,0.001974,0.013572,0.491312,0.864864,0.0,0.191362,0.191362,0.191362,0.0,0.0,0.0,False,False,False,0.0,False,False,38.477
88,4.4,0,alert,alert,0.98456,0.98456,0.00021,0.0,0.001611,0.013618,0.398572,0.910977,0.0,0.193665,0.193665,0.193665,0.0,0.0,0.0,False,False,False,0.312882,False,False,37.207
89,4.45,0,alert,alert,0.984077,0.984077,0.000191,0.0,0.001326,0.014406,0.208398,0.936678,0.0,0.193832,0.193832,0.193832,0.0,0.0,0.0,False,False,False,0.182877,False,False,37.536
90,4.5,0,alert,alert,0.9841,0.9841,0.000177,0.0,0.001165,0.014558,0.084456,0.949969,0.0,0.192592,0.192592,0.192592,0.0,0.0,0.0,False,False,False,0.0,False,False,46.314
91,4.55,0,alert,alert,0.983251,0.983251,0.000168,0.0,0.001081,0.0155,0.048695,0.954384,0.0,0.190972,0.190972,0.190972,0.0,0.0,0.0,False,False,False,0.299533,False,False,37.33
92,4.6,0,alert,alert,0.982207,0.982207,0.000164,0.0,0.001052,0.016577,0.041358,0.954598,0.0,0.189306,0.189306,0.189306,0.0,0.0,0.0,False,False,False,0.299533,False,False,37.583
93,4.65,0,alert,alert,0.982052,0.982052,0.00016,0.0,0.001007,0.016781,0.040536,0.952488,0.0,0.187671,0.187671,0.187671,0.0,0.0,0.0,False,False,False,0.210269,False,False,37.551
94,4.7,0,alert,alert,0.982365,0.982365,0.000159,0.0,0.00097,0.016506,0.03869,0.952344,0.0,0.186052,0.186052,0.186052,0.0,0.0,0.0,False,False,False,0.0,False,False,38.621
95,4.75,0,alert,alert,0.982523,0.982523,0.000157,0.0,0.000905,0.016415,0.038539,0.952385,0.0,0.184466,0.184466,0.184466,0.0,0.0,0.0,False,False,False,0.0,False,False,47.468
96,4.8,0,alert,alert,0.983056,0.983056,0.000154,0.0,0.000939,0.015851,0.040497,0.951569,0.0,0.182936,0.182936,0.182936,0.0,0.0,0.0,False,False,False,0.0,False,False,37.302
97,4.85,0,alert,alert,0.982305,0.982305,0.000155,0.0,0.000928,0.016611,0.039243,0.95172,0.0,0.181425,0.181425,0.181425,0.0,0.0,0.0,False,False,False,0.0,False,False,37.556
98,4.9,0,alert,alert,0.981508,0.981508,0.000159,0.0,0.000896,0.017437,0.037394,0.951452,0.0,0.179926,0.179926,0.179926,0.0,0.0,0.0,False,False,False,0.0,False,False,37.423
99,4.95,0,alert,alert,0.98039,0.98039,0.000164,0.0,0.000934,0.018512,0.03684,0.951649,0.0,0.178452,0.178452,0.178452,0.0,0.0,0.0,False,False,False,0.455369,False,False,38.818
100,5.0,0,alert,alert,0.977618,0.977618,0.000171,0.0,0.000923,0.021288,0.037921,0.951337,0.0,0.17702,0.17702,0.17702,0.0,0.0,0.0,False,False,False,0.526878,False,False,47.188
101,5.05,0,alert,alert,0.977795,0.977795,0.000166,0.0,0.000886,0.021153,0.036671,0.952357,0.0,0.175603,0.175603,0.175603,0.0,0.0,0.0,False,False,False,0.0,False,False,37.635
102,5.1,0,alert,alert,0.978095,0.978095,0.000161,0.0,0.000882,0.020862,0.035997,0.952551,0.0,0.174206,0.174206,0.174206,0.0,0.0,0.0,False,False,False,0.0,False,False,38.858
103,5.15,0,alert,alert,0.976713,0.976713,0.000165,0.0,0.000861,0.022261,0.03597,0.952674,0.0,0.172837,0.172837,0.172837,0.0,0.0,0.0,False,False,False,0.0,False,False,37.5
104,5.2,0,alert,alert,0.976445,0.976445,0.000167,0.0,0.000832,0.022556,0.036047,0.952565,0.0,0.171496,0.171496,0.171496,0.0,0.0,0.0,False,False,False,0.0,False,False,37.645
105,5.25,0,alert,alert,0.977857,0.977857,0.000166,0.0,0.000815,0.021162,0.036062,0.952278,0.0,0.170181,0.170181,0.170181,0.0,0.0,0.0,False,False,False,0.0,False,False,46.468
106,5.3,0,alert,alert,0.978806,0.978806,0.000167,0.0,0.000838,0.020189,0.036053,0.952419,0.0,0.168892,0.168892,0.168892,0.0,0.0,0.0,False,False,False,0.0,False,False,38.11
107,5.35,0,alert,alert,0.978188,0.978188,0.000172,0.0,0.000889,0.02075,0.03617,0.951957,0.0,0.167628,0.167628,0.167628,0.0,0.0,0.0,False,False,False,0.0,False,False,37.663
108,5.4,0,alert,alert,0.97826,0.97826,0.000173,0.0,0.000889,0.020678,0.035908,0.952884,0.0,0.166385,0.166385,0.166385,0.0,0.0,0.0,False,False,False,0.0,False,False,37.89
109,5.45,0,alert,alert,0.978053,0.978053,0.000172,0.0,0.000895,0.02088,0.037399,0.95285,0.0,0.165179,0.165179,0.165179,0.0,0.0,0.0,False,False,False,0.0,False,False,37.847
110,5.5,0,alert,alert,0.97719,0.97719,0.00018,0.0,0.000896,0.021733,0.037808,0.953055,0.0,0.163999,0.163999,0.163999,0.0,0.0,0.0,False,False,False,0.0,False,False,46.348
111,5.55,0,alert,alert,0.978092,0.978092,0.000184,0.0,0.000927,0.020797,0.038501,0.952433,0.0,0.162848,0.162848,0.162848,0.0,0.0,0.0,False,False,False,0.0,False,False,37.396
112,5.6,0,alert,alert,0.979381,0.979381,0.000185,0.0,0.000947,0.019487,0.040412,0.951867,0.0,0.161735,0.161735,0.161735,0.0,0.0,0.0,False,False,False,0.0,False,False,37.937
113,5.65,0,alert,alert,0.981046,0.981046,0.000184,0.0,0.001013,0.017758,0.042349,0.951864,0.0,0.160661,0.160661,0.160661,0.0,0.0,0.0,False,False,False,0.0,False,False,37.508
114,5.7,0,alert,alert,0.981641,0.981641,0.000185,0.0,0.000993,0.01718,0.040793,0.951887,0.0,0.159591,0.159591,0.159591,0.0,0.0,0.0,False,False,False,0.0,False,False,37.943
115,5.75,0,alert,alert,0.982225,0.982225,0.000187,0.0,0.00103,0.016558,0.040383,0.952434,0.0,0.158536,0.158536,0.158536,0.0,0.0,0.0,False,False,False,0.0,False,False,46.451
116,5.8,0,alert,alert,0.981954,0.981954,0.000189,0.0,0.001036,0.01682,0.042696,0.95184,0.0,0.157521,0.157521,0.157521,0.0,0.0,0.0,False,False,False,0.0,False,False,37.574
117,5.85,0,alert,alert,0.981962,0.981962,0.000183,0.0,0.001026,0.01683,0.042795,0.951597,0.0,0.156524,0.156524,0.156524,0.0,0.0,0.0,False,False,False,0.0,False,False,37.274
118,5.9,0,alert,alert,0.982614,0.982614,0.000179,0.0,0.000993,0.016215,0.04018,0.952247,0.0,0.155521,0.155521,0.155521,0.0,0.0,0.0,False,False,False,0.0,False,False,37.045
119,5.95,0,alert,alert,0.98374,0.98374,0.000176,0.0,0.001044,0.01504,0.040053,0.952739,0.0,0.154534,0.154534,0.154534,0.0,0.0,0.0,False,False,False,0.0,False,False,37.484
120,6.0,0,alert,alert,0.983348,0.983348,0.000178,0.0,0.001083,0.015391,0.039673,0.952661,0.0,0.15356,0.15356,0.15356,0.0,0.0,0.0,False,False,False,0.0,False,False,46.377
121,6.05,0,alert,alert,0.982,0.982,0.000181,0.0,0.001078,0.016741,0.040872,0.952609,0.0,0.152613,0.152613,0.152613,0.0,0.0,0.0,False,False,False,0.531936,False,False,37.449
122,6.1,0,alert,alert,0.981714,0.981714,0.000184,0.0,0.001024,0.017079,0.041665,0.952201,0.0,0.151689,0.151689,0.151689,0.0,0.0,0.0,False,False,False,0.477087,False,False,37.67
123,6.15,0,alert,alert,0.981564,0.981564,0.000187,0.0,0.001033,0.017216,0.039834,0.952339,0.0,0.150764,0.150764,0.150764,0.0,0.0,0.0,False,False,False,0.37038,False,False,37.512
124,6.2,0,alert,alert,0.981319,0.981319,0.000198,0.0,0.001062,0.017422,0.114966,0.937695,0.0,0.150475,0.150475,0.150475,0.0,0.0,0.0,False,False,False,0.301956,False,False,37.274
125,6.25,0,alert,alert,0.978277,0.978277,0.000264,0.0,0.001153,0.020306,0.465036,0.85869,0.0,0.152783,0.152783,0.152783,0.0,0.0,0.0,False,False,False,0.0,False,False,46.408
126,6.3,0,alert,alert,0.975051,0.975051,0.000432,0.0,0.001364,0.023153,0.526803,0.815166,0.0,0.15537,0.15537,0.15537,0.0,0.0,0.0,False,False,False,0.0,False,False,38.765
127,6.35,0,alert,alert,0.982639,0.982639,0.000365,0.0,0.001516,0.01548,0.461355,0.888666,0.0,0.15766,0.15766,0.15766,0.0,0.0,0.0,False,False,False,0.0,False,False,38.594
128,6.4,0,alert,alert,0.985463,0.985463,0.000303,0.0,0.001855,0.012379,0.327068,0.921612,0.0,0.158965,0.158965,0.158965,0.0,0.0,0.0,False,False,False,0.0,False,False,38.796
129,6.45,0,alert,alert,0.986527,0.986527,0.000261,0.0,0.002025,0.011187,0.146968,0.94298,0.0,0.158871,0.158871,0.158871,0.0,0.0,0.0,False,False,False,0.0,False,False,38.66
130,6.5,0,alert,alert,0.986131,0.986131,0.00024,0.0,0.002224,0.011405,0.067859,0.951592,0.0,0.158159,0.158159,0.158159,0.0,0.0,0.0,False,False,False,0.0,False,False,47.445
131,6.55,0,alert,alert,0.986744,0.986744,0.000212,0.0,0.001865,0.01118,0.048478,0.952155,0.0,0.157306,0.157306,0.157306,0.0,0.0,0.0,False,False,False,0.0,False,False,37.979
132,6.6,0,alert,alert,0.987551,0.987551,0.000197,0.0,0.001618,0.010635,0.04848,0.952493,0.0,0.156467,0.156467,0.156467,0.0,0.0,0.0,False,False,False,0.0,False,False,37.937
133,6.65,0,alert,alert,0.988063,0.988063,0.000191,0.0,0.001496,0.010249,0.064161,0.949529,0.0,0.155762,0.155762,0.155762,0.0,0.0,0.0,False,False,False,0.0,False,False,37.636
134,6.7,0,alert,alert,0.987793,0.987793,0.00019,0.0,0.001754,0.010263,0.075204,0.94827,0.0,0.155153,0.155153,0.155153,0.0,0.0,0.0,False,False,False,0.0,False,False,38.063
135,6.75,0,alert,alert,0.987744,0.987744,0.000186,0.0,0.001688,0.010382,0.06909,0.947983,0.0,0.154507,0.154507,0.154507,0.0,0.0,0.0,False,False,False,0.0,False,False,46.688
136,6.8,0,alert,alert,0.987494,0.987494,0.000191,0.0,0.001569,0.010746,0.071751,0.946439,0.0,0.153891,0.153891,0.153891,0.0,0.0,0.0,False,False,False,0.0,False,False,38.877
137,6.85,0,alert,alert,0.987712,0.987712,0.000195,0.0,0.00155,0.010543,0.066323,0.946008,0.0,0.153245,0.153245,0.153245,0.0,0.0,0.0,False,False,False,0.0,False,False,38.913
138,6.9,0,alert,alert,0.987994,0.987994,0.000194,0.0,0.001728,0.010084,0.067816,0.944216,0.0,0.152621,0.152621,0.152621,0.0,0.0,0.0,False,False,False,0.0,False,False,37.989
139,6.95,0,alert,alert,0.98818,0.98818,0.000192,0.0,0.001936,0.009692,0.064548,0.944508,0.0,0.151981,0.151981,0.151981,0.0,0.0,0.0,False,False,False,0.0,False,False,39.187
140,7.0,0,alert,alert,0.987949,0.987949,0.00019,0.0,0.002131,0.00973,0.07121,0.942339,0.0,0.1514,0.1514,0.1514,0.0,0.0,0.0,False,False,False,0.0,False,False,46.717
141,7.05,0,alert,alert,0.988158,0.988158,0.000185,0.0,0.002229,0.009428,0.061342,0.944714,0.0,0.150756,0.150756,0.150756,0.0,0.0,0.0,False,False,False,0.0,False,False,37.78
142,7.1,0,alert,alert,0.988237,0.988237,0.000184,0.0,0.002165,0.009415,0.056072,0.946595,0.0,0.150081,0.150081,0.150081,0.0,0.0,0.0,False,False,False,0.0,False,False,37.672
143,7.15,0,alert,alert,0.987505,0.987505,0.000198,0.0,0.00207,0.010227,0.174549,0.926653,0.0,0.150251,0.150251,0.150251,0.0,0.0,0.0,False,False,False,0.0,False,False,38.779
144,7.2,0,alert,alert,0.987134,0.987134,0.000205,0.0,0.001951,0.01071,0.431655,0.885307,0.0,0.1521,0.1521,0.1521,0.0,0.0,0.0,False,False,False,0.0,False,False,37.478
145,7.25,0,alert,alert,0.986136,0.986136,0.000204,0.0,0.00192,0.01174,0.393215,0.899725,0.0,0.153699,0.153699,0.153699,0.0,0.0,0.0,False,False,False,0.0,False,False,46.111
146,7.3,0,alert,alert,0.986864,0.986864,0.000184,0.0,0.001613,0.011339,0.242508,0.92834,0.0,0.154303,0.154303,0.154303,0.0,0.0,0.0,False,False,False,0.0,False,False,37.691
147,7.35,0,alert,alert,0.985801,0.985801,0.000179,0.0,0.00172,0.0123,0.101346,0.944914,0.0,0.153939,0.153939,0.153939,0.0,0.0,0.0,False,False,False,0.0,False,False,37.327
148,7.4,0,alert,alert,0.984982,0.984982,0.00017,0.0,0.001656,0.013192,0.055039,0.951868,0.0,0.153259,0.153259,0.153259,0.0,0.0,0.0,False,False,False,0.372154,False,False,38.885
149,7.45,0,alert,alert,0.983955,0.983955,0.000161,0.0,0.001604,0.01428,0.041877,0.953896,0.0,0.152497,0.152497,0.152497,0.0,0.0,0.0,False,False,False,0.329653,False,False,38.765
150,7.5,0,alert,alert,0.983473,0.983473,0.000154,0.0,0.001483,0.01489,0.039012,0.953852,0.0,0.151726,0.151726,0.151726,0.0,0.0,0.0,False,False,False,0.264694,False,False,46.228
151,7.55,0,alert,alert,0.982804,0.982804,0.000151,0.0,0.001476,0.015568,0.040925,0.953316,0.0,0.150978,0.150978,0.150978,0.0,0.0,0.0,False,False,False,0.233182,False,False,37.626
152,7.6,0,alert,alert,0.982198,0.982198,0.00015,0.0,0.00148,0.016172,0.043415,0.952468,0.0,0.150258,0.150258,0.150258,0.0,0.0,0.0,False,False,False,0.0,False,False,38.105
153,7.65,0,alert,alert,0.981151,0.981151,0.000149,0.0,0.001338,0.017362,0.041257,0.952942,0.0,0.149533,0.149533,0.149533,0.0,0.0,0.0,False,False,False,0.0,False,False,37.774
154,7.7,0,alert,alert,0.980813,0.980813,0.000151,0.0,0.001235,0.017801,0.042775,0.952675,0.0,0.148828,0.148828,0.148828,0.0,0.0,0.0,False,False,False,0.09372,False,False,39.108
155,7.75,0,alert,alert,0.980638,0.980638,0.000152,0.0,0.001218,0.017992,0.043081,0.952048,0.0,0.148134,0.148134,0.148134,0.0,0.0,0.0,False,False,False,0.0,False,False,46.934
156,7.8,0,alert,alert,0.979659,0.979659,0.00015,0.0,0.001058,0.019133,0.04259,0.952014,0.0,0.147446,0.147446,0.147446,0.0,0.0,0.0,False,False,False,0.0,False,False,37.555
157,7.85,0,alert,alert,0.98056,0.98056,0.000153,0.0,0.000944,0.018343,0.041781,0.952456,0.0,0.146762,0.146762,0.146762,0.0,0.0,0.0,False,False,False,0.0,False,False,38.82
158,7.9,0,alert,alert,0.980996,0.980996,0.000158,0.0,0.000893,0.017953,0.043895,0.951757,0.0,0.1461,0.1461,0.1461,0.0,0.0,0.0,False,False,False,0.0,False,False,38.595
159,7.95,0,alert,alert,0.981932,0.981932,0.000158,0.0,0.000882,0.017027,0.048559,0.950498,0.0,0.145478,0.145478,0.145478,0.0,0.0,0.0,False,False,False,0.0,False,False,37.764
160,8.0,0,alert,alert,0.982518,0.982518,0.000163,0.0,0.00088,0.016439,0.048086,0.949788,0.0,0.144861,0.144861,0.144861,0.0,0.0,0.0,False,False,False,0.0,False,False,46.072
161,8.05,0,alert,alert,0.984816,0.984816,0.000167,0.0,0.000934,0.014083,0.057766,0.948652,0.0,0.144313,0.144313,0.144313,0.0,0.0,0.0,False,False,False,0.0,False,False,37.506
162,8.1,0,alert,alert,0.985697,0.985697,0.000172,0.0,0.000978,0.013154,0.046686,0.950673,0.0,0.143702,0.143702,0.143702,0.0,0.0,0.0,False,False,False,0.0,False,False,38.83
163,8.15,0,alert,alert,0.985035,0.985035,0.000188,0.0,0.001059,0.013718,0.043891,0.950405,0.0,0.14308,0.14308,0.14308,0.0,0.0,0.0,False,False,False,0.0,False,False,173.522
164,8.2,0,alert,alert,0.984501,0.984501,0.000195,0.0,0.001105,0.014198,0.047769,0.949724,0.0,0.142491,0.142491,0.142491,0.0,0.0,0.0,False,False,False,0.0,False,False,37.598
165,8.25,0,alert,alert,0.982988,0.982988,0.000218,0.0,0.001145,0.01565,0.057307,0.947066,0.0,0.14197,0.14197,0.14197,0.0,0.0,0.0,False,False,False,0.0,False,False,45.918
166,8.3,0,alert,alert,0.979835,0.979835,0.00026,0.0,0.001159,0.018746,0.043777,0.950302,0.0,0.14137,0.14137,0.14137,0.0,0.0,0.0,False,False,False,0.0,False,False,37.493
167,8.35,0,alert,alert,0.978595,0.978595,0.00027,0.0,0.001199,0.019936,0.040382,0.950638,0.0,0.140757,0.140757,0.140757,0.0,0.0,0.0,False,False,False,0.0,False,False,37.58
168,8.4,0,alert,alert,0.977754,0.977754,0.000279,0.0,0.001213,0.020755,0.039109,0.950967,0.0,0.140143,0.140143,0.140143,0.0,0.0,0.0,False,False,False,0.0,False,False,37.567
169,8.45,0,alert,alert,0.976323,0.976323,0.000295,0.0,0.001193,0.022189,0.041013,0.949578,0.0,0.139549,0.139549,0.139549,0.0,0.0,0.0,False,False,False,0.0,False,False,38.385
170,8.5,0,alert,alert,0.976086,0.976086,0.000303,0.0,0.001195,0.022417,0.038933,0.95084,0.0,0.138949,0.138949,0.138949,0.0,0.0,0.0,False,False,False,0.0,False,False,46.489
171,8.55,0,alert,alert,0.976061,0.976061,0.000312,0.0,0.00121,0.022417,0.039227,0.95097,0.0,0.138357,0.138357,0.138357,0.0,0.0,0.0,False,False,False,0.0,False,False,39.107
172,8.6,0,alert,alert,0.976939,0.976939,0.000303,0.0,0.001257,0.0215,0.039079,0.95181,0.0,0.137771,0.137771,0.137771,0.0,0.0,0.0,False,False,False,0.0,False,False,39.192
173,8.65,0,alert,alert,0.978478,0.978478,0.000296,0.0,0.001317,0.019908,0.043387,0.951699,0.0,0.137218,0.137218,0.137218,0.0,0.0,0.0,False,False,False,0.0,False,False,38.743
174,8.7,0,alert,alert,0.979629,0.979629,0.000281,0.0,0.001319,0.018772,0.046433,0.951336,0.0,0.136688,0.136688,0.136688,0.0,0.0,0.0,False,False,False,0.0,False,False,38.685
175,8.75,0,alert,alert,0.98063,0.98063,0.000273,0.0,0.001323,0.017774,0.04944,0.950557,0.0,0.136183,0.136183,0.136183,0.0,0.0,0.0,False,False,False,0.0,False,False,47.407
176,8.8,0,alert,alert,0.980302,0.980302,0.000315,0.0,0.001384,0.017999,0.070856,0.946484,0.0,0.135809,0.135809,0.135809,0.0,0.0,0.0,False,False,False,0.0,False,False,37.429
177,8.85,0,alert,alert,0.976163,0.976163,0.00052,0.0,0.001712,0.021605,0.388301,0.897102,0.0,0.137173,0.137173,0.137173,0.0,0.0,0.0,False,False,False,0.0,False,False,37.361
178,8.9,0,alert,alert,0.973081,0.973081,0.000928,0.0,0.002235,0.023756,0.463683,0.874488,0.0,0.138884,0.138884,0.138884,0.0,0.0,0.0,False,False,False,0.0,False,False,37.421
179,8.95,0,alert,alert,0.974634,0.974634,0.001265,0.0,0.002864,0.021237,0.422444,0.897604,0.0,0.140402,0.140402,0.140402,0.0,0.0,0.0,False,False,False,0.0,False,False,37.419
180,9.0,0,alert,alert,0.980235,0.980235,0.000995,0.0,0.003229,0.015541,0.262252,0.925707,0.0,0.14107,0.14107,0.14107,0.0,0.0,0.0,False,False,False,0.0,False,False,46.033
181,9.05,0,alert,alert,0.982648,0.982648,0.000761,0.0,0.003382,0.013208,0.104942,0.944261,0.0,0.140869,0.140869,0.140869,0.0,0.0,0.0,False,False,False,0.0,False,False,37.506
182,9.1,0,alert,alert,0.984318,0.984318,0.000593,0.0,0.003284,0.011805,0.050955,0.95272,0.0,0.140367,0.140367,0.140367,0.0,0.0,0.0,False,False,False,0.0,False,False,38.779
183,9.15,0,alert,alert,0.984995,0.984995,0.000499,0.0,0.003191,0.011315,0.039855,0.953599,0.0,0.139808,0.139808,0.139808,0.0,0.0,0.0,False,False,False,0.0,False,False,37.528
184,9.2,0,alert,alert,0.986052,0.986052,0.000417,0.0,0.002862,0.010669,0.037668,0.953362,0.0,0.139244,0.139244,0.139244,0.0,0.0,0.0,False,False,False,0.0,False,False,37.288
185,9.25,0,alert,alert,0.985902,0.985902,0.00037,0.0,0.003296,0.010432,0.043341,0.952416,0.0,0.138717,0.138717,0.138717,0.0,0.0,0.0,False,False,False,1.0,False,False,46.269
186,9.3,0,alert,alert,0.985746,0.985746,0.000305,0.0,0.003484,0.010465,0.043461,0.950678,0.0,0.138198,0.138198,0.138198,0.0,0.0,0.0,False,False,False,1.0,False,False,37.466
187,9.35,0,alert,alert,0.985577,0.985577,0.000263,0.0,0.002913,0.011247,0.040335,0.951808,0.0,0.137667,0.137667,0.137667,0.0,0.0,0.0,False,False,False,1.0,False,False,37.387
188,9.4,0,alert,alert,0.985445,0.985445,0.000232,0.0,0.002253,0.01207,0.043652,0.951497,0.0,0.137159,0.137159,0.137159,0.0,0.0,0.0,False,False,False,1.0,False,False,37.348
189,9.45,0,alert,alert,0.985519,0.985519,0.00021,0.0,0.001793,0.012478,0.045418,0.951129,0.0,0.136667,0.136667,0.136667,0.0,0.0,0.0,False,False,False,1.0,False,False,37.328
190,9.5,0,alert,alert,0.98602,0.98602,0.000192,0.0,0.00151,0.012278,0.046944,0.950447,0.0,0.136188,0.136188,0.136188,0.0,0.0,0.0,False,False,False,1.0,False,False,46.271
191,9.55,0,alert,alert,0.986147,0.986147,0.000185,0.0,0.001374,0.012294,0.047612,0.950454,0.0,0.135718,0.135718,0.135718,0.0,0.0,0.0,False,False,False,0.0,False,False,37.854
192,9.6,0,alert,alert,0.985747,0.985747,0.000179,0.0,0.001309,0.012765,0.049896,0.950071,0.0,0.135266,0.135266,0.135266,0.0,0.0,0.0,False,False,False,0.0,False,False,37.616
193,9.65,0,alert,alert,0.985655,0.985655,0.000172,0.0,0.001205,0.012968,0.049428,0.950155,0.0,0.134815,0.134815,0.134815,0.0,0.0,0.0,False,False,False,0.0,False,False,37.443
194,9.7,0,alert,alert,0.985406,0.985406,0.000169,0.0,0.001122,0.013302,0.04756,0.950575,0.0,0.134359,0.134359,0.134359,0.0,0.0,0.0,False,False,False,0.0,False,False,37.271
195,9.75,0,alert,alert,0.985339,0.985339,0.000167,0.0,0.001069,0.013426,0.050169,0.949949,0.0,0.133922,0.133922,0.133922,0.0,0.0,0.0,False,False,False,0.0,False,False,46.412
196,9.8,0,alert,alert,0.985437,0.985437,0.000167,0.0,0.001031,0.013365,0.051871,0.949676,0.0,0.133499,0.133499,0.133499,0.0,0.0,0.0,False,False,False,0.0,False,False,37.669
197,9.85,0,alert,alert,0.985321,0.985321,0.00017,0.0,0.001012,0.013497,0.048667,0.950486,0.0,0.133062,0.133062,0.133062,0.0,0.0,0.0,False,False,False,0.0,False,False,37.557
198,9.9,0,alert,alert,0.985679,0.985679,0.000171,0.0,0.001021,0.013129,0.047493,0.950829,0.0,0.132625,0.132625,0.132625,0.0,0.0,0.0,False,False,False,0.0,False,False,37.304
199,9.95,0,alert,alert,0.986046,0.986046,0.00017,0.0,0.001022,0.012763,0.048925,0.950101,0.0,0.132199,0.132199,0.132199,0.0,0.0,0.0,True,False,False,0.0,False,False,37.451
200,10.0,0,alert,alert,0.982849,0.982849,0.000167,0.0,0.00134,0.015644,0.042632,0.95249,0.0,0.131264,0.131744,0.131744,0.0,0.0,0.0,True,False,False,0.0,False,False,46.25
201,10.05,0,alert,alert,0.977362,0.977362,0.000159,0.0,0.001888,0.020592,0.039735,0.953275,0.0,0.130908,0.131279,0.131279,0.0,0.0,0.0,True,False,False,0.0,False,False,37.34
202,10.1,0,alert,alert,0.967796,0.967796,0.000157,0.0,0.0027,0.029347,0.045124,0.952285,0.0,0.130474,0.130847,0.130847,0.0,0.0,0.0,True,False,False,0.0,False,False,37.302
203,10.15,0,alert,alert,0.96178,0.96178,0.000155,0.0,0.003964,0.0341,0.055199,0.951024,0.0,0.130774,0.130469,0.130469,0.0,0.0,0.0,True,False,False,0.0,False,False,37.623
204,10.2,0,alert,alert,0.958059,0.958059,0.000161,0.0,0.005934,0.035847,0.101911,0.942694,0.0,0.13063,0.130328,0.130328,0.0,0.0,0.0,True,False,False,0.0,False,False,37.672
205,10.25,0,alert,alert,0.946936,0.946936,0.000186,0.0,0.009953,0.042925,0.115422,0.942893,0.0,0.130029,0.130255,0.130255,0.0,0.0,0.0,True,False,False,0.0,False,False,46.086
206,10.3,0,alert,alert,0.925291,0.925291,0.000205,0.0,0.012853,0.061652,0.145097,0.938418,0.0,0.128461,0.130327,0.130327,0.0,0.0,0.0,True,False,False,0.0,False,False,38.175
207,10.35,0,alert,alert,0.9085,0.9085,0.000204,0.0,0.011432,0.079864,0.150691,0.940822,0.0,0.128572,0.130426,0.130426,0.0,0.0,0.0,True,False,False,0.0,False,False,38.017
208,10.4,0,alert,alert,0.870712,0.870712,0.000223,0.0,0.012102,0.116963,0.330587,0.920562,0.0,0.126456,0.13137,0.13137,0.0,0.0,0.0,True,False,False,0.0,False,False,37.362
209,10.45,0,alert,alert,0.83429,0.83429,0.000233,0.0,0.01182,0.153657,0.363824,0.921406,0.0,0.127618,0.132462,0.132462,0.0,0.0,0.0,True,False,False,0.0,False,False,37.752
210,10.5,0,alert,alert,0.668758,0.668758,0.000277,0.0,0.00963,0.321335,0.510677,0.837138,0.0,0.12884,0.134069,0.134069,0.0,0.0,0.0,True,False,False,0.0,False,False,47.618
211,10.55,0,alert,alert,0.618422,0.618422,0.000283,0.0,0.00635,0.374945,0.518234,0.821007,0.0,0.130969,0.135663,0.135663,0.0,0.0,0.0,True,False,False,0.0,False,False,38.048
212,10.6,0,alert,alert,0.761749,0.761749,0.000249,0.0,0.005349,0.232653,0.461084,0.887606,0.0,0.132529,0.137117,0.137117,0.0,0.0,0.0,True,False,False,0.65429,False,False,37.914
213,10.65,0,alert,alert,0.854187,0.854187,0.000209,0.0,0.005047,0.140558,0.329681,0.91513,0.0,0.134447,0.137999,0.137999,0.0,0.0,0.0,True,False,False,0.0,False,False,38.407
214,10.7,0,alert,alert,0.878254,0.878254,0.000202,0.0,0.006266,0.115278,0.168175,0.934052,0.0,0.134615,0.13814,0.13814,0.0,0.0,0.0,True,False,False,0.0,False,False,37.452
215,10.75,0,alert,alert,0.896978,0.896978,0.000183,0.0,0.004631,0.098208,0.065557,0.949155,0.0,0.135259,0.137798,0.137798,0.0,0.0,0.0,True,False,False,0.0,False,False,46.331
216,10.8,0,alert,alert,0.910284,0.910284,0.000172,0.0,0.003868,0.085677,0.042524,0.953096,0.0,0.135269,0.13735,0.13735,0.0,0.0,0.0,True,False,False,0.0,False,False,37.434
217,10.85,0,alert,alert,0.92659,0.92659,0.000156,0.0,0.003247,0.070007,0.038821,0.954356,0.0,0.134779,0.136887,0.136887,0.0,0.0,0.0,True,False,False,0.0,False,False,38.207
218,10.9,0,alert,alert,0.92507,0.92507,0.000155,0.0,0.00222,0.072555,0.037115,0.954216,0.0,0.135206,0.136422,0.136422,0.0,0.0,0.0,True,False,False,0.0,False,False,37.517
219,10.95,0,alert,alert,0.927446,0.927446,0.000156,0.0,0.001821,0.070577,0.0393,0.952932,0.0,0.134719,0.135971,0.135971,0.0,0.0,0.0,True,False,False,0.0,False,False,37.369
220,11.0,0,alert,alert,0.909221,0.909221,0.000174,0.0,0.00169,0.088915,0.044699,0.951932,0.0,0.135166,0.13555,0.13555,0.0,0.0,0.0,True,False,False,0.0,False,False,46.655
221,11.05,0,alert,alert,0.907569,0.907569,0.000183,0.0,0.002344,0.089904,0.056038,0.949313,0.0,0.135159,0.135185,0.135185,0.0,0.0,0.0,True,False,False,0.0,False,False,37.948
222,11.1,0,alert,alert,0.880225,0.880225,0.000197,0.0,0.003104,0.116474,0.086248,0.943851,0.0,0.134913,0.134963,0.134963,0.0,0.0,0.0,True,False,False,0.0,False,False,37.684
223,11.15,0,alert,alert,0.892327,0.892327,0.00019,0.0,0.003773,0.103711,0.088583,0.945635,0.0,0.13554,0.134754,0.134754,0.0,0.0,0.0,True,False,False,0.0,False,False,37.632
224,11.2,0,alert,alert,0.911293,0.911293,0.000188,0.0,0.005096,0.083423,0.07026,0.948945,0.0,0.135211,0.134462,0.134462,0.0,0.0,0.0,True,False,False,0.0,False,False,37.359
225,11.25,0,alert,alert,0.919131,0.919131,0.000189,0.0,0.006848,0.073832,0.055519,0.949947,0.0,0.135669,0.134107,0.134107,0.0,0.0,0.0,True,False,False,0.0,False,False,46.237
226,11.3,0,alert,alert,0.908407,0.908407,0.0002,0.0,0.008786,0.082607,0.045997,0.951683,0.0,0.135637,0.133711,0.133711,0.0,0.0,0.0,True,False,False,0.0,False,False,37.474
227,11.35,0,alert,alert,0.8978,0.8978,0.000207,0.0,0.010142,0.091851,0.045532,0.951416,0.0,0.135181,0.133317,0.133317,0.0,0.0,0.0,True,False,False,0.0,False,False,37.143
228,11.4,0,alert,alert,0.89822,0.89822,0.000206,0.0,0.010381,0.091193,0.044207,0.951308,0.0,0.135568,0.132921,0.132921,0.0,0.0,0.0,True,False,False,0.0,False,False,37.114
229,11.45,0,alert,alert,0.898345,0.898345,0.000197,0.0,0.008624,0.092833,0.042185,0.951535,0.0,0.135095,0.132519,0.132519,0.0,0.0,0.0,True,False,False,0.0,False,False,37.242
230,11.5,0,alert,alert,0.903991,0.903991,0.00019,0.0,0.007825,0.087994,0.041913,0.951782,0.0,0.135386,0.132119,0.132119,0.0,0.0,0.0,True,False,False,0.0,False,False,46.162
231,11.55,0,alert,alert,0.894946,0.894946,0.000197,0.0,0.00847,0.096387,0.040419,0.952119,0.0,0.135285,0.131717,0.131717,0.0,0.0,0.0,True,False,False,0.0,False,False,37.194
232,11.6,0,alert,alert,0.905139,0.905139,0.000191,0.0,0.008344,0.086326,0.040839,0.951742,0.0,0.134806,0.131319,0.131319,0.0,0.0,0.0,True,False,False,0.216858,False,False,37.155
233,11.65,0,alert,alert,0.911685,0.911685,0.000187,0.0,0.008004,0.080124,0.039687,0.951939,0.0,0.134978,0.13092,0.13092,0.0,0.0,0.0,True,False,False,0.055525,False,False,37.018
234,11.7,0,alert,alert,0.915396,0.915396,0.000185,0.0,0.007381,0.077037,0.041225,0.952003,0.0,0.134503,0.130531,0.130531,0.0,0.0,0.0,True,False,False,0.024511,False,False,37.168
235,11.75,0,alert,alert,0.919859,0.919859,0.00018,0.0,0.006459,0.073502,0.041033,0.951909,0.0,0.134749,0.130145,0.130145,0.0,0.0,0.0,True,False,False,0.024511,False,False,45.957
236,11.8,0,alert,alert,0.926756,0.926756,0.000186,0.0,0.007424,0.065634,0.046562,0.951136,0.0,0.134708,0.129786,0.129786,0.0,0.0,0.0,True,False,False,0.0,False,False,37.099
237,11.85,0,alert,alert,0.892593,0.892593,0.000215,0.0,0.010362,0.096831,0.414833,0.890808,0.0,0.136036,0.130928,0.130928,0.0,0.0,0.0,True,False,False,0.0,False,False,36.996
238,11.9,0,alert,alert,0.716555,0.716555,0.000293,0.0,0.012236,0.270917,0.514591,0.827341,0.0,0.136954,0.13235,0.13235,0.0,0.0,0.0,True,False,False,0.0,False,False,37.154
239,11.95,4,distraction,distracted,0.53709,0.454608,0.000347,0.0,0.007954,0.53709,0.56478,0.81567,0.0,0.138813,0.133925,0.133925,0.0,0.0,0.0,True,False,False,0.0,False,False,37.243
240,12.0,4,distraction,distracted,0.642245,0.352262,0.0004,0.0,0.005093,0.642245,0.640612,0.81832,0.0,0.137667,0.135769,0.135769,0.0,0.0,0.0,True,False,False,0.0,False,False,46.034
241,12.05,4,distraction,distracted,0.771906,0.224035,0.000437,0.0,0.003621,0.771906,0.705732,0.814314,0.0,0.138357,0.137826,0.137826,0.0,0.0,0.0,True,False,False,0.0,False,False,37.249
242,12.1,4,distraction,distracted,0.65547,0.338858,0.000537,0.0,0.005135,0.65547,0.649345,0.822118,0.0,0.140596,0.139682,0.139682,0.0,0.0,0.0,True,False,False,0.0,False,False,37.456
243,12.15,0,alert,alert,0.601862,0.601862,0.000481,0.0,0.008749,0.388908,0.50339,0.890664,0.0,0.138455,0.141107,0.141107,0.0,0.0,0.0,True,False,False,0.0,False,False,37.857
244,12.2,0,alert,alert,0.764742,0.764742,0.00036,0.0,0.011089,0.223809,0.357881,0.922417,0.0,0.139533,0.141983,0.141983,0.0,0.0,0.0,True,False,False,0.0,False,False,37.75
245,12.25,0,alert,alert,0.828182,0.828182,0.000276,0.0,0.009622,0.161921,0.166679,0.942065,0.0,0.136179,0.142085,0.142085,0.0,0.0,0.0,True,False,False,0.0,False,False,46.513
246,12.3,0,alert,alert,0.848702,0.848702,0.000234,0.0,0.006407,0.144656,0.068218,0.951804,0.0,0.134522,0.141779,0.141779,0.0,0.0,0.0,True,False,False,0.0,False,False,37.527
247,12.35,0,alert,alert,0.804188,0.804188,0.00025,0.0,0.003952,0.19161,0.239613,0.922649,0.0,0.135038,0.14217,0.14217,0.0,0.0,0.0,True,False,False,0.0,False,False,37.261
248,12.4,0,alert,alert,0.812363,0.812363,0.000265,0.0,0.00279,0.184583,0.287767,0.924284,0.0,0.134962,0.14275,0.14275,0.0,0.0,0.0,True,False,False,0.038216,False,False,37.373
249,12.45,0,alert,alert,0.738179,0.738179,0.000338,0.0,0.002244,0.259239,0.410056,0.90909,0.0,0.136294,0.143793,0.143793,0.0,0.0,0.0,True,False,False,0.112144,False,False,37.571
250,12.5,0,alert,alert,0.744726,0.744726,0.000387,0.0,0.002245,0.252642,0.38322,0.923743,0.0,0.138308,0.144739,0.144739,0.0,0.0,0.0,True,False,False,0.12542,False,False,46.216
251,12.55,0,alert,alert,0.809969,0.809969,0.000359,0.0,0.00188,0.187792,0.266247,0.936741,0.0,0.139412,0.145224,0.145224,0.0,0.0,0.0,True,False,False,0.0,False,False,37.465
252,12.6,0,alert,alert,0.82851,0.82851,0.000329,0.0,0.001628,0.169532,0.125415,0.947113,0.0,0.139342,0.145144,0.145144,0.0,0.0,0.0,True,False,False,0.0,False,False,37.449
253,12.65,0,alert,alert,0.88888,0.88888,0.000274,0.0,0.001301,0.109544,0.060058,0.953751,0.0,0.13982,0.144801,0.144801,0.0,0.0,0.0,True,False,False,0.133202,False,False,37.226
254,12.7,0,alert,alert,0.90959,0.90959,0.000255,0.0,0.00113,0.089026,0.045123,0.954443,0.0,0.139339,0.144401,0.144401,0.0,0.0,0.0,True,False,False,0.133202,False,False,37.704
255,12.75,0,alert,alert,0.924642,0.924642,0.000238,0.0,0.001039,0.074081,0.040469,0.954087,0.0,0.139701,0.143985,0.143985,0.0,0.0,0.0,True,False,False,0.0,False,False,46.344
256,12.8,0,alert,alert,0.924779,0.924779,0.000239,0.0,0.001001,0.073981,0.039676,0.953555,0.0,0.139604,0.14357,0.14357,0.0,0.0,0.0,True,False,False,0.0,False,False,37.445
257,12.85,0,alert,alert,0.921747,0.921747,0.000236,0.0,0.000945,0.077071,0.041236,0.952564,0.0,0.139105,0.143165,0.143165,0.0,0.0,0.0,True,False,False,0.0,False,False,37.529
258,12.9,0,alert,alert,0.933423,0.933423,0.00022,0.0,0.000863,0.065494,0.043259,0.952044,0.0,0.139235,0.142771,0.142771,0.0,0.0,0.0,True,False,False,0.0,False,False,37.462
259,12.95,0,alert,alert,0.941463,0.941463,0.000208,0.0,0.000823,0.057507,0.051813,0.950111,0.0,0.138792,0.142414,0.142414,0.0,0.0,0.0,True,False,False,0.0,False,False,37.489
260,13.0,0,alert,alert,0.941346,0.941346,0.000211,0.0,0.000841,0.057602,0.05472,0.949615,0.0,0.135398,0.142072,0.142072,0.0,0.0,0.0,True,False,False,0.0,False,False,46.251
261,13.05,0,alert,alert,0.924882,0.924882,0.000236,0.0,0.000936,0.073946,0.403829,0.892058,0.0,0.135082,0.143028,0.143028,0.0,0.0,0.0,True,False,False,0.0,False,False,37.265
262,13.1,0,alert,alert,0.907344,0.907344,0.000276,0.0,0.000999,0.091381,0.494372,0.859288,0.0,0.136725,0.14426,0.14426,0.0,0.0,0.0,True,False,False,0.0,False,False,37.379
263,13.15,0,alert,alert,0.867026,0.867026,0.00039,0.0,0.001202,0.131382,0.530978,0.810609,0.0,0.137029,0.145534,0.145534,0.0,0.0,0.0,True,False,False,0.0,False,False,37.549
264,13.2,0,alert,alert,0.807995,0.807995,0.000672,0.0,0.001432,0.189901,0.544162,0.799282,0.0,0.138763,0.146826,0.146826,0.0,0.0,0.0,True,False,False,0.0,False,False,37.355
265,13.25,0,alert,alert,0.759252,0.759252,0.001526,0.0,0.00175,0.237473,0.587038,0.798897,0.0,0.141479,0.148247,0.148247,0.0,0.0,0.0,True,False,False,0.0,False,False,46.531
266,13.3,0,alert,alert,0.685413,0.685413,0.005481,0.0,0.002602,0.306503,0.662899,0.80159,0.0,0.144199,0.149908,0.149908,0.0,0.0,0.0,True,False,False,0.0,False,False,37.452
267,13.35,0,alert,alert,0.510981,0.510981,0.02528,0.0,0.004318,0.45942,0.739317,0.800766,0.0,0.146745,0.151802,0.151802,0.0,0.0,0.0,True,False,False,0.0,False,False,37.184
268,13.4,4,distraction,distracted,0.567383,0.312494,0.113474,0.0,0.006649,0.567383,0.775469,0.787222,0.0,0.15043,0.153767,0.153767,0.0,0.0,0.0,True,False,False,0.0,False,False,37.349
269,13.45,4,distraction,distracted,0.441852,0.155631,0.394291,0.0,0.008227,0.441852,0.804729,0.773595,0.0,0.153139,0.155776,0.155776,0.0,0.0,0.0,True,False,False,0.0,False,False,37.135
270,13.5,1,drowsy,drowsy,0.759878,0.047635,0.759878,0.0,0.006106,0.186382,0.819655,0.762835,0.0,0.156865,0.15779,0.15779,0.0,0.0,0.0,True,False,False,0.0,False,False,46.955
271,13.55,1,drowsy,drowsy,0.91855,0.013629,0.91855,0.0,0.003714,0.064106,0.830874,0.753223,0.05,0.159956,0.1598,0.1598,0.0,0.0,0.0,True,False,False,0.0,False,False,37.816
272,13.6,1,drowsy,drowsy,0.965666,0.005416,0.965666,0.0,0.002573,0.026345,0.839042,0.744975,0.1,0.162672,0.161801,0.161801,0.0,0.0,0.0,True,False,False,0.0,False,False,37.401
273,13.65,1,drowsy,drowsy,0.982153,0.002905,0.982153,0.0,0.002042,0.0129,0.841581,0.737932,0.15,0.163801,0.163778,0.163778,0.0,0.0,0.0,True,False,False,0.0,False,False,37.435
274,13.7,1,drowsy,drowsy,0.989347,0.001888,0.989347,0.0,0.001784,0.006981,0.849499,0.729156,0.2,0.16649,0.165743,0.165743,0.0,0.0,0.0,True,False,False,0.0,False,False,37.311
275,13.75,1,drowsy,drowsy,1.0,0.0,1.0,0.0,0.0,0.0,0.845481,0.72968,0.25,0.166012,0.167687,0.167687,0.032915,0.023869,0.023869,True,False,False,0.0,False,True,46.591
276,13.8,1,drowsy,drowsy,1.0,0.0,1.0,0.0,0.0,0.0,0.851308,0.721986,0.3,0.167058,0.169616,0.169616,0.036262,0.026203,0.026203,True,False,False,0.0,False,True,37.548
277,13.85,1,drowsy,drowsy,1.0,0.0,1.0,0.0,0.0,0.0,0.858566,0.712997,0.35,0.169714,0.171531,0.171531,0.039421,0.028516,0.028516,True,False,False,0.0,False,True,37.836
278,13.9,1,drowsy,drowsy,1.0,0.0,1.0,0.0,0.0,0.0,0.862799,0.702734,0.4,0.169524,0.173419,0.173419,0.042939,0.030795,0.030795,True,False,False,0.0,False,True,37.719
279,13.95,1,drowsy,drowsy,1.0,0.0,1.0,0.0,0.0,0.0,0.865579,0.690716,0.45,0.17212,0.175272,0.175272,0.046007,0.03303,0.03303,True,False,False,0.0,False,True,37.625
280,14.0,1,drowsy,drowsy,1.0,0.0,1.0,0.0,0.0,0.0,0.873216,0.680746,0.5,0.173138,0.177109,0.177109,0.049525,0.035241,0.035241,True,False,False,0.0,False,True,46.6
281,14.05,1,drowsy,drowsy,1.0,0.0,1.0,0.0,0.0,0.0,0.878267,0.672977,0.55,0.175764,0.178928,0.178928,0.052812,0.037429,0.037429,True,False,False,0.0,False,True,37.358
282,14.1,1,drowsy,drowsy,1.0,0.0,1.0,0.0,0.0,0.0,0.875357,0.672343,0.6,0.178687,0.180729,0.180729,0.056097,0.039596,0.039596,True,False,False,0.0,False,True,37.434
283,14.15,1,drowsy,drowsy,1.0,0.0,1.0,0.0,0.0,0.0,0.876996,0.673101,0.65,0.181243,0.182527,0.182527,0.059397,0.041758,0.041758,True,False,False,0.0,False,True,37.473
284,14.2,1,drowsy,drowsy,1.0,0.0,1.0,0.0,0.0,0.0,0.877229,0.674703,0.7,0.183796,0.184321,0.184321,0.062397,0.043915,0.043915,True,False,False,0.0,False,True,37.471
285,14.25,1,drowsy,drowsy,1.0,0.0,1.0,0.0,0.0,0.0,0.876758,0.671952,0.75,0.186571,0.186096,0.186096,0.066034,0.046051,0.046051,True,False,False,0.0,False,True,46.47
286,14.3,1,drowsy,drowsy,1.0,0.0,1.0,0.0,0.0,0.0,0.671108,0.781302,0.8,0.187281,0.187538,0.187538,0.068934,0.047909,0.047909,True,False,False,0.0,False,True,37.603
287,14.35,1,drowsy,drowsy,1.0,0.0,1.0,0.0,0.0,0.0,0.451964,0.875347,0.0,0.18711,0.188416,0.188416,0.071096,0.049251,0.049251,True,False,False,0.0,False,True,37.629
288,14.4,1,drowsy,drowsy,1.0,0.0,1.0,0.0,0.0,0.0,0.23881,0.924442,0.0,0.186317,0.188592,0.188592,0.071091,0.049079,0.049079,True,False,False,0.0,False,True,37.329
289,14.45,1,drowsy,drowsy,1.0,0.0,1.0,0.0,0.0,0.0,0.092143,0.947226,0.0,0.185831,0.188248,0.188248,0.070724,0.048904,0.048904,True,False,False,0.0,False,True,37.266
290,14.5,1,drowsy,drowsy,1.0,0.0,1.0,0.0,0.0,0.0,0.0519,0.955143,0.0,0.185542,0.18776,0.18776,0.071085,0.048728,0.048728,True,False,False,0.0,False,True,46.571
291,14.55,1,drowsy,drowsy,1.0,0.0,1.0,0.0,0.0,0.0,0.044271,0.956134,0.0,0.185518,0.187247,0.187247,0.071084,0.048554,0.048554,True,False,False,0.0,False,True,38.11
292,14.6,1,drowsy,drowsy,1.0,0.0,1.0,0.0,0.0,0.0,0.039797,0.955284,0.0,0.185509,0.186722,0.186722,0.071084,0.048381,0.048381,True,False,False,0.0,False,True,37.792
293,14.65,1,drowsy,drowsy,1.0,0.0,1.0,0.0,0.0,0.0,0.037587,0.954185,0.0,0.185492,0.186194,0.186194,0.071083,0.04821,0.04821,True,False,False,0.0,False,True,38.2
294,14.7,1,drowsy,drowsy,1.0,0.0,1.0,0.0,0.0,0.0,0.038446,0.952896,0.0,0.184729,0.185673,0.185673,0.070714,0.04804,0.04804,True,False,False,0.0,False,True,37.713
295,14.75,1,drowsy,drowsy,1.0,0.0,1.0,0.0,0.0,0.0,0.039539,0.952539,0.0,0.185496,0.18516,0.18516,0.071083,0.047871,0.047871,True,False,False,0.0,False,True,46.524
296,14.8,1,drowsy,drowsy,1.0,0.0,1.0,0.0,0.0,0.0,0.038915,0.95298,0.0,0.185486,0.184648,0.184648,0.071082,0.047704,0.047704,True,False,False,0.0,False,True,37.291
297,14.85,1,drowsy,drowsy,1.0,0.0,1.0,0.0,0.0,0.0,0.042815,0.952165,0.0,0.185505,0.184153,0.184153,0.071082,0.047537,0.047537,True,False,False,0.0,False,True,37.182
298,14.9,1,drowsy,drowsy,1.0,0.0,1.0,0.0,0.0,0.0,0.0407,0.952321,0.0,0.185521,0.183655,0.183655,0.071082,0.047372,0.047372,True,False,False,0.0,False,True,37.349
299,14.95,1,drowsy,drowsy,1.0,0.0,1.0,0.0,0.0,0.0,0.045127,0.951709,0.0,0.184794,0.183176,0.183176,0.070714,0.047208,0.047208,True,False,False,0.0,False,True,37.548
300,15.0,1,drowsy,drowsy,1.0,0.0,1.0,0.0,0.0,0.0,0.043068,0.951985,0.0,0.185591,0.182693,0.182693,0.071082,0.047046,0.047046,True,False,False,0.0,False,True,46.384
301,15.05,1,drowsy,drowsy,1.0,0.0,1.0,0.0,0.0,0.0,0.041948,0.95189,0.0,0.185619,0.182209,0.182209,0.071082,0.046884,0.046884,True,False,False,0.029933,False,True,37.441
302,15.1,1,drowsy,drowsy,1.0,0.0,1.0,0.0,0.0,0.0,0.044042,0.95169,0.0,0.185661,0.181736,0.181736,0.071082,0.046723,0.046723,True,False,False,0.029933,False,True,37.468
303,15.15,1,drowsy,drowsy,1.0,0.0,1.0,0.0,0.0,0.0,0.043237,0.95176,0.0,0.1857,0.181263,0.181263,0.071083,0.046564,0.046564,True,False,False,0.110042,False,True,37.243
304,15.2,1,drowsy,drowsy,1.0,0.0,1.0,0.0,0.0,0.0,0.045554,0.951136,0.0,0.184974,0.180802,0.180802,0.070714,0.046406,0.046406,True,False,False,0.11233,False,True,37.216
305,15.25,1,drowsy,drowsy,1.0,0.0,1.0,0.0,0.0,0.0,0.043419,0.951186,0.0,0.18579,0.180336,0.180336,0.071083,0.046248,0.046248,True,False,False,0.110042,False,True,47.378
306,15.3,1,drowsy,drowsy,1.0,0.0,1.0,0.0,0.0,0.0,0.041794,0.951728,0.0,0.18582,0.179868,0.179868,0.071084,0.046092,0.046092,True,False,False,0.09814,False,True,37.467
307,15.35,1,drowsy,drowsy,1.0,0.0,1.0,0.0,0.0,0.0,0.043528,0.951301,0.0,0.185859,0.17941,0.17941,0.071084,0.045937,0.045937,True,False,False,0.0,False,True,37.359
308,15.4,1,drowsy,drowsy,1.0,0.0,1.0,0.0,0.0,0.0,0.04411,0.950679,0.0,0.185903,0.178956,0.178956,0.071085,0.045783,0.045783,True,False,False,0.09814,False,True,37.472
309,15.45,1,drowsy,drowsy,1.0,0.0,1.0,0.0,0.0,0.0,0.043177,0.951017,0.0,0.185164,0.178502,0.178502,0.070717,0.04563,0.04563,True,False,False,0.010707,False,True,37.276
310,15.5,1,drowsy,drowsy,1.0,0.0,1.0,0.0,0.0,0.0,0.045381,0.950542,0.0,0.185976,0.178059,0.178059,0.071087,0.045478,0.045478,True,False,False,0.0,False,True,46.202
311,15.55,1,drowsy,drowsy,1.0,0.0,1.0,0.0,0.0,0.0,0.046713,0.95065,0.0,0.186021,0.177623,0.177623,0.071087,0.045327,0.045327,True,False,False,0.0,False,True,37.273
312,15.6,1,drowsy,drowsy,1.0,0.0,1.0,0.0,0.0,0.0,0.045973,0.950882,0.0,0.18605,0.177188,0.177188,0.071088,0.045177,0.045177,True,False,False,0.0,False,True,37.736
313,15.65,1,drowsy,drowsy,1.0,0.0,1.0,0.0,0.0,0.0,0.043636,0.951434,0.0,0.186057,0.176747,0.176747,0.071088,0.045028,0.045028,True,False,False,0.0,False,True,37.69
314,15.7,1,drowsy,drowsy,1.0,0.0,1.0,0.0,0.0,0.0,0.041151,0.95127,0.0,0.185307,0.176302,0.176302,0.07072,0.04488,0.04488,True,False,False,0.18603,False,True,37.922
315,15.75,1,drowsy,drowsy,1.0,0.0,1.0,0.0,0.0,0.0,0.040106,0.951756,0.0,0.186059,0.175855,0.175855,0.071088,0.044733,0.044733,True,False,False,0.186488,False,True,46.848
316,15.8,1,drowsy,drowsy,1.0,0.0,1.0,0.0,0.0,0.0,0.040708,0.95155,0.0,0.186049,0.175414,0.175414,0.071088,0.044587,0.044587,True,False,False,0.0,False,True,37.636
317,15.85,1,drowsy,drowsy,1.0,0.0,1.0,0.0,0.0,0.0,0.040814,0.951735,0.0,0.186038,0.174975,0.174975,0.071088,0.044442,0.044442,True,False,False,0.0,False,True,37.94
318,15.9,1,drowsy,drowsy,1.0,0.0,1.0,0.0,0.0,0.0,0.041876,0.951375,0.0,0.186048,0.174543,0.174543,0.071089,0.044298,0.044298,True,False,False,0.0,False,True,38.4
319,15.95,1,drowsy,drowsy,1.0,0.0,1.0,0.0,0.0,0.0,0.041547,0.951212,0.0,0.185299,0.174113,0.174113,0.07072,0.044154,0.044154,True,False,False,0.0,False,True,38.0
320,16.0,1,drowsy,drowsy,1.0,0.0,1.0,0.0,0.0,0.0,0.04183,0.95128,0.0,0.186069,0.173687,0.173687,0.07109,0.044012,0.044012,True,False,False,0.0,False,True,47.95
321,16.05,1,drowsy,drowsy,1.0,0.0,1.0,0.0,0.0,0.0,0.04249,0.951076,0.0,0.186079,0.173265,0.173265,0.07109,0.043871,0.043871,True,False,False,0.0,False,True,37.459
322,16.1,1,drowsy,drowsy,1.0,0.0,1.0,0.0,0.0,0.0,0.124491,0.936718,0.0,0.186516,0.173111,0.173111,0.071096,0.043732,0.043732,True,False,False,0.0,False,True,37.322
323,16.15,1,drowsy,drowsy,1.0,0.0,1.0,0.0,0.0,0.0,0.451637,0.880376,0.0,0.187787,0.173935,0.173935,0.070755,0.043603,0.043603,True,False,False,0.0,False,True,37.491
324,16.2,1,drowsy,drowsy,1.0,0.0,1.0,0.0,0.0,0.0,0.383434,0.919195,0.0,0.189535,0.174579,0.174579,0.070768,0.043469,0.043469,True,False,False,0.043858,False,True,37.506
325,16.25,1,drowsy,drowsy,1.0,0.0,1.0,0.0,0.0,0.0,0.261194,0.937108,0.0,0.188991,0.17485,0.17485,0.071101,0.043333,0.043333,True,False,False,0.051132,False,True,46.405
326,16.3,1,drowsy,drowsy,1.0,0.0,1.0,0.0,0.0,0.0,0.116129,0.949401,0.0,0.187106,0.174665,0.174665,0.071049,0.043196,0.043196,True,False,False,0.0,False,True,37.473
327,16.35,1,drowsy,drowsy,1.0,0.0,1.0,0.0,0.0,0.0,0.057739,0.953728,0.0,0.185098,0.174295,0.174295,0.071024,0.043059,0.043059,True,False,False,0.0,False,True,37.459
328,16.4,1,drowsy,drowsy,1.0,0.0,1.0,0.0,0.0,0.0,0.042234,0.954658,0.0,0.184356,0.173878,0.173878,0.070655,0.042924,0.042924,True,False,False,0.0,False,True,37.201
329,16.45,1,drowsy,drowsy,1.0,0.0,1.0,0.0,0.0,0.0,0.040111,0.954027,0.0,0.182892,0.173458,0.173458,0.070642,0.042789,0.042789,True,False,False,0.0,False,True,37.138
330,16.5,1,drowsy,drowsy,1.0,0.0,1.0,0.0,0.0,0.0,0.04017,0.953311,0.0,0.182932,0.17304,0.17304,0.071006,0.042655,0.042655,True,False,False,0.0,False,True,46.029
331,16.55,1,drowsy,drowsy,1.0,0.0,1.0,0.0,0.0,0.0,0.041182,0.952381,0.0,0.182893,0.172629,0.172629,0.071006,0.042522,0.042522,True,False,False,0.0,False,True,37.105
332,16.6,1,drowsy,drowsy,1.0,0.0,1.0,0.0,0.0,0.0,0.042915,0.951783,0.0,0.182865,0.172226,0.172226,0.071006,0.042389,0.042389,True,False,False,0.0,False,True,37.153
333,16.65,1,drowsy,drowsy,1.0,0.0,1.0,0.0,0.0,0.0,0.060579,0.947502,0.0,0.182235,0.171882,0.171882,0.07064,0.042259,0.042259,True,False,False,0.0,False,True,37.285
334,16.7,1,drowsy,drowsy,1.0,0.0,1.0,0.0,0.0,0.0,0.111101,0.940869,0.0,0.18248,0.171696,0.171696,0.070643,0.04213,0.04213,True,False,False,0.0,False,True,37.59
335,16.75,1,drowsy,drowsy,1.0,0.0,1.0,0.0,0.0,0.0,0.434794,0.892711,0.0,0.184857,0.172456,0.172456,0.071031,0.042008,0.042008,True,False,False,0.0,False,True,46.46
336,16.8,1,drowsy,drowsy,1.0,0.0,1.0,0.0,0.0,0.0,0.506718,0.8394,0.0,0.186921,0.173361,0.173361,0.071073,0.041894,0.041894,True,False,False,0.0,False,True,37.294
337,16.85,1,drowsy,drowsy,1.0,0.0,1.0,0.0,0.0,0.0,0.515962,0.822519,0.0,0.189028,0.174268,0.174268,0.071121,0.041784,0.041784,True,False,False,0.0,False,True,38.384
338,16.9,1,drowsy,drowsy,1.0,0.0,1.0,0.0,0.0,0.0,0.478295,0.878727,0.0,0.190414,0.175125,0.175125,0.07078,0.041666,0.041666,True,False,False,0.0,False,True,37.699
339,16.95,1,drowsy,drowsy,1.0,0.0,1.0,0.0,0.0,0.0,0.387934,0.913093,0.0,0.192028,0.175747,0.175747,0.070792,0.041544,0.041544,True,False,False,0.0,False,True,37.548
340,17.0,1,drowsy,drowsy,1.0,0.0,1.0,0.0,0.0,0.0,0.213671,0.936246,0.0,0.193423,0.17586,0.17586,0.071161,0.04142,0.04142,True,False,False,0.0,False,True,46.841
341,17.05,1,drowsy,drowsy,1.0,0.0,1.0,0.0,0.0,0.0,0.082808,0.950786,0.0,0.19353,0.175579,0.175579,0.071159,0.041295,0.041295,True,False,False,0.0,False,True,38.115
342,17.1,1,drowsy,drowsy,1.0,0.0,1.0,0.0,0.0,0.0,0.045479,0.955696,0.0,0.193468,0.175184,0.175184,0.071155,0.04117,0.04117,True,False,False,0.0,False,True,37.601
343,17.15,1,drowsy,drowsy,1.0,0.0,1.0,0.0,0.0,0.0,0.040363,0.955916,0.0,0.19267,0.174777,0.174777,0.070784,0.041045,0.041045,True,False,False,0.0,False,True,37.492
344,17.2,1,drowsy,drowsy,1.0,0.0,1.0,0.0,0.0,0.0,0.037737,0.954986,0.0,0.191955,0.174365,0.174365,0.070773,0.040922,0.040922,True,False,False,0.0,False,True,37.282
345,17.25,1,drowsy,drowsy,1.0,0.0,1.0,0.0,0.0,0.0,0.037251,0.954241,0.0,0.188994,0.173954,0.173954,0.071095,0.040799,0.040799,True,False,False,0.0,False,True,46.146
346,17.3,1,drowsy,drowsy,1.0,0.0,1.0,0.0,0.0,0.0,0.03882,0.953315,0.0,0.187938,0.17355,0.17355,0.071086,0.040677,0.040677,True,False,False,0.0,False,True,37.349
347,17.35,1,drowsy,drowsy,1.0,0.0,1.0,0.0,0.0,0.0,0.040432,0.952839,0.0,0.187617,0.173154,0.173154,0.071082,0.040556,0.040556,True,False,False,0.0,False,True,37.292
348,17.4,1,drowsy,drowsy,1.0,0.0,1.0,0.0,0.0,0.0,0.03993,0.952463,0.0,0.186851,0.172759,0.172759,0.070714,0.040436,0.040436,True,False,False,0.0,False,True,37.337
349,17.45,1,drowsy,drowsy,1.0,0.0,1.0,0.0,0.0,0.0,0.039725,0.951816,0.0,0.186772,0.172366,0.172366,0.070714,0.040316,0.040316,True,False,False,0.0,False,True,37.346
350,17.5,1,drowsy,drowsy,1.0,0.0,1.0,0.0,0.0,0.0,0.043514,0.951143,0.0,0.187554,0.171986,0.171986,0.071084,0.040198,0.040198,True,False,False,0.0,False,True,45.995
351,17.55,1,drowsy,drowsy,1.0,0.0,1.0,0.0,0.0,0.0,0.048465,0.950434,0.0,0.187595,0.171624,0.171624,0.071085,0.04008,0.04008,True,False,False,0.0,False,True,37.419
352,17.6,1,drowsy,drowsy,1.0,0.0,1.0,0.0,0.0,0.0,0.046897,0.950976,0.0,0.187615,0.171259,0.171259,0.071086,0.039962,0.039962,True,False,False,0.0,False,True,37.219
353,17.65,1,drowsy,drowsy,1.0,0.0,1.0,0.0,0.0,0.0,0.045451,0.951558,0.0,0.186878,0.170892,0.170892,0.070717,0.039846,0.039846,True,False,False,0.0,False,True,37.377
354,17.7,1,drowsy,drowsy,1.0,0.0,1.0,0.0,0.0,0.0,0.042756,0.95199,0.0,0.186886,0.170519,0.170519,0.070718,0.03973,0.03973,True,False,False,0.0,False,True,37.42
355,17.75,1,drowsy,drowsy,1.0,0.0,1.0,0.0,0.0,0.0,0.04102,0.951347,0.0,0.187628,0.170143,0.170143,0.071087,0.039614,0.039614,True,False,False,0.0,False,True,46.136
356,17.8,1,drowsy,drowsy,1.0,0.0,1.0,0.0,0.0,0.0,0.04334,0.95081,0.0,0.187633,0.169776,0.169776,0.071087,0.0395,0.0395,True,False,False,0.0,False,True,37.546
357,17.85,1,drowsy,drowsy,1.0,0.0,1.0,0.0,0.0,0.0,0.044649,0.950797,0.0,0.187649,0.169415,0.169415,0.071088,0.039386,0.039386,True,False,False,0.0,False,True,37.797
358,17.9,1,drowsy,drowsy,1.0,0.0,1.0,0.0,0.0,0.0,0.045132,0.950691,0.0,0.186911,0.169058,0.169058,0.07072,0.039273,0.039273,True,False,False,0.0,False,True,37.411
359,17.95,1,drowsy,drowsy,1.0,0.0,1.0,0.0,0.0,0.0,0.046389,0.950403,0.0,0.186925,0.168706,0.168706,0.070721,0.03916,0.03916,True,False,False,0.0,False,True,37.223
360,18.0,1,drowsy,drowsy,1.0,0.0,1.0,0.0,0.0,0.0,0.049098,0.950039,0.0,0.18765,0.168365,0.168365,0.071088,0.039048,0.039048,True,False,False,0.0,False,True,46.068
361,18.05,1,drowsy,drowsy,1.0,0.0,1.0,0.0,0.0,0.0,0.045833,0.950824,0.0,0.187586,0.168015,0.168015,0.071088,0.038937,0.038937,True,False,False,0.0,False,True,37.328
362,18.1,1,drowsy,drowsy,1.0,0.0,1.0,0.0,0.0,0.0,0.04612,0.950701,0.0,0.187583,0.167669,0.167669,0.071088,0.038826,0.038826,True,False,False,0.0,False,True,37.33
363,18.15,1,drowsy,drowsy,1.0,0.0,1.0,0.0,0.0,0.0,0.048654,0.950295,0.0,0.186865,0.167332,0.167332,0.07072,0.038716,0.038716,True,False,False,0.0,False,True,37.341
364,18.2,1,drowsy,drowsy,1.0,0.0,1.0,0.0,0.0,0.0,0.049386,0.950794,0.0,0.187616,0.166998,0.166998,0.071087,0.038607,0.038607,True,False,False,0.0,False,True,37.338
365,18.25,1,drowsy,drowsy,1.0,0.0,1.0,0.0,0.0,0.0,0.052084,0.950095,0.0,0.187587,0.166675,0.166675,0.071086,0.038498,0.038498,True,False,False,0.0,False,True,46.108
366,18.3,1,drowsy,drowsy,1.0,0.0,1.0,0.0,0.0,0.0,0.052475,0.950336,0.0,0.187632,0.166354,0.166354,0.071086,0.03839,0.03839,True,False,False,0.0,False,True,37.354
367,18.35,1,drowsy,drowsy,1.0,0.0,1.0,0.0,0.0,0.0,0.054498,0.950114,0.0,0.187706,0.16604,0.16604,0.071086,0.038282,0.038282,True,False,False,0.0,False,True,37.822
368,18.4,1,drowsy,drowsy,1.0,0.0,1.0,0.0,0.0,0.0,0.141585,0.932347,0.0,0.187471,0.165973,0.165973,0.070725,0.038178,0.038178,True,False,False,0.0,False,True,37.563
369,18.45,1,drowsy,drowsy,1.0,0.0,1.0,0.0,0.0,0.0,0.16531,0.930556,0.0,0.188892,0.165972,0.165972,0.071101,0.038073,0.038073,True,False,False,0.0,False,True,37.331
370,18.5,1,drowsy,drowsy,1.0,0.0,1.0,0.0,0.0,0.0,0.282946,0.912838,0.0,0.190143,0.166284,0.166284,0.071116,0.037972,0.037972,True,False,False,0.0,False,True,46.046
371,18.55,1,drowsy,drowsy,1.0,0.0,1.0,0.0,0.0,0.0,0.308944,0.912828,0.0,0.191524,0.166664,0.166664,0.07113,0.037871,0.037871,True,False,False,0.0,False,True,37.344
372,18.6,1,drowsy,drowsy,1.0,0.0,1.0,0.0,0.0,0.0,0.380178,0.898938,0.0,0.193248,0.167222,0.167222,0.071151,0.037772,0.037772,True,False,False,0.0,False,True,37.645
373,18.65,1,drowsy,drowsy,1.0,0.0,1.0,0.0,0.0,0.0,0.409063,0.896306,0.0,0.194302,0.167851,0.167851,0.070803,0.037673,0.037673,True,False,False,0.0,False,True,37.59
374,18.7,1,drowsy,drowsy,1.0,0.0,1.0,0.0,0.0,0.0,0.38235,0.903614,0.0,0.196792,0.168411,0.168411,0.071191,0.037575,0.037575,True,False,False,0.0,False,True,37.442
375,18.75,1,drowsy,drowsy,1.0,0.0,1.0,0.0,0.0,0.0,0.273806,0.923706,0.0,0.19795,0.168692,0.168692,0.071202,0.037475,0.037475,True,False,False,0.0,False,True,46.378
376,18.8,1,drowsy,drowsy,1.0,0.0,1.0,0.0,0.0,0.0,0.496993,0.8389,0.0,0.199987,0.169485,0.169485,0.071244,0.037384,0.037384,True,False,False,0.0,False,True,37.392
377,18.85,1,drowsy,drowsy,1.0,0.0,1.0,0.0,0.0,0.0,0.546049,0.80306,0.0,0.200585,0.170354,0.170354,0.071281,0.037298,0.037298,True,False,False,0.0,False,True,37.147
378,18.9,1,drowsy,drowsy,1.0,0.0,1.0,0.0,0.0,0.0,0.568191,0.802048,0.0,0.202196,0.171268,0.171268,0.070968,0.037212,0.037212,True,False,False,0.0,False,True,37.518
379,18.95,1,drowsy,drowsy,1.0,0.0,1.0,0.0,0.0,0.0,0.523762,0.857663,0.0,0.201369,0.172132,0.172132,0.071325,0.037121,0.037121,True,False,False,0.0,False,True,37.244
380,19.0,1,drowsy,drowsy,1.0,0.0,1.0,0.0,0.0,0.0,0.44034,0.904619,0.0,0.202247,0.172824,0.172824,0.071333,0.037025,0.037025,True,False,False,0.0,False,True,46.178
381,19.05,1,drowsy,drowsy,1.0,0.0,1.0,0.0,0.0,0.0,0.283918,0.92654,0.0,0.203167,0.173117,0.173117,0.07134,0.036928,0.036928,True,False,False,0.0,False,True,37.225
382,19.1,1,drowsy,drowsy,1.0,0.0,1.0,0.0,0.0,0.0,0.109061,0.945379,0.0,0.203475,0.172945,0.172945,0.071343,0.036829,0.036829,True,False,False,0.0,False,True,37.841
383,19.15,1,drowsy,drowsy,1.0,0.0,1.0,0.0,0.0,0.0,0.048456,0.954065,0.0,0.202667,0.172609,0.172609,0.070971,0.036729,0.036729,True,False,False,0.0,False,True,38.159
384,19.2,1,drowsy,drowsy,1.0,0.0,1.0,0.0,0.0,0.0,0.041433,0.955362,0.0,0.203538,0.172256,0.172256,0.071342,0.03663,0.03663,True,False,False,0.0,False,True,37.648
385,19.25,1,drowsy,drowsy,1.0,0.0,1.0,0.0,0.0,0.0,0.038147,0.955173,0.0,0.203508,0.171895,0.171895,0.071341,0.036532,0.036532,True,False,False,0.0,False,True,46.321
386,19.3,1,drowsy,drowsy,1.0,0.0,1.0,0.0,0.0,0.0,0.036375,0.954388,0.0,0.203468,0.171532,0.171532,0.071339,0.036434,0.036434,True,False,False,0.0,False,True,37.619
387,19.35,1,drowsy,drowsy,1.0,0.0,1.0,0.0,0.0,0.0,0.037714,0.953599,0.0,0.203453,0.171175,0.171175,0.071338,0.036337,0.036337,True,False,False,0.0,False,True,37.529
388,19.4,1,drowsy,drowsy,1.0,0.0,1.0,0.0,0.0,0.0,0.040133,0.952458,0.0,0.202602,0.170827,0.170827,0.070967,0.03624,0.03624,True,False,False,0.0,False,True,37.173
389,19.45,1,drowsy,drowsy,1.0,0.0,1.0,0.0,0.0,0.0,0.040832,0.952113,0.0,0.203408,0.170483,0.170483,0.071338,0.036144,0.036144,True,False,False,0.0,False,True,37.192
390,19.5,1,drowsy,drowsy,1.0,0.0,1.0,0.0,0.0,0.0,0.042992,0.951355,0.0,0.203387,0.170146,0.170146,0.071337,0.036049,0.036049,True,False,False,0.022362,False,True,46.195
391,19.55,1,drowsy,drowsy,1.0,0.0,1.0,0.0,0.0,0.0,0.043127,0.95072,0.0,0.203363,0.169812,0.169812,0.071337,0.035954,0.035954,True,False,False,0.022362,False,True,37.66
392,19.6,1,drowsy,drowsy,1.0,0.0,1.0,0.0,0.0,0.0,0.041061,0.951586,0.0,0.203316,0.169473,0.169473,0.071337,0.03586,0.03586,True,False,False,0.0,False,True,37.522
393,19.65,1,drowsy,drowsy,1.0,0.0,1.0,0.0,0.0,0.0,0.04217,0.951673,0.0,0.202478,0.16914,0.16914,0.070966,0.035766,0.035766,True,False,False,0.0,False,True,37.46
394,19.7,1,drowsy,drowsy,1.0,0.0,1.0,0.0,0.0,0.0,0.042208,0.951809,0.0,0.203248,0.168808,0.168808,0.071336,0.035672,0.035672,True,False,False,0.0,False,True,37.369
395,19.75,1,drowsy,drowsy,1.0,0.0,1.0,0.0,0.0,0.0,0.04328,0.951343,0.0,0.20321,0.16848,0.16848,0.071335,0.035579,0.035579,True,False,False,0.0,False,True,46.13
396,19.8,1,drowsy,drowsy,1.0,0.0,1.0,0.0,0.0,0.0,0.042225,0.951212,0.0,0.203159,0.168152,0.168152,0.071334,0.035487,0.035487,True,False,False,0.0,False,True,37.35
397,19.85,1,drowsy,drowsy,1.0,0.0,1.0,0.0,0.0,0.0,0.040662,0.951797,0.0,0.203116,0.167822,0.167822,0.071334,0.035395,0.035395,True,False,False,0.0,False,True,37.18
398,19.9,1,drowsy,drowsy,1.0,0.0,1.0,0.0,0.0,0.0,0.040574,0.951763,0.0,0.20227,0.167492,0.167492,0.070963,0.035303,0.035303,True,False,False,0.0,False,True,37.527
399,19.95,1,drowsy,drowsy,1.0,0.0,1.0,0.0,0.0,0.0,0.040027,0.951907,0.0,0.203031,0.167163,0.167163,0.071333,0.035212,0.035212,True,False,False,0.0,False,True,37.214
400,20.0,1,drowsy,drowsy,1.0,0.0,1.0,0.0,0.0,0.0,0.044687,0.950767,0.0,0.203043,0.166848,0.166848,0.071333,0.035121,0.035121,True,False,False,0.0,False,True,45.926
401,20.05,1,drowsy,drowsy,1.0,0.0,1.0,0.0,0.0,0.0,0.048061,0.950389,0.0,0.203089,0.166544,0.166544,0.071335,0.035031,0.035031,True,False,False,0.0,False,True,37.233
402,20.1,1,drowsy,drowsy,1.0,0.0,1.0,0.0,0.0,0.0,0.046525,0.950494,0.0,0.203098,0.166237,0.166237,0.071335,0.034942,0.034942,True,False,False,0.0,False,True,37.015
403,20.15,1,drowsy,drowsy,1.0,0.0,1.0,0.0,0.0,0.0,0.045534,0.950904,0.0,0.202279,0.165929,0.165929,0.070965,0.034852,0.034852,True,False,False,0.0,False,True,37.331
404,20.2,1,drowsy,drowsy,1.0,0.0,1.0,0.0,0.0,0.0,0.042757,0.95168,0.0,0.202733,0.165615,0.165615,0.071332,0.034764,0.034764,True,False,False,0.0,False,True,37.374
405,20.25,1,drowsy,drowsy,1.0,0.0,1.0,0.0,0.0,0.0,0.040391,0.952563,0.0,0.202336,0.165297,0.165297,0.071328,0.034675,0.034675,True,False,False,0.0,False,True,45.856
406,20.3,1,drowsy,drowsy,1.0,0.0,1.0,0.0,0.0,0.0,0.044902,0.951457,0.0,0.201809,0.164992,0.164992,0.071323,0.034587,0.034587,True,False,False,0.0,False,True,37.215
407,20.35,1,drowsy,drowsy,1.0,0.0,1.0,0.0,0.0,0.0,0.047745,0.950432,0.0,0.201268,0.164695,0.164695,0.071319,0.0345,0.0345,True,False,False,0.0,False,True,37.253
408,20.4,1,drowsy,drowsy,1.0,0.0,1.0,0.0,0.0,0.0,0.047468,0.950428,0.0,0.20047,0.1644,0.1644,0.070949,0.034413,0.034413,True,False,False,0.0,False,True,37.276
409,20.45,1,drowsy,drowsy,1.0,0.0,1.0,0.0,0.0,0.0,0.0502,0.94922,0.0,0.198203,0.164114,0.164114,0.071297,0.034327,0.034327,True,False,False,0.0,False,True,37.861
410,20.5,1,drowsy,drowsy,1.0,0.0,1.0,0.0,0.0,0.0,0.048043,0.949829,0.0,0.195985,0.163823,0.163823,0.071253,0.034241,0.034241,True,False,False,0.0,False,True,46.821
411,20.55,1,drowsy,drowsy,1.0,0.0,1.0,0.0,0.0,0.0,0.045176,0.950237,0.0,0.193749,0.163526,0.163526,0.071202,0.034155,0.034155,True,False,False,0.0,False,True,38.09
412,20.6,1,drowsy,drowsy,1.0,0.0,1.0,0.0,0.0,0.0,0.051189,0.948613,0.0,0.191707,0.163247,0.163247,0.071178,0.03407,0.03407,True,False,False,0.0,False,True,37.499
413,20.65,1,drowsy,drowsy,1.0,0.0,1.0,0.0,0.0,0.0,0.046775,0.949996,0.0,0.190956,0.162957,0.162957,0.07081,0.033986,0.033986,True,False,False,0.0,False,True,38.382
414,20.7,1,drowsy,drowsy,1.0,0.0,1.0,0.0,0.0,0.0,0.04347,0.951095,0.0,0.189608,0.162661,0.162661,0.071158,0.033901,0.033901,True,False,False,0.0,False,True,37.849
415,20.75,1,drowsy,drowsy,1.0,0.0,1.0,0.0,0.0,0.0,0.045507,0.950809,0.0,0.189503,0.162371,0.162371,0.071157,0.033817,0.033817,True,False,False,0.0,False,True,46.96
416,20.8,1,drowsy,drowsy,1.0,0.0,1.0,0.0,0.0,0.0,0.048465,0.950697,0.0,0.189536,0.162089,0.162089,0.071158,0.033734,0.033734,True,False,False,0.0,False,True,37.669
417,20.85,1,drowsy,drowsy,1.0,0.0,1.0,0.0,0.0,0.0,0.047638,0.950566,0.0,0.189585,0.161807,0.161807,0.07116,0.033651,0.033651,True,False,False,0.0,False,True,37.318
418,20.9,1,drowsy,drowsy,1.0,0.0,1.0,0.0,0.0,0.0,0.054007,0.949051,0.0,0.188883,0.161543,0.161543,0.070792,0.033568,0.033568,True,False,False,0.0,False,True,37.273
419,20.95,1,drowsy,drowsy,1.0,0.0,1.0,0.0,0.0,0.0,0.059033,0.948631,0.0,0.189783,0.161292,0.161292,0.071163,0.033486,0.033486,True,False,False,0.0,False,True,37.384
420,21.0,1,drowsy,drowsy,1.0,0.0,1.0,0.0,0.0,0.0,0.060109,0.948843,0.0,0.189866,0.161045,0.161045,0.071165,0.033404,0.033404,True,False,False,0.0,False,True,46.068
421,21.05,1,drowsy,drowsy,1.0,0.0,1.0,0.0,0.0,0.0,0.061198,0.949103,0.0,0.189893,0.160802,0.160802,0.071165,0.033323,0.033323,True,False,False,0.0,False,True,37.34
422,21.1,1,drowsy,drowsy,1.0,0.0,1.0,0.0,0.0,0.0,0.062295,0.949209,0.0,0.189765,0.160563,0.160563,0.071163,0.033242,0.033242,True,False,False,0.0,False,True,37.472
423,21.15,1,drowsy,drowsy,1.0,0.0,1.0,0.0,0.0,0.0,0.060144,0.949669,0.0,0.189094,0.160319,0.160319,0.070794,0.033161,0.033161,True,False,False,0.0,False,True,37.33
424,21.2,1,drowsy,drowsy,1.0,0.0,1.0,0.0,0.0,0.0,0.065436,0.948772,0.0,0.18959,0.16009,0.16009,0.071161,0.033081,0.033081,True,False,False,0.0,False,True,37.803
425,21.25,1,drowsy,drowsy,1.0,0.0,1.0,0.0,0.0,0.0,0.080819,0.945899,0.0,0.189724,0.159899,0.159899,0.071163,0.033002,0.033002,True,False,False,0.0,False,True,46.047
426,21.3,1,drowsy,drowsy,1.0,0.0,1.0,0.0,0.0,0.0,0.084237,0.94494,0.0,0.189927,0.159718,0.159718,0.071165,0.032923,0.032923,True,False,False,0.0,False,True,37.498
427,21.35,1,drowsy,drowsy,1.0,0.0,1.0,0.0,0.0,0.0,0.084886,0.943569,0.0,0.190137,0.159539,0.159539,0.071168,0.032844,0.032844,True,False,False,0.0,False,True,37.57
428,21.4,1,drowsy,drowsy,1.0,0.0,1.0,0.0,0.0,0.0,0.111348,0.937601,0.0,0.189734,0.159425,0.159425,0.070805,0.032766,0.032766,True,False,False,0.0,False,True,37.495
429,21.45,1,drowsy,drowsy,1.0,0.0,1.0,0.0,0.0,0.0,0.124779,0.936733,0.0,0.190929,0.159344,0.159344,0.07118,0.032689,0.032689,True,False,False,0.0,False,True,37.294
430,21.5,1,drowsy,drowsy,1.0,0.0,1.0,0.0,0.0,0.0,0.082453,0.944921,0.0,0.191145,0.159161,0.159161,0.071182,0.032611,0.032611,True,False,False,0.0,False,True,46.735
431,21.55,1,drowsy,drowsy,1.0,0.0,1.0,0.0,0.0,0.0,0.062337,0.948204,0.0,0.191262,0.158931,0.158931,0.071184,0.032534,0.032534,True,False,False,0.0,False,True,37.649
432,21.6,1,drowsy,drowsy,1.0,0.0,1.0,0.0,0.0,0.0,0.05743,0.948883,0.0,0.19135,0.158691,0.158691,0.071185,0.032457,0.032457,True,False,False,0.0,False,True,37.866
433,21.65,1,drowsy,drowsy,1.0,0.0,1.0,0.0,0.0,0.0,0.051695,0.949593,0.0,0.190627,0.158437,0.158437,0.070816,0.03238,0.03238,True,False,False,0.0,False,True,37.617
434,21.7,1,drowsy,drowsy,1.0,0.0,1.0,0.0,0.0,0.0,0.257882,0.915911,0.0,0.192533,0.158664,0.158664,0.0712,0.032306,0.032306,True,False,False,0.0,False,True,37.899
435,21.75,1,drowsy,drowsy,1.0,0.0,1.0,0.0,0.0,0.0,0.492213,0.834227,0.0,0.194695,0.159355,0.159355,0.071246,0.032239,0.032239,True,False,False,0.0,False,True,45.956
436,21.8,1,drowsy,drowsy,1.0,0.0,1.0,0.0,0.0,0.0,0.538715,0.799422,0.0,0.196979,0.160106,0.160106,0.071305,0.032175,0.032175,True,False,False,0.0,False,True,37.435
437,21.85,1,drowsy,drowsy,1.0,0.0,1.0,0.0,0.0,0.0,0.548338,0.805898,0.0,0.197468,0.16088,0.16088,0.071338,0.032111,0.032111,True,False,False,0.0,False,True,37.114
438,21.9,1,drowsy,drowsy,1.0,0.0,1.0,0.0,0.0,0.0,0.507482,0.853757,0.0,0.198916,0.16161,0.16161,0.071005,0.032044,0.032044,True,False,False,0.0,False,True,37.407
439,21.95,1,drowsy,drowsy,1.0,0.0,1.0,0.0,0.0,0.0,0.469108,0.881376,0.0,0.197151,0.162277,0.162277,0.071302,0.031974,0.031974,True,False,False,0.0,False,True,37.203
440,22.0,1,drowsy,drowsy,1.0,0.0,1.0,0.0,0.0,0.0,0.42517,0.892934,0.0,0.196276,0.162854,0.162854,0.071273,0.031904,0.031904,True,False,False,0.0,False,True,46.22
441,22.05,1,drowsy,drowsy,1.0,0.0,1.0,0.0,0.0,0.0,0.323893,0.914827,0.0,0.194641,0.163215,0.163215,0.071234,0.031832,0.031832,True,False,False,0.0,False,True,37.4
442,22.1,1,drowsy,drowsy,1.0,0.0,1.0,0.0,0.0,0.0,0.176097,0.935695,0.0,0.192497,0.163244,0.163244,0.071189,0.03176,0.03176,True,False,False,0.0,False,True,37.59
443,22.15,1,drowsy,drowsy,1.0,0.0,1.0,0.0,0.0,0.0,0.082976,0.94843,0.0,0.19193,0.163059,0.163059,0.070821,0.031686,0.031686,True,False,False,0.0,False,True,37.657
444,22.2,1,drowsy,drowsy,1.0,0.0,1.0,0.0,0.0,0.0,0.055403,0.952751,0.0,0.188859,0.162809,0.162809,0.071155,0.031613,0.031613,True,False,False,0.0,False,True,37.204
445,22.25,1,drowsy,drowsy,1.0,0.0,1.0,0.0,0.0,0.0,0.051888,0.952274,0.0,0.188259,0.162552,0.162552,0.071151,0.03154,0.03154,True,False,False,0.0,False,True,46.374
446,22.3,1,drowsy,drowsy,1.0,0.0,1.0,0.0,0.0,0.0,0.053988,0.949797,0.0,0.188186,0.162303,0.162303,0.071152,0.031467,0.031467,True,False,False,0.0,False,True,37.628
447,22.35,1,drowsy,drowsy,1.0,0.0,1.0,0.0,0.0,0.0,0.064781,0.947419,0.0,0.187286,0.162079,0.162079,0.071142,0.031395,0.031395,True,False,False,0.0,False,True,37.447
448,22.4,1,drowsy,drowsy,1.0,0.0,1.0,0.0,0.0,0.0,0.064458,0.947135,0.0,0.186652,0.161856,0.161856,0.070775,0.031323,0.031323,True,False,False,0.0,False,True,37.742
449,22.45,1,drowsy,drowsy,1.0,0.0,1.0,0.0,0.0,0.0,0.056693,0.949365,0.0,0.184352,0.161616,0.161616,0.071118,0.031252,0.031252,True,False,False,0.0,False,True,37.632
450,22.5,1,drowsy,drowsy,1.0,0.0,1.0,0.0,0.0,0.0,0.061229,0.949073,0.0,0.182706,0.161387,0.161387,0.071108,0.03118,0.03118,True,False,False,0.0,False,True,46.267
451,22.55,1,drowsy,drowsy,1.0,0.0,1.0,0.0,0.0,0.0,0.070538,0.947624,0.0,0.181696,0.161181,0.161181,0.071104,0.03111,0.03111,True,False,False,0.0,False,True,37.475
452,22.6,1,drowsy,drowsy,1.0,0.0,1.0,0.0,0.0,0.0,0.079402,0.946145,0.0,0.181458,0.160996,0.160996,0.071104,0.031039,0.031039,True,False,False,0.0,False,True,37.518
453,22.65,1,drowsy,drowsy,1.0,0.0,1.0,0.0,0.0,0.0,0.074847,0.94671,0.0,0.180908,0.160802,0.160802,0.070737,0.030969,0.030969,True,False,False,0.0,False,True,37.957
454,22.7,1,drowsy,drowsy,1.0,0.0,1.0,0.0,0.0,0.0,0.065829,0.948124,0.0,0.181651,0.160587,0.160587,0.071109,0.030899,0.030899,True,False,False,0.0,False,True,37.983
455,22.75,1,drowsy,drowsy,1.0,0.0,1.0,0.0,0.0,0.0,0.104378,0.943739,0.0,0.181989,0.160461,0.160461,0.071113,0.03083,0.03083,True,False,False,0.0,False,True,46.677
456,22.8,1,drowsy,drowsy,1.0,0.0,1.0,0.0,0.0,0.0,0.105663,0.944846,0.0,0.182338,0.160339,0.160339,0.071117,0.030761,0.030761,True,False,False,0.0,False,True,37.843
457,22.85,1,drowsy,drowsy,1.0,0.0,1.0,0.0,0.0,0.0,0.444647,0.876659,0.0,0.184334,0.160928,0.160928,0.071146,0.030697,0.030697,True,False,False,0.0,False,True,37.569
458,22.9,1,drowsy,drowsy,1.0,0.0,1.0,0.0,0.0,0.0,0.509249,0.827565,0.0,0.1858,0.161608,0.161608,0.070825,0.030637,0.030637,True,False,False,0.0,False,True,38.155
459,22.95,1,drowsy,drowsy,1.0,0.0,1.0,0.0,0.0,0.0,0.524244,0.831451,0.0,0.188787,0.162318,0.162318,0.071241,0.030577,0.030577,True,False,False,0.0,False,True,38.244
460,23.0,1,drowsy,drowsy,1.0,0.0,1.0,0.0,0.0,0.0,0.53416,0.832748,0.0,0.191065,0.163046,0.163046,0.071287,0.030518,0.030518,True,False,False,0.0,False,True,46.543
461,23.05,1,drowsy,drowsy,1.0,0.0,1.0,0.0,0.0,0.0,0.533576,0.839363,0.0,0.191601,0.163775,0.163775,0.071307,0.030457,0.030457,True,False,False,0.0,False,True,37.815
462,23.1,1,drowsy,drowsy,1.0,0.0,1.0,0.0,0.0,0.0,0.540748,0.836084,0.0,0.191775,0.164513,0.164513,0.071316,0.030398,0.030398,True,False,False,0.0,False,True,37.719
463,23.15,1,drowsy,drowsy,1.0,0.0,1.0,0.0,0.0,0.0,0.534898,0.840844,0.0,0.193352,0.16524,0.16524,0.070989,0.030338,0.030338,True,False,False,0.0,False,True,37.53
464,23.2,1,drowsy,drowsy,1.0,0.0,1.0,0.0,0.0,0.0,0.527273,0.835286,0.0,0.191842,0.165945,0.165945,0.071291,0.030279,0.030279,True,False,False,0.0,False,True,37.537
465,23.25,1,drowsy,drowsy,1.0,0.0,1.0,0.0,0.0,0.0,0.563018,0.813647,0.0,0.191767,0.166697,0.166697,0.071285,0.030222,0.030222,True,False,False,0.0,False,True,46.354
466,23.3,1,drowsy,drowsy,1.0,0.0,1.0,0.0,0.0,0.0,0.613953,0.800664,0.0,0.191549,0.167529,0.167529,0.068368,0.030166,0.030166,True,False,False,0.0,False,True,37.48
467,23.35,1,drowsy,drowsy,1.0,0.0,1.0,0.0,0.0,0.0,0.705683,0.797143,0.0,0.191391,0.168524,0.168524,0.06512,0.03011,0.03011,True,False,False,0.0,False,True,37.4
468,23.4,1,drowsy,drowsy,1.0,0.0,1.0,0.0,0.0,0.0,0.752128,0.796032,0.0,0.193831,0.169599,0.169599,0.064836,0.030054,0.030054,True,False,False,0.0,False,True,37.428
469,23.45,1,drowsy,drowsy,1.0,0.0,1.0,0.0,0.0,0.0,0.793219,0.778668,0.0,0.191285,0.170721,0.170721,0.058347,0.03,0.03,True,False,False,0.0,False,True,37.328
470,23.5,1,drowsy,drowsy,1.0,0.0,1.0,0.0,0.0,0.0,0.810371,0.764458,0.0,0.191252,0.171848,0.171848,0.054914,0.029947,0.029947,True,False,False,0.0,False,True,46.347
471,23.55,1,drowsy,drowsy,1.0,0.0,1.0,0.0,0.0,0.0,0.813308,0.757279,0.0,0.191193,0.172967,0.172967,0.051478,0.029895,0.029895,True,False,False,0.0,False,True,37.706
472,23.6,1,drowsy,drowsy,1.0,0.0,1.0,0.0,0.0,0.0,0.830696,0.752503,0.05,0.191185,0.174104,0.174104,0.048045,0.029843,0.029843,True,False,False,0.0,False,True,37.49
473,23.65,1,drowsy,drowsy,1.0,0.0,1.0,0.0,0.0,0.0,0.823619,0.748133,0.1,0.193772,0.175219,0.175219,0.047849,0.029792,0.029792,True,False,False,0.0,False,True,37.549
474,23.7,1,drowsy,drowsy,1.0,0.0,1.0,0.0,0.0,0.0,0.807847,0.739469,0.15,0.191016,0.17629,0.17629,0.041232,0.029742,0.029742,True,False,False,0.0,False,True,37.828
475,23.75,1,drowsy,drowsy,1.0,0.0,1.0,0.0,0.0,0.0,0.833486,0.733752,0.2,0.190983,0.177393,0.177393,0.070532,0.04331,0.04331,True,False,False,0.0,False,True,46.755
476,23.8,1,drowsy,drowsy,1.0,0.0,1.0,0.0,0.0,0.0,0.837599,0.72934,0.25,0.190954,0.178492,0.178492,0.070509,0.044632,0.044632,True,False,False,0.0,False,True,37.609
477,23.85,1,drowsy,drowsy,1.0,0.0,1.0,0.0,0.0,0.0,0.814707,0.725022,0.3,0.190824,0.179543,0.179543,0.070386,0.045905,0.045905,True,False,False,0.0,False,True,37.505
478,23.9,1,drowsy,drowsy,1.0,0.0,1.0,0.0,0.0,0.0,0.824831,0.719436,0.35,0.193317,0.180599,0.180599,0.073353,0.04718,0.04718,True,False,False,0.0,False,True,37.618
479,23.95,1,drowsy,drowsy,1.0,0.0,1.0,0.0,0.0,0.0,0.81952,0.711603,0.4,0.190633,0.181632,0.181632,0.07022,0.048428,0.048428,True,False,False,0.0,False,True,38.282
480,24.0,1,drowsy,drowsy,1.0,0.0,1.0,0.0,0.0,0.0,0.830879,0.702737,0.45,0.190552,0.182667,0.182667,0.070154,0.049675,0.049675,True,False,False,0.0,False,True,46.545
481,24.05,1,drowsy,drowsy,1.0,0.0,1.0,0.0,0.0,0.0,0.810165,0.713569,0.5,0.190439,0.18368,0.18368,0.070067,0.050904,0.050904,True,False,False,0.0,False,True,38.607
482,24.1,1,drowsy,drowsy,1.0,0.0,1.0,0.0,0.0,0.0,0.71559,0.772889,0.55,0.190139,0.18461,0.18461,0.069834,0.052065,0.052065,True,False,False,0.0,False,True,38.873
483,24.15,1,drowsy,drowsy,1.0,0.0,1.0,0.0,0.0,0.0,0.514439,0.856262,0.0,0.191654,0.185247,0.185247,0.071911,0.052958,0.052958,True,False,False,0.0,False,True,38.027
484,24.2,1,drowsy,drowsy,1.0,0.0,1.0,0.0,0.0,0.0,0.338285,0.910898,0.0,0.187333,0.185561,0.185561,0.067303,0.053543,0.053543,True,False,False,0.0,False,True,37.969
485,24.25,1,drowsy,drowsy,1.0,0.0,1.0,0.0,0.0,0.0,0.14163,0.938925,0.0,0.184569,0.185468,0.185468,0.063988,0.05343,0.05343,True,False,False,0.0,False,True,47.172
486,24.3,1,drowsy,drowsy,1.0,0.0,1.0,0.0,0.0,0.0,0.057688,0.9522,0.0,0.181836,0.185195,0.185195,0.061068,0.053316,0.053316,True,False,False,0.0,False,True,38.623
487,24.35,1,drowsy,drowsy,1.0,0.0,1.0,0.0,0.0,0.0,0.045979,0.955743,0.0,0.179838,0.184898,0.184898,0.058883,0.053202,0.053202,True,False,False,0.0,False,True,38.28
488,24.4,1,drowsy,drowsy,1.0,0.0,1.0,0.0,0.0,0.0,0.040203,0.955824,0.0,0.179114,0.184589,0.184589,0.058578,0.053088,0.053088,True,False,False,0.0,False,True,38.05
489,24.45,1,drowsy,drowsy,1.0,0.0,1.0,0.0,0.0,0.0,0.037504,0.95528,0.0,0.178525,0.184276,0.184276,0.058871,0.052976,0.052976,True,False,False,0.0,False,True,37.947
490,24.5,1,drowsy,drowsy,1.0,0.0,1.0,0.0,0.0,0.0,0.036155,0.954293,0.0,0.178443,0.183962,0.183962,0.058871,0.052863,0.052863,True,False,False,0.0,False,True,46.32
491,24.55,1,drowsy,drowsy,1.0,0.0,1.0,0.0,0.0,0.0,0.036546,0.953693,0.0,0.178405,0.18365,0.18365,0.058872,0.052751,0.052751,True,False,False,0.0,False,True,37.748
492,24.6,1,drowsy,drowsy,1.0,0.0,1.0,0.0,0.0,0.0,0.036887,0.953384,0.0,0.178391,0.18334,0.18334,0.058872,0.05264,0.05264,True,False,False,0.0,False,True,37.367
493,24.65,1,drowsy,drowsy,1.0,0.0,1.0,0.0,0.0,0.0,0.037867,0.953135,0.0,0.177665,0.183034,0.183034,0.058568,0.052529,0.052529,True,False,False,0.0,False,True,37.434
494,24.7,1,drowsy,drowsy,1.0,0.0,1.0,0.0,0.0,0.0,0.036964,0.953205,0.0,0.178386,0.182727,0.182727,0.058873,0.052419,0.052419,True,False,False,0.0,False,True,37.451
495,24.75,1,drowsy,drowsy,1.0,0.0,1.0,0.0,0.0,0.0,0.036891,0.953173,0.0,0.178371,0.182421,0.182421,0.058872,0.052309,0.052309,True,False,False,0.0,False,True,46.313
496,24.8,1,drowsy,drowsy,1.0,0.0,1.0,0.0,0.0,0.0,0.037459,0.95288,0.0,0.178364,0.182118,0.182118,0.058873,0.0522,0.0522,True,False,False,0.0,False,True,37.372
497,24.85,1,drowsy,drowsy,1.0,0.0,1.0,0.0,0.0,0.0,0.037528,0.952938,0.0,0.178336,0.181816,0.181816,0.058872,0.052091,0.052091,True,False,False,0.0,False,True,37.523
498,24.9,1,drowsy,drowsy,1.0,0.0,1.0,0.0,0.0,0.0,0.037873,0.952511,0.0,0.17761,0.181517,0.181517,0.058568,0.051982,0.051982,True,False,False,0.0,False,True,37.587
499,24.95,1,drowsy,drowsy,1.0,0.0,1.0,0.0,0.0,0.0,0.03788,0.952575,0.0,0.178283,0.181218,0.181218,0.058872,0.051874,0.051874,True,False,False,0.0,False,True,37.693
500,25.0,1,drowsy,drowsy,1.0,0.0,1.0,0.0,0.0,0.0,0.039221,0.952408,0.0,0.178263,0.180924,0.180924,0.058872,0.051767,0.051767,True,False,False,0.0,False,True,46.255
501,25.05,1,drowsy,drowsy,1.0,0.0,1.0,0.0,0.0,0.0,0.039268,0.952372,0.0,0.178248,0.180631,0.180631,0.058872,0.05166,0.05166,True,False,False,0.0,False,True,37.457
502,25.1,1,drowsy,drowsy,1.0,0.0,1.0,0.0,0.0,0.0,0.039067,0.952761,0.0,0.178222,0.180339,0.180339,0.058871,0.051553,0.051553,True,False,False,0.0,False,True,37.483
503,25.15,1,drowsy,drowsy,1.0,0.0,1.0,0.0,0.0,0.0,0.03905,0.952912,0.0,0.177502,0.180047,0.180047,0.058567,0.051447,0.051447,True,False,False,0.0,False,True,37.424
504,25.2,1,drowsy,drowsy,1.0,0.0,1.0,0.0,0.0,0.0,0.040061,0.952647,0.0,0.178169,0.17976,0.17976,0.05887,0.051341,0.051341,True,False,False,0.0,False,True,37.368
505,25.25,1,drowsy,drowsy,1.0,0.0,1.0,0.0,0.0,0.0,0.283543,0.917056,0.0,0.179395,0.179965,0.179965,0.058881,0.051239,0.051239,True,False,False,0.0,False,True,45.878
506,25.3,1,drowsy,drowsy,1.0,0.0,1.0,0.0,0.0,0.0,0.491599,0.842459,0.0,0.181545,0.180529,0.180529,0.058916,0.051147,0.051147,True,False,False,0.0,False,True,37.517
507,25.35,1,drowsy,drowsy,1.0,0.0,1.0,0.0,0.0,0.0,0.509977,0.846366,0.0,0.183779,0.181128,0.181128,0.05895,0.051054,0.051054,True,False,False,0.0,False,True,37.505
508,25.4,1,drowsy,drowsy,1.0,0.0,1.0,0.0,0.0,0.0,0.418383,0.90706,0.0,0.184935,0.181589,0.181589,0.05866,0.050954,0.050954,True,False,False,0.0,False,True,37.371
509,25.45,1,drowsy,drowsy,1.0,0.0,1.0,0.0,0.0,0.0,0.22827,0.934998,0.0,0.186624,0.181682,0.181682,0.058969,0.050853,0.050853,True,False,False,0.0,False,True,37.551
510,25.5,1,drowsy,drowsy,1.0,0.0,1.0,0.0,0.0,0.0,0.339356,0.908013,0.0,0.188115,0.181988,0.181988,0.058983,0.050754,0.050754,True,False,False,0.0,False,True,46.169
511,25.55,1,drowsy,drowsy,1.0,0.0,1.0,0.0,0.0,0.0,0.506976,0.824978,0.0,0.190288,0.182559,0.182559,0.059024,0.050665,0.050665,True,False,False,0.0,False,True,37.371
512,25.6,1,drowsy,drowsy,1.0,0.0,1.0,0.0,0.0,0.0,0.533551,0.827645,0.0,0.192592,0.183176,0.183176,0.059063,0.050576,0.050576,True,False,False,0.0,False,True,37.559
513,25.65,1,drowsy,drowsy,1.0,0.0,1.0,0.0,0.0,0.0,0.478975,0.870046,0.0,0.193949,0.183723,0.183723,0.058784,0.050482,0.050482,True,False,False,0.0,False,True,37.602
514,25.7,1,drowsy,drowsy,1.0,0.0,1.0,0.0,0.0,0.0,0.360095,0.914085,0.0,0.196358,0.184064,0.184064,0.059102,0.050385,0.050385,True,False,False,0.0,False,True,37.49
515,25.75,1,drowsy,drowsy,1.0,0.0,1.0,0.0,0.0,0.0,0.16798,0.936278,0.0,0.197027,0.184032,0.184032,0.059107,0.050285,0.050285,True,False,False,0.0,False,True,45.974
516,25.8,1,drowsy,drowsy,1.0,0.0,1.0,0.0,0.0,0.0,0.066163,0.9496,0.0,0.197161,0.183796,0.183796,0.059107,0.050184,0.050184,True,False,False,0.034509,False,True,37.358
517,25.85,1,drowsy,drowsy,1.0,0.0,1.0,0.0,0.0,0.0,0.253509,0.918219,0.0,0.198259,0.183931,0.183931,0.059118,0.050087,0.050087,True,False,False,0.0,False,True,37.557
518,25.9,1,drowsy,drowsy,1.0,0.0,1.0,0.0,0.0,0.0,0.47937,0.840366,0.0,0.199546,0.184453,0.184453,0.058848,0.049999,0.049999,True,False,False,0.0,False,True,37.24
519,25.95,1,drowsy,drowsy,1.0,0.0,1.0,0.0,0.0,0.0,0.479433,0.859534,0.0,0.202511,0.184985,0.184985,0.059184,0.049908,0.049908,True,False,False,0.0,False,True,37.368
520,26.0,1,drowsy,drowsy,1.0,0.0,1.0,0.0,0.0,0.0,0.378494,0.907641,0.0,0.204224,0.185353,0.185353,0.059198,0.049813,0.049813,True,False,False,0.0,False,True,46.347
521,26.05,1,drowsy,drowsy,1.0,0.0,1.0,0.0,0.0,0.0,0.304543,0.917657,0.0,0.205573,0.185581,0.185581,0.059209,0.049718,0.049718,True,False,False,0.019403,False,True,37.84
522,26.1,1,drowsy,drowsy,1.0,0.0,1.0,0.0,0.0,0.0,0.494882,0.833752,0.0,0.207313,0.18612,0.18612,0.059242,0.049631,0.049631,True,False,False,0.0,False,True,37.466
523,26.15,1,drowsy,drowsy,1.0,0.0,1.0,0.0,0.0,0.0,0.563531,0.813034,0.0,0.207722,0.186759,0.186759,0.059264,0.049547,0.049547,True,False,False,0.019403,False,True,37.343
524,26.2,1,drowsy,drowsy,1.0,0.0,1.0,0.0,0.0,0.0,0.648948,0.831224,0.0,0.208849,0.187558,0.187558,0.059293,0.049462,0.049462,True,False,False,0.0,False,True,37.429
525,26.25,1,drowsy,drowsy,1.0,0.0,1.0,0.0,0.0,0.0,0.737393,0.827173,0.0,0.210981,0.188502,0.188502,0.059329,0.049377,0.049377,True,False,False,0.0,False,True,46.072
526,26.3,1,drowsy,drowsy,1.0,0.0,1.0,0.0,0.0,0.0,0.790382,0.811783,0.0,0.214063,0.189515,0.189515,0.059374,0.049294,0.049294,True,False,False,0.0,False,True,37.812
527,26.35,1,drowsy,drowsy,1.0,0.0,1.0,0.0,0.0,0.0,0.814396,0.796609,0.0,0.217515,0.190545,0.190545,0.059425,0.049212,0.049212,True,False,False,0.0,False,True,37.406
528,26.4,1,drowsy,drowsy,1.0,0.0,1.0,0.0,0.0,0.0,0.829125,0.783651,0.0,0.221077,0.191578,0.191578,0.059481,0.049133,0.049133,True,False,False,0.0,False,True,37.506
529,26.45,1,drowsy,drowsy,1.0,0.0,1.0,0.0,0.0,0.0,0.839763,0.766138,0.05,0.224643,0.192603,0.192603,0.059543,0.049055,0.049055,True,False,False,0.0,False,True,37.618
530,26.5,1,drowsy,drowsy,1.0,0.0,1.0,0.0,0.0,0.0,0.8296,0.749586,0.1,0.228117,0.193586,0.193586,0.05961,0.048979,0.048979,True,False,False,0.0,False,True,46.222
531,26.55,1,drowsy,drowsy,1.0,0.0,1.0,0.0,0.0,0.0,0.615349,0.854283,0.15,0.230928,0.194327,0.194327,0.059642,0.048893,0.048893,True,False,False,0.0,False,True,37.555
532,26.6,1,drowsy,drowsy,1.0,0.0,1.0,0.0,0.0,0.0,0.421637,0.910176,0.0,0.232875,0.194751,0.194751,0.059656,0.048802,0.048802,True,False,False,0.0,False,True,37.522
533,26.65,1,drowsy,drowsy,1.0,0.0,1.0,0.0,0.0,0.0,0.215626,0.936713,0.0,0.233688,0.194791,0.194791,0.059659,0.048708,0.048708,True,False,False,0.0,False,True,37.413
534,26.7,1,drowsy,drowsy,1.0,0.0,1.0,0.0,0.0,0.0,0.492401,0.860955,0.0,0.235557,0.195315,0.195315,0.059685,0.048623,0.048623,True,False,False,0.0,False,True,37.387
535,26.75,1,drowsy,drowsy,1.0,0.0,1.0,0.0,0.0,0.0,0.566808,0.821847,0.0,0.236078,0.195938,0.195938,0.059709,0.048541,0.048541,True,False,False,0.0,False,True,46.253
536,26.8,1,drowsy,drowsy,1.0,0.0,1.0,0.0,0.0,0.0,0.492934,0.869632,0.0,0.236057,0.196464,0.196464,0.059699,0.048455,0.048455,True,False,False,0.0,False,True,37.695
537,26.85,1,drowsy,drowsy,1.0,0.0,1.0,0.0,0.0,0.0,0.365218,0.916113,0.0,0.235439,0.196779,0.196779,0.059668,0.048365,0.048365,True,False,False,0.0,False,True,37.558
538,26.9,1,drowsy,drowsy,1.0,0.0,1.0,0.0,0.0,0.0,0.177928,0.938512,0.0,0.233962,0.196743,0.196743,0.059648,0.048273,0.048273,True,False,False,0.0,False,True,37.47
539,26.95,1,drowsy,drowsy,1.0,0.0,1.0,0.0,0.0,0.0,0.067674,0.951185,0.0,0.232312,0.196494,0.196494,0.059636,0.04818,0.04818,True,False,False,0.0,False,True,37.528
540,27.0,1,drowsy,drowsy,1.0,0.0,1.0,0.0,0.0,0.0,0.045306,0.955571,0.0,0.231422,0.196202,0.196202,0.059629,0.048087,0.048087,True,False,False,0.0,False,True,46.236
541,27.05,1,drowsy,drowsy,1.0,0.0,1.0,0.0,0.0,0.0,0.041429,0.954765,0.0,0.2312,0.195904,0.195904,0.059628,0.047994,0.047994,True,False,False,0.0,False,True,37.822
542,27.1,1,drowsy,drowsy,1.0,0.0,1.0,0.0,0.0,0.0,0.071982,0.949446,0.0,0.231346,0.195667,0.195667,0.05963,0.047902,0.047902,True,False,False,0.0,False,True,37.578
543,27.15,1,drowsy,drowsy,1.0,0.0,1.0,0.0,0.0,0.0,0.102062,0.944974,0.0,0.231679,0.195489,0.195489,0.059634,0.047811,0.047811,True,False,False,0.0,False,True,38.226
544,27.2,1,drowsy,drowsy,1.0,0.0,1.0,0.0,0.0,0.0,0.167772,0.936953,0.0,0.232371,0.195437,0.195437,0.05964,0.047721,0.047721,True,False,False,0.0,False,True,38.261
545,27.25,1,drowsy,drowsy,1.0,0.0,1.0,0.0,0.0,0.0,0.114268,0.94708,0.0,0.232782,0.195283,0.195283,0.059642,0.047631,0.047631,True,False,False,0.0,False,True,46.63
546,27.3,1,drowsy,drowsy,1.0,0.0,1.0,0.0,0.0,0.0,0.090731,0.950334,0.0,0.233058,0.195084,0.195084,0.059643,0.04754,0.04754,True,False,False,0.0,False,True,37.809
547,27.35,1,drowsy,drowsy,1.0,0.0,1.0,0.0,0.0,0.0,0.083467,0.950454,0.0,0.233286,0.194873,0.194873,0.059644,0.04745,0.04745,True,False,False,0.0,False,True,38.019
548,27.4,1,drowsy,drowsy,1.0,0.0,1.0,0.0,0.0,0.0,0.43746,0.886759,0.0,0.235304,0.195301,0.195301,0.059665,0.047366,0.047366,True,False,False,0.0,False,True,37.797
549,27.45,1,drowsy,drowsy,1.0,0.0,1.0,0.0,0.0,0.0,0.518582,0.813549,0.0,0.237608,0.195824,0.195824,0.059711,0.04729,0.04729,True,False,False,0.0,False,True,37.943
550,27.5,1,drowsy,drowsy,1.0,0.0,1.0,0.0,0.0,0.0,0.484435,0.871784,0.0,0.23982,0.196323,0.196323,0.059737,0.047208,0.047208,True,False,False,0.0,False,True,47.09
551,27.55,1,drowsy,drowsy,1.0,0.0,1.0,0.0,0.0,0.0,0.374483,0.91391,0.0,0.241507,0.196646,0.196646,0.059749,0.047123,0.047123,True,False,False,0.0,False,True,38.249
552,27.6,1,drowsy,drowsy,1.0,0.0,1.0,0.0,0.0,0.0,0.182124,0.936642,0.0,0.242223,0.196619,0.196619,0.059754,0.047035,0.047035,True,False,False,0.0,False,True,37.8
553,27.65,3,yawning,yawning,0.979833,0.018757,0.000463,0.0,0.979833,0.000946,0.070159,0.949346,0.0,0.242356,0.196382,0.196382,0.059755,0.046947,0.046947,True,False,False,0.0,False,False,38.329
554,27.7,1,drowsy,drowsy,1.0,0.0,1.0,0.0,0.0,0.0,0.044122,0.954358,0.0,0.24236,0.196096,0.196096,0.059754,0.046859,0.046859,True,False,False,0.0,False,True,38.028
555,27.75,1,drowsy,drowsy,1.0,0.0,1.0,0.0,0.0,0.0,0.039582,0.95459,0.0,0.242349,0.195802,0.195802,0.059753,0.046771,0.046771,True,False,False,0.0,False,True,46.941
556,27.8,1,drowsy,drowsy,1.0,0.0,1.0,0.0,0.0,0.0,0.037809,0.953161,0.0,0.242317,0.195506,0.195506,0.059752,0.046683,0.046683,True,False,False,0.0,False,True,38.226
557,27.85,1,drowsy,drowsy,1.0,0.0,1.0,0.0,0.0,0.0,0.041258,0.951943,0.0,0.242298,0.195219,0.195219,0.059752,0.046596,0.046596,True,False,False,0.0,False,True,38.407
558,27.9,3,yawning,yawning,0.971807,0.026532,0.000354,0.0,0.971807,0.001307,0.046201,0.950282,0.0,0.242304,0.194942,0.194942,0.059752,0.04651,0.04651,True,False,False,0.0,False,False,37.636
559,27.95,1,drowsy,drowsy,1.0,0.0,1.0,0.0,0.0,0.0,0.046702,0.950244,0.0,0.242306,0.194667,0.194667,0.059752,0.046423,0.046423,True,False,False,0.0,False,True,37.733
560,28.0,1,drowsy,drowsy,1.0,0.0,1.0,0.0,0.0,0.0,0.047432,0.950218,0.0,0.242297,0.194394,0.194394,0.059752,0.046338,0.046338,True,False,False,0.0,False,True,46.491
561,28.05,3,yawning,yawning,0.97902,0.019429,0.000329,0.0,0.97902,0.001222,0.05053,0.95021,0.0,0.242322,0.194129,0.194129,0.059752,0.046252,0.046252,True,False,False,0.0,False,False,37.689
562,28.1,1,drowsy,drowsy,1.0,0.0,1.0,0.0,0.0,0.0,0.058165,0.949531,0.0,0.242387,0.193878,0.193878,0.059753,0.046167,0.046167,True,False,False,0.0,False,True,37.71
563,28.15,1,drowsy,drowsy,1.0,0.0,1.0,0.0,0.0,0.0,0.069198,0.947955,0.0,0.242497,0.193649,0.193649,0.059753,0.046082,0.046082,True,False,False,0.0,False,True,37.317
564,28.2,3,yawning,yawning,0.983935,0.014742,0.000304,0.0,0.983935,0.001019,0.068551,0.949108,0.0,0.2426,0.193419,0.193419,0.059754,0.045997,0.045997,True,False,False,0.0,False,False,37.475
565,28.25,1,drowsy,drowsy,1.0,0.0,1.0,0.0,0.0,0.0,0.078969,0.947498,0.0,0.242743,0.19321,0.19321,0.059755,0.045913,0.045913,True,False,False,0.0,False,True,46.374
566,28.3,1,drowsy,drowsy,1.0,0.0,1.0,0.0,0.0,0.0,0.089509,0.945672,0.0,0.242942,0.193021,0.193021,0.059756,0.045829,0.045829,True,False,False,0.0,False,True,37.829
567,28.35,1,drowsy,drowsy,1.0,0.0,1.0,0.0,0.0,0.0,0.077358,0.94864,0.0,0.243064,0.19281,0.19281,0.059757,0.045746,0.045746,True,False,False,0.0,False,True,37.725
568,28.4,1,drowsy,drowsy,1.0,0.0,1.0,0.0,0.0,0.0,0.074464,0.949289,0.0,0.242702,0.192594,0.192594,0.059751,0.045662,0.045662,True,False,False,0.0,False,True,37.731
569,28.45,1,drowsy,drowsy,1.0,0.0,1.0,0.0,0.0,0.0,0.071677,0.950115,0.0,0.242201,0.192374,0.192374,0.059745,0.045579,0.045579,True,False,False,0.0,False,True,37.745
570,28.5,1,drowsy,drowsy,1.0,0.0,1.0,0.0,0.0,0.0,0.07056,0.949863,0.0,0.241093,0.192153,0.192153,0.059732,0.045497,0.045497,True,False,False,0.0,False,True,46.165
571,28.55,1,drowsy,drowsy,1.0,0.0,1.0,0.0,0.0,0.0,0.059401,0.95099,0.0,0.239795,0.191912,0.191912,0.05972,0.045414,0.045414,True,False,False,0.0,False,True,37.668
572,28.6,1,drowsy,drowsy,1.0,0.0,1.0,0.0,0.0,0.0,0.051751,0.951611,0.0,0.238108,0.191658,0.191658,0.059702,0.045332,0.045332,True,False,False,0.0,False,True,37.752
573,28.65,1,drowsy,drowsy,1.0,0.0,1.0,0.0,0.0,0.0,0.049644,0.951377,0.0,0.23627,0.1914,0.1914,0.059684,0.045249,0.045249,True,False,False,0.0,False,True,37.968
574,28.7,1,drowsy,drowsy,1.0,0.0,1.0,0.0,0.0,0.0,0.045789,0.951427,0.0,0.234539,0.191137,0.191137,0.059668,0.045168,0.045168,True,False,False,0.0,False,True,38.241
575,28.75,1,drowsy,drowsy,1.0,0.0,1.0,0.0,0.0,0.0,0.044248,0.951428,0.0,0.233339,0.190872,0.190872,0.059659,0.045086,0.045086,True,False,False,0.0,False,True,46.605
576,28.8,1,drowsy,drowsy,1.0,0.0,1.0,0.0,0.0,0.0,0.046572,0.950589,0.0,0.231137,0.190613,0.190613,0.059623,0.045005,0.045005,True,False,False,0.0,False,True,37.964
577,28.85,1,drowsy,drowsy,1.0,0.0,1.0,0.0,0.0,0.0,0.047842,0.950063,0.0,0.228781,0.190357,0.190357,0.059574,0.044924,0.044924,True,False,False,0.0,False,True,38.279
578,28.9,1,drowsy,drowsy,1.0,0.0,1.0,0.0,0.0,0.0,0.060704,0.947528,0.0,0.226402,0.190125,0.190125,0.059526,0.044844,0.044844,True,False,False,0.0,False,True,37.823
579,28.95,1,drowsy,drowsy,1.0,0.0,1.0,0.0,0.0,0.0,0.256404,0.92081,0.0,0.225149,0.19024,0.19024,0.059506,0.044766,0.044766,True,False,False,0.0,False,True,37.707
580,29.0,1,drowsy,drowsy,1.0,0.0,1.0,0.0,0.0,0.0,0.48952,0.839433,0.0,0.225299,0.190712,0.190712,0.059527,0.044696,0.044696,True,False,False,0.0,False,True,46.378
581,29.05,1,drowsy,drowsy,1.0,0.0,1.0,0.0,0.0,0.0,0.541953,0.806055,0.0,0.226408,0.191243,0.191243,0.059567,0.044628,0.044628,True,False,False,0.0,False,True,37.636
582,29.1,1,drowsy,drowsy,1.0,0.0,1.0,0.0,0.0,0.0,0.599241,0.812643,0.0,0.228693,0.191864,0.191864,0.05961,0.04456,0.04456,True,False,False,0.0,False,True,37.629
583,29.15,1,drowsy,drowsy,1.0,0.0,1.0,0.0,0.0,0.0,0.683922,0.814355,0.0,0.231691,0.192614,0.192614,0.059656,0.044492,0.044492,True,False,False,0.0,False,True,37.659
584,29.2,1,drowsy,drowsy,1.0,0.0,1.0,0.0,0.0,0.0,0.523718,0.877887,0.0,0.234113,0.193157,0.193157,0.059682,0.044419,0.044419,True,False,False,0.0,False,True,37.834
585,29.25,1,drowsy,drowsy,1.0,0.0,1.0,0.0,0.0,0.0,0.404839,0.914584,0.0,0.236011,0.193518,0.193518,0.059695,0.044344,0.044344,True,False,False,0.0,False,True,46.24
586,29.3,1,drowsy,drowsy,1.0,0.0,1.0,0.0,0.0,0.0,0.226665,0.937971,0.0,0.237016,0.193576,0.193576,0.059701,0.044266,0.044266,True,False,False,0.0,False,True,37.718
587,29.35,1,drowsy,drowsy,1.0,0.0,1.0,0.0,0.0,0.0,0.092134,0.951756,0.0,0.237304,0.193396,0.193396,0.059701,0.044188,0.044188,True,False,False,0.0,False,True,37.899
588,29.4,1,drowsy,drowsy,1.0,0.0,1.0,0.0,0.0,0.0,0.04572,0.956196,0.0,0.237329,0.193134,0.193134,0.0597,0.04411,0.04411,True,False,False,0.0,False,True,37.521
589,29.45,1,drowsy,drowsy,1.0,0.0,1.0,0.0,0.0,0.0,0.03954,0.956073,0.0,0.237318,0.192863,0.192863,0.059699,0.044032,0.044032,True,False,False,0.0,False,True,37.473
590,29.5,1,drowsy,drowsy,1.0,0.0,1.0,0.0,0.0,0.0,0.036982,0.954975,0.0,0.237283,0.192588,0.192588,0.059698,0.043954,0.043954,True,False,False,0.0,False,True,46.297
591,29.55,1,drowsy,drowsy,1.0,0.0,1.0,0.0,0.0,0.0,0.03829,0.95359,0.0,0.237254,0.192316,0.192316,0.059697,0.043877,0.043877,True,False,False,0.0,False,True,37.639
592,29.6,1,drowsy,drowsy,1.0,0.0,1.0,0.0,0.0,0.0,0.039261,0.952771,0.0,0.237243,0.192048,0.192048,0.059696,0.0438,0.0438,True,False,False,0.0,False,True,37.73
593,29.65,1,drowsy,drowsy,1.0,0.0,1.0,0.0,0.0,0.0,0.040858,0.952057,0.0,0.237236,0.191783,0.191783,0.059696,0.043723,0.043723,True,False,False,0.0,False,True,37.605
594,29.7,1,drowsy,drowsy,1.0,0.0,1.0,0.0,0.0,0.0,0.041462,0.951443,0.0,0.237232,0.19152,0.19152,0.059696,0.043647,0.043647,True,False,False,0.0,False,True,37.571
595,29.75,1,drowsy,drowsy,1.0,0.0,1.0,0.0,0.0,0.0,0.043021,0.951493,0.0,0.237231,0.191262,0.191262,0.059696,0.04357,0.04357,True,False,False,0.0,False,True,46.5
596,29.8,1,drowsy,drowsy,1.0,0.0,1.0,0.0,0.0,0.0,0.0426,0.951439,0.0,0.237233,0.191003,0.191003,0.059696,0.043495,0.043495,True,False,False,0.0,False,True,37.956
597,29.85,1,drowsy,drowsy,1.0,0.0,1.0,0.0,0.0,0.0,0.043525,0.951203,0.0,0.237248,0.190747,0.190747,0.059696,0.043419,0.043419,True,False,False,0.0,False,True,37.89
598,29.9,1,drowsy,drowsy,1.0,0.0,1.0,0.0,0.0,0.0,0.044327,0.95096,0.0,0.237269,0.190493,0.190493,0.059697,0.043344,0.043344,True,False,False,0.0,False,True,38.703
599,29.95,1,drowsy,drowsy,1.0,0.0,1.0,0.0,0.0,0.0,0.043545,0.951292,0.0,0.237288,0.190239,0.190239,0.059697,0.043269,0.043269,True,True,False,0.0,False,True,38.183
600,30.0,1,drowsy,drowsy,1.0,0.0,1.0,0.0,0.0,0.0,0.150339,0.931599,0.0,0.237853,0.190089,0.190171,0.059703,0.043255,0.043196,True,True,False,0.0,False,True,46.946
601,30.05,1,drowsy,drowsy,1.0,0.0,1.0,0.0,0.0,0.0,0.201262,0.926486,0.0,0.238663,0.190241,0.19019,0.059711,0.043253,0.043123,True,True,False,0.0,False,True,38.248
602,30.1,1,drowsy,drowsy,1.0,0.0,1.0,0.0,0.0,0.0,0.144443,0.935704,0.0,0.239185,0.190385,0.190112,0.059716,0.043253,0.04305,True,True,False,0.0,False,True,38.18
603,30.15,1,drowsy,drowsy,1.0,0.0,1.0,0.0,0.0,0.0,0.222211,0.924984,0.0,0.240117,0.190438,0.190166,0.059724,0.04318,0.042978,True,True,False,0.0,False,True,37.872
604,30.2,0,alert,alert,0.962248,0.962248,0.000844,0.0,0.014186,0.022722,0.092587,0.94489,0.0,0.240385,0.190486,0.19,0.059727,0.04318,0.042905,True,True,False,0.0,False,False,37.46
605,30.25,1,drowsy,drowsy,1.0,0.0,1.0,0.0,0.0,0.0,0.067843,0.948625,0.0,0.240533,0.190297,0.189791,0.059728,0.043251,0.042832,True,True,False,0.0,False,True,46.293
606,30.3,1,drowsy,drowsy,1.0,0.0,1.0,0.0,0.0,0.0,0.058479,0.949178,0.0,0.240607,0.189602,0.189567,0.059729,0.043242,0.042758,True,True,False,0.0,False,True,37.55
607,30.35,0,alert,alert,0.934437,0.934437,0.000539,0.0,0.005842,0.059181,0.054279,0.948513,0.0,0.240643,0.188886,0.189337,0.059729,0.043234,0.042686,True,True,False,0.0,False,False,37.407
608,30.4,1,drowsy,drowsy,1.0,0.0,1.0,0.0,0.0,0.0,0.057779,0.946874,0.0,0.240701,0.188661,0.189114,0.059731,0.04316,0.042613,True,True,False,0.0,False,True,37.595
609,30.45,1,drowsy,drowsy,1.0,0.0,1.0,0.0,0.0,0.0,0.049398,0.949365,0.0,0.240697,0.188038,0.188876,0.05973,0.043156,0.042541,True,True,False,0.0,False,True,37.253
610,30.5,1,drowsy,drowsy,1.0,0.0,1.0,0.0,0.0,0.0,0.043308,0.949773,0.0,0.240672,0.187828,0.188629,0.05973,0.043229,0.042469,True,True,False,0.0,False,True,46.266
611,30.55,1,drowsy,drowsy,1.0,0.0,1.0,0.0,0.0,0.0,0.046734,0.949572,0.0,0.240681,0.187829,0.188389,0.059731,0.043229,0.042397,True,True,False,0.0,False,True,37.454
612,30.6,1,drowsy,drowsy,1.0,0.0,1.0,0.0,0.0,0.0,0.051354,0.948056,0.0,0.240682,0.18785,0.188158,0.059731,0.04323,0.042325,True,True,False,0.0,False,True,37.381
613,30.65,1,drowsy,drowsy,1.0,0.0,1.0,0.0,0.0,0.0,0.04952,0.949025,0.0,0.240698,0.187611,0.187924,0.059731,0.043155,0.042254,True,True,False,0.0,False,True,37.488
614,30.7,1,drowsy,drowsy,1.0,0.0,1.0,0.0,0.0,0.0,0.050187,0.948204,0.0,0.240736,0.187634,0.187693,0.059732,0.043156,0.042183,True,True,False,0.0,False,True,37.21
615,30.75,1,drowsy,drowsy,1.0,0.0,1.0,0.0,0.0,0.0,0.048138,0.948054,0.0,0.240753,0.187915,0.187458,0.059733,0.043231,0.042112,True,True,False,0.0,False,True,46.165
616,30.8,1,drowsy,drowsy,1.0,0.0,1.0,0.0,0.0,0.0,0.046941,0.948359,0.0,0.240747,0.187927,0.187223,0.059734,0.043231,0.042042,True,True,False,0.0,False,True,37.287
617,30.85,1,drowsy,drowsy,1.0,0.0,1.0,0.0,0.0,0.0,0.044112,0.94948,0.0,0.24073,0.187929,0.186983,0.059734,0.043231,0.041971,True,True,False,0.0,False,True,37.484
618,30.9,1,drowsy,drowsy,1.0,0.0,1.0,0.0,0.0,0.0,0.042561,0.949812,0.0,0.240669,0.187679,0.186741,0.059734,0.043157,0.041901,True,True,False,0.0,False,True,37.228
619,30.95,0,alert,alert,0.968407,0.968407,0.000222,0.0,0.001759,0.029612,0.045018,0.949535,0.0,0.240594,0.18768,0.186505,0.059734,0.043157,0.041831,True,True,False,0.0,False,False,37.436
620,31.0,1,drowsy,drowsy,1.0,0.0,1.0,0.0,0.0,0.0,0.04367,0.950506,0.0,0.240506,0.187921,0.186266,0.059733,0.043231,0.041761,True,True,False,0.0,False,True,46.209
621,31.05,1,drowsy,drowsy,1.0,0.0,1.0,0.0,0.0,0.0,0.040932,0.951244,0.0,0.240398,0.187892,0.186024,0.059732,0.043231,0.041691,True,True,False,0.0,False,True,37.324
622,31.1,1,drowsy,drowsy,1.0,0.0,1.0,0.0,0.0,0.0,0.039209,0.951529,0.0,0.240274,0.187871,0.18578,0.059732,0.04323,0.041622,True,True,False,0.0,False,True,37.457
623,31.15,1,drowsy,drowsy,1.0,0.0,1.0,0.0,0.0,0.0,0.038972,0.951297,0.0,0.240161,0.187614,0.185536,0.059731,0.043156,0.041553,True,True,False,0.0,False,True,37.448
624,31.2,1,drowsy,drowsy,1.0,0.0,1.0,0.0,0.0,0.0,0.03871,0.951147,0.0,0.240018,0.187595,0.185292,0.05973,0.043155,0.041484,True,True,False,0.0,False,True,37.527
625,31.25,1,drowsy,drowsy,1.0,0.0,1.0,0.0,0.0,0.0,0.04059,0.950632,0.0,0.239802,0.187814,0.185052,0.059729,0.043229,0.041415,True,True,False,0.0,False,True,46.07
626,31.3,1,drowsy,drowsy,1.0,0.0,1.0,0.0,0.0,0.0,0.04278,0.950274,0.0,0.23958,0.187798,0.184817,0.059727,0.043229,0.041347,True,True,False,0.0,False,True,37.621
627,31.35,1,drowsy,drowsy,1.0,0.0,1.0,0.0,0.0,0.0,0.042601,0.950395,0.0,0.239351,0.187786,0.184583,0.059725,0.043229,0.041279,True,True,False,0.0,False,True,37.487
628,31.4,1,drowsy,drowsy,1.0,0.0,1.0,0.0,0.0,0.0,0.039958,0.951116,0.0,0.238966,0.187531,0.184344,0.05972,0.043154,0.041211,True,True,False,0.0,False,True,37.535
629,31.45,1,drowsy,drowsy,1.0,0.0,1.0,0.0,0.0,0.0,0.043657,0.95076,0.0,0.238531,0.187513,0.184113,0.059716,0.043154,0.041143,True,True,False,0.0,False,True,37.405
630,31.5,1,drowsy,drowsy,1.0,0.0,1.0,0.0,0.0,0.0,0.042853,0.950733,0.0,0.238318,0.187703,0.183881,0.059714,0.043228,0.041075,True,True,False,0.0,False,True,45.988
631,31.55,1,drowsy,drowsy,1.0,0.0,1.0,0.0,0.0,0.0,0.041525,0.95118,0.0,0.238205,0.18767,0.183648,0.059713,0.043227,0.041008,True,True,False,0.0,False,True,37.731
632,31.6,1,drowsy,drowsy,1.0,0.0,1.0,0.0,0.0,0.0,0.041896,0.950633,0.0,0.238122,0.187637,0.183416,0.059712,0.043227,0.040941,True,True,False,0.0,False,True,37.464
633,31.65,1,drowsy,drowsy,1.0,0.0,1.0,0.0,0.0,0.0,0.042044,0.950551,0.0,0.23807,0.187386,0.183185,0.059712,0.043152,0.040874,True,True,False,0.0,False,True,36.964
634,31.7,1,drowsy,drowsy,1.0,0.0,1.0,0.0,0.0,0.0,0.043236,0.950489,0.0,0.236946,0.187322,0.182957,0.0597,0.043151,0.040807,True,True,False,0.0,False,True,37.334
635,31.75,1,drowsy,drowsy,1.0,0.0,1.0,0.0,0.0,0.0,0.04338,0.950475,0.0,0.234753,0.1875,0.182729,0.059662,0.043225,0.040741,True,True,False,0.0,False,True,46.249
636,31.8,1,drowsy,drowsy,1.0,0.0,1.0,0.0,0.0,0.0,0.043091,0.950438,0.0,0.232406,0.18748,0.182502,0.059612,0.043224,0.040675,True,True,False,0.0,False,True,37.264
637,31.85,1,drowsy,drowsy,1.0,0.0,1.0,0.0,0.0,0.0,0.044159,0.949588,0.0,0.230015,0.18748,0.182278,0.059565,0.043224,0.040609,True,True,False,0.0,False,True,37.3
638,31.9,1,drowsy,drowsy,1.0,0.0,1.0,0.0,0.0,0.0,0.043318,0.9498,0.0,0.227731,0.187231,0.182053,0.059534,0.04315,0.040543,True,True,False,0.0,False,True,37.227
639,31.95,0,alert,alert,0.55756,0.55756,0.000497,0.0,0.002067,0.439876,0.127306,0.0,0.0,0.226553,0.186898,0.182053,0.059824,0.04322,0.040543,True,True,False,0.2901,False,False,34.502
640,32.0,4,distraction,distracted,0.811042,0.187735,0.000348,0.0,0.000875,0.811042,0.195407,0.0,0.0,0.225565,0.185903,0.182053,0.060122,0.043349,0.040543,True,True,False,0.336792,False,False,42.989
641,32.05,4,distraction,distracted,0.934088,0.065287,0.000228,0.0,0.000397,0.934088,0.232638,0.0,0.0,0.225565,0.185903,0.182053,0.060122,0.043349,0.040543,True,True,False,0.336792,False,False,22.925
642,32.1,4,distraction,distracted,0.957047,0.04247,0.000197,0.0,0.000286,0.957047,0.250307,0.0,0.0,0.22532,0.184802,0.182053,0.060748,0.043483,0.040543,True,True,False,0.393555,False,False,23.211
643,32.15,1,drowsy,drowsy,1.0,0.0,1.0,0.0,0.0,0.0,0.259261,0.0,0.0,0.226083,0.184802,0.182053,0.061073,0.043483,0.040543,True,True,False,0.393555,False,True,34.49
644,32.2,1,drowsy,drowsy,1.0,0.0,1.0,0.0,0.0,0.0,0.263917,0.0,0.0,0.227008,0.183616,0.182053,0.061404,0.043622,0.040543,True,True,False,0.393555,False,True,34.343
645,32.25,1,drowsy,drowsy,1.0,0.0,1.0,0.0,0.0,0.0,0.265764,0.0,0.0,0.227961,0.183133,0.182053,0.061739,0.043695,0.040543,True,True,False,0.0,False,True,42.568
646,32.3,1,drowsy,drowsy,1.0,0.0,1.0,0.0,0.0,0.0,0.265757,0.0,0.0,0.227961,0.183133,0.182053,0.061739,0.043695,0.040543,True,True,False,0.0,False,True,34.157
647,32.35,1,drowsy,drowsy,1.0,0.0,1.0,0.0,0.0,0.0,0.264723,0.0,0.0,0.22981,0.182593,0.182053,0.062416,0.043844,0.040543,True,True,False,0.0,False,True,34.099
648,32.4,1,drowsy,drowsy,1.0,0.0,1.0,0.0,0.0,0.0,0.263283,0.0,0.0,0.23072,0.182593,0.182053,0.062759,0.043844,0.040543,True,True,False,0.0,False,True,22.889
649,32.45,1,drowsy,drowsy,1.0,0.0,1.0,0.0,0.0,0.0,0.261829,0.0,0.0,0.231686,0.182836,0.182053,0.063108,0.043998,0.040543,True,True,False,0.0,False,True,22.52
650,32.5,1,drowsy,drowsy,1.0,0.0,1.0,0.0,0.0,0.0,0.260559,0.0,0.0,0.232637,0.183078,0.182053,0.06346,0.044076,0.040543,True,True,False,0.0,False,True,31.392
651,32.55,4,distraction,distracted,0.917356,0.082155,0.000216,0.0,0.000273,0.917356,0.259547,0.0,0.0,0.232637,0.183078,0.182053,0.06346,0.044076,0.040543,True,True,False,0.0,False,False,22.597
652,32.6,1,drowsy,drowsy,1.0,0.0,1.0,0.0,0.0,0.0,0.258795,0.0,0.0,0.234411,0.18355,0.182053,0.064174,0.044232,0.040543,True,True,False,0.0,False,True,22.4
653,32.65,4,distraction,distracted,0.955203,0.044391,0.000189,0.0,0.000217,0.955203,0.258267,0.0,0.0,0.235314,0.18355,0.182053,0.064537,0.044232,0.040543,True,True,False,0.0,False,False,22.404
654,32.7,1,drowsy,drowsy,1.0,0.0,1.0,0.0,0.0,0.0,0.257914,0.0,0.0,0.23628,0.184011,0.182053,0.064905,0.044389,0.040543,True,True,False,0.0,False,True,22.71
655,32.75,1,drowsy,drowsy,1.0,0.0,1.0,0.0,0.0,0.0,0.257691,0.0,0.0,0.237033,0.184241,0.182053,0.065275,0.044467,0.040543,True,True,False,0.0,False,True,27.803
656,32.8,1,drowsy,drowsy,1.0,0.0,1.0,0.0,0.0,0.0,0.257554,0.0,0.0,0.237033,0.184241,0.182053,0.065275,0.044467,0.040543,True,True,False,0.0,False,True,27.603
657,32.85,1,drowsy,drowsy,1.0,0.0,1.0,0.0,0.0,0.0,0.257473,0.0,0.0,0.236679,0.184695,0.182053,0.066002,0.044625,0.040543,True,True,False,0.0,False,True,27.688
658,32.9,1,drowsy,drowsy,1.0,0.0,1.0,0.0,0.0,0.0,0.257424,0.0,0.0,0.235293,0.184695,0.182053,0.066337,0.044625,0.040543,True,True,False,0.0,False,True,27.727
659,32.95,1,drowsy,drowsy,1.0,0.0,1.0,0.0,0.0,0.0,0.257392,0.0,0.0,0.233809,0.184452,0.182053,0.066678,0.044778,0.040543,True,True,False,0.0,False,True,27.957
660,33.0,1,drowsy,drowsy,1.0,0.0,1.0,0.0,0.0,0.0,0.257367,0.0,0.0,0.232257,0.183946,0.182053,0.067023,0.044849,0.040543,True,True,False,0.0,False,True,28.231
661,33.05,1,drowsy,drowsy,1.0,0.0,1.0,0.0,0.0,0.0,0.257344,0.0,0.0,0.232257,0.183946,0.182053,0.067023,0.044849,0.040543,True,True,False,0.0,False,True,27.73
662,33.1,1,drowsy,drowsy,1.0,0.0,1.0,0.0,0.0,0.0,0.257321,0.0,0.0,0.229053,0.183123,0.182053,0.067727,0.045001,0.040543,True,True,False,0.0,False,True,27.721
663,33.15,1,drowsy,drowsy,1.0,0.0,1.0,0.0,0.0,0.0,0.257297,0.0,0.0,0.227431,0.183123,0.182053,0.068086,0.045001,0.040543,True,True,False,0.0,False,True,27.584
664,33.2,1,drowsy,drowsy,1.0,0.0,1.0,0.0,0.0,0.0,0.257272,0.0,0.0,0.225844,0.183325,0.182053,0.068446,0.045163,0.040543,True,True,False,0.0,False,True,27.585
665,33.25,1,drowsy,drowsy,1.0,0.0,1.0,0.0,0.0,0.0,0.257246,0.0,0.0,0.224096,0.183572,0.182053,0.068801,0.045245,0.040543,True,True,False,0.0,False,True,28.244
666,33.3,1,drowsy,drowsy,1.0,0.0,1.0,0.0,0.0,0.0,0.25722,0.0,0.0,0.224096,0.183572,0.182053,0.068801,0.045245,0.040543,True,True,False,0.0,False,True,28.174
667,33.35,1,drowsy,drowsy,1.0,0.0,1.0,0.0,0.0,0.0,0.257195,0.0,0.0,0.219615,0.184069,0.182053,0.062723,0.045409,0.040543,True,True,False,0.0,False,True,28.979
668,33.4,1,drowsy,drowsy,1.0,0.0,1.0,0.0,0.0,0.0,0.257171,0.0,0.0,0.216872,0.184069,0.182053,0.059173,0.045409,0.040543,True,True,False,0.0,False,True,29.575
669,33.45,1,drowsy,drowsy,1.0,0.0,1.0,0.0,0.0,0.0,0.257148,0.0,0.0,0.213954,0.184556,0.182053,0.055456,0.045575,0.040543,True,True,False,0.0,False,True,28.78
670,33.5,1,drowsy,drowsy,1.0,0.0,1.0,0.0,0.0,0.0,0.257127,0.0,0.0,0.210974,0.184784,0.182053,0.051684,0.045657,0.040543,True,True,False,0.0,False,True,28.497
671,33.55,1,drowsy,drowsy,1.0,0.0,1.0,0.0,0.0,0.0,0.257108,0.0,0.0,0.210974,0.184784,0.182053,0.051684,0.045657,0.040543,True,True,False,0.0,False,True,29.601
672,33.6,1,drowsy,drowsy,1.0,0.0,1.0,0.0,0.0,0.0,0.257091,0.0,0.0,0.204885,0.184947,0.182053,0.044007,0.045822,0.040543,True,True,False,0.0,False,True,28.861
673,33.65,1,drowsy,drowsy,1.0,0.0,1.0,0.0,0.0,0.0,0.257075,0.0,0.0,0.201814,0.184947,0.182053,0.040138,0.045822,0.040543,True,True,False,0.0,False,True,28.873
674,33.7,1,drowsy,drowsy,1.0,0.0,1.0,0.0,0.0,0.0,0.257061,0.0,0.0,0.198827,0.183942,0.182053,0.036354,0.045971,0.040543,True,True,False,0.0,False,True,28.217
675,33.75,1,drowsy,drowsy,1.0,0.0,1.0,0.0,0.0,0.0,0.257049,0.0,0.0,0.195707,0.183404,0.182053,0.032436,0.046047,0.040543,True,True,False,0.0,False,True,28.233
676,33.8,1,drowsy,drowsy,1.0,0.0,1.0,0.0,0.0,0.0,0.257038,0.0,0.0,0.195707,0.183404,0.182053,0.032436,0.046047,0.040543,True,True,False,0.0,False,True,28.184
677,33.85,1,drowsy,drowsy,1.0,0.0,1.0,0.0,0.0,0.0,0.257028,0.0,0.0,0.189504,0.182337,0.182053,0.024626,0.046203,0.040543,True,True,False,0.0,False,True,28.013
678,33.9,1,drowsy,drowsy,1.0,0.0,1.0,0.0,0.0,0.0,0.25702,0.0,0.0,0.186397,0.182337,0.182053,0.020713,0.046203,0.040543,True,True,False,0.0,False,True,27.948
679,33.95,1,drowsy,drowsy,1.0,0.0,1.0,0.0,0.0,0.0,0.257013,0.0,0.0,0.183319,0.181556,0.182053,0.01683,0.046367,0.040543,True,True,False,0.0,False,True,27.855
680,34.0,1,drowsy,drowsy,1.0,0.0,1.0,0.0,0.0,0.0,0.257006,0.0,0.0,0.180196,0.181346,0.182053,0.012903,0.04645,0.040543,True,True,False,0.0,False,True,28.238
681,34.05,1,drowsy,drowsy,1.0,0.0,1.0,0.0,0.0,0.0,0.257001,0.0,0.0,0.180196,0.181346,0.182053,0.012903,0.04645,0.040543,True,True,False,0.0,False,True,27.888
682,34.1,1,drowsy,drowsy,1.0,0.0,1.0,0.0,0.0,0.0,0.256996,0.0,0.0,0.174209,0.181517,0.182053,0.005192,0.046621,0.040543,True,True,False,0.0,False,True,27.898
683,34.15,1,drowsy,drowsy,1.0,0.0,1.0,0.0,0.0,0.0,0.256992,0.0,0.0,0.172177,0.181517,0.182053,0.00215,0.046621,0.040543,True,True,False,0.0,False,True,28.021
684,34.2,1,drowsy,drowsy,1.0,0.0,1.0,0.0,0.0,0.0,0.256988,0.0,0.0,0.171114,0.181552,0.182053,0.0,0.046792,0.040543,True,True,False,0.0,False,True,28.083
685,34.25,1,drowsy,drowsy,1.0,0.0,1.0,0.0,0.0,0.0,0.256985,0.0,0.0,0.17131,0.181592,0.182053,0.0,0.046879,0.040543,True,True,False,0.0,False,True,28.199
686,34.3,1,drowsy,drowsy,1.0,0.0,1.0,0.0,0.0,0.0,0.256982,0.0,0.0,0.17131,0.181592,0.182053,0.0,0.046879,0.040543,True,True,False,0.0,False,True,28.235
687,34.35,1,drowsy,drowsy,1.0,0.0,1.0,0.0,0.0,0.0,0.25698,0.0,0.0,0.172943,0.180562,0.182053,0.0,0.047039,0.040543,True,True,False,0.0,False,True,28.01
688,34.4,1,drowsy,drowsy,1.0,0.0,1.0,0.0,0.0,0.0,0.256978,0.0,0.0,0.173858,0.180562,0.182053,0.0,0.047039,0.040543,True,True,False,0.0,False,True,28.078
689,34.45,1,drowsy,drowsy,1.0,0.0,1.0,0.0,0.0,0.0,0.256976,0.0,0.0,0.174805,0.180116,0.182053,0.0,0.047212,0.040543,True,True,False,0.0,False,True,28.704
690,34.5,1,drowsy,drowsy,1.0,0.0,1.0,0.0,0.0,0.0,0.256975,0.0,0.0,0.175772,0.180296,0.182053,0.0,0.047301,0.040543,True,True,False,0.0,False,True,28.745
691,34.55,1,drowsy,drowsy,1.0,0.0,1.0,0.0,0.0,0.0,0.256974,0.0,0.0,0.175772,0.180296,0.182053,0.0,0.047301,0.040543,True,True,False,0.0,False,True,28.377
692,34.6,1,drowsy,drowsy,1.0,0.0,1.0,0.0,0.0,0.0,0.256973,0.0,0.0,0.177739,0.180812,0.182053,0.0,0.047481,0.040543,True,True,False,0.0,False,True,28.279
693,34.65,1,drowsy,drowsy,1.0,0.0,1.0,0.0,0.0,0.0,0.256972,0.0,0.0,0.178735,0.180812,0.182053,0.0,0.047481,0.040543,True,True,False,0.0,False,True,28.092
694,34.7,1,drowsy,drowsy,1.0,0.0,1.0,0.0,0.0,0.0,0.256971,0.0,0.0,0.179752,0.181351,0.182053,0.0,0.047663,0.040543,True,True,False,0.0,False,True,28.039
695,34.75,1,drowsy,drowsy,1.0,0.0,1.0,0.0,0.0,0.0,0.25697,0.0,0.0,0.180784,0.181624,0.182053,0.0,0.047754,0.040543,True,True,False,0.0,False,True,28.122
696,34.8,1,drowsy,drowsy,1.0,0.0,1.0,0.0,0.0,0.0,0.256969,0.0,0.0,0.180784,0.181624,0.182053,0.0,0.047754,0.040543,True,True,False,0.0,False,True,27.831
697,34.85,1,drowsy,drowsy,1.0,0.0,1.0,0.0,0.0,0.0,0.256969,0.0,0.0,0.182884,0.182168,0.182053,0.0,0.047937,0.040543,True,True,False,0.0,False,True,27.738
698,34.9,1,drowsy,drowsy,1.0,0.0,1.0,0.0,0.0,0.0,0.256968,0.0,0.0,0.183954,0.182168,0.182053,0.0,0.047937,0.040543,True,True,False,0.0,False,True,27.913
699,34.95,1,drowsy,drowsy,1.0,0.0,1.0,0.0,0.0,0.0,0.103497,0.936077,0.0,0.184448,0.182576,0.181928,0.0,0.048031,0.040478,True,True,False,0.0,False,True,45.661
700,35.0,1,drowsy,drowsy,1.0,0.0,1.0,0.0,0.0,0.0,0.053006,0.94725,0.0,0.184555,0.182606,0.18172,0.0,0.048031,0.040413,True,True,False,0.0,False,True,45.993
701,35.05,1,drowsy,drowsy,1.0,0.0,1.0,0.0,0.0,0.0,0.042578,0.951919,0.0,0.183516,0.182338,0.181496,0.0,0.047939,0.040348,True,True,False,0.0,False,True,37.042
702,35.1,1,drowsy,drowsy,1.0,0.0,1.0,0.0,0.0,0.0,0.039361,0.952892,0.0,0.184582,0.182624,0.181266,0.0,0.048031,0.040283,True,True,False,0.0,False,True,37.304
703,35.15,1,drowsy,drowsy,1.0,0.0,1.0,0.0,0.0,0.0,0.037173,0.952375,0.0,0.184569,0.182345,0.181034,0.0,0.047939,0.040218,True,True,False,0.0,False,True,37.695
704,35.2,0,alert,alert,0.856415,0.856415,0.000264,0.0,0.000859,0.142461,0.039347,0.95159,0.0,0.184565,0.182633,0.180807,0.0,0.048031,0.040153,True,True,False,0.0,False,False,37.731
705,35.25,1,drowsy,drowsy,1.0,0.0,1.0,0.0,0.0,0.0,0.038232,0.952186,0.0,0.182783,0.182638,0.180578,0.0,0.048031,0.040089,True,True,False,0.0,False,True,46.698
706,35.3,1,drowsy,drowsy,1.0,0.0,1.0,0.0,0.0,0.0,0.038834,0.952142,0.0,0.181729,0.182362,0.180351,0.0,0.047939,0.040025,True,True,False,0.0,False,True,37.514
707,35.35,1,drowsy,drowsy,1.0,0.0,1.0,0.0,0.0,0.0,0.037237,0.95194,0.0,0.176498,0.182645,0.180122,0.0,0.048031,0.039961,True,True,False,0.0,False,True,37.816
708,35.4,1,drowsy,drowsy,1.0,0.0,1.0,0.0,0.0,0.0,0.036944,0.952454,0.0,0.173775,0.182365,0.179893,0.0,0.047939,0.039897,True,True,False,0.0,False,True,37.421
709,35.45,0,alert,alert,0.936758,0.936758,0.00019,0.0,0.001,0.062052,0.039158,0.951371,0.0,0.172391,0.182651,0.179669,0.0,0.048031,0.039833,True,True,False,0.0,False,False,37.261
710,35.5,1,drowsy,drowsy,1.0,0.0,1.0,0.0,0.0,0.0,0.040123,0.950408,0.0,0.170249,0.182656,0.179447,0.0,0.048032,0.03977,True,True,False,0.0,False,True,46.764
711,35.55,0,alert,alert,0.938437,0.938437,0.000177,0.0,0.001223,0.060163,0.038416,0.95105,0.0,0.169287,0.18238,0.179223,0.0,0.047939,0.039707,True,True,False,0.0,False,False,37.53
712,35.6,0,alert,alert,0.941603,0.941603,0.000169,0.0,0.001367,0.05686,0.039581,0.950959,0.0,0.163863,0.182655,0.179002,0.0,0.048032,0.039644,True,True,False,0.0,False,False,37.497
713,35.65,0,alert,alert,0.940379,0.940379,0.000166,0.0,0.001474,0.057981,0.040827,0.950381,0.0,0.160849,0.182383,0.178783,0.0,0.04794,0.039581,True,True,False,0.0,False,False,37.535
714,35.7,0,alert,alert,0.946156,0.946156,0.000156,0.0,0.001495,0.052192,0.042066,0.950219,0.0,0.158576,0.182655,0.178567,0.0,0.048032,0.039519,True,True,False,0.0,False,False,37.6
715,35.75,0,alert,alert,0.945771,0.945771,0.000155,0.0,0.001706,0.052368,0.039947,0.951231,0.0,0.157639,0.182655,0.178349,0.0,0.048032,0.039456,True,True,False,0.0,False,False,46.2
716,35.8,0,alert,alert,0.946365,0.946365,0.000151,0.0,0.001913,0.05157,0.039968,0.951342,0.0,0.156783,0.182381,0.178131,0.0,0.04794,0.039394,True,True,False,0.0,False,False,37.313
717,35.85,0,alert,alert,0.945366,0.945366,0.000151,0.0,0.001927,0.052557,0.040759,0.950798,0.0,0.155912,0.182646,0.177915,0.0,0.048032,0.039332,True,True,False,0.0,False,False,37.213
718,35.9,0,alert,alert,0.947143,0.947143,0.00015,0.0,0.001827,0.05088,0.040658,0.951055,0.0,0.152977,0.182374,0.177699,0.0,0.04794,0.03927,True,True,False,0.0,False,False,37.816
719,35.95,1,drowsy,drowsy,1.0,0.0,1.0,0.0,0.0,0.0,0.042152,0.950263,0.0,0.150009,0.182652,0.177487,0.0,0.048033,0.039209,True,True,False,0.0,False,True,37.438
720,36.0,1,drowsy,drowsy,1.0,0.0,1.0,0.0,0.0,0.0,0.039325,0.950867,0.0,0.147606,0.182652,0.177271,0.0,0.048033,0.039148,True,True,False,0.0,False,True,46.058
721,36.05,1,drowsy,drowsy,1.0,0.0,1.0,0.0,0.0,0.0,0.038471,0.95172,0.0,0.146813,0.182375,0.177053,0.0,0.047941,0.039086,True,True,False,0.0,False,True,37.545
722,36.1,0,alert,alert,0.946594,0.946594,0.000165,0.0,0.001672,0.051569,0.041646,0.951651,0.0,0.142705,0.182648,0.176842,0.0,0.048033,0.039025,True,True,False,0.0,False,False,37.228
723,36.15,1,drowsy,drowsy,1.0,0.0,1.0,0.0,0.0,0.0,0.048507,0.949843,0.0,0.139395,0.182391,0.176642,0.0,0.047941,0.038965,True,True,False,0.0,False,True,37.263
724,36.2,1,drowsy,drowsy,1.0,0.0,1.0,0.0,0.0,0.0,0.045645,0.951717,0.0,0.135465,0.18253,0.176438,0.0,0.048032,0.038904,True,True,False,0.0,False,True,37.578
725,36.25,1,drowsy,drowsy,1.0,0.0,1.0,0.0,0.0,0.0,0.051213,0.949921,0.0,0.131041,0.181788,0.176244,0.0,0.048023,0.038844,True,True,False,0.0,False,True,46.326
726,36.3,1,drowsy,drowsy,1.0,0.0,1.0,0.0,0.0,0.0,0.049483,0.951283,0.0,0.130451,0.181535,0.176047,0.0,0.047931,0.038783,True,True,False,0.0,False,True,37.466
727,36.35,1,drowsy,drowsy,1.0,0.0,1.0,0.0,0.0,0.0,0.050066,0.951108,0.0,0.121613,0.180212,0.175852,0.0,0.048004,0.038723,True,True,False,0.0,False,True,37.318
728,36.4,1,drowsy,drowsy,1.0,0.0,1.0,0.0,0.0,0.0,0.049197,0.951078,0.0,0.116858,0.179961,0.175657,0.0,0.047912,0.038663,True,True,False,0.0,False,True,37.234
729,36.45,1,drowsy,drowsy,1.0,0.0,1.0,0.0,0.0,0.0,0.048076,0.950745,0.0,0.11214,0.179498,0.17546,0.0,0.048,0.038604,True,True,False,0.0,False,True,37.409
730,36.5,1,drowsy,drowsy,1.0,0.0,1.0,0.0,0.0,0.0,0.047173,0.950692,0.0,0.10758,0.179458,0.175262,0.0,0.048,0.038544,True,True,False,0.0,False,True,46.376
731,36.55,1,drowsy,drowsy,1.0,0.0,1.0,0.0,0.0,0.0,0.135656,0.0,0.0,0.10758,0.179458,0.175262,0.0,0.048,0.038544,True,True,False,0.0,False,True,34.134
732,36.6,0,alert,alert,0.877945,0.877945,0.000224,0.0,0.002454,0.119376,0.068373,0.945194,0.0,0.101788,0.17975,0.175099,0.0,0.048093,0.038485,True,True,False,0.0,False,False,37.571
733,36.65,0,alert,alert,0.884749,0.884749,0.00022,0.0,0.003714,0.111318,0.053374,0.950046,0.0,0.10062,0.179508,0.174912,0.0,0.048001,0.038426,True,True,False,0.0,False,False,37.391
734,36.7,0,alert,alert,0.879499,0.879499,0.000221,0.0,0.004762,0.115518,0.046104,0.951683,0.0,0.097643,0.179673,0.174714,0.0,0.048093,0.038367,True,True,False,0.944759,False,False,37.437
735,36.75,1,drowsy,drowsy,1.0,0.0,1.0,0.0,0.0,0.0,0.053926,0.949016,0.0,0.09438,0.179643,0.174529,0.0,0.048093,0.038309,True,True,False,0.0,False,True,46.388
736,36.8,1,drowsy,drowsy,1.0,0.0,1.0,0.0,0.0,0.0,0.050146,0.950115,0.0,0.094062,0.179395,0.174339,0.0,0.048001,0.03825,True,True,False,0.0,False,True,38.091
737,36.85,4,distraction,distracted,0.556071,0.44073,0.000317,0.0,0.002882,0.556071,0.069104,0.945732,0.0,0.089337,0.179606,0.174179,0.0,0.048093,0.038192,True,True,False,0.0,False,False,37.911
738,36.9,1,drowsy,drowsy,1.0,0.0,1.0,0.0,0.0,0.0,0.415794,0.887188,0.0,0.090914,0.180029,0.174523,0.0,0.048006,0.038138,True,True,False,0.0,False,True,37.634
739,36.95,1,drowsy,drowsy,1.0,0.0,1.0,0.0,0.0,0.0,0.500855,0.840193,0.0,0.093716,0.181009,0.174962,0.0,0.048108,0.038086,True,True,False,0.0,False,True,37.673
740,37.0,1,drowsy,drowsy,1.0,0.0,1.0,0.0,0.0,0.0,0.504548,0.845173,0.0,0.096726,0.181772,0.175408,0.0,0.048118,0.038035,True,True,False,0.0,False,True,46.381
741,37.05,1,drowsy,drowsy,1.0,0.0,1.0,0.0,0.0,0.0,0.445612,0.897685,0.0,0.099105,0.18225,0.175795,0.0,0.04803,0.03798,True,True,False,0.0,False,True,37.765
742,37.1,0,alert,alert,0.953143,0.953143,0.000201,0.0,0.00147,0.045186,0.317358,0.925587,0.0,0.10127,0.182976,0.176004,0.0,0.048124,0.037924,True,True,False,0.0,False,False,37.55
743,37.15,1,drowsy,drowsy,1.0,0.0,1.0,0.0,0.0,0.0,0.390068,0.897297,0.0,0.103249,0.183351,0.17631,0.0,0.048037,0.03787,True,True,False,0.0,False,True,37.467
744,37.2,0,alert,alert,0.957263,0.957263,0.000203,0.0,0.001869,0.040664,0.381666,0.905432,0.0,0.104717,0.183286,0.176605,0.0,0.048125,0.037816,True,True,False,0.0,False,False,37.404
745,37.25,0,alert,alert,0.965692,0.965692,0.000187,0.0,0.002065,0.032057,0.217196,0.935097,0.0,0.105453,0.182968,0.176666,0.0,0.048122,0.037759,True,True,False,0.0,False,False,46.257
746,37.3,1,drowsy,drowsy,1.0,0.0,1.0,0.0,0.0,0.0,0.086606,0.94961,0.0,0.105317,0.182784,0.17653,0.0,0.048029,0.037703,True,True,False,0.0,False,True,37.263
747,37.35,1,drowsy,drowsy,1.0,0.0,1.0,0.0,0.0,0.0,0.04977,0.954714,0.0,0.105176,0.18257,0.176339,0.0,0.048119,0.037646,True,True,False,0.0,False,True,37.314
748,37.4,1,drowsy,drowsy,1.0,0.0,1.0,0.0,0.0,0.0,0.042973,0.954222,0.0,0.102466,0.182301,0.176137,0.0,0.048026,0.037589,True,True,False,0.0,False,True,37.442
749,37.45,1,drowsy,drowsy,1.0,0.0,1.0,0.0,0.0,0.0,0.064127,0.947856,0.0,0.099599,0.182591,0.17597,0.0,0.048119,0.037533,True,True,False,0.0,False,True,37.966
750,37.5,1,drowsy,drowsy,1.0,0.0,1.0,0.0,0.0,0.0,0.066288,0.947531,0.0,0.096793,0.182645,0.175806,0.0,0.04812,0.037477,True,True,False,0.0,False,True,46.602
751,37.55,1,drowsy,drowsy,1.0,0.0,1.0,0.0,0.0,0.0,0.314503,0.90931,0.0,0.098296,0.182887,0.176005,0.0,0.048031,0.037423,True,True,False,0.0,False,True,38.29
752,37.6,1,drowsy,drowsy,1.0,0.0,1.0,0.0,0.0,0.0,0.498276,0.835069,0.0,0.098319,0.183963,0.176427,0.0,0.048135,0.037374,True,True,False,0.0,False,True,37.88
753,37.65,1,drowsy,drowsy,1.0,0.0,1.0,0.0,0.0,0.0,0.496456,0.859755,0.0,0.101144,0.184506,0.176859,0.0,0.048052,0.037323,True,True,False,0.0,False,True,37.74
754,37.7,1,drowsy,drowsy,1.0,0.0,1.0,0.0,0.0,0.0,0.417508,0.904011,0.0,0.103751,0.185482,0.1772,0.0,0.048149,0.037271,True,True,False,0.0,False,True,38.405
755,37.75,1,drowsy,drowsy,1.0,0.0,1.0,0.0,0.0,0.0,0.253293,0.930852,0.0,0.105287,0.185884,0.177311,0.0,0.048151,0.037216,True,True,False,0.157463,False,True,47.075
756,37.8,1,drowsy,drowsy,1.0,0.0,1.0,0.0,0.0,0.0,0.094902,0.947901,0.0,0.105212,0.18571,0.177189,0.0,0.048059,0.037161,True,True,False,0.124733,False,True,38.093
757,37.85,1,drowsy,drowsy,1.0,0.0,1.0,0.0,0.0,0.0,0.045991,0.953932,0.0,0.105738,0.185993,0.176994,0.0,0.048152,0.037106,True,True,False,0.184814,False,True,37.891
758,37.9,1,drowsy,drowsy,1.0,0.0,1.0,0.0,0.0,0.0,0.040125,0.95434,0.0,0.105691,0.185712,0.17679,0.0,0.048059,0.037051,True,True,False,0.0,False,True,37.703
759,37.95,1,drowsy,drowsy,1.0,0.0,1.0,0.0,0.0,0.0,0.037787,0.953839,0.0,0.105625,0.185963,0.176584,0.0,0.048151,0.036996,True,True,False,0.476753,False,True,37.681
760,38.0,1,drowsy,drowsy,1.0,0.0,1.0,0.0,0.0,0.0,0.036563,0.953168,0.0,0.105544,0.18594,0.176377,0.0,0.048151,0.036941,True,True,False,0.49369,False,True,46.682
761,38.05,1,drowsy,drowsy,1.0,0.0,1.0,0.0,0.0,0.0,0.037446,0.952529,0.0,0.105051,0.185654,0.176171,0.0,0.048058,0.036886,True,True,False,0.614082,False,True,37.607
762,38.1,1,drowsy,drowsy,1.0,0.0,1.0,0.0,0.0,0.0,0.040208,0.950926,0.0,0.105316,0.185888,0.175971,0.0,0.04815,0.036832,True,True,False,0.614082,False,True,37.675
763,38.15,1,drowsy,drowsy,1.0,0.0,1.0,0.0,0.0,0.0,0.043402,0.949337,0.0,0.105128,0.185614,0.175777,0.0,0.048058,0.036778,True,True,False,0.0,False,True,37.459
764,38.2,1,drowsy,drowsy,1.0,0.0,1.0,0.0,0.0,0.0,0.043316,0.950083,0.0,0.104944,0.185878,0.175582,0.0,0.04815,0.036724,True,True,False,0.0,False,True,37.606
765,38.25,1,drowsy,drowsy,1.0,0.0,1.0,0.0,0.0,0.0,0.045211,0.948381,0.0,0.104699,0.185855,0.175392,0.0,0.04815,0.03667,True,True,False,0.0,False,True,46.744
766,38.3,1,drowsy,drowsy,1.0,0.0,1.0,0.0,0.0,0.0,0.04433,0.949351,0.0,0.104263,0.185583,0.1752,0.0,0.048058,0.036617,True,True,False,0.0,False,True,37.693
767,38.35,1,drowsy,drowsy,1.0,0.0,1.0,0.0,0.0,0.0,0.052943,0.947203,0.0,0.104193,0.185881,0.175022,0.0,0.048151,0.036563,True,True,False,0.0,False,True,37.471
768,38.4,1,drowsy,drowsy,1.0,0.0,1.0,0.0,0.0,0.0,0.051524,0.946479,0.0,0.104028,0.185624,0.174843,0.0,0.048059,0.03651,True,True,False,0.0,False,True,37.57
769,38.45,1,drowsy,drowsy,1.0,0.0,1.0,0.0,0.0,0.0,0.051264,0.945081,0.0,0.103881,0.185927,0.174664,0.0,0.048152,0.036457,True,True,False,0.0,False,True,37.301
770,38.5,1,drowsy,drowsy,1.0,0.0,1.0,0.0,0.0,0.0,0.057587,0.94445,0.0,0.103789,0.185965,0.174494,0.0,0.048152,0.036405,True,True,False,0.0,False,True,46.265
771,38.55,1,drowsy,drowsy,1.0,0.0,1.0,0.0,0.0,0.0,0.053214,0.946432,0.0,0.103425,0.185711,0.174319,0.0,0.04806,0.036352,True,True,False,0.0,False,True,37.558
772,38.6,1,drowsy,drowsy,1.0,0.0,1.0,0.0,0.0,0.0,0.052099,0.947705,0.0,0.10375,0.186019,0.174142,0.0,0.048153,0.036299,True,True,False,0.0,False,True,37.616
773,38.65,1,drowsy,drowsy,1.0,0.0,1.0,0.0,0.0,0.0,0.049558,0.949013,0.0,0.10375,0.185757,0.173962,0.0,0.048061,0.036247,True,True,False,0.0,False,True,37.559
774,38.7,1,drowsy,drowsy,1.0,0.0,1.0,0.0,0.0,0.0,0.05441,0.945412,0.0,0.103815,0.186049,0.17379,0.0,0.048154,0.036195,True,True,False,0.0,False,True,37.474
775,38.75,1,drowsy,drowsy,1.0,0.0,1.0,0.0,0.0,0.0,0.055122,0.944866,0.0,0.103897,0.186061,0.17362,0.0,0.048154,0.036143,True,True,False,0.0,False,True,46.786
776,38.8,1,drowsy,drowsy,1.0,0.0,1.0,0.0,0.0,0.0,0.060704,0.943739,0.0,0.103587,0.185822,0.173458,0.0,0.048063,0.036091,True,True,False,0.0,False,True,38.111
777,38.85,1,drowsy,drowsy,1.0,0.0,1.0,0.0,0.0,0.0,0.059151,0.945049,0.0,0.104086,0.185432,0.173294,0.0,0.04815,0.036039,True,True,False,0.0,False,True,38.142
778,38.9,1,drowsy,drowsy,1.0,0.0,1.0,0.0,0.0,0.0,0.062669,0.944477,0.0,0.104101,0.185198,0.173136,0.0,0.048058,0.035988,True,True,False,0.0,False,True,37.859
779,38.95,1,drowsy,drowsy,1.0,0.0,1.0,0.0,0.0,0.0,0.084158,0.937498,0.0,0.102884,0.184082,0.17301,0.0,0.048139,0.035937,True,True,False,0.0,False,True,38.321
780,39.0,1,drowsy,drowsy,1.0,0.0,1.0,0.0,0.0,0.0,0.070193,0.942053,0.0,0.100164,0.183719,0.172864,0.0,0.048138,0.035886,True,True,False,0.0,False,True,46.933
781,39.05,1,drowsy,drowsy,1.0,0.0,1.0,0.0,0.0,0.0,0.05908,0.946065,0.0,0.099868,0.183481,0.172702,0.0,0.048046,0.035835,True,True,False,0.0,False,True,38.42
782,39.1,1,drowsy,drowsy,1.0,0.0,1.0,0.0,0.0,0.0,0.046551,0.948959,0.0,0.09366,0.183623,0.172522,0.0,0.048138,0.035783,True,True,False,0.0,False,True,38.034
783,39.15,1,drowsy,drowsy,1.0,0.0,1.0,0.0,0.0,0.0,0.041233,0.950475,0.0,0.089612,0.18335,0.172334,0.0,0.048045,0.035732,True,True,False,0.0,False,True,38.323
784,39.2,0,alert,alert,0.967239,0.967239,0.000236,0.0,0.000901,0.031624,0.083025,0.938282,0.0,0.086658,0.183717,0.172208,0.0,0.04814,0.035682,True,True,False,0.0,False,False,38.234
785,39.25,0,alert,alert,0.956441,0.956441,0.000352,0.0,0.001063,0.042143,0.454418,0.86697,0.0,0.08687,0.184463,0.172575,0.0,0.048148,0.035636,True,True,False,0.0,False,False,46.469
786,39.3,0,alert,alert,0.938246,0.938246,0.000769,0.0,0.001469,0.059515,0.519812,0.810409,0.0,0.089531,0.185012,0.172996,0.0,0.048069,0.035593,True,True,False,0.0,False,False,37.646
787,39.35,0,alert,alert,0.906764,0.906764,0.001931,0.0,0.002164,0.089141,0.531853,0.823242,0.0,0.091312,0.186142,0.173438,0.0,0.048174,0.035549,True,True,False,1.0,False,False,37.699
788,39.4,0,alert,alert,0.874342,0.874342,0.004827,0.0,0.003093,0.117738,0.530523,0.862522,0.0,0.094544,0.186743,0.173897,0.0,0.04809,0.035503,True,True,False,1.0,False,False,37.719
789,39.45,0,alert,alert,0.856807,0.856807,0.011491,0.0,0.004612,0.12709,0.562595,0.857685,0.0,0.09802,0.187944,0.174394,0.0,0.048192,0.035458,True,True,False,1.0,False,False,37.689
790,39.5,0,alert,alert,0.870033,0.870033,0.018837,0.0,0.006772,0.104358,0.522871,0.882829,0.0,0.10134,0.188815,0.174853,0.0,0.048199,0.035411,True,True,False,1.0,False,False,46.554
791,39.55,0,alert,alert,0.895506,0.895506,0.01924,0.0,0.010115,0.075139,0.467979,0.908293,0.0,0.103873,0.189328,0.175248,0.0,0.04811,0.035363,True,True,False,0.0,False,False,37.627
792,39.6,0,alert,alert,0.919223,0.919223,0.015983,0.0,0.014029,0.050765,0.394889,0.921256,0.0,0.106879,0.190253,0.175549,0.0,0.048206,0.035315,True,True,False,0.0,False,False,37.721
793,39.65,0,alert,alert,0.942136,0.942136,0.008782,0.0,0.017421,0.031661,0.265438,0.934711,0.0,0.108497,0.190395,0.175673,0.0,0.048114,0.035266,True,True,False,0.0,False,False,37.592
794,39.7,0,alert,alert,0.948183,0.948183,0.005596,0.0,0.02063,0.025592,0.143508,0.945131,0.0,0.10924,0.190852,0.175628,0.0,0.048208,0.035216,True,True,False,0.0,False,False,37.519
795,39.75,0,alert,alert,0.953118,0.953118,0.002971,0.0,0.025545,0.018366,0.065594,0.952566,0.0,0.109404,0.190881,0.175473,0.0,0.048207,0.035167,True,True,False,0.0,False,False,46.504
796,39.8,0,alert,alert,0.948542,0.948542,0.00183,0.0,0.032811,0.016817,0.045149,0.954605,0.0,0.108937,0.1906,0.17529,0.0,0.048114,0.035117,True,True,False,0.0,False,False,37.98
797,39.85,0,alert,alert,0.935788,0.935788,0.001364,0.0,0.046279,0.016569,0.048981,0.951763,0.0,0.109461,0.190867,0.175112,0.0,0.048207,0.035068,True,True,False,0.0,False,False,38.172
798,39.9,0,alert,alert,0.928131,0.928131,0.001104,0.0,0.053144,0.017621,0.055755,0.949161,0.0,0.109545,0.190608,0.174946,0.0,0.048114,0.035019,True,True,False,0.0,False,False,37.707
799,39.95,0,alert,alert,0.938142,0.938142,0.000852,0.0,0.043263,0.017743,0.054769,0.949323,0.0,0.109627,0.190895,0.174778,0.0,0.048207,0.03497,True,True,False,0.0,False,False,38.065
800,40.0,0,alert,alert,0.949472,0.949472,0.000643,0.0,0.032895,0.01699,0.054564,0.94805,0.0,0.108936,0.190919,0.174611,0.0,0.048207,0.034921,True,True,False,0.0,False,False,46.586
801,40.05,0,alert,alert,0.95999,0.95999,0.000505,0.0,0.025414,0.014091,0.052945,0.94816,0.0,0.108532,0.190655,0.174441,0.0,0.048115,0.034873,True,True,False,0.0,False,False,38.008
802,40.1,0,alert,alert,0.966377,0.966377,0.000433,0.0,0.020496,0.012695,0.056838,0.94739,0.0,0.107241,0.19097,0.174278,0.0,0.048208,0.034825,True,True,False,0.0,False,False,37.74
803,40.15,0,alert,alert,0.972077,0.972077,0.000371,0.0,0.015667,0.011885,0.05578,0.946817,0.0,0.106053,0.190711,0.174114,0.0,0.048116,0.034776,True,True,False,0.0,False,False,37.562
804,40.2,0,alert,alert,0.975733,0.975733,0.00032,0.0,0.012349,0.011598,0.107887,0.937504,0.0,0.106164,0.190985,0.174024,0.0,0.048209,0.034729,True,True,False,0.0,False,False,37.815
805,40.25,0,alert,alert,0.97537,0.97537,0.000318,0.0,0.011539,0.012773,0.433565,0.878725,0.0,0.108648,0.191561,0.174356,0.0,0.048216,0.034684,True,True,False,0.0,False,False,46.617
806,40.3,0,alert,alert,0.978677,0.978677,0.000334,0.0,0.007817,0.013172,0.505513,0.837949,0.0,0.111181,0.192094,0.17476,0.0,0.048134,0.034642,True,True,False,0.0,False,False,37.877
807,40.35,0,alert,alert,0.983143,0.983143,0.000343,0.0,0.005561,0.010953,0.474471,0.883879,0.0,0.114445,0.192768,0.175146,0.0,0.048231,0.034597,True,True,False,0.0,False,False,37.623
808,40.4,0,alert,alert,0.984446,0.984446,0.000333,0.0,0.004143,0.011078,0.383486,0.911511,0.0,0.11674,0.19312,0.175422,0.0,0.048142,0.034552,True,True,False,0.0,False,False,37.546
809,40.45,0,alert,alert,0.982721,0.982721,0.000321,0.0,0.004154,0.012804,0.183649,0.937097,0.0,0.117712,0.192526,0.175433,0.0,0.04823,0.034505,True,True,False,0.0,False,False,37.581
810,40.5,0,alert,alert,0.981752,0.981752,0.000288,0.0,0.004628,0.013331,0.075429,0.95015,0.0,0.117947,0.191761,0.175295,0.0,0.048219,0.034457,True,True,False,0.0,False,False,46.35
811,40.55,0,alert,alert,0.981772,0.981772,0.000263,0.0,0.00404,0.013925,0.04743,0.953762,0.0,0.117434,0.191482,0.175119,0.0,0.048126,0.03441,True,True,False,0.0,False,False,37.555
812,40.6,0,alert,alert,0.981202,0.981202,0.000251,0.0,0.003389,0.015158,0.046893,0.952707,0.0,0.117914,0.190175,0.174942,0.0,0.0482,0.034362,True,True,False,0.0,False,False,37.615
813,40.65,0,alert,alert,0.979065,0.979065,0.000243,0.0,0.003178,0.017515,0.044968,0.952119,0.0,0.117879,0.189895,0.174764,0.0,0.048107,0.034315,True,True,False,0.0,False,False,37.477
814,40.7,0,alert,alert,0.977424,0.977424,0.000226,0.0,0.003134,0.019217,0.046579,0.95157,0.0,0.117851,0.189401,0.174588,0.0,0.048195,0.034268,True,True,False,0.0,False,False,37.516
815,40.75,0,alert,alert,0.978043,0.978043,0.000215,0.0,0.002595,0.019148,0.052552,0.949841,0.0,0.117883,0.189375,0.174421,0.0,0.048195,0.034221,True,True,False,0.0,False,False,46.59
816,40.8,0,alert,alert,0.980036,0.980036,0.000207,0.0,0.002144,0.017614,0.058992,0.948407,0.0,0.117457,0.189125,0.174264,0.0,0.048102,0.034174,True,True,False,0.0,False,False,37.744
817,40.85,0,alert,alert,0.979707,0.979707,0.000215,0.0,0.002036,0.018042,0.058639,0.948527,0.0,0.118077,0.189448,0.174106,0.0,0.048196,0.034128,True,True,False,0.0,False,False,37.585
818,40.9,0,alert,alert,0.975343,0.975343,0.000267,0.0,0.0023,0.02209,0.165488,0.932013,0.0,0.118967,0.189403,0.174095,0.0,0.048105,0.034082,True,True,False,0.0,False,False,37.485
819,40.95,0,alert,alert,0.969947,0.969947,0.000326,0.0,0.002463,0.027264,0.436633,0.888312,0.0,0.121674,0.190433,0.174429,0.0,0.048204,0.034039,True,True,False,1.0,False,False,37.693
820,41.0,0,alert,alert,0.965023,0.965023,0.000448,0.0,0.002632,0.031897,0.515216,0.821284,0.0,0.12473,0.191255,0.174829,0.0,0.048217,0.033999,True,True,False,1.0,False,False,46.341
821,41.05,0,alert,alert,0.965284,0.965284,0.000616,0.0,0.003157,0.030944,0.539995,0.811638,0.0,0.127306,0.191827,0.175252,0.0,0.048138,0.03396,True,True,False,0.0,False,False,37.721
822,41.1,0,alert,alert,0.970127,0.970127,0.000634,0.0,0.003516,0.025724,0.532251,0.850105,0.0,0.131238,0.192878,0.175685,0.0,0.048239,0.033918,True,True,False,0.0,False,False,37.548
823,41.15,0,alert,alert,0.975694,0.975694,0.000553,0.0,0.004579,0.019174,0.493409,0.884376,0.0,0.134384,0.193416,0.176085,0.0,0.048153,0.033876,True,True,False,0.0,False,False,37.834
824,41.2,0,alert,alert,0.976143,0.976143,0.000523,0.0,0.005313,0.018021,0.46522,0.897221,0.0,0.137375,0.194349,0.176454,0.0,0.04825,0.033833,True,True,False,0.0,False,False,37.682
825,41.25,0,alert,alert,0.980454,0.980454,0.000424,0.0,0.00504,0.014083,0.408639,0.910779,0.0,0.139991,0.195013,0.176754,0.0,0.048254,0.033789,True,True,False,0.094177,False,False,47.249
826,41.3,0,alert,alert,0.982457,0.982457,0.000354,0.0,0.004879,0.01231,0.359096,0.914867,0.0,0.141526,0.195317,0.176991,0.0,0.048165,0.033745,True,True,False,0.0,False,False,37.992
827,41.35,0,alert,alert,0.982431,0.982431,0.00031,0.0,0.005831,0.011428,0.239387,0.931291,0.0,0.143679,0.195977,0.177073,0.0,0.04826,0.0337,True,True,False,0.0,False,False,38.073
828,41.4,0,alert,alert,0.983237,0.983237,0.000272,0.0,0.005216,0.011274,0.155008,0.938699,0.0,0.144523,0.195899,0.177044,0.0,0.048168,0.033656,True,True,False,0.435192,False,False,38.143
829,41.45,0,alert,alert,0.98549,0.98549,0.000235,0.0,0.003916,0.01036,0.106891,0.942378,0.0,0.14499,0.196319,0.176951,0.0,0.048262,0.033611,True,True,False,0.587169,False,False,37.974
830,41.5,0,alert,alert,0.9866,0.9866,0.000223,0.0,0.003484,0.009693,0.099629,0.944593,0.0,0.145408,0.196432,0.176848,0.0,0.048263,0.033566,True,True,False,0.587169,False,False,46.615
831,41.55,0,alert,alert,0.986662,0.986662,0.00023,0.0,0.003066,0.010041,0.116245,0.944695,0.0,0.145197,0.196278,0.176767,0.0,0.04817,0.033521,True,True,False,0.661327,False,False,37.745
832,41.6,0,alert,alert,0.985393,0.985393,0.00026,0.0,0.002609,0.011738,0.464147,0.865802,0.0,0.148851,0.19735,0.177117,0.0,0.048272,0.03348,True,True,False,0.573436,False,False,37.581
833,41.65,0,alert,alert,0.982376,0.982376,0.00029,0.0,0.003078,0.014255,0.490068,0.86393,0.0,0.151914,0.197863,0.177497,0.0,0.048187,0.03344,True,True,False,0.0,False,False,37.429
834,41.7,0,alert,alert,0.983645,0.983645,0.00025,0.0,0.002408,0.013697,0.395841,0.910615,0.0,0.154431,0.198837,0.177777,0.0,0.048285,0.033397,True,True,False,0.0,False,False,37.532
835,41.75,0,alert,alert,0.983672,0.983672,0.000215,0.0,0.001787,0.014325,0.202286,0.937302,0.0,0.155594,0.199149,0.177809,0.0,0.048286,0.033353,True,True,False,0.117504,False,False,46.727
836,41.8,0,alert,alert,0.98347,0.98347,0.000193,0.0,0.001456,0.01488,0.081776,0.950082,0.0,0.155055,0.198923,0.177681,0.0,0.048193,0.033309,True,True,False,0.035564,False,False,37.49
837,41.85,0,alert,alert,0.982298,0.982298,0.000182,0.0,0.001284,0.016237,0.048494,0.954196,0.0,0.155906,0.198535,0.177509,0.0,0.04828,0.033264,True,True,False,0.106442,False,False,37.413
838,41.9,0,alert,alert,0.981131,0.981131,0.000174,0.0,0.001213,0.017482,0.0413,0.954444,0.0,0.155887,0.198231,0.177327,0.0,0.048187,0.03322,True,True,False,0.106442,False,False,37.757
839,41.95,0,alert,alert,0.980883,0.980883,0.000166,0.0,0.001124,0.017826,0.040786,0.95232,0.0,0.155046,0.196789,0.177146,0.0,0.048254,0.033176,True,True,False,0.0,False,False,37.735
840,42.0,0,alert,alert,0.981368,0.981368,0.000164,0.0,0.001056,0.017413,0.038913,0.952228,0.0,0.154203,0.195748,0.176962,0.0,0.048241,0.033132,True,True,False,0.0,False,False,46.594
841,42.05,0,alert,alert,0.981834,0.981834,0.000159,0.0,0.000957,0.01705,0.038631,0.952308,0.0,0.153371,0.195445,0.176779,0.0,0.048148,0.033088,True,True,False,0.0,False,False,37.614
842,42.1,0,alert,alert,0.982619,0.982619,0.000154,0.0,0.000981,0.016246,0.040827,0.951425,0.0,0.152566,0.193548,0.176599,0.0,0.048215,0.033044,True,True,False,0.0,False,False,37.556
843,42.15,0,alert,alert,0.981855,0.981855,0.000155,0.0,0.000959,0.017031,0.039273,0.951633,0.0,0.151762,0.193251,0.176418,0.0,0.048122,0.033001,True,True,False,0.0,False,False,37.719
844,42.2,0,alert,alert,0.980984,0.980984,0.000158,0.0,0.00092,0.017937,0.037426,0.951359,0.0,0.150957,0.192083,0.176235,0.0,0.048206,0.032957,True,True,False,0.0,False,False,37.832
845,42.25,0,alert,alert,0.979023,0.979023,0.000167,0.0,0.000977,0.019833,0.03687,0.951587,0.0,0.150158,0.191832,0.176051,0.0,0.048205,0.032914,True,True,False,0.0,False,False,46.657
846,42.3,0,alert,alert,0.977025,0.977025,0.000172,0.0,0.000955,0.021849,0.038004,0.951273,0.0,0.149379,0.191536,0.17587,0.0,0.048112,0.03287,True,True,False,0.0,False,False,37.552
847,42.35,0,alert,alert,0.977196,0.977196,0.000167,0.0,0.000911,0.021725,0.036678,0.952267,0.0,0.148601,0.191385,0.175687,0.0,0.048202,0.032827,True,True,False,0.0,False,False,37.48
848,42.4,0,alert,alert,0.97749,0.97749,0.000162,0.0,0.0009,0.021447,0.035965,0.952526,0.0,0.147828,0.191085,0.175503,0.0,0.048109,0.032784,True,True,False,0.0,False,False,37.551
849,42.45,0,alert,alert,0.975913,0.975913,0.000167,0.0,0.000874,0.023046,0.035984,0.952639,0.0,0.147066,0.190202,0.17532,0.0,0.048195,0.032741,True,True,False,0.0,False,False,38.031
850,42.5,0,alert,alert,0.973763,0.973763,0.000175,0.0,0.000848,0.025214,0.035993,0.952518,0.0,0.146314,0.189543,0.175138,0.0,0.048192,0.032698,True,True,False,0.0,False,False,46.47
851,42.55,0,alert,alert,0.976037,0.976037,0.000172,0.0,0.000824,0.022967,0.036089,0.952284,0.0,0.145573,0.189247,0.174956,0.0,0.0481,0.032655,True,True,False,0.0,False,False,37.73
852,42.6,0,alert,alert,0.977513,0.977513,0.000171,0.0,0.000851,0.021465,0.036074,0.952349,0.0,0.144842,0.188928,0.174775,0.0,0.04819,0.032613,True,True,False,0.0,False,False,37.582
853,42.65,0,alert,alert,0.976942,0.976942,0.000175,0.0,0.000911,0.021972,0.036203,0.951933,0.0,0.144122,0.188634,0.174594,0.0,0.048098,0.03257,True,True,False,0.0,False,False,37.675
854,42.7,0,alert,alert,0.977117,0.977117,0.000175,0.0,0.000908,0.021799,0.03594,0.952922,0.0,0.143409,0.188865,0.174413,0.0,0.048191,0.032528,True,True,False,0.0,False,False,37.853
855,42.75,0,alert,alert,0.976628,0.976628,0.000175,0.0,0.000915,0.022282,0.037365,0.952885,0.0,0.142715,0.188859,0.174235,0.0,0.048191,0.032485,True,True,False,0.0,False,False,46.801
856,42.8,0,alert,alert,0.97601,0.97601,0.000184,0.0,0.000919,0.022886,0.037838,0.953052,0.0,0.142032,0.188568,0.174058,0.0,0.048098,0.032443,True,True,False,0.0,False,False,37.59
857,42.85,0,alert,alert,0.977052,0.977052,0.000189,0.0,0.000966,0.021792,0.038495,0.952469,0.0,0.141363,0.188851,0.173882,0.0,0.048191,0.032401,True,True,False,0.0,False,False,37.563
858,42.9,0,alert,alert,0.978522,0.978522,0.00019,0.0,0.000997,0.02029,0.040386,0.951909,0.0,0.140715,0.188565,0.173709,0.0,0.048098,0.032359,True,True,False,0.0,False,False,37.525
859,42.95,0,alert,alert,0.9804,0.9804,0.00019,0.0,0.001074,0.018337,0.042212,0.951935,0.0,0.140087,0.188826,0.173539,0.0,0.048191,0.032317,True,True,False,0.0,False,False,37.541
860,43.0,0,alert,alert,0.980937,0.980937,0.000195,0.0,0.001131,0.017737,0.043804,0.951309,0.0,0.139478,0.188805,0.173371,0.0,0.048191,0.032276,True,True,False,0.0,False,False,46.392
861,43.05,0,alert,alert,0.981457,0.981457,0.000199,0.0,0.001184,0.017159,0.041509,0.952446,0.0,0.138861,0.188521,0.173201,0.0,0.048098,0.032234,True,True,False,0.0,False,False,37.497
862,43.1,0,alert,alert,0.98007,0.98007,0.000201,0.0,0.001261,0.018468,0.040453,0.952627,0.0,0.138245,0.187314,0.17303,0.0,0.048176,0.032192,True,True,False,0.0,False,False,37.398
863,43.15,0,alert,alert,0.979736,0.979736,0.000191,0.0,0.001219,0.018853,0.041574,0.952186,0.0,0.137643,0.187033,0.172861,0.0,0.048083,0.032151,True,True,False,0.0,False,False,37.368
864,43.2,0,alert,alert,0.981131,0.981131,0.000181,0.0,0.001193,0.017495,0.040121,0.952672,0.0,0.13704,0.185608,0.17269,0.0,0.048147,0.03211,True,True,False,0.0,False,False,37.595
865,43.25,0,alert,alert,0.982372,0.982372,0.000176,0.0,0.001252,0.016199,0.039768,0.952911,0.0,0.136443,0.184678,0.172519,0.0,0.048132,0.032068,True,True,False,0.0,False,False,46.465
866,43.3,0,alert,alert,0.981236,0.981236,0.000179,0.0,0.001298,0.017287,0.039305,0.953038,0.0,0.135849,0.184398,0.172348,0.0,0.048039,0.032027,True,True,False,0.658333,False,False,37.949
867,43.35,0,alert,alert,0.979654,0.979654,0.000182,0.0,0.001261,0.018902,0.040649,0.952779,0.0,0.135271,0.182446,0.17218,0.0,0.04583,0.031986,True,True,False,0.505998,False,False,37.669
868,43.4,0,alert,alert,0.979336,0.979336,0.000182,0.0,0.001209,0.019273,0.041215,0.952502,0.0,0.134704,0.182175,0.172012,0.0,0.045742,0.031945,True,True,False,0.449351,False,False,37.402
869,43.45,0,alert,alert,0.978969,0.978969,0.000187,0.0,0.001195,0.019649,0.039543,0.952469,0.0,0.134133,0.179983,0.171843,0.0,0.043306,0.031904,True,True,False,0.449351,False,False,37.863
870,43.5,0,alert,alert,0.979981,0.979981,0.000181,0.0,0.001186,0.018652,0.039521,0.953021,0.0,0.133569,0.178727,0.171674,0.0,0.042027,0.031864,True,True,False,0.449351,False,False,47.056
871,43.55,0,alert,alert,0.974118,0.974118,0.000239,0.0,0.00124,0.024403,0.433535,0.866245,0.0,0.135186,0.179172,0.171977,0.0,0.041953,0.031827,True,True,False,0.519411,False,False,38.663
872,43.6,0,alert,alert,0.968582,0.968582,0.000383,0.0,0.001379,0.029656,0.513981,0.821896,0.0,0.137114,0.177744,0.172353,0.0,0.039484,0.031792,True,True,False,0.0,False,False,37.808
873,43.65,0,alert,alert,0.979527,0.979527,0.00032,0.0,0.00146,0.018692,0.442708,0.893818,0.0,0.138796,0.178221,0.172676,0.0,0.039413,0.031754,True,True,False,0.0,False,False,37.853
874,43.7,0,alert,alert,0.983705,0.983705,0.000268,0.0,0.001725,0.014302,0.293124,0.925698,0.0,0.139671,0.17646,0.172824,0.0,0.036953,0.031715,True,True,False,0.0,False,False,38.57
875,43.75,0,alert,alert,0.985337,0.985337,0.000236,0.0,0.001888,0.012539,0.12463,0.945544,0.0,0.139584,0.175376,0.172764,0.0,0.035692,0.031675,True,True,False,0.0,False,False,47.329
876,43.8,0,alert,alert,0.985155,0.985155,0.000223,0.0,0.002095,0.012526,0.062778,0.952094,0.0,0.139142,0.175161,0.172624,0.0,0.035624,0.031635,True,True,False,0.0,False,False,38.476
877,43.85,0,alert,alert,0.986048,0.986048,0.000202,0.0,0.001798,0.011953,0.048906,0.951783,0.0,0.138625,0.172953,0.172468,0.0,0.033186,0.031595,True,True,False,0.0,False,False,37.827
878,43.9,0,alert,alert,0.987037,0.987037,0.000191,0.0,0.001589,0.011183,0.049606,0.952075,0.0,0.138118,0.172716,0.172313,0.0,0.033123,0.031555,True,True,False,0.0,False,False,37.983
879,43.95,0,alert,alert,0.987708,0.987708,0.000189,0.0,0.001496,0.010607,0.066882,0.949033,0.0,0.137715,0.170574,0.17218,0.0,0.030728,0.031515,True,True,False,0.0,False,False,37.979
880,44.0,0,alert,alert,0.987527,0.987527,0.000189,0.0,0.001806,0.010477,0.079647,0.947223,0.0,0.13739,0.169439,0.172064,0.0,0.029516,0.031476,True,True,False,0.0,False,False,47.383
881,44.05,0,alert,alert,0.98747,0.98747,0.000186,0.0,0.001762,0.010582,0.076653,0.946902,0.0,0.137052,0.169262,0.171945,0.0,0.029459,0.031436,True,True,False,0.0,False,False,38.092
882,44.1,0,alert,alert,0.987352,0.987352,0.000191,0.0,0.001629,0.010827,0.069404,0.946723,0.0,0.136677,0.167159,0.171817,0.0,0.027112,0.031397,True,True,False,0.0,False,False,38.447
883,44.15,0,alert,alert,0.987668,0.987668,0.000196,0.0,0.001605,0.010531,0.064759,0.945955,0.0,0.136281,0.166965,0.171683,0.0,0.027061,0.031358,True,True,False,0.0,False,False,38.33
884,44.2,0,alert,alert,0.988094,0.988094,0.000196,0.0,0.001777,0.009934,0.067882,0.943785,0.0,0.135907,0.164855,0.171554,0.0,0.024709,0.031319,True,True,False,0.0,False,False,37.807
885,44.25,0,alert,alert,0.988303,0.988303,0.000195,0.0,0.002092,0.00941,0.065696,0.944442,0.0,0.135526,0.163708,0.171423,0.0,0.023513,0.03128,True,True,False,0.0,False,False,46.55
886,44.3,0,alert,alert,0.987851,0.987851,0.000197,0.0,0.00236,0.009592,0.070111,0.942679,0.0,0.135173,0.163531,0.171297,0.0,0.023469,0.031241,True,True,False,0.0,False,False,37.809
887,44.35,0,alert,alert,0.987902,0.987902,0.000195,0.0,0.002567,0.009337,0.061079,0.944848,0.0,0.134774,0.162035,0.171161,0.0,0.021657,0.031202,True,True,False,0.0,False,False,37.622
888,44.4,0,alert,alert,0.987987,0.987987,0.000195,0.0,0.002589,0.009229,0.056289,0.946554,0.0,0.134353,0.161834,0.171018,0.0,0.021616,0.031164,True,True,False,0.0,False,False,37.697
889,44.45,0,alert,alert,0.987292,0.987292,0.000212,0.0,0.002497,0.009999,0.185442,0.924852,0.0,0.134619,0.161868,0.171036,0.0,0.021657,0.031126,True,True,False,0.0,False,False,37.65
890,44.5,0,alert,alert,0.986841,0.986841,0.000222,0.0,0.002378,0.01056,0.436714,0.882424,0.0,0.136114,0.162565,0.171342,0.0,0.021661,0.03109,True,True,False,0.0,False,False,46.635
891,44.55,0,alert,alert,0.98594,0.98594,0.000219,0.0,0.002412,0.011429,0.386579,0.900944,0.0,0.137373,0.162969,0.171595,0.0,0.021622,0.031053,True,True,False,0.0,False,False,37.941
892,44.6,0,alert,alert,0.986911,0.986911,0.000194,0.0,0.001987,0.010908,0.236549,0.928528,0.0,0.137884,0.16357,0.171674,0.0,0.021664,0.031016,True,True,False,0.0,False,False,37.568
893,44.65,0,alert,alert,0.985918,0.985918,0.000187,0.0,0.002184,0.011711,0.101234,0.944847,0.0,0.137693,0.163452,0.171587,0.0,0.021623,0.030978,True,True,False,0.0,False,False,37.623
894,44.7,0,alert,alert,0.985257,0.985257,0.000177,0.0,0.002113,0.012453,0.056017,0.951705,0.0,0.137266,0.163727,0.171444,0.0,0.021665,0.030939,True,True,False,0.0,False,False,37.674
895,44.75,0,alert,alert,0.984303,0.984303,0.000167,0.0,0.002068,0.013462,0.042448,0.953871,0.0,0.136772,0.163732,0.171284,0.0,0.021665,0.030901,True,True,False,0.0,False,False,46.611
896,44.8,0,alert,alert,0.983747,0.983747,0.000159,0.0,0.001876,0.014218,0.039191,0.953827,0.0,0.136266,0.163494,0.171121,0.0,0.021623,0.030863,True,True,False,0.45149,False,False,37.74
897,44.85,0,alert,alert,0.982894,0.982894,0.000155,0.0,0.00185,0.0151,0.040996,0.953309,0.0,0.135775,0.163729,0.17096,0.0,0.021664,0.030825,True,True,False,0.42973,False,False,37.759
898,44.9,0,alert,alert,0.982105,0.982105,0.000154,0.0,0.001843,0.015898,0.043444,0.952467,0.0,0.135302,0.163499,0.170803,0.0,0.021623,0.030787,True,True,False,0.112974,False,False,37.473
899,44.95,0,alert,alert,0.980962,0.980962,0.000153,0.0,0.001618,0.017267,0.041264,0.952945,0.0,0.13498,0.163726,0.170643,0.0,0.021664,0.030749,True,True,False,0.112974,False,False,37.723
900,45.0,0,alert,alert,0.980611,0.980611,0.000154,0.0,0.001442,0.017793,0.042853,0.952635,0.0,0.134925,0.163726,0.170486,0.0,0.021664,0.030711,True,True,False,0.139296,False,False,46.593
901,45.05,0,alert,alert,0.979866,0.979866,0.000157,0.0,0.001375,0.018602,0.042596,0.952363,0.0,0.134925,0.163495,0.170329,0.0,0.021623,0.030673,True,True,False,0.139296,False,False,37.557
902,45.1,0,alert,alert,0.978569,0.978569,0.000155,0.0,0.00116,0.020115,0.042986,0.951916,0.0,0.134944,0.163725,0.170173,0.0,0.021664,0.030636,True,True,False,0.0,False,False,37.502
903,45.15,0,alert,alert,0.979133,0.979133,0.000153,0.0,0.001064,0.01965,0.050421,0.950286,0.0,0.135013,0.163509,0.170026,0.0,0.021623,0.030598,True,True,False,0.0,False,False,37.586
904,45.2,0,alert,alert,0.980026,0.980026,0.000156,0.0,0.000979,0.018839,0.047303,0.951051,0.0,0.135054,0.163742,0.169876,0.0,0.021664,0.030561,True,True,False,0.0,False,False,37.678
905,45.25,0,alert,alert,0.981513,0.981513,0.000158,0.0,0.000959,0.017369,0.046046,0.951347,0.0,0.135094,0.163747,0.169725,0.0,0.021664,0.030523,True,True,False,0.0,False,False,46.574
906,45.3,0,alert,alert,0.982068,0.982068,0.000163,0.0,0.000943,0.016826,0.047532,0.949998,0.0,0.13514,0.163526,0.169576,0.0,0.021623,0.030486,True,True,False,0.0,False,False,37.618
907,45.35,0,alert,alert,0.983026,0.983026,0.00017,0.0,0.000936,0.015868,0.049729,0.949382,0.0,0.135205,0.163771,0.169431,0.0,0.021665,0.030449,True,True,False,0.0,False,False,37.806
908,45.4,0,alert,alert,0.984294,0.984294,0.000172,0.0,0.000954,0.014579,0.044014,0.950945,0.0,0.135242,0.163543,0.169278,0.0,0.021623,0.030412,True,True,False,0.0,False,False,37.779
909,45.45,0,alert,alert,0.985061,0.985061,0.000181,0.0,0.001042,0.013717,0.045424,0.949919,0.0,0.135275,0.163775,0.169128,0.0,0.021665,0.030375,True,True,False,0.0,False,False,37.669
910,45.5,0,alert,alert,0.984679,0.984679,0.000191,0.0,0.001087,0.014043,0.046851,0.949634,0.0,0.13531,0.163778,0.16898,0.0,0.021665,0.030338,True,True,False,0.0,False,False,46.416
911,45.55,0,alert,alert,0.985054,0.985054,0.000199,0.0,0.001135,0.013612,0.044625,0.950973,0.0,0.135341,0.163551,0.168829,0.0,0.021623,0.030302,True,True,False,0.0,False,False,37.526
912,45.6,0,alert,alert,0.981787,0.981787,0.000237,0.0,0.001181,0.016795,0.039908,0.951375,0.0,0.135343,0.163762,0.168673,0.0,0.021665,0.030265,True,True,False,0.0,False,False,37.582
913,45.65,0,alert,alert,0.980181,0.980181,0.000251,0.0,0.001233,0.018335,0.039286,0.95081,0.0,0.135335,0.163525,0.168517,0.0,0.021623,0.030228,True,True,False,0.0,False,False,37.665
914,45.7,0,alert,alert,0.978937,0.978937,0.000264,0.0,0.00125,0.01955,0.039059,0.950864,0.0,0.135319,0.16375,0.168361,0.0,0.021665,0.030192,True,True,False,0.0,False,False,37.415
915,45.75,0,alert,alert,0.976795,0.976795,0.000288,0.0,0.001233,0.021685,0.039167,0.950636,0.0,0.135315,0.163749,0.168205,0.0,0.021665,0.030156,True,True,False,0.0,False,False,46.286
916,45.8,0,alert,alert,0.97611,0.97611,0.000298,0.0,0.00123,0.022362,0.038314,0.951104,0.0,0.135307,0.16351,0.168048,0.0,0.021623,0.030119,True,True,False,0.0,False,False,37.539
917,45.85,0,alert,alert,0.975875,0.975875,0.000307,0.0,0.00124,0.022579,0.03876,0.951179,0.0,0.135297,0.163741,0.167893,0.0,0.021665,0.030083,True,True,False,0.0,False,False,37.617
918,45.9,0,alert,alert,0.976742,0.976742,0.000298,0.0,0.001273,0.021687,0.039704,0.951545,0.0,0.135292,0.163504,0.167739,0.0,0.021623,0.030047,True,True,False,0.0,False,False,37.578
919,45.95,0,alert,alert,0.978216,0.978216,0.000292,0.0,0.001343,0.02015,0.04366,0.951626,0.0,0.135299,0.16374,0.16759,0.0,0.021665,0.030011,True,True,False,0.0,False,False,38.409
920,46.0,0,alert,alert,0.97954,0.97954,0.000277,0.0,0.001344,0.018839,0.047286,0.951192,0.0,0.135339,0.163751,0.167446,0.0,0.021665,0.029975,True,True,False,0.0,False,False,46.666
921,46.05,0,alert,alert,0.980982,0.980982,0.000271,0.0,0.001361,0.017387,0.051714,0.949946,0.0,0.135408,0.163538,0.167307,0.0,0.021624,0.029939,True,True,False,0.0,False,False,38.046
922,46.1,0,alert,alert,0.980544,0.980544,0.000322,0.0,0.001467,0.017667,0.06883,0.947263,0.0,0.135548,0.163662,0.16719,0.0,0.021664,0.029903,True,True,False,0.0,False,False,37.844
923,46.15,0,alert,alert,0.976298,0.976298,0.000556,0.0,0.001885,0.021261,0.389571,0.89818,0.0,0.137221,0.16356,0.167441,0.0,0.021664,0.02987,True,True,False,0.0,False,False,37.449
924,46.2,0,alert,alert,0.973272,0.973272,0.001042,0.0,0.002565,0.023121,0.460532,0.878573,0.0,0.139219,0.163678,0.167764,0.0,0.021665,0.029837,True,True,False,0.0,False,False,37.495
925,46.25,0,alert,alert,0.974493,0.974493,0.001484,0.0,0.003484,0.020538,0.411715,0.902291,0.0,0.140993,0.163944,0.16804,0.0,0.021667,0.029803,True,True,False,0.0,False,False,46.503
926,46.3,0,alert,alert,0.979182,0.979182,0.001224,0.0,0.004144,0.015451,0.246038,0.928305,0.0,0.141986,0.164097,0.16813,0.0,0.021627,0.029768,True,True,False,0.0,False,False,38.48
927,46.35,0,alert,alert,0.981469,0.981469,0.00094,0.0,0.004464,0.013127,0.097913,0.945402,0.0,0.142233,0.164266,0.168047,0.0,0.021668,0.029733,True,True,False,0.0,False,False,37.587
928,46.4,0,alert,alert,0.983435,0.983435,0.000718,0.0,0.004308,0.011539,0.049528,0.952969,0.0,0.142234,0.164281,0.167906,0.0,0.021668,0.029698,True,True,False,0.0,False,False,38.082
929,46.45,0,alert,alert,0.98431,0.98431,0.000594,0.0,0.004181,0.010915,0.039547,0.9537,0.0,0.142188,0.16428,0.167753,0.0,0.021668,0.029662,True,True,False,0.0,False,False,37.911
930,46.5,0,alert,alert,0.985514,0.985514,0.000484,0.0,0.003855,0.010147,0.037498,0.95342,0.0,0.142137,0.164274,0.167599,0.0,0.021668,0.029627,True,True,False,0.0,False,False,46.334
931,46.55,0,alert,alert,0.984798,0.984798,0.000428,0.0,0.004603,0.010171,0.042767,0.952563,0.0,0.14163,0.164043,0.167451,0.0,0.021627,0.029592,True,True,False,1.0,False,False,37.311
932,46.6,0,alert,alert,0.984453,0.984453,0.00035,0.0,0.004852,0.010345,0.043301,0.950733,0.0,0.1415,0.164278,0.167304,0.0,0.021668,0.029557,True,True,False,1.0,False,False,37.521
933,46.65,0,alert,alert,0.984691,0.984691,0.000294,0.0,0.003861,0.011155,0.040512,0.951719,0.0,0.141434,0.164239,0.167154,0.0,0.021668,0.029522,True,True,False,1.0,False,False,37.514
934,46.7,0,alert,alert,0.984993,0.984993,0.000252,0.0,0.002806,0.011949,0.043937,0.9514,0.0,0.141423,0.16411,0.167009,0.0,0.021668,0.029487,True,True,False,1.0,False,False,37.432
935,46.75,0,alert,alert,0.985439,0.985439,0.000221,0.0,0.002207,0.012134,0.045424,0.951036,0.0,0.141379,0.163399,0.166866,0.0,0.021665,0.029453,True,True,False,1.0,False,False,46.322
936,46.8,0,alert,alert,0.985995,0.985995,0.000199,0.0,0.001787,0.012018,0.046978,0.950401,0.0,0.141363,0.163177,0.166725,0.0,0.021624,0.029418,True,True,False,1.0,False,False,37.59
937,46.85,0,alert,alert,0.985954,0.985954,0.00019,0.0,0.001565,0.012292,0.047632,0.950419,0.0,0.141251,0.161796,0.166585,0.0,0.021655,0.029383,True,True,False,1.0,False,False,37.512
938,46.9,0,alert,alert,0.985537,0.985537,0.000182,0.0,0.001454,0.012828,0.04991,0.950039,0.0,0.139482,0.161026,0.166448,0.0,0.021652,0.029349,True,True,False,0.0,False,False,37.392
939,46.95,0,alert,alert,0.985516,0.985516,0.000174,0.0,0.001308,0.013002,0.049436,0.950124,0.0,0.1374,0.160398,0.166311,0.0,0.02165,0.029315,True,True,False,0.0,False,False,37.536
940,47.0,0,alert,alert,0.985275,0.985275,0.000171,0.0,0.001206,0.013348,0.047399,0.950723,0.0,0.135282,0.160082,0.166172,0.0,0.021649,0.02928,True,True,False,0.0,False,False,46.382
941,47.05,0,alert,alert,0.985145,0.985145,0.000169,0.0,0.001137,0.013549,0.049782,0.950102,0.0,0.133358,0.159873,0.166036,0.0,0.021608,0.029246,True,True,False,0.0,False,False,37.681
942,47.1,0,alert,alert,0.985041,0.985041,0.000167,0.0,0.001123,0.013669,0.051036,0.949522,0.0,0.13203,0.160031,0.165902,0.0,0.02165,0.029212,True,True,False,0.0,False,False,37.464
943,47.15,0,alert,alert,0.984769,0.984769,0.00017,0.0,0.001084,0.013977,0.048515,0.950387,0.0,0.130368,0.160048,0.165765,0.0,0.02165,0.029178,True,True,False,0.0,False,False,37.368
944,47.2,0,alert,alert,0.984936,0.984936,0.000172,0.0,0.001048,0.013845,0.049241,0.95005,0.0,0.128741,0.160071,0.165629,0.0,0.02165,0.029144,True,True,False,0.0,False,False,37.352
945,47.25,0,alert,alert,0.985614,0.985614,0.000169,0.0,0.001037,0.01318,0.049697,0.949907,0.0,0.127897,0.160096,0.165495,0.0,0.02165,0.02911,True,True,False,0.0,False,False,46.895
946,47.3,0,alert,alert,0.985788,0.985788,0.000166,0.0,0.001085,0.012961,0.047354,0.950505,0.0,0.127698,0.159882,0.165357,0.0,0.021609,0.029076,True,True,False,0.0,False,False,37.697
947,47.35,0,alert,alert,0.985665,0.985665,0.000163,0.0,0.001171,0.013002,0.045518,0.951214,0.0,0.127678,0.160123,0.165218,0.0,0.02165,0.029043,True,True,False,0.0,False,False,37.509
948,47.4,0,alert,alert,0.985129,0.985129,0.000164,0.0,0.001154,0.013552,0.043354,0.951416,0.0,0.127681,0.16013,0.165077,0.0,0.021651,0.029009,True,True,False,0.0,False,False,37.333
949,47.45,0,alert,alert,0.984592,0.984592,0.000169,0.0,0.001076,0.014163,0.044377,0.950058,0.0,0.12758,0.160139,0.164937,0.0,0.021651,0.028975,True,True,False,0.0,False,False,37.444
950,47.5,0,alert,alert,0.985183,0.985183,0.000172,0.0,0.001017,0.013628,0.044725,0.94918,0.0,0.12747,0.160142,0.164798,0.0,0.021651,0.028942,True,True,False,0.0,False,False,46.217
951,47.55,0,alert,alert,0.986319,0.986319,0.000169,0.0,0.001039,0.012474,0.042825,0.949929,0.0,0.126132,0.159919,0.164657,0.0,0.02161,0.028908,True,True,False,0.0,False,False,37.332
952,47.6,0,alert,alert,0.986638,0.986638,0.000166,0.0,0.001089,0.012108,0.041464,0.950986,0.0,0.124043,0.160121,0.164515,0.0,0.021651,0.028875,True,True,False,0.0,False,False,37.648
953,47.65,0,alert,alert,0.987029,0.987029,0.000164,0.0,0.001157,0.01165,0.044638,0.950215,0.0,0.121932,0.16012,0.164377,0.0,0.021651,0.028842,True,True,False,0.0,False,False,37.484
954,47.7,0,alert,alert,0.987214,0.987214,0.000164,0.0,0.001293,0.011329,0.047544,0.949336,0.0,0.120129,0.16013,0.164243,0.0,0.021651,0.028809,True,True,False,0.0,False,False,37.471
955,47.75,0,alert,alert,0.987267,0.987267,0.000161,0.0,0.001359,0.011213,0.047157,0.949975,0.0,0.119098,0.160142,0.164108,0.0,0.021651,0.028775,True,True,False,0.0,False,False,46.531
956,47.8,0,alert,alert,0.98698,0.98698,0.00016,0.0,0.001388,0.011471,0.048967,0.949793,0.0,0.118865,0.15993,0.163976,0.0,0.02161,0.028742,True,True,False,0.0,False,False,37.502
957,47.85,0,alert,alert,0.986709,0.986709,0.000161,0.0,0.001348,0.011782,0.047785,0.950382,0.0,0.118876,0.160159,0.163843,0.0,0.021651,0.028709,True,True,False,0.0,False,False,37.497
958,47.9,0,alert,alert,0.986568,0.986568,0.000164,0.0,0.001242,0.012027,0.048778,0.950137,0.0,0.118922,0.160166,0.163711,0.0,0.021651,0.028677,True,True,False,0.0,False,False,37.345
959,47.95,0,alert,alert,0.986283,0.986283,0.000168,0.0,0.001146,0.012402,0.044356,0.951212,0.0,0.118956,0.160162,0.163574,0.0,0.021651,0.028644,True,True,False,0.0,False,False,37.371
960,48.0,0,alert,alert,0.985672,0.985672,0.000172,0.0,0.00105,0.013106,0.041747,0.951878,0.0,0.118983,0.160147,0.163435,0.0,0.021651,0.028611,True,True,False,0.0,False,False,46.297
961,48.05,0,alert,alert,0.985101,0.985101,0.000173,0.0,0.000989,0.013737,0.042039,0.951648,0.0,0.119007,0.159922,0.163296,0.0,0.02161,0.028578,True,True,False,0.0,False,False,37.644
962,48.1,0,alert,alert,0.984978,0.984978,0.000177,0.0,0.000994,0.01385,0.044551,0.950386,0.0,0.119029,0.160137,0.16316,0.0,0.021651,0.028546,True,True,False,0.0,False,False,37.465
963,48.15,0,alert,alert,0.986219,0.986219,0.00017,0.0,0.001049,0.012562,0.050364,0.947959,0.0,0.119065,0.160141,0.163032,0.0,0.021651,0.028513,True,True,False,0.0,False,False,37.35
964,48.2,0,alert,alert,0.987502,0.987502,0.000172,0.0,0.001128,0.011198,0.061996,0.947106,0.0,0.11916,0.160165,0.162918,0.0,0.021651,0.028481,True,True,False,0.0,False,False,37.604
965,48.25,0,alert,alert,0.988513,0.988513,0.000165,0.0,0.001181,0.010141,0.068217,0.9454,0.0,0.119277,0.160197,0.162811,0.0,0.021651,0.028449,True,True,False,0.0,False,False,46.396
966,48.3,0,alert,alert,0.988286,0.988286,0.000171,0.0,0.00141,0.010133,0.085701,0.941658,0.0,0.119488,0.160057,0.162724,0.0,0.021611,0.028417,True,True,False,0.0,False,False,37.844
967,48.35,0,alert,alert,0.987561,0.987561,0.000169,0.0,0.001414,0.010856,0.070676,0.944677,0.0,0.119579,0.160293,0.16262,0.0,0.021652,0.028385,True,True,False,0.0,False,False,37.595
968,48.4,0,alert,alert,0.986387,0.986387,0.00017,0.0,0.00139,0.012053,0.111893,0.936922,0.0,0.119884,0.160237,0.162563,0.0,0.021652,0.028353,True,True,False,0.0,False,False,37.23
969,48.45,0,alert,alert,0.987528,0.987528,0.000168,0.0,0.001404,0.0109,0.107505,0.940821,0.0,0.120168,0.160129,0.162502,0.0,0.021651,0.028321,True,True,False,0.0,False,False,37.345
970,48.5,0,alert,alert,0.988259,0.988259,0.000167,0.0,0.001455,0.010119,0.111699,0.941453,0.0,0.120441,0.159812,0.162445,0.0,0.02165,0.028289,True,True,False,0.0,False,False,47.036
971,48.55,0,alert,alert,0.988656,0.988656,0.000165,0.0,0.001592,0.009588,0.110787,0.943514,0.0,0.120731,0.15972,0.162387,0.0,0.021609,0.028258,True,True,False,0.0,False,False,38.379
972,48.6,0,alert,alert,0.988729,0.988729,0.000162,0.0,0.001668,0.009441,0.074355,0.94932,0.0,0.120844,0.158887,0.162288,0.0,0.021647,0.028226,True,True,False,0.0,False,False,38.106
973,48.65,0,alert,alert,0.988263,0.988263,0.000165,0.0,0.001585,0.009987,0.075544,0.948466,0.0,0.120975,0.158279,0.16219,0.0,0.021644,0.028194,True,True,False,0.0,False,False,37.541
974,48.7,0,alert,alert,0.987641,0.987641,0.00017,0.0,0.001558,0.010631,0.091468,0.946428,0.0,0.121162,0.157746,0.162111,0.0,0.021642,0.028162,True,True,False,0.0,False,False,38.154
975,48.75,0,alert,alert,0.987483,0.987483,0.000171,0.0,0.001352,0.010994,0.260874,0.922646,0.0,0.122183,0.157722,0.162219,0.0,0.021642,0.028132,True,True,False,0.0,False,False,46.809
976,48.8,0,alert,alert,0.986773,0.986773,0.000192,0.0,0.001274,0.01176,0.339886,0.911788,0.0,0.123552,0.158055,0.16241,0.0,0.021603,0.028101,True,True,False,0.0,False,False,37.642
977,48.85,0,alert,alert,0.987191,0.987191,0.000208,0.0,0.00125,0.011351,0.468364,0.868279,0.0,0.125476,0.1574,0.162724,0.0,0.021637,0.028073,True,True,False,0.0,False,False,37.469
978,48.9,0,alert,alert,0.987569,0.987569,0.000204,0.0,0.001209,0.011017,0.397877,0.906591,0.0,0.127111,0.157177,0.162975,0.0,0.021632,0.028043,True,True,False,0.0,False,False,37.38
979,48.95,0,alert,alert,0.988578,0.988578,0.000194,0.0,0.001301,0.009927,0.250501,0.931237,0.0,0.12794,0.156721,0.163071,0.0,0.021629,0.028012,True,True,False,0.0,False,False,37.574
980,49.0,0,alert,alert,0.98876,0.98876,0.000181,0.0,0.001461,0.009597,0.100272,0.945591,0.0,0.128091,0.156101,0.163001,0.0,0.021627,0.027981,True,True,False,0.0,False,False,46.43
981,49.05,0,alert,alert,0.988255,0.988255,0.000172,0.0,0.001594,0.009979,0.047014,0.953382,0.0,0.128027,0.155893,0.162871,0.0,0.021586,0.027949,True,True,False,0.0,False,False,37.435
982,49.1,0,alert,alert,0.987626,0.987626,0.000165,0.0,0.00145,0.010758,0.040055,0.954302,0.0,0.127991,0.155522,0.162734,0.0,0.021625,0.027918,True,True,False,0.0,False,False,37.506
983,49.15,0,alert,alert,0.987818,0.987818,0.000165,0.0,0.001385,0.010632,0.037403,0.953869,0.0,0.12797,0.155501,0.162593,0.0,0.021625,0.027887,True,True,False,0.0,False,False,37.587
984,49.2,0,alert,alert,0.988083,0.988083,0.000167,0.0,0.001438,0.010313,0.039017,0.953152,0.0,0.127743,0.155497,0.162455,0.0,0.021626,0.027856,True,True,False,0.0,False,False,37.967
985,49.25,0,alert,alert,0.987565,0.987565,0.000174,0.0,0.001732,0.01053,0.04154,0.952612,0.0,0.125793,0.155504,0.162321,0.0,0.021626,0.027825,True,True,False,0.0,False,False,46.815
986,49.3,0,alert,alert,0.986287,0.986287,0.000179,0.0,0.002058,0.011476,0.042436,0.951821,0.0,0.123667,0.155289,0.162187,0.0,0.021585,0.027794,True,True,False,0.0,False,False,37.764
987,49.35,0,alert,alert,0.98546,0.98546,0.00018,0.0,0.002327,0.012033,0.042357,0.951873,0.0,0.121463,0.155526,0.162054,0.0,0.021626,0.027763,True,True,False,0.0,False,False,38.417
988,49.4,0,alert,alert,0.984913,0.984913,0.000181,0.0,0.002355,0.012552,0.041995,0.951753,0.0,0.119181,0.155529,0.161921,0.0,0.021626,0.027732,True,True,False,0.0,False,False,37.754
989,49.45,0,alert,alert,0.984707,0.984707,0.000178,0.0,0.002487,0.012629,0.042803,0.951555,0.0,0.116769,0.155533,0.161789,0.0,0.021626,0.027701,True,True,False,0.0,False,False,37.901
990,49.5,0,alert,alert,0.985424,0.985424,0.000172,0.0,0.002361,0.012042,0.043993,0.951303,0.0,0.114492,0.155535,0.161659,0.0,0.021626,0.027671,True,True,False,0.0,False,False,47.197
991,49.55,0,alert,alert,0.985811,0.985811,0.00017,0.0,0.002055,0.011963,0.040423,0.951937,0.0,0.112409,0.155316,0.161525,0.0,0.021585,0.02764,True,True,False,0.0,False,False,38.549
992,49.6,0,alert,alert,0.985003,0.985003,0.000171,0.0,0.001688,0.013138,0.041874,0.951591,0.0,0.110667,0.155531,0.161392,0.0,0.021626,0.027609,True,True,False,0.0,False,False,37.795
993,49.65,0,alert,alert,0.98533,0.98533,0.000172,0.0,0.001374,0.013125,0.042401,0.950847,0.0,0.109552,0.155532,0.161261,0.0,0.021626,0.027579,True,True,False,0.0,False,False,37.773
994,49.7,0,alert,alert,0.986202,0.986202,0.000171,0.0,0.001289,0.012338,0.041685,0.951501,0.0,0.109038,0.155531,0.161129,0.0,0.021626,0.027549,True,True,False,0.0,False,False,37.599
995,49.75,0,alert,alert,0.985982,0.985982,0.000171,0.0,0.001257,0.01259,0.04113,0.951844,0.0,0.108914,0.155527,0.160997,0.0,0.021626,0.027518,True,True,False,0.0,False,False,46.566
996,49.8,0,alert,alert,0.985655,0.985655,0.000171,0.0,0.00125,0.012924,0.041214,0.951957,0.0,0.108895,0.155309,0.160865,0.0,0.021585,0.027488,True,True,False,0.0,False,False,37.674
997,49.85,0,alert,alert,0.985258,0.985258,0.000169,0.0,0.001228,0.013345,0.046021,0.950755,0.0,0.10888,0.155535,0.160739,0.0,0.021626,0.027458,True,True,False,0.0,False,False,37.481
998,49.9,0,alert,alert,0.984924,0.984924,0.000168,0.0,0.001204,0.013703,0.047226,0.950274,0.0,0.108837,0.155548,0.160615,0.0,0.021626,0.027428,True,True,False,0.0,False,False,37.532
999,49.95,0,alert,alert,0.9845,0.9845,0.000169,0.0,0.001127,0.014204,0.048045,0.950454,0.0,0.108803,0.155564,0.160492,0.0,0.021626,0.027398,True,True,False,0.0,False,False,37.601
1000,50.0,0,alert,alert,0.984294,0.984294,0.000168,0.0,0.001074,0.014463,0.047345,0.950251,0.0,0.108765,0.155569,0.160368,0.0,0.021626,0.027368,True,True,False,0.0,False,False,46.138
1001,50.05,0,alert,alert,0.983329,0.983329,0.000172,0.0,0.001026,0.015473,0.048647,0.950102,0.0,0.108743,0.155366,0.160246,0.0,0.021585,0.027338,True,True,False,0.0,False,False,37.668
1002,50.1,0,alert,alert,0.983298,0.983298,0.000171,0.0,0.001012,0.015519,0.049964,0.949773,0.0,0.108708,0.155577,0.160126,0.0,0.021626,0.027308,True,True,False,0.0,False,False,37.434
1003,50.15,0,alert,alert,0.982993,0.982993,0.000172,0.0,0.000972,0.015863,0.049602,0.950048,0.0,0.108676,0.155585,0.160005,0.0,0.021626,0.027278,True,True,False,0.0,False,False,37.565
1004,50.2,0,alert,alert,0.982955,0.982955,0.000173,0.0,0.000946,0.015925,0.045052,0.951023,0.0,0.108358,0.155589,0.15988,0.0,0.021626,0.027249,True,True,False,0.0,False,False,37.471
1005,50.25,0,alert,alert,0.982995,0.982995,0.000173,0.0,0.000928,0.015904,0.043906,0.951516,0.0,0.106512,0.155596,0.159754,0.0,0.021626,0.027219,True,True,False,0.0,False,False,46.313
1006,50.3,0,alert,alert,0.982806,0.982806,0.000173,0.0,0.000899,0.016122,0.043879,0.950912,0.0,0.104419,0.155384,0.159628,0.0,0.021585,0.027189,True,True,False,0.0,False,False,37.733
1007,50.35,0,alert,alert,0.982983,0.982983,0.000169,0.0,0.000935,0.015913,0.046251,0.951048,0.0,0.102388,0.155591,0.159505,0.0,0.021626,0.02716,True,True,False,0.0,False,False,38.027
1008,50.4,0,alert,alert,0.983949,0.983949,0.000166,0.0,0.000958,0.014927,0.047025,0.951771,0.0,0.100747,0.15559,0.159383,0.0,0.021626,0.02713,True,True,False,0.0,False,False,38.151
1009,50.45,0,alert,alert,0.983362,0.983362,0.000168,0.0,0.000966,0.015503,0.045535,0.952121,0.0,0.100055,0.155581,0.159259,0.0,0.021626,0.027101,True,True,False,0.0,False,False,38.179
1010,50.5,0,alert,alert,0.982621,0.982621,0.000168,0.0,0.000947,0.016264,0.042778,0.952142,0.0,0.09989,0.15557,0.159133,0.0,0.021626,0.027072,True,True,False,0.0,False,False,47.232
1011,50.55,0,alert,alert,0.983488,0.983488,0.000164,0.0,0.00094,0.015408,0.046454,0.951119,0.0,0.099886,0.155363,0.159011,0.0,0.021585,0.027042,True,True,False,0.0,False,False,37.663
1012,50.6,0,alert,alert,0.984474,0.984474,0.00016,0.0,0.000988,0.014378,0.045708,0.951582,0.0,0.09988,0.155561,0.158889,0.0,0.021626,0.027013,True,True,False,0.0,False,False,38.258
1013,50.65,0,alert,alert,0.98551,0.98551,0.000158,0.0,0.00109,0.013242,0.048545,0.951006,0.0,0.099899,0.155565,0.158769,0.0,0.021626,0.026984,True,True,False,0.0,False,False,38.702
1014,50.7,0,alert,alert,0.985552,0.985552,0.000166,0.0,0.001155,0.013127,0.069578,0.946791,0.0,0.100016,0.155615,0.158674,0.0,0.021626,0.026955,True,True,False,0.0,False,False,38.295
1015,50.75,0,alert,alert,0.985429,0.985429,0.000172,0.0,0.001298,0.013101,0.072793,0.947214,0.0,0.100118,0.155668,0.158582,0.0,0.021626,0.026926,True,True,False,0.0,False,False,46.918
1016,50.8,0,alert,alert,0.985927,0.985927,0.000171,0.0,0.001218,0.012684,0.051764,0.949633,0.0,0.100081,0.15547,0.158467,0.0,0.021585,0.026897,True,True,False,0.0,False,False,37.626
1017,50.85,0,alert,alert,0.985884,0.985884,0.000171,0.0,0.001152,0.012793,0.044069,0.951446,0.0,0.100007,0.155667,0.158344,0.0,0.021626,0.026868,True,True,False,0.0,False,False,37.493
1018,50.9,0,alert,alert,0.985885,0.985885,0.000171,0.0,0.001137,0.012807,0.040568,0.952154,0.0,0.099383,0.155641,0.158217,0.0,0.021626,0.026839,True,True,False,0.0,False,False,37.588
1019,50.95,0,alert,alert,0.985695,0.985695,0.000168,0.0,0.001144,0.012993,0.038515,0.952287,0.0,0.097485,0.155601,0.158089,0.0,0.021626,0.026811,True,True,False,0.0,False,False,37.317
1020,51.0,0,alert,alert,0.985199,0.985199,0.000169,0.0,0.001103,0.013528,0.037813,0.952257,0.0,0.095363,0.155558,0.15796,0.0,0.021626,0.026782,True,True,False,0.0,False,False,46.415
1021,51.05,0,alert,alert,0.984121,0.984121,0.000175,0.0,0.001023,0.014681,0.037218,0.951902,0.0,0.093157,0.155333,0.157831,0.0,0.021584,0.026753,True,True,False,0.0,False,False,37.592
1022,51.1,0,alert,alert,0.983548,0.983548,0.000172,0.0,0.000998,0.015281,0.036225,0.952282,0.0,0.090892,0.155461,0.157701,0.0,0.021625,0.026724,True,True,False,0.0,False,False,37.876
1023,51.15,0,alert,alert,0.984028,0.984028,0.000168,0.0,0.000983,0.014821,0.03692,0.952012,0.0,0.088735,0.155417,0.157572,0.0,0.021625,0.026696,True,True,False,0.0,False,False,37.49
1024,51.2,0,alert,alert,0.98405,0.98405,0.00017,0.0,0.000984,0.014796,0.036116,0.952245,0.0,0.086681,0.15536,0.157442,0.0,0.021625,0.026667,True,True,False,0.0,False,False,37.755
1025,51.25,0,alert,alert,0.983623,0.983623,0.000174,0.0,0.000971,0.015232,0.03627,0.952622,0.0,0.084875,0.155274,0.157313,0.0,0.021625,0.026639,True,True,False,0.0,False,False,46.257
1026,51.3,0,alert,alert,0.983265,0.983265,0.000173,0.0,0.000991,0.015571,0.036465,0.952081,0.0,0.083304,0.155048,0.157184,0.0,0.021584,0.026611,True,True,False,0.0,False,False,37.605
1027,51.35,0,alert,alert,0.981898,0.981898,0.000176,0.0,0.001006,0.01692,0.036168,0.952202,0.0,0.082297,0.155088,0.157055,0.0,0.021624,0.026582,True,True,False,0.0,False,False,37.521
1028,51.4,0,alert,alert,0.980879,0.980879,0.000177,0.0,0.000994,0.01795,0.036393,0.952217,0.0,0.081705,0.154944,0.156927,0.0,0.021624,0.026554,True,True,False,0.0,False,False,37.244
1029,51.45,0,alert,alert,0.98019,0.98019,0.000187,0.0,0.000941,0.018682,0.037492,0.95213,0.0,0.081356,0.154776,0.1568,0.0,0.021623,0.026526,True,True,False,0.0,False,False,37.532
1030,51.5,0,alert,alert,0.980344,0.980344,0.000193,0.0,0.000902,0.01856,0.038917,0.951341,0.0,0.081051,0.154692,0.156675,0.0,0.021623,0.026498,True,True,False,0.0,False,False,46.277
1031,51.55,0,alert,alert,0.982091,0.982091,0.000187,0.0,0.000929,0.016792,0.038452,0.952022,0.0,0.080661,0.154471,0.15655,0.0,0.021581,0.02647,True,True,False,0.0,False,False,37.558
1032,51.6,0,alert,alert,0.982746,0.982746,0.000187,0.0,0.00092,0.016147,0.03766,0.952454,0.0,0.078689,0.154608,0.156424,0.0,0.021622,0.026442,True,True,False,0.0,False,False,37.446
1033,51.65,0,alert,alert,0.983667,0.983667,0.000188,0.0,0.001057,0.015088,0.041715,0.951617,0.0,0.076624,0.154588,0.156303,0.0,0.021622,0.026414,True,True,False,0.0,False,False,37.42
1034,51.7,0,alert,alert,0.983614,0.983614,0.000194,0.0,0.001096,0.015096,0.040166,0.952195,0.0,0.074905,0.154181,0.15618,0.0,0.021621,0.026386,True,True,False,0.0,False,False,37.296
1035,51.75,0,alert,alert,0.983886,0.983886,0.000195,0.0,0.001122,0.014797,0.043791,0.950985,0.0,0.074117,0.153406,0.156062,0.0,0.021616,0.026358,True,True,False,0.0,False,False,46.1
1036,51.8,0,alert,alert,0.983941,0.983941,0.000206,0.0,0.001179,0.014675,0.044577,0.949714,0.0,0.073931,0.1532,0.155944,0.0,0.021575,0.02633,True,True,False,0.0,False,False,37.271
1037,51.85,0,alert,alert,0.984083,0.984083,0.000214,0.0,0.00131,0.014393,0.043418,0.949276,0.0,0.073906,0.151737,0.155826,0.0,0.021603,0.026303,True,True,False,0.0,False,False,37.796
1038,51.9,0,alert,alert,0.984375,0.984375,0.000212,0.0,0.001553,0.013861,0.04429,0.949486,0.0,0.073922,0.150926,0.155709,0.0,0.021599,0.026275,True,True,False,0.0,False,False,37.515
1039,51.95,0,alert,alert,0.984333,0.984333,0.000213,0.0,0.001703,0.01375,0.04396,0.950233,0.0,0.073938,0.150162,0.155592,0.0,0.021596,0.026247,True,True,False,0.0,False,False,37.314
1040,52.0,0,alert,alert,0.984246,0.984246,0.00022,0.0,0.002048,0.013486,0.044048,0.950009,0.0,0.073964,0.149469,0.155475,0.0,0.021593,0.02622,True,True,False,0.0,False,False,46.04
1041,52.05,0,alert,alert,0.98476,0.98476,0.000219,0.0,0.002026,0.012995,0.043078,0.95087,0.0,0.073987,0.149267,0.155357,0.0,0.021552,0.026193,True,True,False,0.0,False,False,37.508
1042,52.1,0,alert,alert,0.985148,0.985148,0.000223,0.0,0.001966,0.012663,0.044266,0.95076,0.0,0.074004,0.148698,0.155241,0.0,0.021591,0.026165,True,True,False,0.0,False,False,37.529
1043,52.15,0,alert,alert,0.985362,0.985362,0.000234,0.0,0.001863,0.012541,0.041185,0.951674,0.0,0.074014,0.148618,0.155122,0.0,0.021591,0.026138,True,True,False,0.0,False,False,37.29
1044,52.2,0,alert,alert,0.985566,0.985566,0.000248,0.0,0.001809,0.012377,0.039881,0.952018,0.0,0.074026,0.148589,0.155002,0.0,0.021591,0.02611,True,True,False,0.0,False,False,37.29
1045,52.25,0,alert,alert,0.98589,0.98589,0.000264,0.0,0.00181,0.012036,0.044979,0.951175,0.0,0.074067,0.148576,0.154887,0.0,0.021591,0.026083,True,True,False,0.0,False,False,46.126
1046,52.3,0,alert,alert,0.986591,0.986591,0.000274,0.0,0.001843,0.011291,0.04685,0.950077,0.0,0.074112,0.148383,0.154774,0.0,0.02155,0.026056,True,True,False,0.0,False,False,37.585
1047,52.35,0,alert,alert,0.986853,0.986853,0.000282,0.0,0.001938,0.010928,0.044265,0.951033,0.0,0.07415,0.148522,0.154659,0.0,0.021591,0.026029,True,True,False,0.0,False,False,37.443
1048,52.4,0,alert,alert,0.986838,0.986838,0.000282,0.0,0.002319,0.010561,0.043185,0.951634,0.0,0.074186,0.148481,0.154543,0.0,0.021591,0.026002,True,True,False,0.0,False,False,37.169
1049,52.45,0,alert,alert,0.986227,0.986227,0.000281,0.0,0.002867,0.010625,0.043425,0.950746,0.0,0.074224,0.148456,0.154428,0.0,0.021591,0.025975,True,True,False,0.0,False,False,37.411
1050,52.5,0,alert,alert,0.985979,0.985979,0.00028,0.0,0.002986,0.010756,0.042261,0.950651,0.0,0.074256,0.148419,0.154312,0.0,0.02159,0.025948,True,True,False,0.0,False,False,46.342
1051,52.55,0,alert,alert,0.985988,0.985988,0.000279,0.0,0.002649,0.011084,0.05447,0.949439,0.0,0.074349,0.148241,0.154208,0.0,0.02155,0.025921,True,True,False,0.0,False,False,37.517
1052,52.6,0,alert,alert,0.98563,0.98563,0.000295,0.0,0.002491,0.011584,0.062347,0.948141,0.0,0.074481,0.148356,0.154113,0.0,0.02159,0.025894,True,True,False,0.0,False,False,37.745
1053,52.65,0,alert,alert,0.986335,0.986335,0.000307,0.0,0.002662,0.010696,0.056036,0.949569,0.0,0.074581,0.14832,0.154012,0.0,0.02159,0.025868,True,True,False,0.0,False,False,38.014
1054,52.7,0,alert,alert,0.986196,0.986196,0.000349,0.0,0.003109,0.010346,0.076098,0.94485,0.0,0.074784,0.14834,0.153932,0.0,0.02159,0.025841,True,True,False,0.0,False,False,38.011
1055,52.75,0,alert,alert,0.986465,0.986465,0.000376,0.0,0.003319,0.009839,0.069744,0.946681,0.0,0.074947,0.148274,0.153846,0.0,0.02159,0.025814,True,True,False,0.0,False,False,47.383
1056,52.8,0,alert,alert,0.985904,0.985904,0.000418,0.0,0.004,0.009679,0.089757,0.945947,0.0,0.075208,0.148163,0.15378,0.0,0.021549,0.025788,True,True,False,0.0,False,False,38.48
1057,52.85,0,alert,alert,0.985828,0.985828,0.000418,0.0,0.004082,0.009672,0.063457,0.94988,0.0,0.075334,0.147563,0.153687,0.0,0.021587,0.025761,True,True,False,0.0,False,False,38.071
1058,52.9,0,alert,alert,0.986435,0.986435,0.00041,0.0,0.003766,0.009388,0.060081,0.950559,0.0,0.075433,0.146799,0.153591,0.0,0.021582,0.025735,True,True,False,0.0,False,False,37.679
1059,52.95,0,alert,alert,0.985532,0.985532,0.000485,0.0,0.004209,0.009774,0.254437,0.923408,0.0,0.076474,0.14637,0.153691,0.0,0.021578,0.025709,True,True,False,0.0,False,False,38.607
1060,53.0,0,alert,alert,0.982705,0.982705,0.000746,0.0,0.004755,0.011794,0.492415,0.847081,0.0,0.078502,0.146311,0.154001,0.0,0.021577,0.025686,True,True,False,0.574829,False,False,46.931
1061,53.05,0,alert,alert,0.982324,0.982324,0.000802,0.0,0.005195,0.011679,0.463329,0.873514,0.0,0.080467,0.146863,0.154293,0.0,0.02154,0.025662,True,True,False,0.0,False,False,38.557
1062,53.1,0,alert,alert,0.984067,0.984067,0.0007,0.0,0.005129,0.010103,0.342911,0.91535,0.0,0.08194,0.145915,0.154479,0.0,0.021572,0.025636,True,True,False,0.0,False,False,38.256
1063,53.15,0,alert,alert,0.984803,0.984803,0.000547,0.0,0.005559,0.009091,0.153027,0.939264,0.0,0.082497,0.145275,0.154477,0.0,0.021568,0.02561,True,True,False,0.0,False,False,37.707
1064,53.2,0,alert,alert,0.983987,0.983987,0.000464,0.0,0.006513,0.009036,0.066788,0.950768,0.0,0.082632,0.144489,0.154388,0.0,0.021563,0.025584,True,True,False,0.0,False,False,37.898
1065,53.25,0,alert,alert,0.981775,0.981775,0.000591,0.0,0.007152,0.010482,0.437471,0.870888,0.0,0.084484,0.144319,0.154653,0.0,0.021561,0.02556,True,True,False,0.0,False,False,46.753
1066,53.3,0,alert,alert,0.97763,0.97763,0.001015,0.0,0.009223,0.012132,0.511382,0.817363,0.0,0.086561,0.144917,0.154966,0.0,0.021525,0.025538,True,True,False,0.0,False,False,37.46
1067,53.35,0,alert,alert,0.974504,0.974504,0.001173,0.0,0.013428,0.010895,0.463184,0.880077,0.0,0.08855,0.143834,0.155257,0.0,0.019452,0.025514,True,True,False,0.0,False,False,37.581
1068,53.4,0,alert,alert,0.972161,0.972161,0.001049,0.0,0.017139,0.009651,0.331424,0.918633,0.0,0.089972,0.143211,0.15543,0.0,0.018252,0.025488,True,True,False,0.0,False,False,37.603
1069,53.45,0,alert,alert,0.973354,0.973354,0.000834,0.0,0.016866,0.008946,0.149074,0.941739,0.0,0.090522,0.142212,0.155424,0.0,0.017014,0.025463,True,True,False,0.0,False,False,37.418
1070,53.5,0,alert,alert,0.977494,0.977494,0.000657,0.0,0.013338,0.008512,0.063771,0.952669,0.0,0.090645,0.141045,0.15533,0.0,0.015772,0.025437,True,True,False,0.0,False,False,46.514
1071,53.55,0,alert,alert,0.980838,0.980838,0.000537,0.0,0.010443,0.008183,0.04297,0.955062,0.0,0.088829,0.140858,0.155216,0.0,0.015742,0.025411,True,True,False,0.0,False,False,37.484
1072,53.6,0,alert,alert,0.984278,0.984278,0.000437,0.0,0.007365,0.00792,0.038991,0.954575,0.0,0.086727,0.138615,0.155097,0.0,0.013286,0.025385,True,True,False,0.0,False,False,37.878
1073,53.65,0,alert,alert,0.986445,0.986445,0.000367,0.0,0.005082,0.008106,0.038817,0.953687,0.0,0.0848,0.137405,0.154979,0.0,0.012053,0.025359,True,True,False,0.0,False,False,38.46
1074,53.7,0,alert,alert,0.987596,0.987596,0.000317,0.0,0.00373,0.008357,0.041368,0.95255,0.0,0.08356,0.136235,0.154864,0.0,0.010859,0.025333,True,True,False,0.0,False,False,37.809
1075,53.75,0,alert,alert,0.987739,0.987739,0.000287,0.0,0.002931,0.009044,0.04339,0.951621,0.0,0.083152,0.135041,0.154751,0.0,0.009637,0.025308,True,True,False,0.0,False,False,46.98
1076,53.8,0,alert,alert,0.988014,0.988014,0.000261,0.0,0.002626,0.009099,0.042901,0.951685,0.0,0.083052,0.134867,0.154638,0.0,0.009619,0.025282,True,True,False,0.0,False,False,37.715
1077,53.85,0,alert,alert,0.987597,0.987597,0.000246,0.0,0.002287,0.00987,0.042301,0.951974,0.0,0.083019,0.132692,0.154524,0.0,0.007239,0.025257,True,True,False,0.0,False,False,37.374
1078,53.9,0,alert,alert,0.987195,0.987195,0.000229,0.0,0.001979,0.010596,0.04185,0.952072,0.0,0.08298,0.131531,0.15441,0.0,0.006056,0.025231,True,True,False,0.0,False,False,37.445
1079,53.95,0,alert,alert,0.986559,0.986559,0.000213,0.0,0.001791,0.011437,0.042129,0.95198,0.0,0.082855,0.130389,0.154297,0.0,0.004895,0.025206,True,True,False,0.0,False,False,37.42
1080,54.0,0,alert,alert,0.985984,0.985984,0.000199,0.0,0.001714,0.012103,0.045003,0.950647,0.0,0.082681,0.12925,0.154187,0.0,0.003733,0.02518,True,True,False,0.0,False,False,46.701
1081,54.05,0,alert,alert,0.985313,0.985313,0.000191,0.0,0.001558,0.012938,0.05314,0.9483,0.0,0.082562,0.129107,0.154086,0.0,0.003726,0.025155,True,True,False,0.0,False,False,37.587
1082,54.1,0,alert,alert,0.985103,0.985103,0.000191,0.0,0.001449,0.013258,0.050467,0.950203,0.0,0.082467,0.127096,0.153982,0.0,0.001485,0.02513,True,True,False,0.0,False,False,37.503
1083,54.15,0,alert,alert,0.985796,0.985796,0.000196,0.0,0.001417,0.01259,0.053821,0.950208,0.0,0.082412,0.1263,0.153881,0.0,0.000611,0.025105,True,True,False,0.0,False,False,37.177
1084,54.2,0,alert,alert,0.986527,0.986527,0.000201,0.0,0.00142,0.011853,0.060606,0.948699,0.0,0.082375,0.125793,0.153788,0.0,0.0,0.025079,True,True,False,0.0,False,False,37.325
1085,54.25,0,alert,alert,0.987313,0.987313,0.0002,0.0,0.001387,0.0111,0.0536,0.950208,0.0,0.082313,0.125627,0.153688,0.0,0.0,0.025054,True,True,False,0.0,False,False,46.527
1086,54.3,0,alert,alert,0.987588,0.987588,0.000196,0.0,0.00137,0.010846,0.046396,0.950689,0.0,0.082193,0.125478,0.15358,0.0,0.0,0.025029,True,True,False,0.0,False,False,37.915
1087,54.35,0,alert,alert,0.987694,0.987694,0.000192,0.0,0.00135,0.010765,0.042725,0.951251,0.0,0.0821,0.125601,0.15347,0.0,0.0,0.025004,True,True,False,0.0,False,False,37.849
1088,54.4,0,alert,alert,0.987404,0.987404,0.000191,0.0,0.001313,0.011092,0.042643,0.950609,0.0,0.082031,0.125606,0.153359,0.0,0.0,0.024979,True,True,False,0.0,False,False,37.814
1089,54.45,0,alert,alert,0.987482,0.987482,0.000189,0.0,0.00127,0.011059,0.046162,0.949401,0.0,0.081345,0.125624,0.153252,0.0,0.0,0.024954,True,True,False,0.0,False,False,37.381
1090,54.5,0,alert,alert,0.986591,0.986591,0.000205,0.0,0.001377,0.011827,0.166176,0.92978,0.0,0.080103,0.125868,0.153265,0.0,0.0,0.02493,True,True,False,0.0,False,False,46.08
1091,54.55,0,alert,alert,0.984086,0.984086,0.00027,0.0,0.00149,0.014154,0.473919,0.849101,0.0,0.080411,0.126453,0.15355,0.0,0.0,0.024908,True,True,False,0.0,False,False,37.599
1092,54.6,0,alert,alert,0.981218,0.981218,0.000468,0.0,0.001852,0.016463,0.538169,0.811682,0.0,0.081611,0.127456,0.153877,0.0,0.0,0.024887,True,True,False,0.0,False,False,37.635
1093,54.65,0,alert,alert,0.974685,0.974685,0.001223,0.0,0.002708,0.021384,0.607458,0.825149,0.0,0.083812,0.128412,0.154268,0.0,0.0,0.024865,True,True,False,0.0,False,False,37.374
1094,54.7,0,alert,alert,0.960229,0.960229,0.00471,0.0,0.005378,0.029683,0.692139,0.831369,0.0,0.086634,0.129515,0.154735,0.0,0.0,0.024844,True,True,False,0.0,False,False,37.41
1095,54.75,0,alert,alert,0.910911,0.910911,0.029625,0.0,0.014993,0.044471,0.742897,0.808627,0.0,0.089673,0.130676,0.155231,0.0,0.0,0.024823,True,True,False,0.0,False,False,46.543
1096,54.8,0,alert,alert,0.883102,0.883102,0.037637,0.0,0.042038,0.037223,0.543896,0.875913,0.0,0.09204,0.131394,0.155586,0.0,0.0,0.0248,True,True,False,0.009713,False,False,37.403
1097,54.85,0,alert,alert,0.868015,0.868015,0.021302,0.0,0.084585,0.026099,0.397685,0.916673,0.0,0.093786,0.132234,0.155817,0.0,0.0,0.024776,True,True,False,0.009713,False,False,37.439
1098,54.9,0,alert,alert,0.855907,0.855907,0.008897,0.0,0.114755,0.020441,0.202973,0.939352,0.0,0.094585,0.132545,0.155864,0.0,0.0,0.024752,True,True,False,0.0,False,False,37.506
1099,54.95,0,alert,alert,0.872739,0.872739,0.003656,0.0,0.105927,0.017678,0.081523,0.951447,0.0,0.094789,0.132627,0.15579,0.0,0.0,0.024728,True,True,False,0.0,False,False,37.558
1100,55.0,0,alert,alert,0.917416,0.917416,0.001642,0.0,0.065412,0.015531,0.046356,0.956056,0.0,0.094806,0.13264,0.155681,0.0,0.0,0.024703,True,True,False,0.0,False,False,46.446
1101,55.05,0,alert,alert,0.951179,0.951179,0.000873,0.0,0.034349,0.013598,0.040437,0.956508,0.0,0.094794,0.132465,0.155567,0.0,0.0,0.024679,True,True,False,0.0,False,False,37.339
1102,55.1,0,alert,alert,0.971154,0.971154,0.000529,0.0,0.016347,0.01197,0.03966,0.953795,0.0,0.094776,0.132643,0.155452,0.0,0.0,0.024654,True,True,False,0.0,False,False,37.431
1103,55.15,0,alert,alert,0.979659,0.979659,0.000381,0.0,0.008576,0.011384,0.045268,0.95103,0.0,0.09475,0.132655,0.155344,0.0,0.0,0.02463,True,True,False,0.0,False,False,37.382
1104,55.2,0,alert,alert,0.983111,0.983111,0.000293,0.0,0.004962,0.011634,0.047386,0.950109,0.0,0.094751,0.132669,0.155238,0.0,0.0,0.024606,True,True,False,0.0,False,False,37.442
1105,55.25,0,alert,alert,0.984588,0.984588,0.000246,0.0,0.003095,0.012071,0.046568,0.950405,0.0,0.094754,0.132231,0.155131,0.0,0.0,0.024582,True,True,False,0.0,False,False,46.418
1106,55.3,0,alert,alert,0.985906,0.985906,0.000218,0.0,0.002198,0.011678,0.045955,0.950446,0.0,0.094746,0.132069,0.155024,0.0,0.0,0.024557,True,True,False,0.0,False,False,37.584
1107,55.35,0,alert,alert,0.98653,0.98653,0.000205,0.0,0.00182,0.011444,0.047206,0.949929,0.0,0.094733,0.130672,0.154918,0.0,0.0,0.024533,True,True,False,0.0,False,False,37.597
1108,55.4,0,alert,alert,0.98677,0.98677,0.000199,0.0,0.001669,0.011362,0.049719,0.949906,0.0,0.094762,0.130001,0.154815,0.0,0.0,0.024509,True,True,False,0.0,False,False,37.544
1109,55.45,0,alert,alert,0.987177,0.987177,0.000194,0.0,0.00162,0.011009,0.049027,0.950018,0.0,0.09478,0.129666,0.154712,0.0,0.0,0.024485,True,True,False,0.0,False,False,37.563
1110,55.5,0,alert,alert,0.986954,0.986954,0.000194,0.0,0.00156,0.011292,0.047766,0.950561,0.0,0.094784,0.129134,0.154607,0.0,0.0,0.024461,True,True,False,0.0,False,False,46.631
1111,55.55,0,alert,alert,0.986919,0.986919,0.000195,0.0,0.001669,0.011218,0.048937,0.950419,0.0,0.094806,0.128983,0.154504,0.0,0.0,0.024438,True,True,False,0.0,False,False,37.407
1112,55.6,0,alert,alert,0.986304,0.986304,0.000198,0.0,0.001689,0.01181,0.047486,0.950446,0.0,0.094845,0.127546,0.1544,0.0,0.0,0.024414,True,True,False,0.0,False,False,37.628
1113,55.65,0,alert,alert,0.986271,0.986271,0.000195,0.0,0.001658,0.011876,0.052512,0.949443,0.0,0.094912,0.126798,0.1543,0.0,0.0,0.02439,True,True,False,0.0,False,False,37.521
1114,55.7,0,alert,alert,0.986348,0.986348,0.000192,0.0,0.001602,0.011858,0.048518,0.949914,0.0,0.09496,0.126227,0.154197,0.0,0.0,0.024366,True,True,False,0.0,False,False,37.418
1115,55.75,0,alert,alert,0.986703,0.986703,0.000187,0.0,0.001454,0.011656,0.052052,0.948954,0.0,0.095025,0.12601,0.154098,0.0,0.0,0.024343,True,True,False,0.0,False,False,46.366
1116,55.8,0,alert,alert,0.987568,0.987568,0.000183,0.0,0.001348,0.010901,0.054616,0.94844,0.0,0.095108,0.125876,0.154002,0.0,0.0,0.024319,True,True,False,0.0,False,False,37.586
1117,55.85,0,alert,alert,0.987415,0.987415,0.000191,0.0,0.001296,0.011099,0.049109,0.950215,0.0,0.095161,0.125611,0.1539,0.0,0.0,0.024295,True,True,False,0.038521,False,False,37.614
1118,55.9,0,alert,alert,0.987494,0.987494,0.000199,0.0,0.001321,0.010986,0.050667,0.949972,0.0,0.095217,0.12488,0.1538,0.0,0.0,0.024272,True,True,False,0.0,False,False,37.328
1119,55.95,0,alert,alert,0.986498,0.986498,0.000216,0.0,0.001443,0.011843,0.052815,0.949479,0.0,0.095263,0.12414,0.153702,0.0,0.0,0.024248,True,True,False,0.0,False,False,37.383
1120,56.0,0,alert,alert,0.985891,0.985891,0.000224,0.0,0.001531,0.012353,0.053322,0.949838,0.0,0.095294,0.123549,0.153605,0.0,0.0,0.024225,True,True,False,0.0,False,False,46.145
1121,56.05,0,alert,alert,0.985897,0.985897,0.00023,0.0,0.001551,0.012322,0.055295,0.950233,0.0,0.095312,0.123421,0.15351,0.0,0.0,0.024201,True,True,False,0.0,False,False,37.493
1122,56.1,0,alert,alert,0.986657,0.986657,0.000235,0.0,0.001712,0.011396,0.057729,0.949195,0.0,0.095256,0.122354,0.153418,0.0,0.0,0.024178,True,True,False,0.0,False,False,37.549
1123,56.15,0,alert,alert,0.984727,0.984727,0.000298,0.0,0.001869,0.013106,0.438437,0.869518,0.0,0.095437,0.122188,0.153669,0.0,0.0,0.024157,True,True,False,0.0,False,False,37.609
1124,56.2,0,alert,alert,0.981481,0.981481,0.00052,0.0,0.002325,0.015675,0.518802,0.814839,0.0,0.095565,0.12196,0.153971,0.0,0.0,0.024137,True,True,False,0.0,False,False,37.487
1125,56.25,0,alert,alert,0.973761,0.973761,0.001454,0.0,0.003729,0.021056,0.563789,0.799985,0.0,0.09604,0.121652,0.154304,0.0,0.0,0.024117,True,True,False,0.0,False,False,46.206
1126,56.3,0,alert,alert,0.952081,0.952081,0.007068,0.0,0.008471,0.03238,0.638538,0.804726,0.0,0.097621,0.122475,0.154698,0.0,0.0,0.024098,True,True,False,0.0,False,False,37.468
1127,56.35,0,alert,alert,0.862903,0.862903,0.0554,0.0,0.02722,0.054477,0.722266,0.800212,0.0,0.10028,0.121259,0.155158,0.0,0.0,0.024078,True,True,False,0.0,False,False,37.455
1128,56.4,0,alert,alert,0.491881,0.491881,0.385524,0.0,0.062065,0.06053,0.775749,0.781906,0.0,0.103352,0.121174,0.155649,0.0,0.0,0.024059,True,True,False,0.0,False,False,37.33
1129,56.45,1,drowsy,drowsy,0.840224,0.094683,0.840224,0.0,0.043801,0.021292,0.803702,0.764147,0.0,0.10653,0.121117,0.15615,0.0,0.0,0.02404,True,True,False,0.0,False,False,37.449
1130,56.5,1,drowsy,drowsy,0.961056,0.015208,0.961056,0.0,0.0182,0.005536,0.814285,0.753487,0.0,0.109729,0.121099,0.15665,0.0,0.0,0.024022,True,True,False,0.0,False,False,46.562
1131,56.55,1,drowsy,drowsy,0.984165,0.004602,0.984165,0.0,0.008805,0.002427,0.801308,0.771819,0.0,0.112922,0.122138,0.157153,0.0,0.0,0.024003,True,True,False,0.0,False,False,37.455
1132,56.6,1,drowsy,drowsy,0.988388,0.002889,0.988388,0.0,0.006874,0.001849,0.656826,0.830259,0.0,0.115691,0.121643,0.157571,0.0,0.0,0.023983,True,True,False,0.0,False,False,37.28
1133,56.65,1,drowsy,drowsy,0.980922,0.004301,0.980922,0.0,0.012472,0.002305,0.482984,0.889974,0.0,0.117822,0.122106,0.157863,0.0,0.0,0.023962,True,True,False,0.0,False,False,37.52
1134,56.7,1,drowsy,drowsy,0.934117,0.014341,0.934117,0.0,0.047116,0.004426,0.313705,0.923796,0.0,0.119166,0.121824,0.158008,0.0,0.0,0.023939,True,True,False,0.0,False,False,37.577
1135,56.75,1,drowsy,drowsy,0.704496,0.069163,0.704496,0.0,0.216943,0.009398,0.134242,0.945201,0.0,0.119617,0.121123,0.157985,0.0,0.0,0.023917,True,True,False,0.0,False,False,46.38
1136,56.8,3,yawning,yawning,0.495112,0.215641,0.277155,0.0,0.495112,0.012092,0.05725,0.955322,0.0,0.119668,0.121002,0.157888,0.0,0.0,0.023894,True,True,False,0.00791,False,False,37.406
1137,56.85,3,yawning,yawning,0.513601,0.399746,0.075982,0.0,0.513601,0.010671,0.042857,0.957006,0.0,0.119641,0.11977,0.157778,0.0,0.0,0.023871,True,True,False,0.00791,False,False,37.462
1138,56.9,0,alert,alert,0.605642,0.605642,0.022943,0.0,0.362275,0.00914,0.040902,0.955384,0.0,0.119593,0.119512,0.157666,0.0,0.0,0.023848,True,True,False,0.0,False,False,37.365
1139,56.95,0,alert,alert,0.767057,0.767057,0.008249,0.0,0.216887,0.007807,0.045247,0.953481,0.0,0.11957,0.119469,0.157559,0.0,0.0,0.023825,True,True,False,0.0,False,False,37.628
1140,57.0,0,alert,alert,0.883816,0.883816,0.003591,0.0,0.105877,0.006716,0.047368,0.952165,0.0,0.11957,0.119474,0.157454,0.0,0.0,0.023802,True,True,False,0.0,False,False,46.387
1141,57.05,0,alert,alert,0.943547,0.943547,0.001816,0.0,0.048821,0.005816,0.053307,0.950507,0.0,0.119587,0.119349,0.157355,0.0,0.0,0.02378,True,True,False,0.0,False,False,37.701
1142,57.1,0,alert,alert,0.968343,0.968343,0.001104,0.0,0.025273,0.005279,0.054971,0.950451,0.0,0.119607,0.119465,0.157257,0.0,0.0,0.023757,True,True,False,0.0,False,False,37.943
1143,57.15,0,alert,alert,0.978505,0.978505,0.00077,0.0,0.015685,0.005039,0.058654,0.950242,0.0,0.119659,0.119383,0.157164,0.0,0.0,0.023735,True,True,False,0.0,False,False,38.484
1144,57.2,0,alert,alert,0.983915,0.983915,0.000592,0.0,0.010431,0.005062,0.060619,0.95023,0.0,0.119716,0.119182,0.157072,0.0,0.0,0.023712,True,True,False,0.0,False,False,37.922
1145,57.25,0,alert,alert,0.985881,0.985881,0.000496,0.0,0.008381,0.005242,0.059455,0.949847,0.0,0.119766,0.119079,0.15698,0.0,0.0,0.02369,True,True,False,0.0,False,False,46.863
1146,57.3,0,alert,alert,0.986731,0.986731,0.000425,0.0,0.007459,0.005384,0.05616,0.950209,0.0,0.119811,0.118961,0.156885,0.0,0.0,0.023667,True,True,False,0.0,False,False,38.286
1147,57.35,0,alert,alert,0.98748,0.98748,0.000374,0.0,0.006591,0.005555,0.049664,0.951572,0.0,0.119832,0.11895,0.156783,0.0,0.0,0.023645,True,True,False,0.0,False,False,38.146
1148,57.4,0,alert,alert,0.988072,0.988072,0.000347,0.0,0.005627,0.005954,0.052319,0.951022,0.0,0.119878,0.118265,0.156685,0.0,0.0,0.023623,True,True,False,0.0,False,False,37.611
1149,57.45,0,alert,alert,0.988283,0.988283,0.000328,0.0,0.005157,0.006232,0.057534,0.949492,0.0,0.119945,0.117506,0.156591,0.0,0.0,0.0236,True,True,False,0.0,False,False,38.036
1150,57.5,0,alert,alert,0.988599,0.988599,0.000321,0.0,0.004789,0.006291,0.060857,0.948779,0.0,0.120027,0.116766,0.156501,0.0,0.0,0.023578,True,True,False,0.0,False,False,46.878
1151,57.55,0,alert,alert,0.988771,0.988771,0.000325,0.0,0.004644,0.006261,0.062088,0.947953,0.0,0.120125,0.116663,0.156412,0.0,0.0,0.023556,True,True,False,0.0,False,False,37.561
1152,57.6,0,alert,alert,0.988016,0.988016,0.000339,0.0,0.005136,0.006509,0.05963,0.948786,0.0,0.120218,0.115968,0.156322,0.0,0.0,0.023534,True,True,False,0.0,False,False,37.525
1153,57.65,0,alert,alert,0.98716,0.98716,0.000354,0.0,0.005915,0.006571,0.061828,0.94857,0.0,0.120306,0.115952,0.156233,0.0,0.0,0.023512,True,True,False,0.0,False,False,37.605
1154,57.7,0,alert,alert,0.985676,0.985676,0.000372,0.0,0.00734,0.006611,0.061587,0.948794,0.0,0.120378,0.115986,0.156144,0.0,0.0,0.02349,True,True,False,0.0,False,False,37.335
1155,57.75,0,alert,alert,0.984036,0.984036,0.000386,0.0,0.008845,0.006733,0.056894,0.949857,0.0,0.120427,0.116019,0.156051,0.0,0.0,0.023468,True,True,False,0.0,False,False,46.35
1156,57.8,0,alert,alert,0.984056,0.984056,0.000377,0.0,0.008781,0.006786,0.052809,0.951363,0.0,0.120446,0.1159,0.155954,0.0,0.0,0.023446,True,True,False,0.0,False,False,37.373
1157,57.85,0,alert,alert,0.984979,0.984979,0.00036,0.0,0.007976,0.006685,0.053332,0.951055,0.0,0.120474,0.116071,0.155858,0.0,0.0,0.023424,True,True,False,0.0,False,False,37.337
1158,57.9,0,alert,alert,0.984994,0.984994,0.000358,0.0,0.007865,0.006783,0.054693,0.951122,0.0,0.120504,0.116087,0.155764,0.0,0.0,0.023402,True,True,False,0.0,False,False,37.46
1159,57.95,0,alert,alert,0.985867,0.985867,0.000355,0.0,0.007054,0.006725,0.062281,0.949517,0.0,0.120596,0.116116,0.155676,0.0,0.0,0.02338,True,True,False,0.0,False,False,37.546
1160,58.0,0,alert,alert,0.986378,0.986378,0.000351,0.0,0.006665,0.006607,0.064904,0.949055,0.0,0.120714,0.116149,0.155592,0.0,0.0,0.023358,True,True,False,0.0,False,False,46.334
1161,58.05,0,alert,alert,0.986877,0.986877,0.000345,0.0,0.006079,0.006699,0.067257,0.948151,0.0,0.120844,0.116057,0.15551,0.0,0.0,0.023337,True,True,False,0.0,False,False,37.51
1162,58.1,0,alert,alert,0.98604,0.98604,0.000377,0.0,0.006426,0.007157,0.058268,0.949746,0.0,0.120914,0.116181,0.155419,0.0,0.0,0.023315,True,True,False,0.0,False,False,37.598
1163,58.15,0,alert,alert,0.985237,0.985237,0.000401,0.0,0.006842,0.007519,0.062838,0.948929,0.0,0.120977,0.116169,0.155333,0.0,0.0,0.023293,True,True,False,0.0,False,False,37.516
1164,58.2,0,alert,alert,0.985065,0.985065,0.00043,0.0,0.006667,0.007839,0.111728,0.940661,0.0,0.121229,0.11625,0.155293,0.0,0.0,0.023272,True,True,False,0.0,False,False,37.5
1165,58.25,0,alert,alert,0.985865,0.985865,0.000468,0.0,0.006236,0.007431,0.420593,0.890288,0.0,0.122923,0.116857,0.155524,0.0,0.0,0.023252,True,True,False,0.0,False,False,46.371
1166,58.3,0,alert,alert,0.984455,0.984455,0.000695,0.0,0.007513,0.007337,0.511028,0.819561,0.0,0.124814,0.117496,0.155808,0.0,0.0,0.023233,True,True,False,0.0,False,False,37.425
1167,58.35,0,alert,alert,0.978175,0.978175,0.001564,0.0,0.012183,0.008078,0.536302,0.795733,0.0,0.126843,0.118284,0.156104,0.0,0.0,0.023215,True,True,False,0.0,False,False,37.29
1168,58.4,0,alert,alert,0.955163,0.955163,0.005598,0.0,0.029088,0.010151,0.562865,0.794258,0.0,0.128776,0.119066,0.156419,0.0,0.0,0.023197,True,True,False,0.0,False,False,37.32
1169,58.45,0,alert,alert,0.866077,0.866077,0.034899,0.0,0.083357,0.015667,0.625222,0.795042,0.0,0.131002,0.119954,0.156782,0.0,0.0,0.023179,True,True,False,0.0,False,False,37.572
1170,58.5,0,alert,alert,0.670547,0.670547,0.116005,0.0,0.195824,0.017624,0.577378,0.800538,0.0,0.133019,0.120773,0.15711,0.0,0.0,0.023161,True,True,False,0.0,False,False,46.367
1171,58.55,0,alert,alert,0.467343,0.467343,0.120134,0.0,0.39834,0.014183,0.499224,0.868727,0.0,0.134841,0.121424,0.157399,0.0,0.0,0.023141,True,True,False,0.0,False,False,37.478
1172,58.6,3,yawning,yawning,0.607361,0.330516,0.053324,0.0,0.607361,0.008799,0.398181,0.90767,0.0,0.136434,0.122171,0.157612,0.0,0.0,0.023121,True,True,False,0.0,False,False,37.956
1173,58.65,3,yawning,yawning,0.707038,0.268207,0.018795,0.0,0.707038,0.00596,0.220026,0.927348,0.0,0.137162,0.122488,0.157668,0.0,0.0,0.0231,True,True,False,0.0,False,False,37.97
1174,58.7,3,yawning,yawning,0.641362,0.344096,0.00858,0.0,0.641362,0.005961,0.087206,0.945079,0.0,0.13714,0.122567,0.157603,0.0,0.0,0.023079,True,True,False,0.0,False,False,37.92
1175,58.75,0,alert,alert,0.527803,0.527803,0.004829,0.0,0.460343,0.007025,0.047444,0.952715,0.0,0.136067,0.122572,0.157502,0.0,0.0,0.023058,True,True,False,0.0,False,False,46.498
1176,58.8,0,alert,alert,0.712689,0.712689,0.00279,0.0,0.277045,0.007475,0.039792,0.954362,0.0,0.134575,0.122416,0.157393,0.0,0.0,0.023036,True,True,False,0.0,False,False,37.526
1177,58.85,0,alert,alert,0.814116,0.814116,0.001749,0.0,0.176797,0.007338,0.040846,0.953766,0.0,0.132538,0.122545,0.157285,0.0,0.0,0.023015,True,True,False,0.0,False,False,37.593
1178,58.9,0,alert,alert,0.878376,0.878376,0.001255,0.0,0.113294,0.007076,0.043168,0.952207,0.0,0.13079,0.122512,0.15718,0.0,0.0,0.022994,True,True,False,0.0,False,False,37.453
1179,58.95,0,alert,alert,0.927234,0.927234,0.00097,0.0,0.064948,0.006848,0.043556,0.952398,0.0,0.129745,0.122118,0.157076,0.0,0.0,0.022973,True,True,False,0.0,False,False,37.885
1180,59.0,0,alert,alert,0.950211,0.950211,0.000801,0.0,0.042094,0.006894,0.047003,0.951405,0.0,0.129472,0.121364,0.156975,0.0,0.0,0.022952,True,True,False,0.0,False,False,46.454
1181,59.05,0,alert,alert,0.965485,0.965485,0.000689,0.0,0.026802,0.007025,0.0516,0.950566,0.0,0.129497,0.121233,0.156878,0.0,0.0,0.02293,True,True,False,0.0,False,False,37.542
1182,59.1,0,alert,alert,0.971982,0.971982,0.000612,0.0,0.020497,0.006909,0.052428,0.950803,0.0,0.129561,0.119661,0.156782,0.0,0.0,0.022909,True,True,False,0.0,False,False,37.694
1183,59.15,0,alert,alert,0.974506,0.974506,0.000578,0.0,0.017904,0.007012,0.052261,0.951127,0.0,0.129639,0.118623,0.156687,0.0,0.0,0.022889,True,True,False,0.0,False,False,37.516
1184,59.2,0,alert,alert,0.974379,0.974379,0.000566,0.0,0.017929,0.007127,0.052067,0.950893,0.0,0.129706,0.117793,0.156591,0.0,0.0,0.022868,True,True,False,0.0,False,False,37.882
1185,59.25,0,alert,alert,0.97601,0.97601,0.000555,0.0,0.01615,0.007285,0.056666,0.95016,0.0,0.129785,0.117158,0.1565,0.0,0.0,0.022847,True,True,False,0.0,False,False,47.016
1186,59.3,0,alert,alert,0.974836,0.974836,0.000585,0.0,0.016955,0.007624,0.061258,0.948463,0.0,0.129882,0.117053,0.156413,0.0,0.0,0.022826,True,True,False,0.0,False,False,37.727
1187,59.35,0,alert,alert,0.974676,0.974676,0.000604,0.0,0.017119,0.007601,0.058739,0.949188,0.0,0.129967,0.116786,0.156324,0.0,0.0,0.022805,True,True,False,0.0,False,False,37.931
1188,59.4,0,alert,alert,0.971078,0.971078,0.000641,0.0,0.020601,0.00768,0.065113,0.947554,0.0,0.130087,0.116824,0.156242,0.0,0.0,0.022784,True,True,False,0.0,False,False,37.784
1189,59.45,0,alert,alert,0.971124,0.971124,0.000643,0.0,0.020428,0.007805,0.064117,0.947935,0.0,0.130197,0.116871,0.156158,0.0,0.0,0.022764,True,True,False,0.0,False,False,37.71
1190,59.5,0,alert,alert,0.970647,0.970647,0.000637,0.0,0.020857,0.007859,0.059583,0.949617,0.0,0.130277,0.116915,0.15607,0.0,0.0,0.022743,True,True,False,0.0,False,False,46.715
1191,59.55,0,alert,alert,0.965647,0.965647,0.000667,0.0,0.025607,0.00808,0.057631,0.949693,0.0,0.130366,0.116803,0.155981,0.0,0.0,0.022722,True,True,False,0.0,False,False,37.64
1192,59.6,0,alert,alert,0.961294,0.961294,0.000685,0.0,0.029498,0.008523,0.055496,0.949925,0.0,0.130436,0.116983,0.15589,0.0,0.0,0.022702,True,True,False,0.0,False,False,37.483
1193,59.65,0,alert,alert,0.960936,0.960936,0.000689,0.0,0.029363,0.009012,0.055964,0.949508,0.0,0.130506,0.117012,0.155799,0.0,0.0,0.022681,True,True,False,0.0,False,False,37.71
1194,59.7,0,alert,alert,0.959845,0.959845,0.000703,0.0,0.030375,0.009078,0.05628,0.94928,0.0,0.130581,0.11704,0.155709,0.0,0.0,0.022661,True,True,False,0.0,False,False,37.823
1195,59.75,0,alert,alert,0.960786,0.960786,0.000713,0.0,0.029718,0.008783,0.060073,0.949286,0.0,0.130679,0.117072,0.155623,0.0,0.0,0.02264,True,True,False,0.0,False,False,46.345
1196,59.8,0,alert,alert,0.955215,0.955215,0.000737,0.0,0.035315,0.008733,0.071175,0.947121,0.0,0.130834,0.116986,0.155547,0.0,0.0,0.02262,True,True,False,0.0,False,False,37.89
1197,59.85,0,alert,alert,0.926259,0.926259,0.000867,0.0,0.062862,0.010012,0.089093,0.944536,0.0,0.131055,0.117213,0.155487,0.0,0.0,0.0226,True,True,False,0.0,False,False,38.152
1198,59.9,0,alert,alert,0.880398,0.880398,0.000996,0.0,0.107275,0.011331,0.08714,0.944865,0.0,0.13126,0.117294,0.155426,0.0,0.0,0.022579,True,True,False,0.0,False,False,38.003
1199,59.95,0,alert,alert,0.854029,0.854029,0.001003,0.0,0.132474,0.012494,0.068055,0.947945,0.0,0.131363,0.11734,0.155347,0.0,0.0,0.022559,True,True,True,0.0,False,False,38.092
1200,60.0,0,alert,alert,0.89081,0.89081,0.000873,0.0,0.095907,0.01241,0.059153,0.948813,0.0,0.131424,0.11717,0.155193,0.0,0.0,0.022555,True,True,True,0.0,False,False,46.652
1201,60.05,0,alert,alert,0.915552,0.915552,0.000808,0.0,0.071784,0.011857,0.052083,0.950121,0.0,0.131441,0.117048,0.1551,0.0,0.0,0.022535,True,True,True,0.0,False,False,37.604
1202,60.1,0,alert,alert,0.934884,0.934884,0.00073,0.0,0.052919,0.011468,0.053603,0.949659,0.0,0.13146,0.116723,0.155133,0.0,0.0,0.022554,True,True,True,0.0,False,False,37.874
1203,60.15,0,alert,alert,0.951599,0.951599,0.000658,0.0,0.036544,0.011198,0.053285,0.949845,0.0,0.131479,0.11641,0.155041,0.0,0.0,0.022533,True,True,True,0.0,False,False,37.772
1204,60.2,0,alert,alert,0.95976,0.95976,0.000626,0.0,0.028693,0.010921,0.063253,0.94668,0.0,0.131574,0.116355,0.155122,0.0,0.0,0.022553,True,True,True,0.0,False,False,37.92
1205,60.25,0,alert,alert,0.966537,0.966537,0.0006,0.0,0.022686,0.010177,0.065865,0.947258,0.0,0.131687,0.116352,0.154909,0.0,0.0,0.022553,True,True,True,0.0,False,False,46.726
1206,60.3,0,alert,alert,0.971236,0.971236,0.000588,0.0,0.018226,0.00995,0.059153,0.948415,0.0,0.131766,0.116244,0.154823,0.0,0.0,0.022532,True,True,True,0.0,False,False,37.699
1207,60.35,0,alert,alert,0.973432,0.973432,0.000565,0.0,0.01664,0.009363,0.061666,0.949098,0.0,0.131846,0.116367,0.154188,0.0,0.0,0.022548,True,True,True,0.0,False,False,37.736
1208,60.4,0,alert,alert,0.975975,0.975975,0.000535,0.0,0.014646,0.008844,0.058045,0.949632,0.0,0.131903,0.116367,0.154101,0.0,0.0,0.022528,True,True,True,0.0,False,False,37.584
1209,60.45,0,alert,alert,0.97825,0.97825,0.000504,0.0,0.012709,0.008538,0.056618,0.950048,0.0,0.13196,0.11638,0.153693,0.0,0.0,0.022547,True,True,True,0.0,False,False,37.578
1210,60.5,0,alert,alert,0.980509,0.980509,0.000472,0.0,0.010516,0.008503,0.052613,0.950798,0.0,0.132011,0.116398,0.153653,0.0,0.0,0.022546,True,True,True,0.0,False,False,46.503
1211,60.55,0,alert,alert,0.982766,0.982766,0.000432,0.0,0.008438,0.008364,0.050298,0.950733,0.0,0.132031,0.116273,0.153559,0.0,0.0,0.022526,True,True,True,0.0,False,False,37.742
1212,60.6,0,alert,alert,0.984121,0.984121,0.000404,0.0,0.006781,0.008695,0.049578,0.950867,0.0,0.132051,0.116401,0.153665,0.0,0.0,0.022547,True,True,True,0.0,False,False,37.521
1213,60.65,0,alert,alert,0.984675,0.984675,0.000375,0.0,0.005804,0.009146,0.051211,0.950478,0.0,0.132065,0.116404,0.153573,0.0,0.0,0.022526,True,True,True,0.0,False,False,37.809
1214,60.7,0,alert,alert,0.984817,0.984817,0.000347,0.0,0.00493,0.009905,0.052385,0.950251,0.0,0.131976,0.116407,0.153692,0.0,0.0,0.022547,True,True,True,0.0,False,False,37.33
1215,60.75,0,alert,alert,0.984077,0.984077,0.000338,0.0,0.005036,0.010549,0.05899,0.948825,0.0,0.131905,0.116428,0.153711,0.0,0.0,0.022547,True,True,True,0.0,False,False,46.44
1216,60.8,0,alert,alert,0.983342,0.983342,0.000334,0.0,0.005452,0.010872,0.059888,0.948305,0.0,0.131947,0.116322,0.153627,0.0,0.0,0.022527,True,True,True,0.0,False,False,37.84
1217,60.85,0,alert,alert,0.981731,0.981731,0.000344,0.0,0.00676,0.011165,0.065885,0.947303,0.0,0.13206,0.116493,0.15375,0.0,0.0,0.022547,True,True,True,0.0,False,False,37.725
1218,60.9,0,alert,alert,0.98095,0.98095,0.00035,0.0,0.007576,0.011124,0.064662,0.947713,0.0,0.132185,0.116535,0.15367,0.0,0.0,0.022527,True,True,True,0.0,False,False,37.646
1219,60.95,0,alert,alert,0.979549,0.979549,0.000362,0.0,0.008536,0.011552,0.061611,0.948237,0.0,0.132305,0.116566,0.153782,0.0,0.0,0.022547,True,True,True,0.0,False,False,37.609
1220,61.0,0,alert,alert,0.979111,0.979111,0.00037,0.0,0.008862,0.011657,0.059767,0.948245,0.0,0.132419,0.116597,0.153796,0.0,0.0,0.022547,True,True,True,0.0,False,False,46.518
1221,61.05,0,alert,alert,0.978636,0.978636,0.000387,0.0,0.009625,0.011352,0.092683,0.941074,0.0,0.132704,0.116553,0.153741,0.0,0.0,0.022527,True,True,True,0.0,False,False,37.728
1222,61.1,0,alert,alert,0.978024,0.978024,0.000408,0.0,0.010328,0.01124,0.127192,0.937645,0.0,0.13317,0.116861,0.153897,0.0,0.0,0.022547,True,True,True,0.0,False,False,37.691
1223,61.15,0,alert,alert,0.975867,0.975867,0.000445,0.0,0.012625,0.011063,0.139653,0.937401,0.0,0.133695,0.11705,0.153884,0.0,0.0,0.022527,True,True,True,0.0,False,False,37.602
1224,61.2,0,alert,alert,0.972851,0.972851,0.000502,0.0,0.015686,0.010962,0.115847,0.942527,0.0,0.134104,0.117195,0.154037,0.0,0.0,0.022548,True,True,True,0.0,False,False,37.573
1225,61.25,0,alert,alert,0.967906,0.967906,0.000722,0.0,0.018832,0.01254,0.479314,0.844751,0.0,0.136173,0.117946,0.154392,0.0,0.0,0.02255,True,True,True,0.0,False,False,46.525
1226,61.3,0,alert,alert,0.95053,0.95053,0.001837,0.0,0.032196,0.015437,0.539525,0.812469,0.0,0.138447,0.118624,0.154688,0.0,0.0,0.022532,True,True,True,0.0,False,False,37.44
1227,61.35,0,alert,alert,0.89944,0.89944,0.008055,0.0,0.072107,0.020398,0.597133,0.816607,0.0,0.140988,0.119685,0.155218,0.0,0.0,0.022555,True,True,True,0.0,False,False,37.573
1228,61.4,0,alert,alert,0.75427,0.75427,0.043613,0.0,0.175212,0.026904,0.640486,0.800147,0.0,0.143678,0.120662,0.155586,0.0,0.0,0.022538,True,True,True,0.0,False,False,37.416
1229,61.45,0,alert,alert,0.535979,0.535979,0.050734,0.0,0.392845,0.020443,0.511884,0.874495,0.0,0.145959,0.121486,0.156062,0.0,0.0,0.02256,True,True,True,0.0,False,False,37.805
1230,61.5,3,yawning,yawning,0.629643,0.333419,0.024594,0.0,0.629643,0.012345,0.399791,0.912004,0.0,0.147756,0.122138,0.156357,0.0,0.0,0.022561,True,True,True,0.0,False,False,46.437
1231,61.55,3,yawning,yawning,0.721472,0.260692,0.009278,0.0,0.721472,0.008558,0.207511,0.936053,0.0,0.148619,0.122296,0.156402,0.0,0.0,0.022541,True,True,True,0.0,False,False,37.727
1232,61.6,3,yawning,yawning,0.73056,0.25781,0.004245,0.0,0.73056,0.007385,0.080747,0.949502,0.0,0.148841,0.122522,0.156507,0.0,0.0,0.022561,True,True,True,0.0,False,False,37.432
1233,61.65,3,yawning,yawning,0.684867,0.304988,0.002624,0.0,0.684867,0.007521,0.04697,0.955586,0.0,0.148866,0.12253,0.156408,0.0,0.0,0.02254,True,True,True,0.0,False,False,37.635
1234,61.7,3,yawning,yawning,0.552686,0.436562,0.002024,0.0,0.552686,0.008728,0.041527,0.956121,0.0,0.148871,0.122526,0.156451,0.0,0.0,0.02256,True,True,True,0.0,False,False,37.536
1235,61.75,0,alert,alert,0.636199,0.636199,0.001676,0.0,0.352299,0.009826,0.040939,0.955073,0.0,0.148854,0.122521,0.156435,0.0,0.0,0.02256,True,True,True,0.0,False,False,46.496
1236,61.8,0,alert,alert,0.75524,0.75524,0.001334,0.0,0.233459,0.009967,0.0417,0.95365,0.0,0.148837,0.122368,0.156331,0.0,0.0,0.02254,True,True,True,0.0,False,False,38.12
1237,61.85,0,alert,alert,0.859692,0.859692,0.001032,0.0,0.129107,0.010169,0.042618,0.952585,0.0,0.148831,0.122514,0.156421,0.0,0.0,0.02256,True,True,True,0.0,False,False,37.863
1238,61.9,0,alert,alert,0.917415,0.917415,0.000804,0.0,0.071305,0.010475,0.044791,0.951662,0.0,0.148832,0.122517,0.15632,0.0,0.0,0.022539,True,True,True,0.0,False,False,38.127
1239,61.95,0,alert,alert,0.946063,0.946063,0.000653,0.0,0.04268,0.010604,0.045435,0.95137,0.0,0.148839,0.122371,0.155747,0.0,0.0,0.022556,True,True,True,0.0,False,False,38.135
1240,62.0,0,alert,alert,0.961076,0.961076,0.000554,0.0,0.027573,0.010796,0.047328,0.950996,0.0,0.148855,0.12223,0.155357,0.0,0.0,0.022553,True,True,True,0.0,False,False,46.696
1241,62.05,0,alert,alert,0.968992,0.968992,0.000486,0.0,0.01971,0.010813,0.056131,0.948963,0.0,0.148923,0.122107,0.155268,0.0,0.0,0.022533,True,True,True,0.0,False,False,37.628
1242,62.1,0,alert,alert,0.974212,0.974212,0.000438,0.0,0.014235,0.011115,0.070366,0.947213,0.0,0.149059,0.12201,0.154571,0.0,0.0,0.022548,True,True,True,0.0,False,False,37.769
1243,62.15,0,alert,alert,0.977955,0.977955,0.000394,0.0,0.01073,0.010922,0.071017,0.946705,0.0,0.149214,0.121915,0.154496,0.0,0.0,0.022528,True,True,True,0.0,False,False,38.352
1244,62.2,0,alert,alert,0.980204,0.980204,0.000366,0.0,0.00809,0.01134,0.149964,0.939102,0.0,0.149779,0.121967,0.15383,0.0,0.0,0.022545,True,True,True,0.0,False,False,37.853
1245,62.25,0,alert,alert,0.982848,0.982848,0.000341,0.0,0.006354,0.010457,0.208699,0.93697,0.0,0.150614,0.122126,0.153603,0.0,0.0,0.022545,True,True,True,0.0,False,False,47.146
1246,62.3,0,alert,alert,0.982934,0.982934,0.00035,0.0,0.006645,0.010071,0.283487,0.926736,0.0,0.15181,0.122418,0.153717,0.0,0.0,0.022525,True,True,True,0.0,False,False,38.84
1247,62.35,0,alert,alert,0.984032,0.984032,0.000357,0.0,0.006412,0.0092,0.309344,0.927256,0.0,0.15315,0.122757,0.153524,0.0,0.0,0.022545,True,True,True,0.0,False,False,37.863
1248,62.4,0,alert,alert,0.983856,0.983856,0.0004,0.0,0.006773,0.008971,0.295337,0.930755,0.0,0.154428,0.123069,0.153649,0.0,0.0,0.022525,True,True,True,0.0,False,False,37.802
1249,62.45,0,alert,alert,0.981998,0.981998,0.000448,0.0,0.008431,0.009123,0.2137,0.939513,0.0,0.155298,0.123235,0.153776,0.0,0.0,0.022545,True,True,True,0.0,False,False,37.925
1250,62.5,0,alert,alert,0.977988,0.977988,0.000502,0.0,0.012115,0.009395,0.136145,0.945499,0.0,0.15578,0.123259,0.153857,0.0,0.0,0.022546,True,True,True,0.0,False,False,46.648
1251,62.55,0,alert,alert,0.973227,0.973227,0.000547,0.0,0.016179,0.010046,0.140364,0.942168,0.0,0.156221,0.12329,0.153845,0.0,0.0,0.022526,True,True,True,0.0,False,False,38.254
1252,62.6,0,alert,alert,0.970219,0.970219,0.000576,0.0,0.018877,0.010328,0.152207,0.939505,0.0,0.156681,0.123342,0.154032,0.0,0.0,0.022546,True,True,True,0.0,False,False,38.3
1253,62.65,0,alert,alert,0.965398,0.965398,0.000641,0.0,0.023186,0.010775,0.146338,0.939637,0.0,0.157144,0.123384,0.154025,0.0,0.0,0.022526,True,True,True,0.0,False,False,37.623
1254,62.7,0,alert,alert,0.960765,0.960765,0.000712,0.0,0.027738,0.010785,0.155504,0.938343,0.0,0.157549,0.123442,0.154207,0.0,0.0,0.022547,True,True,True,0.0,False,False,37.572
1255,62.75,0,alert,alert,0.955153,0.955153,0.000781,0.0,0.032955,0.011111,0.182555,0.935013,0.0,0.158124,0.123548,0.154322,0.0,0.0,0.022547,True,True,True,0.0,False,False,46.662
1256,62.8,0,alert,alert,0.953669,0.953669,0.000797,0.0,0.034357,0.011177,0.228969,0.927824,0.0,0.158827,0.123736,0.154388,0.0,0.0,0.022527,True,True,True,0.0,False,False,37.709
1257,62.85,0,alert,alert,0.957053,0.957053,0.000761,0.0,0.031731,0.010455,0.270205,0.922392,0.0,0.159871,0.123995,0.154665,0.0,0.0,0.022548,True,True,True,0.0,False,False,37.536
1258,62.9,0,alert,alert,0.964382,0.964382,0.000688,0.0,0.02497,0.00996,0.22945,0.927002,0.0,0.160731,0.124182,0.154731,0.0,0.0,0.022528,True,True,True,0.0,False,False,37.551
1259,62.95,0,alert,alert,0.964307,0.964307,0.000634,0.0,0.024881,0.010179,0.154017,0.935836,0.0,0.16023,0.124235,0.154556,0.0,0.0,0.022547,True,True,True,0.0,False,False,38.543
1260,63.0,0,alert,alert,0.968362,0.968362,0.000557,0.0,0.021197,0.009885,0.10217,0.942796,0.0,0.158417,0.124196,0.154231,0.0,0.0,0.022545,True,True,True,0.0,False,False,46.988
1261,63.05,0,alert,alert,0.965883,0.965883,0.000528,0.0,0.023167,0.010422,0.077507,0.945654,0.0,0.156567,0.124112,0.154162,0.0,0.0,0.022524,True,True,True,0.0,False,False,38.116
1262,63.1,0,alert,alert,0.964404,0.964404,0.0005,0.0,0.02427,0.010826,0.077821,0.944943,0.0,0.155246,0.124029,0.153631,0.0,0.0,0.022543,True,True,True,0.0,False,False,37.752
1263,63.15,0,alert,alert,0.967753,0.967753,0.000466,0.0,0.021264,0.010517,0.075812,0.944961,0.0,0.154853,0.123942,0.153561,0.0,0.0,0.022522,True,True,True,0.0,False,False,37.613
1264,63.2,0,alert,alert,0.965965,0.965965,0.000463,0.0,0.022708,0.010864,0.075929,0.944808,0.0,0.154902,0.123856,0.15354,0.0,0.0,0.022543,True,True,True,0.0,False,False,37.483
1265,63.25,0,alert,alert,0.965891,0.965891,0.000455,0.0,0.022392,0.011263,0.073277,0.945421,0.0,0.15316,0.123766,0.153564,0.0,0.0,0.022543,True,True,True,0.0,False,False,46.541
1266,63.3,0,alert,alert,0.967288,0.967288,0.000443,0.0,0.021036,0.011232,0.069347,0.946317,0.0,0.151155,0.123669,0.153488,0.0,0.0,0.022522,True,True,True,0.0,False,False,37.453
1267,63.35,0,alert,alert,0.96672,0.96672,0.000434,0.0,0.021439,0.011407,0.081992,0.942798,0.0,0.149326,0.123595,0.153617,0.0,0.0,0.022543,True,True,True,0.0,False,False,37.499
1268,63.4,0,alert,alert,0.968118,0.968118,0.000429,0.0,0.020554,0.010899,0.080078,0.944106,0.0,0.148073,0.123518,0.153551,0.0,0.0,0.022523,True,True,True,0.0,False,False,37.575
1269,63.45,0,alert,alert,0.962742,0.962742,0.00046,0.0,0.025471,0.011326,0.078571,0.944586,0.0,0.147714,0.123438,0.15367,0.0,0.0,0.022543,True,True,True,0.0,False,False,37.637
1270,63.5,0,alert,alert,0.960588,0.960588,0.00048,0.0,0.027409,0.011523,0.083027,0.944,0.0,0.147816,0.123367,0.153692,0.0,0.0,0.022543,True,True,True,0.0,False,False,46.344
1271,63.55,0,alert,alert,0.961212,0.961212,0.000475,0.0,0.026267,0.012045,0.073249,0.945562,0.0,0.147976,0.123278,0.15362,0.0,0.0,0.022523,True,True,True,0.0,False,False,37.555
1272,63.6,0,alert,alert,0.96476,0.96476,0.000452,0.0,0.023031,0.011758,0.059501,0.948375,0.0,0.148084,0.123165,0.15356,0.0,0.0,0.022543,True,True,True,0.0,False,False,37.56
1273,63.65,0,alert,alert,0.968173,0.968173,0.000437,0.0,0.019876,0.011514,0.056121,0.948939,0.0,0.148175,0.123047,0.153472,0.0,0.0,0.022523,True,True,True,0.0,False,False,37.734
1274,63.7,0,alert,alert,0.96839,0.96839,0.000426,0.0,0.019783,0.011401,0.057892,0.947954,0.0,0.148262,0.122932,0.152843,0.0,0.0,0.022538,True,True,True,0.0,False,False,37.758
1275,63.75,0,alert,alert,0.968152,0.968152,0.000417,0.0,0.020004,0.011427,0.064896,0.946156,0.0,0.148375,0.12283,0.152476,0.0,0.0,0.022536,True,True,True,0.0,False,False,46.381
1276,63.8,0,alert,alert,0.962656,0.962656,0.000437,0.0,0.024999,0.011908,0.079601,0.943509,0.0,0.148566,0.122755,0.152411,0.0,0.0,0.022516,True,True,True,0.0,False,False,37.441
1277,63.85,0,alert,alert,0.961651,0.961651,0.000467,0.0,0.025775,0.012107,0.210349,0.92673,0.0,0.149419,0.122905,0.15189,0.0,0.0,0.022534,True,True,True,0.0,False,False,37.544
1278,63.9,0,alert,alert,0.967592,0.967592,0.000463,0.0,0.021126,0.010818,0.319607,0.915808,0.0,0.150811,0.123237,0.152036,0.0,0.0,0.022514,True,True,True,0.0,False,False,37.582
1279,63.95,0,alert,alert,0.969264,0.969264,0.000487,0.0,0.020099,0.010149,0.402156,0.900055,0.0,0.152587,0.1237,0.151817,0.0,0.0,0.022534,True,True,True,0.0,False,False,37.565
1280,64.0,0,alert,alert,0.967487,0.967487,0.000534,0.0,0.022178,0.009801,0.482653,0.86427,0.0,0.154677,0.124271,0.151961,0.0,0.0,0.022535,True,True,True,0.0,False,False,46.509
1281,64.05,0,alert,alert,0.965409,0.965409,0.000748,0.0,0.023346,0.010496,0.53363,0.820685,0.0,0.156874,0.124888,0.152257,0.0,0.0,0.022517,True,True,True,0.0,False,False,37.672
1282,64.1,0,alert,alert,0.957391,0.957391,0.001373,0.0,0.030015,0.011221,0.568645,0.818502,0.0,0.158684,0.125555,0.152569,0.0,0.0,0.02252,True,True,True,0.0,False,False,37.42
1283,64.15,0,alert,alert,0.934617,0.934617,0.00406,0.0,0.046972,0.014352,0.620416,0.806009,0.0,0.161789,0.126285,0.152944,0.0,0.0,0.022543,True,True,True,0.0,False,False,37.46
1284,64.2,0,alert,alert,0.886699,0.886699,0.010234,0.0,0.086997,0.016071,0.56019,0.823431,0.0,0.164081,0.126939,0.153252,0.0,0.0,0.022545,True,True,True,0.0,False,False,37.429
1285,64.25,0,alert,alert,0.817792,0.817792,0.009445,0.0,0.158441,0.014323,0.481784,0.885272,0.0,0.16617,0.127513,0.153522,0.0,0.0,0.022546,True,True,True,0.0,False,False,46.66
1286,64.3,0,alert,alert,0.756511,0.756511,0.005666,0.0,0.225703,0.01212,0.378758,0.912496,0.0,0.167836,0.127931,0.153716,0.0,0.0,0.022527,True,True,True,0.0,False,False,37.981
1287,64.35,0,alert,alert,0.78007,0.78007,0.003108,0.0,0.205889,0.010934,0.183217,0.936829,0.0,0.167913,0.128025,0.15348,0.0,0.0,0.022525,True,True,True,0.0,False,False,37.617
1288,64.4,0,alert,alert,0.835185,0.835185,0.001879,0.0,0.152524,0.010412,0.077058,0.950575,0.0,0.168734,0.127937,0.152923,0.0,0.0,0.022543,True,True,True,0.0,False,False,37.495
1289,64.45,0,alert,alert,0.893765,0.893765,0.001232,0.0,0.095135,0.009868,0.052887,0.954838,0.0,0.168766,0.127807,0.152783,0.0,0.0,0.022542,True,True,True,0.0,False,False,37.501
1290,64.5,0,alert,alert,0.921697,0.921697,0.000905,0.0,0.068108,0.00929,0.047548,0.954408,0.0,0.168153,0.127668,0.152749,0.0,0.0,0.022542,True,True,True,0.0,False,False,46.343
1291,64.55,0,alert,alert,0.93346,0.93346,0.000741,0.0,0.056747,0.009052,0.050208,0.951866,0.0,0.166142,0.127535,0.152657,0.0,0.0,0.022522,True,True,True,0.0,False,False,37.903
1292,64.6,0,alert,alert,0.944324,0.944324,0.000636,0.0,0.046106,0.008934,0.059031,0.948733,0.0,0.165596,0.127418,0.152667,0.0,0.0,0.022522,True,True,True,0.0,False,False,37.508
1293,64.65,0,alert,alert,0.953879,0.953879,0.000554,0.0,0.036885,0.008681,0.053157,0.949617,0.0,0.161418,0.127291,0.152779,0.0,0.0,0.022543,True,True,True,0.0,False,False,37.462
1294,64.7,0,alert,alert,0.961991,0.961991,0.000489,0.0,0.028964,0.008556,0.047284,0.950904,0.0,0.158453,0.127154,0.152787,0.0,0.0,0.022543,True,True,True,0.0,False,False,37.475
1295,64.75,0,alert,alert,0.962289,0.962289,0.000468,0.0,0.028455,0.008788,0.04621,0.951131,0.0,0.155329,0.127016,0.152794,0.0,0.0,0.022543,True,True,True,0.0,False,False,46.598
1296,64.8,0,alert,alert,0.963443,0.963443,0.000453,0.0,0.02688,0.009225,0.047014,0.950632,0.0,0.15294,0.126879,0.152699,0.0,0.0,0.022522,True,True,True,0.0,False,False,37.859
1297,64.85,0,alert,alert,0.971982,0.971982,0.000401,0.0,0.018724,0.008894,0.050446,0.949518,0.0,0.152419,0.126749,0.152708,0.0,0.0,0.022522,True,True,True,0.0,False,False,37.558
1298,64.9,0,alert,alert,0.975828,0.975828,0.00037,0.0,0.015085,0.008718,0.050687,0.949147,0.0,0.150431,0.126621,0.152822,0.0,0.0,0.022543,True,True,True,0.0,False,False,37.802
1299,64.95,0,alert,alert,0.980383,0.980383,0.000328,0.0,0.011058,0.008231,0.050114,0.949867,0.0,0.150271,0.126529,0.152835,0.0,0.0,0.022543,True,True,True,0.0,False,False,38.108
1300,65.0,0,alert,alert,0.983471,0.983471,0.000298,0.0,0.008298,0.007933,0.049873,0.949757,0.0,0.150293,0.126524,0.152846,0.0,0.0,0.022543,True,True,True,0.0,False,False,46.438
1301,65.05,0,alert,alert,0.985097,0.985097,0.000279,0.0,0.006914,0.00771,0.050176,0.949925,0.0,0.150347,0.126537,0.152753,0.0,0.0,0.022523,True,True,True,0.0,False,False,37.656
1302,65.1,0,alert,alert,0.986535,0.986535,0.000266,0.0,0.005733,0.007466,0.047633,0.950667,0.0,0.149823,0.126403,0.152763,0.0,0.0,0.022523,True,True,True,0.0,False,False,37.785
1303,65.15,0,alert,alert,0.987106,0.987106,0.000258,0.0,0.005178,0.007457,0.045574,0.951043,0.0,0.150391,0.126566,0.152878,0.0,0.0,0.022543,True,True,True,0.0,False,False,37.704
1304,65.2,0,alert,alert,0.987309,0.987309,0.000251,0.0,0.004781,0.007659,0.04518,0.951134,0.0,0.150379,0.126576,0.152886,0.0,0.0,0.022543,True,True,True,0.0,False,False,37.43
1305,65.25,0,alert,alert,0.987812,0.987812,0.00024,0.0,0.004057,0.007891,0.041406,0.952367,0.0,0.150351,0.126581,0.152891,0.0,0.0,0.022543,True,True,True,0.0,False,False,46.611
1306,65.3,0,alert,alert,0.987751,0.987751,0.000236,0.0,0.004034,0.007979,0.045075,0.951708,0.0,0.150346,0.126592,0.152794,0.0,0.0,0.022523,True,True,True,0.0,False,False,37.622
1307,65.35,0,alert,alert,0.987639,0.987639,0.000231,0.0,0.004106,0.008024,0.047174,0.95065,0.0,0.14982,0.126457,0.152804,0.0,0.0,0.022523,True,True,True,0.0,False,False,37.617
1308,65.4,0,alert,alert,0.987643,0.987643,0.000231,0.0,0.003998,0.008128,0.047308,0.950913,0.0,0.150333,0.126627,0.152919,0.0,0.0,0.022543,True,True,True,0.0,False,False,37.627
1309,65.45,0,alert,alert,0.987711,0.987711,0.000231,0.0,0.003784,0.008274,0.049531,0.949596,0.0,0.150335,0.126645,0.152931,0.0,0.0,0.022543,True,True,True,0.0,False,False,37.855
1310,65.5,0,alert,alert,0.987955,0.987955,0.000231,0.0,0.003626,0.008188,0.051904,0.948907,0.0,0.150358,0.126665,0.152944,0.0,0.0,0.022543,True,True,True,0.0,False,False,46.435
1311,65.55,0,alert,alert,0.987742,0.987742,0.000232,0.0,0.003788,0.008239,0.046537,0.949844,0.0,0.150346,0.126679,0.152848,0.0,0.0,0.022523,True,True,True,0.0,False,False,37.904
1312,65.6,0,alert,alert,0.986912,0.986912,0.000243,0.0,0.004403,0.008442,0.046604,0.949786,0.0,0.149817,0.126543,0.152856,0.0,0.0,0.022523,True,True,True,0.0,False,False,37.737
1313,65.65,0,alert,alert,0.986948,0.986948,0.000239,0.0,0.004141,0.008672,0.044784,0.950393,0.0,0.150301,0.126698,0.15296,0.0,0.0,0.022543,True,True,True,0.0,False,False,37.854
1314,65.7,0,alert,alert,0.986972,0.986972,0.00024,0.0,0.003862,0.008926,0.044316,0.950817,0.0,0.150279,0.126701,0.152963,0.0,0.0,0.022543,True,True,True,0.0,False,False,38.223
1315,65.75,0,alert,alert,0.986887,0.986887,0.000238,0.0,0.003628,0.009247,0.045939,0.950604,0.0,0.150247,0.126712,0.152968,0.0,0.0,0.022543,True,True,True,0.0,False,False,47.12
1316,65.8,0,alert,alert,0.987238,0.987238,0.000237,0.0,0.003296,0.009228,0.047526,0.950209,0.0,0.15021,0.126725,0.152873,0.0,0.0,0.022523,True,True,True,0.0,False,False,37.99
1317,65.85,0,alert,alert,0.987751,0.987751,0.000245,0.0,0.002935,0.009069,0.049653,0.950426,0.0,0.149698,0.126594,0.15288,0.0,0.0,0.022523,True,True,True,0.0,False,False,38.079
1318,65.9,0,alert,alert,0.988248,0.988248,0.000256,0.0,0.003042,0.008453,0.05936,0.947997,0.0,0.150258,0.126772,0.152997,0.0,0.0,0.022544,True,True,True,0.0,False,False,37.871
1319,65.95,0,alert,alert,0.988046,0.988046,0.000273,0.0,0.003587,0.008095,0.059589,0.948211,0.0,0.150293,0.126802,0.153015,0.0,0.0,0.022544,True,True,True,0.0,False,False,37.645
1320,66.0,0,alert,alert,0.986874,0.986874,0.0003,0.0,0.004547,0.008279,0.064432,0.9477,0.0,0.150351,0.126845,0.153037,0.0,0.0,0.022544,True,True,True,0.0,False,False,46.984
1321,66.05,0,alert,alert,0.985691,0.985691,0.000327,0.0,0.005347,0.008635,0.062123,0.94868,0.0,0.150387,0.126885,0.152956,0.0,0.0,0.022523,True,True,True,0.0,False,False,38.137
1322,66.1,0,alert,alert,0.984245,0.984245,0.000358,0.0,0.006698,0.008699,0.062636,0.948799,0.0,0.149941,0.126777,0.152976,0.0,0.0,0.022524,True,True,True,0.0,False,False,38.16
1323,66.15,0,alert,alert,0.981858,0.981858,0.000398,0.0,0.008709,0.009035,0.065289,0.948696,0.0,0.148628,0.12695,0.153099,0.0,0.0,0.022544,True,True,True,0.0,False,False,38.117
1324,66.2,0,alert,alert,0.979616,0.979616,0.000434,0.0,0.010763,0.009187,0.065099,0.948701,0.0,0.146579,0.126983,0.153054,0.0,0.0,0.022544,True,True,True,0.0,False,False,37.775
1325,66.25,0,alert,alert,0.97828,0.97828,0.000455,0.0,0.012342,0.008922,0.067036,0.948706,0.0,0.144378,0.12701,0.152723,0.0,0.0,0.022542,True,True,True,0.0,False,False,46.43
1326,66.3,0,alert,alert,0.979889,0.979889,0.00045,0.0,0.011305,0.008356,0.074082,0.947149,0.0,0.141884,0.127052,0.152652,0.0,0.0,0.022522,True,True,True,0.0,False,False,37.443
1327,66.35,0,alert,alert,0.98053,0.98053,0.000447,0.0,0.011136,0.007887,0.079935,0.945482,0.0,0.14157,0.126973,0.152299,0.0,0.0,0.022519,True,True,True,0.0,False,False,37.628
1328,66.4,0,alert,alert,0.978676,0.978676,0.000467,0.0,0.012953,0.007905,0.091256,0.941861,0.0,0.136163,0.127176,0.151831,0.0,0.0,0.022537,True,True,True,0.0,False,False,37.564
1329,66.45,0,alert,alert,0.97439,0.97439,0.000491,0.0,0.016911,0.008208,0.111282,0.937683,0.0,0.133304,0.127283,0.151799,0.0,0.0,0.022537,True,True,True,0.0,False,False,37.563
1330,66.5,0,alert,alert,0.972289,0.972289,0.000498,0.0,0.018886,0.008326,0.097451,0.941672,0.0,0.130376,0.127369,0.151827,0.0,0.0,0.022538,True,True,True,0.0,False,False,46.529
1331,66.55,0,alert,alert,0.972885,0.972885,0.000473,0.0,0.018552,0.00809,0.073282,0.946405,0.0,0.127317,0.127278,0.151756,0.0,0.0,0.022517,True,True,True,0.0,False,False,37.845
1332,66.6,0,alert,alert,0.972976,0.972976,0.000451,0.0,0.01847,0.008103,0.058828,0.949033,0.0,0.126971,0.127162,0.151766,0.0,0.0,0.022518,True,True,True,0.0,False,False,38.022
1333,66.65,0,alert,alert,0.972749,0.972749,0.000434,0.0,0.01838,0.008436,0.055803,0.94926,0.0,0.122566,0.127266,0.151852,0.0,0.0,0.022538,True,True,True,0.0,False,False,37.82
1334,66.7,0,alert,alert,0.969461,0.969461,0.000455,0.0,0.02139,0.008694,0.060094,0.947613,0.0,0.121306,0.12729,0.151838,0.0,0.0,0.022538,True,True,True,0.0,False,False,37.844
1335,66.75,0,alert,alert,0.970563,0.970563,0.000476,0.0,0.020471,0.00849,0.279169,0.912936,0.0,0.122011,0.127661,0.152023,0.0,0.0,0.022539,True,True,True,0.0,False,False,46.729
1336,66.8,0,alert,alert,0.967688,0.967688,0.000643,0.0,0.02207,0.0096,0.49602,0.827392,0.0,0.123997,0.128336,0.152292,0.0,0.0,0.022521,True,True,True,0.0,False,False,37.771
1337,66.85,0,alert,alert,0.962811,0.962811,0.001254,0.0,0.025161,0.010773,0.540674,0.795943,0.0,0.125763,0.128921,0.152657,0.0,0.0,0.022524,True,True,True,0.0,False,False,37.6
1338,66.9,0,alert,alert,0.951992,0.951992,0.002313,0.0,0.035036,0.010659,0.520409,0.832835,0.0,0.128383,0.12915,0.153101,0.0,0.0,0.022547,True,True,True,0.0,False,False,37.746
1339,66.95,0,alert,alert,0.929802,0.929802,0.003775,0.0,0.056539,0.009884,0.49454,0.865115,0.0,0.130505,0.129156,0.15346,0.0,0.0,0.022548,True,True,True,0.0,False,False,37.955
1340,67.0,0,alert,alert,0.905801,0.905801,0.005372,0.0,0.079355,0.009472,0.466662,0.876776,0.0,0.132509,0.129118,0.153794,0.0,0.0,0.02255,True,True,True,0.0,False,False,46.608
1341,67.05,0,alert,alert,0.882905,0.882905,0.006515,0.0,0.101417,0.009163,0.424777,0.891479,0.0,0.13431,0.129082,0.154023,0.0,0.0,0.022531,True,True,True,0.0,False,False,37.721
1342,67.1,0,alert,alert,0.857979,0.857979,0.005265,0.0,0.128226,0.00853,0.297546,0.919552,0.0,0.135111,0.129358,0.154231,0.0,0.0,0.022531,True,True,True,0.0,False,False,37.814
1343,67.15,0,alert,alert,0.863439,0.863439,0.003716,0.0,0.124762,0.008083,0.150275,0.938166,0.0,0.135986,0.128665,0.154297,0.0,0.0,0.022551,True,True,True,0.0,False,False,37.907
1344,67.2,0,alert,alert,0.875905,0.875905,0.002743,0.0,0.113585,0.007767,0.073166,0.949546,0.0,0.13605,0.128162,0.153992,0.0,0.0,0.02255,True,True,True,0.0,False,False,37.801
1345,67.25,0,alert,alert,0.882708,0.882708,0.002135,0.0,0.107624,0.007533,0.050489,0.953733,0.0,0.136002,0.127881,0.153694,0.0,0.0,0.022549,True,True,True,0.0,False,False,46.47
1346,67.3,0,alert,alert,0.872521,0.872521,0.001881,0.0,0.117903,0.007695,0.04954,0.951668,0.0,0.135968,0.127818,0.1536,0.0,0.0,0.022528,True,True,True,0.0,False,False,37.779
1347,67.35,0,alert,alert,0.834896,0.834896,0.00183,0.0,0.155214,0.008059,0.05702,0.94903,0.0,0.135568,0.127699,0.153435,0.0,0.0,0.022528,True,True,True,0.0,False,False,37.785
1348,67.4,0,alert,alert,0.729392,0.729392,0.001787,0.0,0.260375,0.008446,0.060329,0.947765,0.0,0.136049,0.127862,0.153487,0.0,0.0,0.022548,True,True,True,0.0,False,False,37.617
1349,67.45,0,alert,alert,0.58331,0.58331,0.001683,0.0,0.406473,0.008535,0.056043,0.94911,0.0,0.136041,0.127848,0.1535,0.0,0.0,0.022548,True,True,True,0.0,False,False,37.9
1350,67.5,3,yawning,yawning,0.496765,0.493489,0.00152,0.0,0.496765,0.008226,0.06147,0.948826,0.0,0.136045,0.12784,0.153521,0.0,0.0,0.022549,True,True,True,0.0,False,False,46.66
1351,67.55,3,yawning,yawning,0.516891,0.473589,0.001422,0.0,0.516891,0.008098,0.063992,0.948618,0.0,0.136054,0.127429,0.15344,0.0,0.0,0.022528,True,True,True,0.0,False,False,37.893
1352,67.6,0,alert,alert,0.537694,0.537694,0.00141,0.0,0.45265,0.008246,0.076944,0.946372,0.0,0.135755,0.127344,0.153473,0.0,0.0,0.022528,True,True,True,0.0,False,False,38.307
1353,67.65,0,alert,alert,0.59594,0.59594,0.001432,0.0,0.394371,0.008257,0.079389,0.946536,0.0,0.136233,0.126144,0.153608,0.0,0.0,0.022549,True,True,True,0.0,False,False,37.983
1354,67.7,0,alert,alert,0.737848,0.737848,0.00142,0.0,0.25235,0.008382,0.06722,0.948368,0.0,0.136262,0.125575,0.15363,0.0,0.0,0.022549,True,True,True,0.0,False,False,38.092
1355,67.75,0,alert,alert,0.840452,0.840452,0.001335,0.0,0.150312,0.007901,0.058361,0.949689,0.0,0.136269,0.125249,0.153644,0.0,0.0,0.022549,True,True,True,0.0,False,False,46.83
1356,67.8,0,alert,alert,0.907762,0.907762,0.001262,0.0,0.083462,0.007514,0.076531,0.946674,0.0,0.136392,0.125218,0.153575,0.0,0.0,0.022529,True,True,True,0.0,False,False,37.808
1357,67.85,0,alert,alert,0.94812,0.94812,0.001176,0.0,0.043782,0.006922,0.134591,0.93922,0.0,0.136383,0.125234,0.153658,0.0,0.0,0.022529,True,True,True,0.0,False,False,37.814
1358,67.9,0,alert,alert,0.958832,0.958832,0.001448,0.0,0.033275,0.006445,0.456789,0.869023,0.0,0.138718,0.126028,0.154108,0.0,0.0,0.022551,True,True,True,0.0,False,False,37.752
1359,67.95,0,alert,alert,0.955879,0.955879,0.002418,0.0,0.035366,0.006337,0.509658,0.830789,0.0,0.140763,0.126746,0.154483,0.0,0.0,0.022554,True,True,True,0.0,False,False,37.583
1360,68.0,0,alert,alert,0.937553,0.937553,0.005159,0.0,0.050461,0.006827,0.52764,0.827923,0.0,0.142871,0.127492,0.154872,0.0,0.0,0.022556,True,True,True,0.0,False,False,46.558
1361,68.05,0,alert,alert,0.886512,0.886512,0.012517,0.0,0.093302,0.00767,0.528429,0.836634,0.0,0.144991,0.128243,0.155168,0.0,0.0,0.022538,True,True,True,0.0,False,False,37.603
1362,68.1,0,alert,alert,0.768868,0.768868,0.029395,0.0,0.193139,0.008598,0.529459,0.84183,0.0,0.146723,0.128845,0.155555,0.0,0.0,0.022541,True,True,True,0.0,False,False,37.879
1363,68.15,0,alert,alert,0.559845,0.559845,0.057806,0.0,0.373644,0.008705,0.53395,0.837223,0.0,0.149349,0.129746,0.156054,0.0,0.0,0.022564,True,True,True,0.0,False,False,37.896
1364,68.2,3,yawning,yawning,0.56668,0.338336,0.087359,0.0,0.56668,0.007625,0.530867,0.842344,0.0,0.15127,0.130496,0.156451,0.0,0.0,0.022566,True,True,True,0.0,False,False,37.837
1365,68.25,3,yawning,yawning,0.672969,0.185628,0.135028,0.0,0.672969,0.006375,0.542241,0.824313,0.0,0.151715,0.131247,0.156842,0.0,0.0,0.022568,True,True,True,0.0,False,False,46.377
1366,68.3,3,yawning,yawning,0.624909,0.106665,0.262526,0.0,0.624909,0.0059,0.575184,0.807298,0.0,0.15197,0.132034,0.157162,0.0,0.0,0.022551,True,True,True,0.0,False,False,37.653
1367,68.35,1,drowsy,drowsy,0.494111,0.060486,0.494111,0.0,0.440097,0.005307,0.651758,0.794285,0.0,0.1541,0.132771,0.157637,0.0,0.0,0.022554,True,True,True,0.0,False,False,37.826
1368,68.4,1,drowsy,drowsy,0.7326,0.030095,0.7326,0.0,0.233132,0.004174,0.734032,0.791335,0.0,0.153185,0.133894,0.158283,0.0,0.0,0.022578,True,True,True,0.0,False,False,37.705
1369,68.45,1,drowsy,drowsy,0.871263,0.014445,0.871263,0.0,0.111318,0.002974,0.752264,0.789207,0.0,0.15371,0.134906,0.158833,0.0,0.0,0.022582,True,True,True,0.0,False,False,37.848
1370,68.5,1,drowsy,drowsy,0.938175,0.007302,0.938175,0.0,0.052367,0.002156,0.794266,0.774396,0.0,0.154556,0.13595,0.159409,0.0,0.0,0.022585,True,True,True,0.0,False,False,46.746
1371,68.55,1,drowsy,drowsy,0.969041,0.00412,0.969041,0.0,0.025183,0.001656,0.799871,0.763426,0.0,0.155598,0.136997,0.159873,0.0,0.0,0.022569,True,True,True,0.0,False,False,37.982
1372,68.6,1,drowsy,drowsy,0.983826,0.002557,0.983826,0.0,0.012285,0.001332,0.808412,0.756422,0.0,0.15825,0.137904,0.160447,0.0,0.0,0.022573,True,True,True,0.0,False,False,37.884
1373,68.65,1,drowsy,drowsy,0.990292,0.001799,0.990292,0.0,0.00676,0.001148,0.816864,0.7599,0.05,0.159467,0.139123,0.161137,0.0,0.0,0.022598,True,True,True,0.0,False,False,37.893
1374,68.7,1,drowsy,drowsy,0.992379,0.001478,0.992379,0.0,0.005057,0.001086,0.817162,0.754627,0.1,0.16252,0.140183,0.161711,0.0,0.0,0.022602,True,True,True,0.0,False,False,37.708
1375,68.75,1,drowsy,drowsy,0.993861,0.001265,0.993861,0.0,0.003852,0.001023,0.833117,0.734124,0.15,0.165779,0.141238,0.162281,0.0,0.0,0.022607,True,True,True,0.0,False,False,46.642
1376,68.8,1,drowsy,drowsy,1.0,0.0,1.0,0.0,0.0,0.0,0.842174,0.730196,0.2,0.169108,0.142292,0.162753,0.032486,0.010742,0.028284,True,True,True,0.0,False,True,38.699
1377,68.85,1,drowsy,drowsy,1.0,0.0,1.0,0.0,0.0,0.0,0.83611,0.724174,0.25,0.171716,0.143191,0.163299,0.035628,0.011812,0.028865,True,True,True,0.0,False,True,38.208
1378,68.9,1,drowsy,drowsy,1.0,0.0,1.0,0.0,0.0,0.0,0.816047,0.721681,0.3,0.175586,0.144341,0.163305,0.039057,0.012893,0.029454,True,True,True,0.0,False,True,38.023
1379,68.95,1,drowsy,drowsy,1.0,0.0,1.0,0.0,0.0,0.0,0.816702,0.715435,0.35,0.178766,0.145306,0.163528,0.042287,0.013946,0.030015,True,True,True,0.0,False,True,38.424
1380,69.0,1,drowsy,drowsy,1.0,0.0,1.0,0.0,0.0,0.0,0.819768,0.70785,0.4,0.18192,0.14629,0.163883,0.045504,0.014994,0.030573,True,True,True,0.0,False,True,46.789
1381,69.05,1,drowsy,drowsy,1.0,0.0,1.0,0.0,0.0,0.0,0.803746,0.7208,0.45,0.185041,0.147289,0.164322,0.048721,0.01604,0.031103,True,True,True,0.0,False,True,37.858
1382,69.1,1,drowsy,drowsy,0.991954,0.001372,0.991954,0.0,0.005427,0.001248,0.794865,0.725461,0.5,0.187445,0.148132,0.16481,0.051662,0.017054,0.031658,True,True,True,0.0,False,False,38.521
1383,69.15,1,drowsy,drowsy,1.0,0.0,1.0,0.0,0.0,0.0,0.581674,0.829437,0.55,0.190636,0.149133,0.165356,0.054602,0.017953,0.032149,True,True,True,0.0,False,True,37.843
1384,69.2,1,drowsy,drowsy,1.0,0.0,1.0,0.0,0.0,0.0,0.422684,0.887816,0.0,0.192483,0.149681,0.165689,0.056672,0.018629,0.032509,True,True,True,0.0,False,True,37.98
1385,69.25,1,drowsy,drowsy,1.0,0.0,1.0,0.0,0.0,0.0,0.217461,0.927319,0.0,0.193315,0.14932,0.165846,0.05668,0.018627,0.032509,True,True,True,0.0,False,True,46.368
1386,69.3,1,drowsy,drowsy,1.0,0.0,1.0,0.0,0.0,0.0,0.082227,0.946605,0.0,0.193425,0.148666,0.16577,0.05668,0.018623,0.03248,True,True,True,0.0,False,True,38.549
1387,69.35,1,drowsy,drowsy,1.0,0.0,1.0,0.0,0.0,0.0,0.049355,0.95444,0.0,0.192677,0.148496,0.165775,0.056386,0.018591,0.03248,True,True,True,0.0,False,True,38.216
1388,69.4,1,drowsy,drowsy,1.0,0.0,1.0,0.0,0.0,0.0,0.042069,0.955949,0.0,0.193246,0.147155,0.165887,0.056676,0.018615,0.032509,True,True,True,0.0,False,True,38.483
1389,69.45,1,drowsy,drowsy,1.0,0.0,1.0,0.0,0.0,0.0,0.038383,0.955581,0.0,0.193106,0.146329,0.16588,0.056674,0.018612,0.032509,True,True,True,0.0,False,True,38.291
1390,69.5,1,drowsy,drowsy,1.0,0.0,1.0,0.0,0.0,0.0,0.036643,0.954537,0.0,0.192983,0.145544,0.16587,0.056672,0.01861,0.032509,True,True,True,0.0,False,True,46.5
1391,69.55,1,drowsy,drowsy,1.0,0.0,1.0,0.0,0.0,0.0,0.036296,0.95391,0.0,0.192868,0.144831,0.165753,0.056671,0.018608,0.032479,True,True,True,0.0,False,True,37.59
1392,69.6,1,drowsy,drowsy,1.0,0.0,1.0,0.0,0.0,0.0,0.036634,0.953522,0.0,0.192058,0.144646,0.165742,0.056377,0.018576,0.032479,True,True,True,0.0,False,True,37.435
1393,69.65,1,drowsy,drowsy,1.0,0.0,1.0,0.0,0.0,0.0,0.037703,0.953252,0.0,0.192669,0.143847,0.165836,0.056668,0.018606,0.032509,True,True,True,0.0,False,True,37.745
1394,69.7,1,drowsy,drowsy,1.0,0.0,1.0,0.0,0.0,0.0,0.037709,0.952981,0.0,0.19257,0.143666,0.165827,0.056667,0.018606,0.032509,True,True,True,0.0,False,True,37.485
1395,69.75,1,drowsy,drowsy,1.0,0.0,1.0,0.0,0.0,0.0,0.037325,0.953028,0.0,0.192449,0.143617,0.165815,0.056666,0.018606,0.032508,True,True,True,0.0,False,True,46.381
1396,69.8,1,drowsy,drowsy,1.0,0.0,1.0,0.0,0.0,0.0,0.037192,0.952918,0.0,0.192268,0.143604,0.165698,0.056664,0.018606,0.032479,True,True,True,0.0,False,True,37.779
1397,69.85,1,drowsy,drowsy,1.0,0.0,1.0,0.0,0.0,0.0,0.037416,0.952996,0.0,0.191465,0.143423,0.165685,0.056371,0.018574,0.032479,True,True,True,0.0,False,True,37.859
1398,69.9,1,drowsy,drowsy,1.0,0.0,1.0,0.0,0.0,0.0,0.037478,0.95271,0.0,0.191731,0.143552,0.165782,0.056659,0.018606,0.032508,True,True,True,0.0,False,True,38.384
1399,69.95,1,drowsy,drowsy,1.0,0.0,1.0,0.0,0.0,0.0,0.037724,0.952625,0.0,0.19157,0.143523,0.165771,0.056658,0.018606,0.032508,True,True,True,0.0,False,True,39.313
1400,70.0,1,drowsy,drowsy,1.0,0.0,1.0,0.0,0.0,0.0,0.037451,0.952998,0.0,0.191454,0.143492,0.165766,0.056657,0.018606,0.032508,True,True,True,0.0,False,True,46.66
1401,70.05,1,drowsy,drowsy,1.0,0.0,1.0,0.0,0.0,0.0,0.039027,0.952459,0.0,0.191384,0.143468,0.165652,0.056656,0.018606,0.032479,True,True,True,0.0,False,True,38.074
1402,70.1,1,drowsy,drowsy,1.0,0.0,1.0,0.0,0.0,0.0,0.038346,0.952758,0.0,0.190591,0.143289,0.16565,0.056362,0.018574,0.032479,True,True,True,0.0,False,True,37.95
1403,70.15,1,drowsy,drowsy,1.0,0.0,1.0,0.0,0.0,0.0,0.038628,0.952956,0.0,0.191223,0.143405,0.165744,0.056654,0.018605,0.032508,True,True,True,0.0,False,True,37.679
1404,70.2,1,drowsy,drowsy,1.0,0.0,1.0,0.0,0.0,0.0,0.039026,0.952808,0.0,0.191093,0.143286,0.165687,0.056652,0.018605,0.032508,True,True,True,0.0,False,True,37.607
1405,70.25,1,drowsy,drowsy,1.0,0.0,1.0,0.0,0.0,0.0,0.040004,0.952607,0.0,0.190955,0.142652,0.165618,0.05665,0.018602,0.032507,True,True,True,0.0,False,True,46.387
1406,70.3,1,drowsy,drowsy,1.0,0.0,1.0,0.0,0.0,0.0,0.410244,0.866807,0.0,0.192677,0.142523,0.16582,0.056676,0.018601,0.032481,True,True,True,0.0,False,True,37.63
1407,70.35,1,drowsy,drowsy,1.0,0.0,1.0,0.0,0.0,0.0,0.509735,0.821517,0.0,0.194095,0.143063,0.166107,0.056422,0.018574,0.032484,True,True,True,0.0,False,True,37.699
1408,70.4,1,drowsy,drowsy,1.0,0.0,1.0,0.0,0.0,0.0,0.447892,0.88854,0.0,0.196724,0.14263,0.166215,0.056734,0.018604,0.032514,True,True,True,0.0,False,True,41.727
1409,70.45,1,drowsy,drowsy,1.0,0.0,1.0,0.0,0.0,0.0,0.297285,0.925015,0.0,0.197962,0.142818,0.166157,0.056742,0.018605,0.032514,True,True,True,0.0,False,True,37.662
1410,70.5,1,drowsy,drowsy,1.0,0.0,1.0,0.0,0.0,0.0,0.120097,0.946291,0.0,0.198315,0.142895,0.165841,0.056743,0.018605,0.032511,True,True,True,0.0,False,True,46.311
1411,70.55,1,drowsy,drowsy,1.0,0.0,1.0,0.0,0.0,0.0,0.284278,0.914901,0.0,0.199516,0.14329,0.165944,0.056754,0.018606,0.032483,True,True,True,0.0,False,True,38.045
1412,70.6,1,drowsy,drowsy,1.0,0.0,1.0,0.0,0.0,0.0,0.50023,0.82311,0.0,0.200865,0.143817,0.16593,0.0565,0.018579,0.032483,True,True,True,0.0,False,True,38.062
1413,70.65,1,drowsy,drowsy,1.0,0.0,1.0,0.0,0.0,0.0,0.530434,0.823457,0.0,0.203922,0.144723,0.165824,0.056834,0.018615,0.032513,True,True,True,0.0,False,True,37.783
1414,70.7,1,drowsy,drowsy,1.0,0.0,1.0,0.0,0.0,0.0,0.439286,0.897214,0.0,0.20587,0.145366,0.166056,0.05685,0.018616,0.032514,True,True,True,0.0,False,True,37.7
1415,70.75,1,drowsy,drowsy,1.0,0.0,1.0,0.0,0.0,0.0,0.271852,0.928907,0.0,0.20697,0.145735,0.16624,0.056856,0.018617,0.032515,True,True,True,0.0,False,True,46.27
1416,70.8,1,drowsy,drowsy,1.0,0.0,1.0,0.0,0.0,0.0,0.101876,0.946093,0.0,0.20719,0.145808,0.166182,0.056857,0.018617,0.032485,True,True,True,0.0,False,True,37.615
1417,70.85,1,drowsy,drowsy,1.0,0.0,1.0,0.0,0.0,0.0,0.047853,0.95347,0.0,0.206361,0.145641,0.166187,0.056561,0.018585,0.032485,True,True,True,0.0,False,True,37.566
1418,70.9,1,drowsy,drowsy,1.0,0.0,1.0,0.0,0.0,0.0,0.415794,0.866661,0.0,0.208824,0.146176,0.166626,0.056881,0.018619,0.032518,True,True,True,0.124869,False,True,37.476
1419,70.95,1,drowsy,drowsy,1.0,0.0,1.0,0.0,0.0,0.0,0.511633,0.817027,0.0,0.210949,0.146249,0.16701,0.056922,0.018622,0.032522,True,True,True,0.0,False,True,37.709
1420,71.0,1,drowsy,drowsy,1.0,0.0,1.0,0.0,0.0,0.0,0.450225,0.883887,0.0,0.212898,0.146187,0.167359,0.056942,0.01862,0.032524,True,True,True,0.0,False,True,46.367
1421,71.05,1,drowsy,drowsy,1.0,0.0,1.0,0.0,0.0,0.0,0.316109,0.918004,0.0,0.21404,0.145894,0.167489,0.056949,0.018616,0.032495,True,True,True,0.0,False,True,37.65
1422,71.1,1,drowsy,drowsy,1.0,0.0,1.0,0.0,0.0,0.0,0.485304,0.848072,0.0,0.215298,0.14641,0.167846,0.056685,0.018588,0.032499,True,True,True,0.0,False,True,38.338
1423,71.15,1,drowsy,drowsy,1.0,0.0,1.0,0.0,0.0,0.0,0.550428,0.802943,0.0,0.217623,0.145852,0.168284,0.057019,0.018619,0.032532,True,True,True,0.076804,False,True,37.925
1424,71.2,1,drowsy,drowsy,1.0,0.0,1.0,0.0,0.0,0.0,0.63152,0.823772,0.0,0.220027,0.146056,0.168736,0.057056,0.018621,0.032536,True,True,True,0.047049,False,True,38.122
1425,71.25,1,drowsy,drowsy,1.0,0.0,1.0,0.0,0.0,0.0,0.721122,0.826123,0.0,0.221101,0.14648,0.169273,0.057062,0.018624,0.03254,True,True,True,0.0,False,True,46.78
1426,71.3,1,drowsy,drowsy,1.0,0.0,1.0,0.0,0.0,0.0,0.782942,0.81306,0.0,0.222191,0.14706,0.169748,0.057062,0.018627,0.032515,True,True,True,0.060782,False,True,37.671
1427,71.35,1,drowsy,drowsy,1.0,0.0,1.0,0.0,0.0,0.0,0.812652,0.798471,0.0,0.224775,0.148014,0.170349,0.056812,0.018601,0.032519,True,True,True,0.0,False,True,37.586
1428,71.4,1,drowsy,drowsy,1.0,0.0,1.0,0.0,0.0,0.0,0.827368,0.784778,0.0,0.223873,0.148808,0.171068,0.057072,0.018637,0.032554,True,True,True,0.0,False,True,37.553
1429,71.45,1,drowsy,drowsy,1.0,0.0,1.0,0.0,0.0,0.0,0.839401,0.770361,0.05,0.225098,0.149835,0.171676,0.057105,0.018643,0.03256,True,True,True,0.0,False,True,37.899
1430,71.5,1,drowsy,drowsy,1.0,0.0,1.0,0.0,0.0,0.0,0.828681,0.751283,0.1,0.22672,0.150838,0.172265,0.057156,0.018649,0.032566,True,True,True,0.0,False,True,46.662
1431,71.55,1,drowsy,drowsy,1.0,0.0,1.0,0.0,0.0,0.0,0.743828,0.801579,0.15,0.229106,0.151752,0.172701,0.057198,0.018654,0.032541,True,True,True,0.0,False,True,37.923
1432,71.6,1,drowsy,drowsy,1.0,0.0,1.0,0.0,0.0,0.0,0.542375,0.880061,0.0,0.23062,0.15237,0.173131,0.056922,0.018625,0.032543,True,True,True,0.0,False,True,38.154
1433,71.65,1,drowsy,drowsy,1.0,0.0,1.0,0.0,0.0,0.0,0.365034,0.920402,0.0,0.233057,0.151712,0.173541,0.088864,0.028961,0.038039,True,True,True,0.0,False,True,38.852
1434,71.7,1,drowsy,drowsy,1.0,0.0,1.0,0.0,0.0,0.0,0.552388,0.85758,0.0,0.235582,0.15193,0.173971,0.091529,0.029816,0.038494,True,True,True,0.0,False,True,38.174
1435,71.75,1,drowsy,drowsy,1.0,0.0,1.0,0.0,0.0,0.0,0.658951,0.819428,0.0,0.238527,0.152593,0.174471,0.094583,0.030794,0.039014,True,True,True,0.0,False,True,46.727
1436,71.8,1,drowsy,drowsy,1.0,0.0,1.0,0.0,0.0,0.0,0.52428,0.864903,0.0,0.240932,0.153293,0.174759,0.097137,0.031615,0.039414,True,True,True,0.0,False,True,37.979
1437,71.85,1,drowsy,drowsy,1.0,0.0,1.0,0.0,0.0,0.0,0.393908,0.912691,0.0,0.241701,0.153687,0.175066,0.098628,0.032209,0.039758,True,True,True,0.0,False,True,38.072
1438,71.9,1,drowsy,drowsy,1.0,0.0,1.0,0.0,0.0,0.0,0.209352,0.935166,0.0,0.243619,0.154155,0.174625,0.099156,0.032266,0.039788,True,True,True,0.0,False,True,37.782
1439,71.95,1,drowsy,drowsy,1.0,0.0,1.0,0.0,0.0,0.0,0.083002,0.94957,0.0,0.243819,0.154227,0.174239,0.099157,0.032266,0.039783,True,True,True,0.0,False,True,37.528
1440,72.0,1,drowsy,drowsy,1.0,0.0,1.0,0.0,0.0,0.0,0.047331,0.95549,0.0,0.243814,0.154241,0.173759,0.099155,0.032266,0.039778,True,True,True,0.0,False,True,46.515
1441,72.05,1,drowsy,drowsy,1.0,0.0,1.0,0.0,0.0,0.0,0.040634,0.955866,0.0,0.243725,0.154244,0.173638,0.099151,0.032266,0.039742,True,True,True,0.0,False,True,37.681
1442,72.1,1,drowsy,drowsy,1.0,0.0,1.0,0.0,0.0,0.0,0.042846,0.953851,0.0,0.24267,0.154053,0.173106,0.098631,0.03221,0.039736,True,True,True,0.0,False,True,37.607
1443,72.15,1,drowsy,drowsy,1.0,0.0,1.0,0.0,0.0,0.0,0.088272,0.944633,0.0,0.243665,0.154332,0.172376,0.099149,0.032266,0.039765,True,True,True,0.0,False,True,37.562
1444,72.2,1,drowsy,drowsy,1.0,0.0,1.0,0.0,0.0,0.0,0.111332,0.943205,0.0,0.243462,0.154459,0.172158,0.099146,0.032266,0.039765,True,True,True,0.0,False,True,37.617
1445,72.25,1,drowsy,drowsy,1.0,0.0,1.0,0.0,0.0,0.0,0.128266,0.944469,0.0,0.24304,0.154616,0.172123,0.099142,0.032267,0.039765,True,True,True,0.0,False,True,46.352
1446,72.3,1,drowsy,drowsy,1.0,0.0,1.0,0.0,0.0,0.0,0.095175,0.949336,0.0,0.242056,0.154714,0.172054,0.09913,0.032267,0.039729,True,True,True,0.0,False,True,38.356
1447,72.35,3,yawning,yawning,0.989128,0.009858,0.000398,0.0,0.989128,0.000616,0.071754,0.952143,0.0,0.241164,0.154572,0.172057,0.09861,0.032212,0.039729,True,True,True,0.0,False,False,37.998
1448,72.4,1,drowsy,drowsy,1.0,0.0,1.0,0.0,0.0,0.0,0.07516,0.950728,0.0,0.239663,0.154842,0.171807,0.099105,0.032267,0.039763,True,True,True,0.0,False,True,38.082
1449,72.45,1,drowsy,drowsy,1.0,0.0,1.0,0.0,0.0,0.0,0.461334,0.861268,0.0,0.240854,0.155521,0.171839,0.099148,0.032272,0.039764,True,True,True,0.0,False,True,38.679
1450,72.5,1,drowsy,drowsy,1.0,0.0,1.0,0.0,0.0,0.0,0.525302,0.808669,0.0,0.242676,0.156264,0.171925,0.099223,0.032281,0.039769,True,True,True,0.0,False,True,46.75
1451,72.55,1,drowsy,drowsy,1.0,0.0,1.0,0.0,0.0,0.0,0.439925,0.894091,0.0,0.244186,0.156927,0.172153,0.09925,0.032284,0.039735,True,True,True,0.0,False,True,38.84
1452,72.6,1,drowsy,drowsy,1.0,0.0,1.0,0.0,0.0,0.0,0.264858,0.927183,0.0,0.244292,0.157107,0.172151,0.098743,0.03223,0.039735,True,True,True,0.0,False,True,38.431
1453,72.65,1,drowsy,drowsy,1.0,0.0,1.0,0.0,0.0,0.0,0.099206,0.945729,0.0,0.244521,0.157424,0.17223,0.099253,0.032286,0.039771,True,True,True,0.0,False,True,38.759
1454,72.7,3,yawning,yawning,0.983688,0.015134,0.000363,0.0,0.983688,0.000815,0.047514,0.952673,0.0,0.243944,0.157444,0.172232,0.099245,0.032286,0.039771,True,True,True,0.0,False,False,37.956
1455,72.75,3,yawning,yawning,0.982268,0.016557,0.000329,0.0,0.982268,0.000846,0.041037,0.954432,0.0,0.243189,0.15745,0.172233,0.099234,0.032286,0.039771,True,True,True,0.0,False,False,46.492
1456,72.8,1,drowsy,drowsy,1.0,0.0,1.0,0.0,0.0,0.0,0.038163,0.953853,0.0,0.24218,0.15745,0.172111,0.09922,0.032286,0.039735,True,True,True,0.0,False,True,37.668
1457,72.85,1,drowsy,drowsy,1.0,0.0,1.0,0.0,0.0,0.0,0.040291,0.953127,0.0,0.24112,0.157249,0.172111,0.098699,0.03223,0.039735,True,True,True,0.0,False,True,37.824
1458,72.9,1,drowsy,drowsy,1.0,0.0,1.0,0.0,0.0,0.0,0.042995,0.951562,0.0,0.239988,0.157458,0.17223,0.09919,0.032286,0.039771,True,True,True,0.0,False,True,37.478
1459,72.95,3,yawning,yawning,0.977881,0.020736,0.000309,0.0,0.977881,0.001075,0.046753,0.950446,0.0,0.239417,0.157466,0.172225,0.099182,0.032286,0.039771,True,True,True,0.0,False,False,37.685
1460,73.0,1,drowsy,drowsy,1.0,0.0,1.0,0.0,0.0,0.0,0.047215,0.950177,0.0,0.239122,0.157472,0.172218,0.099178,0.032286,0.039771,True,True,True,0.0,False,True,46.552
1461,73.05,3,yawning,yawning,0.982657,0.016043,0.000289,0.0,0.982657,0.001011,0.050541,0.950084,0.0,0.238977,0.157488,0.172108,0.099175,0.032286,0.039735,True,True,True,0.0,False,False,37.745
1462,73.1,1,drowsy,drowsy,1.0,0.0,1.0,0.0,0.0,0.0,0.051912,0.950401,0.0,0.237998,0.157307,0.171803,0.098656,0.032231,0.039733,True,True,True,0.0,False,True,37.688
1463,73.15,1,drowsy,drowsy,1.0,0.0,1.0,0.0,0.0,0.0,0.068995,0.947297,0.0,0.238798,0.157556,0.171168,0.099171,0.032287,0.039761,True,True,True,0.0,False,True,38.034
1464,73.2,1,drowsy,drowsy,1.0,0.0,1.0,0.0,0.0,0.0,0.073839,0.947625,0.0,0.238784,0.157614,0.170796,0.099169,0.032287,0.039755,True,True,True,0.0,False,True,37.728
1465,73.25,1,drowsy,drowsy,1.0,0.0,1.0,0.0,0.0,0.0,0.077067,0.94718,0.0,0.238802,0.157679,0.170394,0.099169,0.032287,0.039749,True,True,True,0.0,False,True,46.269
1466,73.3,1,drowsy,drowsy,1.0,0.0,1.0,0.0,0.0,0.0,0.082002,0.946879,0.0,0.238868,0.157753,0.170315,0.099168,0.032287,0.039713,True,True,True,0.0,False,True,37.617
1467,73.35,1,drowsy,drowsy,1.0,0.0,1.0,0.0,0.0,0.0,0.07594,0.948496,0.0,0.238017,0.157614,0.169853,0.09865,0.032232,0.039202,True,True,True,0.0,False,True,37.562
1468,73.4,1,drowsy,drowsy,1.0,0.0,1.0,0.0,0.0,0.0,0.076427,0.948394,0.0,0.238808,0.157875,0.16888,0.099163,0.032288,0.03808,True,True,True,0.0,False,True,37.541
1469,73.45,1,drowsy,drowsy,1.0,0.0,1.0,0.0,0.0,0.0,0.072367,0.949755,0.0,0.238771,0.157932,0.168325,0.09916,0.032288,0.037481,True,True,True,0.0,False,True,37.726
1470,73.5,1,drowsy,drowsy,1.0,0.0,1.0,0.0,0.0,0.0,0.067142,0.949814,0.0,0.238683,0.15798,0.16776,0.099157,0.032288,0.036879,True,True,True,0.0,False,True,46.328
1471,73.55,1,drowsy,drowsy,1.0,0.0,1.0,0.0,0.0,0.0,0.058626,0.950832,0.0,0.238601,0.15738,0.167661,0.099154,0.032283,0.036845,True,True,True,0.0,False,True,37.977
1472,73.6,1,drowsy,drowsy,1.0,0.0,1.0,0.0,0.0,0.0,0.054565,0.950855,0.0,0.237638,0.157204,0.167084,0.098635,0.032228,0.036243,True,True,True,0.0,False,True,37.664
1473,73.65,1,drowsy,drowsy,1.0,0.0,1.0,0.0,0.0,0.0,0.050906,0.951207,0.0,0.238543,0.156035,0.166028,0.099151,0.032273,0.035076,True,True,True,0.0,False,True,37.441
1474,73.7,1,drowsy,drowsy,1.0,0.0,1.0,0.0,0.0,0.0,0.046371,0.951439,0.0,0.238479,0.155618,0.165446,0.099149,0.032271,0.034479,True,True,True,0.0,False,True,37.61
1475,73.75,1,drowsy,drowsy,1.0,0.0,1.0,0.0,0.0,0.0,0.044415,0.951552,0.0,0.238366,0.15548,0.164864,0.099146,0.032271,0.033884,True,True,True,0.0,False,True,46.123
1476,73.8,1,drowsy,drowsy,1.0,0.0,1.0,0.0,0.0,0.0,0.045833,0.9511,0.0,0.238181,0.155452,0.164756,0.099142,0.032271,0.033854,True,True,True,0.0,False,True,37.876
1477,73.85,1,drowsy,drowsy,1.0,0.0,1.0,0.0,0.0,0.0,0.047417,0.950436,0.0,0.237184,0.155267,0.164179,0.098624,0.032216,0.033262,True,True,True,0.0,False,True,37.661
1478,73.9,3,yawning,yawning,0.971438,0.026863,0.000345,0.0,0.971438,0.001355,0.046452,0.950908,0.0,0.235901,0.155444,0.163136,0.09911,0.032271,0.032119,True,True,True,0.0,False,False,37.538
1479,73.95,1,drowsy,drowsy,1.0,0.0,1.0,0.0,0.0,0.0,0.236711,0.922027,0.0,0.235078,0.15573,0.162739,0.099098,0.032272,0.031543,True,True,True,0.0,False,True,37.292
1480,74.0,1,drowsy,drowsy,1.0,0.0,1.0,0.0,0.0,0.0,0.476908,0.852609,0.0,0.235035,0.156353,0.162534,0.099104,0.032278,0.030973,True,True,True,0.0,False,True,46.465
1481,74.05,1,drowsy,drowsy,1.0,0.0,1.0,0.0,0.0,0.0,0.53517,0.80593,0.0,0.235017,0.157039,0.162819,0.099112,0.032286,0.03095,True,True,True,0.0,False,True,37.749
1482,74.1,1,drowsy,drowsy,1.0,0.0,1.0,0.0,0.0,0.0,0.59389,0.817591,0.0,0.23513,0.157682,0.162696,0.099113,0.032239,0.030384,True,True,True,0.0,False,True,37.554
1483,74.15,1,drowsy,drowsy,1.0,0.0,1.0,0.0,0.0,0.0,0.672338,0.818311,0.0,0.235391,0.15875,0.162181,0.099106,0.032301,0.029279,True,True,True,0.0,False,True,37.565
1484,74.2,1,drowsy,drowsy,1.0,0.0,1.0,0.0,0.0,0.0,0.670839,0.835975,0.0,0.235925,0.159676,0.162126,0.099099,0.032307,0.028713,True,True,True,0.0,False,True,37.536
1485,74.25,1,drowsy,drowsy,1.0,0.0,1.0,0.0,0.0,0.0,0.515002,0.884409,0.0,0.236086,0.160403,0.161967,0.0991,0.032311,0.028148,True,True,True,0.0,False,True,46.286
1486,74.3,1,drowsy,drowsy,1.0,0.0,1.0,0.0,0.0,0.0,0.392789,0.917224,0.0,0.236161,0.16094,0.162168,0.099097,0.032312,0.028123,True,True,True,0.0,False,True,37.687
1487,74.35,1,drowsy,drowsy,1.0,0.0,1.0,0.0,0.0,0.0,0.213242,0.939323,0.0,0.236316,0.161029,0.161836,0.099096,0.032258,0.027621,True,True,True,0.0,False,True,37.457
1488,74.4,1,drowsy,drowsy,1.0,0.0,1.0,0.0,0.0,0.0,0.083153,0.952354,0.0,0.236347,0.161244,0.161456,0.099095,0.032312,0.027268,True,True,True,0.0,False,True,37.767
1489,74.45,1,drowsy,drowsy,1.0,0.0,1.0,0.0,0.0,0.0,0.045081,0.956326,0.0,0.236304,0.161004,0.161413,0.099094,0.032311,0.027268,True,True,True,0.0,False,True,37.609
1490,74.5,1,drowsy,drowsy,1.0,0.0,1.0,0.0,0.0,0.0,0.039722,0.956395,0.0,0.23626,0.160356,0.161402,0.099093,0.032306,0.027268,True,True,True,0.0,False,True,47.461
1491,74.55,1,drowsy,drowsy,1.0,0.0,1.0,0.0,0.0,0.0,0.036829,0.955204,0.0,0.236186,0.159776,0.161289,0.099091,0.032303,0.027243,True,True,True,0.0,False,True,37.833
1492,74.6,1,drowsy,drowsy,1.0,0.0,1.0,0.0,0.0,0.0,0.037251,0.953978,0.0,0.236066,0.159566,0.161283,0.099088,0.032248,0.027243,True,True,True,0.0,False,True,37.565
1493,74.65,1,drowsy,drowsy,1.0,0.0,1.0,0.0,0.0,0.0,0.038737,0.952934,0.0,0.235987,0.159329,0.161394,0.099086,0.032301,0.027268,True,True,True,0.0,False,True,37.72
1494,74.7,1,drowsy,drowsy,1.0,0.0,1.0,0.0,0.0,0.0,0.040607,0.951884,0.0,0.235951,0.159302,0.161396,0.099086,0.032301,0.027268,True,True,True,0.0,False,True,37.801
1495,74.75,1,drowsy,drowsy,1.0,0.0,1.0,0.0,0.0,0.0,0.041339,0.951457,0.0,0.235925,0.159301,0.161398,0.099086,0.032301,0.027268,True,True,True,0.0,False,True,46.485
1496,74.8,1,drowsy,drowsy,1.0,0.0,1.0,0.0,0.0,0.0,0.041279,0.951647,0.0,0.235894,0.159305,0.161289,0.099085,0.032301,0.027243,True,True,True,0.0,False,True,37.594
1497,74.85,1,drowsy,drowsy,1.0,0.0,1.0,0.0,0.0,0.0,0.041967,0.951459,0.0,0.235847,0.159104,0.161292,0.099084,0.032246,0.027243,True,True,True,0.0,False,True,37.577
1498,74.9,1,drowsy,drowsy,1.0,0.0,1.0,0.0,0.0,0.0,0.042252,0.951633,0.0,0.2358,0.159305,0.161401,0.099083,0.032302,0.027268,True,True,True,0.0,False,True,37.384
1499,74.95,1,drowsy,drowsy,1.0,0.0,1.0,0.0,0.0,0.0,0.043691,0.951136,0.0,0.235765,0.159309,0.1614,0.099082,0.032302,0.027268,True,True,True,0.0,False,True,37.733
1500,75.0,1,drowsy,drowsy,1.0,0.0,1.0,0.0,0.0,0.0,0.043499,0.951498,0.0,0.23573,0.159311,0.1614,0.099081,0.032302,0.027268,True,True,True,0.0,False,True,46.162
1501,75.05,1,drowsy,drowsy,1.0,0.0,1.0,0.0,0.0,0.0,0.151657,0.931414,0.0,0.236271,0.159498,0.161391,0.099091,0.032303,0.027244,True,True,True,0.0,False,True,37.563
1502,75.1,1,drowsy,drowsy,1.0,0.0,1.0,0.0,0.0,0.0,0.193978,0.930234,0.0,0.237045,0.159556,0.161528,0.099102,0.032249,0.027244,True,True,True,0.0,False,True,37.473
1503,75.15,1,drowsy,drowsy,1.0,0.0,1.0,0.0,0.0,0.0,0.143554,0.937405,0.0,0.237568,0.159916,0.161725,0.09911,0.032305,0.027269,True,True,True,0.0,False,True,37.341
1504,75.2,1,drowsy,drowsy,1.0,0.0,1.0,0.0,0.0,0.0,0.09168,0.944337,0.0,0.237818,0.159993,0.161767,0.099114,0.032305,0.02727,True,True,True,0.0,False,True,37.714
1505,75.25,0,alert,alert,0.94935,0.94935,0.001042,0.0,0.020813,0.028795,0.057672,0.949776,0.0,0.237906,0.160013,0.16178,0.099115,0.032305,0.02727,True,True,True,0.0,False,False,46.027
1506,75.3,1,drowsy,drowsy,1.0,0.0,1.0,0.0,0.0,0.0,0.061978,0.94708,0.0,0.237999,0.160038,0.161691,0.099118,0.032306,0.027245,True,True,True,0.0,False,True,37.579
1507,75.35,1,drowsy,drowsy,1.0,0.0,1.0,0.0,0.0,0.0,0.059156,0.947721,0.0,0.238065,0.159866,0.161707,0.099119,0.03225,0.027245,True,True,True,0.0,False,True,37.576
1508,75.4,0,alert,alert,0.941989,0.941989,0.000513,0.0,0.006361,0.051136,0.050037,0.950187,0.0,0.23808,0.160065,0.161819,0.09912,0.032306,0.02727,True,True,True,0.0,False,False,37.597
1509,75.45,1,drowsy,drowsy,1.0,0.0,1.0,0.0,0.0,0.0,0.057417,0.947079,0.0,0.238124,0.160086,0.161832,0.099121,0.032306,0.02727,True,True,True,0.0,False,True,37.613
1510,75.5,0,alert,alert,0.898608,0.898608,0.000397,0.0,0.00312,0.097875,0.04782,0.948445,0.0,0.238103,0.160088,0.161834,0.099121,0.032306,0.02727,True,True,True,0.0,False,False,46.568
1511,75.55,1,drowsy,drowsy,1.0,0.0,1.0,0.0,0.0,0.0,0.051426,0.948467,0.0,0.238131,0.1601,0.161735,0.099122,0.032306,0.027245,True,True,True,0.0,False,True,38.186
1512,75.6,1,drowsy,drowsy,1.0,0.0,1.0,0.0,0.0,0.0,0.054816,0.94728,0.0,0.238176,0.159921,0.161743,0.099123,0.032251,0.027246,True,True,True,0.0,False,True,38.184
1513,75.65,1,drowsy,drowsy,1.0,0.0,1.0,0.0,0.0,0.0,0.056425,0.947076,0.0,0.238241,0.160157,0.161859,0.099125,0.032307,0.02727,True,True,True,0.0,False,True,37.981
1514,75.7,1,drowsy,drowsy,1.0,0.0,1.0,0.0,0.0,0.0,0.054473,0.947232,0.0,0.238298,0.160184,0.161872,0.099127,0.032307,0.02727,True,True,True,0.0,False,True,37.952
1515,75.75,1,drowsy,drowsy,1.0,0.0,1.0,0.0,0.0,0.0,0.053084,0.947248,0.0,0.238339,0.160208,0.161884,0.099129,0.032307,0.02727,True,True,True,0.0,False,True,46.677
1516,75.8,1,drowsy,drowsy,1.0,0.0,1.0,0.0,0.0,0.0,0.047818,0.948049,0.0,0.238343,0.160225,0.161781,0.09913,0.032307,0.027246,True,True,True,0.0,False,True,38.46
1517,75.85,1,drowsy,drowsy,1.0,0.0,1.0,0.0,0.0,0.0,0.047006,0.949036,0.0,0.23833,0.160032,0.161787,0.099131,0.032252,0.027246,True,True,True,0.0,False,True,37.902
1518,75.9,1,drowsy,drowsy,1.0,0.0,1.0,0.0,0.0,0.0,0.044087,0.949374,0.0,0.238249,0.160248,0.161899,0.09913,0.032307,0.027271,True,True,True,0.0,False,True,37.981
1519,75.95,1,drowsy,drowsy,1.0,0.0,1.0,0.0,0.0,0.0,0.045533,0.948971,0.0,0.238174,0.160252,0.161903,0.09913,0.032308,0.027271,True,True,True,0.0,False,True,38.738
1520,76.0,1,drowsy,drowsy,1.0,0.0,1.0,0.0,0.0,0.0,0.043897,0.950465,0.0,0.238063,0.160246,0.161905,0.099128,0.032308,0.027271,True,True,True,0.0,False,True,47.296
1521,76.05,1,drowsy,drowsy,1.0,0.0,1.0,0.0,0.0,0.0,0.041965,0.950961,0.0,0.237955,0.160229,0.161796,0.099127,0.032308,0.027246,True,True,True,0.0,False,True,37.976
1522,76.1,1,drowsy,drowsy,1.0,0.0,1.0,0.0,0.0,0.0,0.039739,0.951387,0.0,0.237832,0.160023,0.161794,0.099126,0.032252,0.027246,True,True,True,0.0,False,True,37.636
1523,76.15,1,drowsy,drowsy,1.0,0.0,1.0,0.0,0.0,0.0,0.039622,0.9515,0.0,0.237694,0.1596,0.161474,0.099124,0.032304,0.027269,True,True,True,0.0,False,True,37.521
1524,76.2,1,drowsy,drowsy,1.0,0.0,1.0,0.0,0.0,0.0,0.03915,0.951095,0.0,0.237556,0.158917,0.16117,0.099123,0.0323,0.027268,True,True,True,0.0,False,True,37.602
1525,76.25,1,drowsy,drowsy,1.0,0.0,1.0,0.0,0.0,0.0,0.040442,0.950772,0.0,0.237414,0.158303,0.160972,0.099122,0.032297,0.027267,True,True,True,0.0,False,True,46.255
1526,76.3,1,drowsy,drowsy,1.0,0.0,1.0,0.0,0.0,0.0,0.040869,0.950608,0.0,0.237236,0.157955,0.160864,0.09912,0.032296,0.027243,True,True,True,0.0,False,True,37.558
1527,76.35,1,drowsy,drowsy,1.0,0.0,1.0,0.0,0.0,0.0,0.043391,0.950275,0.0,0.23704,0.15776,0.160798,0.099117,0.032241,0.027243,True,True,True,0.0,False,True,37.61
1528,76.4,1,drowsy,drowsy,1.0,0.0,1.0,0.0,0.0,0.0,0.042008,0.950617,0.0,0.236774,0.157849,0.160892,0.099112,0.032296,0.027268,True,True,True,0.0,False,True,37.927
1529,76.45,1,drowsy,drowsy,1.0,0.0,1.0,0.0,0.0,0.0,0.043445,0.950604,0.0,0.236408,0.157856,0.160895,0.099105,0.032296,0.027268,True,True,True,0.0,False,True,37.622
1530,76.5,1,drowsy,drowsy,1.0,0.0,1.0,0.0,0.0,0.0,0.046093,0.950194,0.0,0.236132,0.157872,0.160901,0.0991,0.032296,0.027268,True,True,True,0.0,False,True,46.579
1531,76.55,1,drowsy,drowsy,1.0,0.0,1.0,0.0,0.0,0.0,0.044021,0.95036,0.0,0.235975,0.157874,0.160796,0.099098,0.032296,0.027243,True,True,True,0.0,False,True,37.635
1532,76.6,1,drowsy,drowsy,1.0,0.0,1.0,0.0,0.0,0.0,0.041986,0.951124,0.0,0.235884,0.157676,0.160797,0.099097,0.032241,0.027243,True,True,True,0.0,False,True,37.411
1533,76.65,0,alert,alert,0.976361,0.976361,0.000247,0.0,0.001795,0.021598,0.04149,0.950957,0.0,0.235807,0.157874,0.160886,0.099096,0.032296,0.027268,True,True,True,0.0,False,False,37.415
1534,76.7,1,drowsy,drowsy,1.0,0.0,1.0,0.0,0.0,0.0,0.042087,0.95069,0.0,0.235709,0.157871,0.160823,0.099095,0.032296,0.027267,True,True,True,0.018188,False,True,37.666
1535,76.75,1,drowsy,drowsy,1.0,0.0,1.0,0.0,0.0,0.0,0.042915,0.950717,0.0,0.234477,0.157867,0.160484,0.099074,0.032296,0.027266,True,True,True,0.0,False,True,46.367
1536,76.8,1,drowsy,drowsy,1.0,0.0,1.0,0.0,0.0,0.0,0.042606,0.950652,0.0,0.232274,0.157859,0.160378,0.099006,0.032296,0.027241,True,True,True,0.0,False,True,37.522
1537,76.85,1,drowsy,drowsy,1.0,0.0,1.0,0.0,0.0,0.0,0.04334,0.950336,0.0,0.229928,0.157663,0.159997,0.098922,0.032241,0.027238,True,True,True,0.0,False,True,37.563
1538,76.9,1,drowsy,drowsy,1.0,0.0,1.0,0.0,0.0,0.0,0.044768,0.949491,0.0,0.227624,0.157843,0.15935,0.098858,0.032296,0.027258,True,True,True,0.0,False,True,37.652
1539,76.95,0,alert,alert,0.917767,0.917767,0.000286,0.0,0.002418,0.079529,0.053745,0.946041,0.0,0.225444,0.157851,0.159057,0.098814,0.032297,0.027257,True,True,True,0.0,False,False,37.822
1540,77.0,4,distraction,distracted,0.592882,0.404778,0.000426,0.0,0.001913,0.592882,0.143122,0.0,0.0,0.224272,0.158041,0.159008,0.099294,0.032352,0.027281,True,True,True,0.0,False,False,42.788
1541,77.05,4,distraction,distracted,0.889193,0.109886,0.000264,0.0,0.000657,0.889193,0.207334,0.0,0.0,0.223277,0.158227,0.159008,0.099787,0.032408,0.027281,True,True,True,0.0,False,False,23.071
1542,77.1,4,distraction,distracted,0.954051,0.04543,0.000189,0.0,0.000329,0.954051,0.239932,0.0,0.0,0.222895,0.158227,0.159077,0.100301,0.032408,0.027306,True,True,True,0.38623,False,False,22.733
1543,77.15,1,drowsy,drowsy,1.0,0.0,1.0,0.0,0.0,0.0,0.254745,0.0,0.0,0.223278,0.158601,0.159288,0.10083,0.032519,0.027356,True,True,True,0.38623,False,True,22.754
1544,77.2,4,distraction,distracted,0.947018,0.052515,0.000186,0.0,0.000281,0.947018,0.262197,0.0,0.0,0.224084,0.15879,0.159399,0.101372,0.032575,0.027381,True,True,True,0.503418,False,False,34.125
1545,77.25,1,drowsy,drowsy,1.0,0.0,1.0,0.0,0.0,0.0,0.265927,0.0,0.0,0.225026,0.158978,0.15951,0.101921,0.032632,0.027406,True,True,True,0.578491,False,True,42.919
1546,77.3,1,drowsy,drowsy,1.0,0.0,1.0,0.0,0.0,0.0,0.267111,0.0,0.0,0.22598,0.159172,0.15951,0.102476,0.032688,0.027406,True,True,True,0.657227,False,True,34.22
1547,77.35,1,drowsy,drowsy,1.0,0.0,1.0,0.0,0.0,0.0,0.266623,0.0,0.0,0.226902,0.159172,0.15962,0.103035,0.032688,0.02743,True,True,True,0.657227,False,True,34.16
1548,77.4,1,drowsy,drowsy,1.0,0.0,1.0,0.0,0.0,0.0,0.265261,0.0,0.0,0.227815,0.159571,0.159838,0.1036,0.032802,0.02748,True,True,True,0.0,False,True,22.819
1549,77.45,1,drowsy,drowsy,1.0,0.0,1.0,0.0,0.0,0.0,0.263614,0.0,0.0,0.228762,0.159772,0.159947,0.104171,0.032859,0.027506,True,True,True,0.0,False,True,22.963
1550,77.5,1,drowsy,drowsy,1.0,0.0,1.0,0.0,0.0,0.0,0.262037,0.0,0.0,0.22969,0.159972,0.160054,0.104749,0.032917,0.027531,True,True,True,0.0,False,True,32.098
1551,77.55,4,distraction,distracted,0.923626,0.075907,0.000209,0.0,0.000259,0.923626,0.2607,0.0,0.0,0.230614,0.160177,0.160054,0.105333,0.032974,0.027531,True,True,True,0.0,False,False,22.827
1552,77.6,1,drowsy,drowsy,1.0,0.0,1.0,0.0,0.0,0.0,0.259654,0.0,0.0,0.231474,0.160177,0.160155,0.105922,0.032974,0.027556,True,True,True,0.0,False,True,22.586
1553,77.65,4,distraction,distracted,0.948384,0.051196,0.000195,0.0,0.000225,0.948384,0.258885,0.0,0.0,0.232329,0.160588,0.160364,0.106518,0.03309,0.027606,True,True,True,0.0,False,False,22.473
1554,77.7,4,distraction,distracted,0.960718,0.038895,0.000182,0.0,0.000205,0.960718,0.258347,0.0,0.0,0.233265,0.160787,0.160472,0.107122,0.033148,0.027631,True,True,True,0.0,False,False,22.388
1555,77.75,1,drowsy,drowsy,1.0,0.0,1.0,0.0,0.0,0.0,0.257989,0.0,0.0,0.234263,0.160987,0.160581,0.107733,0.033206,0.027657,True,True,True,0.0,False,True,28.311
1556,77.8,1,drowsy,drowsy,1.0,0.0,1.0,0.0,0.0,0.0,0.257759,0.0,0.0,0.235166,0.161184,0.160581,0.10835,0.033265,0.027657,True,True,True,0.0,False,True,29.162
1557,77.85,1,drowsy,drowsy,1.0,0.0,1.0,0.0,0.0,0.0,0.257615,0.0,0.0,0.235741,0.161184,0.160688,0.108968,0.033265,0.027682,True,True,True,0.0,False,True,28.716
1558,77.9,4,distraction,distracted,0.966217,0.033407,0.000179,0.0,0.000196,0.966217,0.257526,0.0,0.0,0.234566,0.161584,0.160901,0.109547,0.033383,0.027733,True,True,True,0.0,False,False,29.004
1559,77.95,1,drowsy,drowsy,1.0,0.0,1.0,0.0,0.0,0.0,0.25747,0.0,0.0,0.233162,0.161792,0.161006,0.110106,0.033442,0.027758,True,True,True,0.0,False,True,28.83
1560,78.0,1,drowsy,drowsy,1.0,0.0,1.0,0.0,0.0,0.0,0.25743,0.0,0.0,0.231657,0.162006,0.161109,0.110669,0.033501,0.027784,True,True,True,0.0,False,True,28.415
1561,78.05,1,drowsy,drowsy,1.0,0.0,1.0,0.0,0.0,0.0,0.257399,0.0,0.0,0.230116,0.162219,0.161109,0.111244,0.033561,0.027784,True,True,True,0.0,False,True,28.027
1562,78.1,1,drowsy,drowsy,1.0,0.0,1.0,0.0,0.0,0.0,0.25737,0.0,0.0,0.228543,0.162219,0.161215,0.111828,0.033561,0.027809,True,True,True,0.0,False,True,28.578
1563,78.15,1,drowsy,drowsy,1.0,0.0,1.0,0.0,0.0,0.0,0.257342,0.0,0.0,0.226939,0.162629,0.161425,0.112416,0.033681,0.027861,True,True,True,0.0,False,True,28.201
1564,78.2,1,drowsy,drowsy,1.0,0.0,1.0,0.0,0.0,0.0,0.257313,0.0,0.0,0.225325,0.162808,0.161529,0.113013,0.033741,0.027886,True,True,True,0.0,False,True,28.102
1565,78.25,1,drowsy,drowsy,1.0,0.0,1.0,0.0,0.0,0.0,0.257284,0.0,0.0,0.223669,0.162977,0.16163,0.113603,0.033801,0.027912,True,True,True,0.0,False,True,28.176
1566,78.3,1,drowsy,drowsy,1.0,0.0,1.0,0.0,0.0,0.0,0.257255,0.0,0.0,0.221861,0.163114,0.16163,0.114187,0.033861,0.027912,True,True,True,0.0,False,True,28.014
1567,78.35,1,drowsy,drowsy,1.0,0.0,1.0,0.0,0.0,0.0,0.257227,0.0,0.0,0.219675,0.163114,0.16173,0.111453,0.033861,0.027938,True,True,True,0.0,False,True,27.962
1568,78.4,1,drowsy,drowsy,1.0,0.0,1.0,0.0,0.0,0.0,0.2572,0.0,0.0,0.217055,0.163371,0.161848,0.108282,0.033982,0.027989,True,True,True,0.0,False,True,27.964
1569,78.45,1,drowsy,drowsy,1.0,0.0,1.0,0.0,0.0,0.0,0.257174,0.0,0.0,0.214322,0.163471,0.161845,0.104994,0.034043,0.028015,True,True,True,0.0,False,True,28.352
1570,78.5,4,distraction,distracted,0.969902,0.029729,0.000175,0.0,0.000194,0.969902,0.257151,0.0,0.0,0.211402,0.163564,0.161737,0.101524,0.034104,0.02804,True,True,True,0.0,False,False,28.321
1571,78.55,1,drowsy,drowsy,1.0,0.0,1.0,0.0,0.0,0.0,0.257129,0.0,0.0,0.208467,0.163659,0.161737,0.09804,0.034165,0.02804,True,True,True,0.0,False,True,27.987
1572,78.6,1,drowsy,drowsy,1.0,0.0,1.0,0.0,0.0,0.0,0.257109,0.0,0.0,0.205487,0.163659,0.161606,0.094512,0.034165,0.028065,True,True,True,0.0,False,True,28.136
1573,78.65,1,drowsy,drowsy,1.0,0.0,1.0,0.0,0.0,0.0,0.257092,0.0,0.0,0.202421,0.163981,0.161196,0.090889,0.034289,0.028114,True,True,True,0.0,False,True,28.313
1574,78.7,1,drowsy,drowsy,1.0,0.0,1.0,0.0,0.0,0.0,0.257076,0.0,0.0,0.199344,0.164112,0.161,0.087254,0.034351,0.028139,True,True,True,0.0,False,True,28.038
1575,78.75,1,drowsy,drowsy,1.0,0.0,1.0,0.0,0.0,0.0,0.257061,0.0,0.0,0.196243,0.163941,0.160898,0.083605,0.034412,0.028164,True,True,True,0.0,False,True,28.171
1576,78.8,1,drowsy,drowsy,1.0,0.0,1.0,0.0,0.0,0.0,0.257049,0.0,0.0,0.193084,0.163632,0.160898,0.079895,0.034472,0.028164,True,True,True,0.0,False,True,28.068
1577,78.85,1,drowsy,drowsy,1.0,0.0,1.0,0.0,0.0,0.0,0.257038,0.0,0.0,0.18995,0.163632,0.160622,0.076209,0.034472,0.028188,True,True,True,0.0,False,True,27.995
1578,78.9,1,drowsy,drowsy,1.0,0.0,1.0,0.0,0.0,0.0,0.257028,0.0,0.0,0.186894,0.162712,0.159996,0.072598,0.034591,0.028232,True,True,True,0.0,False,True,28.073
1579,78.95,1,drowsy,drowsy,1.0,0.0,1.0,0.0,0.0,0.0,0.25702,0.0,0.0,0.183832,0.162554,0.159689,0.06898,0.034653,0.028256,True,True,True,0.0,False,True,28.033
1580,79.0,1,drowsy,drowsy,1.0,0.0,1.0,0.0,0.0,0.0,0.257013,0.0,0.0,0.180758,0.162668,0.159439,0.065351,0.034716,0.028281,True,True,True,0.0,False,True,28.258
1581,79.05,1,drowsy,drowsy,1.0,0.0,1.0,0.0,0.0,0.0,0.257006,0.0,0.0,0.177676,0.162882,0.159439,0.061699,0.034781,0.028281,True,True,True,0.0,False,True,28.06
1582,79.1,1,drowsy,drowsy,1.0,0.0,1.0,0.0,0.0,0.0,0.257001,0.0,0.0,0.174588,0.162882,0.159325,0.05803,0.034781,0.028307,True,True,True,0.0,False,True,28.128
1583,79.15,1,drowsy,drowsy,1.0,0.0,1.0,0.0,0.0,0.0,0.256996,0.0,0.0,0.172246,0.163343,0.159477,0.055017,0.03491,0.02836,True,True,True,0.0,False,True,27.977
1584,79.2,1,drowsy,drowsy,1.0,0.0,1.0,0.0,0.0,0.0,0.256992,0.0,0.0,0.170694,0.163574,0.159588,0.052739,0.034975,0.028387,True,True,True,0.0,False,True,28.129
1585,79.25,1,drowsy,drowsy,1.0,0.0,1.0,0.0,0.0,0.0,0.256988,0.0,0.0,0.170389,0.163802,0.159703,0.053083,0.03504,0.028414,True,True,True,0.0,False,True,28.104
1586,79.3,1,drowsy,drowsy,1.0,0.0,1.0,0.0,0.0,0.0,0.256985,0.0,0.0,0.17098,0.164028,0.159703,0.053438,0.035105,0.028414,True,True,True,0.0,False,True,27.983
1587,79.35,1,drowsy,drowsy,1.0,0.0,1.0,0.0,0.0,0.0,0.256982,0.0,0.0,0.171806,0.164028,0.159819,0.053801,0.035105,0.02844,True,True,True,0.0,False,True,27.963
1588,79.4,1,drowsy,drowsy,1.0,0.0,1.0,0.0,0.0,0.0,0.25698,0.0,0.0,0.172695,0.164484,0.160048,0.05417,0.035237,0.028494,True,True,True,0.0,False,True,27.805
1589,79.45,1,drowsy,drowsy,1.0,0.0,1.0,0.0,0.0,0.0,0.256978,0.0,0.0,0.173622,0.164712,0.160161,0.054543,0.035303,0.028521,True,True,True,0.0,False,True,28.01
1590,79.5,1,drowsy,drowsy,1.0,0.0,1.0,0.0,0.0,0.0,0.256976,0.0,0.0,0.174572,0.164939,0.160272,0.054922,0.035369,0.028548,True,True,True,0.0,False,True,28.14
1591,79.55,1,drowsy,drowsy,1.0,0.0,1.0,0.0,0.0,0.0,0.256975,0.0,0.0,0.175538,0.165173,0.160272,0.055305,0.035435,0.028548,True,True,True,0.0,False,True,27.947
1592,79.6,1,drowsy,drowsy,1.0,0.0,1.0,0.0,0.0,0.0,0.256974,0.0,0.0,0.176514,0.165173,0.160382,0.055694,0.035435,0.028575,True,True,True,0.0,False,True,27.835
1593,79.65,1,drowsy,drowsy,1.0,0.0,1.0,0.0,0.0,0.0,0.256972,0.0,0.0,0.177496,0.165638,0.160608,0.056088,0.035569,0.028629,True,True,True,0.0,False,True,28.153
1594,79.7,1,drowsy,drowsy,1.0,0.0,1.0,0.0,0.0,0.0,0.256972,0.0,0.0,0.178492,0.165872,0.16072,0.056488,0.035637,0.028656,True,True,True,0.0,False,True,27.88
1595,79.75,1,drowsy,drowsy,1.0,0.0,1.0,0.0,0.0,0.0,0.256971,0.0,0.0,0.179505,0.166109,0.160832,0.056893,0.035704,0.028684,True,True,True,0.0,False,True,28.065
1596,79.8,1,drowsy,drowsy,1.0,0.0,1.0,0.0,0.0,0.0,0.25697,0.0,0.0,0.180533,0.166346,0.160832,0.057304,0.035772,0.028684,True,True,True,0.0,False,True,28.198
1597,79.85,1,drowsy,drowsy,1.0,0.0,1.0,0.0,0.0,0.0,0.256969,0.0,0.0,0.181575,0.166346,0.160945,0.057721,0.035772,0.028711,True,True,True,0.0,False,True,28.181
1598,79.9,1,drowsy,drowsy,1.0,0.0,1.0,0.0,0.0,0.0,0.256969,0.0,0.0,0.182632,0.166802,0.161174,0.058145,0.035908,0.028766,True,True,True,0.0,False,True,27.881
1599,79.95,4,distraction,distracted,0.793169,0.206048,0.000342,0.0,0.000441,0.793169,0.101166,0.937016,0.0,0.183106,0.166905,0.161233,0.058152,0.035909,0.028766,True,True,True,0.0,False,False,45.996
1600,80.0,1,drowsy,drowsy,1.0,0.0,1.0,0.0,0.0,0.0,0.052178,0.947553,0.0,0.18322,0.166915,0.161241,0.058154,0.035909,0.028766,True,True,True,0.0,False,True,45.88
1601,80.05,1,drowsy,drowsy,1.0,0.0,1.0,0.0,0.0,0.0,0.042297,0.951253,0.0,0.183245,0.166902,0.161127,0.058155,0.035909,0.028739,True,True,True,0.0,False,True,37.059
1602,80.1,1,drowsy,drowsy,1.0,0.0,1.0,0.0,0.0,0.0,0.039338,0.952718,0.0,0.183253,0.166659,0.161119,0.058155,0.035841,0.028739,True,True,True,0.0,False,True,37.144
1603,80.15,1,drowsy,drowsy,1.0,0.0,1.0,0.0,0.0,0.0,0.037745,0.952016,0.0,0.183247,0.166858,0.16122,0.058155,0.035909,0.028766,True,True,True,0.0,False,True,37.197
1604,80.2,1,drowsy,drowsy,1.0,0.0,1.0,0.0,0.0,0.0,0.039146,0.95173,0.0,0.183249,0.166847,0.161217,0.058155,0.035909,0.028766,True,True,True,0.0,False,True,37.456
1605,80.25,1,drowsy,drowsy,1.0,0.0,1.0,0.0,0.0,0.0,0.039908,0.951786,0.0,0.183249,0.166839,0.161217,0.058156,0.035909,0.028766,True,True,True,0.0,False,True,46.353
1606,80.3,1,drowsy,drowsy,1.0,0.0,1.0,0.0,0.0,0.0,0.039462,0.951944,0.0,0.180683,0.16683,0.161101,0.058118,0.035909,0.028739,True,True,True,0.0,False,True,37.672
1607,80.35,1,drowsy,drowsy,1.0,0.0,1.0,0.0,0.0,0.0,0.04007,0.951448,0.0,0.177578,0.166589,0.161096,0.05806,0.03584,0.028739,True,True,True,0.0,False,True,37.377
1608,80.4,1,drowsy,drowsy,1.0,0.0,1.0,0.0,0.0,0.0,0.038046,0.952277,0.0,0.174713,0.166801,0.161195,0.058031,0.035909,0.028766,True,True,True,0.0,False,True,37.32
1609,80.45,1,drowsy,drowsy,1.0,0.0,1.0,0.0,0.0,0.0,0.03927,0.951866,0.0,0.172853,0.166789,0.161184,0.058019,0.035909,0.028766,True,True,True,0.0,False,True,37.364
1610,80.5,0,alert,alert,0.949823,0.949823,0.000178,0.0,0.001106,0.048893,0.040183,0.950799,0.0,0.172267,0.166785,0.161176,0.058017,0.035909,0.028766,True,True,True,0.0,False,False,46.152
1611,80.55,0,alert,alert,0.947504,0.947504,0.00017,0.0,0.001233,0.051092,0.042411,0.95056,0.0,0.170533,0.166777,0.161063,0.058001,0.035909,0.028739,True,True,True,0.0,False,False,37.56
1612,80.6,0,alert,alert,0.939369,0.939369,0.000169,0.0,0.001382,0.059079,0.039454,0.951018,0.0,0.167496,0.166535,0.161058,0.057945,0.035841,0.028739,True,True,True,0.0,False,False,37.669
1613,80.65,0,alert,alert,0.943238,0.943238,0.000164,0.0,0.001519,0.055079,0.04115,0.950673,0.0,0.164286,0.166751,0.161157,0.057888,0.035909,0.028766,True,True,True,0.0,False,False,37.26
1614,80.7,0,alert,alert,0.942225,0.942225,0.000162,0.0,0.001627,0.055987,0.041709,0.950254,0.0,0.161505,0.166698,0.161155,0.057865,0.035909,0.028766,True,True,True,0.0,False,False,37.447
1615,80.75,0,alert,alert,0.946489,0.946489,0.000152,0.0,0.001689,0.05167,0.040231,0.951191,0.0,0.159837,0.166635,0.16115,0.057855,0.035908,0.028766,True,True,True,0.0,False,False,47.583
1616,80.8,0,alert,alert,0.945723,0.945723,0.00015,0.0,0.001898,0.052228,0.039346,0.951459,0.0,0.159379,0.166611,0.161034,0.057852,0.035908,0.028738,True,True,True,0.0,False,False,38.809
1617,80.85,0,alert,alert,0.947395,0.947395,0.000148,0.0,0.001827,0.05063,0.040646,0.951221,0.0,0.159328,0.166371,0.161027,0.057853,0.03584,0.028738,True,True,True,0.0,False,False,38.615
1618,80.9,0,alert,alert,0.947896,0.947896,0.000148,0.0,0.001749,0.050208,0.041032,0.950729,0.0,0.156767,0.166606,0.161122,0.057816,0.035908,0.028766,True,True,True,0.0,False,False,37.447
1619,80.95,0,alert,alert,0.944309,0.944309,0.000153,0.0,0.001802,0.053737,0.039498,0.951175,0.0,0.153698,0.166608,0.161103,0.057757,0.035909,0.028766,True,True,True,0.0,False,False,37.687
1620,81.0,1,drowsy,drowsy,1.0,0.0,1.0,0.0,0.0,0.0,0.041425,0.950262,0.0,0.150881,0.166615,0.161085,0.057728,0.035909,0.028766,True,True,True,0.0,False,True,47.035
1621,81.05,0,alert,alert,0.948641,0.948641,0.000154,0.0,0.001739,0.049466,0.038344,0.951177,0.0,0.148905,0.166617,0.160969,0.057713,0.035909,0.028738,True,True,True,0.0,False,False,38.405
1622,81.1,1,drowsy,drowsy,1.0,0.0,1.0,0.0,0.0,0.0,0.037903,0.951863,0.0,0.145921,0.166372,0.160946,0.057667,0.03584,0.028738,True,True,True,0.0,False,True,37.845
1623,81.15,0,alert,alert,0.947472,0.947472,0.000159,0.0,0.001659,0.05071,0.040638,0.952402,0.0,0.142681,0.166628,0.161021,0.057601,0.035909,0.028765,True,True,True,0.0,False,False,38.043
1624,81.2,1,drowsy,drowsy,1.0,0.0,1.0,0.0,0.0,0.0,0.048778,0.949952,0.0,0.138935,0.166652,0.161005,0.053584,0.035909,0.028765,True,True,True,0.0,False,True,38.207
1625,81.25,0,alert,alert,0.942208,0.942208,0.000171,0.0,0.001804,0.055817,0.048556,0.950948,0.0,0.134621,0.166676,0.160974,0.049001,0.035909,0.028765,True,True,True,0.0,False,False,47.135
1626,81.3,1,drowsy,drowsy,1.0,0.0,1.0,0.0,0.0,0.0,0.052589,0.949487,0.0,0.130023,0.166708,0.160871,0.044111,0.035909,0.028738,True,True,True,0.0,False,True,37.915
1627,81.35,1,drowsy,drowsy,1.0,0.0,1.0,0.0,0.0,0.0,0.051187,0.951092,0.0,0.125315,0.166488,0.160839,0.039134,0.035841,0.028738,True,True,True,0.0,False,True,37.724
1628,81.4,1,drowsy,drowsy,1.0,0.0,1.0,0.0,0.0,0.0,0.051417,0.950894,0.0,0.120605,0.166766,0.160853,0.034161,0.035909,0.028765,True,True,True,0.0,False,True,37.43
1629,81.45,1,drowsy,drowsy,1.0,0.0,1.0,0.0,0.0,0.0,0.049139,0.950519,0.0,0.115898,0.166788,0.160781,0.029218,0.035909,0.028764,True,True,True,0.0,False,True,37.508
1630,81.5,1,drowsy,drowsy,1.0,0.0,1.0,0.0,0.0,0.0,0.047775,0.950766,0.0,0.111359,0.166805,0.160747,0.024467,0.03591,0.028764,True,True,True,0.0,False,True,46.36
1631,81.55,1,drowsy,drowsy,1.0,0.0,1.0,0.0,0.0,0.0,0.052956,0.949042,0.0,0.107112,0.166834,0.160645,0.019937,0.03591,0.028737,True,True,True,0.0,False,True,37.567
1632,81.6,1,drowsy,drowsy,1.0,0.0,1.0,0.0,0.0,0.0,0.14132,0.0,0.0,0.1042,0.166834,0.160738,0.016442,0.03591,0.028764,True,True,True,0.0,False,True,34.219
1633,81.65,1,drowsy,drowsy,1.0,0.0,1.0,0.0,0.0,0.0,0.204442,0.0,0.0,0.102362,0.16732,0.16094,0.013985,0.036047,0.028819,True,True,True,1.0,False,True,34.34
1634,81.7,0,alert,alert,0.938212,0.938212,0.000184,0.0,0.001942,0.059662,0.092435,0.94305,0.0,0.099337,0.167422,0.160786,0.010352,0.036048,0.028818,True,True,True,1.0,False,False,37.83
1635,81.75,1,drowsy,drowsy,1.0,0.0,1.0,0.0,0.0,0.0,0.068656,0.948918,0.0,0.09561,0.16747,0.160421,0.006214,0.036048,0.028815,True,True,True,1.0,False,True,47.505
1636,81.8,1,drowsy,drowsy,1.0,0.0,1.0,0.0,0.0,0.0,0.303541,0.893752,0.0,0.094197,0.167949,0.16055,0.002747,0.036052,0.028789,True,True,True,0.0,False,True,38.131
1637,81.85,1,drowsy,drowsy,1.0,0.0,1.0,0.0,0.0,0.0,0.161509,0.932852,0.0,0.092586,0.167937,0.160247,0.0,0.035985,0.028785,True,True,True,0.0,False,True,37.686
1638,81.9,1,drowsy,drowsy,1.0,0.0,1.0,0.0,0.0,0.0,0.32933,0.90522,0.0,0.09339,0.168705,0.15979,0.0,0.036057,0.028807,True,True,True,0.0,False,True,37.791
1639,81.95,1,drowsy,drowsy,1.0,0.0,1.0,0.0,0.0,0.0,0.488578,0.847233,0.0,0.096026,0.169489,0.159796,0.0,0.036064,0.028808,True,True,True,0.0,False,True,37.964
1640,82.0,1,drowsy,drowsy,1.0,0.0,1.0,0.0,0.0,0.0,0.529781,0.810748,0.0,0.099075,0.170317,0.159859,0.0,0.036074,0.02881,True,True,True,0.0,False,True,46.436
1641,82.05,1,drowsy,drowsy,1.0,0.0,1.0,0.0,0.0,0.0,0.468351,0.888112,0.0,0.102015,0.171093,0.160134,0.0,0.036079,0.028784,True,True,True,0.0,False,True,37.49
1642,82.1,0,alert,alert,0.961326,0.961326,0.000207,0.0,0.001295,0.037172,0.339877,0.923563,0.0,0.104131,0.171406,0.16015,0.0,0.036012,0.028784,True,True,True,0.0,False,False,37.43
1643,82.15,1,drowsy,drowsy,1.0,0.0,1.0,0.0,0.0,0.0,0.385398,0.899911,0.0,0.106186,0.172287,0.160412,0.0,0.036084,0.028813,True,True,True,0.0,False,True,37.839
1644,82.2,0,alert,alert,0.960704,0.960704,0.000214,0.0,0.001925,0.037157,0.481084,0.857237,0.0,0.108614,0.173074,0.160788,0.0,0.036091,0.028815,True,True,True,0.0,False,False,37.435
1645,82.25,0,alert,alert,0.968732,0.968732,0.000201,0.0,0.002266,0.0288,0.372224,0.913487,0.0,0.110319,0.173686,0.161086,0.0,0.036094,0.028817,True,True,True,0.0,False,False,46.251
1646,82.3,1,drowsy,drowsy,1.0,0.0,1.0,0.0,0.0,0.0,0.182469,0.941259,0.0,0.11095,0.173945,0.161106,0.0,0.036095,0.028789,True,True,True,0.0,False,True,37.704
1647,82.35,1,drowsy,drowsy,1.0,0.0,1.0,0.0,0.0,0.0,0.075414,0.95327,0.0,0.110977,0.173756,0.161126,0.0,0.036025,0.028789,True,True,True,0.0,False,True,37.398
1648,82.4,1,drowsy,drowsy,1.0,0.0,1.0,0.0,0.0,0.0,0.048807,0.955466,0.0,0.110782,0.174014,0.161202,0.0,0.036094,0.028816,True,True,True,0.0,False,True,37.325
1649,82.45,1,drowsy,drowsy,1.0,0.0,1.0,0.0,0.0,0.0,0.063612,0.950485,0.0,0.108124,0.174053,0.161208,0.0,0.036094,0.028816,True,True,True,0.0,False,True,37.513
1650,82.5,1,drowsy,drowsy,1.0,0.0,1.0,0.0,0.0,0.0,0.055087,0.951052,0.0,0.105154,0.174077,0.161202,0.0,0.036094,0.028816,True,True,True,0.0,False,True,46.522
1651,82.55,1,drowsy,drowsy,1.0,0.0,1.0,0.0,0.0,0.0,0.063425,0.948693,0.0,0.102559,0.174095,0.161109,0.0,0.036094,0.028789,True,True,True,0.0,False,True,37.522
1652,82.6,1,drowsy,drowsy,1.0,0.0,1.0,0.0,0.0,0.0,0.448489,0.873531,0.0,0.103721,0.174576,0.161447,0.0,0.036031,0.028791,True,True,True,0.0,False,True,37.291
1653,82.65,1,drowsy,drowsy,1.0,0.0,1.0,0.0,0.0,0.0,0.519152,0.820521,0.0,0.106367,0.175587,0.161902,0.0,0.036109,0.028822,True,True,True,0.0,False,True,37.542
1654,82.7,1,drowsy,drowsy,1.0,0.0,1.0,0.0,0.0,0.0,0.462134,0.88691,0.0,0.109217,0.176289,0.16226,0.0,0.036113,0.028824,True,True,True,0.0,False,True,37.419
1655,82.75,1,drowsy,drowsy,1.0,0.0,1.0,0.0,0.0,0.0,0.337541,0.920532,0.0,0.111329,0.176791,0.162477,0.0,0.036115,0.028824,True,True,True,0.10421,False,True,46.28
1656,82.8,1,drowsy,drowsy,1.0,0.0,1.0,0.0,0.0,0.0,0.160332,0.942847,0.0,0.112219,0.176926,0.162475,0.0,0.036115,0.028797,True,True,True,0.106117,False,True,37.666
1657,82.85,1,drowsy,drowsy,1.0,0.0,1.0,0.0,0.0,0.0,0.062311,0.952764,0.0,0.11238,0.176706,0.162433,0.0,0.036046,0.028797,True,True,True,0.106117,False,True,37.428
1658,82.9,1,drowsy,drowsy,1.0,0.0,1.0,0.0,0.0,0.0,0.042453,0.955283,0.0,0.112374,0.176888,0.161782,0.0,0.036115,0.028819,True,True,True,0.0,False,True,37.425
1659,82.95,1,drowsy,drowsy,1.0,0.0,1.0,0.0,0.0,0.0,0.038861,0.954463,0.0,0.112314,0.176478,0.161362,0.0,0.036113,0.028815,True,True,True,0.0,False,True,37.716
1660,83.0,1,drowsy,drowsy,1.0,0.0,1.0,0.0,0.0,0.0,0.037158,0.954391,0.0,0.112238,0.175671,0.160931,0.0,0.036105,0.028812,True,True,True,0.0,False,True,46.917
1661,83.05,1,drowsy,drowsy,1.0,0.0,1.0,0.0,0.0,0.0,0.036286,0.95323,0.0,0.112133,0.174897,0.160812,0.0,0.036099,0.028784,True,True,True,0.567762,False,True,37.612
1662,83.1,1,drowsy,drowsy,1.0,0.0,1.0,0.0,0.0,0.0,0.037759,0.951898,0.0,0.112029,0.174635,0.160381,0.0,0.03603,0.028781,True,True,True,0.567762,False,True,37.349
1663,83.15,1,drowsy,drowsy,1.0,0.0,1.0,0.0,0.0,0.0,0.039902,0.951,0.0,0.111815,0.174108,0.159632,0.0,0.036095,0.028802,True,True,True,0.0,False,True,37.402
1664,83.2,1,drowsy,drowsy,1.0,0.0,1.0,0.0,0.0,0.0,0.040349,0.951814,0.0,0.111569,0.174057,0.15921,0.0,0.036095,0.028798,True,True,True,0.0,False,True,37.402
1665,83.25,1,drowsy,drowsy,1.0,0.0,1.0,0.0,0.0,0.0,0.043618,0.950164,0.0,0.111325,0.173345,0.158771,0.0,0.03609,0.028794,True,True,True,0.0,False,True,46.149
1666,83.3,1,drowsy,drowsy,1.0,0.0,1.0,0.0,0.0,0.0,0.041579,0.950105,0.0,0.11103,0.172537,0.158659,0.0,0.03608,0.028767,True,True,True,0.0,False,True,37.494
1667,83.35,1,drowsy,drowsy,1.0,0.0,1.0,0.0,0.0,0.0,0.042739,0.950287,0.0,0.110787,0.172289,0.158184,0.0,0.036011,0.02827,True,True,True,0.0,False,True,37.575
1668,83.4,1,drowsy,drowsy,1.0,0.0,1.0,0.0,0.0,0.0,0.044014,0.94951,0.0,0.110551,0.171234,0.157164,0.0,0.036073,0.027125,True,True,True,0.0,False,True,37.302
1669,83.45,1,drowsy,drowsy,1.0,0.0,1.0,0.0,0.0,0.0,0.045673,0.948001,0.0,0.110357,0.171037,0.156562,0.0,0.036072,0.026501,True,True,True,0.0,False,True,37.465
1670,83.5,1,drowsy,drowsy,1.0,0.0,1.0,0.0,0.0,0.0,0.049365,0.946564,0.0,0.110229,0.171011,0.155959,0.0,0.036073,0.025876,True,True,True,0.0,False,True,46.107
1671,83.55,1,drowsy,drowsy,1.0,0.0,1.0,0.0,0.0,0.0,0.054733,0.945149,0.0,0.110203,0.171036,0.155864,0.0,0.036073,0.025852,True,True,True,0.0,False,True,37.904
1672,83.6,1,drowsy,drowsy,1.0,0.0,1.0,0.0,0.0,0.0,0.046349,0.947932,0.0,0.110145,0.170798,0.155261,0.0,0.036005,0.02523,True,True,True,0.0,False,True,38.527
1673,83.65,1,drowsy,drowsy,1.0,0.0,1.0,0.0,0.0,0.0,0.051285,0.947791,0.0,0.110149,0.171077,0.154153,0.0,0.036074,0.024002,True,True,True,0.0,False,True,38.071
1674,83.7,1,drowsy,drowsy,1.0,0.0,1.0,0.0,0.0,0.0,0.061024,0.943823,0.0,0.110259,0.171116,0.153581,0.0,0.036075,0.023399,True,True,True,0.0,False,True,38.012
1675,83.75,1,drowsy,drowsy,1.0,0.0,1.0,0.0,0.0,0.0,0.057439,0.944109,0.0,0.110357,0.171145,0.152991,0.0,0.036075,0.022782,True,True,True,0.0,False,True,46.418
1676,83.8,1,drowsy,drowsy,1.0,0.0,1.0,0.0,0.0,0.0,0.060494,0.943748,0.0,0.110467,0.17118,0.152904,0.0,0.036076,0.02276,True,True,True,0.0,False,True,37.765
1677,83.85,1,drowsy,drowsy,1.0,0.0,1.0,0.0,0.0,0.0,0.063379,0.944336,0.0,0.110585,0.170976,0.15232,0.0,0.036008,0.022145,True,True,True,0.0,False,True,37.302
1678,83.9,1,drowsy,drowsy,1.0,0.0,1.0,0.0,0.0,0.0,0.063564,0.944244,0.0,0.110712,0.171266,0.151272,0.0,0.036077,0.020971,True,True,True,0.0,False,True,37.817
1679,83.95,1,drowsy,drowsy,1.0,0.0,1.0,0.0,0.0,0.0,0.063165,0.943428,0.0,0.109477,0.171308,0.150714,0.0,0.036078,0.020384,True,True,True,0.0,False,True,37.412
1680,84.0,1,drowsy,drowsy,1.0,0.0,1.0,0.0,0.0,0.0,0.065208,0.944016,0.0,0.106755,0.171348,0.150155,0.0,0.036078,0.019795,True,True,True,0.0,False,True,46.344
1681,84.05,1,drowsy,drowsy,1.0,0.0,1.0,0.0,0.0,0.0,0.06168,0.94604,0.0,0.103784,0.171365,0.150072,0.0,0.036078,0.019776,True,True,True,0.0,False,True,37.383
1682,84.1,1,drowsy,drowsy,1.0,0.0,1.0,0.0,0.0,0.0,0.048139,0.948685,0.0,0.100314,0.17113,0.149505,0.0,0.03601,0.019194,True,True,True,0.0,False,True,37.195
1683,84.15,1,drowsy,drowsy,1.0,0.0,1.0,0.0,0.0,0.0,0.050822,0.947547,0.0,0.096378,0.171356,0.148662,0.0,0.036079,0.018215,True,True,True,0.0,False,True,37.555
1684,84.2,1,drowsy,drowsy,1.0,0.0,1.0,0.0,0.0,0.0,0.099038,0.935445,0.0,0.092729,0.171431,0.148443,0.0,0.03608,0.017906,True,True,True,0.0,False,True,37.634
1685,84.25,1,drowsy,drowsy,1.0,0.0,1.0,0.0,0.0,0.0,0.43231,0.883466,0.0,0.092168,0.172121,0.1487,0.0,0.036085,0.017907,True,True,True,0.0,False,True,46.694
1686,84.3,1,drowsy,drowsy,1.0,0.0,1.0,0.0,0.0,0.0,0.515616,0.818096,0.0,0.092708,0.172927,0.149,0.0,0.036094,0.017893,True,True,True,0.0,False,True,37.583
1687,84.35,1,drowsy,drowsy,1.0,0.0,1.0,0.0,0.0,0.0,0.542666,0.811523,0.0,0.094635,0.17353,0.149406,0.0,0.036035,0.017895,True,True,True,1.0,False,True,37.296
1688,84.4,1,drowsy,drowsy,1.0,0.0,1.0,0.0,0.0,0.0,0.537856,0.859276,0.0,0.097635,0.174663,0.149942,0.0,0.036111,0.017914,True,True,True,1.0,False,True,37.264
1689,84.45,1,drowsy,drowsy,1.0,0.0,1.0,0.0,0.0,0.0,0.564716,0.870786,0.0,0.101136,0.175593,0.150411,0.0,0.036117,0.017916,True,True,True,1.0,False,True,37.412
1690,84.5,1,drowsy,drowsy,1.0,0.0,1.0,0.0,0.0,0.0,0.522744,0.888341,0.0,0.104458,0.176232,0.15085,0.0,0.03612,0.017917,True,True,True,1.0,False,True,46.503
1691,84.55,1,drowsy,drowsy,1.0,0.0,1.0,0.0,0.0,0.0,0.493338,0.900336,0.0,0.107638,0.176298,0.151158,0.0,0.036116,0.017901,True,True,True,0.0,False,True,37.542
1692,84.6,1,drowsy,drowsy,1.0,0.0,1.0,0.0,0.0,0.0,0.442033,0.915985,0.0,0.110503,0.176788,0.151534,0.0,0.036049,0.017901,True,True,True,0.0,False,True,37.983
1693,84.65,1,drowsy,drowsy,1.0,0.0,1.0,0.0,0.0,0.0,0.31894,0.933769,0.0,0.112521,0.175748,0.151908,0.0,0.036101,0.017919,True,True,True,0.0,False,True,38.035
1694,84.7,1,drowsy,drowsy,1.0,0.0,1.0,0.0,0.0,0.0,0.188145,0.942107,0.0,0.113593,0.174907,0.152051,0.0,0.036092,0.017919,True,True,True,0.0,False,True,37.928
1695,84.75,1,drowsy,drowsy,1.0,0.0,1.0,0.0,0.0,0.0,0.084089,0.94943,0.0,0.113905,0.173809,0.152097,0.0,0.036082,0.017919,True,True,True,0.0,False,True,47.165
1696,84.8,1,drowsy,drowsy,1.0,0.0,1.0,0.0,0.0,0.0,0.047935,0.953831,0.0,0.113953,0.172915,0.151997,0.0,0.036077,0.017902,True,True,True,0.0,False,True,38.013
1697,84.85,1,drowsy,drowsy,1.0,0.0,1.0,0.0,0.0,0.0,0.04481,0.953408,0.0,0.113972,0.17267,0.152004,0.0,0.036007,0.017902,True,True,True,0.0,False,True,37.998
1698,84.9,1,drowsy,drowsy,1.0,0.0,1.0,0.0,0.0,0.0,0.052287,0.950794,0.0,0.114046,0.171967,0.152127,0.0,0.036073,0.017919,True,True,True,0.0,False,True,38.654
1699,84.95,1,drowsy,drowsy,1.0,0.0,1.0,0.0,0.0,0.0,0.059993,0.947917,0.0,0.114166,0.171926,0.152149,0.0,0.036073,0.017919,True,True,True,0.0,False,True,37.994
1700,85.0,1,drowsy,drowsy,1.0,0.0,1.0,0.0,0.0,0.0,0.057907,0.948738,0.0,0.114273,0.17195,0.152167,0.0,0.036074,0.017919,True,True,True,0.0,False,True,47.373
1701,85.05,1,drowsy,drowsy,1.0,0.0,1.0,0.0,0.0,0.0,0.049894,0.949298,0.0,0.113537,0.17197,0.15207,0.0,0.036074,0.017902,True,True,True,0.0,False,True,38.199
1702,85.1,1,drowsy,drowsy,1.0,0.0,1.0,0.0,0.0,0.0,0.052701,0.948256,0.0,0.11252,0.171743,0.152083,0.0,0.036006,0.017902,True,True,True,0.0,False,True,37.903
1703,85.15,1,drowsy,drowsy,1.0,0.0,1.0,0.0,0.0,0.0,0.059943,0.945008,0.0,0.111916,0.172026,0.152211,0.0,0.036075,0.017919,True,True,True,0.0,False,True,37.718
1704,85.2,1,drowsy,drowsy,1.0,0.0,1.0,0.0,0.0,0.0,0.056242,0.946138,0.0,0.111658,0.172044,0.152227,0.0,0.036075,0.01792,True,True,True,0.0,False,True,38.112
1705,85.25,1,drowsy,drowsy,1.0,0.0,1.0,0.0,0.0,0.0,0.074295,0.94415,0.0,0.111781,0.172098,0.152033,0.0,0.036076,0.017919,True,True,True,0.0,False,True,46.614
1706,85.3,1,drowsy,drowsy,1.0,0.0,1.0,0.0,0.0,0.0,0.414872,0.888175,0.0,0.114209,0.172774,0.152267,0.0,0.03608,0.017903,True,True,True,0.0,False,True,37.39
1707,85.35,1,drowsy,drowsy,1.0,0.0,1.0,0.0,0.0,0.0,0.505421,0.837732,0.0,0.117127,0.173334,0.152277,0.0,0.03602,0.017903,True,True,True,0.0,False,True,37.457
1708,85.4,1,drowsy,drowsy,1.0,0.0,1.0,0.0,0.0,0.0,0.476637,0.881912,0.0,0.120053,0.17435,0.152019,0.0,0.036094,0.017919,True,True,True,0.0,False,True,37.432
1709,85.45,1,drowsy,drowsy,1.0,0.0,1.0,0.0,0.0,0.0,0.391521,0.908827,0.0,0.122406,0.174987,0.152165,0.0,0.036097,0.017919,True,True,True,0.0,False,True,37.275
1710,85.5,1,drowsy,drowsy,1.0,0.0,1.0,0.0,0.0,0.0,0.190648,0.935292,0.0,0.12344,0.17526,0.152031,0.0,0.036098,0.017919,True,True,True,0.0,False,True,46.451
1711,85.55,1,drowsy,drowsy,1.0,0.0,1.0,0.0,0.0,0.0,0.091085,0.946603,0.0,0.12373,0.175342,0.151973,0.0,0.036098,0.017902,True,True,True,0.0,False,True,37.535
1712,85.6,1,drowsy,drowsy,1.0,0.0,1.0,0.0,0.0,0.0,0.053509,0.952164,0.0,0.123718,0.175109,0.151587,0.0,0.036029,0.0179,True,True,True,0.0,False,True,37.271
1713,85.65,1,drowsy,drowsy,1.0,0.0,1.0,0.0,0.0,0.0,0.046919,0.952866,0.0,0.123645,0.175341,0.150887,0.0,0.036098,0.017913,True,True,True,0.0,False,True,37.647
1714,85.7,1,drowsy,drowsy,1.0,0.0,1.0,0.0,0.0,0.0,0.044641,0.952383,0.0,0.12357,0.175333,0.150595,0.0,0.036097,0.017912,True,True,True,0.0,False,True,37.527
1715,85.75,1,drowsy,drowsy,1.0,0.0,1.0,0.0,0.0,0.0,0.047356,0.951701,0.0,0.123526,0.175324,0.15048,0.0,0.036097,0.017912,True,True,True,0.0,False,True,46.134
1716,85.8,1,drowsy,drowsy,1.0,0.0,1.0,0.0,0.0,0.0,0.055269,0.949558,0.0,0.12358,0.175325,0.15039,0.0,0.036097,0.017895,True,True,True,0.0,False,True,37.444
1717,85.85,1,drowsy,drowsy,1.0,0.0,1.0,0.0,0.0,0.0,0.056471,0.948827,0.0,0.123649,0.175098,0.150381,0.0,0.036028,0.017895,True,True,True,0.0,False,True,37.485
1718,85.9,1,drowsy,drowsy,1.0,0.0,1.0,0.0,0.0,0.0,0.091757,0.943227,0.0,0.123998,0.175419,0.149955,0.0,0.036098,0.01791,True,True,True,0.0,False,True,37.191
1719,85.95,1,drowsy,drowsy,1.0,0.0,1.0,0.0,0.0,0.0,0.402802,0.896765,0.0,0.126493,0.176064,0.149898,0.0,0.036102,0.017909,True,True,True,1.0,False,True,37.613
1720,86.0,1,drowsy,drowsy,1.0,0.0,1.0,0.0,0.0,0.0,0.503742,0.840968,0.0,0.129539,0.176854,0.149988,0.0,0.036109,0.01791,True,True,True,1.0,False,True,46.488
1721,86.05,1,drowsy,drowsy,1.0,0.0,1.0,0.0,0.0,0.0,0.535117,0.816995,0.0,0.132734,0.177677,0.150302,0.0,0.036119,0.017896,True,True,True,0.0,False,True,37.504
1722,86.1,0,alert,alert,0.973392,0.973392,0.000713,0.0,0.004544,0.021351,0.516242,0.850779,0.0,0.135932,0.178256,0.150472,0.0,0.036057,0.017897,True,True,True,0.0,False,False,37.131
1723,86.15,0,alert,alert,0.976626,0.976626,0.000668,0.0,0.006263,0.016443,0.487664,0.882039,0.0,0.139032,0.178581,0.150147,0.0,0.036125,0.01791,True,True,True,0.0,False,False,37.575
1724,86.2,1,drowsy,drowsy,1.0,0.0,1.0,0.0,0.0,0.0,0.446797,0.903465,0.0,0.141911,0.178511,0.15,0.0,0.036119,0.017909,True,True,True,0.0,False,True,37.463
1725,86.25,1,drowsy,drowsy,1.0,0.0,1.0,0.0,0.0,0.0,0.374711,0.916465,0.0,0.144303,0.178252,0.14972,0.0,0.03611,0.017908,True,True,True,0.121724,False,True,46.25
1726,86.3,1,drowsy,drowsy,1.0,0.0,1.0,0.0,0.0,0.0,0.2603,0.928226,0.0,0.145893,0.177659,0.149823,0.0,0.036101,0.017891,True,True,True,0.0,False,True,37.435
1727,86.35,1,drowsy,drowsy,1.0,0.0,1.0,0.0,0.0,0.0,0.152361,0.939231,0.0,0.146692,0.177611,0.149306,0.0,0.036033,0.017889,True,True,True,0.0,False,True,37.443
1728,86.4,1,drowsy,drowsy,1.0,0.0,1.0,0.0,0.0,0.0,0.085469,0.947711,0.0,0.147013,0.175617,0.148185,0.0,0.036079,0.0179,True,True,True,0.413716,False,True,37.259
1729,86.45,1,drowsy,drowsy,1.0,0.0,1.0,0.0,0.0,0.0,0.078515,0.9457,0.0,0.147273,0.174466,0.14759,0.0,0.036066,0.017897,True,True,True,0.520832,False,True,37.463
1730,86.5,1,drowsy,drowsy,1.0,0.0,1.0,0.0,0.0,0.0,0.188578,0.928122,0.0,0.148311,0.173523,0.147117,0.0,0.036053,0.017894,True,True,True,0.553791,False,True,46.207
1731,86.55,1,drowsy,drowsy,1.0,0.0,1.0,0.0,0.0,0.0,0.164229,0.938594,0.0,0.149192,0.172531,0.147133,0.0,0.036041,0.017877,True,True,True,0.562947,False,True,37.591
1732,86.6,1,drowsy,drowsy,1.0,0.0,1.0,0.0,0.0,0.0,0.453064,0.87901,0.0,0.152045,0.173026,0.147003,0.0,0.035978,0.017876,True,True,True,0.562947,False,True,37.43
1733,86.65,0,alert,alert,0.982575,0.982575,0.000284,0.0,0.00468,0.012462,0.479906,0.87541,0.0,0.155077,0.172203,0.14698,0.0,0.036039,0.017894,True,True,True,0.562947,False,False,37.278
1734,86.7,1,drowsy,drowsy,1.0,0.0,1.0,0.0,0.0,0.0,0.441581,0.895919,0.0,0.157894,0.172426,0.146946,0.0,0.036041,0.017893,True,True,True,0.0,False,True,37.422
1735,86.75,1,drowsy,drowsy,1.0,0.0,1.0,0.0,0.0,0.0,0.299976,0.925478,0.0,0.159757,0.172736,0.146743,0.0,0.036042,0.017891,True,True,True,0.0,False,True,47.124
1736,86.8,1,drowsy,drowsy,1.0,0.0,1.0,0.0,0.0,0.0,0.130602,0.943862,0.0,0.160406,0.172878,0.146728,0.0,0.036043,0.017874,True,True,True,0.0,False,True,38.102
1737,86.85,0,alert,alert,0.984763,0.984763,0.000181,0.0,0.001969,0.013086,0.061331,0.951575,0.0,0.160537,0.172665,0.146347,0.0,0.035974,0.017873,True,True,True,0.057731,False,False,37.986
1738,86.9,0,alert,alert,0.983768,0.983768,0.000172,0.0,0.001962,0.014097,0.045172,0.954197,0.0,0.160536,0.172923,0.146021,0.0,0.036044,0.017889,True,True,True,0.069027,False,False,37.807
1739,86.95,0,alert,alert,0.982642,0.982642,0.000166,0.0,0.001747,0.015445,0.042118,0.953658,0.0,0.160444,0.172917,0.145996,0.0,0.036044,0.017889,True,True,True,0.0,False,False,37.542
1740,87.0,0,alert,alert,0.983905,0.983905,0.000155,0.0,0.001547,0.014393,0.039264,0.953007,0.0,0.159557,0.172901,0.145991,0.0,0.036044,0.017889,True,True,True,0.0,False,False,46.344
1741,87.05,0,alert,alert,0.983534,0.983534,0.000156,0.0,0.001364,0.014945,0.038329,0.952356,0.0,0.158676,0.172872,0.145888,0.0,0.036043,0.017872,True,True,True,0.277625,False,False,37.549
1742,87.1,0,alert,alert,0.982897,0.982897,0.000158,0.0,0.001199,0.015746,0.040269,0.951164,0.0,0.157824,0.172619,0.145888,0.0,0.035975,0.017872,True,True,True,0.0,False,False,37.802
1743,87.15,0,alert,alert,0.983598,0.983598,0.000153,0.0,0.001181,0.015068,0.041587,0.951068,0.0,0.156993,0.172811,0.1459,0.0,0.036043,0.017889,True,True,True,0.0,False,False,37.809
1744,87.2,0,alert,alert,0.98283,0.98283,0.000163,0.0,0.00105,0.015957,0.038641,0.951352,0.0,0.156153,0.172769,0.145778,0.0,0.036043,0.017889,True,True,True,0.0,False,False,37.63
1745,87.25,0,alert,alert,0.981574,0.981574,0.000173,0.0,0.000993,0.01726,0.037431,0.951215,0.0,0.155316,0.172726,0.145705,0.0,0.036043,0.017889,True,True,True,0.404829,False,False,46.408
1746,87.3,0,alert,alert,0.981278,0.981278,0.000181,0.0,0.000948,0.017593,0.037948,0.951612,0.0,0.154494,0.172691,0.145602,0.0,0.036043,0.017872,True,True,True,0.468056,False,False,37.54
1747,87.35,0,alert,alert,0.980227,0.980227,0.000186,0.0,0.000927,0.01866,0.03859,0.951189,0.0,0.153689,0.172435,0.145553,0.0,0.035974,0.017872,True,True,True,0.468056,False,False,37.494
1748,87.4,0,alert,alert,0.98076,0.98076,0.000181,0.0,0.000898,0.01816,0.037151,0.952122,0.0,0.152884,0.172641,0.14525,0.0,0.036043,0.017887,True,True,True,0.0,False,False,37.795
1749,87.45,0,alert,alert,0.981426,0.981426,0.000174,0.0,0.000906,0.017494,0.036343,0.9525,0.0,0.152084,0.172599,0.144844,0.0,0.036043,0.017885,True,True,True,0.0,False,False,37.485
1750,87.5,0,alert,alert,0.979334,0.979334,0.000179,0.0,0.000922,0.019566,0.036363,0.952493,0.0,0.151295,0.172552,0.144445,0.0,0.036043,0.017883,True,True,True,0.0,False,False,46.605
1751,87.55,0,alert,alert,0.978036,0.978036,0.000182,0.0,0.000892,0.020891,0.036218,0.952453,0.0,0.150516,0.172501,0.144343,0.0,0.036042,0.017866,True,True,True,0.0,False,False,37.578
1752,87.6,0,alert,alert,0.978662,0.978662,0.000178,0.0,0.000902,0.020258,0.035963,0.9525,0.0,0.149745,0.17224,0.14403,0.0,0.035973,0.017866,True,True,True,0.0,False,False,37.383
1753,87.65,0,alert,alert,0.979363,0.979363,0.000177,0.0,0.000921,0.019539,0.036055,0.952404,0.0,0.148986,0.172405,0.143962,0.0,0.036042,0.017882,True,True,True,0.0,False,False,37.769
1754,87.7,0,alert,alert,0.979779,0.979779,0.000178,0.0,0.000932,0.019111,0.03593,0.952197,0.0,0.148236,0.172355,0.143954,0.0,0.036041,0.017882,True,True,True,0.0,False,False,37.668
1755,87.75,0,alert,alert,0.979502,0.979502,0.000182,0.0,0.000928,0.019389,0.035989,0.952878,0.0,0.147495,0.172314,0.143951,0.0,0.036041,0.017882,True,True,True,0.0,False,False,46.248
1756,87.8,0,alert,alert,0.979227,0.979227,0.000193,0.0,0.000926,0.019653,0.037409,0.952911,0.0,0.146774,0.172284,0.14385,0.0,0.036041,0.017865,True,True,True,0.0,False,False,37.238
1757,87.85,0,alert,alert,0.979331,0.979331,0.000202,0.0,0.000938,0.019529,0.037899,0.953077,0.0,0.146065,0.172027,0.14385,0.0,0.035972,0.017865,True,True,True,0.0,False,False,37.49
1758,87.9,0,alert,alert,0.979854,0.979854,0.000207,0.0,0.000964,0.018975,0.038265,0.952392,0.0,0.145368,0.172222,0.14394,0.0,0.036041,0.017882,True,True,True,0.0,False,False,37.396
1759,87.95,0,alert,alert,0.98118,0.98118,0.000206,0.0,0.001008,0.017606,0.040214,0.951967,0.0,0.144693,0.17218,0.143933,0.0,0.036041,0.017882,True,True,True,0.0,False,False,37.71
1760,88.0,0,alert,alert,0.982284,0.982284,0.000208,0.0,0.001072,0.016436,0.043103,0.951434,0.0,0.144046,0.172137,0.143929,0.0,0.036041,0.017882,True,True,True,0.0,False,False,46.457
1761,88.05,0,alert,alert,0.983183,0.983183,0.000206,0.0,0.001065,0.015546,0.041357,0.951969,0.0,0.143395,0.172087,0.143832,0.0,0.03604,0.017865,True,True,True,0.0,False,False,37.455
1762,88.1,0,alert,alert,0.982628,0.982628,0.000206,0.0,0.001155,0.016012,0.040498,0.952436,0.0,0.142746,0.171835,0.143822,0.0,0.035971,0.017865,True,True,True,0.0,False,False,37.796
1763,88.15,0,alert,alert,0.982289,0.982289,0.000205,0.0,0.001171,0.016335,0.042676,0.952032,0.0,0.14212,0.172013,0.143878,0.0,0.03604,0.017882,True,True,True,0.0,False,False,37.362
1764,88.2,0,alert,alert,0.983541,0.983541,0.000193,0.0,0.001179,0.015086,0.04048,0.952651,0.0,0.141487,0.171875,0.143851,0.0,0.036039,0.017882,True,True,True,0.0,False,False,37.208
1765,88.25,0,alert,alert,0.98444,0.98444,0.000188,0.0,0.001159,0.014212,0.039277,0.952758,0.0,0.140855,0.171176,0.143813,0.0,0.036034,0.017882,True,True,True,0.0,False,False,46.519
1766,88.3,0,alert,alert,0.984036,0.984036,0.000189,0.0,0.001208,0.014567,0.039365,0.952931,0.0,0.140231,0.170364,0.143713,0.0,0.036025,0.017865,True,True,True,0.742207,False,False,37.424
1767,88.35,0,alert,alert,0.983464,0.983464,0.000189,0.0,0.001232,0.015114,0.039585,0.952699,0.0,0.139616,0.170114,0.143666,0.0,0.035956,0.017865,True,True,True,0.691414,False,False,37.448
1768,88.4,0,alert,alert,0.983027,0.983027,0.000187,0.0,0.001215,0.015571,0.041162,0.952329,0.0,0.139018,0.168655,0.143696,0.0,0.036002,0.017882,True,True,True,0.609292,False,False,37.453
1769,88.45,0,alert,alert,0.982976,0.982976,0.000188,0.0,0.001137,0.0157,0.041746,0.952083,0.0,0.138431,0.167683,0.143668,0.0,0.035991,0.017882,True,True,True,0.399825,False,False,37.308
1770,88.5,0,alert,alert,0.983644,0.983644,0.000184,0.0,0.001144,0.015028,0.040742,0.952675,0.0,0.137845,0.166782,0.143639,0.0,0.03598,0.017882,True,True,True,0.399825,False,False,46.248
1771,88.55,0,alert,alert,0.983101,0.983101,0.000199,0.0,0.001175,0.015526,0.12316,0.936487,0.0,0.137759,0.16612,0.14362,0.0,0.035975,0.017865,True,True,True,0.497764,False,False,37.618
1772,88.6,0,alert,alert,0.979918,0.979918,0.000261,0.0,0.001298,0.018523,0.468647,0.856937,0.0,0.139525,0.16664,0.143978,0.0,0.035913,0.017867,True,True,True,0.497764,False,False,37.499
1773,88.65,0,alert,alert,0.979664,0.979664,0.000347,0.0,0.001535,0.018454,0.514792,0.820203,0.0,0.141432,0.166692,0.144458,0.0,0.035986,0.017886,True,True,True,0.0,False,False,37.742
1774,88.7,0,alert,alert,0.984371,0.984371,0.000303,0.0,0.00177,0.013557,0.445741,0.892058,0.0,0.143105,0.167343,0.14482,0.0,0.03599,0.017887,True,True,True,0.0,False,False,37.26
1775,88.75,0,alert,alert,0.9857,0.9857,0.000272,0.0,0.002097,0.011931,0.292599,0.921114,0.0,0.143949,0.167804,0.145052,0.0,0.035992,0.017888,True,True,True,0.0,False,False,46.459
1776,88.8,0,alert,alert,0.986653,0.986653,0.000243,0.0,0.00222,0.010884,0.123632,0.94273,0.0,0.143832,0.167965,0.145032,0.0,0.035993,0.017871,True,True,True,0.0,False,False,37.843
1777,88.85,0,alert,alert,0.987126,0.987126,0.000238,0.0,0.002001,0.010636,0.069964,0.950253,0.0,0.143407,0.167779,0.145054,0.0,0.035925,0.017871,True,True,True,0.0,False,False,37.895
1778,88.9,0,alert,alert,0.988034,0.988034,0.000222,0.0,0.001778,0.009967,0.050638,0.951432,0.0,0.142875,0.168036,0.145136,0.0,0.035993,0.017888,True,True,True,0.0,False,False,37.9
1779,88.95,0,alert,alert,0.989044,0.989044,0.000211,0.0,0.001747,0.008997,0.055762,0.951211,0.0,0.142379,0.16806,0.144949,0.0,0.035993,0.017887,True,True,True,0.0,False,False,37.631
1780,89.0,0,alert,alert,0.989308,0.989308,0.000212,0.0,0.001807,0.008673,0.068322,0.949299,0.0,0.141961,0.168101,0.144588,0.0,0.035994,0.017885,True,True,True,0.0,False,False,46.519
1781,89.05,0,alert,alert,0.988853,0.988853,0.000215,0.0,0.002023,0.008909,0.070723,0.949,0.0,0.14156,0.168138,0.144518,0.0,0.035994,0.017868,True,True,True,0.0,False,False,38.411
1782,89.1,0,alert,alert,0.988625,0.988625,0.000218,0.0,0.002036,0.009121,0.081208,0.946657,0.0,0.141224,0.167973,0.144139,0.0,0.035925,0.017866,True,True,True,0.0,False,False,38.43
1783,89.15,0,alert,alert,0.988508,0.988508,0.000229,0.0,0.002136,0.009126,0.07069,0.946284,0.0,0.140833,0.16823,0.143262,0.0,0.035994,0.017878,True,True,True,0.0,False,False,38.226
1784,89.2,0,alert,alert,0.988539,0.988539,0.00024,0.0,0.002203,0.009018,0.069791,0.945419,0.0,0.140442,0.168265,0.14286,0.0,0.035995,0.017877,True,True,True,0.0,False,False,38.025
1785,89.25,0,alert,alert,0.988417,0.988417,0.000241,0.0,0.00267,0.008673,0.065302,0.945311,0.0,0.140031,0.168282,0.142547,0.0,0.035995,0.017876,True,True,True,0.0,False,False,190.317
1786,89.3,0,alert,alert,0.988051,0.988051,0.00024,0.0,0.003327,0.008382,0.065099,0.944766,0.0,0.139623,0.16829,0.142475,0.0,0.035995,0.017859,True,True,True,0.0,False,False,38.597
1787,89.35,0,alert,alert,0.987863,0.987863,0.000237,0.0,0.003656,0.008244,0.059514,0.945436,0.0,0.139189,0.168084,0.142318,0.0,0.035927,0.017859,True,True,True,0.0,False,False,38.2
1788,89.4,0,alert,alert,0.987583,0.987583,0.000235,0.0,0.003993,0.008189,0.057011,0.945663,0.0,0.138746,0.168278,0.142377,0.0,0.035996,0.017876,True,True,True,0.0,False,False,37.789
1789,89.45,0,alert,alert,0.987748,0.987748,0.000233,0.0,0.003948,0.008071,0.061812,0.944804,0.0,0.138334,0.168274,0.142399,0.0,0.035996,0.017877,True,True,True,0.0,False,False,37.633
1790,89.5,0,alert,alert,0.987414,0.987414,0.00025,0.0,0.003686,0.00865,0.176912,0.926854,0.0,0.138536,0.168497,0.142531,0.0,0.035998,0.017877,True,True,True,0.0,False,False,46.607
1791,89.55,0,alert,alert,0.986246,0.986246,0.000303,0.0,0.003552,0.009898,0.458549,0.869192,0.0,0.140096,0.169215,0.142805,0.0,0.036003,0.017862,True,True,True,0.0,False,False,37.616
1792,89.6,0,alert,alert,0.985905,0.985905,0.000305,0.0,0.003658,0.010132,0.421292,0.888871,0.0,0.141492,0.169665,0.143151,0.0,0.035939,0.017863,True,True,True,0.0,False,False,37.431
1793,89.65,0,alert,alert,0.985857,0.985857,0.000281,0.0,0.003758,0.010104,0.27404,0.919593,0.0,0.142169,0.170292,0.143467,0.0,0.03601,0.01788,True,True,True,0.0,False,False,37.344
1794,89.7,0,alert,alert,0.984341,0.984341,0.000262,0.0,0.004399,0.010998,0.119373,0.940094,0.0,0.14205,0.170414,0.143541,0.0,0.036011,0.01788,True,True,True,0.339895,False,False,37.432
1795,89.75,0,alert,alert,0.984276,0.984276,0.000226,0.0,0.003742,0.011756,0.056082,0.951095,0.0,0.141601,0.170405,0.143554,0.0,0.036011,0.01788,True,True,True,0.339895,False,False,46.287
1796,89.8,0,alert,alert,0.98397,0.98397,0.000199,0.0,0.003254,0.012578,0.041301,0.953804,0.0,0.141078,0.170347,0.143457,0.0,0.03601,0.017863,True,True,True,0.334156,False,False,37.331
1797,89.85,0,alert,alert,0.984352,0.984352,0.00018,0.0,0.002483,0.012984,0.038165,0.953977,0.0,0.140544,0.170094,0.143452,0.0,0.035941,0.017863,True,True,True,0.245582,False,False,37.587
1798,89.9,0,alert,alert,0.984216,0.984216,0.000171,0.0,0.002285,0.013328,0.0404,0.953387,0.0,0.140027,0.170157,0.143543,0.0,0.036009,0.01788,True,True,True,0.0,False,False,37.917
1799,89.95,0,alert,alert,0.983513,0.983513,0.000164,0.0,0.001966,0.014356,0.04104,0.952818,0.0,0.139714,0.170104,0.143541,0.0,0.036008,0.01788,True,True,True,0.0,False,False,37.636
