frame_id,timestamp,state_id,state,predicted_driver_state,confidence,p_alert,p_drowsy,p_microsleep,p_yawning,p_distraction,closed_probability,ocular_reliability,closure_duration_seconds,perclos_10s,perclos_30s,perclos_60s,slow_perclos_10s,slow_perclos_30s,slow_perclos_60s,perclos_10s_reliable,perclos_30s_reliable,perclos_60s_reliable,nod_probability,microsleep_active,drowsy_episode_active,latency_ms
0,0.0,4,distraction,distracted,0.392973,0.257358,0.144084,0.0,0.205586,0.392973,0.284504,0.726392,0.0,0.284504,0.284504,0.284504,0.0,0.0,0.0,False,False,False,0.0,False,False,47.437
1,0.05,4,distraction,distracted,0.639233,0.210675,0.046341,0.0,0.103751,0.639233,0.142812,0.859718,0.0,0.207703,0.207703,0.207703,0.0,0.0,0.0,False,False,False,0.0,False,False,37.394
2,0.1,4,distraction,distracted,0.793354,0.170719,0.010016,0.0,0.025911,0.793354,0.210889,0.894051,0.0,0.208851,0.208851,0.208851,0.0,0.0,0.0,False,False,False,0.0,False,False,36.816
3,0.15,4,distraction,distracted,0.734909,0.253658,0.002759,0.0,0.008673,0.734909,0.25092,0.912934,0.0,0.22017,0.22017,0.22017,0.0,0.0,0.0,False,False,False,0.0,False,False,36.743
4,0.2,4,distraction,distracted,0.876237,0.121071,0.000804,0.0,0.001888,0.876237,0.108601,0.940776,0.0,0.195951,0.195951,0.195951,0.0,0.0,0.0,False,False,False,0.0,False,False,37.27
5,0.25,4,distraction,distracted,0.921687,0.077218,0.000407,0.0,0.000688,0.921687,0.064028,0.949038,0.0,0.172252,0.172252,0.172252,0.0,0.0,0.0,False,False,False,0.0,False,False,45.678
6,0.3,4,distraction,distracted,0.905038,0.094133,0.000341,0.0,0.000489,0.905038,0.084733,0.942464,0.0,0.159003,0.159003,0.159003,0.0,0.0,0.0,False,False,False,0.0,False,False,36.87
7,0.35,4,distraction,distracted,0.828873,0.17026,0.000375,0.0,0.000493,0.828873,0.100249,0.939002,0.0,0.151302,0.151302,0.151302,0.0,0.0,0.0,False,False,False,0.0,False,False,37.236
8,0.4,4,distraction,distracted,0.73754,0.261559,0.000406,0.0,0.000495,0.73754,0.081785,0.941359,0.0,0.143229,0.143229,0.143229,0.0,0.0,0.0,False,False,False,0.0,False,False,37.347
9,0.45,4,distraction,distracted,0.618645,0.38037,0.000446,0.0,0.000539,0.618645,0.062558,0.946352,0.0,0.134795,0.134795,0.134795,0.0,0.0,0.0,False,False,False,0.0,False,False,37.244
10,0.5,0,alert,alert,0.515861,0.515861,0.00045,0.0,0.000596,0.483093,0.058282,0.946915,0.0,0.127549,0.127549,0.127549,0.0,0.0,0.0,False,False,False,0.0,False,False,45.63
11,0.55,0,alert,alert,0.594683,0.594683,0.000443,0.0,0.000627,0.404247,0.057982,0.946018,0.0,0.121536,0.121536,0.121536,0.0,0.0,0.0,False,False,False,0.0,False,False,36.907
12,0.6,4,distraction,distracted,0.572222,0.426687,0.000499,0.0,0.000592,0.572222,0.435287,0.866314,0.0,0.144549,0.144549,0.144549,0.0,0.0,0.0,False,False,False,0.0,False,False,36.989
13,0.65,4,distraction,distracted,0.658969,0.339918,0.000558,0.0,0.000554,0.658969,0.465445,0.864742,0.0,0.16644,0.16644,0.16644,0.0,0.0,0.0,False,False,False,0.0,False,False,36.951
14,0.7,4,distraction,distracted,0.53939,0.459354,0.000631,0.0,0.000625,0.53939,0.387663,0.89478,0.0,0.181026,0.181026,0.181026,0.0,0.0,0.0,False,False,False,0.0,False,False,36.795
15,0.75,0,alert,alert,0.681692,0.681692,0.00057,0.0,0.000707,0.31703,0.248179,0.916244,0.0,0.185273,0.185273,0.185273,0.0,0.0,0.0,False,False,False,1.0,False,False,45.504
16,0.8,0,alert,alert,0.774197,0.774197,0.00048,0.0,0.000689,0.224634,0.109953,0.936661,0.0,0.180699,0.180699,0.180699,0.0,0.0,0.0,False,False,False,1.0,False,False,37.408
17,0.85,0,alert,alert,0.899026,0.899026,0.000347,0.0,0.000664,0.099963,0.051619,0.946326,0.0,0.173237,0.173237,0.173237,0.0,0.0,0.0,False,False,False,0.0,False,False,37.458
18,0.9,0,alert,alert,0.915492,0.915492,0.000322,0.0,0.000682,0.083505,0.041291,0.950311,0.0,0.165997,0.165997,0.165997,0.0,0.0,0.0,False,False,False,1.0,False,False,37.547
19,0.95,0,alert,alert,0.927081,0.927081,0.000298,0.0,0.000672,0.071948,0.038591,0.951017,0.0,0.159366,0.159366,0.159366,0.0,0.0,0.0,False,False,False,0.0,False,False,38.17
20,1.0,0,alert,alert,0.950093,0.950093,0.000255,0.0,0.000701,0.048951,0.043394,0.948026,0.0,0.153646,0.153646,0.153646,0.0,0.0,0.0,False,False,False,0.0,False,False,46.238
21,1.05,0,alert,alert,0.950178,0.950178,0.00026,0.0,0.000711,0.04885,0.041898,0.949383,0.0,0.148385,0.148385,0.148385,0.0,0.0,0.0,False,False,False,0.0,False,False,37.825
22,1.1,0,alert,alert,0.94981,0.94981,0.000278,0.0,0.000765,0.049147,0.04928,0.945644,0.0,0.143947,0.143947,0.143947,0.0,0.0,0.0,False,False,False,0.0,False,False,37.633
23,1.15,0,alert,alert,0.960876,0.960876,0.000264,0.0,0.000824,0.038036,0.053065,0.944638,0.0,0.140055,0.140055,0.140055,0.0,0.0,0.0,False,False,False,0.0,False,False,37.99
24,1.2,0,alert,alert,0.958613,0.958613,0.000291,0.0,0.000898,0.040197,0.057265,0.942778,0.0,0.136662,0.136662,0.136662,0.0,0.0,0.0,False,False,False,0.0,False,False,37.54
25,1.25,0,alert,alert,0.961802,0.961802,0.000293,0.0,0.000924,0.036982,0.053676,0.94379,0.0,0.133391,0.133391,0.133391,0.0,0.0,0.0,False,False,False,0.0,False,False,46.14
26,1.3,0,alert,alert,0.961716,0.961716,0.000317,0.0,0.000965,0.037002,0.048875,0.946474,0.0,0.130177,0.130177,0.130177,0.0,0.0,0.0,False,False,False,0.0,False,False,36.84
27,1.35,0,alert,alert,0.969108,0.969108,0.000307,0.0,0.001032,0.029553,0.051565,0.946785,0.0,0.127297,0.127297,0.127297,0.0,0.0,0.0,False,False,False,0.0,False,False,36.966
28,1.4,0,alert,alert,0.973278,0.973278,0.000302,0.0,0.001027,0.025392,0.046096,0.947248,0.0,0.124425,0.124425,0.124425,0.0,0.0,0.0,False,False,False,0.0,False,False,37.017
29,1.45,0,alert,alert,0.972862,0.972862,0.000329,0.0,0.001084,0.025725,0.059039,0.941463,0.0,0.122205,0.122205,0.122205,0.0,0.0,0.0,False,False,False,0.0,False,False,37.056
30,1.5,0,alert,alert,0.976907,0.976907,0.000307,0.0,0.001093,0.021693,0.060192,0.943215,0.0,0.120165,0.120165,0.120165,0.0,0.0,0.0,False,False,False,0.0,False,False,46.155
31,1.55,0,alert,alert,0.976873,0.976873,0.000306,0.0,0.001127,0.021694,0.070373,0.940191,0.0,0.118584,0.118584,0.118584,0.0,0.0,0.0,False,False,False,0.0,False,False,37.283
32,1.6,0,alert,alert,0.980848,0.980848,0.000278,0.0,0.001132,0.017743,0.056011,0.944357,0.0,0.11665,0.11665,0.11665,0.0,0.0,0.0,False,False,False,0.0,False,False,36.885
33,1.65,0,alert,alert,0.983209,0.983209,0.000245,0.0,0.001151,0.015395,0.053519,0.94647,0.0,0.114753,0.114753,0.114753,0.0,0.0,0.0,False,False,False,0.0,False,False,37.162
34,1.7,0,alert,alert,0.981053,0.981053,0.000245,0.0,0.001151,0.017551,0.050381,0.946499,0.0,0.112876,0.112876,0.112876,0.0,0.0,0.0,False,False,False,0.0,False,False,37.01
35,1.75,0,alert,alert,0.982708,0.982708,0.000224,0.0,0.001073,0.015995,0.054707,0.946466,0.0,0.111227,0.111227,0.111227,0.0,0.0,0.0,False,False,False,0.0,False,False,45.575
36,1.8,0,alert,alert,0.984324,0.984324,0.000203,0.0,0.001051,0.014423,0.048111,0.946603,0.0,0.109487,0.109487,0.109487,0.0,0.0,0.0,False,False,False,0.0,False,False,36.947
37,1.85,0,alert,alert,0.980022,0.980022,0.000222,0.0,0.001051,0.018705,0.048256,0.9458,0.0,0.107846,0.107846,0.107846,0.0,0.0,0.0,False,False,False,0.0,False,False,37.055
38,1.9,0,alert,alert,0.980835,0.980835,0.000208,0.0,0.000967,0.01799,0.0488,0.94586,0.0,0.106305,0.106305,0.106305,0.0,0.0,0.0,False,False,False,0.0,False,False,37.14
39,1.95,0,alert,alert,0.981889,0.981889,0.000189,0.0,0.000931,0.016992,0.05066,0.946771,0.0,0.104888,0.104888,0.104888,0.0,0.0,0.0,False,False,False,0.0,False,False,36.911
40,2.0,0,alert,alert,0.976505,0.976505,0.000199,0.0,0.001018,0.022278,0.046384,0.948232,0.0,0.103433,0.103433,0.103433,0.0,0.0,0.0,False,False,False,0.0,False,False,45.908
41,2.05,0,alert,alert,0.975604,0.975604,0.000187,0.0,0.000949,0.023261,0.049753,0.947006,0.0,0.102132,0.102132,0.102132,0.0,0.0,0.0,False,False,False,0.0,False,False,37.071
42,2.1,0,alert,alert,0.974993,0.974993,0.00018,0.0,0.000949,0.023879,0.069086,0.939701,0.0,0.101356,0.101356,0.101356,0.0,0.0,0.0,False,False,False,0.0,False,False,37.271
43,2.15,0,alert,alert,0.979966,0.979966,0.000157,0.0,0.000904,0.018974,0.056202,0.945074,0.0,0.100314,0.100314,0.100314,0.0,0.0,0.0,False,False,False,0.0,False,False,37.802
44,2.2,0,alert,alert,0.979863,0.979863,0.000158,0.0,0.000907,0.019072,0.055456,0.946334,0.0,0.099301,0.099301,0.099301,0.0,0.0,0.0,False,False,False,0.0,False,False,37.857
45,2.25,0,alert,alert,0.978988,0.978988,0.000175,0.0,0.000878,0.019959,0.071471,0.940468,0.0,0.09869,0.09869,0.09869,0.0,0.0,0.0,False,False,False,0.0,False,False,46.279
46,2.3,0,alert,alert,0.977335,0.977335,0.000197,0.0,0.000858,0.02161,0.077472,0.938933,0.0,0.098235,0.098235,0.098235,0.0,0.0,0.0,False,False,False,0.0,False,False,37.793
47,2.35,0,alert,alert,0.976052,0.976052,0.000202,0.0,0.000845,0.022901,0.065361,0.940891,0.0,0.097544,0.097544,0.097544,0.0,0.0,0.0,False,False,False,0.0,False,False,39.228
48,2.4,0,alert,alert,0.977382,0.977382,0.000191,0.0,0.000828,0.021599,0.053946,0.94569,0.0,0.096641,0.096641,0.096641,0.0,0.0,0.0,False,False,False,0.0,False,False,37.597
49,2.45,0,alert,alert,0.976316,0.976316,0.000193,0.0,0.000828,0.022664,0.046828,0.948021,0.0,0.095628,0.095628,0.095628,0.0,0.0,0.0,False,False,False,0.0,False,False,38.404
50,2.5,0,alert,alert,0.96837,0.96837,0.000215,0.0,0.000839,0.030576,0.048644,0.945762,0.0,0.094694,0.094694,0.094694,0.0,0.0,0.0,False,False,False,0.0,False,False,46.565
51,2.55,0,alert,alert,0.963812,0.963812,0.000223,0.0,0.000821,0.035145,0.048593,0.947138,0.0,0.093794,0.093794,0.093794,0.0,0.0,0.0,False,False,False,0.0,False,False,37.982
52,2.6,0,alert,alert,0.956528,0.956528,0.000238,0.0,0.000783,0.042451,0.048639,0.947194,0.0,0.092929,0.092929,0.092929,0.0,0.0,0.0,False,False,False,0.0,False,False,37.521
53,2.65,0,alert,alert,0.95481,0.95481,0.000243,0.0,0.000771,0.044177,0.054815,0.945595,0.0,0.092214,0.092214,0.092214,0.0,0.0,0.0,False,False,False,0.0,False,False,37.152
54,2.7,0,alert,alert,0.96286,0.96286,0.000217,0.0,0.000738,0.036186,0.050306,0.946035,0.0,0.091442,0.091442,0.091442,0.0,0.0,0.0,False,False,False,0.833694,False,False,37.292
55,2.75,0,alert,alert,0.959483,0.959483,0.000225,0.0,0.000747,0.039545,0.046926,0.946617,0.0,0.090636,0.090636,0.090636,0.0,0.0,0.0,False,False,False,0.0,False,False,45.999
56,2.8,0,alert,alert,0.957961,0.957961,0.000232,0.0,0.000751,0.041055,0.05333,0.946029,0.0,0.089973,0.089973,0.089973,0.0,0.0,0.0,False,False,False,0.734818,False,False,37.505
57,2.85,0,alert,alert,0.969167,0.969167,0.000201,0.0,0.000716,0.029916,0.049455,0.948463,0.0,0.089264,0.089264,0.089264,0.0,0.0,0.0,False,False,False,0.0,False,False,37.531
58,2.9,0,alert,alert,0.972038,0.972038,0.000191,0.0,0.000715,0.027056,0.051418,0.946472,0.0,0.088615,0.088615,0.088615,0.0,0.0,0.0,False,False,False,0.890457,False,False,37.673
59,2.95,0,alert,alert,0.972782,0.972782,0.000178,0.0,0.000741,0.026298,0.047331,0.948024,0.0,0.087917,0.087917,0.087917,0.0,0.0,0.0,False,False,False,0.890457,False,False,37.373
60,3.0,0,alert,alert,0.972949,0.972949,0.000165,0.0,0.000746,0.026141,0.053483,0.945346,0.0,0.087346,0.087346,0.087346,0.0,0.0,0.0,False,False,False,0.741226,False,False,46.008
61,3.05,0,alert,alert,0.973217,0.973217,0.000159,0.0,0.000731,0.025893,0.046487,0.948238,0.0,0.086678,0.086678,0.086678,0.0,0.0,0.0,False,False,False,0.729553,False,False,37.468
62,3.1,0,alert,alert,0.972395,0.972395,0.00016,0.0,0.000723,0.026722,0.04693,0.948689,0.0,0.086038,0.086038,0.086038,0.0,0.0,0.0,False,False,False,0.0,False,False,37.239
63,3.15,0,alert,alert,0.97374,0.97374,0.00016,0.0,0.000715,0.025386,0.051155,0.947122,0.0,0.085486,0.085486,0.085486,0.0,0.0,0.0,False,False,False,0.0,False,False,37.822
64,3.2,0,alert,alert,0.975071,0.975071,0.000163,0.0,0.000718,0.024047,0.053644,0.947084,0.0,0.08499,0.08499,0.08499,0.0,0.0,0.0,False,False,False,0.0,False,False,37.5
65,3.25,0,alert,alert,0.975046,0.975046,0.000165,0.0,0.000737,0.024052,0.05276,0.947116,0.0,0.084496,0.084496,0.084496,0.0,0.0,0.0,False,False,False,0.0,False,False,48.269
66,3.3,0,alert,alert,0.976754,0.976754,0.000163,0.0,0.000751,0.022332,0.047503,0.948003,0.0,0.083937,0.083937,0.083937,0.0,0.0,0.0,False,False,False,0.0,False,False,37.78
67,3.35,0,alert,alert,0.977558,0.977558,0.000167,0.0,0.000774,0.0215,0.047518,0.948466,0.0,0.083394,0.083394,0.083394,0.0,0.0,0.0,False,False,False,0.0,False,False,37.534
68,3.4,0,alert,alert,0.97702,0.97702,0.000174,0.0,0.000792,0.022014,0.052285,0.946456,0.0,0.082939,0.082939,0.082939,0.0,0.0,0.0,False,False,False,0.488312,False,False,37.084
69,3.45,0,alert,alert,0.974858,0.974858,0.00019,0.0,0.000795,0.024157,0.063661,0.943644,0.0,0.082661,0.082661,0.082661,0.0,0.0,0.0,False,False,False,0.677826,False,False,37.129
70,3.5,0,alert,alert,0.975977,0.975977,0.000189,0.0,0.00079,0.023044,0.085575,0.934867,0.0,0.082702,0.082702,0.082702,0.0,0.0,0.0,False,False,False,0.677826,False,False,46.904
71,3.55,0,alert,alert,0.975142,0.975142,0.000191,0.0,0.000798,0.023869,0.056593,0.944802,0.0,0.082336,0.082336,0.082336,0.0,0.0,0.0,False,False,False,0.677826,False,False,37.657
72,3.6,0,alert,alert,0.97135,0.97135,0.000196,0.0,0.000809,0.027645,0.051271,0.947524,0.0,0.081906,0.081906,0.081906,0.0,0.0,0.0,False,False,False,0.812408,False,False,37.756
73,3.65,0,alert,alert,0.964847,0.964847,0.000226,0.0,0.000823,0.034104,0.053135,0.944203,0.0,0.081514,0.081514,0.081514,0.0,0.0,0.0,False,False,False,0.812408,False,False,37.623
74,3.7,0,alert,alert,0.964899,0.964899,0.000233,0.0,0.000851,0.034016,0.058533,0.94122,0.0,0.081206,0.081206,0.081206,0.0,0.0,0.0,False,False,False,0.836212,False,False,37.217
75,3.75,0,alert,alert,0.954038,0.954038,0.00028,0.0,0.000889,0.044794,0.055217,0.94267,0.0,0.080862,0.080862,0.080862,0.0,0.0,0.0,False,False,False,0.810577,False,False,46.192
76,3.8,0,alert,alert,0.935926,0.935926,0.000326,0.0,0.000878,0.06287,0.049519,0.945248,0.0,0.080452,0.080452,0.080452,0.0,0.0,0.0,False,False,False,0.0,False,False,37.338
77,3.85,0,alert,alert,0.948296,0.948296,0.000299,0.0,0.000814,0.05059,0.055977,0.942941,0.0,0.080136,0.080136,0.080136,0.0,0.0,0.0,False,False,False,0.0,False,False,36.955
78,3.9,0,alert,alert,0.950693,0.950693,0.000305,0.0,0.000813,0.048189,0.050826,0.944603,0.0,0.079762,0.079762,0.079762,0.0,0.0,0.0,False,False,False,0.0,False,False,37.264
79,3.95,0,alert,alert,0.936669,0.936669,0.000346,0.0,0.000821,0.062164,0.047933,0.945722,0.0,0.079361,0.079361,0.079361,0.0,0.0,0.0,False,False,False,0.0,False,False,37.37
80,4.0,0,alert,alert,0.923774,0.923774,0.000375,0.0,0.000831,0.075021,0.047529,0.946133,0.0,0.078964,0.078964,0.078964,0.0,0.0,0.0,False,False,False,0.0,False,False,45.592
81,4.05,0,alert,alert,0.863313,0.863313,0.000463,0.0,0.000877,0.135346,0.047623,0.946157,0.0,0.078578,0.078578,0.078578,0.0,0.0,0.0,False,False,False,0.0,False,False,38.037
82,4.1,0,alert,alert,0.716416,0.716416,0.000587,0.0,0.000891,0.282106,0.05045,0.945716,0.0,0.078237,0.078237,0.078237,0.0,0.0,0.0,False,False,False,0.0,False,False,37.837
83,4.15,0,alert,alert,0.626681,0.626681,0.000611,0.0,0.000814,0.371894,0.049489,0.946675,0.0,0.077891,0.077891,0.077891,0.0,0.0,0.0,False,False,False,0.0,False,False,37.515
84,4.2,0,alert,alert,0.55516,0.55516,0.00063,0.0,0.000762,0.443448,0.047274,0.947373,0.0,0.077527,0.077527,0.077527,0.0,0.0,0.0,False,False,False,0.0,False,False,37.478
85,4.25,4,distraction,distracted,0.596,0.402663,0.000665,0.0,0.000672,0.596,0.056485,0.94463,0.0,0.077281,0.077281,0.077281,0.0,0.0,0.0,False,False,False,0.0,False,False,46.113
86,4.3,4,distraction,distracted,0.684755,0.313917,0.000713,0.0,0.000615,0.684755,0.094885,0.936858,0.0,0.077483,0.077483,0.077483,0.0,0.0,0.0,False,False,False,0.0,False,False,37.419
87,4.35,4,distraction,distracted,0.798563,0.20018,0.000733,0.0,0.000525,0.798563,0.31013,0.902816,0.0,0.080029,0.080029,0.080029,0.0,0.0,0.0,False,False,False,0.0,False,False,37.267
88,4.4,4,distraction,distracted,0.728913,0.269723,0.000789,0.0,0.000574,0.728913,0.175717,0.931614,0.0,0.081097,0.081097,0.081097,0.0,0.0,0.0,False,False,False,0.0,False,False,37.075
89,4.45,4,distraction,distracted,0.663445,0.335213,0.000734,0.0,0.000607,0.663445,0.082807,0.944748,0.0,0.081116,0.081116,0.081116,0.0,0.0,0.0,False,False,False,0.0,False,False,36.83
90,4.5,4,distraction,distracted,0.724779,0.274064,0.000633,0.0,0.000525,0.724779,0.050855,0.95038,0.0,0.080779,0.080779,0.080779,0.0,0.0,0.0,False,False,False,0.0,False,False,46.319
91,4.55,4,distraction,distracted,0.66165,0.337192,0.000609,0.0,0.000549,0.66165,0.041112,0.95226,0.0,0.080341,0.080341,0.080341,0.0,0.0,0.0,False,False,False,0.0,False,False,37.575
92,4.6,4,distraction,distracted,0.552134,0.446692,0.000574,0.0,0.0006,0.552134,0.039765,0.95209,0.0,0.079899,0.079899,0.079899,0.0,0.0,0.0,False,False,False,0.0,False,False,38.023
93,4.65,4,distraction,distracted,0.532866,0.465968,0.000552,0.0,0.000614,0.532866,0.039878,0.95192,0.0,0.079467,0.079467,0.079467,0.0,0.0,0.0,False,False,False,0.0,False,False,37.388
94,4.7,4,distraction,distracted,0.549549,0.449327,0.000532,0.0,0.000592,0.549549,0.039778,0.950541,0.0,0.079043,0.079043,0.079043,0.0,0.0,0.0,False,False,False,0.0,False,False,37.916
95,4.75,4,distraction,distracted,0.543556,0.455337,0.000517,0.0,0.00059,0.543556,0.040047,0.950755,0.0,0.078632,0.078632,0.078632,0.0,0.0,0.0,False,False,False,0.0,False,False,46.7
96,4.8,4,distraction,distracted,0.556936,0.441957,0.000522,0.0,0.000585,0.556936,0.045277,0.948238,0.0,0.078284,0.078284,0.078284,0.0,0.0,0.0,False,False,False,0.0,False,False,38.154
97,4.85,4,distraction,distracted,0.642025,0.356868,0.000542,0.0,0.000565,0.642025,0.121953,0.932579,0.0,0.078727,0.078727,0.078727,0.0,0.0,0.0,False,False,False,0.0,False,False,37.295
98,4.9,4,distraction,distracted,0.742522,0.256442,0.000537,0.0,0.000498,0.742522,0.307266,0.915835,0.0,0.080981,0.080981,0.080981,0.0,0.0,0.0,False,False,False,0.0,False,False,37.259
99,4.95,4,distraction,distracted,0.855125,0.143927,0.00053,0.0,0.000417,0.855125,0.456744,0.878461,0.0,0.084501,0.084501,0.084501,0.0,0.0,0.0,False,False,False,0.0,False,False,37.14
100,5.0,4,distraction,distracted,0.884335,0.114709,0.000567,0.0,0.000389,0.884335,0.487997,0.86435,0.0,0.088186,0.088186,0.088186,0.0,0.0,0.0,False,False,False,0.0,False,False,46.295
101,5.05,4,distraction,distracted,0.922993,0.07609,0.000577,0.0,0.000341,0.922993,0.532459,0.850002,0.0,0.092141,0.092141,0.092141,0.0,0.0,0.0,False,False,False,0.0,False,False,37.119
102,5.1,4,distraction,distracted,0.95587,0.043248,0.000582,0.0,0.0003,0.95587,0.547203,0.859749,0.0,0.096202,0.096202,0.096202,0.0,0.0,0.0,False,False,False,0.0,False,False,37.238
103,5.15,4,distraction,distracted,0.974188,0.024973,0.000569,0.0,0.000271,0.974188,0.546028,0.87478,0.0,0.10025,0.10025,0.10025,0.0,0.0,0.0,False,False,False,0.0,False,False,37.335
104,5.2,4,distraction,distracted,0.982662,0.016562,0.000528,0.0,0.000249,0.982662,0.463279,0.911744,0.0,0.103623,0.103623,0.103623,0.0,0.0,0.0,False,False,False,0.0,False,False,37.337
105,5.25,4,distraction,distracted,0.986642,0.012599,0.000522,0.0,0.000237,0.986642,0.477108,0.912619,0.0,0.107065,0.107065,0.107065,0.0,0.0,0.0,False,False,False,0.0,False,False,45.678
106,5.3,4,distraction,distracted,0.989467,0.009801,0.000505,0.0,0.000226,0.989467,0.519387,0.901004,0.0,0.110782,0.110782,0.110782,0.0,0.0,0.0,False,False,False,0.0,False,False,37.534
107,5.35,4,distraction,distracted,0.990376,0.0089,0.0005,0.0,0.000224,0.990376,0.543934,0.890224,0.0,0.114606,0.114606,0.114606,0.0,0.0,0.0,False,False,False,0.0,False,False,37.03
108,5.4,4,distraction,distracted,0.990526,0.008715,0.000525,0.0,0.000234,0.990526,0.488775,0.906619,0.0,0.11794,0.11794,0.11794,0.0,0.0,0.0,False,False,False,0.0,False,False,37.404
109,5.45,4,distraction,distracted,0.99071,0.008545,0.000513,0.0,0.000233,0.99071,0.362404,0.930018,0.0,0.120155,0.120155,0.120155,0.0,0.0,0.0,False,False,False,0.0,False,False,37.369
110,5.5,4,distraction,distracted,0.991121,0.008176,0.000477,0.0,0.000226,0.991121,0.369428,0.927225,0.0,0.122386,0.122386,0.122386,0.0,0.0,0.0,False,False,False,0.0,False,False,45.856
111,5.55,4,distraction,distracted,0.991436,0.00789,0.000451,0.0,0.000223,0.991436,0.397728,0.919231,0.0,0.124808,0.124808,0.124808,0.0,0.0,0.0,False,False,False,0.0,False,False,37.503
112,5.6,4,distraction,distracted,0.991967,0.007415,0.000406,0.0,0.000213,0.991967,0.259474,0.938603,0.0,0.126006,0.126006,0.126006,0.0,0.0,0.0,False,False,False,0.0,False,False,37.038
113,5.65,4,distraction,distracted,0.992435,0.006961,0.000395,0.0,0.000209,0.992435,0.240889,0.937771,0.0,0.127019,0.127019,0.127019,0.0,0.0,0.0,False,False,False,0.0,False,False,37.276
114,5.7,4,distraction,distracted,0.992556,0.006838,0.000398,0.0,0.000208,0.992556,0.276593,0.935698,0.0,0.128323,0.128323,0.128323,0.0,0.0,0.0,False,False,False,0.0,False,False,37.704
115,5.75,4,distraction,distracted,0.992366,0.007026,0.000399,0.0,0.000209,0.992366,0.348046,0.926302,0.0,0.130203,0.130203,0.130203,0.0,0.0,0.0,False,False,False,0.0,False,False,46.457
116,5.8,4,distraction,distracted,0.992141,0.007264,0.000388,0.0,0.000207,0.992141,0.34474,0.9239,0.0,0.132018,0.132018,0.132018,0.0,0.0,0.0,False,False,False,0.0,False,False,37.65
117,5.85,4,distraction,distracted,0.9912,0.008203,0.000386,0.0,0.000212,0.9912,0.167478,0.942818,0.0,0.132322,0.132322,0.132322,0.0,0.0,0.0,False,False,False,0.0,False,False,37.611
118,5.9,4,distraction,distracted,0.989653,0.00978,0.000361,0.0,0.000207,0.989653,0.079029,0.950952,0.0,0.131866,0.131866,0.131866,0.0,0.0,0.0,False,False,False,0.0,False,False,37.449
119,5.95,4,distraction,distracted,0.988159,0.011281,0.000354,0.0,0.000206,0.988159,0.05962,0.947923,0.0,0.131254,0.131254,0.131254,0.0,0.0,0.0,False,False,False,0.0,False,False,37.697
120,6.0,4,distraction,distracted,0.988119,0.011349,0.000334,0.0,0.000197,0.988119,0.05172,0.948845,0.0,0.130586,0.130586,0.130586,0.0,0.0,0.0,False,False,False,0.0,False,False,46.663
121,6.05,4,distraction,distracted,0.987156,0.012323,0.000326,0.0,0.000196,0.987156,0.0457,0.950842,0.0,0.129878,0.129878,0.129878,0.0,0.0,0.0,False,False,False,0.0,False,False,38.224
122,6.1,4,distraction,distracted,0.98219,0.01727,0.000334,0.0,0.000205,0.98219,0.041412,0.951821,0.0,0.129145,0.129145,0.129145,0.0,0.0,0.0,False,False,False,0.274536,False,False,37.954
123,6.15,4,distraction,distracted,0.978861,0.020614,0.000318,0.0,0.000207,0.978861,0.038708,0.951532,0.0,0.128402,0.128402,0.128402,0.0,0.0,0.0,False,False,False,0.430176,False,False,37.288
124,6.2,4,distraction,distracted,0.96837,0.03106,0.00034,0.0,0.00023,0.96837,0.038582,0.95212,0.0,0.12767,0.12767,0.12767,0.0,0.0,0.0,False,False,False,0.430176,False,False,37.031
125,6.25,4,distraction,distracted,0.952475,0.046908,0.000363,0.0,0.000253,0.952475,0.037574,0.951975,0.0,0.126941,0.126941,0.126941,0.0,0.0,0.0,False,False,False,0.171997,False,False,45.705
126,6.3,4,distraction,distracted,0.931428,0.067904,0.000388,0.0,0.000281,0.931428,0.036706,0.95221,0.0,0.126217,0.126217,0.126217,0.0,0.0,0.0,False,False,False,0.171997,False,False,37.096
127,6.35,4,distraction,distracted,0.901535,0.097755,0.000405,0.0,0.000305,0.901535,0.039494,0.951099,0.0,0.125527,0.125527,0.125527,0.0,0.0,0.0,False,False,False,0.215942,False,False,37.45
128,6.4,4,distraction,distracted,0.896608,0.102695,0.000389,0.0,0.000308,0.896608,0.050853,0.947776,0.0,0.124941,0.124941,0.124941,0.0,0.0,0.0,False,False,False,0.215942,False,False,36.954
129,6.45,4,distraction,distracted,0.91825,0.081094,0.000375,0.0,0.000281,0.91825,0.065066,0.94525,0.0,0.124475,0.124475,0.124475,0.0,0.0,0.0,False,False,False,0.0,False,False,37.11
130,6.5,4,distraction,distracted,0.927907,0.071461,0.000365,0.0,0.000267,0.927907,0.063799,0.946043,0.0,0.124006,0.124006,0.124006,0.0,0.0,0.0,False,False,False,0.0,False,False,45.722
131,6.55,4,distraction,distracted,0.943938,0.055475,0.000343,0.0,0.000244,0.943938,0.050251,0.949021,0.0,0.123439,0.123439,0.123439,0.0,0.0,0.0,False,False,False,0.0,False,False,37.25
132,6.6,4,distraction,distracted,0.93318,0.066183,0.000374,0.0,0.000262,0.93318,0.044035,0.949354,0.0,0.122833,0.122833,0.122833,0.0,0.0,0.0,False,False,False,0.0,False,False,37.271
133,6.65,4,distraction,distracted,0.923084,0.076239,0.000399,0.0,0.000278,0.923084,0.040536,0.951234,0.0,0.122208,0.122208,0.122208,0.0,0.0,0.0,False,False,False,0.0,False,False,37.299
134,6.7,4,distraction,distracted,0.913962,0.08534,0.000413,0.0,0.000285,0.913962,0.043053,0.948873,0.0,0.121613,0.121613,0.121613,0.0,0.0,0.0,False,False,False,0.0,False,False,37.135
135,6.75,4,distraction,distracted,0.926257,0.073091,0.000392,0.0,0.00026,0.926257,0.048593,0.945819,0.0,0.12107,0.12107,0.12107,0.0,0.0,0.0,False,False,False,0.0,False,False,45.632
136,6.8,4,distraction,distracted,0.957492,0.041983,0.000314,0.0,0.000211,0.957492,0.044074,0.948877,0.0,0.1205,0.1205,0.1205,0.0,0.0,0.0,False,False,False,0.0,False,False,37.35
137,6.85,4,distraction,distracted,0.93566,0.063748,0.000347,0.0,0.000245,0.93566,0.043418,0.949306,0.0,0.119934,0.119934,0.119934,0.0,0.0,0.0,False,False,False,0.0,False,False,37.054
138,6.9,4,distraction,distracted,0.910315,0.089052,0.000353,0.0,0.00028,0.910315,0.050218,0.946531,0.0,0.119426,0.119426,0.119426,0.0,0.0,0.0,False,False,False,0.0,False,False,37.412
139,6.95,4,distraction,distracted,0.939049,0.060431,0.000289,0.0,0.000231,0.939049,0.054208,0.944035,0.0,0.118956,0.118956,0.118956,0.0,0.0,0.0,False,False,False,0.0,False,False,37.428
140,7.0,4,distraction,distracted,0.910744,0.088686,0.00031,0.0,0.000259,0.910744,0.063537,0.940378,0.0,0.118561,0.118561,0.118561,0.0,0.0,0.0,False,False,False,0.0,False,False,45.866
141,7.05,4,distraction,distracted,0.86475,0.134618,0.000334,0.0,0.000298,0.86475,0.062774,0.938929,0.0,0.118167,0.118167,0.118167,0.0,0.0,0.0,False,False,False,0.0,False,False,37.216
142,7.1,4,distraction,distracted,0.749389,0.249865,0.000367,0.0,0.000378,0.749389,0.062661,0.938569,0.0,0.117778,0.117778,0.117778,0.0,0.0,0.0,False,False,False,0.0,False,False,37.253
143,7.15,4,distraction,distracted,0.565625,0.433517,0.000386,0.0,0.000473,0.565625,0.062632,0.940225,0.0,0.117393,0.117393,0.117393,0.0,0.0,0.0,False,False,False,0.0,False,False,37.199
144,7.2,4,distraction,distracted,0.590678,0.408451,0.000396,0.0,0.000475,0.590678,0.054198,0.944411,0.0,0.116953,0.116953,0.116953,0.0,0.0,0.0,False,False,False,0.0,False,False,36.978
145,7.25,0,alert,alert,0.514658,0.514658,0.000411,0.0,0.00052,0.484411,0.056012,0.941005,0.0,0.116534,0.116534,0.116534,0.0,0.0,0.0,False,False,False,0.0,False,False,45.827
146,7.3,0,alert,alert,0.50222,0.50222,0.000414,0.0,0.00052,0.496846,0.056302,0.94251,0.0,0.116121,0.116121,0.116121,0.0,0.0,0.0,False,False,False,0.0,False,False,37.001
147,7.35,0,alert,alert,0.518902,0.518902,0.00041,0.0,0.000539,0.480149,0.052362,0.943655,0.0,0.115687,0.115687,0.115687,0.0,0.0,0.0,False,False,False,0.0,False,False,36.946
148,7.4,0,alert,alert,0.596126,0.596126,0.000422,0.0,0.000593,0.40286,0.052522,0.942294,0.0,0.11526,0.11526,0.11526,0.0,0.0,0.0,False,False,False,0.0,False,False,37.388
149,7.45,4,distraction,distracted,0.522596,0.476332,0.0005,0.0,0.000572,0.522596,0.419086,0.851769,0.0,0.117104,0.117104,0.117104,0.0,0.0,0.0,False,False,False,0.0,False,False,37.358
150,7.5,4,distraction,distracted,0.603028,0.395826,0.000609,0.0,0.000537,0.603028,0.513931,0.819098,0.0,0.119407,0.119407,0.119407,0.0,0.0,0.0,False,False,False,0.0,False,False,45.743
151,7.55,4,distraction,distracted,0.614624,0.384141,0.000691,0.0,0.000544,0.614624,0.495326,0.872714,0.0,0.121717,0.121717,0.121717,0.0,0.0,0.0,False,False,False,0.0,False,False,37.371
152,7.6,4,distraction,distracted,0.580844,0.417836,0.000738,0.0,0.000581,0.580844,0.386798,0.911752,0.0,0.123408,0.123408,0.123408,0.0,0.0,0.0,False,False,False,0.0,False,False,37.057
153,7.65,4,distraction,distracted,0.591883,0.406808,0.000725,0.0,0.000584,0.591883,0.202803,0.93034,0.0,0.123921,0.123921,0.123921,0.0,0.0,0.0,False,False,False,0.0,False,False,37.406
154,7.7,4,distraction,distracted,0.581618,0.417102,0.000694,0.0,0.000586,0.581618,0.084662,0.943864,0.0,0.123666,0.123666,0.123666,0.0,0.0,0.0,False,False,False,0.0,False,False,37.129
155,7.75,4,distraction,distracted,0.589483,0.409281,0.000655,0.0,0.000581,0.589483,0.047265,0.949469,0.0,0.123168,0.123168,0.123168,0.0,0.0,0.0,False,False,False,0.0,False,False,45.672
156,7.8,4,distraction,distracted,0.622435,0.376397,0.000612,0.0,0.000556,0.622435,0.040879,0.950597,0.0,0.122635,0.122635,0.122635,0.0,0.0,0.0,False,False,False,0.0,False,False,37.02
157,7.85,4,distraction,distracted,0.62851,0.370321,0.000614,0.0,0.000556,0.62851,0.052222,0.946368,0.0,0.122183,0.122183,0.122183,0.0,0.0,0.0,False,False,False,0.0,False,False,37.149
158,7.9,4,distraction,distracted,0.687473,0.311404,0.000603,0.0,0.00052,0.687473,0.052341,0.946217,0.0,0.121739,0.121739,0.121739,0.0,0.0,0.0,False,False,False,0.0,False,False,37.064
159,7.95,4,distraction,distracted,0.697688,0.301208,0.000585,0.0,0.000519,0.697688,0.057693,0.944592,0.0,0.121334,0.121334,0.121334,0.0,0.0,0.0,False,False,False,0.0,False,False,37.153
160,8.0,4,distraction,distracted,0.785251,0.213711,0.000581,0.0,0.000456,0.785251,0.421179,0.869213,0.0,0.123067,0.123067,0.123067,0.0,0.0,0.0,False,False,False,0.0,False,False,46.004
161,8.05,4,distraction,distracted,0.765338,0.233507,0.000678,0.0,0.000477,0.765338,0.473395,0.866199,0.0,0.125073,0.125073,0.125073,0.0,0.0,0.0,False,False,False,0.0,False,False,37.634
162,8.1,4,distraction,distracted,0.68539,0.313239,0.000803,0.0,0.000567,0.68539,0.438917,0.894795,0.0,0.126918,0.126918,0.126918,0.0,0.0,0.0,False,False,False,0.0,False,False,37.792
163,8.15,4,distraction,distracted,0.56232,0.436193,0.000819,0.0,0.000668,0.56232,0.278791,0.924693,0.0,0.127836,0.127836,0.127836,0.0,0.0,0.0,False,False,False,0.0,False,False,37.717
164,8.2,4,distraction,distracted,0.535154,0.463416,0.000739,0.0,0.000692,0.535154,0.127262,0.939912,0.0,0.127832,0.127832,0.127832,0.0,0.0,0.0,False,False,False,0.0,False,False,38.254
165,8.25,4,distraction,distracted,0.580964,0.417703,0.000674,0.0,0.000659,0.580964,0.056681,0.948637,0.0,0.127397,0.127397,0.127397,0.0,0.0,0.0,False,False,False,0.0,False,False,46.209
166,8.3,4,distraction,distracted,0.573293,0.425411,0.000637,0.0,0.000659,0.573293,0.042584,0.950583,0.0,0.12688,0.12688,0.12688,0.0,0.0,0.0,False,False,False,0.0,False,False,38.012
167,8.35,4,distraction,distracted,0.623447,0.375321,0.000605,0.0,0.000627,0.623447,0.042499,0.950308,0.0,0.126368,0.126368,0.126368,0.0,0.0,0.0,False,False,False,0.0,False,False,38.064
168,8.4,4,distraction,distracted,0.635773,0.362953,0.000642,0.0,0.000632,0.635773,0.043291,0.950143,0.0,0.125868,0.125868,0.125868,0.0,0.0,0.0,False,False,False,0.0,False,False,37.748
169,8.45,4,distraction,distracted,0.742491,0.256279,0.000669,0.0,0.000561,0.742491,0.04926,0.94732,0.0,0.125411,0.125411,0.125411,0.0,0.0,0.0,False,False,False,0.0,False,False,38.022
170,8.5,4,distraction,distracted,0.694069,0.304545,0.000756,0.0,0.000631,0.694069,0.044654,0.949093,0.0,0.124931,0.124931,0.124931,0.0,0.0,0.0,False,False,False,0.0,False,False,45.941
171,8.55,4,distraction,distracted,0.727597,0.270961,0.000792,0.0,0.00065,0.727597,0.044316,0.948418,0.0,0.124456,0.124456,0.124456,0.0,0.0,0.0,False,False,False,0.0,False,False,37.076
172,8.6,4,distraction,distracted,0.791867,0.206784,0.000775,0.0,0.000574,0.791867,0.046892,0.947862,0.0,0.124001,0.124001,0.124001,0.0,0.0,0.0,False,False,False,0.0,False,False,37.406
173,8.65,4,distraction,distracted,0.858282,0.140454,0.000785,0.0,0.000479,0.858282,0.074954,0.939606,0.0,0.123717,0.123717,0.123717,0.0,0.0,0.0,False,False,False,0.0,False,False,36.981
174,8.7,4,distraction,distracted,0.877536,0.12121,0.000804,0.0,0.000451,0.877536,0.060867,0.94557,0.0,0.123354,0.123354,0.123354,0.0,0.0,0.0,False,False,False,0.0,False,False,36.926
175,8.75,4,distraction,distracted,0.923107,0.075889,0.000639,0.0,0.000365,0.923107,0.0525,0.947138,0.0,0.122946,0.122946,0.122946,0.0,0.0,0.0,False,False,False,0.0,False,False,45.764
176,8.8,4,distraction,distracted,0.917776,0.081269,0.000592,0.0,0.000363,0.917776,0.047482,0.947563,0.0,0.122513,0.122513,0.122513,0.0,0.0,0.0,False,False,False,0.0,False,False,37.14
177,8.85,4,distraction,distracted,0.898739,0.100297,0.00058,0.0,0.000383,0.898739,0.04451,0.947832,0.0,0.122069,0.122069,0.122069,0.0,0.0,0.0,False,False,False,0.0,False,False,37.233
178,8.9,4,distraction,distracted,0.865116,0.133827,0.000625,0.0,0.000433,0.865116,0.042702,0.948941,0.0,0.121619,0.121619,0.121619,0.0,0.0,0.0,False,False,False,0.0,False,False,37.054
179,8.95,4,distraction,distracted,0.871848,0.127114,0.000616,0.0,0.000423,0.871848,0.040783,0.949919,0.0,0.121162,0.121162,0.121162,0.0,0.0,0.0,False,False,False,0.0,False,False,36.762
180,9.0,4,distraction,distracted,0.833527,0.165319,0.000672,0.0,0.000482,0.833527,0.039183,0.951156,0.0,0.120702,0.120702,0.120702,0.0,0.0,0.0,False,False,False,0.0,False,False,46.122
181,9.05,4,distraction,distracted,0.873505,0.125471,0.000603,0.0,0.000422,0.873505,0.041854,0.949434,0.0,0.120262,0.120262,0.120262,0.0,0.0,0.0,False,False,False,0.0,False,False,37.249
182,9.1,4,distraction,distracted,0.854515,0.144424,0.000626,0.0,0.000435,0.854515,0.0391,0.951318,0.0,0.11981,0.11981,0.11981,0.0,0.0,0.0,False,False,False,0.0,False,False,37.409
183,9.15,4,distraction,distracted,0.839423,0.159493,0.000638,0.0,0.000447,0.839423,0.039966,0.950233,0.0,0.119369,0.119369,0.119369,0.0,0.0,0.0,False,False,False,0.0,False,False,36.986
184,9.2,4,distraction,distracted,0.873323,0.125669,0.000606,0.0,0.000402,0.873323,0.047401,0.948362,0.0,0.118975,0.118975,0.118975,0.0,0.0,0.0,False,False,False,0.0,False,False,37.098
185,9.25,4,distraction,distracted,0.881312,0.117701,0.000597,0.0,0.000391,0.881312,0.049857,0.948237,0.0,0.118598,0.118598,0.118598,0.0,0.0,0.0,False,False,False,0.0,False,False,46.13
186,9.3,4,distraction,distracted,0.835853,0.162997,0.000681,0.0,0.000469,0.835853,0.048147,0.948859,0.0,0.118216,0.118216,0.118216,0.0,0.0,0.0,False,False,False,0.0,False,False,37.048
187,9.35,4,distraction,distracted,0.796407,0.202369,0.000704,0.0,0.00052,0.796407,0.044334,0.949847,0.0,0.117817,0.117817,0.117817,0.0,0.0,0.0,False,False,False,0.0,False,False,37.253
188,9.4,4,distraction,distracted,0.753298,0.245464,0.000701,0.0,0.000537,0.753298,0.048834,0.946079,0.0,0.117448,0.117448,0.117448,0.0,0.0,0.0,False,False,False,0.0,False,False,37.339
189,9.45,4,distraction,distracted,0.62019,0.378481,0.000706,0.0,0.000623,0.62019,0.056165,0.943789,0.0,0.117122,0.117122,0.117122,0.0,0.0,0.0,False,False,False,0.0,False,False,37.159
190,9.5,4,distraction,distracted,0.644231,0.354563,0.000618,0.0,0.000588,0.644231,0.046838,0.948505,0.0,0.116749,0.116749,0.116749,0.0,0.0,0.0,False,False,False,0.0,False,False,45.771
191,9.55,4,distraction,distracted,0.621113,0.377733,0.000552,0.0,0.000602,0.621113,0.052182,0.946436,0.0,0.116409,0.116409,0.116409,0.0,0.0,0.0,False,False,False,0.0,False,False,37.214
192,9.6,4,distraction,distracted,0.560972,0.437787,0.000539,0.0,0.000702,0.560972,0.053159,0.947377,0.0,0.116077,0.116077,0.116077,0.0,0.0,0.0,False,False,False,0.0,False,False,37.284
193,9.65,4,distraction,distracted,0.802924,0.196062,0.000502,0.0,0.000513,0.802924,0.392338,0.880221,0.0,0.117417,0.117417,0.117417,0.0,0.0,0.0,False,False,False,0.0,False,False,37.11
194,9.7,4,distraction,distracted,0.790013,0.208946,0.000499,0.0,0.000541,0.790013,0.298274,0.918751,0.0,0.118328,0.118328,0.118328,0.0,0.0,0.0,False,False,False,0.0,False,False,37.216
195,9.75,4,distraction,distracted,0.87355,0.125634,0.000396,0.0,0.00042,0.87355,0.165907,0.938181,0.0,0.118572,0.118572,0.118572,0.0,0.0,0.0,False,False,False,0.0,False,False,45.775
196,9.8,4,distraction,distracted,0.869854,0.129306,0.000384,0.0,0.000456,0.869854,0.08176,0.948094,0.0,0.118382,0.118382,0.118382,0.0,0.0,0.0,False,False,False,0.0,False,False,37.189
197,9.85,4,distraction,distracted,0.911064,0.088242,0.000318,0.0,0.000377,0.911064,0.056449,0.950994,0.0,0.118064,0.118064,0.118064,0.0,0.0,0.0,False,False,False,0.0,False,False,37.139
198,9.9,4,distraction,distracted,0.912973,0.08636,0.000304,0.0,0.000363,0.912973,0.049028,0.949389,0.0,0.117712,0.117712,0.117712,0.0,0.0,0.0,False,False,False,0.0,False,False,37.291
199,9.95,4,distraction,distracted,0.869083,0.130162,0.000321,0.0,0.000434,0.869083,0.044534,0.949871,0.0,0.117341,0.117341,0.117341,0.0,0.0,0.0,True,False,False,0.0,False,False,37.287
200,10.0,4,distraction,distracted,0.861064,0.138189,0.000299,0.0,0.000447,0.861064,0.056477,0.944735,0.0,0.116386,0.117035,0.117035,0.0,0.0,0.0,True,False,False,0.0,False,False,45.92
201,10.05,4,distraction,distracted,0.760951,0.23811,0.000313,0.0,0.000626,0.760951,0.05385,0.94685,0.0,0.115949,0.116719,0.116719,0.0,0.0,0.0,True,False,False,1.0,False,False,37.583
202,10.1,4,distraction,distracted,0.683558,0.315293,0.000329,0.0,0.00082,0.683558,0.045234,0.948319,0.0,0.115593,0.116362,0.116362,0.0,0.0,0.0,True,False,False,1.0,False,False,37.741
203,10.15,4,distraction,distracted,0.602706,0.395957,0.00033,0.0,0.001008,0.602706,0.045841,0.946247,0.0,0.114127,0.116012,0.116012,0.0,0.0,0.0,True,False,False,0.999634,False,False,37.569
204,10.2,4,distraction,distracted,0.759424,0.239556,0.000278,0.0,0.000742,0.759424,0.050421,0.945505,0.0,0.113808,0.115689,0.115689,0.0,0.0,0.0,True,False,False,0.961182,False,False,37.225
205,10.25,4,distraction,distracted,0.56581,0.432899,0.0003,0.0,0.000991,0.56581,0.060087,0.942227,0.0,0.113816,0.115417,0.115417,0.0,0.0,0.0,True,False,False,0.0,False,False,46.067
206,10.3,0,alert,alert,0.649302,0.649302,0.000276,0.0,0.001213,0.349209,0.051576,0.944378,0.0,0.113649,0.115106,0.115106,0.0,0.0,0.0,True,False,False,0.0,False,False,37.341
207,10.35,0,alert,alert,0.780543,0.780543,0.000235,0.0,0.001241,0.21798,0.047621,0.94606,0.0,0.113317,0.114778,0.114778,0.0,0.0,0.0,True,False,False,0.0,False,False,37.438
208,10.4,0,alert,alert,0.829253,0.829253,0.000226,0.0,0.001101,0.169421,0.049403,0.944609,0.0,0.113219,0.114462,0.114462,0.0,0.0,0.0,True,False,False,0.0,False,False,37.852
209,10.45,0,alert,alert,0.851751,0.851751,0.000229,0.0,0.001008,0.147012,0.042954,0.947325,0.0,0.112866,0.114118,0.114118,0.0,0.0,0.0,True,False,False,0.0,False,False,37.777
210,10.5,0,alert,alert,0.906367,0.906367,0.000206,0.0,0.000901,0.092526,0.044641,0.9476,0.0,0.113051,0.113785,0.113785,0.0,0.0,0.0,True,False,False,0.0,False,False,46.757
211,10.55,0,alert,alert,0.926482,0.926482,0.000196,0.0,0.00092,0.072403,0.053863,0.945261,0.0,0.11303,0.113499,0.113499,0.0,0.0,0.0,True,False,False,0.0,False,False,37.732
212,10.6,0,alert,alert,0.937343,0.937343,0.000195,0.0,0.000907,0.061555,0.050729,0.946052,0.0,0.112717,0.113201,0.113201,0.0,0.0,0.0,True,False,False,0.0,False,False,38.02
213,10.65,0,alert,alert,0.949671,0.949671,0.00019,0.0,0.000937,0.049202,0.060066,0.941831,0.0,0.109339,0.112952,0.112952,0.0,0.0,0.0,True,False,False,0.0,False,False,37.816
214,10.7,0,alert,alert,0.956026,0.956026,0.000196,0.0,0.000936,0.042843,0.058019,0.940597,0.0,0.109083,0.112695,0.112695,0.0,0.0,0.0,True,False,False,0.0,False,False,38.268
215,10.75,0,alert,alert,0.962413,0.962413,0.000206,0.0,0.000897,0.036484,0.068601,0.938338,0.0,0.106874,0.11249,0.11249,0.0,0.0,0.0,True,False,False,0.0,False,False,46.491
216,10.8,0,alert,alert,0.969493,0.969493,0.000209,0.0,0.000864,0.029434,0.076177,0.936957,0.0,0.106706,0.112323,0.112323,0.0,0.0,0.0,True,False,False,0.0,False,False,37.119
217,10.85,0,alert,alert,0.967837,0.967837,0.00022,0.0,0.000959,0.030984,0.058771,0.941982,0.0,0.106466,0.112076,0.112076,0.0,0.0,0.0,True,False,False,0.0,False,False,37.981
218,10.9,0,alert,alert,0.970006,0.970006,0.000205,0.0,0.00101,0.028779,0.060037,0.941352,0.0,0.10684,0.111837,0.111837,0.0,0.0,0.0,True,False,False,0.0,False,False,37.423
219,10.95,0,alert,alert,0.968778,0.968778,0.000211,0.0,0.001086,0.029926,0.055242,0.942831,0.0,0.106582,0.111578,0.111578,0.0,0.0,0.0,True,False,False,0.0,False,False,37.368
220,11.0,0,alert,alert,0.970081,0.970081,0.00021,0.0,0.001073,0.028636,0.048124,0.944985,0.0,0.106951,0.111288,0.111288,0.0,0.0,0.0,True,False,False,0.0,False,False,46.126
221,11.05,0,alert,alert,0.975957,0.975957,0.000198,0.0,0.001047,0.022798,0.091898,0.932229,0.0,0.107206,0.111201,0.111201,0.0,0.0,0.0,True,False,False,0.0,False,False,37.268
222,11.1,0,alert,alert,0.974558,0.974558,0.000222,0.0,0.001126,0.024094,0.107225,0.92691,0.0,0.107206,0.111183,0.111183,0.0,0.0,0.0,True,False,False,0.0,False,False,37.287
223,11.15,0,alert,alert,0.977552,0.977552,0.000213,0.0,0.001175,0.02106,0.103494,0.930918,0.0,0.107752,0.111149,0.111149,0.0,0.0,0.0,True,False,False,0.0,False,False,38.021
224,11.2,0,alert,alert,0.977594,0.977594,0.000223,0.0,0.00124,0.020944,0.197066,0.915337,0.0,0.108185,0.111523,0.111523,0.0,0.0,0.0,True,False,False,0.0,False,False,37.393
225,11.25,0,alert,alert,0.979239,0.979239,0.000225,0.0,0.00141,0.019126,0.109369,0.936953,0.0,0.108721,0.111513,0.111513,0.0,0.0,0.0,True,False,False,0.0,False,False,46.667
226,11.3,0,alert,alert,0.979418,0.979418,0.000232,0.0,0.001709,0.018641,0.067422,0.944643,0.0,0.108815,0.111317,0.111317,0.0,0.0,0.0,True,False,False,0.0,False,False,37.488
227,11.35,0,alert,alert,0.978917,0.978917,0.000234,0.0,0.002068,0.018782,0.069612,0.93835,0.0,0.10862,0.111134,0.111134,0.0,0.0,0.0,True,False,False,0.0,False,False,37.492
228,11.4,0,alert,alert,0.979679,0.979679,0.000225,0.0,0.002224,0.017872,0.069121,0.938326,0.0,0.109026,0.11095,0.11095,0.0,0.0,0.0,True,False,False,0.0,False,False,37.307
229,11.45,0,alert,alert,0.978876,0.978876,0.000241,0.0,0.002195,0.018689,0.051689,0.946079,0.0,0.108738,0.11069,0.11069,0.0,0.0,0.0,True,False,False,0.0,False,False,37.494
230,11.5,0,alert,alert,0.97863,0.97863,0.00026,0.0,0.002141,0.01897,0.055538,0.943876,0.0,0.108964,0.110449,0.110449,0.0,0.0,0.0,True,False,False,0.0,False,False,45.947
231,11.55,0,alert,alert,0.977729,0.977729,0.00028,0.0,0.002061,0.019931,0.079553,0.938034,0.0,0.109011,0.110316,0.110316,0.0,0.0,0.0,True,False,False,0.0,False,False,37.392
232,11.6,0,alert,alert,0.979687,0.979687,0.000283,0.0,0.001709,0.018322,0.2204,0.915676,0.0,0.109552,0.110778,0.110778,0.0,0.0,0.0,True,False,False,0.0,False,False,37.248
233,11.65,0,alert,alert,0.98206,0.98206,0.000287,0.0,0.001597,0.016056,0.204568,0.925579,0.0,0.110573,0.111174,0.111174,0.0,0.0,0.0,True,False,False,0.0,False,False,37.167
234,11.7,0,alert,alert,0.983849,0.983849,0.000282,0.0,0.001608,0.014261,0.128466,0.931942,0.0,0.110661,0.111247,0.111247,0.0,0.0,0.0,True,False,False,0.0,False,False,37.714
235,11.75,0,alert,alert,0.982841,0.982841,0.000285,0.0,0.001592,0.015282,0.070932,0.942495,0.0,0.111048,0.111075,0.111075,0.0,0.0,0.0,True,False,False,0.0,False,False,45.932
236,11.8,0,alert,alert,0.978618,0.978618,0.000299,0.0,0.001445,0.019638,0.0511,0.948756,0.0,0.111062,0.110819,0.110819,0.0,0.0,0.0,True,False,False,0.0,False,False,37.383
237,11.85,0,alert,alert,0.979876,0.979876,0.000259,0.0,0.001298,0.018567,0.047203,0.948951,0.0,0.110741,0.110548,0.110548,0.0,0.0,0.0,True,False,False,0.0,False,False,37.232
238,11.9,0,alert,alert,0.97955,0.97955,0.000242,0.0,0.001188,0.019019,0.04177,0.950413,0.0,0.111019,0.110256,0.110256,0.0,0.0,0.0,True,False,False,0.463135,False,False,37.72
239,11.95,0,alert,alert,0.969927,0.969927,0.000272,0.0,0.001223,0.028578,0.041142,0.950379,0.0,0.110667,0.109963,0.109963,0.0,0.0,0.0,True,False,False,0.463135,False,False,37.852
240,12.0,0,alert,alert,0.961095,0.961095,0.00027,0.0,0.001165,0.037469,0.042248,0.950479,0.0,0.110948,0.109678,0.109678,0.0,0.0,0.0,True,False,False,0.0,False,False,46.458
241,12.05,0,alert,alert,0.927617,0.927617,0.000309,0.0,0.001149,0.070925,0.042563,0.949784,0.0,0.110911,0.109397,0.109397,0.0,0.0,0.0,True,False,False,0.0,False,False,37.435
242,12.1,0,alert,alert,0.896859,0.896859,0.000313,0.0,0.001027,0.1018,0.047219,0.947217,0.0,0.11059,0.109138,0.109138,0.0,0.0,0.0,True,False,False,0.0,False,False,37.71
243,12.15,0,alert,alert,0.756985,0.756985,0.000457,0.0,0.001036,0.241522,0.369622,0.877901,0.0,0.112285,0.110139,0.110139,0.0,0.0,0.0,True,False,False,0.0,False,False,37.955
244,12.2,0,alert,alert,0.617096,0.617096,0.000505,0.0,0.001008,0.38139,0.331298,0.906127,0.0,0.113339,0.111013,0.111013,0.0,0.0,0.0,True,False,False,0.0,False,False,37.416
245,12.25,0,alert,alert,0.796947,0.796947,0.000363,0.0,0.000858,0.201833,0.142982,0.939155,0.0,0.113989,0.111143,0.111143,0.0,0.0,0.0,True,False,False,0.0,False,False,45.93
246,12.3,0,alert,alert,0.884903,0.884903,0.000266,0.0,0.000748,0.114083,0.069988,0.949308,0.0,0.113949,0.110974,0.110974,0.0,0.0,0.0,True,False,False,0.0,False,False,37.343
247,12.35,0,alert,alert,0.850986,0.850986,0.000278,0.0,0.000751,0.147985,0.046945,0.952147,0.0,0.113611,0.110712,0.110712,0.0,0.0,0.0,True,False,False,0.0,False,False,37.329
248,12.4,0,alert,alert,0.82452,0.82452,0.000287,0.0,0.00073,0.174463,0.043178,0.951764,0.0,0.113796,0.110436,0.110436,0.0,0.0,0.0,True,False,False,0.0,False,False,37.045
249,12.45,0,alert,alert,0.846202,0.846202,0.000269,0.0,0.000707,0.152822,0.042599,0.951412,0.0,0.113437,0.11016,0.11016,0.0,0.0,0.0,True,False,False,0.0,False,False,37.17
250,12.5,0,alert,alert,0.831758,0.831758,0.000282,0.0,0.000714,0.167246,0.040483,0.951019,0.0,0.11373,0.109878,0.109878,0.0,0.0,0.0,True,False,False,0.0,False,False,45.825
251,12.55,0,alert,alert,0.824766,0.824766,0.000288,0.0,0.000704,0.174242,0.03971,0.951629,0.0,0.113684,0.109596,0.109596,0.0,0.0,0.0,True,False,False,0.0,False,False,37.15
252,12.6,0,alert,alert,0.827031,0.827031,0.000287,0.0,0.000701,0.171982,0.040829,0.951021,0.0,0.113316,0.10932,0.10932,0.0,0.0,0.0,True,False,False,0.0,False,False,37.248
253,12.65,0,alert,alert,0.837066,0.837066,0.000277,0.0,0.000691,0.161966,0.043857,0.950177,0.0,0.113586,0.109058,0.109058,0.0,0.0,0.0,True,False,False,0.0,False,False,37.243
254,12.7,0,alert,alert,0.860554,0.860554,0.000256,0.0,0.000676,0.138514,0.045137,0.949364,0.0,0.113241,0.108804,0.108804,0.0,0.0,0.0,True,False,False,0.0,False,False,37.173
255,12.75,0,alert,alert,0.86827,0.86827,0.000251,0.0,0.000666,0.130813,0.043588,0.950181,0.0,0.11354,0.108546,0.108546,0.0,0.0,0.0,True,False,False,0.0,False,False,46.078
256,12.8,0,alert,alert,0.784995,0.784995,0.000299,0.0,0.000711,0.213995,0.043992,0.950806,0.0,0.113492,0.108291,0.108291,0.0,0.0,0.0,True,False,False,0.0,False,False,37.351
257,12.85,0,alert,alert,0.67033,0.67033,0.00034,0.0,0.000704,0.328626,0.042328,0.95105,0.0,0.113132,0.108031,0.108031,0.0,0.0,0.0,True,False,False,0.0,False,False,37.325
258,12.9,4,distraction,distracted,0.523437,0.475578,0.000365,0.0,0.00062,0.523437,0.041357,0.950785,0.0,0.113402,0.10777,0.10777,0.0,0.0,0.0,True,False,False,0.0,False,False,37.468
259,12.95,4,distraction,distracted,0.535874,0.463181,0.000365,0.0,0.00058,0.535874,0.039017,0.952433,0.0,0.113026,0.107501,0.107501,0.0,0.0,0.0,True,False,False,0.0,False,False,37.307
260,13.0,4,distraction,distracted,0.557793,0.441283,0.000369,0.0,0.000555,0.557793,0.038022,0.95223,0.0,0.113278,0.107231,0.107231,0.0,0.0,0.0,True,False,False,0.0,False,False,45.728
261,13.05,4,distraction,distracted,0.509714,0.48935,0.000374,0.0,0.000563,0.509714,0.038468,0.951382,0.0,0.113236,0.106964,0.106964,0.0,0.0,0.0,True,False,False,0.0,False,False,37.549
262,13.1,0,alert,alert,0.519945,0.519945,0.000384,0.0,0.000578,0.479093,0.041267,0.949836,0.0,0.112873,0.106711,0.106711,0.0,0.0,0.0,True,False,False,0.0,False,False,37.558
263,13.15,0,alert,alert,0.608219,0.608219,0.000369,0.0,0.0006,0.390812,0.041123,0.95105,0.0,0.113155,0.106459,0.106459,0.0,0.0,0.0,True,False,False,0.0,False,False,37.036
264,13.2,0,alert,alert,0.645406,0.645406,0.000357,0.0,0.000621,0.353617,0.040258,0.951893,0.0,0.112786,0.106205,0.106205,0.0,0.0,0.0,True,False,False,0.0,False,False,37.269
265,13.25,0,alert,alert,0.790436,0.790436,0.000295,0.0,0.000651,0.208619,0.04238,0.950743,0.0,0.113031,0.105962,0.105962,0.0,0.0,0.0,True,False,False,0.0,False,False,45.847
266,13.3,0,alert,alert,0.84047,0.84047,0.000252,0.0,0.00068,0.158599,0.048854,0.949192,0.0,0.113038,0.105745,0.105745,0.0,0.0,0.0,True,False,False,0.0,False,False,37.015
267,13.35,0,alert,alert,0.852233,0.852233,0.000237,0.0,0.000715,0.146815,0.046113,0.948954,0.0,0.112701,0.10552,0.10552,0.0,0.0,0.0,True,False,False,0.0,False,False,37.175
268,13.4,0,alert,alert,0.847704,0.847704,0.000243,0.0,0.000734,0.151319,0.044411,0.950924,0.0,0.112989,0.10529,0.10529,0.0,0.0,0.0,True,False,False,0.0,False,False,37.316
269,13.45,0,alert,alert,0.885901,0.885901,0.000218,0.0,0.000747,0.113134,0.043054,0.951506,0.0,0.112636,0.105056,0.105056,0.0,0.0,0.0,True,False,False,0.0,False,False,37.036
270,13.5,0,alert,alert,0.917139,0.917139,0.00019,0.0,0.000743,0.081929,0.039729,0.952423,0.0,0.112647,0.104811,0.104811,0.0,0.0,0.0,True,False,False,0.0,False,False,45.82
271,13.55,0,alert,alert,0.894798,0.894798,0.000203,0.0,0.000805,0.104195,0.039902,0.952356,0.0,0.11256,0.104569,0.104569,0.0,0.0,0.0,True,False,False,1.0,False,False,37.44
272,13.6,0,alert,alert,0.899596,0.899596,0.000195,0.0,0.000811,0.099398,0.038876,0.952432,0.0,0.112188,0.104324,0.104324,0.0,0.0,0.0,True,False,False,1.0,False,False,37.205
273,13.65,0,alert,alert,0.911345,0.911345,0.000187,0.0,0.000785,0.087684,0.037764,0.952524,0.0,0.112415,0.104078,0.104078,0.0,0.0,0.0,True,False,False,0.0,False,False,36.965
274,13.7,0,alert,alert,0.924392,0.924392,0.000178,0.0,0.000792,0.074639,0.039052,0.951506,0.0,0.112045,0.103838,0.103838,0.0,0.0,0.0,True,False,False,0.0,False,False,37.365
275,13.75,0,alert,alert,0.945331,0.945331,0.000157,0.0,0.000823,0.053689,0.040421,0.951129,0.0,0.112236,0.103605,0.103605,0.0,0.0,0.0,True,False,False,0.0,False,False,46.059
276,13.8,0,alert,alert,0.839829,0.839829,0.000247,0.0,0.00093,0.158994,0.404746,0.878251,0.0,0.113921,0.104623,0.104623,0.0,0.0,0.0,True,False,False,0.0,False,False,37.352
277,13.85,0,alert,alert,0.686856,0.686856,0.000344,0.0,0.000826,0.311974,0.493946,0.855187,0.0,0.115646,0.105901,0.105901,0.0,0.0,0.0,True,False,False,0.0,False,False,37.498
278,13.9,0,alert,alert,0.620501,0.620501,0.000353,0.0,0.000707,0.378438,0.454966,0.896704,0.0,0.117896,0.107098,0.107098,0.0,0.0,0.0,True,False,False,0.0,False,False,37.774
279,13.95,0,alert,alert,0.635829,0.635829,0.000337,0.0,0.000716,0.363119,0.340568,0.919355,0.0,0.118983,0.107916,0.107916,0.0,0.0,0.0,True,False,False,0.0,False,False,37.933
280,14.0,0,alert,alert,0.620829,0.620829,0.000321,0.0,0.000707,0.378143,0.16812,0.940772,0.0,0.119949,0.108131,0.108131,0.0,0.0,0.0,True,False,False,0.0,False,False,47.603
281,14.05,0,alert,alert,0.639948,0.639948,0.000285,0.0,0.000779,0.358987,0.074412,0.9488,0.0,0.120084,0.10801,0.10801,0.0,0.0,0.0,True,False,False,0.0,False,False,37.554
282,14.1,0,alert,alert,0.600523,0.600523,0.000282,0.0,0.000752,0.398444,0.046156,0.952739,0.0,0.120059,0.107787,0.107787,0.0,0.0,0.0,True,False,False,0.0,False,False,38.096
283,14.15,0,alert,alert,0.665951,0.665951,0.000281,0.0,0.00069,0.333078,0.040567,0.952944,0.0,0.120011,0.107547,0.107547,0.0,0.0,0.0,True,False,False,0.0,False,False,38.052
284,14.2,0,alert,alert,0.644574,0.644574,0.000281,0.0,0.000642,0.354503,0.038065,0.951926,0.0,0.119597,0.107299,0.107299,0.0,0.0,0.0,True,False,False,0.0,False,False,38.494
285,14.25,0,alert,alert,0.585043,0.585043,0.000285,0.0,0.000631,0.414042,0.075806,0.938207,0.0,0.120062,0.107189,0.107189,0.0,0.0,0.0,True,False,False,0.0,False,False,46.272
286,14.3,0,alert,alert,0.721437,0.721437,0.000255,0.0,0.000628,0.27768,0.052413,0.946526,0.0,0.119846,0.106996,0.106996,0.0,0.0,0.0,True,False,False,0.0,False,False,37.354
287,14.35,0,alert,alert,0.805241,0.805241,0.00023,0.0,0.00061,0.193919,0.059709,0.942792,0.0,0.118627,0.106831,0.106831,0.0,0.0,0.0,True,False,False,0.0,False,False,37.231
288,14.4,0,alert,alert,0.885776,0.885776,0.000187,0.0,0.000618,0.113419,0.046718,0.947914,0.0,0.11798,0.106621,0.106621,0.0,0.0,0.0,True,False,False,0.0,False,False,37.35
289,14.45,0,alert,alert,0.887715,0.887715,0.000182,0.0,0.000643,0.111461,0.060274,0.942147,0.0,0.117691,0.10646,0.10646,0.0,0.0,0.0,True,False,False,0.0,False,False,37.247
290,14.5,0,alert,alert,0.914999,0.914999,0.000164,0.0,0.000673,0.084163,0.056898,0.943333,0.0,0.1179,0.106289,0.106289,0.0,0.0,0.0,True,False,False,0.0,False,False,46.127
291,14.55,0,alert,alert,0.908919,0.908919,0.000169,0.0,0.000738,0.090173,0.04557,0.947736,0.0,0.117925,0.106079,0.106079,0.0,0.0,0.0,True,False,False,0.0,False,False,37.64
292,14.6,0,alert,alert,0.853029,0.853029,0.000198,0.0,0.000862,0.145911,0.438082,0.862577,0.0,0.119795,0.107121,0.107121,0.0,0.0,0.0,True,False,False,0.0,False,False,37.651
293,14.65,0,alert,alert,0.815338,0.815338,0.00023,0.0,0.000943,0.18349,0.404929,0.885632,0.0,0.12155,0.108079,0.108079,0.0,0.0,0.0,True,False,False,0.0,False,False,37.293
294,14.7,0,alert,alert,0.836231,0.836231,0.000227,0.0,0.000895,0.162646,0.274566,0.920716,0.0,0.122298,0.108633,0.108633,0.0,0.0,0.0,True,False,False,0.0,False,False,37.181
295,14.75,0,alert,alert,0.926193,0.926193,0.000182,0.0,0.000775,0.072851,0.109852,0.944371,0.0,0.123072,0.108637,0.108637,0.0,0.0,0.0,True,False,False,0.0,False,False,46.073
296,14.8,0,alert,alert,0.948852,0.948852,0.000169,0.0,0.000771,0.050209,0.052023,0.951941,0.0,0.123105,0.108444,0.108444,0.0,0.0,0.0,True,False,False,0.0,False,False,37.152
297,14.85,0,alert,alert,0.953932,0.953932,0.000171,0.0,0.000783,0.045113,0.042285,0.952165,0.0,0.122699,0.108218,0.108218,0.0,0.0,0.0,True,False,False,0.0,False,False,37.141
298,14.9,0,alert,alert,0.957932,0.957932,0.000174,0.0,0.000828,0.041066,0.041685,0.952012,0.0,0.121385,0.107992,0.107992,0.0,0.0,0.0,True,False,False,0.0,False,False,37.22
299,14.95,0,alert,alert,0.959516,0.959516,0.000182,0.0,0.000857,0.039445,0.040322,0.951778,0.0,0.120976,0.107763,0.107763,0.0,0.0,0.0,True,False,False,0.0,False,False,36.979
300,15.0,0,alert,alert,0.968974,0.968974,0.000179,0.0,0.000885,0.029962,0.040352,0.951591,0.0,0.117301,0.107536,0.107536,0.0,0.0,0.0,True,False,False,0.0,False,False,45.949
301,15.05,0,alert,alert,0.974497,0.974497,0.000177,0.0,0.000998,0.024328,0.03847,0.951847,0.0,0.11502,0.107304,0.107304,0.0,0.0,0.0,True,False,False,0.0,False,False,37.225
302,15.1,0,alert,alert,0.975061,0.975061,0.000185,0.0,0.001082,0.023672,0.037861,0.951825,0.0,0.11265,0.107071,0.107071,0.0,0.0,0.0,True,False,False,0.0,False,False,37.747
303,15.15,0,alert,alert,0.976796,0.976796,0.000193,0.0,0.001192,0.021819,0.037677,0.95116,0.0,0.110251,0.106839,0.106839,0.0,0.0,0.0,True,False,False,0.0,False,False,37.555
304,15.2,0,alert,alert,0.979,0.979,0.0002,0.0,0.001268,0.019533,0.038102,0.950222,0.0,0.109887,0.106611,0.106611,0.0,0.0,0.0,True,False,False,0.0,False,False,37.994
305,15.25,0,alert,alert,0.97749,0.97749,0.000227,0.0,0.001308,0.020975,0.040626,0.949062,0.0,0.106038,0.106393,0.106393,0.0,0.0,0.0,True,False,False,0.0,False,False,46.263
306,15.3,0,alert,alert,0.978332,0.978332,0.000241,0.0,0.001284,0.020144,0.043807,0.947552,0.0,0.103742,0.106186,0.106186,0.0,0.0,0.0,True,False,False,0.0,False,False,38.039
307,15.35,0,alert,alert,0.978597,0.978597,0.000258,0.0,0.001253,0.019892,0.044935,0.947021,0.0,0.101361,0.105986,0.105986,0.0,0.0,0.0,True,False,False,0.0,False,False,37.722
308,15.4,0,alert,alert,0.974659,0.974659,0.000291,0.0,0.001238,0.023812,0.059358,0.941718,0.0,0.099282,0.105834,0.105834,0.0,0.0,0.0,True,False,False,0.0,False,False,38.276
309,15.45,0,alert,alert,0.971946,0.971946,0.000294,0.0,0.001257,0.026502,0.057264,0.943487,0.0,0.099072,0.105676,0.105676,0.0,0.0,0.0,True,False,False,0.0,False,False,37.84
310,15.5,0,alert,alert,0.963513,0.963513,0.000301,0.0,0.001305,0.034881,0.052334,0.945353,0.0,0.096201,0.105503,0.105503,0.0,0.0,0.0,True,False,False,0.0,False,False,46.107
311,15.55,0,alert,alert,0.960419,0.960419,0.000293,0.0,0.00127,0.038018,0.050589,0.944177,0.0,0.094498,0.105326,0.105326,0.0,0.0,0.0,True,False,False,0.0,False,False,37.158
312,15.6,0,alert,alert,0.96264,0.96264,0.000263,0.0,0.001184,0.035913,0.052513,0.943507,0.0,0.093464,0.105156,0.105156,0.0,0.0,0.0,True,False,False,0.0,False,False,37.275
313,15.65,0,alert,alert,0.960563,0.960563,0.000236,0.0,0.001491,0.03771,0.047574,0.944295,0.0,0.092498,0.104972,0.104972,0.0,0.0,0.0,True,False,False,0.0,False,False,37.307
314,15.7,0,alert,alert,0.96791,0.96791,0.000193,0.0,0.001599,0.030298,0.05344,0.941507,0.0,0.092304,0.104808,0.104808,0.0,0.0,0.0,True,False,False,0.0,False,False,37.298
315,15.75,0,alert,alert,0.967358,0.967358,0.000188,0.0,0.001361,0.031093,0.342255,0.895544,0.0,0.091317,0.105525,0.105525,0.0,0.0,0.0,True,False,False,0.0,False,False,46.245
316,15.8,0,alert,alert,0.961552,0.961552,0.000205,0.0,0.001168,0.037075,0.355948,0.903652,0.0,0.091344,0.106287,0.106287,0.0,0.0,0.0,True,False,False,0.0,False,False,37.073
317,15.85,0,alert,alert,0.970095,0.970095,0.000188,0.0,0.001039,0.028679,0.175119,0.940763,0.0,0.091381,0.106504,0.106504,0.0,0.0,0.0,True,False,False,0.0,False,False,37.182
318,15.9,0,alert,alert,0.970391,0.970391,0.000188,0.0,0.00097,0.028452,0.094968,0.949359,0.0,0.091462,0.106467,0.106467,0.0,0.0,0.0,True,False,False,0.0,False,False,37.572
319,15.95,0,alert,alert,0.963743,0.963743,0.000205,0.0,0.000937,0.035114,0.066452,0.948881,0.0,0.091336,0.106341,0.106341,0.0,0.0,0.0,True,False,False,0.0,False,False,38.024
320,16.0,0,alert,alert,0.958338,0.958338,0.000218,0.0,0.000884,0.04056,0.077245,0.942848,0.0,0.091626,0.10625,0.10625,0.0,0.0,0.0,True,False,False,0.0,False,False,46.599
321,16.05,0,alert,alert,0.962754,0.962754,0.000206,0.0,0.000858,0.036182,0.051763,0.948762,0.0,0.091657,0.106078,0.106078,0.0,0.0,0.0,True,False,False,0.0,False,False,37.662
322,16.1,0,alert,alert,0.965429,0.965429,0.000198,0.0,0.000862,0.03351,0.048509,0.949608,0.0,0.091693,0.105898,0.105898,0.0,0.0,0.0,True,False,False,0.0,False,False,38.009
323,16.15,0,alert,alert,0.970173,0.970173,0.000191,0.0,0.000849,0.028788,0.055,0.946259,0.0,0.091509,0.105739,0.105739,0.0,0.0,0.0,True,False,False,0.0,False,False,37.732
324,16.2,0,alert,alert,0.971014,0.971014,0.000191,0.0,0.000857,0.027937,0.073893,0.941002,0.0,0.091688,0.105641,0.105641,0.0,0.0,0.0,True,False,False,0.0,False,False,37.699
325,16.25,0,alert,alert,0.971136,0.971136,0.000195,0.0,0.000853,0.027816,0.079429,0.939938,0.0,0.092169,0.10556,0.10556,0.0,0.0,0.0,True,False,False,0.0,False,False,46.003
326,16.3,0,alert,alert,0.973428,0.973428,0.000195,0.0,0.000836,0.02554,0.099848,0.936928,0.0,0.092489,0.105543,0.105543,0.0,0.0,0.0,True,False,False,0.0,False,False,37.049
327,16.35,0,alert,alert,0.976553,0.976553,0.000195,0.0,0.000809,0.022443,0.073313,0.943905,0.0,0.09266,0.105444,0.105444,0.0,0.0,0.0,True,False,False,0.0,False,False,37.324
328,16.4,0,alert,alert,0.978222,0.978222,0.000196,0.0,0.000802,0.02078,0.070338,0.942269,0.0,0.092549,0.105337,0.105337,0.0,0.0,0.0,True,False,False,0.0,False,False,37.413
329,16.45,0,alert,alert,0.97973,0.97973,0.000197,0.0,0.000807,0.019266,0.058915,0.944875,0.0,0.09259,0.105195,0.105195,0.0,0.0,0.0,True,False,False,0.101959,False,False,37.456
330,16.5,0,alert,alert,0.981532,0.981532,0.000188,0.0,0.000853,0.017427,0.057009,0.944539,0.0,0.092695,0.105048,0.105048,0.0,0.0,0.0,True,False,False,0.016815,False,False,46.233
331,16.55,0,alert,alert,0.981683,0.981683,0.000183,0.0,0.000871,0.017263,0.050606,0.946899,0.0,0.092697,0.104883,0.104883,0.0,0.0,0.0,True,False,False,0.0,False,False,37.597
332,16.6,0,alert,alert,0.983458,0.983458,0.000176,0.0,0.00088,0.015486,0.044156,0.9492,0.0,0.092698,0.104698,0.104698,0.0,0.0,0.0,True,False,False,0.016815,False,False,37.187
333,16.65,0,alert,alert,0.984428,0.984428,0.000177,0.0,0.000875,0.014521,0.042121,0.950387,0.0,0.092443,0.104508,0.104508,0.0,0.0,0.0,True,False,False,0.050232,False,False,37.379
334,16.7,0,alert,alert,0.985257,0.985257,0.000172,0.0,0.000907,0.013663,0.043836,0.948989,0.0,0.09246,0.104325,0.104325,0.0,0.0,0.0,True,False,False,0.0,False,False,37.135
335,16.75,0,alert,alert,0.985369,0.985369,0.000175,0.0,0.000907,0.013548,0.044463,0.949247,0.0,0.092688,0.104145,0.104145,0.0,0.0,0.0,True,False,False,0.0,False,False,46.67
336,16.8,0,alert,alert,0.986056,0.986056,0.00017,0.0,0.000927,0.012846,0.043268,0.949362,0.0,0.092684,0.103962,0.103962,0.0,0.0,0.0,True,False,False,0.182983,False,False,37.311
337,16.85,0,alert,alert,0.984967,0.984967,0.000173,0.0,0.00094,0.01392,0.042105,0.949782,0.0,0.092677,0.103777,0.103777,0.0,0.0,0.0,True,False,False,0.171997,False,False,37.304
338,16.9,0,alert,alert,0.983728,0.983728,0.000189,0.0,0.000939,0.015144,0.055661,0.9441,0.0,0.092492,0.103634,0.103634,0.0,0.0,0.0,True,False,False,0.0,False,False,37.23
339,16.95,0,alert,alert,0.981604,0.981604,0.000209,0.0,0.000916,0.017271,0.056156,0.944207,0.0,0.092522,0.103493,0.103493,0.0,0.0,0.0,True,False,False,0.0,False,False,37.33
340,17.0,0,alert,alert,0.968913,0.968913,0.000277,0.0,0.000977,0.029833,0.06405,0.941427,0.0,0.092717,0.103377,0.103377,0.0,0.0,0.0,True,False,False,0.0,False,False,46.248
341,17.05,0,alert,alert,0.950852,0.950852,0.00035,0.0,0.000998,0.047801,0.054837,0.943193,0.0,0.092677,0.103235,0.103235,0.0,0.0,0.0,True,False,False,0.0,False,False,37.289
342,17.1,0,alert,alert,0.919745,0.919745,0.00044,0.0,0.001012,0.078803,0.061448,0.943662,0.0,0.09267,0.103112,0.103112,0.0,0.0,0.0,True,False,False,0.0,False,False,37.6
343,17.15,0,alert,alert,0.882138,0.882138,0.000478,0.0,0.001056,0.116328,0.092608,0.939878,0.0,0.092669,0.103081,0.103081,0.0,0.0,0.0,True,False,False,0.0,False,False,37.605
344,17.2,0,alert,alert,0.842971,0.842971,0.000484,0.0,0.00099,0.155554,0.073999,0.943869,0.0,0.092726,0.102997,0.102997,0.0,0.0,0.0,True,False,False,0.0,False,False,37.435
345,17.25,0,alert,alert,0.839468,0.839468,0.000459,0.0,0.000908,0.159165,0.07079,0.944693,0.0,0.092993,0.102903,0.102903,0.0,0.0,0.0,True,False,False,0.0,False,False,46.964
346,17.3,0,alert,alert,0.830868,0.830868,0.000437,0.0,0.000908,0.167787,0.055757,0.948665,0.0,0.092989,0.102765,0.102765,0.0,0.0,0.0,True,False,False,0.0,False,False,37.803
347,17.35,0,alert,alert,0.84205,0.84205,0.000404,0.0,0.000899,0.156646,0.053471,0.948601,0.0,0.092993,0.102622,0.102622,0.0,0.0,0.0,True,False,False,0.0,False,False,37.802
348,17.4,0,alert,alert,0.853546,0.853546,0.000368,0.0,0.000866,0.14522,0.051899,0.948995,0.0,0.092787,0.102475,0.102475,0.0,0.0,0.0,True,False,False,0.0,False,False,37.537
349,17.45,0,alert,alert,0.842433,0.842433,0.000368,0.0,0.000866,0.156333,0.044742,0.950122,0.0,0.092746,0.102308,0.102308,0.0,0.0,0.0,True,False,False,0.0,False,False,37.502
350,17.5,0,alert,alert,0.817896,0.817896,0.000381,0.0,0.000862,0.180861,0.04282,0.950664,0.0,0.089184,0.102136,0.102136,0.0,0.0,0.0,True,False,False,0.0,False,False,45.926
351,17.55,0,alert,alert,0.723234,0.723234,0.000431,0.0,0.000854,0.275481,0.041469,0.951256,0.0,0.08706,0.101962,0.101962,0.0,0.0,0.0,True,False,False,0.0,False,False,37.121
352,17.6,0,alert,alert,0.658534,0.658534,0.000458,0.0,0.000808,0.340201,0.044194,0.950337,0.0,0.085392,0.101796,0.101796,0.0,0.0,0.0,True,False,False,0.0,False,False,37.075
353,17.65,0,alert,alert,0.601626,0.601626,0.00047,0.0,0.000756,0.397148,0.043453,0.950083,0.0,0.085182,0.101629,0.101629,0.0,0.0,0.0,True,False,False,0.0,False,False,36.983
354,17.7,0,alert,alert,0.690018,0.690018,0.000441,0.0,0.000747,0.308794,0.045899,0.948262,0.0,0.084407,0.101471,0.101471,0.0,0.0,0.0,True,False,False,0.0,False,False,36.853
355,17.75,0,alert,alert,0.718405,0.718405,0.000435,0.0,0.000731,0.280429,0.04548,0.947689,0.0,0.084397,0.101312,0.101312,0.0,0.0,0.0,True,False,False,0.0,False,False,45.969
356,17.8,0,alert,alert,0.673679,0.673679,0.000474,0.0,0.000741,0.325106,0.059222,0.943882,0.0,0.084491,0.101193,0.101193,0.0,0.0,0.0,True,False,False,0.0,False,False,37.5
357,17.85,0,alert,alert,0.70404,0.70404,0.00048,0.0,0.000751,0.294729,0.060969,0.942932,0.0,0.084535,0.10108,0.10108,0.0,0.0,0.0,True,False,False,0.0,False,False,37.083
358,17.9,0,alert,alert,0.684036,0.684036,0.000502,0.0,0.000761,0.314701,0.056493,0.946096,0.0,0.084395,0.100955,0.100955,0.0,0.0,0.0,True,False,False,0.0,False,False,37.018
359,17.95,4,distraction,distracted,0.529933,0.468705,0.000619,0.0,0.000742,0.529933,0.067039,0.943736,0.0,0.084469,0.10086,0.10086,0.0,0.0,0.0,True,False,False,0.0,False,False,37.159
360,18.0,4,distraction,distracted,0.746649,0.252138,0.000621,0.0,0.000592,0.746649,0.429613,0.875912,0.0,0.084654,0.10171,0.10171,0.0,0.0,0.0,True,False,False,0.0,False,False,46.069
361,18.05,4,distraction,distracted,0.798111,0.200799,0.000572,0.0,0.000518,0.798111,0.275292,0.92218,0.0,0.0838,0.102182,0.102182,0.0,0.0,0.0,True,False,False,0.0,False,False,37.28
362,18.1,4,distraction,distracted,0.818533,0.180487,0.000503,0.0,0.000477,0.818533,0.124605,0.941143,0.0,0.082317,0.102244,0.102244,0.0,0.0,0.0,True,False,False,0.0,False,False,37.028
363,18.15,4,distraction,distracted,0.773496,0.22552,0.000481,0.0,0.000502,0.773496,0.061783,0.952288,0.0,0.082214,0.102131,0.102131,0.0,0.0,0.0,True,False,False,0.0,False,False,37.296
364,18.2,4,distraction,distracted,0.739759,0.259278,0.000445,0.0,0.000519,0.739759,0.043351,0.952561,0.0,0.080828,0.101967,0.101967,0.0,0.0,0.0,True,False,False,0.0,False,False,37.147
365,18.25,4,distraction,distracted,0.574106,0.42483,0.000422,0.0,0.000642,0.574106,0.043403,0.950252,0.0,0.080761,0.101805,0.101805,0.0,0.0,0.0,True,False,False,0.0,False,False,46.125
366,18.3,0,alert,alert,0.523658,0.523658,0.000363,0.0,0.000698,0.475281,0.040426,0.951246,0.0,0.08075,0.101636,0.101636,0.0,0.0,0.0,True,False,False,1.0,False,False,37.616
367,18.35,0,alert,alert,0.685956,0.685956,0.000296,0.0,0.000692,0.313055,0.052228,0.945668,0.0,0.0808,0.1015,0.1015,0.0,0.0,0.0,True,False,False,1.0,False,False,37.619
368,18.4,0,alert,alert,0.771953,0.771953,0.000245,0.0,0.000758,0.227044,0.0484,0.94731,0.0,0.080638,0.101355,0.101355,0.0,0.0,0.0,True,False,False,1.0,False,False,37.493
369,18.45,0,alert,alert,0.85188,0.85188,0.000197,0.0,0.000908,0.147015,0.053431,0.945854,0.0,0.080847,0.101225,0.101225,0.0,0.0,0.0,True,False,False,1.0,False,False,37.201
370,18.5,0,alert,alert,0.902371,0.902371,0.00016,0.0,0.000978,0.096492,0.045728,0.947259,0.0,0.080853,0.101074,0.101074,0.0,0.0,0.0,True,False,False,1.0,False,False,46.186
371,18.55,0,alert,alert,0.927755,0.927755,0.000144,0.0,0.000997,0.071104,0.047308,0.946759,0.0,0.080869,0.100928,0.100928,0.0,0.0,0.0,True,False,False,1.0,False,False,37.063
372,18.6,0,alert,alert,0.87327,0.87327,0.000178,0.0,0.001157,0.125396,0.050031,0.946,0.0,0.080885,0.10079,0.10079,0.0,0.0,0.0,True,False,False,1.0,False,False,37.533
373,18.65,0,alert,alert,0.849375,0.849375,0.0002,0.0,0.000969,0.149456,0.059044,0.942458,0.0,0.080776,0.100678,0.100678,0.0,0.0,0.0,True,False,False,1.0,False,False,37.79
374,18.7,0,alert,alert,0.769827,0.769827,0.000257,0.0,0.000843,0.229073,0.054372,0.942292,0.0,0.080773,0.100554,0.100554,0.0,0.0,0.0,True,False,False,0.0,False,False,37.792
375,18.75,0,alert,alert,0.782046,0.782046,0.000268,0.0,0.000741,0.216944,0.048373,0.944871,0.0,0.080753,0.100415,0.100415,0.0,0.0,0.0,True,False,False,0.0,False,False,46.898
376,18.8,0,alert,alert,0.745749,0.745749,0.000285,0.0,0.000732,0.253233,0.046479,0.946077,0.0,0.080748,0.10027,0.10027,0.0,0.0,0.0,True,False,False,0.0,False,False,37.689
377,18.85,0,alert,alert,0.799709,0.799709,0.000265,0.0,0.000742,0.199283,0.046626,0.946877,0.0,0.080759,0.100127,0.100127,0.0,0.0,0.0,True,False,False,0.0,False,False,37.243
378,18.9,0,alert,alert,0.818866,0.818866,0.000254,0.0,0.00081,0.180071,0.044647,0.947421,0.0,0.080578,0.099979,0.099979,0.0,0.0,0.0,True,False,False,0.0,False,False,38.385
379,18.95,0,alert,alert,0.595793,0.595793,0.000329,0.0,0.000934,0.402943,0.393603,0.875949,0.0,0.082425,0.100701,0.100701,0.0,0.0,0.0,True,False,False,0.0,False,False,37.748
380,19.0,4,distraction,distracted,0.69474,0.304221,0.000353,0.0,0.000686,0.69474,0.490833,0.845912,0.0,0.084478,0.101624,0.101624,0.0,0.0,0.0,True,False,False,0.0,False,False,46.933
381,19.05,4,distraction,distracted,0.685021,0.313929,0.000374,0.0,0.000675,0.685021,0.456046,0.885207,0.0,0.086441,0.102499,0.102499,0.0,0.0,0.0,True,False,False,0.0,False,False,37.452
382,19.1,4,distraction,distracted,0.738391,0.26066,0.00036,0.0,0.000589,0.738391,0.394421,0.905345,0.0,0.088162,0.103235,0.103235,0.0,0.0,0.0,True,False,False,0.0,False,False,37.356
383,19.15,4,distraction,distracted,0.714842,0.284178,0.000384,0.0,0.000595,0.714842,0.329356,0.920536,0.0,0.089336,0.103813,0.103813,0.0,0.0,0.0,True,False,False,0.0,False,False,38.117
384,19.2,4,distraction,distracted,0.745572,0.2535,0.000386,0.0,0.000542,0.745572,0.168381,0.942288,0.0,0.090193,0.103981,0.103981,0.0,0.0,0.0,True,False,False,0.0,False,False,37.514
385,19.25,4,distraction,distracted,0.770042,0.229049,0.000383,0.0,0.000526,0.770042,0.095131,0.948126,0.0,0.090421,0.103958,0.103958,0.0,0.0,0.0,True,False,False,0.0,False,False,46.819
386,19.3,4,distraction,distracted,0.780131,0.218982,0.000374,0.0,0.000512,0.780131,0.111334,0.943842,0.0,0.090739,0.103977,0.103977,0.0,0.0,0.0,True,False,False,0.0,False,False,37.51
387,19.35,4,distraction,distracted,0.790507,0.208643,0.000363,0.0,0.000488,0.790507,0.104376,0.944312,0.0,0.091042,0.103978,0.103978,0.0,0.0,0.0,True,False,False,0.0,False,False,37.861
388,19.4,4,distraction,distracted,0.852181,0.147077,0.000332,0.0,0.000411,0.852181,0.084762,0.94582,0.0,0.091011,0.103929,0.103929,0.0,0.0,0.0,True,False,False,1.0,False,False,37.626
389,19.45,4,distraction,distracted,0.867228,0.132046,0.000336,0.0,0.00039,0.867228,0.062891,0.948746,0.0,0.091256,0.103822,0.103822,0.0,0.0,0.0,True,False,False,1.0,False,False,37.211
390,19.5,4,distraction,distracted,0.875585,0.123705,0.00034,0.0,0.00037,0.875585,0.053886,0.948887,0.0,0.091291,0.103693,0.103693,0.0,0.0,0.0,True,False,False,1.0,False,False,46.243
391,19.55,4,distraction,distracted,0.881278,0.118017,0.00035,0.0,0.000355,0.881278,0.055726,0.948117,0.0,0.091309,0.103569,0.103569,0.0,0.0,0.0,True,False,False,1.0,False,False,37.623
392,19.6,4,distraction,distracted,0.873418,0.125844,0.000376,0.0,0.000362,0.873418,0.054686,0.948619,0.0,0.091316,0.103444,0.103444,0.0,0.0,0.0,True,False,False,0.0,False,False,37.401
393,19.65,4,distraction,distracted,0.874404,0.12483,0.000401,0.0,0.000365,0.874404,0.060135,0.947071,0.0,0.09116,0.103333,0.103333,0.0,0.0,0.0,True,False,False,0.0,False,False,37.332
394,19.7,4,distraction,distracted,0.861479,0.137715,0.000429,0.0,0.000378,0.861479,0.05525,0.94877,0.0,0.08856,0.103209,0.103209,0.0,0.0,0.0,True,False,False,0.0,False,False,37.324
395,19.75,4,distraction,distracted,0.876673,0.122544,0.000421,0.0,0.000363,0.876673,0.051451,0.949032,0.0,0.087987,0.103077,0.103077,0.0,0.0,0.0,True,False,False,0.0,False,False,46.268
396,19.8,4,distraction,distracted,0.882652,0.116595,0.000407,0.0,0.000346,0.882652,0.04824,0.950468,0.0,0.087818,0.102937,0.102937,0.0,0.0,0.0,True,False,False,0.0,False,False,37.595
397,19.85,4,distraction,distracted,0.859611,0.1396,0.000423,0.0,0.000366,0.859611,0.045648,0.951244,0.0,0.087763,0.102791,0.102791,0.0,0.0,0.0,True,False,False,0.0,False,False,37.547
398,19.9,4,distraction,distracted,0.875352,0.123894,0.000404,0.0,0.00035,0.875352,0.048055,0.949859,0.0,0.087564,0.102653,0.102653,0.0,0.0,0.0,True,False,False,0.0,False,False,37.406
399,19.95,4,distraction,distracted,0.887495,0.111755,0.0004,0.0,0.00035,0.887495,0.066454,0.942286,0.0,0.08787,0.102562,0.102562,0.0,0.0,0.0,True,False,False,0.0,False,False,37.357
400,20.0,4,distraction,distracted,0.883015,0.116182,0.000427,0.0,0.000375,0.883015,0.089716,0.939225,0.0,0.088036,0.10253,0.10253,0.0,0.0,0.0,True,False,False,0.0,False,False,46.057
401,20.05,4,distraction,distracted,0.9022,0.097041,0.000416,0.0,0.000343,0.9022,0.351183,0.896832,0.0,0.089463,0.103121,0.103121,0.0,0.0,0.0,True,False,False,0.0,False,False,37.493
402,20.1,4,distraction,distracted,0.936645,0.062669,0.000396,0.0,0.000289,0.936645,0.494291,0.851697,0.0,0.091519,0.104002,0.104002,0.0,0.0,0.0,True,False,False,0.0,False,False,37.188
403,20.15,4,distraction,distracted,0.942028,0.057248,0.000439,0.0,0.000285,0.942028,0.489574,0.881488,0.0,0.093376,0.104899,0.104899,0.0,0.0,0.0,True,False,False,0.0,False,False,37.106
404,20.2,4,distraction,distracted,0.921409,0.077698,0.000569,0.0,0.000323,0.921409,0.481284,0.893791,0.0,0.095676,0.105785,0.105785,0.0,0.0,0.0,True,False,False,0.0,False,False,37.484
405,20.25,4,distraction,distracted,0.855056,0.143794,0.000732,0.0,0.000418,0.855056,0.366847,0.911978,0.0,0.09717,0.10641,0.10641,0.0,0.0,0.0,True,False,False,0.0,False,False,46.269
406,20.3,4,distraction,distracted,0.792698,0.205988,0.000818,0.0,0.000496,0.792698,0.22569,0.925482,0.0,0.098032,0.106699,0.106699,0.0,0.0,0.0,True,False,False,1.0,False,False,37.222
407,20.35,4,distraction,distracted,0.668461,0.329921,0.00097,0.0,0.000648,0.668461,0.118594,0.938639,0.0,0.098389,0.106729,0.106729,0.0,0.0,0.0,True,False,False,1.0,False,False,37.255
408,20.4,0,alert,alert,0.506128,0.506128,0.000964,0.0,0.000785,0.492123,0.062322,0.946649,0.0,0.098208,0.106619,0.106619,0.0,0.0,0.0,True,False,False,1.0,False,False,37.497
409,20.45,0,alert,alert,0.681415,0.681415,0.000819,0.0,0.000839,0.316926,0.071958,0.942693,0.0,0.0986,0.106534,0.106534,0.0,0.0,0.0,True,False,False,1.0,False,False,37.563
410,20.5,0,alert,alert,0.824793,0.824793,0.000595,0.0,0.000843,0.173769,0.059339,0.944187,0.0,0.098675,0.106418,0.106418,0.0,0.0,0.0,True,False,False,1.0,False,False,46.368
411,20.55,0,alert,alert,0.853409,0.853409,0.000532,0.0,0.000909,0.145149,0.047921,0.948594,0.0,0.098644,0.106275,0.106275,0.0,0.0,0.0,True,False,False,1.0,False,False,37.314
412,20.6,0,alert,alert,0.89729,0.89729,0.000431,0.0,0.000916,0.101363,0.046954,0.948408,0.0,0.098625,0.10613,0.10613,0.0,0.0,0.0,True,False,False,0.0,False,False,37.657
413,20.65,0,alert,alert,0.901133,0.901133,0.000391,0.0,0.000925,0.09755,0.041978,0.949405,0.0,0.09834,0.105973,0.105973,0.0,0.0,0.0,True,False,False,0.0,False,False,37.163
414,20.7,0,alert,alert,0.892326,0.892326,0.000381,0.0,0.000949,0.106343,0.042026,0.948733,0.0,0.098449,0.105817,0.105817,0.0,0.0,0.0,True,False,False,0.0,False,False,37.412
415,20.75,0,alert,alert,0.901287,0.901287,0.000357,0.0,0.000952,0.097404,0.042099,0.94906,0.0,0.098314,0.105662,0.105662,0.0,0.0,0.0,True,False,False,0.0,False,False,46.375
416,20.8,0,alert,alert,0.870052,0.870052,0.000387,0.0,0.000999,0.128562,0.042109,0.948194,0.0,0.09814,0.105508,0.105508,0.0,0.0,0.0,True,False,False,0.0,False,False,37.435
417,20.85,0,alert,alert,0.840592,0.840592,0.000415,0.0,0.001019,0.157975,0.04091,0.948932,0.0,0.098049,0.105351,0.105351,0.0,0.0,0.0,True,False,False,0.0,False,False,37.485
418,20.9,0,alert,alert,0.82429,0.82429,0.000401,0.0,0.001042,0.174267,0.041957,0.950075,0.0,0.097767,0.105198,0.105198,0.0,0.0,0.0,True,False,False,0.0,False,False,37.327
419,20.95,0,alert,alert,0.870325,0.870325,0.000343,0.0,0.001055,0.128277,0.044007,0.948297,0.0,0.097898,0.105051,0.105051,0.0,0.0,0.0,True,False,False,0.0,False,False,37.52
420,21.0,0,alert,alert,0.824185,0.824185,0.000408,0.0,0.001029,0.174379,0.205934,0.91846,0.0,0.098676,0.105285,0.105285,0.0,0.0,0.0,True,False,False,0.0,False,False,46.343
421,21.05,0,alert,alert,0.806545,0.806545,0.00053,0.0,0.001062,0.191863,0.469475,0.856229,0.0,0.1004,0.106073,0.106073,0.0,0.0,0.0,True,False,False,0.0,False,False,37.238
422,21.1,0,alert,alert,0.858685,0.858685,0.000583,0.0,0.001005,0.139727,0.487098,0.862448,0.0,0.102142,0.106902,0.106902,0.0,0.0,0.0,True,False,False,0.0,False,False,37.877
423,21.15,0,alert,alert,0.895622,0.895622,0.000547,0.0,0.000963,0.102867,0.42874,0.891231,0.0,0.103684,0.107624,0.107624,0.0,0.0,0.0,True,False,False,0.0,False,False,37.78
424,21.2,0,alert,alert,0.843436,0.843436,0.000788,0.0,0.001073,0.154703,0.360469,0.901658,0.0,0.104463,0.108196,0.108196,0.0,0.0,0.0,True,False,False,0.0,False,False,37.823
425,21.25,0,alert,alert,0.797482,0.797482,0.000913,0.0,0.001112,0.200493,0.229111,0.919213,0.0,0.105049,0.108474,0.108474,0.0,0.0,0.0,True,False,False,0.0,False,False,46.44
426,21.3,0,alert,alert,0.802914,0.802914,0.000786,0.0,0.001083,0.195217,0.090755,0.93854,0.0,0.105167,0.108433,0.108433,0.0,0.0,0.0,True,False,False,0.0,False,False,37.443
427,21.35,0,alert,alert,0.734595,0.734595,0.000773,0.0,0.001067,0.263565,0.049644,0.94631,0.0,0.105065,0.108294,0.108294,0.0,0.0,0.0,True,False,False,0.0,False,False,37.67
428,21.4,0,alert,alert,0.700495,0.700495,0.000694,0.0,0.000983,0.297828,0.043763,0.949979,0.0,0.104756,0.108142,0.108142,0.0,0.0,0.0,True,False,False,0.0,False,False,37.496
429,21.45,0,alert,alert,0.577685,0.577685,0.000661,0.0,0.000909,0.420745,0.042325,0.949445,0.0,0.104886,0.107987,0.107987,0.0,0.0,0.0,True,False,False,0.0,False,False,37.459
430,21.5,0,alert,alert,0.517564,0.517564,0.000583,0.0,0.000836,0.481017,0.041348,0.949798,0.0,0.104813,0.10783,0.10783,0.0,0.0,0.0,True,False,False,0.0,False,False,46.399
431,21.55,4,distraction,distracted,0.588949,0.409796,0.000529,0.0,0.000726,0.588949,0.042403,0.948851,0.0,0.104623,0.107677,0.107677,0.0,0.0,0.0,True,False,False,0.0,False,False,37.541
432,21.6,0,alert,alert,0.55179,0.55179,0.000446,0.0,0.000735,0.447029,0.042302,0.948621,0.0,0.103744,0.107524,0.107524,0.0,0.0,0.0,True,False,False,0.0,False,False,37.539
433,21.65,4,distraction,distracted,0.503696,0.495174,0.000435,0.0,0.000695,0.503696,0.044665,0.947794,0.0,0.103447,0.107377,0.107377,0.0,0.0,0.0,True,False,False,1.0,False,False,37.733
434,21.7,0,alert,alert,0.611234,0.611234,0.000427,0.0,0.000705,0.387634,0.042427,0.948087,0.0,0.102517,0.107226,0.107226,0.0,0.0,0.0,True,False,False,1.0,False,False,37.77
435,21.75,0,alert,alert,0.619084,0.619084,0.00044,0.0,0.000715,0.379761,0.042604,0.947976,0.0,0.102373,0.107077,0.107077,0.0,0.0,0.0,True,False,False,1.0,False,False,46.23
436,21.8,0,alert,alert,0.665206,0.665206,0.000415,0.0,0.000722,0.333657,0.040085,0.949845,0.0,0.102317,0.106921,0.106921,0.0,0.0,0.0,True,False,False,1.0,False,False,38.969
437,21.85,0,alert,alert,0.632582,0.632582,0.00042,0.0,0.000714,0.366284,0.038809,0.950125,0.0,0.102274,0.106764,0.106764,0.0,0.0,0.0,True,False,False,0.888047,False,False,38.895
438,21.9,0,alert,alert,0.677819,0.677819,0.000397,0.0,0.000707,0.321077,0.039103,0.949678,0.0,0.101957,0.106608,0.106608,0.0,0.0,0.0,True,False,False,0.0,False,False,37.591
439,21.95,0,alert,alert,0.664621,0.664621,0.000401,0.0,0.00069,0.334289,0.040756,0.948587,0.0,0.10226,0.106456,0.106456,0.0,0.0,0.0,True,False,False,0.0,False,False,37.588
440,22.0,0,alert,alert,0.716106,0.716106,0.000388,0.0,0.000683,0.282824,0.044007,0.947544,0.0,0.10227,0.106313,0.106313,0.0,0.0,0.0,True,False,False,0.0,False,False,46.239
441,22.05,0,alert,alert,0.700669,0.700669,0.000414,0.0,0.000691,0.298226,0.043698,0.947902,0.0,0.102276,0.10617,0.10617,0.0,0.0,0.0,True,False,False,1.0,False,False,37.582
442,22.1,0,alert,alert,0.65108,0.65108,0.000455,0.0,0.000698,0.347768,0.043355,0.947929,0.0,0.102256,0.106027,0.106027,0.0,0.0,0.0,True,False,False,1.0,False,False,37.472
443,22.15,0,alert,alert,0.698587,0.698587,0.000442,0.0,0.000694,0.300277,0.045108,0.947088,0.0,0.101969,0.105888,0.105888,0.0,0.0,0.0,True,False,False,0.0,False,False,37.491
444,22.2,0,alert,alert,0.756958,0.756958,0.000423,0.0,0.000704,0.241915,0.045158,0.947452,0.0,0.099327,0.10575,0.10575,0.0,0.0,0.0,True,False,False,0.0,False,False,37.262
445,22.25,0,alert,alert,0.784657,0.784657,0.000426,0.0,0.000721,0.214197,0.046434,0.946096,0.0,0.098843,0.105616,0.105616,0.0,0.0,0.0,True,False,False,0.0,False,False,46.325
446,22.3,0,alert,alert,0.810714,0.810714,0.000417,0.0,0.000738,0.188131,0.05073,0.944002,0.0,0.098747,0.105492,0.105492,0.0,0.0,0.0,True,False,False,0.0,False,False,37.393
447,22.35,0,alert,alert,0.858281,0.858281,0.000375,0.0,0.000734,0.140609,0.045072,0.946987,0.0,0.098739,0.105356,0.105356,0.0,0.0,0.0,True,False,False,0.0,False,False,37.726
448,22.4,0,alert,alert,0.852044,0.852044,0.000434,0.0,0.000765,0.146757,0.367542,0.87117,0.0,0.099979,0.105899,0.105899,0.0,0.0,0.0,True,False,False,0.0,False,False,37.303
449,22.45,0,alert,alert,0.786618,0.786618,0.000721,0.0,0.000871,0.21179,0.505495,0.822787,0.0,0.102335,0.106678,0.106678,0.0,0.0,0.0,True,False,False,0.0,False,False,37.224
450,22.5,0,alert,alert,0.783126,0.783126,0.001056,0.0,0.00095,0.214868,0.581874,0.816699,0.0,0.104736,0.107596,0.107596,0.0,0.0,0.0,True,False,False,0.0,False,False,46.598
451,22.55,0,alert,alert,0.729574,0.729574,0.001919,0.0,0.001152,0.267355,0.659216,0.816791,0.0,0.107482,0.10866,0.10866,0.0,0.0,0.0,True,False,False,1.0,False,False,37.636
452,22.6,0,alert,alert,0.720989,0.720989,0.003077,0.0,0.001424,0.27451,0.599916,0.848001,0.0,0.11005,0.109642,0.109642,0.0,0.0,0.0,True,False,False,1.0,False,False,37.364
453,22.65,0,alert,alert,0.752171,0.752171,0.005189,0.0,0.001877,0.240763,0.558276,0.873318,0.0,0.112129,0.110563,0.110563,0.0,0.0,0.0,True,False,False,1.0,False,False,37.373
454,22.7,0,alert,alert,0.783018,0.783018,0.006224,0.0,0.002208,0.208549,0.459145,0.898543,0.0,0.114481,0.111298,0.111298,0.0,0.0,0.0,True,False,False,1.0,False,False,37.321
455,22.75,0,alert,alert,0.87359,0.87359,0.004095,0.0,0.002231,0.120084,0.363455,0.915206,0.0,0.116058,0.111839,0.111839,0.0,0.0,0.0,True,False,False,1.0,False,False,46.27
456,22.8,0,alert,alert,0.881542,0.881542,0.002595,0.0,0.001864,0.114,0.212176,0.936054,0.0,0.116905,0.112058,0.112058,0.0,0.0,0.0,True,False,False,1.0,False,False,37.412
457,22.85,0,alert,alert,0.84436,0.84436,0.00202,0.0,0.001578,0.152042,0.102537,0.949074,0.0,0.117211,0.112037,0.112037,0.0,0.0,0.0,True,False,False,1.0,False,False,37.614
458,22.9,0,alert,alert,0.831809,0.831809,0.00128,0.0,0.001308,0.165603,0.05257,0.954546,0.0,0.116883,0.111905,0.111905,0.0,0.0,0.0,True,False,False,0.934278,False,False,38.785
459,22.95,0,alert,alert,0.815453,0.815453,0.000906,0.0,0.001143,0.182498,0.041779,0.954264,0.0,0.11728,0.11175,0.11175,0.0,0.0,0.0,True,False,False,0.0,False,False,39.211
460,23.0,0,alert,alert,0.808125,0.808125,0.000778,0.0,0.001109,0.189989,0.40249,0.883534,0.0,0.11903,0.112345,0.112345,0.0,0.0,0.0,True,False,False,0.0,False,False,46.381
461,23.05,0,alert,alert,0.832869,0.832869,0.000761,0.0,0.001069,0.1653,0.510896,0.823987,0.0,0.121167,0.113104,0.113104,0.0,0.0,0.0,True,False,False,0.0,False,False,37.224
462,23.1,0,alert,alert,0.856919,0.856919,0.000755,0.0,0.001047,0.141279,0.513562,0.831411,0.0,0.123319,0.113873,0.113873,0.0,0.0,0.0,True,False,False,0.0,False,False,37.479
463,23.15,0,alert,alert,0.856858,0.856858,0.000768,0.0,0.001084,0.14129,0.427286,0.893082,0.0,0.124764,0.114517,0.114517,0.0,0.0,0.0,True,False,False,0.0,False,False,37.969
464,23.2,0,alert,alert,0.878933,0.878933,0.000671,0.0,0.001064,0.119332,0.253724,0.921562,0.0,0.126257,0.114812,0.114812,0.0,0.0,0.0,True,False,False,0.0,False,False,38.273
465,23.25,0,alert,alert,0.897037,0.897037,0.000575,0.0,0.001007,0.101381,0.093739,0.94166,0.0,0.12652,0.114766,0.114766,0.0,0.0,0.0,True,False,False,0.0,False,False,46.671
466,23.3,0,alert,alert,0.825996,0.825996,0.000678,0.0,0.001055,0.172271,0.049635,0.949468,0.0,0.126524,0.114625,0.114625,0.0,0.0,0.0,True,False,False,0.0,False,False,38.14
467,23.35,0,alert,alert,0.862214,0.862214,0.000557,0.0,0.001008,0.136221,0.043196,0.950186,0.0,0.126509,0.11447,0.11447,0.0,0.0,0.0,True,False,False,0.0,False,False,38.274
468,23.4,0,alert,alert,0.901608,0.901608,0.000417,0.0,0.00097,0.097004,0.039847,0.94937,0.0,0.12607,0.114309,0.114309,0.0,0.0,0.0,True,False,False,0.0,False,False,38.135
469,23.45,0,alert,alert,0.937193,0.937193,0.000327,0.0,0.000897,0.061584,0.042478,0.948929,0.0,0.126484,0.114154,0.114154,0.0,0.0,0.0,True,False,False,0.0,False,False,37.992
470,23.5,0,alert,alert,0.956557,0.956557,0.00028,0.0,0.000836,0.042327,0.04574,0.947693,0.0,0.126517,0.114007,0.114007,0.0,0.0,0.0,True,False,False,0.0,False,False,46.795
471,23.55,0,alert,alert,0.9654,0.9654,0.000273,0.0,0.000868,0.033459,0.072332,0.937618,0.0,0.126687,0.113918,0.113918,0.0,0.0,0.0,True,False,False,0.0,False,False,38.166
472,23.6,0,alert,alert,0.965157,0.965157,0.000304,0.0,0.000904,0.033634,0.079523,0.934719,0.0,0.126899,0.113845,0.113845,0.0,0.0,0.0,True,False,False,0.0,False,False,37.598
473,23.65,0,alert,alert,0.972331,0.972331,0.000279,0.0,0.000894,0.026495,0.074594,0.939001,0.0,0.126637,0.113762,0.113762,0.0,0.0,0.0,True,False,False,0.0,False,False,38.304
474,23.7,0,alert,alert,0.969162,0.969162,0.000299,0.0,0.00095,0.029589,0.058671,0.942313,0.0,0.127194,0.113646,0.113646,0.0,0.0,0.0,True,False,False,0.0,False,False,37.989
475,23.75,0,alert,alert,0.971968,0.971968,0.00028,0.0,0.000916,0.026836,0.050193,0.946474,0.0,0.127245,0.113511,0.113511,0.0,0.0,0.0,True,False,False,0.0,False,False,47.252
476,23.8,0,alert,alert,0.974084,0.974084,0.000264,0.0,0.000902,0.02475,0.052281,0.945412,0.0,0.125561,0.113381,0.113381,0.0,0.0,0.0,True,False,False,0.0,False,False,37.8
477,23.85,0,alert,alert,0.969018,0.969018,0.000292,0.0,0.000917,0.029774,0.058933,0.943819,0.0,0.123538,0.113266,0.113266,0.0,0.0,0.0,True,False,False,0.0,False,False,37.486
478,23.9,0,alert,alert,0.958046,0.958046,0.000338,0.0,0.000943,0.040673,0.064422,0.942252,0.0,0.123242,0.113164,0.113164,0.0,0.0,0.0,True,False,False,0.0,False,False,37.561
479,23.95,0,alert,alert,0.957396,0.957396,0.000331,0.0,0.000925,0.041347,0.058922,0.94405,0.0,0.120257,0.11305,0.11305,0.0,0.0,0.0,True,False,False,0.0,False,False,37.559
480,24.0,0,alert,alert,0.962325,0.962325,0.000304,0.0,0.000895,0.036475,0.057108,0.945676,0.0,0.119697,0.112932,0.112932,0.0,0.0,0.0,True,False,False,0.0,False,False,46.08
481,24.05,0,alert,alert,0.97247,0.97247,0.000263,0.0,0.000878,0.026389,0.0601,0.94244,0.0,0.119626,0.112822,0.112822,0.0,0.0,0.0,True,False,False,0.0,False,False,37.519
482,24.1,0,alert,alert,0.973479,0.973479,0.000266,0.0,0.000921,0.025333,0.054517,0.943838,0.0,0.119672,0.1127,0.1127,0.0,0.0,0.0,True,False,False,0.0,False,False,37.347
483,24.15,0,alert,alert,0.970927,0.970927,0.000289,0.0,0.000925,0.027858,0.048808,0.946343,0.0,0.119315,0.112567,0.112567,0.0,0.0,0.0,True,False,False,0.0,False,False,37.397
484,24.2,0,alert,alert,0.966519,0.966519,0.000317,0.0,0.000921,0.032243,0.047725,0.946587,0.0,0.119767,0.112432,0.112432,0.0,0.0,0.0,True,False,False,0.0,False,False,37.343
485,24.25,0,alert,alert,0.964688,0.964688,0.000328,0.0,0.000894,0.034091,0.045619,0.947229,0.0,0.119612,0.112292,0.112292,0.0,0.0,0.0,True,False,False,0.0,False,False,46.623
486,24.3,0,alert,alert,0.961602,0.961602,0.000339,0.0,0.000886,0.037173,0.04341,0.948125,0.0,0.119566,0.112149,0.112149,0.0,0.0,0.0,True,False,False,0.0,False,False,37.811
487,24.35,0,alert,alert,0.964738,0.964738,0.000324,0.0,0.000858,0.03408,0.04207,0.948712,0.0,0.119475,0.112004,0.112004,0.0,0.0,0.0,True,False,False,0.011322,False,False,37.961
488,24.4,0,alert,alert,0.958458,0.958458,0.000354,0.0,0.000872,0.040316,0.04358,0.947881,0.0,0.119092,0.111862,0.111862,0.0,0.0,0.0,True,False,False,0.0,False,False,37.745
489,24.45,0,alert,alert,0.952788,0.952788,0.000376,0.0,0.000889,0.045948,0.047955,0.946098,0.0,0.119395,0.11173,0.11173,0.0,0.0,0.0,True,False,False,0.0,False,False,37.589
490,24.5,0,alert,alert,0.960496,0.960496,0.000339,0.0,0.000862,0.038304,0.047086,0.946842,0.0,0.119344,0.111597,0.111597,0.0,0.0,0.0,True,False,False,0.0,False,False,46.203
491,24.55,0,alert,alert,0.96484,0.96484,0.000312,0.0,0.000854,0.033994,0.049708,0.945024,0.0,0.119366,0.11147,0.11147,0.0,0.0,0.0,True,False,False,0.021851,False,False,37.366
492,24.6,0,alert,alert,0.967042,0.967042,0.0003,0.0,0.000871,0.031787,0.045717,0.946455,0.0,0.117523,0.111335,0.111335,0.0,0.0,0.0,True,False,False,0.0,False,False,37.364
493,24.65,0,alert,alert,0.975493,0.975493,0.000256,0.0,0.00087,0.023381,0.044208,0.947821,0.0,0.117154,0.111198,0.111198,0.0,0.0,0.0,True,False,False,0.021851,False,False,37.981
494,24.7,0,alert,alert,0.979226,0.979226,0.000239,0.0,0.000899,0.019637,0.042748,0.948125,0.0,0.11464,0.111058,0.111058,0.0,0.0,0.0,True,False,False,0.0,False,False,37.221
495,24.75,0,alert,alert,0.97892,0.97892,0.000244,0.0,0.00094,0.019896,0.04274,0.947641,0.0,0.1143,0.110918,0.110918,0.0,0.0,0.0,True,False,False,0.0,False,False,46.313
496,24.8,0,alert,alert,0.975859,0.975859,0.000258,0.0,0.000986,0.022896,0.041567,0.947891,0.0,0.114248,0.110777,0.110777,0.0,0.0,0.0,True,False,False,0.0,False,False,37.414
497,24.85,0,alert,alert,0.978066,0.978066,0.000245,0.0,0.00099,0.020698,0.039775,0.949338,0.0,0.114237,0.110633,0.110633,0.0,0.0,0.0,True,False,False,0.0,False,False,37.329
498,24.9,0,alert,alert,0.976433,0.976433,0.000252,0.0,0.00102,0.022295,0.038655,0.950247,0.0,0.113855,0.110486,0.110486,0.0,0.0,0.0,True,False,False,0.119354,False,False,37.231
499,24.95,0,alert,alert,0.96886,0.96886,0.000284,0.0,0.001035,0.029822,0.040121,0.948291,0.0,0.114222,0.110344,0.110344,0.0,0.0,0.0,True,False,False,0.0,False,False,37.243
500,25.0,0,alert,alert,0.966006,0.966006,0.000285,0.0,0.001003,0.032706,0.039667,0.948948,0.0,0.11422,0.110201,0.110201,0.0,0.0,0.0,True,False,False,0.0,False,False,46.575
501,25.05,0,alert,alert,0.964482,0.964482,0.000284,0.0,0.000979,0.034254,0.039659,0.949021,0.0,0.114227,0.110059,0.110059,0.0,0.0,0.0,True,False,False,0.010406,False,False,37.377
502,25.1,0,alert,alert,0.968914,0.968914,0.000265,0.0,0.000944,0.029877,0.039866,0.948874,0.0,0.114238,0.109917,0.109917,0.0,0.0,0.0,True,False,False,0.0,False,False,37.593
503,25.15,0,alert,alert,0.973319,0.973319,0.000251,0.0,0.000916,0.025513,0.041095,0.947229,0.0,0.11387,0.109779,0.109779,0.0,0.0,0.0,True,False,False,0.0,False,False,37.25
504,25.2,0,alert,alert,0.967767,0.967767,0.000311,0.0,0.000981,0.030941,0.406538,0.864827,0.0,0.115996,0.110322,0.110322,0.0,0.0,0.0,True,False,False,0.0,False,False,37.454
505,25.25,0,alert,alert,0.965705,0.965705,0.000441,0.0,0.001093,0.032761,0.503475,0.82591,0.0,0.118091,0.111007,0.111007,0.0,0.0,0.0,True,False,False,0.014526,False,False,46.237
506,25.3,0,alert,alert,0.975227,0.975227,0.000394,0.0,0.001065,0.023313,0.439939,0.888115,0.0,0.119998,0.111623,0.111623,0.0,0.0,0.0,True,False,False,0.014526,False,False,37.565
507,25.35,0,alert,alert,0.977874,0.977874,0.000365,0.0,0.00108,0.020681,0.310863,0.920971,0.0,0.12132,0.112008,0.112008,0.0,0.0,0.0,True,False,False,0.0,False,False,37.344
508,25.4,0,alert,alert,0.978679,0.978679,0.000346,0.0,0.001073,0.019902,0.136041,0.943901,0.0,0.121394,0.112056,0.112056,0.0,0.0,0.0,True,False,False,0.0,False,False,37.302
509,25.45,0,alert,alert,0.977595,0.977595,0.000333,0.0,0.001044,0.021028,0.07303,0.947681,0.0,0.121785,0.111979,0.111979,0.0,0.0,0.0,True,False,False,0.0,False,False,37.492
510,25.5,0,alert,alert,0.979274,0.979274,0.000299,0.0,0.001018,0.019409,0.047019,0.951429,0.0,0.121756,0.111849,0.111849,0.0,0.0,0.0,True,False,False,0.0,False,False,46.524
511,25.55,0,alert,alert,0.981987,0.981987,0.00027,0.0,0.001001,0.016742,0.043272,0.950805,0.0,0.121716,0.111713,0.111713,0.0,0.0,0.0,True,False,False,0.0,False,False,37.564
512,25.6,0,alert,alert,0.9844,0.9844,0.000248,0.0,0.001002,0.014349,0.058895,0.943044,0.0,0.121749,0.11161,0.11161,0.0,0.0,0.0,True,False,False,0.0,False,False,37.592
513,25.65,0,alert,alert,0.983735,0.983735,0.000256,0.0,0.000993,0.015016,0.075754,0.934988,0.0,0.121519,0.11154,0.11154,0.0,0.0,0.0,True,False,False,0.0,False,False,37.632
514,25.7,0,alert,alert,0.98267,0.98267,0.000273,0.0,0.00105,0.016007,0.078296,0.933656,0.0,0.12202,0.111476,0.111476,0.0,0.0,0.0,True,False,False,0.0,False,False,37.507
515,25.75,0,alert,alert,0.982821,0.982821,0.000273,0.0,0.001059,0.015847,0.071496,0.935045,0.0,0.120712,0.111398,0.111398,0.0,0.0,0.0,True,False,False,0.0,False,False,46.348
516,25.8,0,alert,alert,0.983854,0.983854,0.00027,0.0,0.001073,0.014803,0.076968,0.934283,0.0,0.119356,0.111332,0.111332,0.0,0.0,0.0,True,False,False,0.0,False,False,37.675
517,25.85,0,alert,alert,0.985517,0.985517,0.000265,0.0,0.001109,0.013109,0.077081,0.934113,0.0,0.118863,0.111266,0.111266,0.0,0.0,0.0,True,False,False,0.0,False,False,37.391
518,25.9,0,alert,alert,0.985533,0.985533,0.000276,0.0,0.001133,0.013058,0.085975,0.929894,0.0,0.118701,0.111217,0.111217,0.0,0.0,0.0,True,False,False,0.0,False,False,37.435
519,25.95,0,alert,alert,0.986304,0.986304,0.000277,0.0,0.001167,0.012252,0.076156,0.93378,0.0,0.118874,0.11115,0.11115,0.0,0.0,0.0,True,False,False,0.0,False,False,37.298
520,26.0,0,alert,alert,0.986721,0.986721,0.00029,0.0,0.001225,0.011763,0.112296,0.925379,0.0,0.119051,0.111152,0.111152,0.0,0.0,0.0,True,False,False,0.0,False,False,46.563
521,26.05,0,alert,alert,0.986716,0.986716,0.000308,0.0,0.001282,0.011694,0.106397,0.925414,0.0,0.119331,0.111143,0.111143,0.0,0.0,0.0,True,False,False,0.0,False,False,37.251
522,26.1,0,alert,alert,0.987444,0.987444,0.000307,0.0,0.001331,0.010917,0.101959,0.926351,0.0,0.119604,0.111126,0.111126,0.0,0.0,0.0,True,False,False,0.0,False,False,37.543
523,26.15,0,alert,alert,0.987524,0.987524,0.000312,0.0,0.001377,0.010788,0.091198,0.92892,0.0,0.119791,0.111088,0.111088,0.0,0.0,0.0,True,False,False,0.0,False,False,37.359
524,26.2,0,alert,alert,0.98794,0.98794,0.000303,0.0,0.001388,0.010368,0.073209,0.936656,0.0,0.119788,0.111016,0.111016,0.0,0.0,0.0,True,False,False,0.0,False,False,37.377
525,26.25,0,alert,alert,0.987621,0.987621,0.000299,0.0,0.001355,0.010725,0.073747,0.936268,0.0,0.11976,0.110945,0.110945,0.0,0.0,0.0,True,False,False,0.0,False,False,46.18
526,26.3,0,alert,alert,0.987758,0.987758,0.000291,0.0,0.001339,0.010613,0.067627,0.939451,0.0,0.119598,0.110863,0.110863,0.0,0.0,0.0,True,False,False,0.0,False,False,37.465
527,26.35,0,alert,alert,0.988171,0.988171,0.000276,0.0,0.001305,0.010248,0.055825,0.943177,0.0,0.11951,0.110758,0.110758,0.0,0.0,0.0,True,False,False,0.0,False,False,37.417
528,26.4,0,alert,alert,0.987747,0.987747,0.000271,0.0,0.001271,0.010711,0.049958,0.946215,0.0,0.119406,0.110641,0.110641,0.0,0.0,0.0,True,False,False,0.0,False,False,37.352
529,26.45,0,alert,alert,0.987021,0.987021,0.000275,0.0,0.001269,0.011436,0.055777,0.942125,0.0,0.119391,0.110537,0.110537,0.0,0.0,0.0,True,False,False,0.158264,False,False,37.488
530,26.5,0,alert,alert,0.985642,0.985642,0.000279,0.0,0.001219,0.01286,0.056106,0.941993,0.0,0.119387,0.110434,0.110434,0.0,0.0,0.0,True,False,False,0.138122,False,False,46.179
531,26.55,0,alert,alert,0.985369,0.985369,0.000276,0.0,0.001184,0.013171,0.053438,0.943039,0.0,0.119403,0.110326,0.110326,0.0,0.0,0.0,True,False,False,0.136291,False,False,37.321
532,26.6,0,alert,alert,0.985373,0.985373,0.000268,0.0,0.001133,0.013225,0.053088,0.944491,0.0,0.11945,0.110218,0.110218,0.0,0.0,0.0,True,False,False,0.0,False,False,37.431
533,26.65,0,alert,alert,0.984777,0.984777,0.000272,0.0,0.00111,0.013841,0.061761,0.940505,0.0,0.119553,0.110127,0.110127,0.0,0.0,0.0,True,False,False,0.0,False,False,37.162
534,26.7,0,alert,alert,0.983563,0.983563,0.000277,0.0,0.001071,0.015089,0.059681,0.942164,0.0,0.119636,0.110032,0.110032,0.0,0.0,0.0,True,False,False,0.017273,False,False,37.329
535,26.75,0,alert,alert,0.98096,0.98096,0.000292,0.0,0.001045,0.017703,0.059655,0.94232,0.0,0.119715,0.109937,0.109937,0.0,0.0,0.0,True,False,False,0.024597,False,False,46.562
536,26.8,0,alert,alert,0.979918,0.979918,0.000293,0.0,0.001009,0.01878,0.071888,0.938785,0.0,0.119863,0.109866,0.109866,0.0,0.0,0.0,True,False,False,0.024597,False,False,38.33
537,26.85,0,alert,alert,0.979556,0.979556,0.000297,0.0,0.000971,0.019176,0.069744,0.941462,0.0,0.120006,0.109791,0.109791,0.0,0.0,0.0,True,False,False,0.024597,False,False,37.922
538,26.9,0,alert,alert,0.978057,0.978057,0.000312,0.0,0.000957,0.020675,0.06484,0.942744,0.0,0.120053,0.109707,0.109707,0.0,0.0,0.0,True,False,False,0.0,False,False,37.623
539,26.95,0,alert,alert,0.973904,0.973904,0.000349,0.0,0.000958,0.024789,0.075982,0.93981,0.0,0.120154,0.109645,0.109645,0.0,0.0,0.0,True,False,False,0.0,False,False,38.276
540,27.0,0,alert,alert,0.971821,0.971821,0.000366,0.0,0.000941,0.026872,0.069994,0.941493,0.0,0.120184,0.109571,0.109571,0.0,0.0,0.0,True,False,False,0.0,False,False,46.782
541,27.05,0,alert,alert,0.971219,0.971219,0.000369,0.0,0.000938,0.027474,0.06105,0.944959,0.0,0.120215,0.109481,0.109481,0.0,0.0,0.0,True,False,False,0.0,False,False,38.063
542,27.1,0,alert,alert,0.967724,0.967724,0.000402,0.0,0.00095,0.030924,0.088001,0.938504,0.0,0.12035,0.109441,0.109441,0.0,0.0,0.0,True,False,False,0.090057,False,False,37.507
543,27.15,0,alert,alert,0.961946,0.961946,0.000523,0.0,0.001034,0.036497,0.454309,0.852485,0.0,0.122016,0.110018,0.110018,0.0,0.0,0.0,True,False,False,0.0,False,False,37.482
544,27.2,0,alert,alert,0.957802,0.957802,0.000736,0.0,0.001167,0.040296,0.525883,0.825823,0.0,0.124048,0.110691,0.110691,0.0,0.0,0.0,True,False,False,0.0,False,False,37.599
545,27.25,0,alert,alert,0.947549,0.947549,0.001423,0.0,0.001559,0.049469,0.603707,0.837001,0.0,0.126472,0.111499,0.111499,0.0,0.0,0.0,True,False,False,0.0,False,False,46.253
546,27.3,0,alert,alert,0.928911,0.928911,0.004017,0.0,0.002545,0.064528,0.697747,0.836763,0.0,0.129399,0.112458,0.112458,0.0,0.0,0.0,True,False,False,0.0,False,False,37.413
547,27.35,0,alert,alert,0.89001,0.89001,0.012917,0.0,0.004576,0.092497,0.689928,0.836158,0.0,0.132304,0.1134,0.1134,0.0,0.0,0.0,True,False,False,0.0,False,False,37.148
548,27.4,0,alert,alert,0.821481,0.821481,0.035869,0.0,0.007414,0.135236,0.65514,0.845646,0.0,0.135091,0.114292,0.114292,0.0,0.0,0.0,True,False,False,0.0,False,False,37.456
549,27.45,0,alert,alert,0.79335,0.79335,0.052494,0.0,0.009581,0.144575,0.503239,0.890877,0.0,0.137316,0.114965,0.114965,0.0,0.0,0.0,True,False,False,0.0,False,False,37.418
550,27.5,0,alert,alert,0.754632,0.754632,0.061831,0.0,0.01055,0.172987,0.411296,0.910056,0.0,0.13914,0.115489,0.115489,0.0,0.0,0.0,True,False,False,0.04245,False,False,46.489
551,27.55,0,alert,alert,0.793012,0.793012,0.040385,0.0,0.009077,0.157526,0.256161,0.928932,0.0,0.140225,0.115742,0.115742,0.0,0.0,0.0,True,False,False,0.201752,False,False,37.434
552,27.6,0,alert,alert,0.819547,0.819547,0.022264,0.0,0.006923,0.151265,0.118876,0.941874,0.0,0.140607,0.115748,0.115748,0.0,0.0,0.0,True,False,False,0.0,False,False,37.496
553,27.65,0,alert,alert,0.863338,0.863338,0.009093,0.0,0.00475,0.12282,0.069243,0.947844,0.0,0.14074,0.115663,0.115663,0.0,0.0,0.0,True,False,False,0.0,False,False,37.439
554,27.7,0,alert,alert,0.878054,0.878054,0.00382,0.0,0.003093,0.115032,0.047647,0.948066,0.0,0.140749,0.115538,0.115538,0.0,0.0,0.0,True,False,False,0.0,False,False,37.525
555,27.75,0,alert,alert,0.895523,0.895523,0.00172,0.0,0.002073,0.100684,0.045297,0.947661,0.0,0.140748,0.11541,0.11541,0.0,0.0,0.0,True,False,False,0.0,False,False,46.864
556,27.8,0,alert,alert,0.919825,0.919825,0.000904,0.0,0.001482,0.077789,0.047562,0.946042,0.0,0.140688,0.115287,0.115287,0.0,0.0,0.0,True,False,False,0.0,False,False,38.538
557,27.85,0,alert,alert,0.93112,0.93112,0.000621,0.0,0.001194,0.067065,0.05485,0.943535,0.0,0.140657,0.115178,0.115178,0.0,0.0,0.0,True,False,False,0.0,False,False,37.548
558,27.9,0,alert,alert,0.938779,0.938779,0.000493,0.0,0.001053,0.059675,0.053903,0.944142,0.0,0.140644,0.115067,0.115067,0.0,0.0,0.0,True,False,False,0.0,False,False,38.243
559,27.95,0,alert,alert,0.943666,0.943666,0.000433,0.0,0.000985,0.054916,0.052293,0.944226,0.0,0.140569,0.114954,0.114954,0.0,0.0,0.0,True,False,False,0.0,False,False,38.437
560,28.0,0,alert,alert,0.939067,0.939067,0.000421,0.0,0.000956,0.059557,0.053674,0.94396,0.0,0.138767,0.114844,0.114844,0.0,0.0,0.0,True,False,False,0.0,False,False,47.267
561,28.05,0,alert,alert,0.941697,0.941697,0.000393,0.0,0.000922,0.056988,0.054924,0.943691,0.0,0.137664,0.114736,0.114736,0.0,0.0,0.0,True,False,False,0.0,False,False,38.008
562,28.1,0,alert,alert,0.935065,0.935065,0.000395,0.0,0.000925,0.063615,0.052342,0.945424,0.0,0.137297,0.114624,0.114624,0.0,0.0,0.0,True,False,False,0.0,False,False,38.402
563,28.15,0,alert,alert,0.938626,0.938626,0.000367,0.0,0.000909,0.060098,0.051276,0.946066,0.0,0.137246,0.114511,0.114511,0.0,0.0,0.0,True,False,False,0.0,False,False,37.83
564,28.2,0,alert,alert,0.94896,0.94896,0.000335,0.0,0.000884,0.049821,0.053554,0.944854,0.0,0.137302,0.114402,0.114402,0.0,0.0,0.0,True,False,False,0.0,False,False,38.093
565,28.25,0,alert,alert,0.955709,0.955709,0.000317,0.0,0.000884,0.043089,0.056946,0.943112,0.0,0.137374,0.114299,0.114299,0.0,0.0,0.0,True,False,False,0.0,False,False,46.676
566,28.3,0,alert,alert,0.962638,0.962638,0.000297,0.0,0.000881,0.036184,0.056194,0.94317,0.0,0.137458,0.114196,0.114196,0.0,0.0,0.0,True,False,False,0.0,False,False,38.52
567,28.35,0,alert,alert,0.962326,0.962326,0.000302,0.0,0.000877,0.036495,0.069675,0.939634,0.0,0.137549,0.114117,0.114117,0.0,0.0,0.0,True,False,False,0.0,False,False,37.636
568,28.4,0,alert,alert,0.946676,0.946676,0.000362,0.0,0.000942,0.05202,0.059504,0.942737,0.0,0.137607,0.11402,0.11402,0.0,0.0,0.0,True,False,False,0.0,False,False,37.515
569,28.45,0,alert,alert,0.916036,0.916036,0.000441,0.0,0.000985,0.082538,0.056989,0.942781,0.0,0.137627,0.11392,0.11392,0.0,0.0,0.0,True,False,False,0.0,False,False,36.957
570,28.5,0,alert,alert,0.922152,0.922152,0.000398,0.0,0.000944,0.076506,0.060903,0.941872,0.0,0.137706,0.113826,0.113826,0.0,0.0,0.0,True,False,False,0.0,False,False,46.299
571,28.55,0,alert,alert,0.870051,0.870051,0.000496,0.0,0.000999,0.128454,0.085816,0.935032,0.0,0.137906,0.113777,0.113777,0.0,0.0,0.0,True,False,False,0.0,False,False,37.354
572,28.6,0,alert,alert,0.770209,0.770209,0.000611,0.0,0.001012,0.228168,0.092312,0.934089,0.0,0.138124,0.11374,0.11374,0.0,0.0,0.0,True,False,False,0.0,False,False,37.362
573,28.65,0,alert,alert,0.784009,0.784009,0.000606,0.0,0.000973,0.214412,0.123775,0.92738,0.0,0.138453,0.113757,0.113757,0.0,0.0,0.0,True,False,False,0.0,False,False,37.213
574,28.7,0,alert,alert,0.788035,0.788035,0.000625,0.0,0.000959,0.210381,0.164853,0.920569,0.0,0.13901,0.113845,0.113845,0.0,0.0,0.0,True,False,False,0.0,False,False,37.19
575,28.75,0,alert,alert,0.815289,0.815289,0.000607,0.0,0.000945,0.183158,0.112341,0.93292,0.0,0.139337,0.113842,0.113842,0.0,0.0,0.0,True,False,False,0.0,False,False,46.143
576,28.8,0,alert,alert,0.829855,0.829855,0.000602,0.0,0.000956,0.168587,0.104264,0.933315,0.0,0.139634,0.113825,0.113825,0.0,0.0,0.0,True,False,False,0.0,False,False,37.146
577,28.85,0,alert,alert,0.861088,0.861088,0.000578,0.0,0.000966,0.137369,0.086735,0.937243,0.0,0.139841,0.113778,0.113778,0.0,0.0,0.0,True,False,False,0.0,False,False,37.185
578,28.9,0,alert,alert,0.860983,0.860983,0.000621,0.0,0.000986,0.13741,0.119579,0.932403,0.0,0.140224,0.113788,0.113788,0.0,0.0,0.0,True,False,False,0.0,False,False,37.238
579,28.95,0,alert,alert,0.854952,0.854952,0.000866,0.0,0.001164,0.143018,0.475003,0.840308,0.0,0.140544,0.114348,0.114348,0.0,0.0,0.0,True,False,False,0.0,False,False,37.383
580,29.0,0,alert,alert,0.882318,0.882318,0.001119,0.0,0.00131,0.115253,0.523055,0.841923,0.0,0.140682,0.114981,0.114981,0.0,0.0,0.0,True,False,False,0.0,False,False,46.572
581,29.05,0,alert,alert,0.906489,0.906489,0.001207,0.0,0.001382,0.090922,0.473269,0.885558,0.0,0.140765,0.115564,0.115564,0.0,0.0,0.0,True,False,False,0.052063,False,False,37.939
582,29.1,0,alert,alert,0.924999,0.924999,0.001023,0.0,0.001322,0.072656,0.356487,0.911964,0.0,0.140588,0.115968,0.115968,0.0,0.0,0.0,True,False,False,0.074951,False,False,38.003
583,29.15,0,alert,alert,0.939574,0.939574,0.000804,0.0,0.001265,0.058357,0.173762,0.935366,0.0,0.13982,0.116067,0.116067,0.0,0.0,0.0,True,False,False,0.074951,False,False,38.001
584,29.2,0,alert,alert,0.939605,0.939605,0.000702,0.0,0.001273,0.058419,0.073559,0.947552,0.0,0.139337,0.115993,0.115993,0.0,0.0,0.0,True,False,False,0.0,False,False,38.08
585,29.25,0,alert,alert,0.926985,0.926985,0.000699,0.0,0.001302,0.071015,0.052039,0.949899,0.0,0.139116,0.115882,0.115882,0.0,0.0,0.0,True,False,False,0.0,False,False,46.58
586,29.3,0,alert,alert,0.895886,0.895886,0.000824,0.0,0.001356,0.101934,0.095708,0.938549,0.0,0.139038,0.115847,0.115847,0.0,0.0,0.0,True,False,False,0.0,False,False,38.331
587,29.35,0,alert,alert,0.84171,0.84171,0.000936,0.0,0.00137,0.155984,0.08687,0.940825,0.0,0.13895,0.115798,0.115798,0.0,0.0,0.0,True,False,False,0.0,False,False,37.849
588,29.4,0,alert,alert,0.883856,0.883856,0.000759,0.0,0.001236,0.114149,0.133884,0.929455,0.0,0.139201,0.115828,0.115828,0.0,0.0,0.0,True,False,False,0.0,False,False,38.387
589,29.45,0,alert,alert,0.901958,0.901958,0.000673,0.0,0.00117,0.096199,0.120723,0.931183,0.0,0.139498,0.115837,0.115837,0.0,0.0,0.0,True,False,False,0.029175,False,False,37.836
590,29.5,0,alert,alert,0.920802,0.920802,0.000605,0.0,0.001133,0.077459,0.108721,0.931646,0.0,0.139781,0.115825,0.115825,0.0,0.0,0.0,True,False,False,0.029175,False,False,46.394
591,29.55,0,alert,alert,0.939956,0.939956,0.000531,0.0,0.001106,0.058407,0.095297,0.934076,0.0,0.139986,0.11579,0.11579,0.0,0.0,0.0,True,False,False,0.0,False,False,37.378
592,29.6,0,alert,alert,0.955755,0.955755,0.000471,0.0,0.001079,0.042694,0.10707,0.931483,0.0,0.140257,0.115775,0.115775,0.0,0.0,0.0,True,False,False,0.0,False,False,37.598
593,29.65,0,alert,alert,0.965218,0.965218,0.000434,0.0,0.001083,0.033265,0.100283,0.933054,0.0,0.140464,0.115749,0.115749,0.0,0.0,0.0,True,False,False,0.0,False,False,37.418
594,29.7,0,alert,alert,0.965648,0.965648,0.000445,0.0,0.001104,0.032803,0.079547,0.938932,0.0,0.140592,0.115688,0.115688,0.0,0.0,0.0,True,False,False,0.0,False,False,37.651
595,29.75,0,alert,alert,0.961424,0.961424,0.000479,0.0,0.001116,0.036982,0.082806,0.937984,0.0,0.140755,0.115633,0.115633,0.0,0.0,0.0,True,False,False,0.0,False,False,46.26
596,29.8,0,alert,alert,0.954731,0.954731,0.000504,0.0,0.001106,0.043659,0.076773,0.939561,0.0,0.140905,0.115568,0.115568,0.0,0.0,0.0,True,False,False,0.0,False,False,37.424
597,29.85,0,alert,alert,0.956829,0.956829,0.000466,0.0,0.001059,0.041645,0.067486,0.941466,0.0,0.141021,0.115487,0.115487,0.0,0.0,0.0,True,False,False,0.0,False,False,37.228
598,29.9,0,alert,alert,0.956852,0.956852,0.00045,0.0,0.001037,0.041661,0.059458,0.943489,0.0,0.141082,0.115392,0.115392,0.0,0.0,0.0,True,False,False,0.0,False,False,37.241
599,29.95,0,alert,alert,0.956643,0.956643,0.000427,0.0,0.001004,0.041926,0.051657,0.945071,0.0,0.141006,0.115285,0.115285,0.0,0.0,0.0,True,True,False,0.0,False,False,37.089
600,30.0,0,alert,alert,0.93298,0.93298,0.000482,0.0,0.00104,0.065497,0.045931,0.946702,0.0,0.14078,0.114949,0.115168,0.0,0.0,0.0,True,True,False,0.0,False,False,46.132
601,30.05,0,alert,alert,0.916574,0.916574,0.000476,0.0,0.001014,0.081936,0.043067,0.948029,0.0,0.139266,0.114785,0.115047,0.0,0.0,0.0,True,True,False,0.0,False,False,37.368
602,30.1,0,alert,alert,0.913058,0.913058,0.000453,0.0,0.000955,0.085535,0.053672,0.944869,0.0,0.137203,0.114529,0.114944,0.0,0.0,0.0,True,True,False,0.0,False,False,37.312
603,30.15,0,alert,alert,0.906121,0.906121,0.000458,0.0,0.000916,0.092505,0.05372,0.944822,0.0,0.135108,0.114427,0.114841,0.0,0.0,0.0,True,True,False,0.0,False,False,37.408
604,30.2,0,alert,alert,0.909103,0.909103,0.00048,0.0,0.00093,0.089487,0.303708,0.897765,0.0,0.134258,0.114507,0.115141,0.0,0.0,0.0,True,True,False,0.0,False,False,37.25
605,30.25,0,alert,alert,0.913673,0.913673,0.000556,0.0,0.000976,0.084795,0.455804,0.871208,0.0,0.134624,0.115132,0.115665,0.0,0.0,0.0,True,True,False,0.0,False,False,46.124
606,30.3,0,alert,alert,0.923994,0.923994,0.000733,0.0,0.001096,0.074177,0.533913,0.832602,0.0,0.13596,0.115805,0.116279,0.0,0.0,0.0,True,True,False,0.0,False,False,37.349
607,30.35,0,alert,alert,0.919057,0.919057,0.001268,0.0,0.001378,0.078297,0.595283,0.836504,0.0,0.138117,0.116546,0.116984,0.0,0.0,0.0,True,True,False,0.0,False,False,37.234
608,30.4,0,alert,alert,0.907839,0.907839,0.002457,0.0,0.001871,0.087833,0.678759,0.842498,0.0,0.140959,0.117388,0.117815,0.0,0.0,0.0,True,True,False,0.101044,False,False,37.045
609,30.45,0,alert,alert,0.889957,0.889957,0.005601,0.0,0.002775,0.101667,0.756545,0.825313,0.0,0.144049,0.118387,0.11874,0.0,0.0,0.0,True,True,False,0.101044,False,False,37.382
610,30.5,0,alert,alert,0.867751,0.867751,0.016913,0.0,0.004896,0.11044,0.78961,0.803756,0.0,0.147281,0.119545,0.119685,0.0,0.0,0.0,True,True,False,0.0,False,False,47.622
611,30.55,0,alert,alert,0.836373,0.836373,0.042259,0.0,0.00789,0.113478,0.756947,0.824259,0.0,0.150504,0.120586,0.120604,0.0,0.0,0.0,True,True,False,0.0,False,False,38.669
612,30.6,0,alert,alert,0.820115,0.820115,0.067549,0.0,0.011307,0.101029,0.593187,0.877605,0.0,0.153134,0.12084,0.121329,0.0,0.0,0.0,True,True,False,0.0,False,False,38.564
613,30.65,0,alert,alert,0.81199,0.81199,0.072371,0.0,0.014084,0.101555,0.424266,0.915503,0.0,0.155045,0.121334,0.121813,0.0,0.0,0.0,True,True,False,0.0,False,False,37.413
614,30.7,0,alert,alert,0.836591,0.836591,0.054393,0.0,0.014619,0.094397,0.235414,0.932984,0.0,0.15603,0.120994,0.121997,0.0,0.0,0.0,True,True,False,0.0,False,False,37.164
615,30.75,0,alert,alert,0.887021,0.887021,0.026944,0.0,0.01268,0.073356,0.109407,0.940805,0.0,0.156377,0.120341,0.121976,0.0,0.0,0.0,True,True,False,0.0,False,False,46.138
616,30.8,0,alert,alert,0.914369,0.914369,0.012946,0.0,0.010271,0.062415,0.062489,0.945809,0.0,0.156483,0.120261,0.121879,0.0,0.0,0.0,True,True,False,0.0,False,False,37.442
617,30.85,0,alert,alert,0.934029,0.934029,0.006766,0.0,0.008005,0.051201,0.062753,0.944575,0.0,0.156597,0.12028,0.121782,0.0,0.0,0.0,True,True,False,0.0,False,False,37.343
618,30.9,0,alert,alert,0.940463,0.940463,0.003637,0.0,0.005742,0.050157,0.0518,0.947047,0.0,0.156649,0.120164,0.121667,0.0,0.0,0.0,True,True,False,0.0,False,False,37.382
619,30.95,0,alert,alert,0.954776,0.954776,0.001822,0.0,0.004281,0.03912,0.053655,0.945815,0.0,0.1567,0.120186,0.121556,0.0,0.0,0.0,True,True,False,0.0,False,False,37.172
620,31.0,0,alert,alert,0.957202,0.957202,0.001608,0.0,0.003703,0.037487,0.407597,0.867503,0.0,0.157632,0.120899,0.121984,0.0,0.0,0.0,True,True,False,0.0,False,False,46.251
621,31.05,0,alert,alert,0.954156,0.954156,0.00239,0.0,0.004191,0.039263,0.520625,0.81436,0.0,0.157787,0.121613,0.122543,0.0,0.0,0.0,True,True,False,0.0,False,False,37.415
622,31.1,0,alert,alert,0.941161,0.941161,0.005473,0.0,0.006043,0.047323,0.600731,0.819333,0.0,0.158214,0.122436,0.123217,0.0,0.0,0.0,True,True,False,0.0,False,False,37.265
623,31.15,0,alert,alert,0.918069,0.918069,0.015334,0.0,0.010186,0.056411,0.67787,0.826657,0.0,0.159233,0.123254,0.124004,0.0,0.0,0.0,True,True,False,0.085937,False,False,37.344
624,31.2,0,alert,alert,0.887859,0.887859,0.03042,0.0,0.016736,0.064985,0.557528,0.871501,0.0,0.16013,0.124047,0.124652,0.0,0.0,0.0,True,True,False,0.085937,False,False,37.403
625,31.25,0,alert,alert,0.844845,0.844845,0.054568,0.0,0.025929,0.074658,0.475378,0.888395,0.0,0.161303,0.124835,0.125186,0.0,0.0,0.0,True,True,False,0.085937,False,False,46.129
626,31.3,0,alert,alert,0.80652,0.80652,0.07993,0.0,0.034496,0.079054,0.36857,0.902858,0.0,0.162674,0.125356,0.125561,0.0,0.0,0.0,True,True,False,0.0,False,False,37.351
627,31.35,0,alert,alert,0.765101,0.765101,0.103554,0.0,0.041341,0.090005,0.217948,0.916797,0.0,0.163527,0.125633,0.125706,0.0,0.0,0.0,True,True,False,0.0,False,False,37.244
628,31.4,0,alert,alert,0.745759,0.745759,0.115233,0.0,0.047929,0.091079,0.111891,0.933027,0.0,0.163883,0.12561,0.125684,0.0,0.0,0.0,True,True,False,0.009949,False,False,37.566
629,31.45,0,alert,alert,0.783873,0.783873,0.09622,0.0,0.050858,0.069049,0.068535,0.944818,0.0,0.16402,0.125648,0.125592,0.0,0.0,0.0,True,True,False,0.009949,False,False,37.315
630,31.5,0,alert,alert,0.812143,0.812143,0.081672,0.0,0.054995,0.05119,0.082457,0.942372,0.0,0.164235,0.125797,0.125523,0.0,0.0,0.0,True,True,False,0.0,False,False,46.471
631,31.55,0,alert,alert,0.824353,0.824353,0.070079,0.0,0.057141,0.048428,0.078055,0.942594,0.0,0.164421,0.12581,0.125447,0.0,0.0,0.0,True,True,False,0.005371,False,False,37.573
632,31.6,0,alert,alert,0.844377,0.844377,0.053169,0.0,0.054842,0.047612,0.089655,0.939184,0.0,0.164668,0.125867,0.12539,0.0,0.0,0.0,True,True,False,0.0,False,False,37.385
633,31.65,0,alert,alert,0.868836,0.868836,0.038148,0.0,0.050308,0.042708,0.087411,0.937557,0.0,0.164891,0.125803,0.12533,0.0,0.0,0.0,True,True,False,0.0,False,False,37.516
634,31.7,0,alert,alert,0.902183,0.902183,0.021523,0.0,0.040752,0.035542,0.069209,0.9423,0.0,0.165032,0.12583,0.125241,0.0,0.0,0.0,True,True,False,0.0,False,False,37.397
635,31.75,0,alert,alert,0.929316,0.929316,0.01124,0.0,0.02912,0.030325,0.060478,0.94403,0.0,0.165126,0.125967,0.125138,0.0,0.0,0.0,True,True,False,0.0,False,False,46.13
636,31.8,0,alert,alert,0.947679,0.947679,0.006119,0.0,0.018518,0.027684,0.069861,0.942421,0.0,0.165283,0.126005,0.12505,0.0,0.0,0.0,True,True,False,0.0,False,False,37.648
637,31.85,0,alert,alert,0.959094,0.959094,0.003322,0.0,0.011232,0.026351,0.063119,0.943745,0.0,0.165412,0.12603,0.124952,0.0,0.0,0.0,True,True,False,0.0,False,False,37.417
638,31.9,0,alert,alert,0.965965,0.965965,0.001956,0.0,0.007216,0.024862,0.072405,0.93949,0.0,0.165588,0.12594,0.124869,0.0,0.0,0.0,True,True,False,0.0,False,False,37.886
639,31.95,0,alert,alert,0.967652,0.967652,0.001328,0.0,0.005345,0.025675,0.066132,0.94153,0.0,0.165722,0.12597,0.124777,0.0,0.0,0.0,True,True,False,0.0,False,False,38.075
640,32.0,0,alert,alert,0.967042,0.967042,0.000945,0.0,0.003556,0.028457,0.101676,0.931299,0.0,0.166024,0.126191,0.124741,0.0,0.0,0.0,True,True,False,0.0,False,False,46.338
641,32.05,0,alert,alert,0.951284,0.951284,0.001191,0.0,0.00318,0.044345,0.464716,0.841643,0.0,0.16738,0.126699,0.125218,0.0,0.0,0.0,True,True,False,0.0,False,False,37.368
642,32.1,0,alert,alert,0.950338,0.950338,0.001732,0.0,0.003255,0.044675,0.526451,0.80511,0.0,0.170222,0.127501,0.125757,0.0,0.0,0.0,True,True,False,0.0,False,False,37.923
643,32.15,0,alert,alert,0.947899,0.947899,0.002567,0.0,0.003728,0.045807,0.543316,0.840582,0.0,0.172567,0.128125,0.126341,0.0,0.0,0.0,True,True,False,0.0,False,False,37.907
644,32.2,0,alert,alert,0.937788,0.937788,0.003447,0.0,0.003891,0.054874,0.511753,0.863725,0.0,0.174814,0.128961,0.126895,0.0,0.0,0.0,True,True,False,0.0,False,False,37.429
645,32.25,0,alert,alert,0.941386,0.941386,0.003242,0.0,0.003471,0.051901,0.460654,0.891049,0.0,0.176857,0.129586,0.127389,0.0,0.0,0.0,True,True,False,0.0,False,False,46.271
646,32.3,0,alert,alert,0.942722,0.942722,0.002804,0.0,0.002938,0.051536,0.365689,0.905518,0.0,0.177781,0.129968,0.127746,0.0,0.0,0.0,True,True,False,0.0,False,False,37.83
647,32.35,0,alert,alert,0.935596,0.935596,0.002335,0.0,0.002428,0.059642,0.20807,0.922518,0.0,0.179268,0.130293,0.127869,0.0,0.0,0.0,True,True,False,0.0,False,False,37.92
648,32.4,0,alert,alert,0.921106,0.921106,0.001978,0.0,0.002095,0.074821,0.091531,0.937257,0.0,0.17793,0.130228,0.127813,0.0,0.0,0.0,True,True,False,0.0,False,False,38.356
649,32.45,0,alert,alert,0.91508,0.91508,0.001421,0.0,0.001715,0.081784,0.054514,0.944224,0.0,0.175834,0.130371,0.127698,0.0,0.0,0.0,True,True,False,0.0,False,False,38.173
650,32.5,0,alert,alert,0.928701,0.928701,0.000919,0.0,0.001416,0.068964,0.047964,0.946789,0.0,0.173379,0.13037,0.127574,0.0,0.0,0.0,True,True,False,0.0,False,False,47.053
651,32.55,0,alert,alert,0.92721,0.92721,0.000729,0.0,0.001261,0.070801,0.052444,0.94619,0.0,0.172761,0.130238,0.127457,0.0,0.0,0.0,True,True,False,0.0,False,False,38.157
652,32.6,0,alert,alert,0.940298,0.940298,0.000572,0.0,0.001147,0.057983,0.052549,0.946218,0.0,0.16803,0.130383,0.127341,0.0,0.0,0.0,True,True,False,0.0,False,False,38.433
653,32.65,0,alert,alert,0.942164,0.942164,0.000534,0.0,0.001091,0.05621,0.057913,0.943135,0.0,0.165622,0.130261,0.127233,0.0,0.0,0.0,True,True,False,0.0,False,False,37.85
654,32.7,0,alert,alert,0.949706,0.949706,0.000498,0.0,0.001073,0.048723,0.068764,0.938271,0.0,0.163701,0.130421,0.127144,0.0,0.0,0.0,True,True,False,0.0,False,False,37.633
655,32.75,0,alert,alert,0.947991,0.947991,0.000492,0.0,0.001088,0.05043,0.065396,0.939277,0.0,0.162212,0.130453,0.127049,0.0,0.0,0.0,True,True,False,0.0,False,False,46.615
656,32.8,0,alert,alert,0.947351,0.947351,0.000471,0.0,0.001089,0.051089,0.057873,0.94218,0.0,0.161682,0.130331,0.126942,0.0,0.0,0.0,True,True,False,0.0,False,False,37.427
657,32.85,0,alert,alert,0.939058,0.939058,0.000482,0.0,0.001102,0.059358,0.057825,0.942672,0.0,0.1612,0.130476,0.126836,0.0,0.0,0.0,True,True,False,0.0,False,False,37.44
658,32.9,0,alert,alert,0.945892,0.945892,0.000438,0.0,0.001028,0.052643,0.064213,0.939191,0.0,0.161269,0.130365,0.12674,0.0,0.0,0.0,True,True,False,0.0,False,False,37.306
659,32.95,0,alert,alert,0.922249,0.922249,0.000517,0.0,0.001047,0.076187,0.071488,0.935235,0.0,0.161431,0.130541,0.126657,0.0,0.0,0.0,True,True,False,0.0,False,False,37.452
660,33.0,0,alert,alert,0.915023,0.915023,0.000533,0.0,0.000999,0.083446,0.110974,0.928183,0.0,0.160025,0.130638,0.126633,0.0,0.0,0.0,True,True,False,0.0,False,False,46.451
661,33.05,0,alert,alert,0.925456,0.925456,0.000467,0.0,0.000919,0.073158,0.088122,0.936561,0.0,0.159662,0.130567,0.126574,0.0,0.0,0.0,True,True,False,0.0,False,False,37.402
662,33.1,0,alert,alert,0.949228,0.949228,0.000381,0.0,0.000885,0.049506,0.067826,0.942711,0.0,0.156038,0.130746,0.126485,0.0,0.0,0.0,True,True,False,0.0,False,False,37.433
663,33.15,0,alert,alert,0.96036,0.96036,0.00034,0.0,0.000891,0.03841,0.073114,0.943032,0.0,0.154306,0.130649,0.126404,0.0,0.0,0.0,True,True,False,0.120727,False,False,37.206
664,33.2,0,alert,alert,0.956867,0.956867,0.000363,0.0,0.000919,0.041851,0.082057,0.940898,0.0,0.153443,0.130832,0.126336,0.0,0.0,0.0,True,True,False,0.120727,False,False,37.638
665,33.25,0,alert,alert,0.951713,0.951713,0.00038,0.0,0.00093,0.046977,0.087158,0.939641,0.0,0.15341,0.130891,0.126277,0.0,0.0,0.0,True,True,False,0.0,False,False,46.207
666,33.3,0,alert,alert,0.950285,0.950285,0.000374,0.0,0.000922,0.04842,0.07523,0.940951,0.0,0.153015,0.130798,0.1262,0.0,0.0,0.0,True,True,False,0.0,False,False,37.639
667,33.35,0,alert,alert,0.949858,0.949858,0.000374,0.0,0.000912,0.048856,0.092049,0.936587,0.0,0.153801,0.131015,0.126149,0.0,0.0,0.0,True,True,False,0.0,False,False,37.451
668,33.4,0,alert,alert,0.944057,0.944057,0.000401,0.0,0.000932,0.05461,0.086661,0.939723,0.0,0.154045,0.130941,0.126089,0.0,0.0,0.0,True,True,False,0.0,False,False,37.302
669,33.45,0,alert,alert,0.948626,0.948626,0.000392,0.0,0.00093,0.050051,0.073644,0.941284,0.0,0.154208,0.131091,0.12601,0.0,0.0,0.0,True,True,False,0.0,False,False,37.502
670,33.5,0,alert,alert,0.943069,0.943069,0.000421,0.0,0.000969,0.055542,0.091381,0.937269,0.0,0.154445,0.1311,0.125958,0.0,0.0,0.0,True,True,False,0.0,False,False,46.769
671,33.55,0,alert,alert,0.943424,0.943424,0.000438,0.0,0.001001,0.055137,0.078588,0.940166,0.0,0.154062,0.131012,0.125887,0.0,0.0,0.0,True,True,False,0.0,False,False,37.964
672,33.6,0,alert,alert,0.95716,0.95716,0.000406,0.0,0.001004,0.041431,0.075794,0.941867,0.0,0.154454,0.13118,0.125812,0.0,0.0,0.0,True,True,False,0.0,False,False,38.15
673,33.65,0,alert,alert,0.961674,0.961674,0.000391,0.0,0.001008,0.036927,0.084354,0.939374,0.0,0.154503,0.131102,0.12575,0.0,0.0,0.0,True,True,False,0.0,False,False,37.692
674,33.7,0,alert,alert,0.961846,0.961846,0.000394,0.0,0.001016,0.036744,0.081137,0.940586,0.0,0.154619,0.131271,0.125683,0.0,0.0,0.0,True,True,False,0.0,False,False,37.762
675,33.75,0,alert,alert,0.969478,0.969478,0.000352,0.0,0.001005,0.029166,0.076298,0.939664,0.0,0.154755,0.131307,0.12561,0.0,0.0,0.0,True,True,False,0.0,False,False,45.944
676,33.8,0,alert,alert,0.973093,0.973093,0.000327,0.0,0.001001,0.025579,0.069797,0.942258,0.0,0.154324,0.131204,0.125526,0.0,0.0,0.0,True,True,False,0.0,False,False,37.253
677,33.85,0,alert,alert,0.974419,0.974419,0.000315,0.0,0.000999,0.024266,0.064236,0.942836,0.0,0.154873,0.131356,0.125435,0.0,0.0,0.0,True,True,False,0.0,False,False,37.511
678,33.9,0,alert,alert,0.976496,0.976496,0.000301,0.0,0.000985,0.022218,0.064757,0.942349,0.0,0.154875,0.131244,0.125345,0.0,0.0,0.0,True,True,False,0.0,False,False,37.412
679,33.95,0,alert,alert,0.980192,0.980192,0.000275,0.0,0.00099,0.018544,0.066528,0.939741,0.0,0.154916,0.131412,0.125258,0.0,0.0,0.0,True,True,False,0.0,False,False,37.689
680,34.0,0,alert,alert,0.979895,0.979895,0.000272,0.0,0.000982,0.018851,0.055103,0.943781,0.0,0.154907,0.131425,0.125153,0.0,0.0,0.0,True,True,False,0.0,False,False,46.166
681,34.05,0,alert,alert,0.981214,0.981214,0.000262,0.0,0.000972,0.017551,0.049545,0.94597,0.0,0.154371,0.131287,0.125041,0.0,0.0,0.0,True,True,False,0.0,False,False,37.353
682,34.1,0,alert,alert,0.982324,0.982324,0.000263,0.0,0.001015,0.016397,0.047826,0.946539,0.0,0.154815,0.131424,0.124926,0.0,0.0,0.0,True,True,False,0.0,False,False,37.906
683,34.15,0,alert,alert,0.979199,0.979199,0.000289,0.0,0.001024,0.019487,0.045263,0.947885,0.0,0.154796,0.131278,0.124808,0.0,0.0,0.0,True,True,False,0.0,False,False,38.033
684,34.2,0,alert,alert,0.969536,0.969536,0.000365,0.0,0.00104,0.029059,0.096418,0.933282,0.0,0.15505,0.1315,0.124766,0.0,0.0,0.0,True,True,False,0.0,False,False,37.877
685,34.25,0,alert,alert,0.961885,0.961885,0.000408,0.0,0.001052,0.036655,0.086112,0.936917,0.0,0.155261,0.131551,0.12471,0.0,0.0,0.0,True,True,False,0.401492,False,False,46.51
686,34.3,0,alert,alert,0.943481,0.943481,0.000492,0.0,0.00111,0.054917,0.06257,0.941422,0.0,0.154791,0.131435,0.124619,0.0,0.0,0.0,True,True,False,0.364871,False,False,37.287
687,34.35,0,alert,alert,0.959631,0.959631,0.000372,0.0,0.00113,0.038867,0.059966,0.941576,0.0,0.155458,0.131088,0.124524,0.0,0.0,0.0,True,True,False,0.364871,False,False,37.389
688,34.4,0,alert,alert,0.966054,0.966054,0.000323,0.0,0.00109,0.032533,0.056402,0.943168,0.0,0.155526,0.130962,0.124424,0.0,0.0,0.0,True,True,False,0.0,False,False,37.539
689,34.45,0,alert,alert,0.967989,0.967989,0.000325,0.0,0.001064,0.030622,0.054709,0.943337,0.0,0.155562,0.13084,0.124322,0.0,0.0,0.0,True,True,False,0.0,False,False,37.488
690,34.5,0,alert,alert,0.950953,0.950953,0.000449,0.0,0.001156,0.047442,0.098492,0.929513,0.0,0.155831,0.130922,0.124284,0.0,0.0,0.0,True,True,False,0.0,False,False,46.087
691,34.55,0,alert,alert,0.949572,0.949572,0.000507,0.0,0.001148,0.048774,0.184681,0.919772,0.0,0.155974,0.13101,0.12437,0.0,0.0,0.0,True,True,False,0.438571,False,False,37.449
692,34.6,0,alert,alert,0.94651,0.94651,0.000632,0.0,0.001206,0.051652,0.443389,0.87349,0.0,0.15844,0.131807,0.124802,0.0,0.0,0.0,True,True,False,0.0,False,False,37.24
693,34.65,0,alert,alert,0.922431,0.922431,0.000963,0.0,0.001374,0.075232,0.506796,0.849289,0.0,0.160628,0.132375,0.125303,0.0,0.0,0.0,True,True,False,0.0,False,False,37.179
694,34.7,0,alert,alert,0.899736,0.899736,0.001315,0.0,0.001562,0.097387,0.487209,0.866386,0.0,0.162766,0.13324,0.125786,0.0,0.0,0.0,True,True,False,0.0,False,False,37.352
695,34.75,0,alert,alert,0.900578,0.900578,0.001295,0.0,0.001571,0.096556,0.408542,0.896551,0.0,0.164577,0.13384,0.126177,0.0,0.0,0.0,True,True,False,0.0,False,False,46.446
696,34.8,0,alert,alert,0.906988,0.906988,0.001105,0.0,0.001512,0.090395,0.215211,0.921668,0.0,0.164828,0.133974,0.126303,0.0,0.0,0.0,True,True,False,0.0,False,False,38.214
697,34.85,0,alert,alert,0.909606,0.909606,0.000905,0.0,0.001511,0.087978,0.08274,0.941101,0.0,0.165686,0.134059,0.12624,0.0,0.0,0.0,True,True,False,0.0,False,False,38.265
698,34.9,0,alert,alert,0.929247,0.929247,0.00066,0.0,0.001439,0.068654,0.049676,0.949004,0.0,0.165744,0.133916,0.126129,0.0,0.0,0.0,True,True,False,0.0,False,False,38.28
699,34.95,0,alert,alert,0.944139,0.944139,0.000504,0.0,0.001329,0.054028,0.047018,0.948731,0.0,0.165779,0.132977,0.126014,0.0,0.0,0.0,True,True,False,0.0,False,False,37.731
700,35.0,0,alert,alert,0.950808,0.950808,0.00042,0.0,0.001206,0.047566,0.048115,0.948644,0.0,0.165822,0.132284,0.125901,0.0,0.0,0.0,True,True,False,0.0,False,False,47.001
701,35.05,0,alert,alert,0.95796,0.95796,0.000363,0.0,0.001086,0.040591,0.049175,0.947661,0.0,0.165226,0.132143,0.12579,0.0,0.0,0.0,True,True,False,0.288316,False,False,38.332
702,35.1,0,alert,alert,0.968784,0.968784,0.000297,0.0,0.001062,0.029856,0.052084,0.946954,0.0,0.165936,0.130762,0.125683,0.0,0.0,0.0,True,True,False,0.288316,False,False,37.557
703,35.15,0,alert,alert,0.973226,0.973226,0.000268,0.0,0.001067,0.025439,0.050494,0.947015,0.0,0.165984,0.130626,0.125575,0.0,0.0,0.0,True,True,False,0.0,False,False,37.388
704,35.2,0,alert,alert,0.97434,0.97434,0.000265,0.0,0.001118,0.024276,0.054181,0.94704,0.0,0.164284,0.129305,0.125472,0.0,0.0,0.0,True,True,False,0.0,False,False,37.424
705,35.25,0,alert,alert,0.967731,0.967731,0.000323,0.0,0.00121,0.030736,0.339953,0.898861,0.0,0.163622,0.129076,0.125765,0.0,0.0,0.0,True,True,False,0.0,False,False,46.141
706,35.3,0,alert,alert,0.952962,0.952962,0.000545,0.0,0.001513,0.044979,0.497065,0.839294,0.0,0.165131,0.129627,0.126238,0.0,0.0,0.0,True,True,False,0.0,False,False,37.589
707,35.35,0,alert,alert,0.935804,0.935804,0.001065,0.0,0.00199,0.061141,0.546253,0.81169,0.0,0.164757,0.128944,0.126754,0.0,0.0,0.0,True,True,False,0.0,False,False,37.572
708,35.4,0,alert,alert,0.922124,0.922124,0.001985,0.0,0.002802,0.073089,0.510389,0.85464,0.0,0.166506,0.129526,0.12725,0.0,0.0,0.0,True,True,False,0.0,False,False,37.457
709,35.45,0,alert,alert,0.897033,0.897033,0.003652,0.0,0.003865,0.09545,0.479465,0.87907,0.0,0.168478,0.129107,0.127718,0.0,0.0,0.0,True,True,False,0.0,False,False,37.465
710,35.5,0,alert,alert,0.870542,0.870542,0.004441,0.0,0.004698,0.120318,0.3744,0.911044,0.0,0.170123,0.129108,0.128057,0.0,0.0,0.0,True,True,False,0.0,False,False,46.096
711,35.55,0,alert,alert,0.846277,0.846277,0.00422,0.0,0.005285,0.144218,0.196593,0.932874,0.0,0.170256,0.12922,0.128153,0.0,0.0,0.0,True,True,False,0.0,False,False,37.429
712,35.6,0,alert,alert,0.836511,0.836511,0.003306,0.0,0.005381,0.154801,0.080655,0.947064,0.0,0.171021,0.128478,0.128086,0.0,0.0,0.0,True,True,False,0.225555,False,False,37.329
713,35.65,0,alert,alert,0.855806,0.855806,0.002377,0.0,0.00501,0.136807,0.048631,0.953479,0.0,0.170871,0.128342,0.127972,0.0,0.0,0.0,True,True,False,0.204498,False,False,37.275
714,35.7,0,alert,alert,0.915241,0.915241,0.001356,0.0,0.003896,0.079508,0.041522,0.954734,0.0,0.17067,0.127757,0.127848,0.0,0.0,0.0,True,True,False,0.139038,False,False,37.506
715,35.75,0,alert,alert,0.930729,0.930729,0.001135,0.0,0.003469,0.064667,0.043437,0.951436,0.0,0.170516,0.127249,0.127728,0.0,0.0,0.0,True,True,False,0.0,False,False,46.23
716,35.8,0,alert,alert,0.941754,0.941754,0.001,0.0,0.003079,0.054167,0.042779,0.949714,0.0,0.169862,0.127105,0.127607,0.0,0.0,0.0,True,True,False,0.0,False,False,38.452
717,35.85,0,alert,alert,0.941497,0.941497,0.000888,0.0,0.002587,0.055028,0.042829,0.948567,0.0,0.170149,0.126535,0.127487,0.0,0.0,0.0,True,True,False,0.0,False,False,37.711
718,35.9,0,alert,alert,0.955447,0.955447,0.000666,0.0,0.002126,0.041761,0.043578,0.947674,0.0,0.169923,0.126394,0.127368,0.0,0.0,0.0,True,True,False,0.0,False,False,37.662
719,35.95,0,alert,alert,0.947611,0.947611,0.000671,0.0,0.002025,0.049693,0.052702,0.94541,0.0,0.169797,0.126464,0.127263,0.0,0.0,0.0,True,True,False,0.0,False,False,37.945
720,36.0,0,alert,alert,0.947457,0.947457,0.000632,0.0,0.0019,0.050011,0.064952,0.94004,0.0,0.169551,0.126487,0.127176,0.0,0.0,0.0,True,True,False,0.195114,False,False,46.598
721,36.05,0,alert,alert,0.94819,0.94819,0.000606,0.0,0.001784,0.049421,0.068467,0.939943,0.0,0.169038,0.12639,0.127094,0.0,0.0,0.0,True,True,False,0.182297,False,False,37.759
722,36.1,0,alert,alert,0.951217,0.951217,0.00058,0.0,0.00169,0.046513,0.056271,0.942848,0.0,0.169113,0.126553,0.126995,0.0,0.0,0.0,True,True,False,0.0,False,False,37.702
723,36.15,0,alert,alert,0.951951,0.951951,0.000547,0.0,0.00157,0.045931,0.049797,0.945757,0.0,0.168894,0.126424,0.126887,0.0,0.0,0.0,True,True,False,0.0,False,False,37.716
724,36.2,0,alert,alert,0.958522,0.958522,0.000491,0.0,0.001501,0.039486,0.048272,0.946462,0.0,0.168761,0.12659,0.126777,0.0,0.0,0.0,True,True,False,0.0,False,False,37.623
725,36.25,0,alert,alert,0.961276,0.961276,0.000468,0.0,0.001481,0.036776,0.053742,0.943538,0.0,0.168655,0.126619,0.126675,0.0,0.0,0.0,True,True,False,0.0,False,False,46.248
726,36.3,0,alert,alert,0.959019,0.959019,0.000483,0.0,0.001488,0.03901,0.055817,0.942672,0.0,0.168081,0.1265,0.126576,0.0,0.0,0.0,True,True,False,0.0,False,False,37.555
727,36.35,0,alert,alert,0.955585,0.955585,0.000513,0.0,0.001464,0.042438,0.078289,0.935901,0.0,0.168711,0.12672,0.12651,0.0,0.0,0.0,True,True,False,0.0,False,False,37.375
728,36.4,0,alert,alert,0.958239,0.958239,0.000534,0.0,0.001429,0.039798,0.422583,0.867778,0.0,0.170515,0.127178,0.126888,0.0,0.0,0.0,True,True,False,0.0,False,False,37.21
729,36.45,0,alert,alert,0.94847,0.94847,0.000764,0.0,0.001609,0.049156,0.514795,0.818408,0.0,0.17263,0.12798,0.127354,0.0,0.0,0.0,True,True,False,0.0,False,False,37.441
730,36.5,0,alert,alert,0.957302,0.957302,0.000857,0.0,0.001682,0.040159,0.53701,0.842105,0.0,0.174892,0.128705,0.127861,0.0,0.0,0.0,True,True,False,0.0,False,False,46.253
731,36.55,0,alert,alert,0.96147,0.96147,0.000851,0.0,0.00165,0.036029,0.508096,0.882109,0.0,0.17648,0.129303,0.128352,0.0,0.0,0.0,True,True,False,0.0,False,False,37.378
732,36.6,0,alert,alert,0.967409,0.967409,0.000718,0.0,0.001626,0.030247,0.40111,0.913178,0.0,0.178857,0.130027,0.128717,0.0,0.0,0.0,True,True,False,0.0,False,False,37.318
733,36.65,0,alert,alert,0.967,0.967,0.000671,0.0,0.001614,0.030715,0.32802,0.914766,0.0,0.180197,0.13035,0.128983,0.0,0.0,0.0,True,True,False,0.0,False,False,37.403
734,36.7,0,alert,alert,0.967416,0.967416,0.000605,0.0,0.001549,0.030429,0.175436,0.929142,0.0,0.18079,0.130726,0.129046,0.0,0.0,0.0,True,True,False,0.034439,False,False,37.487
735,36.75,0,alert,alert,0.969034,0.969034,0.000526,0.0,0.001403,0.029037,0.106747,0.937558,0.0,0.181033,0.130825,0.129016,0.0,0.0,0.0,True,True,False,0.034439,False,False,46.256
736,36.8,0,alert,alert,0.963745,0.963745,0.00051,0.0,0.001342,0.034403,0.087992,0.943173,0.0,0.180558,0.130753,0.12896,0.0,0.0,0.0,True,True,False,0.031235,False,False,37.386
737,36.85,0,alert,alert,0.947184,0.947184,0.00055,0.0,0.001487,0.050779,0.082323,0.943357,0.0,0.181176,0.130967,0.128896,0.0,0.0,0.0,True,True,False,0.031235,False,False,37.292
738,36.9,0,alert,alert,0.929867,0.929867,0.000562,0.0,0.001504,0.068067,0.087755,0.940433,0.0,0.181294,0.130894,0.128839,0.0,0.0,0.0,True,True,False,0.031235,False,False,37.448
739,36.95,0,alert,alert,0.93133,0.93133,0.000544,0.0,0.001443,0.066683,0.120303,0.933277,0.0,0.181523,0.131143,0.128828,0.0,0.0,0.0,True,True,False,0.0,False,False,37.553
740,37.0,0,alert,alert,0.886166,0.886166,0.000677,0.0,0.001483,0.111674,0.109554,0.934524,0.0,0.181728,0.13122,0.128802,0.0,0.0,0.0,True,True,False,0.0,False,False,46.204
741,37.05,0,alert,alert,0.869854,0.869854,0.000675,0.0,0.001366,0.128105,0.063599,0.942472,0.0,0.181126,0.131107,0.128713,0.0,0.0,0.0,True,True,False,0.0,False,False,37.466
742,37.1,0,alert,alert,0.832993,0.832993,0.000718,0.0,0.001301,0.164987,0.052267,0.94573,0.0,0.181555,0.131203,0.128609,0.0,0.0,0.0,True,True,False,0.0,False,False,37.45
743,37.15,0,alert,alert,0.864046,0.864046,0.000622,0.0,0.001119,0.134213,0.044432,0.947642,0.0,0.179587,0.131056,0.128494,0.0,0.0,0.0,True,True,False,0.182983,False,False,37.498
744,37.2,0,alert,alert,0.891751,0.891751,0.000542,0.0,0.001014,0.106693,0.043859,0.947971,0.0,0.177337,0.131153,0.128378,0.0,0.0,0.0,True,True,False,0.182983,False,False,37.27
745,37.25,0,alert,alert,0.905135,0.905135,0.000501,0.0,0.000984,0.09338,0.043412,0.948192,0.0,0.174713,0.131131,0.128262,0.0,0.0,0.0,True,True,False,0.028259,False,False,46.006
746,37.3,0,alert,alert,0.90765,0.90765,0.000496,0.0,0.000999,0.090855,0.042377,0.947979,0.0,0.174036,0.13098,0.128145,0.0,0.0,0.0,True,True,False,0.0,False,False,37.134
747,37.35,0,alert,alert,0.922305,0.922305,0.000467,0.0,0.000998,0.07623,0.045266,0.946803,0.0,0.168665,0.131094,0.128033,0.0,0.0,0.0,True,True,False,0.0,False,False,37.256
748,37.4,0,alert,alert,0.932027,0.932027,0.000442,0.0,0.000994,0.066537,0.044826,0.947846,0.0,0.165803,0.130948,0.12792,0.0,0.0,0.0,True,True,False,0.0,False,False,37.369
749,37.45,0,alert,alert,0.930493,0.930493,0.000457,0.0,0.001015,0.068034,0.047414,0.947426,0.0,0.163569,0.130499,0.127811,0.0,0.0,0.0,True,True,False,0.0,False,False,37.425
750,37.5,0,alert,alert,0.930393,0.930393,0.000474,0.0,0.001054,0.068079,0.050883,0.946568,0.0,0.161772,0.129802,0.127707,0.0,0.0,0.0,True,True,False,0.0,False,False,46.319
751,37.55,0,alert,alert,0.927254,0.927254,0.000487,0.0,0.001093,0.071167,0.046276,0.947291,0.0,0.161183,0.129661,0.127597,0.0,0.0,0.0,True,True,False,0.0,False,False,37.242
752,37.6,0,alert,alert,0.913307,0.913307,0.000527,0.0,0.001114,0.085052,0.047722,0.947514,0.0,0.160339,0.128532,0.127489,0.0,0.0,0.0,True,True,False,0.0,False,False,37.272
753,37.65,0,alert,alert,0.899619,0.899619,0.000583,0.0,0.001149,0.098649,0.048726,0.946992,0.0,0.160234,0.128397,0.127383,0.0,0.0,0.0,True,True,False,0.047943,False,False,37.629
754,37.7,0,alert,alert,0.855273,0.855273,0.000731,0.0,0.001219,0.142777,0.05425,0.944115,0.0,0.160271,0.128222,0.127285,0.0,0.0,0.0,True,True,False,0.032379,False,False,37.377
755,37.75,0,alert,alert,0.833836,0.833836,0.000766,0.0,0.001211,0.164187,0.052964,0.944156,0.0,0.160312,0.128232,0.127185,0.0,0.0,0.0,True,True,False,0.032379,False,False,47.01
756,37.8,0,alert,alert,0.853535,0.853535,0.000682,0.0,0.001166,0.144617,0.052599,0.943559,0.0,0.159765,0.128105,0.127085,0.0,0.0,0.0,True,True,False,0.011093,False,False,38.061
757,37.85,0,alert,alert,0.877255,0.877255,0.000603,0.0,0.001135,0.121008,0.049632,0.944586,0.0,0.160312,0.128249,0.126982,0.0,0.0,0.0,True,True,False,0.304977,False,False,38.019
758,37.9,0,alert,alert,0.873362,0.873362,0.000585,0.0,0.001112,0.124942,0.047378,0.946873,0.0,0.160277,0.128112,0.126875,0.0,0.0,0.0,True,True,False,0.0,False,False,37.372
759,37.95,0,alert,alert,0.856304,0.856304,0.000586,0.0,0.001091,0.142019,0.055225,0.945229,0.0,0.160291,0.128236,0.12678,0.0,0.0,0.0,True,True,False,0.0,False,False,37.346
760,38.0,0,alert,alert,0.779433,0.779433,0.000753,0.0,0.001155,0.218659,0.374406,0.891052,0.0,0.161869,0.128173,0.127091,0.0,0.0,0.0,True,True,False,0.0,False,False,46.286
761,38.05,0,alert,alert,0.813335,0.813335,0.000941,0.0,0.001211,0.184513,0.50647,0.83706,0.0,0.163423,0.128739,0.127538,0.0,0.0,0.0,True,True,False,0.0,False,False,37.436
762,38.1,0,alert,alert,0.824308,0.824308,0.001576,0.0,0.00146,0.172657,0.573531,0.841875,0.0,0.166417,0.128378,0.128066,0.0,0.0,0.0,True,True,False,0.0,False,False,37.288
763,38.15,0,alert,alert,0.798543,0.798543,0.003653,0.0,0.002009,0.195796,0.663283,0.847879,0.0,0.169291,0.129188,0.128703,0.0,0.0,0.0,True,True,False,0.0,False,False,37.272
764,38.2,0,alert,alert,0.703507,0.703507,0.012678,0.0,0.003305,0.28051,0.745169,0.834344,0.0,0.172491,0.129864,0.129425,0.0,0.0,0.0,True,True,False,0.0,False,False,37.183
765,38.25,0,alert,alert,0.55431,0.55431,0.058698,0.0,0.006159,0.380834,0.800405,0.80692,0.0,0.175833,0.130956,0.130183,0.0,0.0,0.0,True,True,False,0.0,False,False,46.46
766,38.3,4,distraction,distracted,0.401324,0.352559,0.236249,0.0,0.009868,0.401324,0.809436,0.799453,0.0,0.178571,0.131926,0.130943,0.0,0.0,0.0,True,True,False,0.0,False,False,37.903
767,38.35,1,drowsy,drowsy,0.63893,0.139715,0.63893,0.0,0.010532,0.210823,0.816021,0.786959,0.0,0.182482,0.133194,0.131697,0.0,0.0,0.0,True,True,False,0.0,False,False,37.856
768,38.4,1,drowsy,drowsy,0.816719,0.062567,0.816719,0.0,0.008347,0.112367,0.624995,0.859859,0.0,0.185183,0.133951,0.132289,0.0,0.0,0.0,True,True,False,0.0,False,False,37.948
769,38.45,1,drowsy,drowsy,0.855849,0.045082,0.855849,0.0,0.007334,0.091735,0.494774,0.894355,0.0,0.187347,0.134827,0.132742,0.0,0.0,0.0,True,True,False,0.0,False,False,38.066
770,38.5,1,drowsy,drowsy,0.810897,0.06092,0.810897,0.0,0.008438,0.119745,0.338055,0.923412,0.0,0.188752,0.135316,0.133006,0.0,0.0,0.0,True,True,False,0.0,False,False,46.735
771,38.55,1,drowsy,drowsy,0.636013,0.138258,0.636013,0.0,0.011943,0.213786,0.161007,0.940007,0.0,0.188611,0.13536,0.133042,0.0,0.0,0.0,True,True,False,0.0,False,False,38.003
772,38.6,0,alert,alert,0.390352,0.390352,0.302628,0.0,0.016528,0.290492,0.071684,0.948844,0.0,0.18902,0.135556,0.132961,0.0,0.0,0.0,True,True,False,0.0,False,False,38.481
773,38.65,0,alert,alert,0.725788,0.725788,0.064282,0.0,0.01341,0.19652,0.048284,0.950856,0.0,0.188621,0.135408,0.13285,0.0,0.0,0.0,True,True,False,0.068787,False,False,38.075
774,38.7,0,alert,alert,0.872791,0.872791,0.010948,0.0,0.007063,0.109198,0.043059,0.948959,0.0,0.187988,0.135479,0.132732,0.0,0.0,0.0,True,True,False,0.068787,False,False,38.344
775,38.75,0,alert,alert,0.917399,0.917399,0.003823,0.0,0.004324,0.074453,0.117788,0.929727,0.0,0.188017,0.13559,0.132712,0.0,0.0,0.0,True,True,False,0.020019,False,False,46.75
776,38.8,0,alert,alert,0.925624,0.925624,0.002803,0.0,0.003315,0.068258,0.432995,0.865529,0.0,0.189165,0.136051,0.133072,0.0,0.0,0.0,True,True,False,0.0,False,False,37.304
777,38.85,0,alert,alert,0.936453,0.936453,0.002359,0.0,0.002898,0.058289,0.466254,0.857001,0.0,0.191412,0.136864,0.133466,0.0,0.0,0.0,True,True,False,0.0,False,False,37.533
778,38.9,0,alert,alert,0.946259,0.946259,0.00169,0.0,0.00242,0.049631,0.366236,0.904824,0.0,0.192638,0.137235,0.133756,0.0,0.0,0.0,True,True,False,0.060074,False,False,37.348
779,38.95,0,alert,alert,0.949673,0.949673,0.001224,0.0,0.002009,0.047094,0.249726,0.926868,0.0,0.191635,0.137747,0.133904,0.0,0.0,0.0,True,True,False,0.060074,False,False,37.277
780,39.0,0,alert,alert,0.950247,0.950247,0.001055,0.0,0.001748,0.046949,0.16634,0.934817,0.0,0.189988,0.137963,0.133946,0.0,0.0,0.0,True,True,False,0.0,False,False,46.709
781,39.05,0,alert,alert,0.946794,0.946794,0.000963,0.0,0.00157,0.050673,0.11198,0.938505,0.0,0.189592,0.137919,0.133918,0.0,0.0,0.0,True,True,False,0.0,False,False,37.404
782,39.1,0,alert,alert,0.947658,0.947658,0.000807,0.0,0.001379,0.050156,0.074184,0.942917,0.0,0.186807,0.138143,0.13384,0.0,0.0,0.0,True,True,False,0.108155,False,False,37.16
783,39.15,0,alert,alert,0.944568,0.944568,0.000699,0.0,0.001241,0.053493,0.059743,0.945152,0.0,0.18622,0.138011,0.133744,0.0,0.0,0.0,True,True,False,0.0,False,False,37.457
784,39.2,0,alert,alert,0.951513,0.951513,0.000568,0.0,0.001117,0.046801,0.057478,0.945059,0.0,0.186139,0.138195,0.133646,0.0,0.0,0.0,True,True,False,0.0,False,False,37.225
785,39.25,0,alert,alert,0.947391,0.947391,0.000529,0.0,0.00107,0.05101,0.060169,0.943001,0.0,0.186186,0.138214,0.133551,0.0,0.0,0.0,True,True,False,0.0,False,False,47.294
786,39.3,0,alert,alert,0.955643,0.955643,0.000444,0.0,0.000993,0.04292,0.081354,0.936757,0.0,0.185655,0.138118,0.133484,0.0,0.0,0.0,True,True,False,0.0,False,False,37.752
787,39.35,0,alert,alert,0.962715,0.962715,0.000376,0.0,0.000956,0.035952,0.09466,0.934961,0.0,0.186157,0.138358,0.133435,0.0,0.0,0.0,True,True,False,0.0,False,False,37.82
788,39.4,0,alert,alert,0.966085,0.966085,0.000343,0.0,0.000926,0.032645,0.080776,0.938805,0.0,0.185883,0.138262,0.133368,0.0,0.0,0.0,True,True,False,0.0,False,False,38.145
789,39.45,0,alert,alert,0.97326,0.97326,0.000296,0.0,0.000909,0.025536,0.084362,0.937995,0.0,0.185695,0.138462,0.133305,0.0,0.0,0.0,True,True,False,0.0,False,False,37.62
790,39.5,0,alert,alert,0.97275,0.97275,0.000305,0.0,0.000939,0.026005,0.058777,0.943689,0.0,0.185434,0.138482,0.13321,0.0,0.0,0.0,True,True,False,0.0,False,False,46.382
791,39.55,0,alert,alert,0.976123,0.976123,0.000288,0.0,0.000938,0.022651,0.052771,0.944645,0.0,0.184756,0.138338,0.133107,0.0,0.0,0.0,True,True,False,0.0,False,False,37.188
792,39.6,0,alert,alert,0.974452,0.974452,0.000293,0.0,0.000982,0.024273,0.051051,0.944547,0.0,0.184917,0.138481,0.133002,0.0,0.0,0.0,True,True,False,0.0,False,False,37.317
793,39.65,0,alert,alert,0.970877,0.970877,0.000298,0.0,0.001027,0.027798,0.05514,0.941494,0.0,0.184682,0.13834,0.132903,0.0,0.0,0.0,True,True,False,0.0,False,False,37.35
794,39.7,0,alert,alert,0.971466,0.971466,0.000283,0.0,0.001071,0.027181,0.057101,0.941074,0.0,0.184566,0.137539,0.132806,0.0,0.0,0.0,True,True,False,0.0,False,False,37.113
795,39.75,0,alert,alert,0.965421,0.965421,0.000295,0.0,0.001097,0.033187,0.057768,0.939747,0.0,0.184437,0.137357,0.132711,0.0,0.0,0.0,True,True,False,0.0,False,False,46.293
796,39.8,0,alert,alert,0.969001,0.969001,0.000279,0.0,0.001047,0.029673,0.072426,0.933157,0.0,0.183872,0.137249,0.132635,0.0,0.0,0.0,True,True,False,0.0,False,False,37.55
797,39.85,0,alert,alert,0.972624,0.972624,0.000275,0.0,0.001032,0.026069,0.064474,0.93742,0.0,0.184406,0.137358,0.132549,0.0,0.0,0.0,True,True,False,0.0,False,False,37.454
798,39.9,0,alert,alert,0.975522,0.975522,0.000285,0.0,0.001075,0.023117,0.066319,0.937351,0.0,0.184445,0.137239,0.132466,0.0,0.0,0.0,True,True,False,0.076423,False,False,37.525
799,39.95,0,alert,alert,0.976929,0.976929,0.000307,0.0,0.001102,0.021662,0.07085,0.93562,0.0,0.18455,0.137436,0.132388,0.0,0.0,0.0,True,True,False,0.076423,False,False,37.648
800,40.0,0,alert,alert,0.976279,0.976279,0.000337,0.0,0.001131,0.022253,0.10073,0.926923,0.0,0.184841,0.137512,0.132349,0.0,0.0,0.0,True,True,False,0.0,False,False,46.624
801,40.05,0,alert,alert,0.971249,0.971249,0.000482,0.0,0.001267,0.027002,0.437746,0.852331,0.0,0.186007,0.13797,0.132698,0.0,0.0,0.0,True,True,False,0.0,False,False,37.257
802,40.1,0,alert,alert,0.9703,0.9703,0.000729,0.0,0.001432,0.027539,0.507573,0.836453,0.0,0.188889,0.138825,0.133117,0.0,0.0,0.0,True,True,False,0.0,False,False,37.354
803,40.15,0,alert,alert,0.972461,0.972461,0.000835,0.0,0.001539,0.025165,0.442838,0.885942,0.0,0.19081,0.139307,0.133484,0.0,0.0,0.0,True,True,False,0.0,False,False,37.137
804,40.2,0,alert,alert,0.973323,0.973323,0.000885,0.0,0.001669,0.024124,0.351119,0.911625,0.0,0.191053,0.139963,0.133748,0.0,0.0,0.0,True,True,False,0.0,False,False,37.449
805,40.25,0,alert,alert,0.973541,0.973541,0.000873,0.0,0.001729,0.023857,0.235389,0.928234,0.0,0.190022,0.140257,0.133874,0.0,0.0,0.0,True,True,False,0.0,False,False,46.11
806,40.3,0,alert,alert,0.977854,0.977854,0.000688,0.0,0.001719,0.019739,0.119367,0.939342,0.0,0.189663,0.140222,0.133856,0.0,0.0,0.0,True,True,False,0.0,False,False,37.394
807,40.35,0,alert,alert,0.981682,0.981682,0.000519,0.0,0.001643,0.016156,0.076019,0.944777,0.0,0.185677,0.14042,0.133783,0.0,0.0,0.0,True,True,False,0.0,False,False,37.351
808,40.4,0,alert,alert,0.979196,0.979196,0.000505,0.0,0.001685,0.018614,0.063663,0.945246,0.0,0.182793,0.14029,0.133695,0.0,0.0,0.0,True,True,False,0.0,False,False,37.266
809,40.45,0,alert,alert,0.975973,0.975973,0.000487,0.0,0.00159,0.021949,0.084246,0.939693,0.0,0.179719,0.140515,0.133634,0.0,0.0,0.0,True,True,False,0.0,False,False,37.156
810,40.5,0,alert,alert,0.975919,0.975919,0.000472,0.0,0.001521,0.022087,0.073429,0.940738,0.0,0.176517,0.140565,0.133559,0.0,0.0,0.0,True,True,False,0.0,False,False,46.253
811,40.55,0,alert,alert,0.962773,0.962773,0.000742,0.0,0.001693,0.034793,0.404724,0.866544,0.0,0.177585,0.140975,0.13387,0.0,0.0,0.0,True,True,False,0.041534,False,False,37.461
812,40.6,0,alert,alert,0.941803,0.941803,0.001447,0.0,0.002073,0.054677,0.515426,0.815033,0.0,0.174509,0.141823,0.134281,0.0,0.0,0.0,True,True,False,0.077698,False,False,37.212
813,40.65,0,alert,alert,0.908992,0.908992,0.003304,0.0,0.002824,0.084881,0.566595,0.819931,0.0,0.175013,0.142447,0.134749,0.0,0.0,0.0,True,True,False,0.041534,False,False,37.713
814,40.7,0,alert,alert,0.900975,0.900975,0.006541,0.0,0.004185,0.088299,0.536943,0.833816,0.0,0.176346,0.14332,0.135191,0.0,0.0,0.0,True,True,False,0.043823,False,False,37.736
815,40.75,0,alert,alert,0.918646,0.918646,0.007612,0.0,0.004955,0.068788,0.460276,0.883939,0.0,0.178052,0.143949,0.135569,0.0,0.0,0.0,True,True,False,0.0,False,False,46.595
816,40.8,0,alert,alert,0.929227,0.929227,0.007563,0.0,0.005511,0.057699,0.386091,0.906088,0.0,0.179071,0.144342,0.135868,0.0,0.0,0.0,True,True,False,0.0,False,False,37.374
817,40.85,0,alert,alert,0.929825,0.929825,0.006829,0.0,0.005762,0.057584,0.256771,0.927078,0.0,0.180659,0.144788,0.136015,0.0,0.0,0.0,True,True,False,0.0,False,False,37.345
818,40.9,0,alert,alert,0.941139,0.941139,0.004303,0.0,0.004943,0.049616,0.11455,0.944595,0.0,0.180983,0.144737,0.135989,0.0,0.0,0.0,True,True,False,0.0,False,False,37.13
819,40.95,0,alert,alert,0.956544,0.956544,0.002323,0.0,0.003908,0.037225,0.068451,0.94914,0.0,0.181057,0.144902,0.135905,0.0,0.0,0.0,True,True,False,0.074036,False,False,37.486
820,41.0,0,alert,alert,0.963164,0.963164,0.0014,0.0,0.003096,0.03234,0.053531,0.949658,0.0,0.179331,0.14491,0.135802,0.0,0.0,0.0,True,True,False,0.0,False,False,46.645
821,41.05,0,alert,alert,0.967866,0.967866,0.0009,0.0,0.002387,0.028847,0.057249,0.946612,0.0,0.178707,0.144761,0.135705,0.0,0.0,0.0,True,True,False,0.0,False,False,37.277
822,41.1,0,alert,alert,0.967055,0.967055,0.000704,0.0,0.002032,0.030209,0.062261,0.94406,0.0,0.174724,0.144773,0.135614,0.0,0.0,0.0,True,True,False,0.0,False,False,37.393
823,41.15,0,alert,alert,0.96742,0.96742,0.000582,0.0,0.001762,0.030236,0.071232,0.94164,0.0,0.17194,0.144648,0.135535,0.0,0.0,0.0,True,True,False,0.0,False,False,37.453
824,41.2,0,alert,alert,0.974857,0.974857,0.000441,0.0,0.001512,0.02319,0.070917,0.941412,0.0,0.169604,0.144507,0.135456,0.0,0.0,0.0,True,True,False,0.0,False,False,37.616
825,41.25,0,alert,alert,0.977704,0.977704,0.000411,0.0,0.001385,0.020499,0.163475,0.926495,0.0,0.168101,0.144597,0.13549,0.0,0.0,0.0,True,True,False,0.0,False,False,46.476
826,41.3,0,alert,alert,0.973836,0.973836,0.000602,0.0,0.001633,0.023929,0.462084,0.854861,0.0,0.169456,0.145084,0.135853,0.0,0.0,0.0,True,True,False,0.0,False,False,37.462
827,41.35,0,alert,alert,0.961802,0.961802,0.001177,0.0,0.002073,0.034948,0.521107,0.831596,0.0,0.169826,0.145904,0.136269,0.0,0.0,0.0,True,True,False,0.0,False,False,37.443
828,41.4,0,alert,alert,0.94129,0.94129,0.002819,0.0,0.002955,0.052936,0.590418,0.836313,0.0,0.172028,0.146571,0.136761,0.0,0.0,0.0,True,True,False,0.0,False,False,37.523
829,41.45,0,alert,alert,0.909519,0.909519,0.008995,0.0,0.005095,0.076391,0.651478,0.835348,0.0,0.174733,0.14762,0.137318,0.0,0.0,0.0,True,True,False,0.0,False,False,37.374
830,41.5,0,alert,alert,0.864213,0.864213,0.026414,0.0,0.008769,0.100605,0.571706,0.858541,0.0,0.177056,0.148431,0.137801,0.0,0.0,0.0,True,True,False,0.0,False,False,46.357
831,41.55,0,alert,alert,0.868392,0.868392,0.033031,0.0,0.011304,0.087273,0.46528,0.898235,0.0,0.178455,0.148941,0.138181,0.0,0.0,0.0,True,True,False,0.0,False,False,37.438
832,41.6,0,alert,alert,0.900451,0.900451,0.022508,0.0,0.011057,0.065983,0.315273,0.925524,0.0,0.18011,0.149217,0.138392,0.0,0.0,0.0,True,True,False,0.114777,False,False,37.563
833,41.65,0,alert,alert,0.933463,0.933463,0.010848,0.0,0.008763,0.046926,0.141704,0.942637,0.0,0.180386,0.149205,0.138396,0.0,0.0,0.0,True,True,False,0.114777,False,False,37.446
834,41.7,0,alert,alert,0.961162,0.961162,0.004393,0.0,0.006451,0.027993,0.056485,0.951995,0.0,0.180314,0.148989,0.138296,0.0,0.0,0.0,True,True,False,0.114777,False,False,37.345
835,41.75,0,alert,alert,0.974566,0.974566,0.002202,0.0,0.004933,0.0183,0.043126,0.951536,0.0,0.18022,0.14894,0.13818,0.0,0.0,0.0,True,True,False,0.044739,False,False,46.405
836,41.8,0,alert,alert,0.978421,0.978421,0.001502,0.0,0.004181,0.015897,0.041368,0.950709,0.0,0.179506,0.148756,0.138061,0.0,0.0,0.0,True,True,False,0.126221,False,False,37.357
837,41.85,0,alert,alert,0.980767,0.980767,0.001184,0.0,0.003813,0.014237,0.04558,0.94843,0.0,0.179974,0.14892,0.137949,0.0,0.0,0.0,True,True,False,0.044739,False,False,37.155
838,41.9,0,alert,alert,0.981038,0.981038,0.001047,0.0,0.003817,0.014098,0.050145,0.945428,0.0,0.179856,0.148753,0.137842,0.0,0.0,0.0,True,True,False,0.0,False,False,39.038
839,41.95,0,alert,alert,0.98058,0.98058,0.001035,0.0,0.004114,0.01427,0.050122,0.945945,0.0,0.179772,0.148951,0.137736,0.0,0.0,0.0,True,True,False,0.0,False,False,37.748
840,42.0,0,alert,alert,0.979394,0.979394,0.001136,0.0,0.004532,0.014939,0.049079,0.946814,0.0,0.179494,0.148964,0.137629,0.0,0.0,0.0,True,True,False,0.0,False,False,46.722
841,42.05,0,alert,alert,0.97518,0.97518,0.001283,0.0,0.00452,0.019016,0.050574,0.946069,0.0,0.177529,0.148797,0.137524,0.0,0.0,0.0,True,True,False,0.0,False,False,37.794
842,42.1,0,alert,alert,0.972444,0.972444,0.001246,0.0,0.004213,0.022097,0.049301,0.946246,0.0,0.175348,0.148982,0.137417,0.0,0.0,0.0,True,True,False,0.099442,False,False,37.997
843,42.15,0,alert,alert,0.969185,0.969185,0.001172,0.0,0.003687,0.025956,0.048574,0.947093,0.0,0.17302,0.148811,0.13731,0.0,0.0,0.0,True,True,False,0.0,False,False,37.643
844,42.2,0,alert,alert,0.963037,0.963037,0.001149,0.0,0.003307,0.032506,0.051613,0.946025,0.0,0.170813,0.148001,0.137207,0.0,0.0,0.0,True,True,False,0.0,False,False,37.618
845,42.25,0,alert,alert,0.961238,0.961238,0.001053,0.0,0.002842,0.034866,0.053528,0.945687,0.0,0.168813,0.147849,0.137106,0.0,0.0,0.0,True,True,False,0.0,False,False,46.024
846,42.3,0,alert,alert,0.958699,0.958699,0.00097,0.0,0.002494,0.037837,0.051185,0.946129,0.0,0.167245,0.147685,0.137003,0.0,0.0,0.0,True,True,False,0.0,False,False,37.388
847,42.35,0,alert,alert,0.961301,0.961301,0.000878,0.0,0.002263,0.035558,0.058959,0.943491,0.0,0.166488,0.147839,0.13691,0.0,0.0,0.0,True,True,False,0.082047,False,False,37.581
848,42.4,0,alert,alert,0.953278,0.953278,0.000938,0.0,0.002167,0.043617,0.133548,0.926669,0.0,0.166703,0.147815,0.136906,0.0,0.0,0.0,True,True,False,0.161697,False,False,37.248
849,42.45,0,alert,alert,0.941804,0.941804,0.001096,0.0,0.002162,0.054938,0.256621,0.911525,0.0,0.167721,0.148352,0.137044,0.0,0.0,0.0,True,True,False,0.161697,False,False,37.387
850,42.5,0,alert,alert,0.937266,0.937266,0.001532,0.0,0.002509,0.058693,0.496916,0.828155,0.0,0.169813,0.149055,0.13742,0.0,0.0,0.0,True,True,False,0.132629,False,False,46.276
851,42.55,0,alert,alert,0.905024,0.905024,0.003629,0.0,0.003705,0.087643,0.555582,0.814473,0.0,0.172119,0.14965,0.13785,0.0,0.0,0.0,True,True,False,0.049545,False,False,37.284
852,42.6,0,alert,alert,0.858249,0.858249,0.01104,0.0,0.006471,0.12424,0.59824,0.816387,0.0,0.174621,0.150682,0.138324,0.0,0.0,0.0,True,True,False,0.027115,False,False,37.298
853,42.65,0,alert,alert,0.760896,0.760896,0.043967,0.0,0.012526,0.18261,0.633144,0.811505,0.0,0.17724,0.151385,0.13883,0.0,0.0,0.0,True,True,False,0.027115,False,False,37.3
854,42.7,0,alert,alert,0.740487,0.740487,0.082884,0.0,0.017767,0.158863,0.520351,0.862851,0.0,0.179401,0.152323,0.139244,0.0,0.0,0.0,True,True,False,0.03009,False,False,37.334
855,42.75,0,alert,alert,0.781258,0.781258,0.082939,0.0,0.019901,0.115901,0.45116,0.891901,0.0,0.1813,0.152988,0.139594,0.0,0.0,0.0,True,True,False,0.050003,False,False,46.899
856,42.8,0,alert,alert,0.845626,0.845626,0.051259,0.0,0.017694,0.085421,0.341741,0.915401,0.0,0.182731,0.153299,0.139826,0.0,0.0,0.0,True,True,False,0.03009,False,False,37.949
857,42.85,0,alert,alert,0.888179,0.888179,0.02868,0.0,0.013903,0.069238,0.196831,0.932333,0.0,0.183442,0.153749,0.139893,0.0,0.0,0.0,True,True,False,0.050003,False,False,37.726
858,42.9,0,alert,alert,0.924831,0.924831,0.014788,0.0,0.010942,0.049438,0.104744,0.943393,0.0,0.183647,0.153665,0.139851,0.0,0.0,0.0,True,True,False,0.021622,False,False,37.697
859,42.95,0,alert,alert,0.930622,0.930622,0.012639,0.0,0.010505,0.046234,0.232328,0.913032,0.0,0.184459,0.154183,0.139957,0.0,0.0,0.0,True,True,False,0.0,False,False,38.058
860,43.0,0,alert,alert,0.887135,0.887135,0.033399,0.0,0.017025,0.062441,0.495731,0.8342,0.0,0.186243,0.154895,0.140328,0.0,0.0,0.0,True,True,False,0.0,False,False,46.987
861,43.05,0,alert,alert,0.680703,0.680703,0.189734,0.0,0.04021,0.089354,0.578797,0.819824,0.0,0.188494,0.15552,0.140776,0.0,0.0,0.0,True,True,False,0.0,False,False,37.468
862,43.1,1,drowsy,drowsy,0.68946,0.207326,0.68946,0.0,0.050223,0.052991,0.68722,0.817081,0.0,0.191333,0.156698,0.141333,0.0,0.0,0.0,True,True,False,0.0,False,False,38.445
863,43.15,1,drowsy,drowsy,0.936848,0.027847,0.936848,0.0,0.021329,0.013976,0.738977,0.803298,0.0,0.194339,0.157539,0.141931,0.0,0.0,0.0,True,True,False,0.0,False,False,37.561
864,43.2,1,drowsy,drowsy,0.970383,0.009666,0.970383,0.0,0.013005,0.006945,0.559877,0.865975,0.0,0.196641,0.158567,0.142382,0.0,0.0,0.0,True,True,False,0.314914,False,False,37.938
865,43.25,1,drowsy,drowsy,0.978842,0.005918,0.978842,0.0,0.010027,0.005213,0.486382,0.875386,0.0,0.198585,0.159283,0.142756,0.0,0.0,0.0,True,True,False,0.347873,False,False,47.278
866,43.3,1,drowsy,drowsy,0.972363,0.007614,0.972363,0.0,0.013614,0.006409,0.364775,0.912383,0.0,0.200046,0.15962,0.143007,0.0,0.0,0.0,True,True,False,0.362979,False,False,38.656
867,43.35,1,drowsy,drowsy,0.949968,0.015357,0.949968,0.0,0.023901,0.010773,0.203355,0.932117,0.0,0.200615,0.160077,0.143077,0.0,0.0,0.0,True,True,False,0.347873,False,False,38.234
868,43.4,1,drowsy,drowsy,0.897697,0.039834,0.897697,0.0,0.039973,0.022496,0.091236,0.944314,0.0,0.200635,0.15996,0.143016,0.0,0.0,0.0,True,True,False,0.168429,False,False,37.842
869,43.45,1,drowsy,drowsy,0.802665,0.095595,0.802665,0.0,0.057471,0.044269,0.074637,0.944326,0.0,0.200638,0.160213,0.142937,0.0,0.0,0.0,True,True,False,0.0,False,False,37.319
870,43.5,1,drowsy,drowsy,0.672008,0.188943,0.672008,0.0,0.066686,0.072362,0.079336,0.940301,0.0,0.200575,0.160283,0.142863,0.0,0.0,0.0,True,True,False,0.0,False,False,46.349
871,43.55,1,drowsy,drowsy,0.499228,0.32709,0.499228,0.0,0.068976,0.104707,0.086364,0.93768,0.0,0.200616,0.160158,0.142797,0.0,0.0,0.0,True,True,False,0.0,False,False,37.338
872,43.6,0,alert,alert,0.487079,0.487079,0.328327,0.0,0.063239,0.121355,0.078607,0.938549,0.0,0.200633,0.160435,0.142723,0.0,0.0,0.0,True,True,False,0.0,False,False,37.432
873,43.65,0,alert,alert,0.611334,0.611334,0.209482,0.0,0.052435,0.126749,0.088985,0.934112,0.0,0.20066,0.160315,0.142661,0.0,0.0,0.0,True,True,False,0.0,False,False,37.227
874,43.7,0,alert,alert,0.656568,0.656568,0.163753,0.0,0.04534,0.134339,0.096056,0.931017,0.0,0.200742,0.160625,0.142608,0.0,0.0,0.0,True,True,False,0.0,False,False,37.287
875,43.75,0,alert,alert,0.674572,0.674572,0.133764,0.0,0.040696,0.150968,0.078688,0.93506,0.0,0.200757,0.160693,0.142534,0.0,0.0,0.0,True,True,False,0.0,False,False,46.306
876,43.8,0,alert,alert,0.70239,0.70239,0.111987,0.0,0.036826,0.148797,0.073424,0.937009,0.0,0.200779,0.160546,0.142455,0.0,0.0,0.0,True,True,False,0.0,False,False,37.236
877,43.85,0,alert,alert,0.769871,0.769871,0.076167,0.0,0.031819,0.122144,0.061271,0.940779,0.0,0.200766,0.159478,0.142361,0.0,0.0,0.0,True,True,False,0.0,False,False,37.272
878,43.9,0,alert,alert,0.845556,0.845556,0.039957,0.0,0.025352,0.089134,0.050118,0.94468,0.0,0.200688,0.159292,0.142255,0.0,0.0,0.0,True,True,False,0.0,False,False,37.327
879,43.95,0,alert,alert,0.893008,0.893008,0.020765,0.0,0.020952,0.065274,0.057919,0.943566,0.0,0.200641,0.158342,0.142157,0.0,0.0,0.0,True,True,False,0.0,False,False,37.28
880,44.0,0,alert,alert,0.922768,0.922768,0.00999,0.0,0.01688,0.050362,0.050696,0.946658,0.0,0.200616,0.158142,0.142051,0.0,0.0,0.0,True,True,False,0.0,False,False,46.377
881,44.05,0,alert,alert,0.946394,0.946394,0.00414,0.0,0.015233,0.034233,0.049034,0.945804,0.0,0.200614,0.157956,0.141944,0.0,0.0,0.0,True,True,False,0.0,False,False,37.148
882,44.1,0,alert,alert,0.930065,0.930065,0.00245,0.0,0.019144,0.048341,0.059061,0.943782,0.0,0.200674,0.158123,0.141849,0.0,0.0,0.0,True,True,False,0.0,False,False,37.36
883,44.15,0,alert,alert,0.936526,0.936526,0.001257,0.0,0.020354,0.041864,0.232627,0.916019,0.0,0.201638,0.158245,0.14195,0.0,0.0,0.0,True,True,False,0.0,False,False,37.488
884,44.2,0,alert,alert,0.911085,0.911085,0.000927,0.0,0.019504,0.068484,0.31399,0.91494,0.0,0.202735,0.15891,0.142141,0.0,0.0,0.0,True,True,False,0.0,False,False,37.11
885,44.25,0,alert,alert,0.645975,0.645975,0.000981,0.0,0.013918,0.339125,0.161336,0.939939,0.0,0.203118,0.159055,0.142163,0.0,0.0,0.0,True,True,False,0.0,False,False,46.388
886,44.3,4,distraction,distracted,0.703311,0.291595,0.000595,0.0,0.004498,0.703311,0.083428,0.94849,0.0,0.203221,0.158926,0.142096,0.0,0.0,0.0,True,True,False,0.0,False,False,37.253
887,44.35,4,distraction,distracted,0.821441,0.176596,0.000377,0.0,0.001585,0.821441,0.083232,0.944411,0.0,0.203339,0.159147,0.142028,0.0,0.0,0.0,True,True,False,0.0,False,False,37.244
888,44.4,4,distraction,distracted,0.814838,0.183908,0.000328,0.0,0.000927,0.814838,0.101807,0.939702,0.0,0.203574,0.15905,0.141983,0.0,0.0,0.0,True,True,False,0.0,False,False,37.252
889,44.45,4,distraction,distracted,0.730456,0.268468,0.00035,0.0,0.000725,0.730456,0.206257,0.919964,0.0,0.204354,0.159488,0.142054,0.0,0.0,0.0,True,True,False,0.0,False,False,37.441
890,44.5,4,distraction,distracted,0.568381,0.430562,0.00038,0.0,0.000677,0.568381,0.1306,0.934242,0.0,0.204515,0.159614,0.142041,0.0,0.0,0.0,True,True,False,0.0,False,False,46.521
891,44.55,0,alert,alert,0.642725,0.642725,0.000359,0.0,0.000691,0.356225,0.079224,0.944,0.0,0.203969,0.159477,0.14197,0.0,0.0,0.0,True,True,False,0.0,False,False,37.329
892,44.6,0,alert,alert,0.691193,0.691193,0.000353,0.0,0.000692,0.307762,0.061994,0.946466,0.0,0.202096,0.159073,0.141878,0.0,0.0,0.0,True,True,False,0.0,False,False,37.318
893,44.65,4,distraction,distracted,0.513115,0.485779,0.000436,0.0,0.00067,0.513115,0.402658,0.881991,0.0,0.201649,0.159459,0.142155,0.0,0.0,0.0,True,True,False,0.0,False,False,37.179
894,44.7,4,distraction,distracted,0.683914,0.315019,0.000481,0.0,0.000586,0.683914,0.506345,0.813882,0.0,0.201652,0.159385,0.142512,0.0,0.0,0.0,True,True,False,0.0,False,False,37.373
895,44.75,0,alert,alert,0.570015,0.570015,0.000497,0.0,0.000689,0.428799,0.440965,0.876922,0.0,0.201785,0.159914,0.142826,0.0,0.0,0.0,True,True,False,0.0,False,False,46.179
896,44.8,0,alert,alert,0.661275,0.661275,0.000498,0.0,0.000699,0.337529,0.336487,0.901737,0.0,0.20238,0.160201,0.143036,0.0,0.0,0.0,True,True,False,1.0,False,False,37.334
897,44.85,0,alert,alert,0.707456,0.707456,0.000492,0.0,0.000699,0.291353,0.205838,0.916537,0.0,0.203012,0.160664,0.143105,0.0,0.0,0.0,True,True,False,1.0,False,False,37.411
898,44.9,0,alert,alert,0.785359,0.785359,0.000428,0.0,0.000674,0.213538,0.09073,0.938574,0.0,0.203231,0.160546,0.143046,0.0,0.0,0.0,True,True,False,1.0,False,False,37.44
899,44.95,0,alert,alert,0.884137,0.884137,0.000344,0.0,0.000685,0.114834,0.05292,0.945824,0.0,0.203264,0.160773,0.142944,0.0,0.0,0.0,True,True,False,1.0,False,False,37.518
900,45.0,0,alert,alert,0.923796,0.923796,0.000285,0.0,0.000681,0.075238,0.041127,0.950132,0.0,0.203227,0.160774,0.142828,0.0,0.0,0.0,True,True,False,1.0,False,False,46.29
901,45.05,0,alert,alert,0.949422,0.949422,0.000232,0.0,0.000716,0.04963,0.039534,0.949221,0.0,0.203175,0.160567,0.142711,0.0,0.0,0.0,True,True,False,1.0,False,False,37.425
902,45.1,0,alert,alert,0.959149,0.959149,0.000213,0.0,0.000806,0.039832,0.043552,0.947567,0.0,0.203131,0.160787,0.142599,0.0,0.0,0.0,True,True,False,0.0,False,False,37.289
903,45.15,0,alert,alert,0.948256,0.948256,0.000253,0.0,0.000932,0.050558,0.045117,0.946535,0.0,0.203103,0.16059,0.14249,0.0,0.0,0.0,True,True,False,0.0,False,False,37.303
904,45.2,0,alert,alert,0.939128,0.939128,0.000303,0.0,0.001077,0.059493,0.050284,0.944357,0.0,0.203086,0.160823,0.142386,0.0,0.0,0.0,True,True,False,0.0,False,False,37.519
905,45.25,0,alert,alert,0.955963,0.955963,0.000286,0.0,0.001158,0.042593,0.071941,0.937708,0.0,0.201743,0.160878,0.142307,0.0,0.0,0.0,True,True,False,0.0,False,False,46.354
906,45.3,0,alert,alert,0.955653,0.955653,0.000321,0.0,0.001312,0.042713,0.0656,0.939783,0.0,0.199694,0.160717,0.142222,0.0,0.0,0.0,True,True,False,0.0,False,False,37.677
907,45.35,0,alert,alert,0.955922,0.955922,0.000359,0.0,0.001407,0.042313,0.053543,0.944691,0.0,0.197408,0.160932,0.142123,0.0,0.0,0.0,True,True,False,0.0,False,False,37.597
908,45.4,0,alert,alert,0.956846,0.956846,0.000397,0.0,0.001489,0.041268,0.048552,0.947042,0.0,0.195183,0.160741,0.142018,0.0,0.0,0.0,True,True,False,0.0,False,False,37.642
909,45.45,0,alert,alert,0.961429,0.961429,0.00045,0.0,0.001631,0.03649,0.049372,0.946075,0.0,0.193071,0.160899,0.141914,0.0,0.0,0.0,True,True,False,0.0,False,False,37.557
910,45.5,0,alert,alert,0.9678,0.9678,0.000454,0.0,0.001624,0.030122,0.045783,0.947616,0.0,0.191412,0.160887,0.141806,0.0,0.0,0.0,True,True,False,1.0,False,False,46.333
911,45.55,0,alert,alert,0.97202,0.97202,0.000434,0.0,0.001753,0.025793,0.066219,0.940369,0.0,0.190745,0.160727,0.141723,0.0,0.0,0.0,True,True,False,1.0,False,False,37.426
912,45.6,0,alert,alert,0.97157,0.97157,0.000434,0.0,0.00187,0.026125,0.063175,0.942566,0.0,0.190658,0.160933,0.141635,0.0,0.0,0.0,True,True,False,1.0,False,False,37.372
913,45.65,0,alert,alert,0.971449,0.971449,0.000395,0.0,0.00213,0.026026,0.058138,0.943416,0.0,0.190715,0.160758,0.141542,0.0,0.0,0.0,True,True,False,0.0,False,False,37.48
914,45.7,0,alert,alert,0.975081,0.975081,0.000355,0.0,0.002088,0.022476,0.052138,0.945416,0.0,0.190777,0.160948,0.141443,0.0,0.0,0.0,True,True,False,0.0,False,False,37.447
915,45.75,0,alert,alert,0.981073,0.981073,0.000274,0.0,0.002376,0.016277,0.067603,0.938299,0.0,0.190911,0.160497,0.141362,0.0,0.0,0.0,True,True,False,0.0,False,False,46.599
916,45.8,0,alert,alert,0.982435,0.982435,0.000234,0.0,0.002214,0.015117,0.056748,0.94406,0.0,0.190987,0.160321,0.141268,0.0,0.0,0.0,True,True,False,0.0,False,False,37.635
917,45.85,0,alert,alert,0.982719,0.982719,0.000225,0.0,0.001866,0.01519,0.05938,0.944884,0.0,0.191075,0.159806,0.141177,0.0,0.0,0.0,True,True,False,0.0,False,False,37.397
918,45.9,0,alert,alert,0.984072,0.984072,0.000205,0.0,0.001638,0.014086,0.049957,0.946455,0.0,0.191109,0.159619,0.141076,0.0,0.0,0.0,True,True,False,0.0,False,False,37.573
919,45.95,0,alert,alert,0.978137,0.978137,0.000229,0.0,0.001491,0.020144,0.048784,0.945629,0.0,0.191089,0.1597,0.140974,0.0,0.0,0.0,True,True,False,0.0,False,False,37.51
920,46.0,0,alert,alert,0.979232,0.979232,0.000215,0.0,0.001228,0.019325,0.055273,0.943078,0.0,0.191037,0.159662,0.14088,0.0,0.0,0.0,True,True,False,0.0,False,False,46.21
921,46.05,0,alert,alert,0.981365,0.981365,0.00019,0.0,0.001107,0.017338,0.056339,0.945596,0.0,0.190971,0.159486,0.140786,0.0,0.0,0.0,True,True,False,0.0,False,False,37.484
922,46.1,0,alert,alert,0.97485,0.97485,0.000203,0.0,0.001232,0.023714,0.047708,0.948039,0.0,0.190923,0.15967,0.140683,0.0,0.0,0.0,True,True,False,0.0,False,False,37.412
923,46.15,0,alert,alert,0.973881,0.973881,0.000189,0.0,0.001113,0.024818,0.050837,0.946827,0.0,0.190927,0.159662,0.140584,0.0,0.0,0.0,True,True,False,0.0,False,False,37.188
924,46.2,0,alert,alert,0.977444,0.977444,0.000177,0.0,0.000994,0.021384,0.066876,0.94188,0.0,0.191026,0.15965,0.140504,0.0,0.0,0.0,True,True,False,0.0,False,False,37.181
925,46.25,0,alert,alert,0.982697,0.982697,0.000157,0.0,0.000966,0.01618,0.054983,0.945653,0.0,0.191031,0.159608,0.14041,0.0,0.0,0.0,True,True,False,0.0,False,False,46.978
926,46.3,0,alert,alert,0.982971,0.982971,0.000165,0.0,0.000971,0.015893,0.055516,0.945643,0.0,0.191028,0.159431,0.140316,0.0,0.0,0.0,True,True,False,0.0,False,False,37.914
927,46.35,0,alert,alert,0.981369,0.981369,0.000189,0.0,0.000971,0.017471,0.069283,0.94049,0.0,0.190979,0.159525,0.140239,0.0,0.0,0.0,True,True,False,0.0,False,False,37.408
928,46.4,0,alert,alert,0.979066,0.979066,0.000202,0.0,0.000977,0.019755,0.066148,0.941396,0.0,0.189245,0.159518,0.140158,0.0,0.0,0.0,True,True,False,0.0,False,False,37.746
929,46.45,0,alert,alert,0.974797,0.974797,0.000213,0.0,0.000977,0.024013,0.060037,0.942165,0.0,0.187134,0.15952,0.140071,0.0,0.0,0.0,True,True,False,0.0,False,False,37.842
930,46.5,0,alert,alert,0.976403,0.976403,0.000192,0.0,0.00092,0.022486,0.05723,0.942671,0.0,0.184867,0.159521,0.139981,0.0,0.0,0.0,True,True,False,0.0,False,False,46.788
931,46.55,0,alert,alert,0.976507,0.976507,0.000186,0.0,0.000912,0.022395,0.051093,0.945148,0.0,0.182631,0.159337,0.139884,0.0,0.0,0.0,True,True,False,0.0,False,False,38.089
932,46.6,0,alert,alert,0.977375,0.977375,0.000177,0.0,0.000881,0.021567,0.057662,0.9423,0.0,0.180907,0.159547,0.139794,0.0,0.0,0.0,True,True,False,0.0,False,False,38.424
933,46.65,0,alert,alert,0.972834,0.972834,0.000194,0.0,0.000891,0.026082,0.051229,0.946283,0.0,0.179509,0.159563,0.139698,0.0,0.0,0.0,True,True,False,0.0,False,False,37.744
934,46.7,0,alert,alert,0.965978,0.965978,0.000216,0.0,0.000905,0.032901,0.053571,0.946143,0.0,0.178883,0.15958,0.139604,0.0,0.0,0.0,True,True,False,0.0,False,False,37.339
935,46.75,0,alert,alert,0.961913,0.961913,0.000228,0.0,0.000888,0.036972,0.059203,0.944191,0.0,0.178636,0.159606,0.139517,0.0,0.0,0.0,True,True,False,0.0,False,False,47.481
936,46.8,0,alert,alert,0.969784,0.969784,0.000203,0.0,0.000808,0.029204,0.051647,0.946802,0.0,0.178448,0.159423,0.139421,0.0,0.0,0.0,True,True,False,0.0,False,False,37.944
937,46.85,0,alert,alert,0.960217,0.960217,0.000232,0.0,0.000818,0.038733,0.045937,0.947177,0.0,0.178258,0.159628,0.13932,0.0,0.0,0.0,True,True,False,0.700346,False,False,38.589
938,46.9,0,alert,alert,0.963029,0.963029,0.000219,0.0,0.000774,0.035978,0.047547,0.948728,0.0,0.178047,0.159614,0.13922,0.0,0.0,0.0,True,True,False,0.790525,False,False,37.934
939,46.95,0,alert,alert,0.971183,0.971183,0.000192,0.0,0.000749,0.027876,0.046921,0.949247,0.0,0.177664,0.159597,0.13912,0.0,0.0,0.0,True,True,False,0.813871,False,False,37.409
940,47.0,0,alert,alert,0.967748,0.967748,0.000194,0.0,0.000777,0.031282,0.046771,0.947825,0.0,0.177336,0.159566,0.13902,0.0,0.0,0.0,True,True,False,0.813871,False,False,46.122
941,47.05,0,alert,alert,0.97167,0.97167,0.00017,0.0,0.00079,0.02737,0.045131,0.948799,0.0,0.177237,0.159371,0.138918,0.0,0.0,0.0,True,True,False,1.0,False,False,37.66
942,47.1,0,alert,alert,0.975618,0.975618,0.000152,0.0,0.000785,0.023446,0.044847,0.948469,0.0,0.177197,0.159519,0.138816,0.0,0.0,0.0,True,True,False,1.0,False,False,37.532
943,47.15,0,alert,alert,0.975453,0.975453,0.000148,0.0,0.000771,0.023628,0.043451,0.949035,0.0,0.177191,0.159434,0.138713,0.0,0.0,0.0,True,True,False,0.0,False,False,37.323
944,47.2,0,alert,alert,0.972692,0.972692,0.000154,0.0,0.000756,0.026398,0.045865,0.948944,0.0,0.1772,0.159385,0.138613,0.0,0.0,0.0,True,True,False,0.0,False,False,37.442
945,47.25,0,alert,alert,0.974283,0.974283,0.000154,0.0,0.000745,0.024819,0.051038,0.947415,0.0,0.17724,0.159351,0.138518,0.0,0.0,0.0,True,True,False,0.0,False,False,46.4
946,47.3,0,alert,alert,0.970574,0.970574,0.000165,0.0,0.00076,0.0285,0.053959,0.946151,0.0,0.177301,0.159172,0.138427,0.0,0.0,0.0,True,True,False,0.0,False,False,37.374
947,47.35,0,alert,alert,0.971009,0.971009,0.000166,0.0,0.000777,0.028048,0.053694,0.946382,0.0,0.177345,0.159349,0.138336,0.0,0.0,0.0,True,True,False,0.0,False,False,37.474
948,47.4,0,alert,alert,0.973453,0.973453,0.000168,0.0,0.00077,0.025609,0.050557,0.946561,0.0,0.177375,0.159348,0.138242,0.0,0.0,0.0,True,True,False,0.0,False,False,37.309
949,47.45,0,alert,alert,0.975758,0.975758,0.000173,0.0,0.000802,0.023267,0.048344,0.94772,0.0,0.177379,0.159354,0.138146,0.0,0.0,0.0,True,True,False,0.483276,False,False,37.276
950,47.5,0,alert,alert,0.977445,0.977445,0.000176,0.0,0.000794,0.021585,0.052488,0.94616,0.0,0.177388,0.159372,0.138054,0.0,0.0,0.0,True,True,False,0.520813,False,False,46.239
951,47.55,0,alert,alert,0.975508,0.975508,0.000195,0.0,0.00082,0.023477,0.065776,0.94305,0.0,0.177491,0.159213,0.137977,0.0,0.0,0.0,True,True,False,0.655396,False,False,37.4
952,47.6,0,alert,alert,0.97092,0.97092,0.000228,0.0,0.000821,0.028031,0.053083,0.944335,0.0,0.177521,0.159431,0.137887,0.0,0.0,0.0,True,True,False,0.802795,False,False,37.455
953,47.65,0,alert,alert,0.971754,0.971754,0.00022,0.0,0.00083,0.027197,0.047117,0.948025,0.0,0.177512,0.159438,0.13779,0.0,0.0,0.0,True,True,False,0.744202,False,False,37.949
954,47.7,0,alert,alert,0.962917,0.962917,0.000252,0.0,0.000882,0.035949,0.051357,0.945315,0.0,0.177496,0.159448,0.137698,0.0,0.0,0.0,True,True,False,0.802795,False,False,37.742
955,47.75,0,alert,alert,0.96315,0.96315,0.000263,0.0,0.00088,0.035707,0.05413,0.942723,0.0,0.177503,0.159463,0.137609,0.0,0.0,0.0,True,True,False,0.865051,False,False,46.78
956,47.8,0,alert,alert,0.955587,0.955587,0.000307,0.0,0.000936,0.04317,0.061796,0.939782,0.0,0.177552,0.159298,0.137529,0.0,0.0,0.0,True,True,False,0.865051,False,False,38.465
957,47.85,0,alert,alert,0.947461,0.947461,0.000346,0.0,0.000956,0.051237,0.055863,0.942253,0.0,0.177586,0.15946,0.137443,0.0,0.0,0.0,True,True,False,0.0,False,False,37.536
958,47.9,0,alert,alert,0.91675,0.91675,0.000426,0.0,0.000966,0.081858,0.052329,0.944041,0.0,0.177613,0.159453,0.137353,0.0,0.0,0.0,True,True,False,0.0,False,False,38.049
959,47.95,0,alert,alert,0.922401,0.922401,0.000415,0.0,0.000907,0.076277,0.058421,0.942254,0.0,0.177632,0.159439,0.137269,0.0,0.0,0.0,True,True,False,0.0,False,False,38.474
960,48.0,0,alert,alert,0.94022,0.94022,0.000368,0.0,0.000864,0.058548,0.052195,0.944565,0.0,0.176036,0.15883,0.137179,0.0,0.0,0.0,True,True,False,0.0,False,False,46.982
961,48.05,0,alert,alert,0.932213,0.932213,0.000388,0.0,0.000863,0.066536,0.048998,0.945764,0.0,0.173884,0.158643,0.137086,0.0,0.0,0.0,True,True,False,0.0,False,False,38.098
962,48.1,0,alert,alert,0.917579,0.917579,0.000421,0.0,0.000884,0.081115,0.048607,0.945851,0.0,0.171417,0.158319,0.136993,0.0,0.0,0.0,True,True,False,0.0,False,False,37.581
963,48.15,0,alert,alert,0.810625,0.810625,0.000587,0.0,0.000989,0.187799,0.048125,0.945939,0.0,0.168525,0.158297,0.136899,0.0,0.0,0.0,True,True,False,0.0,False,False,37.509
964,48.2,0,alert,alert,0.596119,0.596119,0.000705,0.0,0.000941,0.402235,0.052018,0.94533,0.0,0.165322,0.158313,0.136809,0.0,0.0,0.0,True,True,False,0.629303,False,False,37.506
965,48.25,4,distraction,distracted,0.559024,0.439472,0.000704,0.0,0.000799,0.559024,0.052086,0.945864,0.0,0.161969,0.158329,0.13672,0.0,0.0,0.0,True,True,False,0.0,False,False,46.555
966,48.3,4,distraction,distracted,0.626418,0.372197,0.000688,0.0,0.000697,0.626418,0.048103,0.947175,0.0,0.158586,0.158141,0.136627,0.0,0.0,0.0,True,True,False,0.0,False,False,37.56
967,48.35,4,distraction,distracted,0.626471,0.372154,0.00071,0.0,0.000664,0.626471,0.053365,0.945414,0.0,0.155253,0.158345,0.136539,0.0,0.0,0.0,True,True,False,0.0,False,False,37.554
968,48.4,4,distraction,distracted,0.720123,0.278537,0.000742,0.0,0.000598,0.720123,0.10339,0.935577,0.0,0.15281,0.15844,0.136505,0.0,0.0,0.0,True,True,False,0.0,False,False,37.428
969,48.45,4,distraction,distracted,0.825743,0.172953,0.00079,0.0,0.000515,0.825743,0.397146,0.882161,0.0,0.152322,0.158999,0.13676,0.0,0.0,0.0,True,True,False,0.0,False,False,37.303
970,48.5,4,distraction,distracted,0.817807,0.180837,0.000844,0.0,0.000513,0.817807,0.244606,0.923786,0.0,0.151856,0.159335,0.13687,0.0,0.0,0.0,True,True,False,0.0,False,False,46.181
971,48.55,4,distraction,distracted,0.809159,0.18955,0.000798,0.0,0.000492,0.809159,0.104741,0.944154,0.0,0.151569,0.159242,0.136837,0.0,0.0,0.0,True,True,False,0.0,False,False,37.308
972,48.6,4,distraction,distracted,0.823445,0.175393,0.000706,0.0,0.000455,0.823445,0.053959,0.950736,0.0,0.151478,0.159439,0.13675,0.0,0.0,0.0,True,True,False,0.0,False,False,37.426
973,48.65,4,distraction,distracted,0.842711,0.156233,0.000627,0.0,0.000428,0.842711,0.040955,0.953321,0.0,0.151438,0.159406,0.136649,0.0,0.0,0.0,True,True,False,0.0,False,False,37.44
974,48.7,4,distraction,distracted,0.779212,0.219661,0.000636,0.0,0.000491,0.779212,0.038381,0.952772,0.0,0.151412,0.159376,0.136546,0.0,0.0,0.0,True,True,False,0.0,False,False,37.363
975,48.75,4,distraction,distracted,0.790956,0.208005,0.000577,0.0,0.000462,0.790956,0.039754,0.951686,0.0,0.151007,0.15936,0.136444,0.0,0.0,0.0,True,True,False,0.0,False,False,46.094
976,48.8,4,distraction,distracted,0.788687,0.210308,0.000552,0.0,0.000453,0.788687,0.039795,0.950571,0.0,0.149119,0.159155,0.136343,0.0,0.0,0.0,True,True,False,0.0,False,False,37.576
977,48.85,4,distraction,distracted,0.801393,0.197649,0.000523,0.0,0.000436,0.801393,0.040262,0.950066,0.0,0.147095,0.159336,0.136243,0.0,0.0,0.0,True,True,False,0.0,False,False,37.408
978,48.9,4,distraction,distracted,0.802053,0.196984,0.000527,0.0,0.000436,0.802053,0.045611,0.947876,0.0,0.145506,0.159338,0.136148,0.0,0.0,0.0,True,True,False,0.0,False,False,37.369
979,48.95,4,distraction,distracted,0.864387,0.134765,0.000477,0.0,0.000371,0.864387,0.205689,0.92089,0.0,0.145284,0.159045,0.136219,0.0,0.0,0.0,True,True,False,0.0,False,False,37.351
980,49.0,4,distraction,distracted,0.902618,0.096611,0.000446,0.0,0.000325,0.902618,0.33702,0.914268,0.0,0.146124,0.158832,0.13642,0.0,0.0,0.0,True,True,False,0.0,False,False,45.995
981,49.05,4,distraction,distracted,0.950081,0.049247,0.000408,0.0,0.000264,0.950081,0.44422,0.894792,0.0,0.147736,0.159292,0.136721,0.0,0.0,0.0,True,True,False,0.0,False,False,37.358
982,49.1,4,distraction,distracted,0.961459,0.03785,0.000441,0.0,0.000251,0.961459,0.488132,0.869802,0.0,0.149708,0.15895,0.137056,0.0,0.0,0.0,True,True,False,0.0,False,False,37.408
983,49.15,4,distraction,distracted,0.971937,0.027328,0.000493,0.0,0.000243,0.971937,0.511327,0.870647,0.0,0.151868,0.15922,0.137412,0.0,0.0,0.0,True,True,False,0.0,False,False,37.942
984,49.2,4,distraction,distracted,0.981058,0.018203,0.00051,0.0,0.000229,0.981058,0.53235,0.870482,0.0,0.154139,0.15979,0.137787,0.0,0.0,0.0,True,True,False,0.0,False,False,37.775
985,49.25,4,distraction,distracted,0.986458,0.012826,0.000499,0.0,0.000217,0.986458,0.545048,0.880356,0.0,0.156478,0.160512,0.138178,0.0,0.0,0.0,True,True,False,0.0,False,False,46.341
986,49.3,4,distraction,distracted,0.988811,0.01048,0.000491,0.0,0.000219,0.988811,0.456751,0.913857,0.0,0.158341,0.160999,0.138495,0.0,0.0,0.0,True,True,False,0.0,False,False,37.452
987,49.35,4,distraction,distracted,0.990725,0.008548,0.000503,0.0,0.000224,0.990725,0.485083,0.901728,0.0,0.160256,0.161707,0.138836,0.0,0.0,0.0,True,True,False,0.0,False,False,37.354
988,49.4,4,distraction,distracted,0.992092,0.007226,0.000467,0.0,0.000215,0.992092,0.511249,0.895005,0.0,0.162358,0.162402,0.139198,0.0,0.0,0.0,True,True,False,0.0,False,False,37.82
989,49.45,4,distraction,distracted,0.992122,0.007168,0.000485,0.0,0.000226,0.992122,0.437815,0.91811,0.0,0.164122,0.163028,0.139496,0.0,0.0,0.0,True,True,False,0.0,False,False,37.732
990,49.5,4,distraction,distracted,0.99204,0.007238,0.000492,0.0,0.00023,0.99204,0.41511,0.921049,0.0,0.16591,0.163634,0.139771,0.0,0.0,0.0,True,True,False,0.0,False,False,46.704
991,49.55,4,distraction,distracted,0.991335,0.007931,0.000497,0.0,0.000238,0.991335,0.300785,0.937197,0.0,0.167171,0.163865,0.139935,0.0,0.0,0.0,True,True,False,0.0,False,False,38.21
992,49.6,4,distraction,distracted,0.991795,0.007526,0.000451,0.0,0.000229,0.991795,0.358748,0.926617,0.0,0.168725,0.164562,0.140155,0.0,0.0,0.0,True,True,False,0.0,False,False,38.009
993,49.65,4,distraction,distracted,0.992654,0.00671,0.000415,0.0,0.000221,0.992654,0.396192,0.914468,0.0,0.170429,0.165123,0.140408,0.0,0.0,0.0,True,True,False,0.0,False,False,37.97
994,49.7,4,distraction,distracted,0.992975,0.006428,0.000384,0.0,0.000213,0.992975,0.25693,0.935869,0.0,0.171444,0.165465,0.140526,0.0,0.0,0.0,True,True,False,0.0,False,False,37.837
995,49.75,4,distraction,distracted,0.99317,0.006251,0.000371,0.0,0.000207,0.99317,0.295807,0.932692,0.0,0.172649,0.16588,0.140682,0.0,0.0,0.0,True,True,False,0.0,False,False,46.297
996,49.8,4,distraction,distracted,0.993097,0.006326,0.000372,0.0,0.000206,0.993097,0.311555,0.931423,0.0,0.173855,0.166124,0.140854,0.0,0.0,0.0,True,True,False,0.0,False,False,38.136
997,49.85,4,distraction,distracted,0.992974,0.006449,0.00037,0.0,0.000207,0.992974,0.273903,0.935667,0.0,0.174917,0.166715,0.140988,0.0,0.0,0.0,True,True,False,0.0,False,False,37.917
998,49.9,4,distraction,distracted,0.99273,0.006704,0.000361,0.0,0.000205,0.99273,0.28774,0.930181,0.0,0.176035,0.167121,0.141135,0.0,0.0,0.0,True,True,False,0.0,False,False,37.34
999,49.95,4,distraction,distracted,0.99155,0.007892,0.000353,0.0,0.000205,0.99155,0.117544,0.947389,0.0,0.176268,0.167207,0.141111,0.0,0.0,0.0,True,True,False,0.0,False,False,37.6
1000,50.0,4,distraction,distracted,0.990323,0.009148,0.000327,0.0,0.000201,0.990323,0.062036,0.953025,0.0,0.176058,0.167158,0.14103,0.0,0.0,0.0,True,True,False,0.0,False,False,46.337
1001,50.05,4,distraction,distracted,0.989359,0.010127,0.000313,0.0,0.000201,0.989359,0.048303,0.951304,0.0,0.174195,0.166954,0.140935,0.0,0.0,0.0,True,True,False,0.0,False,False,37.043
1002,50.1,4,distraction,distracted,0.988986,0.010521,0.0003,0.0,0.000194,0.988986,0.050481,0.948213,0.0,0.172054,0.165955,0.140843,0.0,0.0,0.0,True,True,False,0.0,False,False,37.281
1003,50.15,4,distraction,distracted,0.987453,0.012052,0.0003,0.0,0.000196,0.987453,0.045986,0.950307,0.0,0.170111,0.165235,0.140747,0.0,0.0,0.0,True,True,False,0.0,False,False,37.466
1004,50.2,4,distraction,distracted,0.983196,0.016292,0.000308,0.0,0.000205,0.983196,0.041588,0.951139,0.0,0.16856,0.164514,0.140646,0.0,0.0,0.0,True,True,False,0.468628,False,False,37.374
1005,50.25,4,distraction,distracted,0.981101,0.018408,0.000288,0.0,0.000203,0.981101,0.038974,0.951005,0.0,0.167559,0.163966,0.140542,0.0,0.0,0.0,True,True,False,0.483276,False,False,46.202
1006,50.3,4,distraction,distracted,0.970069,0.029384,0.000317,0.0,0.00023,0.970069,0.039973,0.951782,0.0,0.167148,0.163754,0.14044,0.0,0.0,0.0,True,True,False,0.483276,False,False,37.388
1007,50.35,4,distraction,distracted,0.952606,0.046785,0.000349,0.0,0.000259,0.952606,0.037902,0.951916,0.0,0.166949,0.163511,0.140336,0.0,0.0,0.0,True,True,False,0.225098,False,False,37.37
1008,50.4,4,distraction,distracted,0.91011,0.089168,0.000403,0.0,0.000319,0.91011,0.04011,0.950955,0.0,0.166825,0.163472,0.140235,0.0,0.0,0.0,True,True,False,0.188477,False,False,37.464
1009,50.45,4,distraction,distracted,0.88884,0.110432,0.000401,0.0,0.000328,0.88884,0.041109,0.950456,0.0,0.166598,0.163418,0.140134,0.0,0.0,0.0,True,True,False,0.225098,False,False,37.455
1010,50.5,4,distraction,distracted,0.927998,0.071364,0.000359,0.0,0.000278,0.927998,0.258915,0.914054,0.0,0.167527,0.163752,0.14025,0.0,0.0,0.0,True,True,False,0.415527,False,False,46.281
1011,50.55,4,distraction,distracted,0.94745,0.05195,0.000349,0.0,0.00025,0.94745,0.170013,0.934073,0.0,0.16643,0.163763,0.140279,0.0,0.0,0.0,True,True,False,0.415527,False,False,37.576
1012,50.6,4,distraction,distracted,0.956757,0.042679,0.000328,0.0,0.000235,0.956757,0.086017,0.946748,0.0,0.164486,0.164028,0.140225,0.0,0.0,0.0,True,True,False,0.0,False,False,37.565
1013,50.65,4,distraction,distracted,0.961756,0.037697,0.000319,0.0,0.000228,0.961756,0.053633,0.950948,0.0,0.16214,0.164047,0.140137,0.0,0.0,0.0,True,True,False,0.0,False,False,37.381
1014,50.7,4,distraction,distracted,0.949619,0.049765,0.000365,0.0,0.000252,0.949619,0.045697,0.950005,0.0,0.159861,0.164053,0.140042,0.0,0.0,0.0,True,True,False,0.0,False,False,37.36
1015,50.75,4,distraction,distracted,0.947793,0.051585,0.00037,0.0,0.000252,0.947793,0.040813,0.951791,0.0,0.157821,0.164051,0.139942,0.0,0.0,0.0,True,True,False,0.0,False,False,46.22
1016,50.8,4,distraction,distracted,0.960196,0.039263,0.000318,0.0,0.000223,0.960196,0.041063,0.951389,0.0,0.15611,0.16384,0.139843,0.0,0.0,0.0,True,True,False,0.0,False,False,37.159
1017,50.85,4,distraction,distracted,0.962747,0.03673,0.00031,0.0,0.000214,0.962747,0.048842,0.946332,0.0,0.155061,0.164062,0.139752,0.0,0.0,0.0,True,True,False,0.0,False,False,37.269
1018,50.9,4,distraction,distracted,0.960653,0.038824,0.000308,0.0,0.000214,0.960653,0.046661,0.948198,0.0,0.154714,0.164071,0.139659,0.0,0.0,0.0,True,True,False,0.0,False,False,37.459
1019,50.95,4,distraction,distracted,0.940871,0.058546,0.000338,0.0,0.000245,0.940871,0.044689,0.948892,0.0,0.154592,0.164072,0.139564,0.0,0.0,0.0,True,True,False,0.0,False,False,37.25
1020,51.0,4,distraction,distracted,0.947325,0.052153,0.000297,0.0,0.000225,0.947325,0.04979,0.945316,0.0,0.154576,0.163808,0.139475,0.0,0.0,0.0,True,True,False,0.0,False,False,46.163
1021,51.05,4,distraction,distracted,0.957862,0.041676,0.00026,0.0,0.000202,0.957862,0.053982,0.943452,0.0,0.154561,0.163621,0.13939,0.0,0.0,0.0,True,True,False,0.0,False,False,37.64
1022,51.1,4,distraction,distracted,0.922371,0.07706,0.000313,0.0,0.000257,0.922371,0.048973,0.94476,0.0,0.154493,0.162452,0.1393,0.0,0.0,0.0,True,True,False,0.0,False,False,37.791
1023,51.15,4,distraction,distracted,0.9049,0.094521,0.000314,0.0,0.000265,0.9049,0.055403,0.941102,0.0,0.154413,0.161842,0.139217,0.0,0.0,0.0,True,True,False,0.0,False,False,38.001
1024,51.2,4,distraction,distracted,0.821959,0.177337,0.00037,0.0,0.000334,0.821959,0.048633,0.944941,0.0,0.154298,0.161327,0.139127,0.0,0.0,0.0,True,True,False,0.0,False,False,38.328
1025,51.25,4,distraction,distracted,0.655414,0.343738,0.000408,0.0,0.000439,0.655414,0.057314,0.942621,0.0,0.15376,0.161038,0.139047,0.0,0.0,0.0,True,True,False,0.0,False,False,47.134
1026,51.3,4,distraction,distracted,0.661251,0.337904,0.000399,0.0,0.000446,0.661251,0.05374,0.94514,0.0,0.151834,0.160856,0.138962,0.0,0.0,0.0,True,True,False,0.0,False,False,38.065
1027,51.35,4,distraction,distracted,0.603607,0.395502,0.000417,0.0,0.000473,0.603607,0.055497,0.941596,0.0,0.149695,0.160985,0.13888,0.0,0.0,0.0,True,True,False,0.0,False,False,37.889
1028,51.4,4,distraction,distracted,0.586263,0.412841,0.00041,0.0,0.000486,0.586263,0.049352,0.945268,0.0,0.147205,0.160996,0.138792,0.0,0.0,0.0,True,True,False,0.0,False,False,38.404
1029,51.45,4,distraction,distracted,0.592001,0.40711,0.000398,0.0,0.000491,0.592001,0.04923,0.944876,0.0,0.144446,0.161008,0.138703,0.0,0.0,0.0,True,True,False,0.0,False,False,37.89
1030,51.5,4,distraction,distracted,0.569877,0.429181,0.000423,0.0,0.000518,0.569877,0.052972,0.943452,0.0,0.142013,0.16103,0.138619,0.0,0.0,0.0,True,True,False,0.0,False,False,47.156
1031,51.55,4,distraction,distracted,0.657067,0.34198,0.000471,0.0,0.000482,0.657067,0.421728,0.853816,0.0,0.141737,0.16143,0.138871,0.0,0.0,0.0,True,True,False,0.0,False,False,37.675
1032,51.6,4,distraction,distracted,0.68494,0.314048,0.00054,0.0,0.000472,0.68494,0.483158,0.854523,0.0,0.142441,0.162333,0.139177,0.0,0.0,0.0,True,True,False,0.0,False,False,37.88
1033,51.65,4,distraction,distracted,0.71191,0.287037,0.000585,0.0,0.000468,0.71191,0.463387,0.884697,0.0,0.14397,0.163014,0.139475,0.0,0.0,0.0,True,True,False,0.0,False,False,37.362
1034,51.7,4,distraction,distracted,0.734277,0.264688,0.000574,0.0,0.00046,0.734277,0.311347,0.920238,0.0,0.145245,0.163466,0.139639,0.0,0.0,0.0,True,True,False,0.0,False,False,37.335
1035,51.75,4,distraction,distracted,0.742851,0.256133,0.000555,0.0,0.000461,0.742851,0.138309,0.935991,0.0,0.145733,0.16363,0.139638,0.0,0.0,0.0,True,True,False,0.0,False,False,46.378
1036,51.8,4,distraction,distracted,0.806758,0.192342,0.000497,0.0,0.000403,0.806758,0.067326,0.943505,0.0,0.145868,0.163466,0.139567,0.0,0.0,0.0,True,True,False,0.0,False,False,37.501
1037,51.85,4,distraction,distracted,0.796189,0.202924,0.000481,0.0,0.000406,0.796189,0.04491,0.949088,0.0,0.145865,0.163688,0.139474,0.0,0.0,0.0,True,True,False,0.0,False,False,37.728
1038,51.9,4,distraction,distracted,0.781874,0.21724,0.000477,0.0,0.00041,0.781874,0.042965,0.949397,0.0,0.145826,0.163695,0.13938,0.0,0.0,0.0,True,True,False,0.0,False,False,37.973
1039,51.95,4,distraction,distracted,0.770296,0.228792,0.000493,0.0,0.000419,0.770296,0.056103,0.944933,0.0,0.145857,0.163722,0.139298,0.0,0.0,0.0,True,True,False,0.0,False,False,37.958
1040,52.0,4,distraction,distracted,0.756554,0.242534,0.00048,0.0,0.000432,0.756554,0.051432,0.946983,0.0,0.145869,0.163735,0.139212,0.0,0.0,0.0,True,True,False,0.0,False,False,46.438
1041,52.05,4,distraction,distracted,0.77805,0.22106,0.000466,0.0,0.000425,0.77805,0.056319,0.944772,0.0,0.145899,0.163552,0.139131,0.0,0.0,0.0,True,True,False,0.0,False,False,37.428
1042,52.1,4,distraction,distracted,0.847162,0.152018,0.000457,0.0,0.000363,0.847162,0.420403,0.869466,0.0,0.147673,0.164365,0.139384,0.0,0.0,0.0,True,True,False,0.0,False,False,37.552
1043,52.15,4,distraction,distracted,0.834467,0.164611,0.000543,0.0,0.000379,0.834467,0.473024,0.866311,0.0,0.149694,0.165051,0.139681,0.0,0.0,0.0,True,True,False,0.0,False,False,37.308
1044,52.2,4,distraction,distracted,0.782476,0.216419,0.000657,0.0,0.000448,0.782476,0.444094,0.894472,0.0,0.15161,0.165705,0.139961,0.0,0.0,0.0,True,True,False,0.0,False,False,37.502
1045,52.25,4,distraction,distracted,0.703183,0.295561,0.000718,0.0,0.000538,0.703183,0.289648,0.924524,0.0,0.152796,0.166116,0.140104,0.0,0.0,0.0,True,True,False,0.0,False,False,46.717
1046,52.3,4,distraction,distracted,0.692493,0.306262,0.000683,0.0,0.000561,0.692493,0.133138,0.939847,0.0,0.153214,0.16606,0.140097,0.0,0.0,0.0,True,True,False,0.0,False,False,37.354
1047,52.35,4,distraction,distracted,0.723006,0.275827,0.000634,0.0,0.000532,0.723006,0.058462,0.948521,0.0,0.153209,0.166279,0.140017,0.0,0.0,0.0,True,True,False,0.0,False,False,37.335
1048,52.4,4,distraction,distracted,0.734099,0.26476,0.000618,0.0,0.000524,0.734099,0.042899,0.950549,0.0,0.152743,0.165751,0.139923,0.0,0.0,0.0,True,True,False,0.0,False,False,37.579
1049,52.45,4,distraction,distracted,0.771685,0.227186,0.000632,0.0,0.000497,0.771685,0.047887,0.947954,0.0,0.151699,0.165046,0.139834,0.0,0.0,0.0,True,True,False,0.0,False,False,37.836
1050,52.5,4,distraction,distracted,0.804834,0.193985,0.000695,0.0,0.000486,0.804834,0.045244,0.949809,0.0,0.149618,0.164227,0.139742,0.0,0.0,0.0,True,True,False,0.0,False,False,46.228
1051,52.55,4,distraction,distracted,0.836208,0.162486,0.000812,0.0,0.000494,0.836208,0.050436,0.945868,0.0,0.147338,0.164034,0.139655,0.0,0.0,0.0,True,True,False,0.0,False,False,37.477
1052,52.6,4,distraction,distracted,0.800442,0.198026,0.000957,0.0,0.000575,0.800442,0.045218,0.948679,0.0,0.144842,0.162436,0.139564,0.0,0.0,0.0,True,True,False,0.0,False,False,37.613
1053,52.65,4,distraction,distracted,0.80238,0.196,0.001018,0.0,0.000602,0.80238,0.048822,0.947762,0.0,0.142228,0.161619,0.139476,0.0,0.0,0.0,True,True,False,0.0,False,False,37.783
1054,52.7,4,distraction,distracted,0.852304,0.146178,0.000985,0.0,0.000533,0.852304,0.049763,0.947159,0.0,0.140009,0.160947,0.139389,0.0,0.0,0.0,True,True,False,0.889542,False,False,38.133
1055,52.75,4,distraction,distracted,0.898424,0.100127,0.000988,0.0,0.000461,0.898424,0.06925,0.941543,0.0,0.138165,0.160458,0.139322,0.0,0.0,0.0,True,True,False,0.0,False,False,46.861
1056,52.8,4,distraction,distracted,0.914509,0.084072,0.000986,0.0,0.000433,0.914509,0.059144,0.945564,0.0,0.136766,0.160286,0.139245,0.0,0.0,0.0,True,True,False,0.0,False,False,38.608
1057,52.85,4,distraction,distracted,0.89646,0.10202,0.001029,0.0,0.00049,0.89646,0.046406,0.948715,0.0,0.136006,0.160102,0.139156,0.0,0.0,0.0,True,True,False,0.0,False,False,38.389
1058,52.9,4,distraction,distracted,0.896157,0.102453,0.000914,0.0,0.000477,0.896157,0.045292,0.948129,0.0,0.135703,0.160091,0.139065,0.0,0.0,0.0,True,True,False,0.0,False,False,37.461
1059,52.95,4,distraction,distracted,0.865416,0.133178,0.000891,0.0,0.000516,0.865416,0.044615,0.948275,0.0,0.134768,0.160097,0.138974,0.0,0.0,0.0,True,True,False,0.0,False,False,37.416
1060,53.0,4,distraction,distracted,0.859664,0.138981,0.000843,0.0,0.000511,0.859664,0.042276,0.949493,0.0,0.132685,0.15951,0.138881,0.0,0.0,0.0,True,True,False,0.0,False,False,46.253
1061,53.05,4,distraction,distracted,0.851521,0.147151,0.00082,0.0,0.000507,0.851521,0.040107,0.950798,0.0,0.130257,0.159306,0.138786,0.0,0.0,0.0,True,True,False,0.0,False,False,38.461
1062,53.1,4,distraction,distracted,0.814022,0.184554,0.000857,0.0,0.000567,0.814022,0.039445,0.950898,0.0,0.127362,0.158049,0.138691,0.0,0.0,0.0,True,True,False,0.0,False,False,37.905
1063,53.15,4,distraction,distracted,0.851012,0.147705,0.000775,0.0,0.000508,0.851012,0.04042,0.949604,0.0,0.124296,0.157416,0.138597,0.0,0.0,0.0,True,True,False,0.0,False,False,37.871
1064,53.2,4,distraction,distracted,0.85076,0.147986,0.00076,0.0,0.000494,0.85076,0.038611,0.951359,0.0,0.121847,0.157052,0.138501,0.0,0.0,0.0,True,True,False,0.0,False,False,37.518
1065,53.25,4,distraction,distracted,0.871512,0.127336,0.00071,0.0,0.000443,0.871512,0.05096,0.945776,0.0,0.119785,0.156979,0.138417,0.0,0.0,0.0,True,True,False,0.0,False,False,46.372
1066,53.3,4,distraction,distracted,0.891041,0.10786,0.000689,0.0,0.00041,0.891041,0.052082,0.946775,0.0,0.11825,0.156801,0.138335,0.0,0.0,0.0,True,True,False,0.0,False,False,37.781
1067,53.35,4,distraction,distracted,0.912083,0.0869,0.000642,0.0,0.000375,0.912083,0.052589,0.947453,0.0,0.117495,0.157,0.138253,0.0,0.0,0.0,True,True,False,0.0,False,False,38.072
1068,53.4,4,distraction,distracted,0.884544,0.114299,0.000724,0.0,0.000433,0.884544,0.047927,0.949185,0.0,0.117275,0.157014,0.138167,0.0,0.0,0.0,True,True,False,0.0,False,False,38.176
1069,53.45,4,distraction,distracted,0.884739,0.1141,0.00073,0.0,0.000431,0.884739,0.043435,0.94994,0.0,0.117115,0.157016,0.138076,0.0,0.0,0.0,True,True,False,0.0,False,False,38.04
1070,53.5,4,distraction,distracted,0.867841,0.131003,0.000728,0.0,0.000428,0.867841,0.049024,0.946049,0.0,0.116961,0.157022,0.137992,0.0,0.0,0.0,True,True,False,0.0,False,False,47.371
1071,53.55,4,distraction,distracted,0.867201,0.131737,0.000656,0.0,0.000406,0.867201,0.044052,0.948114,0.0,0.116745,0.156829,0.137903,0.0,0.0,0.0,True,True,False,0.0,False,False,38.164
1072,53.6,4,distraction,distracted,0.862627,0.136394,0.000584,0.0,0.000395,0.862627,0.041669,0.949301,0.0,0.116556,0.156905,0.137811,0.0,0.0,0.0,True,True,False,0.0,False,False,38.182
1073,53.65,4,distraction,distracted,0.873258,0.125845,0.000508,0.0,0.000389,0.873258,0.061639,0.944163,0.0,0.116417,0.156882,0.137739,0.0,0.0,0.0,True,True,False,0.0,False,False,37.512
1074,53.7,4,distraction,distracted,0.836685,0.162278,0.000551,0.0,0.000486,0.836685,0.05761,0.945935,0.0,0.116221,0.15688,0.137663,0.0,0.0,0.0,True,True,False,0.0,False,False,37.414
1075,53.75,4,distraction,distracted,0.944952,0.05435,0.000387,0.0,0.000311,0.944952,0.423307,0.878282,0.0,0.117848,0.157483,0.137914,0.0,0.0,0.0,True,True,False,0.0,False,False,46.4
1076,53.8,4,distraction,distracted,0.946381,0.052907,0.00038,0.0,0.000331,0.946381,0.363571,0.909462,0.0,0.119263,0.15782,0.138119,0.0,0.0,0.0,True,True,False,0.0,False,False,37.742
1077,53.85,4,distraction,distracted,0.967658,0.031781,0.000288,0.0,0.000273,0.967658,0.174671,0.93712,0.0,0.119831,0.158196,0.138153,0.0,0.0,0.0,True,True,False,0.0,False,False,37.513
1078,53.9,4,distraction,distracted,0.970025,0.029428,0.000267,0.0,0.00028,0.970025,0.082532,0.947211,0.0,0.119994,0.158226,0.1381,0.0,0.0,0.0,True,True,False,0.0,False,False,37.584
1079,53.95,4,distraction,distracted,0.966812,0.032661,0.000244,0.0,0.000284,0.966812,0.047366,0.951489,0.0,0.119938,0.158204,0.138015,0.0,0.0,0.0,True,True,False,0.0,False,False,37.788
1080,54.0,4,distraction,distracted,0.960119,0.039353,0.000235,0.0,0.000294,0.960119,0.042984,0.950688,0.0,0.119897,0.158179,0.137925,0.0,0.0,0.0,True,True,False,0.0,False,False,46.355
1081,54.05,4,distraction,distracted,0.958084,0.041429,0.000213,0.0,0.000274,0.958084,0.047238,0.948678,0.0,0.119887,0.15799,0.137839,0.0,0.0,0.0,True,True,False,0.0,False,False,37.553
1082,54.1,4,distraction,distracted,0.962953,0.036605,0.000195,0.0,0.000248,0.962953,0.062268,0.942606,0.0,0.119903,0.15817,0.137769,0.0,0.0,0.0,True,True,False,1.0,False,False,37.456
1083,54.15,4,distraction,distracted,0.944098,0.055391,0.000216,0.0,0.000296,0.944098,0.216006,0.912176,0.0,0.11982,0.158451,0.137839,0.0,0.0,0.0,True,True,False,0.0,False,False,37.764
1084,54.2,4,distraction,distracted,0.885362,0.113901,0.000273,0.0,0.000464,0.885362,0.086891,0.938594,0.0,0.118707,0.158519,0.137792,0.0,0.0,0.0,True,True,False,0.0,False,False,37.842
1085,54.25,4,distraction,distracted,0.780646,0.218282,0.000314,0.0,0.000758,0.780646,0.058956,0.943227,0.0,0.118193,0.158542,0.137718,0.0,0.0,0.0,True,True,False,0.0,False,False,46.648
1086,54.3,4,distraction,distracted,0.810195,0.188874,0.000261,0.0,0.00067,0.810195,0.054362,0.945332,0.0,0.118047,0.158365,0.13764,0.0,0.0,0.0,True,True,False,0.0,False,False,37.26
1087,54.35,4,distraction,distracted,0.770868,0.228106,0.000269,0.0,0.000757,0.770868,0.062262,0.942429,0.0,0.117942,0.158597,0.13757,0.0,0.0,0.0,True,True,False,0.0,False,False,37.43
1088,54.4,4,distraction,distracted,0.642864,0.355853,0.000298,0.0,0.000985,0.642864,0.052025,0.944609,0.0,0.11769,0.158612,0.137491,0.0,0.0,0.0,True,True,False,0.0,False,False,37.433
1089,54.45,4,distraction,distracted,0.502261,0.496321,0.000304,0.0,0.001114,0.502261,0.048044,0.946068,0.0,0.116904,0.158612,0.137407,0.0,0.0,0.0,True,True,False,0.0,False,False,37.573
1090,54.5,0,alert,alert,0.702135,0.702135,0.00029,0.0,0.001048,0.296527,0.049593,0.944675,0.0,0.116496,0.158617,0.137325,0.0,0.0,0.0,True,True,False,0.0,False,False,46.338
1091,54.55,0,alert,alert,0.777458,0.777458,0.000278,0.0,0.000969,0.221295,0.042995,0.947467,0.0,0.116312,0.15842,0.137237,0.0,0.0,0.0,True,True,False,0.0,False,False,37.506
1092,54.6,0,alert,alert,0.859812,0.859812,0.000248,0.0,0.000948,0.138992,0.056105,0.943598,0.0,0.116284,0.158623,0.137162,0.0,0.0,0.0,True,True,False,0.0,False,False,37.392
1093,54.65,0,alert,alert,0.890263,0.890263,0.00023,0.0,0.000982,0.108525,0.058639,0.944038,0.0,0.114646,0.158648,0.137089,0.0,0.0,0.0,True,True,False,0.0,False,False,37.57
1094,54.7,0,alert,alert,0.894801,0.894801,0.000227,0.0,0.000987,0.103985,0.054689,0.944641,0.0,0.112645,0.158669,0.137013,0.0,0.0,0.0,True,True,False,0.0,False,False,37.565
1095,54.75,0,alert,alert,0.927426,0.927426,0.000204,0.0,0.000987,0.071383,0.062611,0.941321,0.0,0.11086,0.158704,0.136944,0.0,0.0,0.0,True,True,False,0.0,False,False,46.398
1096,54.8,0,alert,alert,0.93169,0.93169,0.000219,0.0,0.000968,0.067124,0.073716,0.936108,0.0,0.109591,0.158561,0.136886,0.0,0.0,0.0,True,True,False,0.0,False,False,37.538
1097,54.85,0,alert,alert,0.947258,0.947258,0.00022,0.0,0.0009,0.051622,0.076935,0.936934,0.0,0.108958,0.158826,0.136831,0.0,0.0,0.0,True,True,False,0.0,False,False,37.57
1098,54.9,0,alert,alert,0.963669,0.963669,0.000204,0.0,0.000868,0.035259,0.077803,0.936643,0.0,0.108894,0.158895,0.136777,0.0,0.0,0.0,True,True,False,0.0,False,False,37.608
1099,54.95,0,alert,alert,0.962882,0.962882,0.000211,0.0,0.000983,0.035924,0.058363,0.942332,0.0,0.108922,0.158928,0.136705,0.0,0.0,0.0,True,True,False,0.0,False,False,37.604
1100,55.0,0,alert,alert,0.968859,0.968859,0.000198,0.0,0.00115,0.029793,0.051733,0.944863,0.0,0.108978,0.158949,0.136627,0.0,0.0,0.0,True,True,False,0.0,False,False,46.433
1101,55.05,0,alert,alert,0.966628,0.966628,0.000201,0.0,0.001292,0.031879,0.052146,0.94425,0.0,0.109043,0.158768,0.136549,0.0,0.0,0.0,True,True,False,0.0,False,False,37.476
1102,55.1,0,alert,alert,0.969196,0.969196,0.000198,0.0,0.001176,0.029429,0.056765,0.943593,0.0,0.109111,0.159001,0.136476,0.0,0.0,0.0,True,True,False,0.0,False,False,37.413
1103,55.15,0,alert,alert,0.97532,0.97532,0.000191,0.0,0.001113,0.023376,0.103433,0.931843,0.0,0.109405,0.159109,0.136446,0.0,0.0,0.0,True,True,False,0.0,False,False,37.64
1104,55.2,0,alert,alert,0.971733,0.971733,0.000209,0.0,0.001222,0.026836,0.113714,0.931505,0.0,0.109724,0.158648,0.136425,0.0,0.0,0.0,True,True,False,0.0,False,False,37.442
1105,55.25,0,alert,alert,0.974644,0.974644,0.000201,0.0,0.001224,0.02393,0.110047,0.931188,0.0,0.109915,0.158054,0.136401,0.0,0.0,0.0,True,True,False,0.0,False,False,46.525
1106,55.3,0,alert,alert,0.973001,0.973001,0.000199,0.0,0.001444,0.025356,0.119759,0.928549,0.0,0.110185,0.15799,0.136386,0.0,0.0,0.0,True,True,False,0.0,False,False,37.628
1107,55.35,0,alert,alert,0.974409,0.974409,0.0002,0.0,0.001653,0.023739,0.079652,0.942282,0.0,0.110317,0.157153,0.136334,0.0,0.0,0.0,True,True,False,0.0,False,False,37.812
1108,55.4,0,alert,alert,0.978113,0.978113,0.000198,0.0,0.00187,0.019819,0.072464,0.941571,0.0,0.110439,0.157045,0.136276,0.0,0.0,0.0,True,True,False,0.0,False,False,37.728
1109,55.45,0,alert,alert,0.977537,0.977537,0.000206,0.0,0.0023,0.019957,0.081651,0.933598,0.0,0.110603,0.157062,0.136227,0.0,0.0,0.0,True,True,False,0.0,False,False,37.468
1110,55.5,0,alert,alert,0.977981,0.977981,0.000215,0.0,0.002353,0.019451,0.069122,0.939444,0.0,0.110723,0.157102,0.136166,0.0,0.0,0.0,True,True,False,0.0,False,False,46.476
1111,55.55,0,alert,alert,0.977724,0.977724,0.000234,0.0,0.002212,0.019829,0.04961,0.946618,0.0,0.110638,0.156919,0.136087,0.0,0.0,0.0,True,True,False,0.0,False,False,37.616
1112,55.6,0,alert,alert,0.977543,0.977543,0.000256,0.0,0.001974,0.020227,0.055294,0.943714,0.0,0.110598,0.157107,0.136013,0.0,0.0,0.0,True,True,False,0.0,False,False,37.391
1113,55.65,0,alert,alert,0.976462,0.976462,0.000281,0.0,0.001956,0.0213,0.079718,0.93745,0.0,0.110707,0.157113,0.135962,0.0,0.0,0.0,True,True,False,0.0,False,False,38.054
1114,55.7,0,alert,alert,0.97237,0.97237,0.000328,0.0,0.001801,0.025502,0.303785,0.90989,0.0,0.111939,0.157486,0.136109,0.0,0.0,0.0,True,True,False,0.0,False,False,37.897
1115,55.75,0,alert,alert,0.97751,0.97751,0.000316,0.0,0.001613,0.020562,0.251899,0.92384,0.0,0.11285,0.157788,0.136212,0.0,0.0,0.0,True,True,False,0.0,False,False,46.766
1116,55.8,0,alert,alert,0.973826,0.973826,0.000348,0.0,0.001522,0.024303,0.109819,0.939187,0.0,0.113117,0.157707,0.136189,0.0,0.0,0.0,True,True,False,0.0,False,False,37.784
1117,55.85,0,alert,alert,0.973575,0.973575,0.000334,0.0,0.001451,0.02464,0.06454,0.945495,0.0,0.113143,0.15782,0.136123,0.0,0.0,0.0,True,True,False,0.0,False,False,37.891
1118,55.9,0,alert,alert,0.954497,0.954497,0.000416,0.0,0.001577,0.043511,0.04661,0.949697,0.0,0.113125,0.15775,0.136042,0.0,0.0,0.0,True,True,False,0.0,False,False,37.555
1119,55.95,0,alert,alert,0.95958,0.95958,0.000343,0.0,0.001356,0.03872,0.044203,0.949555,0.0,0.1131,0.157693,0.135958,0.0,0.0,0.0,True,True,False,0.157349,False,False,38.422
1120,56.0,0,alert,alert,0.953839,0.953839,0.000332,0.0,0.001279,0.04455,0.047969,0.948288,0.0,0.113062,0.157581,0.135878,0.0,0.0,0.0,True,True,False,0.0,False,False,46.74
1121,56.05,0,alert,alert,0.956246,0.956246,0.000285,0.0,0.001163,0.042306,0.043381,0.949947,0.0,0.112995,0.157386,0.135794,0.0,0.0,0.0,True,True,False,0.524933,False,False,37.889
1122,56.1,0,alert,alert,0.947045,0.947045,0.00027,0.0,0.001107,0.051578,0.043735,0.949482,0.0,0.112974,0.157369,0.13571,0.0,0.0,0.0,True,True,False,0.0,False,False,37.502
1123,56.15,0,alert,alert,0.919821,0.919821,0.000287,0.0,0.001053,0.07884,0.042898,0.949642,0.0,0.112933,0.157284,0.135626,0.0,0.0,0.0,True,True,False,0.0,False,False,37.654
1124,56.2,0,alert,alert,0.898326,0.898326,0.000299,0.0,0.000929,0.100445,0.070557,0.939735,0.0,0.112952,0.157279,0.135568,0.0,0.0,0.0,True,True,False,0.0,False,False,37.444
1125,56.25,0,alert,alert,0.713041,0.713041,0.000463,0.0,0.000962,0.285534,0.38995,0.872348,0.0,0.114533,0.157785,0.13578,0.0,0.0,0.0,True,True,False,0.0,False,False,46.313
1126,56.3,0,alert,alert,0.527053,0.527053,0.000492,0.0,0.000873,0.471581,0.346158,0.905053,0.0,0.115949,0.158092,0.135961,0.0,0.0,0.0,True,True,False,0.0,False,False,37.746
1127,56.35,0,alert,alert,0.794019,0.794019,0.000347,0.0,0.000787,0.204846,0.152578,0.938799,0.0,0.116366,0.158409,0.135976,0.0,0.0,0.0,True,True,False,0.0,False,False,37.753
1128,56.4,0,alert,alert,0.890353,0.890353,0.000252,0.0,0.000703,0.108692,0.072402,0.949423,0.0,0.116396,0.158447,0.135918,0.0,0.0,0.0,True,True,False,0.0,False,False,37.897
1129,56.45,0,alert,alert,0.869386,0.869386,0.000258,0.0,0.00071,0.129646,0.047428,0.95232,0.0,0.116328,0.15843,0.135838,0.0,0.0,0.0,True,True,False,0.0,False,False,38.029
1130,56.5,0,alert,alert,0.806914,0.806914,0.000293,0.0,0.000721,0.192072,0.043199,0.951948,0.0,0.116254,0.158406,0.135755,0.0,0.0,0.0,True,True,False,0.0,False,False,46.36
1131,56.55,0,alert,alert,0.831611,0.831611,0.000274,0.0,0.000692,0.167423,0.04244,0.951569,0.0,0.116208,0.158208,0.13567,0.0,0.0,0.0,True,True,False,0.0,False,False,37.706
1132,56.6,0,alert,alert,0.824856,0.824856,0.000282,0.0,0.000692,0.17417,0.04023,0.95112,0.0,0.116117,0.158363,0.135584,0.0,0.0,0.0,True,True,False,0.0,False,False,37.684
1133,56.65,0,alert,alert,0.835227,0.835227,0.000279,0.0,0.000684,0.16381,0.042795,0.950102,0.0,0.116073,0.158329,0.135501,0.0,0.0,0.0,True,True,False,0.0,False,False,37.849
1134,56.7,0,alert,alert,0.840067,0.840067,0.000278,0.0,0.000683,0.158973,0.04167,0.950478,0.0,0.116011,0.158296,0.135416,0.0,0.0,0.0,True,True,False,0.0,False,False,37.518
1135,56.75,0,alert,alert,0.888025,0.888025,0.000243,0.0,0.000666,0.111067,0.042446,0.950124,0.0,0.115925,0.158266,0.135333,0.0,0.0,0.0,True,True,False,0.0,False,False,46.275
1136,56.8,0,alert,alert,0.891551,0.891551,0.000236,0.0,0.00067,0.107543,0.044591,0.949428,0.0,0.115888,0.158072,0.135251,0.0,0.0,0.0,True,True,False,0.0,False,False,37.745
1137,56.85,0,alert,alert,0.865997,0.865997,0.000255,0.0,0.000696,0.133051,0.044493,0.949694,0.0,0.11588,0.158173,0.13517,0.0,0.0,0.0,True,True,False,0.0,False,False,37.982
1138,56.9,0,alert,alert,0.780967,0.780967,0.0003,0.0,0.00072,0.218013,0.04436,0.950553,0.0,0.115863,0.158136,0.135089,0.0,0.0,0.0,True,True,False,0.0,False,False,38.424
1139,56.95,0,alert,alert,0.669669,0.669669,0.000337,0.0,0.000693,0.3293,0.043126,0.949721,0.0,0.115843,0.158079,0.135006,0.0,0.0,0.0,True,True,False,0.0,False,False,37.723
1140,57.0,4,distraction,distracted,0.529267,0.469764,0.00036,0.0,0.000608,0.529267,0.042096,0.950227,0.0,0.115819,0.15803,0.134923,0.0,0.0,0.0,True,True,False,0.0,False,False,47.199
1141,57.05,4,distraction,distracted,0.508272,0.490784,0.000356,0.0,0.000589,0.508272,0.04004,0.951421,0.0,0.115792,0.157828,0.134838,0.0,0.0,0.0,True,True,False,0.0,False,False,38.234
1142,57.1,4,distraction,distracted,0.523562,0.475518,0.000356,0.0,0.000565,0.523562,0.038458,0.951827,0.0,0.115758,0.157906,0.134752,0.0,0.0,0.0,True,True,False,0.0,False,False,38.578
1143,57.15,4,distraction,distracted,0.502742,0.49631,0.000372,0.0,0.000576,0.502742,0.039201,0.95067,0.0,0.115736,0.157249,0.134667,0.0,0.0,0.0,True,True,False,0.0,False,False,38.005
1144,57.2,0,alert,alert,0.551958,0.551958,0.000378,0.0,0.000589,0.447075,0.041511,0.949592,0.0,0.115714,0.156503,0.134584,0.0,0.0,0.0,True,True,False,0.0,False,False,37.775
1145,57.25,0,alert,alert,0.643474,0.643474,0.000355,0.0,0.000615,0.355556,0.039367,0.951394,0.0,0.115653,0.15563,0.134499,0.0,0.0,0.0,True,True,False,0.0,False,False,46.652
1146,57.3,0,alert,alert,0.715299,0.715299,0.000328,0.0,0.000641,0.283733,0.038969,0.951765,0.0,0.115575,0.155431,0.134414,0.0,0.0,0.0,True,True,False,0.0,False,False,37.566
1147,57.35,0,alert,alert,0.727103,0.727103,0.000329,0.0,0.000654,0.271913,0.041052,0.951359,0.0,0.11551,0.153616,0.134331,0.0,0.0,0.0,True,True,False,0.0,False,False,37.549
1148,57.4,0,alert,alert,0.7946,0.7946,0.000291,0.0,0.000678,0.204432,0.048188,0.948827,0.0,0.115497,0.152674,0.134254,0.0,0.0,0.0,True,True,False,0.0,False,False,37.75
1149,57.45,0,alert,alert,0.816711,0.816711,0.000275,0.0,0.000689,0.182325,0.041755,0.951108,0.0,0.115462,0.151924,0.134172,0.0,0.0,0.0,True,True,False,0.0,False,False,37.623
1150,57.5,0,alert,alert,0.849727,0.849727,0.00026,0.0,0.000693,0.149321,0.043223,0.951215,0.0,0.115414,0.151314,0.134092,0.0,0.0,0.0,True,True,False,0.0,False,False,46.445
1151,57.55,0,alert,alert,0.907803,0.907803,0.000212,0.0,0.000716,0.091269,0.040095,0.951739,0.0,0.115281,0.151124,0.134008,0.0,0.0,0.0,True,True,False,0.0,False,False,37.639
1152,57.6,0,alert,alert,0.925274,0.925274,0.000189,0.0,0.000743,0.073793,0.038481,0.952448,0.0,0.115204,0.15081,0.133923,0.0,0.0,0.0,True,True,False,0.0,False,False,37.472
1153,57.65,0,alert,alert,0.919536,0.919536,0.000191,0.0,0.000791,0.079481,0.04051,0.951984,0.0,0.115169,0.150761,0.133841,0.0,0.0,0.0,True,True,False,0.0,False,False,37.587
1154,57.7,0,alert,alert,0.915152,0.915152,0.00019,0.0,0.000822,0.083837,0.039206,0.952215,0.0,0.115105,0.150745,0.133757,0.0,0.0,0.0,True,True,False,0.781738,False,False,37.456
1155,57.75,0,alert,alert,0.936038,0.936038,0.000172,0.0,0.000786,0.063003,0.040916,0.951753,0.0,0.115035,0.150737,0.133675,0.0,0.0,0.0,True,True,False,1.0,False,False,46.593
1156,57.8,0,alert,alert,0.933412,0.933412,0.000176,0.0,0.000818,0.065594,0.040701,0.951196,0.0,0.114925,0.150549,0.133593,0.0,0.0,0.0,True,True,False,1.0,False,False,37.543
1157,57.85,0,alert,alert,0.940231,0.940231,0.000174,0.0,0.000761,0.058834,0.087891,0.939942,0.0,0.115086,0.150781,0.133553,0.0,0.0,0.0,True,True,False,0.0,False,False,37.436
1158,57.9,0,alert,alert,0.835353,0.835353,0.000282,0.0,0.000849,0.163516,0.442343,0.87285,0.0,0.116925,0.151402,0.133803,0.0,0.0,0.0,True,True,False,0.0,False,False,37.623
1159,57.95,0,alert,alert,0.694775,0.694775,0.000344,0.0,0.000893,0.303988,0.441719,0.894939,0.0,0.118769,0.152038,0.134058,0.0,0.0,0.0,True,True,False,0.0,False,False,37.591
1160,58.0,0,alert,alert,0.743006,0.743006,0.000288,0.0,0.000773,0.255932,0.389097,0.917591,0.0,0.120427,0.152595,0.134274,0.0,0.0,0.0,True,True,False,0.0,False,False,46.809
1161,58.05,0,alert,alert,0.625871,0.625871,0.000326,0.0,0.000723,0.37308,0.228736,0.938485,0.0,0.12133,0.152723,0.134356,0.0,0.0,0.0,True,True,False,0.0,False,False,37.654
1162,58.1,0,alert,alert,0.548342,0.548342,0.000337,0.0,0.000669,0.450652,0.102931,0.950349,0.0,0.121603,0.152975,0.134329,0.0,0.0,0.0,True,True,False,0.0,False,False,37.797
1163,58.15,0,alert,alert,0.593649,0.593649,0.000312,0.0,0.000678,0.405361,0.057553,0.952794,0.0,0.121649,0.152984,0.134261,0.0,0.0,0.0,True,True,False,0.0,False,False,38.431
1164,58.2,0,alert,alert,0.54345,0.54345,0.000315,0.0,0.000652,0.455583,0.042448,0.953274,0.0,0.121597,0.152964,0.13418,0.0,0.0,0.0,True,True,False,0.0,False,False,37.891
1165,58.25,0,alert,alert,0.596829,0.596829,0.00031,0.0,0.00061,0.40225,0.039547,0.95246,0.0,0.121531,0.152932,0.134097,0.0,0.0,0.0,True,True,False,0.0,False,False,46.628
1166,58.3,0,alert,alert,0.601902,0.601902,0.000305,0.0,0.0006,0.397193,0.039868,0.951101,0.0,0.121488,0.15274,0.134015,0.0,0.0,0.0,True,True,False,0.0,False,False,37.656
1167,58.35,0,alert,alert,0.53408,0.53408,0.000301,0.0,0.000583,0.465036,0.078915,0.937415,0.0,0.121618,0.152919,0.133967,0.0,0.0,0.0,True,True,False,0.0,False,False,37.809
1168,58.4,0,alert,alert,0.689466,0.689466,0.000271,0.0,0.000603,0.30966,0.053361,0.94624,0.0,0.121365,0.152908,0.133897,0.0,0.0,0.0,True,True,False,0.0,False,False,37.856
1169,58.45,0,alert,alert,0.784812,0.784812,0.000242,0.0,0.000596,0.214349,0.059269,0.942886,0.0,0.119756,0.152912,0.133833,0.0,0.0,0.0,True,True,False,0.0,False,False,37.582
1170,58.5,0,alert,alert,0.866988,0.866988,0.000199,0.0,0.00062,0.132193,0.046844,0.947579,0.0,0.118773,0.152887,0.133757,0.0,0.0,0.0,True,True,False,0.0,False,False,46.244
1171,58.55,0,alert,alert,0.870258,0.870258,0.000189,0.0,0.000651,0.128902,0.059485,0.942169,0.0,0.118546,0.152729,0.133693,0.0,0.0,0.0,True,True,False,0.0,False,False,37.626
1172,58.6,0,alert,alert,0.901393,0.901393,0.00017,0.0,0.000668,0.097769,0.055958,0.943676,0.0,0.118558,0.152779,0.133626,0.0,0.0,0.0,True,True,False,0.0,False,False,37.626
1173,58.65,0,alert,alert,0.893827,0.893827,0.000175,0.0,0.000727,0.105272,0.045562,0.947633,0.0,0.118584,0.152645,0.13355,0.0,0.0,0.0,True,True,False,0.0,False,False,37.428
1174,58.7,0,alert,alert,0.885148,0.885148,0.000189,0.0,0.000714,0.113948,0.413527,0.86531,0.0,0.120352,0.15303,0.133771,0.0,0.0,0.0,True,True,False,0.0,False,False,37.578
1175,58.75,0,alert,alert,0.892852,0.892852,0.000207,0.0,0.00077,0.106171,0.371544,0.895169,0.0,0.121961,0.15345,0.133965,0.0,0.0,0.0,True,True,False,0.0,False,False,46.473
1176,58.8,0,alert,alert,0.940979,0.940979,0.000174,0.0,0.000692,0.058155,0.190351,0.932056,0.0,0.122718,0.153512,0.134013,0.0,0.0,0.0,True,True,False,0.0,False,False,37.609
1177,58.85,0,alert,alert,0.962728,0.962728,0.000157,0.0,0.000692,0.036423,0.079923,0.948071,0.0,0.122919,0.153581,0.133967,0.0,0.0,0.0,True,True,False,0.0,False,False,37.616
1178,58.9,0,alert,alert,0.962899,0.962899,0.000165,0.0,0.000744,0.036191,0.046723,0.95195,0.0,0.122923,0.153455,0.133891,0.0,0.0,0.0,True,True,False,0.0,False,False,37.529
1179,58.95,0,alert,alert,0.962136,0.962136,0.000174,0.0,0.000776,0.036915,0.042985,0.951423,0.0,0.122111,0.152781,0.133812,0.0,0.0,0.0,True,True,False,0.0,False,False,37.95
1180,59.0,0,alert,alert,0.971635,0.971635,0.000161,0.0,0.000805,0.027399,0.040943,0.951721,0.0,0.120651,0.15203,0.133732,0.0,0.0,0.0,True,True,False,0.0,False,False,46.811
1181,59.05,0,alert,alert,0.972133,0.972133,0.000168,0.0,0.000856,0.026843,0.040821,0.951149,0.0,0.118703,0.15184,0.133652,0.0,0.0,0.0,True,True,False,0.0,False,False,37.593
1182,59.1,0,alert,alert,0.977248,0.977248,0.000168,0.0,0.000893,0.021691,0.039629,0.951253,0.0,0.116589,0.150802,0.13357,0.0,0.0,0.0,True,True,False,0.0,False,False,37.646
1183,59.15,0,alert,alert,0.979401,0.979401,0.000174,0.0,0.001013,0.019413,0.038325,0.951712,0.0,0.114362,0.150571,0.133488,0.0,0.0,0.0,True,True,False,0.0,False,False,37.696
1184,59.2,0,alert,alert,0.980746,0.980746,0.00018,0.0,0.001148,0.017926,0.037769,0.95143,0.0,0.112036,0.15051,0.133406,0.0,0.0,0.0,True,True,False,0.0,False,False,37.369
1185,59.25,0,alert,alert,0.980897,0.980897,0.000191,0.0,0.00131,0.017602,0.037679,0.950932,0.0,0.109631,0.150485,0.133323,0.0,0.0,0.0,True,True,False,0.0,False,False,46.36
1186,59.3,0,alert,alert,0.97996,0.97996,0.000208,0.0,0.001308,0.018524,0.039193,0.94968,0.0,0.107587,0.150295,0.133243,0.0,0.0,0.0,True,True,False,0.0,False,False,37.571
1187,59.35,0,alert,alert,0.977818,0.977818,0.000239,0.0,0.001355,0.020588,0.040971,0.948787,0.0,0.105439,0.150308,0.133163,0.0,0.0,0.0,True,True,False,0.0,False,False,37.234
1188,59.4,0,alert,alert,0.978229,0.978229,0.000246,0.0,0.001358,0.020167,0.039429,0.949832,0.0,0.103174,0.150147,0.133083,0.0,0.0,0.0,True,True,False,0.0,False,False,37.466
1189,59.45,0,alert,alert,0.978857,0.978857,0.000255,0.0,0.001305,0.019583,0.043467,0.947481,0.0,0.101239,0.150014,0.133006,0.0,0.0,0.0,True,True,False,0.0,False,False,37.452
1190,59.5,0,alert,alert,0.977709,0.977709,0.000267,0.0,0.001309,0.020715,0.059356,0.939193,0.0,0.099493,0.149931,0.132944,0.0,0.0,0.0,True,True,False,0.0,False,False,46.452
1191,59.55,0,alert,alert,0.976258,0.976258,0.000265,0.0,0.001308,0.022168,0.0595,0.942007,0.0,0.098289,0.149778,0.132882,0.0,0.0,0.0,True,True,False,0.0,False,False,37.461
1192,59.6,0,alert,alert,0.968439,0.968439,0.000284,0.0,0.001331,0.029946,0.051777,0.943706,0.0,0.096773,0.149775,0.132813,0.0,0.0,0.0,True,True,False,0.0,False,False,37.648
1193,59.65,0,alert,alert,0.964571,0.964571,0.000288,0.0,0.001319,0.033823,0.050222,0.943677,0.0,0.095083,0.149689,0.132743,0.0,0.0,0.0,True,True,False,0.0,False,False,37.659
1194,59.7,0,alert,alert,0.963386,0.963386,0.000263,0.0,0.001326,0.035025,0.052447,0.942758,0.0,0.094065,0.149642,0.132675,0.0,0.0,0.0,True,True,False,0.0,False,False,37.647
1195,59.75,0,alert,alert,0.960477,0.960477,0.000234,0.0,0.001657,0.037632,0.048525,0.943686,0.0,0.092836,0.149584,0.132604,0.0,0.0,0.0,True,True,False,0.0,False,False,46.386
1196,59.8,0,alert,alert,0.960995,0.960995,0.000218,0.0,0.001443,0.037344,0.29099,0.901722,0.0,0.092703,0.149812,0.132732,0.0,0.0,0.0,True,True,False,0.0,False,False,37.525
1197,59.85,0,alert,alert,0.964282,0.964282,0.000212,0.0,0.001184,0.034322,0.449022,0.878839,0.0,0.093466,0.150547,0.132981,0.0,0.0,0.0,True,True,False,0.0,False,False,37.778
1198,59.9,0,alert,alert,0.968972,0.968972,0.000209,0.0,0.001076,0.029743,0.370701,0.911508,0.0,0.093849,0.151062,0.133175,0.0,0.0,0.0,True,True,False,0.0,False,False,37.713
1199,59.95,0,alert,alert,0.975126,0.975126,0.000195,0.0,0.00104,0.02364,0.206608,0.939823,0.0,0.094294,0.151324,0.133236,0.0,0.0,0.0,True,True,True,0.0,False,False,37.524
1200,60.0,0,alert,alert,0.956299,0.956299,0.000305,0.0,0.001353,0.042044,0.478377,0.861933,0.0,0.096219,0.15201,0.133404,0.0,0.0,0.0,True,True,True,0.0,False,False,46.26
1201,60.05,0,alert,alert,0.929332,0.929332,0.000501,0.0,0.001566,0.068601,0.551745,0.824557,0.0,0.098462,0.152601,0.133713,0.0,0.0,0.0,True,True,True,0.0,False,False,37.822
1202,60.1,0,alert,alert,0.891295,0.891295,0.000968,0.0,0.001879,0.105857,0.639123,0.830154,0.0,0.101096,0.153681,0.134019,0.0,0.0,0.0,True,True,True,0.0,False,False,37.532
1203,60.15,0,alert,alert,0.843123,0.843123,0.002208,0.0,0.002552,0.152118,0.73708,0.828308,0.0,0.104184,0.15472,0.134466,0.0,0.0,0.0,True,True,True,0.0,False,False,37.584
1204,60.2,0,alert,alert,0.794144,0.794144,0.005968,0.0,0.003773,0.196114,0.788481,0.810084,0.0,0.107459,0.155402,0.134866,0.0,0.0,0.0,True,True,True,0.373871,False,False,37.739
1205,60.25,0,alert,alert,0.707012,0.707012,0.021944,0.0,0.006734,0.26431,0.818537,0.788855,0.0,0.110803,0.155872,0.135409,0.0,0.0,0.0,True,True,True,0.373871,False,False,46.407
1206,60.3,0,alert,alert,0.579895,0.579895,0.092861,0.0,0.013373,0.313872,0.835369,0.773853,0.05,0.11416,0.156816,0.135894,0.0,0.0,0.0,True,True,True,0.0,False,False,37.646
1207,60.35,0,alert,alert,0.35438,0.35438,0.34666,0.0,0.022552,0.276408,0.843843,0.762628,0.1,0.117526,0.156534,0.13645,0.0,0.0,0.0,True,True,True,0.0,False,False,37.744
1208,60.4,1,drowsy,drowsy,0.751846,0.105463,0.751846,0.0,0.018573,0.124118,0.851102,0.753203,0.15,0.12088,0.156684,0.136932,0.0,0.0,0.0,True,True,True,0.0,False,False,37.509
1209,60.45,1,drowsy,drowsy,0.929379,0.023369,0.929379,0.0,0.010213,0.037039,0.857664,0.742006,0.2,0.124219,0.156729,0.13752,0.0,0.0,0.0,True,True,True,0.067627,False,False,37.721
1210,60.5,1,drowsy,drowsy,0.972485,0.007203,0.972485,0.0,0.006066,0.014246,0.866378,0.725034,0.25,0.126446,0.156739,0.13806,0.0,0.0,0.0,True,True,True,0.122559,False,False,46.404
1211,60.55,1,drowsy,drowsy,1.0,0.0,1.0,0.0,0.0,0.0,0.874639,0.707236,0.3,0.129072,0.157652,0.138527,0.033536,0.011212,0.005585,True,True,True,0.122559,False,True,38.224
1212,60.6,1,drowsy,drowsy,1.0,0.0,1.0,0.0,0.0,0.0,0.879918,0.694608,0.35,0.132098,0.156978,0.138826,0.036871,0.012333,0.006138,True,True,True,0.037415,False,True,37.78
1213,60.65,1,drowsy,drowsy,1.0,0.0,1.0,0.0,0.0,0.0,0.883721,0.682523,0.4,0.135265,0.15743,0.139281,0.040175,0.013424,0.006675,True,True,True,0.037415,False,True,37.577
1214,60.7,1,drowsy,drowsy,1.0,0.0,1.0,0.0,0.0,0.0,0.881727,0.675848,0.45,0.138447,0.158181,0.139279,0.043451,0.014504,0.007215,True,True,True,0.122559,False,True,37.665
1215,60.75,1,drowsy,drowsy,1.0,0.0,1.0,0.0,0.0,0.0,0.881954,0.672396,0.5,0.141652,0.159141,0.139637,0.046722,0.01558,0.007748,True,True,True,0.122559,False,True,47.571
1216,60.8,1,drowsy,drowsy,1.0,0.0,1.0,0.0,0.0,0.0,0.88352,0.668785,0.55,0.144856,0.160013,0.140083,0.049993,0.016625,0.008273,True,True,True,0.0,False,True,38.154
1217,60.85,1,drowsy,drowsy,1.0,0.0,1.0,0.0,0.0,0.0,0.881744,0.666074,0.6,0.14801,0.161213,0.140626,0.053253,0.017722,0.008809,True,True,True,0.472748,False,True,37.951
1218,60.9,1,drowsy,drowsy,1.0,0.0,1.0,0.0,0.0,0.0,0.883043,0.663274,0.65,0.15118,0.162264,0.141068,0.056516,0.018788,0.009329,True,True,True,0.0,False,True,38.073
1219,60.95,1,drowsy,drowsy,1.0,0.0,1.0,0.0,0.0,0.0,0.882423,0.661706,0.7,0.154361,0.163311,0.141681,0.059781,0.019853,0.009863,True,True,True,0.014526,False,True,38.222
1220,61.0,1,drowsy,drowsy,1.0,0.0,1.0,0.0,0.0,0.0,0.880458,0.6635,0.75,0.157524,0.163788,0.142204,0.063055,0.020915,0.01039,True,True,True,0.0,False,True,46.975
1221,61.05,1,drowsy,drowsy,1.0,0.0,1.0,0.0,0.0,0.0,0.877577,0.661375,0.8,0.160655,0.16464,0.142641,0.066318,0.021938,0.010904,True,True,True,0.0,False,True,37.897
1222,61.1,1,drowsy,drowsy,1.0,0.0,1.0,0.0,0.0,0.0,0.863991,0.661515,0.85,0.163774,0.164306,0.143234,0.069544,0.02301,0.01143,True,True,True,0.0,False,True,37.883
1223,61.15,1,drowsy,drowsy,1.0,0.0,1.0,0.0,0.0,0.0,0.862088,0.663267,0.9,0.166867,0.164375,0.143662,0.072779,0.024051,0.011936,True,True,True,0.0,False,True,38.089
1224,61.2,1,drowsy,drowsy,1.0,0.0,1.0,0.0,0.0,0.0,0.862809,0.66338,0.95,0.17001,0.164593,0.144241,0.076029,0.025095,0.012464,True,True,True,0.0,False,True,38.033
1225,61.25,1,drowsy,drowsy,1.0,0.0,1.0,0.0,0.0,0.0,0.859267,0.661847,1.0,0.173098,0.164926,0.144743,0.079268,0.026135,0.012978,True,True,True,0.0,False,True,46.959
1226,61.3,1,drowsy,drowsy,1.0,0.0,1.0,0.0,0.0,0.0,0.857274,0.659849,1.05,0.1762,0.165752,0.145165,0.082502,0.027126,0.013478,True,True,True,0.0,False,True,37.855
1227,61.35,1,drowsy,drowsy,1.0,0.0,1.0,0.0,0.0,0.0,0.858698,0.66003,1.1,0.179306,0.166162,0.145751,0.085751,0.02821,0.014003,True,True,True,0.0,False,True,38.057
1228,61.4,1,drowsy,drowsy,1.0,0.0,1.0,0.0,0.0,0.0,0.851172,0.661641,1.15,0.182436,0.167075,0.14617,0.088991,0.029245,0.014501,True,True,True,0.0,False,True,38.105
1229,61.45,1,drowsy,drowsy,1.0,0.0,1.0,0.0,0.0,0.0,0.851469,0.669248,1.2,0.185604,0.168074,0.146754,0.092274,0.030293,0.015029,True,True,True,0.0,False,True,37.917
1230,61.5,1,drowsy,drowsy,1.0,0.0,1.0,0.0,0.0,0.0,0.860638,0.666063,1.25,0.188784,0.169058,0.147255,0.095587,0.031348,0.015549,True,True,True,0.0,False,True,46.815
1231,61.55,1,drowsy,drowsy,1.0,0.0,1.0,0.0,0.0,0.0,0.850455,0.668796,1.3,0.190133,0.169884,0.147678,0.098835,0.03234,0.016051,True,True,True,0.0,False,True,37.711
1232,61.6,1,drowsy,drowsy,1.0,0.0,1.0,0.0,0.0,0.0,0.84681,0.669329,1.35,0.191181,0.171,0.148243,0.102079,0.033441,0.016579,True,True,True,0.0,False,True,37.784
1233,61.65,1,drowsy,drowsy,1.0,0.0,1.0,0.0,0.0,0.0,0.84702,0.668862,1.4,0.192279,0.171964,0.148663,0.105345,0.034487,0.017079,True,True,True,0.0,False,True,37.884
1234,61.7,1,drowsy,drowsy,1.0,0.0,1.0,0.0,0.0,0.0,0.854603,0.669748,1.45,0.194136,0.172971,0.149254,0.108673,0.035544,0.017613,True,True,True,0.569908,False,True,37.974
1235,61.75,1,drowsy,drowsy,1.0,0.0,1.0,0.0,0.0,0.0,0.856344,0.672347,1.5,0.196905,0.174,0.149763,0.112037,0.036609,0.018136,True,True,True,0.595543,False,True,46.825
1236,61.8,1,drowsy,drowsy,1.0,0.0,1.0,0.0,0.0,0.0,0.867253,0.669688,1.55,0.200089,0.174844,0.150196,0.115446,0.03762,0.018648,True,True,True,0.0,False,True,37.98
1237,61.85,1,drowsy,drowsy,1.0,0.0,1.0,0.0,0.0,0.0,0.865264,0.666972,1.6,0.203388,0.176054,0.1508,0.11885,0.038754,0.019189,True,True,True,0.0,False,True,37.928
1238,61.9,1,drowsy,drowsy,1.0,0.0,1.0,0.0,0.0,0.0,0.863523,0.666151,1.65,0.206699,0.177066,0.151228,0.122255,0.039821,0.019696,True,True,True,0.0,False,True,38.105
1239,61.95,1,drowsy,drowsy,1.0,0.0,1.0,0.0,0.0,0.0,0.871686,0.666911,1.7,0.20998,0.1781,0.151834,0.125701,0.0409,0.020242,True,True,True,0.0,False,True,37.923
1240,62.0,1,drowsy,drowsy,1.0,0.0,1.0,0.0,0.0,0.0,0.88249,0.667564,1.75,0.213341,0.179087,0.152364,0.129203,0.041994,0.020779,True,True,True,0.0,False,True,46.817
1241,62.05,1,drowsy,drowsy,1.0,0.0,1.0,0.0,0.0,0.0,0.884084,0.666083,1.8,0.216684,0.179505,0.152804,0.132714,0.043081,0.021297,True,True,True,0.0,False,True,37.892
1242,62.1,1,drowsy,drowsy,1.0,0.0,1.0,0.0,0.0,0.0,0.884485,0.664959,1.85,0.218186,0.179851,0.153402,0.136175,0.044165,0.021852,True,True,True,0.0,False,True,38.104
1243,62.15,1,drowsy,drowsy,1.0,0.0,1.0,0.0,0.0,0.0,0.874666,0.670518,1.9,0.219421,0.180144,0.153838,0.139627,0.045249,0.022367,True,True,True,0.0,False,True,37.811
1244,62.2,1,drowsy,drowsy,1.0,0.0,1.0,0.0,0.0,0.0,0.876761,0.66809,1.95,0.220764,0.18047,0.154442,0.143108,0.046335,0.022921,True,True,True,0.0,False,True,38.016
1245,62.25,2,microsleep,microsleep,1.0,0.0,0.0,1.0,0.0,0.0,0.882997,0.661796,2.0,0.22288,0.180863,0.154948,0.14662,0.047421,0.023455,True,True,True,0.0,True,True,47.508
1246,62.3,2,microsleep,microsleep,1.0,0.0,0.0,1.0,0.0,0.0,0.885039,0.662515,2.05,0.225838,0.18141,0.155385,0.150166,0.048514,0.02397,True,True,True,0.761482,True,True,38.213
1247,62.35,2,microsleep,microsleep,1.0,0.0,0.0,1.0,0.0,0.0,0.882738,0.660703,2.1,0.229195,0.182212,0.155962,0.153715,0.049603,0.024523,True,True,True,0.674507,True,True,37.942
1248,62.4,2,microsleep,microsleep,1.0,0.0,0.0,1.0,0.0,0.0,0.882643,0.658759,2.15,0.232643,0.183211,0.156394,0.157269,0.050692,0.025034,True,True,True,0.0,True,True,38.204
1249,62.45,2,microsleep,microsleep,1.0,0.0,0.0,1.0,0.0,0.0,0.885916,0.658982,2.2,0.236085,0.184281,0.15701,0.160845,0.051786,0.02559,True,True,True,0.0,True,True,38.473
1250,62.5,2,microsleep,microsleep,1.0,0.0,0.0,1.0,0.0,0.0,0.884826,0.658692,2.25,0.239549,0.185362,0.157536,0.16443,0.052881,0.026124,True,True,True,0.0,True,True,47.043
1251,62.55,2,microsleep,microsleep,1.0,0.0,0.0,1.0,0.0,0.0,0.884954,0.658972,2.3,0.242995,0.186437,0.15797,0.168024,0.053977,0.026635,True,True,True,0.0,True,True,37.749
1252,62.6,2,microsleep,microsleep,1.0,0.0,0.0,1.0,0.0,0.0,0.884166,0.660644,2.35,0.246485,0.187514,0.158591,0.171636,0.055076,0.027193,True,True,True,0.0,True,True,37.913
1253,62.65,2,microsleep,microsleep,1.0,0.0,0.0,1.0,0.0,0.0,0.884437,0.659757,2.4,0.249965,0.188581,0.159024,0.175257,0.056174,0.027705,True,True,True,0.0,True,True,38.554
1254,62.7,2,microsleep,microsleep,1.0,0.0,0.0,1.0,0.0,0.0,0.884798,0.658832,2.45,0.253448,0.189629,0.15964,0.178887,0.057273,0.028264,True,True,True,0.0,True,True,37.861
1255,62.75,2,microsleep,microsleep,1.0,0.0,0.0,1.0,0.0,0.0,0.885717,0.658709,2.5,0.256834,0.190685,0.160169,0.182527,0.058373,0.028799,True,True,True,0.0,True,True,46.835
1256,62.8,2,microsleep,microsleep,1.0,0.0,0.0,1.0,0.0,0.0,0.88662,0.65701,2.55,0.260288,0.191755,0.160601,0.186178,0.059473,0.02931,True,True,True,0.0,True,True,38.292
1257,62.85,2,microsleep,microsleep,1.0,0.0,0.0,1.0,0.0,0.0,0.884041,0.657383,2.6,0.263818,0.192823,0.16122,0.189838,0.060572,0.029869,True,True,True,0.0,True,True,38.306
1258,62.9,2,microsleep,microsleep,1.0,0.0,0.0,1.0,0.0,0.0,0.883615,0.659203,2.65,0.26737,0.193882,0.161651,0.193514,0.061675,0.030379,True,True,True,0.0,True,True,38.485
1259,62.95,2,microsleep,microsleep,1.0,0.0,0.0,1.0,0.0,0.0,0.884485,0.659379,2.7,0.270942,0.19493,0.162276,0.197207,0.062779,0.030941,True,True,True,0.0,True,True,38.847
1260,63.0,2,microsleep,microsleep,1.0,0.0,0.0,1.0,0.0,0.0,0.881875,0.658017,2.75,0.274525,0.195905,0.162799,0.200898,0.063878,0.031476,True,True,True,0.0,True,True,47.73
1261,63.05,2,microsleep,microsleep,1.0,0.0,0.0,1.0,0.0,0.0,0.883301,0.657796,2.8,0.278139,0.196924,0.163228,0.204608,0.06498,0.031983,True,True,True,0.0,True,True,38.666
1262,63.1,2,microsleep,microsleep,1.0,0.0,0.0,1.0,0.0,0.0,0.882148,0.657718,2.85,0.281764,0.197978,0.163858,0.208326,0.066083,0.032546,True,True,True,0.478127,True,True,38.927
1263,63.15,2,microsleep,microsleep,1.0,0.0,0.0,1.0,0.0,0.0,0.880149,0.660996,2.9,0.285398,0.199026,0.164287,0.21206,0.06719,0.033054,True,True,True,0.0,True,True,38.571
1264,63.2,2,microsleep,microsleep,1.0,0.0,0.0,1.0,0.0,0.0,0.878124,0.660199,2.95,0.289047,0.200056,0.164907,0.215798,0.068294,0.033617,True,True,True,0.584557,True,True,37.99
1265,63.25,2,microsleep,microsleep,1.0,0.0,0.0,1.0,0.0,0.0,0.863638,0.660699,3.0,0.292577,0.201061,0.165423,0.219488,0.069382,0.034144,True,True,True,0.636742,True,True,46.682
1266,63.3,2,microsleep,microsleep,1.0,0.0,0.0,1.0,0.0,0.0,0.862149,0.660219,3.05,0.296107,0.202085,0.16584,0.223183,0.070469,0.03464,True,True,True,0.776331,True,True,37.851
1267,63.35,2,microsleep,microsleep,1.0,0.0,0.0,1.0,0.0,0.0,0.862624,0.660373,3.1,0.299649,0.203081,0.166462,0.226895,0.071557,0.035196,True,True,True,0.776331,True,True,38.172
1268,63.4,2,microsleep,microsleep,1.0,0.0,0.0,1.0,0.0,0.0,0.859325,0.659593,3.15,0.303216,0.204083,0.166877,0.230605,0.072641,0.03569,True,True,True,0.793426,True,True,38.013
1269,63.45,2,microsleep,microsleep,1.0,0.0,0.0,1.0,0.0,0.0,0.857364,0.658034,3.2,0.306809,0.205105,0.167477,0.234316,0.073722,0.036243,True,True,True,0.875866,True,True,37.66
1270,63.5,2,microsleep,microsleep,1.0,0.0,0.0,1.0,0.0,0.0,0.857823,0.658637,3.25,0.310381,0.206097,0.16796,0.238039,0.074805,0.036765,True,True,True,0.881989,True,True,46.469
1271,63.55,2,microsleep,microsleep,1.0,0.0,0.0,1.0,0.0,0.0,0.851147,0.660388,3.3,0.313976,0.207108,0.16837,0.241757,0.075884,0.037254,True,True,True,0.881989,True,True,37.826
1272,63.6,2,microsleep,microsleep,1.0,0.0,0.0,1.0,0.0,0.0,0.852283,0.667872,3.35,0.317626,0.208135,0.168983,0.24552,0.076977,0.037813,True,True,True,0.881989,True,True,37.775
1273,63.65,2,microsleep,microsleep,1.0,0.0,0.0,1.0,0.0,0.0,0.862133,0.666735,3.4,0.321203,0.209158,0.169403,0.249324,0.078081,0.038313,True,True,True,0.0,True,True,37.821
1274,63.7,2,microsleep,microsleep,1.0,0.0,0.0,1.0,0.0,0.0,0.851737,0.670809,3.45,0.32479,0.21018,0.170014,0.253116,0.079179,0.038875,True,True,True,0.0,True,True,37.54
1275,63.75,2,microsleep,microsleep,1.0,0.0,0.0,1.0,0.0,0.0,0.846874,0.6697,3.5,0.326351,0.211204,0.170525,0.256794,0.08027,0.039401,True,True,True,0.0,True,True,46.589
1276,63.8,2,microsleep,microsleep,1.0,0.0,0.0,1.0,0.0,0.0,0.848683,0.670398,3.55,0.32823,0.212244,0.170939,0.260539,0.081366,0.039895,True,True,True,0.0,True,True,37.69
1277,63.85,2,microsleep,microsleep,1.0,0.0,0.0,1.0,0.0,0.0,0.85498,0.672942,3.6,0.331196,0.213306,0.171561,0.264372,0.082475,0.040463,True,True,True,0.0,True,True,37.66
1278,63.9,2,microsleep,microsleep,1.0,0.0,0.0,1.0,0.0,0.0,0.85505,0.672668,3.65,0.3347,0.214368,0.17198,0.268233,0.083585,0.040962,True,True,True,0.0,True,True,37.854
1279,63.95,2,microsleep,microsleep,1.0,0.0,0.0,1.0,0.0,0.0,0.866985,0.66958,3.7,0.33846,0.215438,0.172615,0.272151,0.084706,0.041536,True,True,True,0.287811,True,True,37.901
1280,64.0,2,microsleep,microsleep,1.0,0.0,0.0,1.0,0.0,0.0,0.864442,0.666525,3.75,0.342237,0.216524,0.173143,0.276059,0.085821,0.042072,True,True,True,0.0,True,True,46.543
1281,64.05,2,microsleep,microsleep,1.0,0.0,0.0,1.0,0.0,0.0,0.859717,0.665587,3.8,0.345977,0.217614,0.17356,0.279955,0.08693,0.042568,True,True,True,0.0,True,True,37.671
1282,64.1,2,microsleep,microsleep,1.0,0.0,0.0,1.0,0.0,0.0,0.871405,0.667198,3.85,0.348068,0.218425,0.174092,0.28231,0.087902,0.043108,True,True,True,0.0,True,True,37.833
1283,64.15,2,microsleep,microsleep,1.0,0.0,0.0,1.0,0.0,0.0,0.881427,0.668322,3.9,0.352553,0.219856,0.174738,0.287863,0.0892,0.043694,True,True,True,0.0,True,True,38.121
1284,64.2,2,microsleep,microsleep,1.0,0.0,0.0,1.0,0.0,0.0,0.883794,0.666377,3.95,0.356185,0.220895,0.175279,0.291879,0.090341,0.044242,True,True,True,0.0,True,True,39.482
1285,64.25,2,microsleep,microsleep,1.0,0.0,0.0,1.0,0.0,0.0,0.884256,0.665097,4.0,0.359993,0.221953,0.175812,0.295915,0.091483,0.04479,True,True,True,0.0,True,True,47.867
1286,64.3,2,microsleep,microsleep,1.0,0.0,0.0,1.0,0.0,0.0,0.874436,0.670637,4.05,0.363822,0.223049,0.176239,0.299947,0.092623,0.045298,True,True,True,0.0,True,True,37.503
1287,64.35,2,microsleep,microsleep,1.0,0.0,0.0,1.0,0.0,0.0,0.876615,0.668169,4.1,0.365882,0.223862,0.176736,0.302265,0.093599,0.045843,True,True,True,0.0,True,True,37.813
1288,64.4,2,microsleep,microsleep,1.0,0.0,0.0,1.0,0.0,0.0,0.883164,0.662123,4.15,0.371488,0.22526,0.177054,0.308052,0.094904,0.046426,True,True,True,0.0,True,True,38.037
1289,64.45,2,microsleep,microsleep,1.0,0.0,0.0,1.0,0.0,0.0,0.885254,0.662546,4.2,0.375412,0.226377,0.177564,0.312142,0.09605,0.046974,True,True,True,0.0,True,True,37.65
1290,64.5,2,microsleep,microsleep,1.0,0.0,0.0,1.0,0.0,0.0,0.882714,0.661732,4.25,0.379325,0.227411,0.1781,0.316231,0.097189,0.04752,True,True,True,0.0,True,True,46.843
1291,64.55,2,microsleep,microsleep,1.0,0.0,0.0,1.0,0.0,0.0,0.882595,0.658998,4.3,0.383286,0.228292,0.178524,0.32033,0.098324,0.048023,True,True,True,0.0,True,True,37.875
1292,64.6,2,microsleep,microsleep,1.0,0.0,0.0,1.0,0.0,0.0,0.886004,0.659108,4.35,0.385296,0.229101,0.179069,0.322592,0.099294,0.048569,True,True,True,0.0,True,True,37.781
1293,64.65,2,microsleep,microsleep,1.0,0.0,0.0,1.0,0.0,0.0,0.885756,0.658282,4.4,0.391094,0.229119,0.179737,0.32858,0.100582,0.049158,True,True,True,0.0,True,True,38.186
1294,64.7,2,microsleep,microsleep,1.0,0.0,0.0,1.0,0.0,0.0,0.885445,0.658623,4.45,0.395033,0.229509,0.180284,0.332726,0.101713,0.049704,True,True,True,0.0,True,True,37.856
1295,64.75,2,microsleep,microsleep,1.0,0.0,0.0,1.0,0.0,0.0,0.88489,0.659979,4.5,0.398936,0.230019,0.180832,0.336883,0.102852,0.050252,True,True,True,0.0,True,True,46.496
1296,64.8,2,microsleep,microsleep,1.0,0.0,0.0,1.0,0.0,0.0,0.885233,0.659444,4.55,0.402777,0.230854,0.181256,0.341042,0.103996,0.050755,True,True,True,0.269043,True,True,37.866
1297,64.85,2,microsleep,microsleep,1.0,0.0,0.0,1.0,0.0,0.0,0.884977,0.658231,4.6,0.404719,0.231659,0.181798,0.343233,0.104958,0.051302,True,True,True,0.273163,True,True,37.842
1298,64.9,2,microsleep,microsleep,1.0,0.0,0.0,1.0,0.0,0.0,0.886119,0.65837,4.65,0.410454,0.233054,0.182168,0.349401,0.106295,0.051892,True,True,True,0.273163,True,True,37.754
1299,64.95,2,microsleep,microsleep,1.0,0.0,0.0,1.0,0.0,0.0,0.886697,0.657019,4.7,0.414436,0.234191,0.182371,0.353615,0.107446,0.052436,True,True,True,0.246613,True,True,37.761
1300,65.0,2,microsleep,microsleep,1.0,0.0,0.0,1.0,0.0,0.0,0.883774,0.656454,4.75,0.418463,0.235324,0.182551,0.357836,0.108594,0.052977,True,True,True,0.246613,True,True,46.953
1301,65.05,2,microsleep,microsleep,1.0,0.0,0.0,1.0,0.0,0.0,0.882659,0.658558,4.8,0.422501,0.236456,0.182973,0.362072,0.109745,0.053477,True,True,True,0.0,True,True,38.967
1302,65.1,2,microsleep,microsleep,1.0,0.0,0.0,1.0,0.0,0.0,0.884097,0.658739,4.85,0.424378,0.237256,0.183124,0.364195,0.110703,0.05402,True,True,True,0.0,True,True,39.263
1303,65.15,2,microsleep,microsleep,1.0,0.0,0.0,1.0,0.0,0.0,0.88319,0.658569,4.9,0.430275,0.238719,0.182969,0.370569,0.112054,0.054606,True,True,True,0.0,True,True,38.282
1304,65.2,2,microsleep,microsleep,1.0,0.0,0.0,1.0,0.0,0.0,0.883572,0.657693,4.95,0.43397,0.239846,0.183157,0.374822,0.113208,0.055152,True,True,True,0.0,True,True,37.766
1305,65.25,2,microsleep,microsleep,1.0,0.0,0.0,1.0,0.0,0.0,0.881992,0.657733,5.0,0.437691,0.240472,0.183332,0.379082,0.114352,0.055697,True,True,True,0.0,True,True,46.583
1306,65.3,2,microsleep,microsleep,1.0,0.0,0.0,1.0,0.0,0.0,0.879712,0.660594,5.05,0.441362,0.240861,0.183754,0.38335,0.115485,0.056195,True,True,True,0.0,True,True,37.86
1307,65.35,2,microsleep,microsleep,1.0,0.0,0.0,1.0,0.0,0.0,0.877976,0.659373,5.1,0.443154,0.241651,0.183896,0.38538,0.11643,0.056738,True,True,True,0.383026,True,True,37.828
1308,65.4,2,microsleep,microsleep,1.0,0.0,0.0,1.0,0.0,0.0,0.864987,0.660034,5.15,0.44924,0.241528,0.183761,0.39192,0.117727,0.057321,True,True,True,0.579206,True,True,38.016
1309,65.45,2,microsleep,microsleep,1.0,0.0,0.0,1.0,0.0,0.0,0.862114,0.660293,5.2,0.453109,0.241906,0.18402,0.396171,0.118849,0.057858,True,True,True,0.738823,True,True,38.121
1310,65.5,2,microsleep,microsleep,1.0,0.0,0.0,1.0,0.0,0.0,0.862803,0.660642,5.25,0.457084,0.242452,0.184274,0.400455,0.11998,0.058395,True,True,True,0.738823,True,True,46.656
1311,65.55,2,microsleep,microsleep,1.0,0.0,0.0,1.0,0.0,0.0,0.859136,0.659824,5.3,0.46119,0.243301,0.184682,0.404754,0.121112,0.05888,True,True,True,0.769264,True,True,37.891
1312,65.6,2,microsleep,microsleep,1.0,0.0,0.0,1.0,0.0,0.0,0.855322,0.657475,5.35,0.462817,0.244059,0.184907,0.406615,0.122021,0.05941,True,True,True,0.61042,True,True,37.848
1313,65.65,2,microsleep,microsleep,1.0,0.0,0.0,1.0,0.0,0.0,0.858068,0.658427,5.4,0.469172,0.245467,0.185202,0.413337,0.123375,0.059996,True,True,True,0.616199,True,True,38.013
1314,65.7,2,microsleep,microsleep,1.0,0.0,0.0,1.0,0.0,0.0,0.852192,0.660612,5.45,0.47173,0.246593,0.185528,0.417559,0.124508,0.060528,True,True,True,0.616199,True,True,37.935
1315,65.75,2,microsleep,microsleep,1.0,0.0,0.0,1.0,0.0,0.0,0.852314,0.667322,5.5,0.474632,0.247723,0.185799,0.421851,0.12565,0.061066,True,True,True,0.616199,True,True,46.722
1316,65.8,2,microsleep,microsleep,1.0,0.0,0.0,1.0,0.0,0.0,0.862516,0.665503,5.55,0.478453,0.248866,0.186212,0.426236,0.126804,0.061556,True,True,True,0.661518,True,True,37.655
1317,65.85,2,microsleep,microsleep,1.0,0.0,0.0,1.0,0.0,0.0,0.852266,0.669209,5.6,0.480038,0.249629,0.186487,0.428042,0.127722,0.062094,True,True,True,0.482018,True,True,171.304
1318,65.9,2,microsleep,microsleep,1.0,0.0,0.0,1.0,0.0,0.0,0.846909,0.670853,5.65,0.486744,0.251129,0.187005,0.435014,0.129094,0.062686,True,True,True,0.0,True,True,38.063
1319,65.95,2,microsleep,microsleep,1.0,0.0,0.0,1.0,0.0,0.0,0.848929,0.670194,5.7,0.490983,0.252244,0.187525,0.439429,0.13024,0.063226,True,True,True,0.0,True,True,37.963
1320,66.0,2,microsleep,microsleep,1.0,0.0,0.0,1.0,0.0,0.0,0.856582,0.67231,5.75,0.495249,0.253348,0.188057,0.443895,0.131398,0.063772,True,True,True,0.0,True,True,46.749
1321,66.05,2,microsleep,microsleep,1.0,0.0,0.0,1.0,0.0,0.0,0.85722,0.673068,5.8,0.499567,0.254449,0.188471,0.448386,0.132559,0.064263,True,True,True,0.0,True,True,37.859
1322,66.1,2,microsleep,microsleep,1.0,0.0,0.0,1.0,0.0,0.0,0.867805,0.669593,5.85,0.501142,0.255227,0.189015,0.450181,0.133492,0.064814,True,True,True,0.0,True,True,37.762
1323,66.15,2,microsleep,microsleep,1.0,0.0,0.0,1.0,0.0,0.0,0.865613,0.666686,5.9,0.508307,0.256725,0.189691,0.457471,0.134898,0.06542,True,True,True,0.272018,True,True,37.867
1324,66.2,2,microsleep,microsleep,1.0,0.0,0.0,1.0,0.0,0.0,0.86376,0.665795,5.95,0.512488,0.257868,0.190237,0.46199,0.136062,0.065967,True,True,True,0.166046,True,True,37.777
1325,66.25,2,microsleep,microsleep,1.0,0.0,0.0,1.0,0.0,0.0,0.873757,0.6668,6.0,0.514735,0.259015,0.190791,0.466367,0.137242,0.066521,True,True,True,0.122559,True,True,46.631
1326,66.3,2,microsleep,microsleep,1.0,0.0,0.0,1.0,0.0,0.0,0.881444,0.667194,6.05,0.517305,0.260169,0.191216,0.47089,0.138432,0.067022,True,True,True,0.0,True,True,37.638
1327,66.35,2,microsleep,microsleep,1.0,0.0,0.0,1.0,0.0,0.0,0.884228,0.665796,6.1,0.518879,0.260959,0.191776,0.472663,0.139376,0.067582,True,True,True,0.0,True,True,37.775
1328,66.4,2,microsleep,microsleep,1.0,0.0,0.0,1.0,0.0,0.0,0.884566,0.664546,6.15,0.525443,0.261806,0.192457,0.480236,0.140797,0.068201,True,True,True,0.0,True,True,37.872
1329,66.45,2,microsleep,microsleep,1.0,0.0,0.0,1.0,0.0,0.0,0.876898,0.669296,6.2,0.529935,0.262196,0.192991,0.484939,0.141955,0.068759,True,True,True,0.0,True,True,38.028
1330,66.5,2,microsleep,microsleep,1.0,0.0,0.0,1.0,0.0,0.0,0.879706,0.666563,6.25,0.534475,0.262539,0.193526,0.489663,0.143119,0.069318,True,True,True,0.0,True,True,46.858
1331,66.55,2,microsleep,microsleep,1.0,0.0,0.0,1.0,0.0,0.0,0.883716,0.660888,6.3,0.539039,0.262909,0.193947,0.494406,0.144293,0.069815,True,True,True,0.638458,True,True,37.801
1332,66.6,2,microsleep,microsleep,1.0,0.0,0.0,1.0,0.0,0.0,0.885347,0.661796,6.35,0.54053,0.263693,0.194495,0.496089,0.145226,0.070374,True,True,True,0.638458,True,True,37.97
1333,66.65,2,microsleep,microsleep,1.0,0.0,0.0,1.0,0.0,0.0,0.882888,0.660111,6.4,0.54823,0.264121,0.195181,0.503945,0.146662,0.070992,True,True,True,0.487854,True,True,37.913
1334,66.7,2,microsleep,microsleep,1.0,0.0,0.0,1.0,0.0,0.0,0.882711,0.658299,6.45,0.552838,0.265055,0.195733,0.508728,0.147847,0.071548,True,True,True,0.0,True,True,37.856
1335,66.75,2,microsleep,microsleep,1.0,0.0,0.0,1.0,0.0,0.0,0.885834,0.657946,6.5,0.557471,0.266119,0.196281,0.513542,0.149039,0.072106,True,True,True,0.0,True,True,46.986
1336,66.8,2,microsleep,microsleep,1.0,0.0,0.0,1.0,0.0,0.0,0.885073,0.658267,6.55,0.562103,0.267218,0.1967,0.518369,0.150233,0.0726,True,True,True,0.0,True,True,38.051
1337,66.85,2,microsleep,microsleep,1.0,0.0,0.0,1.0,0.0,0.0,0.884919,0.659019,6.6,0.5635,0.267995,0.197252,0.519954,0.151157,0.073158,True,True,True,0.0,True,True,38.118
1338,66.9,2,microsleep,microsleep,1.0,0.0,0.0,1.0,0.0,0.0,0.884056,0.660442,6.65,0.571429,0.269433,0.197935,0.528085,0.152627,0.073781,True,True,True,0.0,True,True,37.957
1339,66.95,2,microsleep,microsleep,1.0,0.0,0.0,1.0,0.0,0.0,0.884914,0.659582,6.7,0.576127,0.270476,0.19848,0.532971,0.153824,0.074341,True,True,True,0.0,True,True,37.852
1340,67.0,2,microsleep,microsleep,1.0,0.0,0.0,1.0,0.0,0.0,0.885083,0.658229,6.75,0.58085,0.271539,0.199016,0.537876,0.155021,0.074899,True,True,True,0.0,True,True,46.798
1341,67.05,2,microsleep,microsleep,1.0,0.0,0.0,1.0,0.0,0.0,0.885599,0.658285,6.8,0.58561,0.272689,0.199433,0.542806,0.156223,0.075392,True,True,True,0.0,True,True,37.861
1342,67.1,2,microsleep,microsleep,1.0,0.0,0.0,1.0,0.0,0.0,0.886633,0.657046,6.85,0.586921,0.273461,0.19997,0.544304,0.157141,0.075951,True,True,True,0.0,True,True,38.577
1343,67.15,2,microsleep,microsleep,1.0,0.0,0.0,1.0,0.0,0.0,0.883112,0.657214,6.9,0.595191,0.275047,0.200624,0.552712,0.158627,0.076574,True,True,True,0.0,True,True,38.241
1344,67.2,2,microsleep,microsleep,1.0,0.0,0.0,1.0,0.0,0.0,0.882582,0.659179,6.95,0.59998,0.276236,0.201169,0.557683,0.159831,0.077133,True,True,True,0.0,True,True,37.986
1345,67.25,2,microsleep,microsleep,1.0,0.0,0.0,1.0,0.0,0.0,0.884116,0.658619,7.0,0.604814,0.277428,0.201712,0.562685,0.161038,0.077693,True,True,True,0.0,True,True,47.307
1346,67.3,2,microsleep,microsleep,1.0,0.0,0.0,1.0,0.0,0.0,0.881862,0.658012,7.05,0.60966,0.27862,0.202126,0.567697,0.162243,0.078183,True,True,True,0.0,True,True,38.656
1347,67.35,2,microsleep,microsleep,1.0,0.0,0.0,1.0,0.0,0.0,0.883174,0.657719,7.1,0.610864,0.279383,0.202668,0.569085,0.163152,0.078741,True,True,True,0.0,True,True,38.069
1348,67.4,2,microsleep,microsleep,1.0,0.0,0.0,1.0,0.0,0.0,0.882442,0.657705,7.15,0.619331,0.281,0.203345,0.577774,0.164657,0.079369,True,True,True,0.0,True,True,38.289
1349,67.45,2,microsleep,microsleep,1.0,0.0,0.0,1.0,0.0,0.0,0.880255,0.66128,7.2,0.624212,0.282189,0.20359,0.582843,0.165868,0.079923,True,True,True,0.0,True,True,38.357
1350,67.5,2,microsleep,microsleep,1.0,0.0,0.0,1.0,0.0,0.0,0.877872,0.659448,7.25,0.62909,0.283367,0.203767,0.587918,0.167074,0.080471,True,True,True,0.0,True,True,46.902
1351,67.55,2,microsleep,microsleep,1.0,0.0,0.0,1.0,0.0,0.0,0.866327,0.659782,7.3,0.633958,0.28454,0.204172,0.592963,0.168268,0.080952,True,True,True,0.575401,True,True,37.834
1352,67.6,2,microsleep,microsleep,1.0,0.0,0.0,1.0,0.0,0.0,0.863159,0.66012,7.35,0.634981,0.285275,0.20434,0.594169,0.16915,0.081496,True,True,True,0.714991,True,True,37.777
1353,67.65,2,microsleep,microsleep,1.0,0.0,0.0,1.0,0.0,0.0,0.862713,0.659056,7.4,0.643734,0.286875,0.204589,0.603088,0.17065,0.082113,True,True,True,0.876953,True,True,37.598
1354,67.7,2,microsleep,microsleep,1.0,0.0,0.0,1.0,0.0,0.0,0.859148,0.657711,7.45,0.648633,0.288026,0.205094,0.60816,0.171835,0.08266,True,True,True,0.876953,True,True,37.722
1355,67.75,2,microsleep,microsleep,1.0,0.0,0.0,1.0,0.0,0.0,0.857156,0.657177,7.5,0.653529,0.289176,0.205631,0.613241,0.173018,0.083205,True,True,True,0.873291,True,True,46.816
1356,67.8,2,microsleep,microsleep,1.0,0.0,0.0,1.0,0.0,0.0,0.857823,0.659549,7.55,0.65845,0.290332,0.20603,0.618347,0.174206,0.083679,True,True,True,0.873291,True,True,37.844
1357,67.85,2,microsleep,microsleep,1.0,0.0,0.0,1.0,0.0,0.0,0.852566,0.660195,7.6,0.659325,0.291048,0.206572,0.619403,0.17507,0.084224,True,True,True,0.760574,True,True,37.904
1358,67.9,2,microsleep,microsleep,1.0,0.0,0.0,1.0,0.0,0.0,0.852016,0.665974,7.65,0.665206,0.292658,0.207243,0.628194,0.176582,0.084847,True,True,True,0.0,True,True,37.742
1359,67.95,2,microsleep,microsleep,1.0,0.0,0.0,1.0,0.0,0.0,0.860842,0.665301,7.7,0.667481,0.293824,0.207778,0.633135,0.177786,0.085402,True,True,True,0.0,True,True,37.72
1360,68.0,2,microsleep,microsleep,1.0,0.0,0.0,1.0,0.0,0.0,0.851614,0.669318,7.75,0.670095,0.294407,0.208007,0.638154,0.178966,0.085948,True,True,True,0.0,True,True,47.007
1361,68.05,2,microsleep,microsleep,1.0,0.0,0.0,1.0,0.0,0.0,0.846468,0.671084,7.8,0.673778,0.294781,0.208405,0.643263,0.180123,0.086422,True,True,True,0.0,True,True,37.908
1362,68.1,2,microsleep,microsleep,1.0,0.0,0.0,1.0,0.0,0.0,0.848636,0.67047,7.85,0.674585,0.295499,0.20859,0.644211,0.18099,0.086966,True,True,True,0.728638,True,True,37.831
1363,68.15,2,microsleep,microsleep,1.0,0.0,0.0,1.0,0.0,0.0,0.854787,0.673021,7.9,0.683281,0.295171,0.208743,0.653706,0.182461,0.087594,True,True,True,0.475952,True,True,37.812
1364,68.2,2,microsleep,microsleep,1.0,0.0,0.0,1.0,0.0,0.0,0.85635,0.672981,7.95,0.68834,0.295175,0.20922,0.65899,0.183636,0.088152,True,True,True,0.475952,True,True,37.904
1365,68.25,2,microsleep,microsleep,1.0,0.0,0.0,1.0,0.0,0.0,0.867398,0.669789,8.0,0.693483,0.295128,0.209764,0.664337,0.184811,0.088716,True,True,True,0.356934,True,True,47.404
1366,68.3,2,microsleep,microsleep,1.0,0.0,0.0,1.0,0.0,0.0,0.864688,0.666731,8.05,0.698621,0.295067,0.210171,0.669683,0.185976,0.089197,True,True,True,0.0,True,True,37.955
1367,68.35,2,microsleep,microsleep,1.0,0.0,0.0,1.0,0.0,0.0,0.871729,0.665714,8.1,0.699423,0.29581,0.210729,0.670618,0.186861,0.089761,True,True,True,0.0,True,True,37.747
1368,68.4,2,microsleep,microsleep,1.0,0.0,0.0,1.0,0.0,0.0,0.87227,0.665314,8.15,0.708592,0.295211,0.211436,0.680414,0.188343,0.090404,True,True,True,0.0,True,True,37.76
1369,68.45,2,microsleep,microsleep,1.0,0.0,0.0,1.0,0.0,0.0,0.8803,0.666415,8.2,0.713697,0.295621,0.211994,0.685856,0.189565,0.090975,True,True,True,0.0,True,True,37.972
1370,68.5,2,microsleep,microsleep,1.0,0.0,0.0,1.0,0.0,0.0,0.883569,0.665537,8.25,0.71894,0.296305,0.212559,0.691356,0.190802,0.091547,True,True,True,0.0,True,True,46.902
1371,68.55,2,microsleep,microsleep,1.0,0.0,0.0,1.0,0.0,0.0,0.883951,0.664437,8.3,0.724094,0.297311,0.212974,0.696852,0.192046,0.092037,True,True,True,0.0,True,True,37.72
1372,68.6,2,microsleep,microsleep,1.0,0.0,0.0,1.0,0.0,0.0,0.876767,0.669587,8.35,0.724812,0.298064,0.213537,0.697698,0.192936,0.092608,True,True,True,0.0,True,True,37.838
1373,68.65,2,microsleep,microsleep,1.0,0.0,0.0,1.0,0.0,0.0,0.880154,0.666476,8.4,0.734571,0.299699,0.21422,0.707901,0.19454,0.093261,True,True,True,0.0,True,True,38.07
1374,68.7,2,microsleep,microsleep,1.0,0.0,0.0,1.0,0.0,0.0,0.883787,0.661138,8.45,0.73724,0.300925,0.214769,0.713068,0.195786,0.09383,True,True,True,0.0,True,True,38.183
1375,68.75,2,microsleep,microsleep,1.0,0.0,0.0,1.0,0.0,0.0,0.885435,0.661423,8.5,0.740261,0.30201,0.215326,0.718411,0.197029,0.094402,True,True,True,0.0,True,True,46.869
1376,68.8,2,microsleep,microsleep,1.0,0.0,0.0,1.0,0.0,0.0,0.88286,0.660083,8.55,0.744577,0.302536,0.215737,0.723948,0.198244,0.094887,True,True,True,0.735504,True,True,38.024
1377,68.85,2,microsleep,microsleep,1.0,0.0,0.0,1.0,0.0,0.0,0.882475,0.658162,8.6,0.74522,0.303279,0.216295,0.724687,0.19912,0.095455,True,True,True,0.472748,True,True,38.133
1378,68.9,2,microsleep,microsleep,1.0,0.0,0.0,1.0,0.0,0.0,0.885946,0.658576,8.65,0.75514,0.303643,0.217013,0.735284,0.200686,0.09611,True,True,True,0.0,True,True,38.059
1379,68.95,2,microsleep,microsleep,1.0,0.0,0.0,1.0,0.0,0.0,0.885434,0.658373,8.7,0.760606,0.304488,0.21758,0.741001,0.201929,0.096681,True,True,True,0.0,True,True,37.714
1380,69.0,2,microsleep,microsleep,1.0,0.0,0.0,1.0,0.0,0.0,0.884278,0.658818,8.75,0.766105,0.305486,0.218149,0.746738,0.203175,0.097252,True,True,True,0.0,True,True,46.899
1381,69.05,2,microsleep,microsleep,1.0,0.0,0.0,1.0,0.0,0.0,0.88407,0.660627,8.8,0.771625,0.306587,0.21856,0.752497,0.204426,0.097737,True,True,True,0.0,True,True,38.172
1382,69.1,2,microsleep,microsleep,1.0,0.0,0.0,1.0,0.0,0.0,0.884325,0.659383,8.85,0.772157,0.307331,0.219127,0.753119,0.205301,0.098308,True,True,True,0.0,True,True,37.656
1383,69.15,2,microsleep,microsleep,1.0,0.0,0.0,1.0,0.0,0.0,0.884851,0.658475,8.9,0.782767,0.308962,0.219856,0.764094,0.206934,0.098968,True,True,True,0.0,True,True,37.98
1384,69.2,2,microsleep,microsleep,1.0,0.0,0.0,1.0,0.0,0.0,0.885557,0.658769,8.95,0.788386,0.31017,0.22042,0.769933,0.208191,0.09954,True,True,True,0.0,True,True,38.18
1385,69.25,2,microsleep,microsleep,1.0,0.0,0.0,1.0,0.0,0.0,0.8863,0.657889,9.0,0.794029,0.311373,0.220981,0.775797,0.209449,0.100113,True,True,True,0.0,True,True,46.765
1386,69.3,2,microsleep,microsleep,1.0,0.0,0.0,1.0,0.0,0.0,0.883391,0.658152,9.05,0.799666,0.312533,0.221389,0.781665,0.210702,0.100595,True,True,True,0.0,True,True,37.918
1387,69.35,2,microsleep,microsleep,1.0,0.0,0.0,1.0,0.0,0.0,0.882284,0.660009,9.1,0.80006,0.313269,0.22195,0.782145,0.211569,0.101167,True,True,True,0.0,True,True,37.735
1388,69.4,2,microsleep,microsleep,1.0,0.0,0.0,1.0,0.0,0.0,0.883599,0.659698,9.15,0.81099,0.314835,0.222671,0.79347,0.213216,0.10183,True,True,True,0.0,True,True,37.773
1389,69.45,2,microsleep,microsleep,1.0,0.0,0.0,1.0,0.0,0.0,0.882564,0.659361,9.2,0.816653,0.315994,0.223225,0.799397,0.214474,0.102402,True,True,True,0.0,True,True,37.925
1390,69.5,2,microsleep,microsleep,1.0,0.0,0.0,1.0,0.0,0.0,0.882976,0.657834,9.25,0.822184,0.317202,0.223789,0.805302,0.215734,0.102974,True,True,True,0.0,True,True,47.444
1391,69.55,2,microsleep,microsleep,1.0,0.0,0.0,1.0,0.0,0.0,0.882258,0.657579,9.3,0.82775,0.318423,0.224194,0.811244,0.216996,0.103454,True,True,True,0.0,True,True,38.586
1392,69.6,2,microsleep,microsleep,1.0,0.0,0.0,1.0,0.0,0.0,0.879936,0.660662,9.35,0.828002,0.31915,0.224753,0.811575,0.217855,0.104026,True,True,True,0.413239,True,True,38.388
1393,69.65,2,microsleep,microsleep,1.0,0.0,0.0,1.0,0.0,0.0,0.878184,0.659396,9.4,0.839059,0.320862,0.225171,0.823194,0.219519,0.104683,True,True,True,0.0,True,True,38.472
1394,69.7,2,microsleep,microsleep,1.0,0.0,0.0,1.0,0.0,0.0,0.8637,0.660095,9.45,0.844659,0.322055,0.225503,0.829126,0.220762,0.105243,True,True,True,0.628387,True,True,38.048
1395,69.75,2,microsleep,microsleep,1.0,0.0,0.0,1.0,0.0,0.0,0.861876,0.660386,9.5,0.850306,0.323246,0.22595,0.83508,0.222004,0.105805,True,True,True,0.628387,True,True,48.553
1396,69.8,2,microsleep,microsleep,1.0,0.0,0.0,1.0,0.0,0.0,0.862017,0.660255,9.55,0.854105,0.324408,0.226343,0.840797,0.223244,0.106273,True,True,True,0.832407,True,True,39.224
1397,69.85,2,microsleep,microsleep,1.0,0.0,0.0,1.0,0.0,0.0,0.85853,0.659147,9.6,0.854126,0.3251,0.226863,0.840884,0.224068,0.106832,True,True,True,0.832407,True,True,39.443
1398,69.9,2,microsleep,microsleep,1.0,0.0,0.0,1.0,0.0,0.0,0.857627,0.657944,9.65,0.860074,0.326751,0.227563,0.852172,0.225718,0.107487,True,True,True,0.826642,True,True,38.124
1399,69.95,2,microsleep,microsleep,1.0,0.0,0.0,1.0,0.0,0.0,0.857068,0.658742,9.7,0.86464,0.327912,0.228116,0.858171,0.226955,0.108046,True,True,True,0.697395,True,True,37.78
1400,70.0,2,microsleep,microsleep,1.0,0.0,0.0,1.0,0.0,0.0,0.853559,0.661622,9.75,0.867073,0.329014,0.228657,0.863674,0.228188,0.108606,True,True,True,0.697395,True,True,46.802
1401,70.05,2,microsleep,microsleep,1.0,0.0,0.0,1.0,0.0,0.0,0.850969,0.666602,9.8,0.868937,0.329518,0.229046,0.868937,0.229392,0.10907,True,True,True,0.696022,True,True,37.973
1402,70.1,2,microsleep,microsleep,1.0,0.0,0.0,1.0,0.0,0.0,0.859976,0.665376,9.85,0.868893,0.330215,0.229596,0.868893,0.23022,0.109636,True,True,True,0.0,True,True,37.895
1403,70.15,2,microsleep,microsleep,1.0,0.0,0.0,1.0,0.0,0.0,0.849642,0.669607,9.9,0.871045,0.330411,0.230315,0.871045,0.231823,0.110298,True,True,True,0.0,True,True,37.913
1404,70.2,2,microsleep,microsleep,1.0,0.0,0.0,1.0,0.0,0.0,0.847511,0.670507,9.95,0.871429,0.33106,0.230864,0.871429,0.233057,0.11086,True,True,True,0.0,True,True,37.797
1405,70.25,2,microsleep,microsleep,1.0,0.0,0.0,1.0,0.0,0.0,0.848923,0.670242,10.0,0.871629,0.331922,0.231405,0.871629,0.234301,0.111424,True,True,True,0.0,True,True,46.923
1406,70.3,2,microsleep,microsleep,1.0,0.0,0.0,1.0,0.0,0.0,0.855542,0.673283,10.05,0.871758,0.333015,0.2318,0.871758,0.235564,0.111895,True,True,True,0.0,True,True,38.14
1407,70.35,2,microsleep,microsleep,1.0,0.0,0.0,1.0,0.0,0.0,0.857421,0.672737,10.1,0.871686,0.333712,0.232356,0.871686,0.236391,0.112466,True,True,True,0.0,True,True,38.018
1408,70.4,2,microsleep,microsleep,1.0,0.0,0.0,1.0,0.0,0.0,0.867374,0.669103,10.15,0.871941,0.335407,0.233083,0.871941,0.238113,0.113142,True,True,True,0.0,True,True,37.865
1409,70.45,2,microsleep,microsleep,1.0,0.0,0.0,1.0,0.0,0.0,0.865332,0.666734,10.2,0.871988,0.336576,0.233649,0.871988,0.239385,0.113715,True,True,True,0.0,True,True,37.898
1410,70.5,2,microsleep,microsleep,1.0,0.0,0.0,1.0,0.0,0.0,0.872763,0.665971,10.25,0.872022,0.337775,0.234219,0.872022,0.240669,0.114292,True,True,True,0.0,True,True,46.907
1411,70.55,2,microsleep,microsleep,1.0,0.0,0.0,1.0,0.0,0.0,0.874697,0.665825,10.3,0.872022,0.338369,0.23462,0.872022,0.24192,0.114769,True,True,True,0.0,True,True,38.083
1412,70.6,2,microsleep,microsleep,1.0,0.0,0.0,1.0,0.0,0.0,0.882262,0.666285,10.35,0.872073,0.339087,0.235188,0.872073,0.242765,0.115353,True,True,True,0.0,True,True,37.848
1413,70.65,2,microsleep,microsleep,1.0,0.0,0.0,1.0,0.0,0.0,0.884012,0.665496,10.4,0.872032,0.339151,0.235915,0.872032,0.244401,0.11604,True,True,True,0.0,True,True,37.887
1414,70.7,2,microsleep,microsleep,1.0,0.0,0.0,1.0,0.0,0.0,0.884585,0.664493,10.45,0.872045,0.339544,0.236479,0.872045,0.24565,0.116625,True,True,True,0.0,True,True,39.165
1415,70.75,2,microsleep,microsleep,1.0,0.0,0.0,1.0,0.0,0.0,0.876968,0.669221,10.5,0.87202,0.340046,0.237032,0.87202,0.246921,0.117208,True,True,True,0.0,True,True,47.112
1416,70.8,2,microsleep,microsleep,1.0,0.0,0.0,1.0,0.0,0.0,0.88112,0.666121,10.55,0.872007,0.34068,0.237436,0.872007,0.248206,0.117687,True,True,True,1.0,True,True,38.138
1417,70.85,2,microsleep,microsleep,1.0,0.0,0.0,1.0,0.0,0.0,0.883976,0.660477,10.6,0.872067,0.341392,0.237981,0.872067,0.249039,0.118268,True,True,True,1.0,True,True,37.753
1418,70.9,2,microsleep,microsleep,1.0,0.0,0.0,1.0,0.0,0.0,0.88507,0.661747,10.65,0.872028,0.342691,0.238703,0.872028,0.250804,0.118958,True,True,True,1.0,True,True,37.763
1419,70.95,2,microsleep,microsleep,1.0,0.0,0.0,1.0,0.0,0.0,0.882292,0.660911,10.7,0.872027,0.343919,0.239267,0.872027,0.252109,0.11954,True,True,True,0.948364,True,True,37.71
1420,71.0,2,microsleep,microsleep,1.0,0.0,0.0,1.0,0.0,0.0,0.883134,0.658492,10.75,0.87204,0.345176,0.239838,0.87204,0.253414,0.120121,True,True,True,0.688354,True,True,46.557
1421,71.05,2,microsleep,microsleep,1.0,0.0,0.0,1.0,0.0,0.0,0.885949,0.658436,10.8,0.872082,0.346429,0.24024,0.872082,0.254723,0.120597,True,True,True,0.467712,True,True,38.043
1422,71.1,2,microsleep,microsleep,1.0,0.0,0.0,1.0,0.0,0.0,0.885598,0.658256,10.85,0.872149,0.347135,0.240772,0.872149,0.255549,0.121179,True,True,True,0.26767,True,True,37.89
1423,71.15,2,microsleep,microsleep,1.0,0.0,0.0,1.0,0.0,0.0,0.885597,0.658741,10.9,0.872306,0.348899,0.241411,0.872306,0.257339,0.121867,True,True,True,0.0,True,True,37.883
1424,71.2,2,microsleep,microsleep,1.0,0.0,0.0,1.0,0.0,0.0,0.884736,0.660031,10.95,0.872416,0.350127,0.24185,0.872416,0.25865,0.122449,True,True,True,0.0,True,True,37.713
1425,71.25,2,microsleep,microsleep,1.0,0.0,0.0,1.0,0.0,0.0,0.884791,0.658795,11.0,0.872543,0.351176,0.242368,0.872543,0.259953,0.123032,True,True,True,0.0,True,True,46.738
1426,71.3,2,microsleep,microsleep,1.0,0.0,0.0,1.0,0.0,0.0,0.885139,0.65779,11.05,0.872681,0.351689,0.242768,0.872681,0.261219,0.123506,True,True,True,0.0,True,True,38.012
1427,71.35,2,microsleep,microsleep,1.0,0.0,0.0,1.0,0.0,0.0,0.885605,0.657985,11.1,0.872745,0.35239,0.243324,0.872745,0.262039,0.12409,True,True,True,0.0,True,True,37.764
1428,71.4,2,microsleep,microsleep,1.0,0.0,0.0,1.0,0.0,0.0,0.886627,0.65682,11.15,0.872992,0.352413,0.244033,0.872992,0.263734,0.124784,True,True,True,0.0,True,True,38.49
1429,71.45,2,microsleep,microsleep,1.0,0.0,0.0,1.0,0.0,0.0,0.883095,0.657032,11.2,0.87315,0.352611,0.244603,0.87315,0.264989,0.125368,True,True,True,0.0,True,True,38.162
1430,71.5,2,microsleep,microsleep,1.0,0.0,0.0,1.0,0.0,0.0,0.883072,0.659104,11.25,0.873263,0.352934,0.24517,0.873263,0.266259,0.125953,True,True,True,0.0,True,True,47.02
1431,71.55,2,microsleep,microsleep,1.0,0.0,0.0,1.0,0.0,0.0,0.884152,0.65933,11.3,0.873432,0.353434,0.245569,0.873432,0.267554,0.126426,True,True,True,0.0,True,True,38.322
1432,71.6,2,microsleep,microsleep,1.0,0.0,0.0,1.0,0.0,0.0,0.882729,0.658503,11.35,0.873478,0.354131,0.246113,0.873478,0.268364,0.127009,True,True,True,0.0,True,True,38.743
1433,71.65,2,microsleep,microsleep,1.0,0.0,0.0,1.0,0.0,0.0,0.883157,0.65761,11.4,0.873794,0.355302,0.246569,0.873794,0.27018,0.127702,True,True,True,0.0,True,True,38.631
1434,71.7,2,microsleep,microsleep,1.0,0.0,0.0,1.0,0.0,0.0,0.882626,0.65739,11.45,0.873935,0.356568,0.24707,0.873935,0.271503,0.128285,True,True,True,0.0,True,True,38.772
1435,71.75,2,microsleep,microsleep,1.0,0.0,0.0,1.0,0.0,0.0,0.880573,0.660137,11.5,0.874057,0.357861,0.247624,0.874057,0.272829,0.128871,True,True,True,0.0,True,True,47.096
1436,71.8,2,microsleep,microsleep,1.0,0.0,0.0,1.0,0.0,0.0,0.877687,0.658627,11.55,0.87411,0.359152,0.248017,0.87411,0.27415,0.129338,True,True,True,0.0,True,True,38.316
1437,71.85,2,microsleep,microsleep,1.0,0.0,0.0,1.0,0.0,0.0,0.864238,0.65886,11.6,0.874061,0.35982,0.248579,0.874061,0.27493,0.129913,True,True,True,0.608217,True,True,38.503
1438,71.9,2,microsleep,microsleep,1.0,0.0,0.0,1.0,0.0,0.0,0.862344,0.660886,11.65,0.8741,0.361676,0.249331,0.8741,0.276757,0.130607,True,True,True,0.608217,True,True,38.706
1439,71.95,2,microsleep,microsleep,1.0,0.0,0.0,1.0,0.0,0.0,0.863065,0.661304,11.7,0.874057,0.362935,0.249904,0.874057,0.278064,0.131184,True,True,True,0.822937,True,True,38.622
1440,72.0,2,microsleep,microsleep,1.0,0.0,0.0,1.0,0.0,0.0,0.859528,0.659986,11.75,0.873942,0.364193,0.250474,0.873942,0.279366,0.131759,True,True,True,0.855667,True,True,47.676
1441,72.05,2,microsleep,microsleep,1.0,0.0,0.0,1.0,0.0,0.0,0.857536,0.658179,11.8,0.873809,0.365445,0.250853,0.873809,0.280665,0.132212,True,True,True,0.855667,True,True,38.835
1442,72.1,2,microsleep,microsleep,1.0,0.0,0.0,1.0,0.0,0.0,0.858967,0.658536,11.85,0.873736,0.366099,0.251421,0.873736,0.281431,0.132786,True,True,True,0.717537,True,True,38.723
1443,72.15,2,microsleep,microsleep,1.0,0.0,0.0,1.0,0.0,0.0,0.851462,0.660238,11.9,0.873566,0.367956,0.251882,0.873566,0.283264,0.133467,True,True,True,0.0,True,True,38.94
1444,72.2,2,microsleep,microsleep,1.0,0.0,0.0,1.0,0.0,0.0,0.851792,0.667934,11.95,0.87344,0.369211,0.252194,0.87344,0.284571,0.134037,True,True,True,0.0,True,True,38.567
1445,72.25,2,microsleep,microsleep,1.0,0.0,0.0,1.0,0.0,0.0,0.860866,0.665024,12.0,0.873329,0.370474,0.252677,0.873329,0.285888,0.134617,True,True,True,0.0,True,True,47.041
1446,72.3,2,microsleep,microsleep,1.0,0.0,0.0,1.0,0.0,0.0,0.850695,0.667864,12.05,0.873157,0.371732,0.253056,0.873157,0.287196,0.135071,True,True,True,0.0,True,True,38.023
1447,72.35,2,microsleep,microsleep,1.0,0.0,0.0,1.0,0.0,0.0,0.847036,0.668502,12.1,0.873025,0.372373,0.253599,0.873025,0.287951,0.135645,True,True,True,0.0,True,True,38.053
1448,72.4,2,microsleep,microsleep,1.0,0.0,0.0,1.0,0.0,0.0,0.847222,0.668128,12.15,0.872799,0.37406,0.254354,0.872799,0.289796,0.136343,True,True,True,0.099785,True,True,37.895
1449,72.45,2,microsleep,microsleep,1.0,0.0,0.0,1.0,0.0,0.0,0.854778,0.669117,12.2,0.872643,0.374927,0.254928,0.872643,0.291095,0.136924,True,True,True,0.0,True,True,37.938
1450,72.5,2,microsleep,microsleep,1.0,0.0,0.0,1.0,0.0,0.0,0.856488,0.671828,12.25,0.8725,0.375377,0.255506,0.8725,0.292351,0.137508,True,True,True,0.099785,True,True,46.839
1451,72.55,2,microsleep,microsleep,1.0,0.0,0.0,1.0,0.0,0.0,0.866613,0.671318,12.3,0.872408,0.375748,0.255897,0.872408,0.293614,0.137973,True,True,True,0.188248,True,True,38.14
1452,72.6,2,microsleep,microsleep,1.0,0.0,0.0,1.0,0.0,0.0,0.864114,0.66892,12.35,0.872367,0.376408,0.256479,0.872367,0.294385,0.138561,True,True,True,0.0,True,True,38.038
1453,72.65,2,microsleep,microsleep,1.0,0.0,0.0,1.0,0.0,0.0,0.87255,0.667596,12.4,0.872249,0.37629,0.257259,0.872249,0.296137,0.139278,True,True,True,0.0,True,True,38.373
1454,72.7,2,microsleep,microsleep,1.0,0.0,0.0,1.0,0.0,0.0,0.873535,0.666444,12.45,0.872193,0.37671,0.257842,0.872193,0.297435,0.13987,True,True,True,0.0,True,True,37.902
1455,72.75,2,microsleep,microsleep,1.0,0.0,0.0,1.0,0.0,0.0,0.880568,0.66707,12.5,0.872168,0.377257,0.258432,0.872168,0.298761,0.140468,True,True,True,0.0,True,True,46.898
1456,72.8,2,microsleep,microsleep,1.0,0.0,0.0,1.0,0.0,0.0,0.883681,0.666132,12.55,0.872154,0.378007,0.258829,0.872154,0.300106,0.14094,True,True,True,0.0,True,True,38.047
1457,72.85,2,microsleep,microsleep,1.0,0.0,0.0,1.0,0.0,0.0,0.884156,0.664994,12.6,0.872214,0.378689,0.25942,0.872214,0.300893,0.141538,True,True,True,0.0,True,True,37.929
1458,72.9,2,microsleep,microsleep,1.0,0.0,0.0,1.0,0.0,0.0,0.876693,0.668765,12.65,0.872121,0.380234,0.260208,0.872121,0.302821,0.142264,True,True,True,0.0,True,True,37.894
1459,72.95,2,microsleep,microsleep,1.0,0.0,0.0,1.0,0.0,0.0,0.880824,0.665857,12.7,0.872103,0.381185,0.260804,0.872103,0.304164,0.142862,True,True,True,0.0,True,True,37.837
1460,73.0,2,microsleep,microsleep,1.0,0.0,0.0,1.0,0.0,0.0,0.883272,0.659599,12.75,0.87211,0.381664,0.261398,0.87211,0.305456,0.143458,True,True,True,0.0,True,True,46.724
1461,73.05,2,microsleep,microsleep,1.0,0.0,0.0,1.0,0.0,0.0,0.885351,0.661228,12.8,0.872121,0.382013,0.261791,0.872121,0.306744,0.143926,True,True,True,0.790894,True,True,37.892
1462,73.1,2,microsleep,microsleep,1.0,0.0,0.0,1.0,0.0,0.0,0.882568,0.66101,12.85,0.872173,0.382684,0.262386,0.872173,0.307517,0.144523,True,True,True,0.705292,True,True,37.866
1463,73.15,2,microsleep,microsleep,1.0,0.0,0.0,1.0,0.0,0.0,0.882419,0.658676,12.9,0.872134,0.382265,0.263177,0.872134,0.309301,0.145249,True,True,True,0.0,True,True,38.077
1464,73.2,2,microsleep,microsleep,1.0,0.0,0.0,1.0,0.0,0.0,0.88592,0.658864,12.95,0.872173,0.382628,0.263772,0.872173,0.310619,0.145848,True,True,True,0.0,True,True,38.383
1465,73.25,2,microsleep,microsleep,1.0,0.0,0.0,1.0,0.0,0.0,0.884809,0.658483,13.0,0.872278,0.383116,0.264364,0.872278,0.311942,0.146445,True,True,True,0.0,True,True,47.398
1466,73.3,2,microsleep,microsleep,1.0,0.0,0.0,1.0,0.0,0.0,0.884939,0.658773,13.05,0.872392,0.383824,0.264755,0.872392,0.313291,0.14691,True,True,True,0.0,True,True,38.489
1467,73.35,2,microsleep,microsleep,1.0,0.0,0.0,1.0,0.0,0.0,0.884148,0.660474,13.1,0.87245,0.384496,0.265341,0.87245,0.314058,0.147508,True,True,True,0.0,True,True,39.162
1468,73.4,2,microsleep,microsleep,1.0,0.0,0.0,1.0,0.0,0.0,0.884417,0.659622,13.15,0.872624,0.386077,0.266132,0.872624,0.316027,0.148241,True,True,True,0.0,True,True,38.59
1469,73.45,2,microsleep,microsleep,1.0,0.0,0.0,1.0,0.0,0.0,0.884778,0.658726,13.2,0.87276,0.387347,0.266725,0.87276,0.3174,0.148841,True,True,True,0.0,True,True,38.07
1470,73.5,2,microsleep,microsleep,1.0,0.0,0.0,1.0,0.0,0.0,0.885702,0.658625,13.25,0.872899,0.388609,0.267322,0.872899,0.318773,0.149441,True,True,True,0.0,True,True,47.66
1471,73.55,2,microsleep,microsleep,1.0,0.0,0.0,1.0,0.0,0.0,0.886607,0.656947,13.3,0.873075,0.389856,0.267711,0.873075,0.320146,0.149904,True,True,True,0.0,True,True,38.543
1472,73.6,2,microsleep,microsleep,1.0,0.0,0.0,1.0,0.0,0.0,0.884029,0.657335,13.35,0.873129,0.390519,0.268306,0.873129,0.320902,0.150502,True,True,True,0.0,True,True,38.233
1473,73.65,2,microsleep,microsleep,1.0,0.0,0.0,1.0,0.0,0.0,0.883605,0.659166,13.4,0.873341,0.392358,0.269114,0.873341,0.32289,0.15124,True,True,True,0.0,True,True,38.6
1474,73.7,2,microsleep,microsleep,1.0,0.0,0.0,1.0,0.0,0.0,0.884476,0.65935,13.45,0.873506,0.393586,0.269713,0.873506,0.324262,0.151841,True,True,True,0.0,True,True,38.363
1475,73.75,2,microsleep,microsleep,1.0,0.0,0.0,1.0,0.0,0.0,0.881868,0.657995,13.5,0.873682,0.394847,0.270308,0.873682,0.325634,0.15244,True,True,True,0.0,True,True,47.401
1476,73.8,2,microsleep,microsleep,1.0,0.0,0.0,1.0,0.0,0.0,0.883297,0.657779,13.55,0.873857,0.396122,0.270694,0.873857,0.327011,0.1529,True,True,True,0.638458,True,True,38.442
1477,73.85,2,microsleep,microsleep,1.0,0.0,0.0,1.0,0.0,0.0,0.882145,0.657705,13.6,0.873897,0.396776,0.270967,0.873897,0.327758,0.153488,True,True,True,0.638458,True,True,38.215
1478,73.9,2,microsleep,microsleep,1.0,0.0,0.0,1.0,0.0,0.0,0.880147,0.660985,13.65,0.87412,0.39875,0.271012,0.87412,0.329774,0.154207,True,True,True,0.0,True,True,38.188
1479,73.95,2,microsleep,microsleep,1.0,0.0,0.0,1.0,0.0,0.0,0.878123,0.660191,13.7,0.874176,0.40006,0.271335,0.874176,0.331155,0.154801,True,True,True,0.503876,True,True,38.062
1480,74.0,2,microsleep,microsleep,1.0,0.0,0.0,1.0,0.0,0.0,0.863638,0.660691,13.75,0.874173,0.401368,0.271803,0.874173,0.332521,0.15539,True,True,True,0.501816,True,True,47.124
1481,74.05,2,microsleep,microsleep,1.0,0.0,0.0,1.0,0.0,0.0,0.86215,0.660213,13.8,0.874186,0.402677,0.272177,0.874186,0.333886,0.155838,True,True,True,0.584557,True,True,38.314
1482,74.1,2,microsleep,microsleep,1.0,0.0,0.0,1.0,0.0,0.0,0.862625,0.660368,13.85,0.874142,0.4033,0.272731,0.874142,0.334602,0.156427,True,True,True,0.793426,True,True,38.23
1483,74.15,2,microsleep,microsleep,1.0,0.0,0.0,1.0,0.0,0.0,0.859326,0.659588,13.9,0.874031,0.404909,0.273522,0.874031,0.336594,0.157159,True,True,True,1.0,True,True,38.109
1484,74.2,2,microsleep,microsleep,1.0,0.0,0.0,1.0,0.0,0.0,0.857365,0.65803,13.95,0.873899,0.405693,0.274107,0.873899,0.337933,0.157745,True,True,True,1.0,True,True,38.412
1485,74.25,2,microsleep,microsleep,1.0,0.0,0.0,1.0,0.0,0.0,0.857825,0.658633,14.0,0.873768,0.406779,0.274655,0.873768,0.339292,0.15833,True,True,True,0.872719,True,True,46.86
1486,74.3,2,microsleep,microsleep,1.0,0.0,0.0,1.0,0.0,0.0,0.851148,0.660384,14.05,0.873651,0.408015,0.275021,0.873651,0.340651,0.15877,True,True,True,0.872719,True,True,37.928
1487,74.35,2,microsleep,microsleep,1.0,0.0,0.0,1.0,0.0,0.0,0.852285,0.667868,14.1,0.873529,0.408626,0.275593,0.873529,0.341354,0.159359,True,True,True,0.851719,True,True,38.181
1488,74.4,2,microsleep,microsleep,1.0,0.0,0.0,1.0,0.0,0.0,0.862134,0.666731,14.15,0.873423,0.410478,0.276374,0.873423,0.343397,0.160099,True,True,True,0.0,True,True,38.092
1489,74.45,2,microsleep,microsleep,1.0,0.0,0.0,1.0,0.0,0.0,0.851738,0.670806,14.2,0.873254,0.411476,0.276941,0.873254,0.344753,0.160691,True,True,True,0.0,True,True,38.298
1490,74.5,2,microsleep,microsleep,1.0,0.0,0.0,1.0,0.0,0.0,0.846875,0.669698,14.25,0.873073,0.41262,0.277508,0.873073,0.346112,0.161279,True,True,True,0.0,True,True,47.591
1491,74.55,2,microsleep,microsleep,1.0,0.0,0.0,1.0,0.0,0.0,0.848684,0.670396,14.3,0.872902,0.413874,0.277876,0.872902,0.347483,0.161722,True,True,True,0.0,True,True,38.334
1492,74.6,2,microsleep,microsleep,1.0,0.0,0.0,1.0,0.0,0.0,0.850073,0.672301,14.35,0.872721,0.414479,0.278458,0.872721,0.34818,0.162314,True,True,True,0.0,True,True,38.374
1493,74.65,2,microsleep,microsleep,1.0,0.0,0.0,1.0,0.0,0.0,0.853366,0.671984,14.4,0.872558,0.415801,0.278589,0.872558,0.350199,0.163034,True,True,True,0.0,True,True,38.271
1494,74.7,2,microsleep,microsleep,1.0,0.0,0.0,1.0,0.0,0.0,0.86541,0.671193,14.45,0.872458,0.416273,0.278972,0.872458,0.351504,0.163633,True,True,True,0.287811,True,True,38.521
1495,74.75,2,microsleep,microsleep,1.0,0.0,0.0,1.0,0.0,0.0,0.862717,0.668678,14.5,0.872347,0.416846,0.279502,0.872347,0.352849,0.164232,True,True,True,0.0,True,True,47.217
1496,74.8,2,microsleep,microsleep,1.0,0.0,0.0,1.0,0.0,0.0,0.871978,0.667693,14.55,0.872281,0.417625,0.279883,0.872281,0.354226,0.164687,True,True,True,0.0,True,True,38.323
1497,74.85,2,microsleep,microsleep,1.0,0.0,0.0,1.0,0.0,0.0,0.874004,0.666683,14.6,0.872227,0.418254,0.280473,0.872227,0.354942,0.165293,True,True,True,0.0,True,True,38.447
1498,74.9,2,microsleep,microsleep,1.0,0.0,0.0,1.0,0.0,0.0,0.881428,0.667272,14.65,0.872204,0.419935,0.281297,0.872204,0.357035,0.166057,True,True,True,0.0,True,True,38.65
1499,74.95,2,microsleep,microsleep,1.0,0.0,0.0,1.0,0.0,0.0,0.883892,0.665824,14.7,0.872191,0.421296,0.281905,0.872191,0.358463,0.166671,True,True,True,0.0,True,True,38.307
1500,75.0,2,microsleep,microsleep,1.0,0.0,0.0,1.0,0.0,0.0,0.884452,0.664407,14.75,0.872195,0.422684,0.282513,0.872195,0.359895,0.167284,True,True,True,0.0,True,True,47.068
1501,75.05,2,microsleep,microsleep,1.0,0.0,0.0,1.0,0.0,0.0,0.874683,0.669899,14.8,0.872156,0.424068,0.282896,0.872156,0.36132,0.16774,True,True,True,0.0,True,True,38.386
1502,75.1,2,microsleep,microsleep,1.0,0.0,0.0,1.0,0.0,0.0,0.876783,0.667608,14.85,0.872119,0.424695,0.283502,0.872119,0.362034,0.168351,True,True,True,0.0,True,True,38.212
1503,75.15,2,microsleep,microsleep,1.0,0.0,0.0,1.0,0.0,0.0,0.883231,0.661729,14.9,0.87212,0.426823,0.284337,0.87212,0.364176,0.169117,True,True,True,0.0,True,True,38.198
1504,75.2,2,microsleep,microsleep,1.0,0.0,0.0,1.0,0.0,0.0,0.88528,0.662253,14.95,0.872129,0.428194,0.284947,0.872129,0.36561,0.16973,True,True,True,0.0,True,True,38.438
1505,75.25,2,microsleep,microsleep,1.0,0.0,0.0,1.0,0.0,0.0,0.882725,0.661496,15.0,0.872133,0.429515,0.285553,0.872133,0.367035,0.170341,True,True,True,0.0,True,True,47.182
1506,75.3,2,microsleep,microsleep,1.0,0.0,0.0,1.0,0.0,0.0,0.882599,0.658814,15.05,0.872147,0.430849,0.285933,0.872147,0.368461,0.170794,True,True,True,0.0,True,True,38.107
1507,75.35,2,microsleep,microsleep,1.0,0.0,0.0,1.0,0.0,0.0,0.886008,0.658962,15.1,0.872187,0.431473,0.286536,0.872187,0.36917,0.171405,True,True,True,0.0,True,True,38.487
1508,75.4,2,microsleep,microsleep,1.0,0.0,0.0,1.0,0.0,0.0,0.885759,0.658167,15.15,0.87229,0.433597,0.287345,0.87229,0.371335,0.172173,True,True,True,0.0,True,True,38.093
1509,75.45,2,microsleep,microsleep,1.0,0.0,0.0,1.0,0.0,0.0,0.885448,0.658533,15.2,0.872406,0.434976,0.287936,0.872406,0.372774,0.172784,True,True,True,0.0,True,True,38.007
1510,75.5,2,microsleep,microsleep,1.0,0.0,0.0,1.0,0.0,0.0,0.884892,0.659908,15.25,0.872516,0.436366,0.288532,0.872516,0.374217,0.173397,True,True,True,0.0,True,True,47.283
1511,75.55,2,microsleep,microsleep,1.0,0.0,0.0,1.0,0.0,0.0,0.885235,0.659389,15.3,0.872646,0.437711,0.288913,0.872646,0.375656,0.17385,True,True,True,0.269043,True,True,38.379
1512,75.6,2,microsleep,microsleep,1.0,0.0,0.0,1.0,0.0,0.0,0.884978,0.658189,15.35,0.872793,0.438325,0.28951,0.872793,0.376355,0.174462,True,True,True,0.273163,True,True,38.27
1513,75.65,2,microsleep,microsleep,1.0,0.0,0.0,1.0,0.0,0.0,0.88612,0.658336,15.4,0.872933,0.440431,0.290327,0.872933,0.378541,0.175234,True,True,True,0.273163,True,True,38.518
1514,75.7,2,microsleep,microsleep,1.0,0.0,0.0,1.0,0.0,0.0,0.886698,0.656993,15.45,0.873104,0.441812,0.290923,0.873104,0.379989,0.175846,True,True,True,0.248901,True,True,38.7
1515,75.75,2,microsleep,microsleep,1.0,0.0,0.0,1.0,0.0,0.0,0.883774,0.656433,15.5,0.873262,0.443155,0.291255,0.873262,0.381427,0.176449,True,True,True,0.248901,True,True,47.131
1516,75.8,2,microsleep,microsleep,1.0,0.0,0.0,1.0,0.0,0.0,0.88266,0.658542,15.55,0.873362,0.444525,0.291632,0.873362,0.382873,0.176899,True,True,True,0.0,True,True,38.379
1517,75.85,2,microsleep,microsleep,1.0,0.0,0.0,1.0,0.0,0.0,0.884098,0.658726,15.6,0.873522,0.445131,0.291954,0.873522,0.383564,0.177505,True,True,True,0.0,True,True,38.518
1518,75.9,2,microsleep,microsleep,1.0,0.0,0.0,1.0,0.0,0.0,0.88319,0.65856,15.65,0.873705,0.447285,0.292619,0.873705,0.385776,0.178281,True,True,True,0.0,True,True,38.656
1519,75.95,2,microsleep,microsleep,1.0,0.0,0.0,1.0,0.0,0.0,0.883572,0.657686,15.7,0.873879,0.448678,0.293204,0.873879,0.387228,0.178894,True,True,True,0.0,True,True,38.936
1520,76.0,2,microsleep,microsleep,1.0,0.0,0.0,1.0,0.0,0.0,0.881992,0.657727,15.75,0.874007,0.450056,0.293777,0.874007,0.388679,0.179506,True,True,True,0.0,True,True,47.316
1521,76.05,2,microsleep,microsleep,1.0,0.0,0.0,1.0,0.0,0.0,0.879713,0.660589,15.8,0.874121,0.451435,0.294152,0.874121,0.390133,0.179955,True,True,True,0.0,True,True,38.524
1522,76.1,2,microsleep,microsleep,1.0,0.0,0.0,1.0,0.0,0.0,0.877977,0.65937,15.85,0.874172,0.452025,0.294748,0.874172,0.390808,0.180566,True,True,True,0.263092,True,True,38.769
1523,76.15,2,microsleep,microsleep,1.0,0.0,0.0,1.0,0.0,0.0,0.864987,0.660031,15.9,0.87417,0.454204,0.295561,0.87417,0.393024,0.181337,True,True,True,0.417244,True,True,38.506
1524,76.2,2,microsleep,microsleep,1.0,0.0,0.0,1.0,0.0,0.0,0.862115,0.660291,15.95,0.874162,0.455539,0.296126,0.874162,0.394455,0.181939,True,True,True,0.579206,True,True,38.75
1525,76.25,2,microsleep,microsleep,1.0,0.0,0.0,1.0,0.0,0.0,0.862804,0.66064,16.0,0.874107,0.456903,0.296688,0.874107,0.395892,0.182542,True,True,True,0.769264,True,True,47.607
1526,76.3,2,microsleep,microsleep,1.0,0.0,0.0,1.0,0.0,0.0,0.859136,0.659821,16.05,0.873996,0.458262,0.297048,0.873996,0.397326,0.182976,True,True,True,0.0,True,True,38.828
1527,76.35,2,microsleep,microsleep,1.0,0.0,0.0,1.0,0.0,0.0,0.855323,0.657473,16.1,0.873852,0.458812,0.297584,0.873852,0.397959,0.183571,True,True,True,0.0,True,True,39.097
1528,76.4,2,microsleep,microsleep,1.0,0.0,0.0,1.0,0.0,0.0,0.858069,0.658425,16.15,0.873719,0.46092,0.298356,0.873719,0.400179,0.184339,True,True,True,0.616199,True,True,38.4
1529,76.45,2,microsleep,microsleep,1.0,0.0,0.0,1.0,0.0,0.0,0.852193,0.66061,16.2,0.873596,0.462263,0.298932,0.873596,0.401605,0.184938,True,True,True,0.616199,True,True,38.251
1530,76.5,2,microsleep,microsleep,1.0,0.0,0.0,1.0,0.0,0.0,0.852314,0.66732,16.25,0.873458,0.463619,0.299513,0.873458,0.403041,0.185541,True,True,True,0.616199,True,True,47.418
1531,76.55,2,microsleep,microsleep,1.0,0.0,0.0,1.0,0.0,0.0,0.862517,0.665501,16.3,0.873352,0.465005,0.299878,0.873352,0.404492,0.185979,True,True,True,0.661518,True,True,38.244
1532,76.6,2,microsleep,microsleep,1.0,0.0,0.0,1.0,0.0,0.0,0.852267,0.669208,16.35,0.873185,0.465552,0.300466,0.873185,0.405125,0.186583,True,True,True,0.482018,True,True,38.222
1533,76.65,2,microsleep,microsleep,1.0,0.0,0.0,1.0,0.0,0.0,0.846909,0.670852,16.4,0.873004,0.467736,0.301299,0.873004,0.407371,0.187359,True,True,True,0.0,True,True,38.221
1534,76.7,2,microsleep,microsleep,1.0,0.0,0.0,1.0,0.0,0.0,0.848929,0.670193,16.45,0.872834,0.469107,0.301894,0.872834,0.408814,0.187964,True,True,True,0.0,True,True,38.242
1535,76.75,2,microsleep,microsleep,1.0,0.0,0.0,1.0,0.0,0.0,0.849166,0.67153,16.5,0.872649,0.470468,0.30249,0.872649,0.410258,0.18857,True,True,True,0.827972,True,True,46.942
1536,76.8,2,microsleep,microsleep,1.0,0.0,0.0,1.0,0.0,0.0,0.856547,0.669819,16.55,0.872506,0.471856,0.302851,0.872506,0.411715,0.189006,True,True,True,0.857269,True,True,38.134
1537,76.85,2,microsleep,microsleep,1.0,0.0,0.0,1.0,0.0,0.0,0.866431,0.668581,16.6,0.872414,0.472415,0.303458,0.872414,0.412359,0.189621,True,True,True,0.765259,True,True,38.452
1538,76.9,2,microsleep,microsleep,1.0,0.0,0.0,1.0,0.0,0.0,0.865048,0.666884,16.65,0.872318,0.474684,0.304293,0.872318,0.414659,0.19041,True,True,True,0.272018,True,True,38.58
1539,76.95,2,microsleep,microsleep,1.0,0.0,0.0,1.0,0.0,0.0,0.872005,0.665752,16.7,0.872254,0.476108,0.30489,0.872254,0.416142,0.191028,True,True,True,0.166046,True,True,38.34
1540,77.0,2,microsleep,microsleep,1.0,0.0,0.0,1.0,0.0,0.0,0.875459,0.66596,16.75,0.872207,0.477538,0.305481,0.872207,0.41763,0.191648,True,True,True,0.122559,True,False,46.883
1541,77.05,2,microsleep,microsleep,1.0,0.0,0.0,1.0,0.0,0.0,0.882297,0.666492,16.8,0.872191,0.478984,0.305856,0.872191,0.419131,0.192096,True,True,True,0.0,True,False,38.771
1542,77.1,2,microsleep,microsleep,1.0,0.0,0.0,1.0,0.0,0.0,0.884623,0.665337,16.85,0.872182,0.479557,0.306462,0.872182,0.419788,0.192722,True,True,True,0.0,True,False,38.263
1543,77.15,2,microsleep,microsleep,1.0,0.0,0.0,1.0,0.0,0.0,0.884794,0.664246,16.9,0.872191,0.481889,0.307259,0.872191,0.422142,0.193525,True,True,True,0.0,True,False,38.121
1544,77.2,2,microsleep,microsleep,1.0,0.0,0.0,1.0,0.0,0.0,0.877106,0.669011,16.95,0.872164,0.483333,0.307846,0.872164,0.423643,0.19415,True,True,True,0.0,True,False,38.345
1545,77.25,2,microsleep,microsleep,1.0,0.0,0.0,1.0,0.0,0.0,0.879812,0.666369,17.0,0.872143,0.484769,0.308437,0.872143,0.425147,0.194775,True,True,True,0.0,True,False,47.158
1546,77.3,2,microsleep,microsleep,1.0,0.0,0.0,1.0,0.0,0.0,0.883768,0.660758,17.05,0.872152,0.486201,0.308808,0.872152,0.426651,0.195219,True,True,True,0.638458,True,False,38.704
1547,77.35,2,microsleep,microsleep,1.0,0.0,0.0,1.0,0.0,0.0,0.885376,0.661707,17.1,0.872164,0.486763,0.309415,0.872164,0.427297,0.195846,True,True,True,0.638458,True,False,38.818
1548,77.4,2,microsleep,microsleep,1.0,0.0,0.0,1.0,0.0,0.0,0.882909,0.660043,17.15,0.872166,0.489078,0.310261,0.872166,0.429667,0.196652,True,True,True,0.487854,True,False,38.804
1549,77.45,2,microsleep,microsleep,1.0,0.0,0.0,1.0,0.0,0.0,0.882726,0.658247,17.2,0.872178,0.490525,0.310876,0.872178,0.431174,0.197276,True,True,True,0.0,True,False,38.928
1550,77.5,2,microsleep,microsleep,1.0,0.0,0.0,1.0,0.0,0.0,0.885846,0.657905,17.25,0.872218,0.491967,0.311495,0.872218,0.432686,0.197903,True,True,True,0.0,True,False,47.811
1551,77.55,2,microsleep,microsleep,1.0,0.0,0.0,1.0,0.0,0.0,0.885083,0.658235,17.3,0.872311,0.49338,0.311864,0.872311,0.434196,0.198345,True,True,True,0.0,True,False,38.533
1552,77.6,2,microsleep,microsleep,1.0,0.0,0.0,1.0,0.0,0.0,0.884926,0.658995,17.35,0.872419,0.493931,0.312484,0.872419,0.43483,0.198972,True,True,True,0.0,True,False,38.583
1553,77.65,2,microsleep,microsleep,1.0,0.0,0.0,1.0,0.0,0.0,0.884061,0.660423,17.4,0.872526,0.496282,0.313353,0.872526,0.437228,0.199784,True,True,True,0.0,True,False,38.902
1554,77.7,2,microsleep,microsleep,1.0,0.0,0.0,1.0,0.0,0.0,0.884918,0.659568,17.45,0.872654,0.497733,0.313971,0.872654,0.438747,0.200412,True,True,True,0.0,True,False,38.89
1555,77.75,2,microsleep,microsleep,1.0,0.0,0.0,1.0,0.0,0.0,0.885086,0.658219,17.5,0.872792,0.499176,0.314588,0.872792,0.440264,0.20104,True,True,True,0.0,True,False,46.811
1556,77.8,2,microsleep,microsleep,1.0,0.0,0.0,1.0,0.0,0.0,0.885601,0.658276,17.55,0.87293,0.500604,0.314956,0.87293,0.441781,0.201481,True,True,True,0.0,True,False,38.335
1557,77.85,2,microsleep,microsleep,1.0,0.0,0.0,1.0,0.0,0.0,0.886635,0.65704,17.6,0.8731,0.501148,0.31556,0.8731,0.442407,0.202107,True,True,True,0.0,True,False,38.658
1558,77.9,2,microsleep,microsleep,1.0,0.0,0.0,1.0,0.0,0.0,0.883113,0.657209,17.65,0.873255,0.503499,0.316401,0.873255,0.444822,0.20292,True,True,True,0.0,True,False,38.348
1559,77.95,2,microsleep,microsleep,1.0,0.0,0.0,1.0,0.0,0.0,0.882584,0.659175,17.7,0.873364,0.504938,0.316998,0.873364,0.446344,0.203547,True,True,True,0.0,True,False,38.157
1560,78.0,2,microsleep,microsleep,1.0,0.0,0.0,1.0,0.0,0.0,0.884117,0.658617,17.75,0.873527,0.506395,0.317267,0.873527,0.447871,0.204162,True,True,True,0.0,True,False,47.275
1561,78.05,2,microsleep,microsleep,1.0,0.0,0.0,1.0,0.0,0.0,0.881863,0.65801,17.8,0.873706,0.507858,0.317631,0.873706,0.449397,0.204599,True,True,True,0.0,True,False,38.184
1562,78.1,2,microsleep,microsleep,1.0,0.0,0.0,1.0,0.0,0.0,0.883175,0.657717,17.85,0.87388,0.508388,0.318034,0.87388,0.45001,0.205221,True,True,True,0.509827,True,False,37.824
1563,78.15,2,microsleep,microsleep,1.0,0.0,0.0,1.0,0.0,0.0,0.882443,0.657704,17.9,0.874019,0.510794,0.318816,0.874019,0.452458,0.206039,True,True,True,0.509827,True,False,38.357
1564,78.2,2,microsleep,microsleep,1.0,0.0,0.0,1.0,0.0,0.0,0.880256,0.661279,17.95,0.87414,0.512256,0.319438,0.87414,0.45399,0.20667,True,True,True,0.0,True,False,38.457
1565,78.25,2,microsleep,microsleep,1.0,0.0,0.0,1.0,0.0,0.0,0.877872,0.659448,18.0,0.874193,0.513715,0.320058,0.874193,0.45552,0.207297,True,True,True,0.368835,True,False,46.925
1566,78.3,2,microsleep,microsleep,1.0,0.0,0.0,1.0,0.0,0.0,0.866328,0.659782,18.05,0.874201,0.51517,0.320411,0.874201,0.457037,0.207724,True,True,True,0.368835,True,False,38.387
1567,78.35,2,microsleep,microsleep,1.0,0.0,0.0,1.0,0.0,0.0,0.863159,0.660119,18.1,0.874159,0.515665,0.321024,0.874159,0.457615,0.208343,True,True,True,0.0,True,False,38.518
1568,78.4,2,microsleep,microsleep,1.0,0.0,0.0,1.0,0.0,0.0,0.862714,0.659056,18.15,0.874111,0.517938,0.321879,0.874111,0.460052,0.209154,True,True,True,0.876953,True,False,38.532
1569,78.45,2,microsleep,microsleep,1.0,0.0,0.0,1.0,0.0,0.0,0.859148,0.657711,18.2,0.874006,0.518654,0.322476,0.874006,0.461498,0.209769,True,True,True,0.876953,True,False,38.086
1570,78.5,2,microsleep,microsleep,1.0,0.0,0.0,1.0,0.0,0.0,0.857156,0.657176,18.25,0.873874,0.519683,0.323079,0.873874,0.462983,0.210382,True,True,True,0.873291,True,False,47.193
1571,78.55,2,microsleep,microsleep,1.0,0.0,0.0,1.0,0.0,0.0,0.857824,0.659549,18.3,0.873744,0.521014,0.323426,0.873744,0.464493,0.210802,True,True,True,0.873291,True,False,38.045
1572,78.6,2,microsleep,microsleep,1.0,0.0,0.0,1.0,0.0,0.0,0.852566,0.660195,18.35,0.873623,0.521488,0.324026,0.873623,0.465047,0.211415,True,True,True,0.760574,True,False,38.065
1573,78.65,2,microsleep,microsleep,1.0,0.0,0.0,1.0,0.0,0.0,0.852017,0.665974,18.4,0.873481,0.523922,0.324873,0.873481,0.467526,0.212227,True,True,True,0.0,True,False,38.094
1574,78.7,2,microsleep,microsleep,1.0,0.0,0.0,1.0,0.0,0.0,0.860843,0.665301,18.45,0.873366,0.525411,0.325475,0.873366,0.46906,0.212849,True,True,True,0.0,True,False,38.162
1575,78.75,2,microsleep,microsleep,1.0,0.0,0.0,1.0,0.0,0.0,0.851614,0.669318,18.5,0.873196,0.526889,0.32608,0.873196,0.470585,0.213468,True,True,True,0.0,True,False,47.575
1576,78.8,2,microsleep,microsleep,1.0,0.0,0.0,1.0,0.0,0.0,0.84358,0.670621,18.55,0.872998,0.528356,0.326421,0.872998,0.4721,0.213884,True,True,True,0.0,True,False,38.897
1577,78.85,2,microsleep,microsleep,1.0,0.0,0.0,1.0,0.0,0.0,0.847549,0.671057,18.6,0.872822,0.52882,0.327026,0.872822,0.472646,0.214502,True,True,True,0.0,True,False,38.712
1578,78.9,2,microsleep,microsleep,1.0,0.0,0.0,1.0,0.0,0.0,0.848558,0.673185,18.65,0.872633,0.531294,0.327897,0.872633,0.475147,0.215323,True,True,True,0.475952,True,False,38.386
1579,78.95,2,microsleep,microsleep,1.0,0.0,0.0,1.0,0.0,0.0,0.853845,0.673323,18.7,0.872474,0.532419,0.32819,0.872474,0.476654,0.215932,True,True,True,0.475952,True,False,38.447
1580,79.0,2,microsleep,microsleep,1.0,0.0,0.0,1.0,0.0,0.0,0.866027,0.672557,18.75,0.872383,0.533296,0.328411,0.872383,0.478173,0.216544,True,True,True,0.356934,True,False,47.479
1581,79.05,2,microsleep,microsleep,1.0,0.0,0.0,1.0,0.0,0.0,0.862223,0.670024,18.8,0.872273,0.53395,0.328763,0.872273,0.479665,0.21697,True,True,True,0.0,True,False,38.178
1582,79.1,2,microsleep,microsleep,1.0,0.0,0.0,1.0,0.0,0.0,0.870335,0.668116,18.85,0.872203,0.534438,0.329008,0.872203,0.480233,0.217589,True,True,True,0.0,True,False,38.131
1583,79.15,2,microsleep,microsleep,1.0,0.0,0.0,1.0,0.0,0.0,0.872862,0.667583,18.9,0.872144,0.535063,0.329308,0.872144,0.482626,0.218413,True,True,True,0.0,True,False,38.529
1584,79.2,2,microsleep,microsleep,1.0,0.0,0.0,1.0,0.0,0.0,0.88012,0.668165,18.95,0.872117,0.535571,0.329821,0.872117,0.484122,0.219052,True,True,True,0.0,True,False,38.433
1585,79.25,2,microsleep,microsleep,1.0,0.0,0.0,1.0,0.0,0.0,0.883463,0.666792,19.0,0.872104,0.536059,0.330405,0.872104,0.485633,0.219694,True,True,True,0.0,True,False,46.995
1586,79.3,2,microsleep,microsleep,1.0,0.0,0.0,1.0,0.0,0.0,0.883877,0.665308,19.05,0.872107,0.536722,0.330768,0.872107,0.48718,0.22013,True,True,True,0.0,True,False,38.389
1587,79.35,2,microsleep,microsleep,1.0,0.0,0.0,1.0,0.0,0.0,0.876645,0.670423,19.1,0.872079,0.537219,0.331333,0.872079,0.487749,0.22077,True,True,True,0.0,True,False,38.45
1588,79.4,2,microsleep,microsleep,1.0,0.0,0.0,1.0,0.0,0.0,0.880097,0.667122,19.15,0.872062,0.537872,0.332137,0.872062,0.490236,0.221616,True,True,True,0.0,True,False,38.566
1589,79.45,2,microsleep,microsleep,1.0,0.0,0.0,1.0,0.0,0.0,0.883782,0.661586,19.2,0.872069,0.538573,0.33275,0.872069,0.49179,0.222257,True,True,True,0.0,True,False,38.432
1590,79.5,2,microsleep,microsleep,1.0,0.0,0.0,1.0,0.0,0.0,0.885448,0.661742,19.25,0.872081,0.539324,0.333373,0.872081,0.493351,0.222899,True,True,True,0.0,True,False,46.976
1591,79.55,2,microsleep,microsleep,1.0,0.0,0.0,1.0,0.0,0.0,0.882876,0.660334,19.3,0.872085,0.54031,0.333732,0.872085,0.494926,0.22333,True,True,True,0.7957,True,False,38.468
1592,79.6,2,microsleep,microsleep,1.0,0.0,0.0,1.0,0.0,0.0,0.882491,0.658359,19.35,0.872097,0.540803,0.334349,0.872097,0.495484,0.223968,True,True,True,0.532944,True,False,38.222
1593,79.65,2,microsleep,microsleep,1.0,0.0,0.0,1.0,0.0,0.0,0.885956,0.658732,19.4,0.872136,0.541961,0.335228,0.872136,0.498047,0.224819,True,True,True,0.0,True,False,38.27
1594,79.7,2,microsleep,microsleep,1.0,0.0,0.0,1.0,0.0,0.0,0.885442,0.658496,19.45,0.872244,0.543042,0.335849,0.872244,0.499628,0.225461,True,True,True,0.0,True,False,38.27
1595,79.75,2,microsleep,microsleep,1.0,0.0,0.0,1.0,0.0,0.0,0.884284,0.658916,19.5,0.872355,0.544041,0.336474,0.872355,0.501207,0.226102,True,True,True,0.0,True,False,46.876
1596,79.8,2,microsleep,microsleep,1.0,0.0,0.0,1.0,0.0,0.0,0.884074,0.660704,19.55,0.872465,0.54501,0.336832,0.872465,0.502787,0.226532,True,True,True,0.0,True,False,38.318
1597,79.85,2,microsleep,microsleep,1.0,0.0,0.0,1.0,0.0,0.0,0.884328,0.659444,19.6,0.872594,0.5455,0.337461,0.872594,0.503339,0.227175,True,True,True,0.0,True,False,38.416
1598,79.9,2,microsleep,microsleep,1.0,0.0,0.0,1.0,0.0,0.0,0.884853,0.658522,19.65,0.872729,0.547077,0.338365,0.872729,0.505955,0.228032,True,True,True,0.0,True,False,38.379
1599,79.95,2,microsleep,microsleep,1.0,0.0,0.0,1.0,0.0,0.0,0.885558,0.658807,19.7,0.87287,0.548463,0.338977,0.87287,0.50756,0.228674,True,True,True,0.0,True,False,38.406
1600,80.0,2,microsleep,microsleep,1.0,0.0,0.0,1.0,0.0,0.0,0.8863,0.657918,19.75,0.873033,0.549972,0.339566,0.873033,0.509173,0.229316,True,True,True,0.0,True,False,47.156
1601,80.05,2,microsleep,microsleep,1.0,0.0,0.0,1.0,0.0,0.0,0.883392,0.658175,19.8,0.873196,0.551507,0.33992,0.873196,0.510782,0.229742,True,True,True,0.0,True,False,38.574
1602,80.1,2,microsleep,microsleep,1.0,0.0,0.0,1.0,0.0,0.0,0.882284,0.660027,19.85,0.873307,0.551987,0.340265,0.873307,0.511322,0.230373,True,True,True,0.0,True,False,38.523
1603,80.15,2,microsleep,microsleep,1.0,0.0,0.0,1.0,0.0,0.0,0.883599,0.659712,19.9,0.873478,0.554578,0.34036,0.873478,0.514004,0.231196,True,True,True,0.0,True,False,39.027
1604,80.2,2,microsleep,microsleep,1.0,0.0,0.0,1.0,0.0,0.0,0.882564,0.659371,19.95,0.873655,0.556132,0.340589,0.873655,0.515619,0.231828,True,True,True,0.0,True,False,39.05
1605,80.25,2,microsleep,microsleep,1.0,0.0,0.0,1.0,0.0,0.0,0.882976,0.657843,20.0,0.873826,0.557693,0.34092,0.873826,0.517235,0.232462,True,True,True,0.0,True,False,47.302
1606,80.3,2,microsleep,microsleep,1.0,0.0,0.0,1.0,0.0,0.0,0.882258,0.657586,20.05,0.873961,0.559253,0.341273,0.873961,0.518853,0.232886,True,True,True,0.0,True,False,39.05
1607,80.35,2,microsleep,microsleep,1.0,0.0,0.0,1.0,0.0,0.0,0.879936,0.660667,20.1,0.874075,0.559721,0.341732,0.874075,0.51938,0.233524,True,True,True,0.580093,True,False,39.032
1608,80.4,2,microsleep,microsleep,1.0,0.0,0.0,1.0,0.0,0.0,0.878184,0.6594,20.15,0.874129,0.562378,0.342554,0.874129,0.52209,0.234384,True,True,True,0.0,True,False,38.515
1609,80.45,2,microsleep,microsleep,1.0,0.0,0.0,1.0,0.0,0.0,0.8637,0.660099,20.2,0.874121,0.563915,0.343149,0.874121,0.523688,0.235016,True,True,True,0.691902,True,False,38.726
1610,80.5,2,microsleep,microsleep,1.0,0.0,0.0,1.0,0.0,0.0,0.861876,0.66039,20.25,0.874067,0.564968,0.343756,0.874067,0.525243,0.235648,True,True,True,0.778992,True,False,47.419
1611,80.55,2,microsleep,microsleep,1.0,0.0,0.0,1.0,0.0,0.0,0.862017,0.660258,20.3,0.874004,0.566221,0.344096,0.874004,0.526823,0.236058,True,True,True,0.992996,True,False,38.428
1612,80.6,2,microsleep,microsleep,1.0,0.0,0.0,1.0,0.0,0.0,0.85853,0.65915,20.35,0.873885,0.566647,0.344712,0.873885,0.527307,0.236689,True,True,True,0.992996,True,False,38.671
1613,80.65,2,microsleep,microsleep,1.0,0.0,0.0,1.0,0.0,0.0,0.857626,0.657946,20.4,0.873754,0.569164,0.345614,0.873754,0.53001,0.237542,True,True,True,0.826642,True,False,38.689
1614,80.7,2,microsleep,microsleep,1.0,0.0,0.0,1.0,0.0,0.0,0.857067,0.658744,20.45,0.873616,0.57069,0.346236,0.873616,0.531606,0.238172,True,True,True,0.697395,True,False,38.571
1615,80.75,2,microsleep,microsleep,1.0,0.0,0.0,1.0,0.0,0.0,0.853559,0.661624,20.5,0.873499,0.572226,0.346857,0.873499,0.533204,0.238802,True,True,True,0.697395,True,False,47.159
1616,80.8,2,microsleep,microsleep,1.0,0.0,0.0,1.0,0.0,0.0,0.850969,0.666604,20.55,0.873347,0.573763,0.347191,0.873347,0.534803,0.239208,True,True,True,0.696022,True,False,38.392
1617,80.85,2,microsleep,microsleep,1.0,0.0,0.0,1.0,0.0,0.0,0.839885,0.674475,20.6,0.873124,0.574162,0.34781,0.873124,0.53526,0.239837,True,True,True,0.0,True,False,38.732
1618,80.9,2,microsleep,microsleep,1.0,0.0,0.0,1.0,0.0,0.0,0.840302,0.677987,20.65,0.872896,0.576784,0.348722,0.872896,0.537978,0.240696,True,True,True,0.0,True,False,38.742
1619,80.95,2,microsleep,microsleep,1.0,0.0,0.0,1.0,0.0,0.0,0.835418,0.678949,20.7,0.872657,0.578299,0.349339,0.872657,0.539565,0.241325,True,True,True,0.0,True,False,38.668
1620,81.0,2,microsleep,microsleep,1.0,0.0,0.0,1.0,0.0,0.0,0.841955,0.678955,20.75,0.872448,0.579812,0.349804,0.872448,0.541159,0.241953,True,True,True,0.0,True,False,47.435
1621,81.05,2,microsleep,microsleep,1.0,0.0,0.0,1.0,0.0,0.0,0.844272,0.68068,20.8,0.872236,0.58132,0.350139,0.872236,0.542758,0.242361,True,True,True,0.0,True,False,39.006
1622,81.1,2,microsleep,microsleep,1.0,0.0,0.0,1.0,0.0,0.0,0.851487,0.679464,20.85,0.872063,0.581729,0.350376,0.872063,0.543225,0.24298,True,True,True,0.0,True,False,39.016
1623,81.15,2,microsleep,microsleep,1.0,0.0,0.0,1.0,0.0,0.0,0.863941,0.677458,20.9,0.871955,0.584385,0.350536,0.871955,0.545998,0.243824,True,True,True,0.0,True,False,39.086
1624,81.2,2,microsleep,microsleep,1.0,0.0,0.0,1.0,0.0,0.0,0.861953,0.673894,20.95,0.87184,0.585934,0.350871,0.87184,0.547626,0.244459,True,True,True,0.0,True,False,38.554
1625,81.25,2,microsleep,microsleep,1.0,0.0,0.0,1.0,0.0,0.0,0.871018,0.670925,21.0,0.871772,0.587476,0.351331,0.871772,0.549265,0.245102,True,True,True,0.0,True,False,47.046
1626,81.3,2,microsleep,microsleep,1.0,0.0,0.0,1.0,0.0,0.0,0.873744,0.669404,21.05,0.871715,0.589033,0.351679,0.871715,0.550912,0.245522,True,True,True,0.0,True,False,38.461
1627,81.35,2,microsleep,microsleep,1.0,0.0,0.0,1.0,0.0,0.0,0.881725,0.669011,21.1,0.871697,0.58947,0.352277,0.871697,0.551407,0.246176,True,True,True,0.0,True,False,38.247
1628,81.4,2,microsleep,microsleep,1.0,0.0,0.0,1.0,0.0,0.0,0.883771,0.667478,21.15,0.871684,0.59218,0.35321,0.871684,0.554234,0.247067,True,True,True,0.0,True,False,38.327
1629,81.45,2,microsleep,microsleep,1.0,0.0,0.0,1.0,0.0,0.0,0.884408,0.666005,21.2,0.871691,0.593766,0.353858,0.871691,0.5559,0.247725,True,True,True,0.0,True,False,38.549
1630,81.5,2,microsleep,microsleep,1.0,0.0,0.0,1.0,0.0,0.0,0.876712,0.670739,21.25,0.87166,0.595335,0.354505,0.87166,0.557559,0.248382,True,True,True,0.0,True,False,47.252
1631,81.55,2,microsleep,microsleep,1.0,0.0,0.0,1.0,0.0,0.0,0.881012,0.667281,21.3,0.871645,0.596096,0.354855,0.871645,0.559111,0.248803,True,True,True,1.0,True,False,38.37
1632,81.6,2,microsleep,microsleep,1.0,0.0,0.0,1.0,0.0,0.0,0.883969,0.661286,21.35,0.871651,0.596522,0.355501,0.871651,0.559592,0.249458,True,True,True,1.0,True,False,38.395
1633,81.65,2,microsleep,microsleep,1.0,0.0,0.0,1.0,0.0,0.0,0.885097,0.662334,21.4,0.871661,0.597433,0.356443,0.871661,0.562262,0.250352,True,True,True,1.0,True,False,38.496
1634,81.7,2,microsleep,microsleep,1.0,0.0,0.0,1.0,0.0,0.0,0.882327,0.661381,21.45,0.87166,0.598448,0.357089,0.87166,0.5639,0.251008,True,True,True,0.867569,True,False,38.227
1635,81.75,2,microsleep,microsleep,1.0,0.0,0.0,1.0,0.0,0.0,0.883168,0.658861,21.5,0.871673,0.599838,0.357734,0.871673,0.565559,0.251662,True,True,True,0.607559,True,False,47.259
1636,81.8,2,microsleep,microsleep,1.0,0.0,0.0,1.0,0.0,0.0,0.885973,0.658724,21.55,0.871714,0.601392,0.358082,0.871714,0.567234,0.25208,True,True,True,0.386917,True,False,38.558
1637,81.85,2,microsleep,microsleep,1.0,0.0,0.0,1.0,0.0,0.0,0.885616,0.658483,21.6,0.87182,0.601813,0.358731,0.87182,0.567705,0.252737,True,True,True,0.266754,True,False,38.612
1638,81.9,2,microsleep,microsleep,1.0,0.0,0.0,1.0,0.0,0.0,0.88561,0.658918,21.65,0.871936,0.60462,0.359687,0.871936,0.570605,0.253635,True,True,True,0.0,True,False,38.89
1639,81.95,2,microsleep,microsleep,1.0,0.0,0.0,1.0,0.0,0.0,0.884746,0.660169,21.7,0.872044,0.606205,0.360337,0.872044,0.572288,0.254293,True,True,True,0.0,True,False,38.468
1640,82.0,2,microsleep,microsleep,1.0,0.0,0.0,1.0,0.0,0.0,0.8848,0.658904,21.75,0.87217,0.607804,0.360984,0.87217,0.573974,0.254951,True,True,True,0.0,True,False,47.402
1641,82.05,2,microsleep,microsleep,1.0,0.0,0.0,1.0,0.0,0.0,0.885146,0.657875,21.8,0.872307,0.609391,0.361329,0.872307,0.57566,0.255366,True,True,True,0.0,True,False,38.923
1642,82.1,2,microsleep,microsleep,1.0,0.0,0.0,1.0,0.0,0.0,0.885609,0.658052,21.85,0.872439,0.609801,0.361976,0.872439,0.57612,0.256024,True,True,True,0.0,True,False,39.001
1643,82.15,2,microsleep,microsleep,1.0,0.0,0.0,1.0,0.0,0.0,0.88663,0.656871,21.9,0.872613,0.610852,0.362925,0.872613,0.57884,0.256926,True,True,True,0.0,True,False,38.733
1644,82.2,2,microsleep,microsleep,1.0,0.0,0.0,1.0,0.0,0.0,0.883098,0.657072,21.95,0.87277,0.611593,0.36357,0.87277,0.580462,0.257582,True,True,True,0.0,True,False,38.916
1645,82.25,2,microsleep,microsleep,1.0,0.0,0.0,1.0,0.0,0.0,0.883073,0.659135,22.0,0.872881,0.612671,0.364215,0.872881,0.582127,0.258241,True,True,True,0.0,True,False,48.016
1646,82.3,2,microsleep,microsleep,1.0,0.0,0.0,1.0,0.0,0.0,0.884153,0.659355,22.05,0.873049,0.614096,0.364558,0.873049,0.583816,0.258654,True,True,True,0.0,True,False,39.059
1647,82.35,2,microsleep,microsleep,1.0,0.0,0.0,1.0,0.0,0.0,0.88273,0.658522,22.1,0.873228,0.614496,0.365198,0.873228,0.584261,0.259311,True,True,True,0.0,True,False,38.329
1648,82.4,2,microsleep,microsleep,1.0,0.0,0.0,1.0,0.0,0.0,0.883158,0.657624,22.15,0.873408,0.617322,0.365842,0.873408,0.58722,0.260197,True,True,True,0.0,True,False,38.664
1649,82.45,2,microsleep,microsleep,1.0,0.0,0.0,1.0,0.0,0.0,0.882627,0.657401,22.2,0.873548,0.618942,0.366068,0.873548,0.588923,0.260823,True,True,True,0.0,True,False,38.393
1650,82.5,2,microsleep,microsleep,1.0,0.0,0.0,1.0,0.0,0.0,0.880574,0.660146,22.25,0.87367,0.62057,0.366232,0.87367,0.590629,0.261448,True,True,True,0.0,True,False,46.854
1651,82.55,2,microsleep,microsleep,1.0,0.0,0.0,1.0,0.0,0.0,0.877687,0.658635,22.3,0.873725,0.622179,0.36657,0.873725,0.592327,0.261855,True,True,True,0.0,True,False,38.571
1652,82.6,2,microsleep,microsleep,1.0,0.0,0.0,1.0,0.0,0.0,0.864238,0.658868,22.35,0.873727,0.622541,0.366659,0.873727,0.592733,0.262468,True,True,True,0.53014,True,False,38.395
1653,82.65,2,microsleep,microsleep,1.0,0.0,0.0,1.0,0.0,0.0,0.862344,0.660892,22.4,0.873676,0.625382,0.366622,0.873676,0.595694,0.263321,True,True,True,0.608217,True,False,38.53
1654,82.7,2,microsleep,microsleep,1.0,0.0,0.0,1.0,0.0,0.0,0.863064,0.661309,22.45,0.873624,0.62698,0.366868,0.873624,0.597379,0.263957,True,True,True,0.822937,True,False,38.281
1655,82.75,2,microsleep,microsleep,1.0,0.0,0.0,1.0,0.0,0.0,0.859528,0.659991,22.5,0.873518,0.628525,0.367198,0.873518,0.599054,0.264595,True,True,True,0.855667,True,False,47.038
1656,82.8,2,microsleep,microsleep,1.0,0.0,0.0,1.0,0.0,0.0,0.857535,0.658183,22.55,0.873388,0.630095,0.367522,0.873388,0.600732,0.264987,True,True,True,0.855667,True,False,38.649
1657,82.85,2,microsleep,microsleep,1.0,0.0,0.0,1.0,0.0,0.0,0.858967,0.65854,22.6,0.873262,0.630438,0.367994,0.873262,0.601118,0.26563,True,True,True,0.717537,True,False,38.36
1658,82.9,2,microsleep,microsleep,1.0,0.0,0.0,1.0,0.0,0.0,0.851461,0.660241,22.65,0.873136,0.6333,0.368872,0.873136,0.604096,0.266528,True,True,True,0.0,True,False,38.407
1659,82.95,2,microsleep,microsleep,1.0,0.0,0.0,1.0,0.0,0.0,0.851791,0.667937,22.7,0.87299,0.634907,0.36951,0.87299,0.605781,0.267178,True,True,True,0.0,True,False,38.685
1660,83.0,2,microsleep,microsleep,1.0,0.0,0.0,1.0,0.0,0.0,0.840685,0.675019,22.75,0.872774,0.636509,0.369801,0.872774,0.607457,0.267805,True,True,True,0.0,True,False,48.119
1661,83.05,2,microsleep,microsleep,1.0,0.0,0.0,1.0,0.0,0.0,0.843909,0.677321,22.8,0.872564,0.638126,0.370124,0.872564,0.609143,0.268198,True,True,True,0.0,True,False,38.83
1662,83.1,2,microsleep,microsleep,1.0,0.0,0.0,1.0,0.0,0.0,0.834993,0.680077,22.85,0.872321,0.638432,0.370326,0.872321,0.609493,0.268808,True,True,True,0.0,True,False,38.566
1663,83.15,2,microsleep,microsleep,1.0,0.0,0.0,1.0,0.0,0.0,0.841629,0.679401,22.9,0.872114,0.64135,0.370477,0.872114,0.612505,0.269667,True,True,True,0.0,True,False,38.725
1664,83.2,2,microsleep,microsleep,1.0,0.0,0.0,1.0,0.0,0.0,0.844471,0.680817,22.95,0.871904,0.64298,0.370911,0.871904,0.6142,0.270312,True,True,True,0.148193,True,False,38.615
1665,83.25,2,microsleep,microsleep,1.0,0.0,0.0,1.0,0.0,0.0,0.85122,0.680297,23.0,0.871733,0.644587,0.371503,0.871733,0.6159,0.270967,True,True,True,0.099785,True,False,47.198
1666,83.3,2,microsleep,microsleep,1.0,0.0,0.0,1.0,0.0,0.0,0.863332,0.677923,23.05,0.871625,0.646213,0.371839,0.871625,0.617622,0.271371,True,True,True,0.188248,True,False,38.433
1667,83.35,2,microsleep,microsleep,1.0,0.0,0.0,1.0,0.0,0.0,0.861968,0.673969,23.1,0.871513,0.646546,0.37248,0.871513,0.617999,0.272032,True,True,True,0.0,True,False,38.301
1668,83.4,2,microsleep,microsleep,1.0,0.0,0.0,1.0,0.0,0.0,0.871393,0.671188,23.15,0.871449,0.649488,0.373452,0.871449,0.621079,0.272959,True,True,True,0.0,True,False,38.528
1669,83.45,2,microsleep,microsleep,1.0,0.0,0.0,1.0,0.0,0.0,0.872922,0.669027,23.2,0.87139,0.651153,0.374106,0.87139,0.622821,0.273625,True,True,True,0.0,True,False,38.518
1670,83.5,2,microsleep,microsleep,1.0,0.0,0.0,1.0,0.0,0.0,0.880201,0.669042,23.25,0.871363,0.652815,0.374762,0.871363,0.624571,0.274296,True,True,True,0.0,True,False,47.12
1671,83.55,2,microsleep,microsleep,1.0,0.0,0.0,1.0,0.0,0.0,0.883521,0.667553,23.3,0.871349,0.654496,0.375104,0.871349,0.62633,0.274707,True,True,True,0.0,True,False,38.334
1672,83.6,2,microsleep,microsleep,1.0,0.0,0.0,1.0,0.0,0.0,0.88404,0.666077,23.35,0.87135,0.654847,0.375733,0.87135,0.626724,0.275376,True,True,True,0.0,True,False,38.474
1673,83.65,2,microsleep,microsleep,1.0,0.0,0.0,1.0,0.0,0.0,0.876532,0.669827,23.4,0.871315,0.657819,0.376637,0.871315,0.629842,0.276304,True,True,True,0.0,True,False,38.525
1674,83.7,2,microsleep,microsleep,1.0,0.0,0.0,1.0,0.0,0.0,0.880757,0.666677,23.45,0.871297,0.65947,0.377279,0.871297,0.6316,0.276974,True,True,True,0.0,True,False,38.634
1675,83.75,2,microsleep,microsleep,1.0,0.0,0.0,1.0,0.0,0.0,0.883273,0.660176,23.5,0.871304,0.660288,0.37793,0.871304,0.633262,0.277644,True,True,True,0.0,True,False,47.364
1676,83.8,2,microsleep,microsleep,1.0,0.0,0.0,1.0,0.0,0.0,0.885374,0.661641,23.55,0.871315,0.661254,0.378269,0.871315,0.634975,0.27805,True,True,True,0.790894,True,False,38.062
1677,83.85,2,microsleep,microsleep,1.0,0.0,0.0,1.0,0.0,0.0,0.882596,0.661336,23.6,0.871318,0.661591,0.378917,0.871318,0.635352,0.278719,True,True,True,0.705292,True,False,37.884
1678,83.9,2,microsleep,microsleep,1.0,0.0,0.0,1.0,0.0,0.0,0.882446,0.658933,23.65,0.871329,0.664248,0.379858,0.871329,0.638493,0.279653,True,True,True,0.0,True,False,38.404
1679,83.95,2,microsleep,microsleep,1.0,0.0,0.0,1.0,0.0,0.0,0.885939,0.659064,23.7,0.871368,0.665942,0.380502,0.871368,0.640274,0.280325,True,True,True,0.0,True,False,38.184
1680,84.0,2,microsleep,microsleep,1.0,0.0,0.0,1.0,0.0,0.0,0.884824,0.65864,23.75,0.871473,0.667645,0.381148,0.871473,0.642055,0.280996,True,True,True,0.0,True,False,47.108
1681,84.05,2,microsleep,microsleep,1.0,0.0,0.0,1.0,0.0,0.0,0.88495,0.658894,23.8,0.871586,0.669339,0.381484,0.871586,0.643835,0.281399,True,True,True,0.0,True,False,38.605
1682,84.1,2,microsleep,microsleep,1.0,0.0,0.0,1.0,0.0,0.0,0.884156,0.660569,23.85,0.871693,0.669667,0.382126,0.871693,0.644201,0.28207,True,True,True,0.0,True,False,38.512
1683,84.15,2,microsleep,microsleep,1.0,0.0,0.0,1.0,0.0,0.0,0.884424,0.659696,23.9,0.871818,0.67228,0.383094,0.871818,0.647337,0.283012,True,True,True,0.0,True,False,38.674
1684,84.2,2,microsleep,microsleep,1.0,0.0,0.0,1.0,0.0,0.0,0.884784,0.658783,23.95,0.871954,0.673879,0.383751,0.871954,0.649109,0.283686,True,True,True,0.0,True,False,38.459
1685,84.25,2,microsleep,microsleep,1.0,0.0,0.0,1.0,0.0,0.0,0.885705,0.658671,24.0,0.872092,0.675548,0.384411,0.872092,0.650891,0.28436,True,True,True,0.0,True,False,47.158
1686,84.3,2,microsleep,microsleep,1.0,0.0,0.0,1.0,0.0,0.0,0.88661,0.656981,24.05,0.872268,0.677234,0.384745,0.872268,0.652679,0.284761,True,True,True,0.0,True,False,38.639
1687,84.35,2,microsleep,microsleep,1.0,0.0,0.0,1.0,0.0,0.0,0.884031,0.657361,24.1,0.872427,0.677549,0.385406,0.872427,0.653031,0.285433,True,True,True,0.0,True,False,38.344
1688,84.4,2,microsleep,microsleep,1.0,0.0,0.0,1.0,0.0,0.0,0.883607,0.659187,24.15,0.872535,0.680586,0.386398,0.872535,0.656249,0.286383,True,True,True,0.0,True,False,38.14
1689,84.45,2,microsleep,microsleep,1.0,0.0,0.0,1.0,0.0,0.0,0.884477,0.659366,24.2,0.872699,0.682291,0.387056,0.872699,0.658044,0.287058,True,True,True,0.0,True,False,38.462
1690,84.5,2,microsleep,microsleep,1.0,0.0,0.0,1.0,0.0,0.0,0.881869,0.658007,24.25,0.872875,0.683988,0.387713,0.872875,0.659834,0.287731,True,True,True,0.0,True,False,47.274
1691,84.55,2,microsleep,microsleep,1.0,0.0,0.0,1.0,0.0,0.0,0.883297,0.657789,24.3,0.873049,0.685708,0.388044,0.873049,0.661632,0.288128,True,True,True,0.0,True,False,38.095
1692,84.6,2,microsleep,microsleep,1.0,0.0,0.0,1.0,0.0,0.0,0.882145,0.657713,24.35,0.87321,0.686009,0.388698,0.87321,0.66197,0.288801,True,True,True,0.536377,True,False,38.321
1693,84.65,2,microsleep,microsleep,1.0,0.0,0.0,1.0,0.0,0.0,0.880147,0.660991,24.4,0.873345,0.689076,0.38969,0.873345,0.665221,0.289754,True,True,True,0.0,True,False,38.569
1694,84.7,2,microsleep,microsleep,1.0,0.0,0.0,1.0,0.0,0.0,0.878123,0.660196,24.45,0.873409,0.690766,0.390352,0.873409,0.667016,0.290428,True,True,True,0.503876,True,False,38.355
1695,84.75,2,microsleep,microsleep,1.0,0.0,0.0,1.0,0.0,0.0,0.863638,0.660696,24.5,0.873414,0.692414,0.391005,0.873414,0.668785,0.291093,True,True,True,0.501816,True,False,47.066
1696,84.8,2,microsleep,microsleep,1.0,0.0,0.0,1.0,0.0,0.0,0.86215,0.660217,24.55,0.873366,0.694029,0.391321,0.873366,0.670547,0.291476,True,True,True,0.584557,True,False,38.354
1697,84.85,2,microsleep,microsleep,1.0,0.0,0.0,1.0,0.0,0.0,0.862625,0.660371,24.6,0.873309,0.694289,0.391974,0.873309,0.670843,0.29214,True,True,True,0.793426,True,False,38.46
1698,84.9,2,microsleep,microsleep,1.0,0.0,0.0,1.0,0.0,0.0,0.859326,0.659591,24.65,0.873199,0.697249,0.392969,0.873199,0.674075,0.293085,True,True,True,1.0,True,False,38.267
1699,84.95,2,microsleep,microsleep,1.0,0.0,0.0,1.0,0.0,0.0,0.857365,0.658033,24.7,0.873066,0.698905,0.393621,0.873066,0.675845,0.293746,True,True,True,1.0,True,False,38.316
1700,85.0,2,microsleep,microsleep,1.0,0.0,0.0,1.0,0.0,0.0,0.857824,0.658635,24.75,0.872934,0.700583,0.394274,0.872934,0.677622,0.294408,True,True,True,0.872719,True,False,47.061
1701,85.05,2,microsleep,microsleep,1.0,0.0,0.0,1.0,0.0,0.0,0.861689,0.657594,24.8,0.872869,0.702267,0.394587,0.872869,0.679406,0.294787,True,True,True,0.872719,True,False,38.233
1702,85.1,2,microsleep,microsleep,1.0,0.0,0.0,1.0,0.0,0.0,0.857289,0.664132,24.85,0.872771,0.702509,0.395242,0.872771,0.679683,0.295452,True,True,True,0.851719,True,False,38.405
1703,85.15,2,microsleep,microsleep,1.0,0.0,0.0,1.0,0.0,0.0,0.843291,0.674862,24.9,0.872569,0.705473,0.396236,0.872569,0.682935,0.2964,True,True,True,0.0,True,False,38.306
1704,85.2,2,microsleep,microsleep,1.0,0.0,0.0,1.0,0.0,0.0,0.844124,0.677871,24.95,0.87236,0.706988,0.396536,0.87236,0.684686,0.29704,True,True,True,0.0,True,False,38.233
1705,85.25,2,microsleep,microsleep,1.0,0.0,0.0,1.0,0.0,0.0,0.836724,0.678679,25.0,0.872126,0.708502,0.396751,0.872126,0.686427,0.297663,True,True,True,0.0,True,False,46.998
1706,85.3,2,microsleep,microsleep,1.0,0.0,0.0,1.0,0.0,0.0,0.842764,0.677725,25.05,0.871924,0.710002,0.397059,0.871924,0.688176,0.298039,True,True,True,0.0,True,False,38.62
1707,85.35,2,microsleep,microsleep,1.0,0.0,0.0,1.0,0.0,0.0,0.845212,0.679526,25.1,0.871717,0.710218,0.39733,0.871717,0.688426,0.298688,True,True,True,0.0,True,False,38.831
1708,85.4,2,microsleep,microsleep,1.0,0.0,0.0,1.0,0.0,0.0,0.851438,0.677329,25.15,0.871544,0.713256,0.397977,0.871544,0.69174,0.299638,True,True,True,0.226929,True,False,38.846
1709,85.45,2,microsleep,microsleep,1.0,0.0,0.0,1.0,0.0,0.0,0.863302,0.675616,25.2,0.871433,0.714884,0.398612,0.871433,0.693535,0.300316,True,True,True,0.287811,True,False,38.476
1710,85.5,2,microsleep,microsleep,1.0,0.0,0.0,1.0,0.0,0.0,0.862701,0.673166,25.25,0.871322,0.716549,0.399272,0.871322,0.69534,0.300994,True,True,True,0.215942,True,False,47.413
1711,85.55,2,microsleep,microsleep,1.0,0.0,0.0,1.0,0.0,0.0,0.870258,0.669972,25.3,0.871247,0.718282,0.399594,0.871247,0.697169,0.301383,True,True,True,0.295593,True,False,38.813
1712,85.6,2,microsleep,microsleep,1.0,0.0,0.0,1.0,0.0,0.0,0.873052,0.668698,25.35,0.871188,0.718526,0.400262,0.871188,0.697446,0.302066,True,True,True,0.0,True,False,38.813
1713,85.65,2,microsleep,microsleep,1.0,0.0,0.0,1.0,0.0,0.0,0.881293,0.668435,25.4,0.871165,0.721676,0.401229,0.871165,0.700836,0.303041,True,True,True,0.0,True,False,38.76
1714,85.7,2,microsleep,microsleep,1.0,0.0,0.0,1.0,0.0,0.0,0.88396,0.667122,25.45,0.871153,0.722831,0.401867,0.871153,0.702632,0.303726,True,True,True,0.0,True,False,38.834
1715,85.75,2,microsleep,microsleep,1.0,0.0,0.0,1.0,0.0,0.0,0.88425,0.665379,25.5,0.871156,0.724114,0.40251,0.871156,0.704453,0.304411,True,True,True,0.0,True,False,47.93
1716,85.8,2,microsleep,microsleep,1.0,0.0,0.0,1.0,0.0,0.0,0.876236,0.670259,25.55,0.871124,0.72572,0.402835,0.871124,0.706292,0.304802,True,True,True,0.0,True,False,38.872
1717,85.85,2,microsleep,microsleep,1.0,0.0,0.0,1.0,0.0,0.0,0.878658,0.666996,25.6,0.871098,0.725962,0.40347,0.871098,0.706563,0.305484,True,True,True,0.0,True,False,39.412
1718,85.9,2,microsleep,microsleep,1.0,0.0,0.0,1.0,0.0,0.0,0.883326,0.661141,25.65,0.871099,0.729219,0.404408,0.871099,0.710014,0.306457,True,True,True,0.0,True,False,38.747
1719,85.95,2,microsleep,microsleep,1.0,0.0,0.0,1.0,0.0,0.0,0.885368,0.662148,25.7,0.871108,0.731007,0.405048,0.871108,0.711888,0.307142,True,True,True,0.0,True,False,37.976
1720,86.0,2,microsleep,microsleep,1.0,0.0,0.0,1.0,0.0,0.0,0.882849,0.661322,25.75,0.871113,0.732782,0.405648,0.871113,0.713758,0.307823,True,True,True,0.0,True,False,47.035
1721,86.05,2,microsleep,microsleep,1.0,0.0,0.0,1.0,0.0,0.0,0.882677,0.658651,25.8,0.871127,0.734572,0.40597,0.871127,0.715632,0.30821,True,True,True,0.0,True,False,38.697
1722,86.1,2,microsleep,microsleep,1.0,0.0,0.0,1.0,0.0,0.0,0.886052,0.658828,25.85,0.871167,0.734809,0.406577,0.871167,0.715899,0.308891,True,True,True,0.0,True,False,38.84
1723,86.15,2,microsleep,microsleep,1.0,0.0,0.0,1.0,0.0,0.0,0.885786,0.658062,25.9,0.871271,0.738168,0.407489,0.871271,0.719398,0.309867,True,True,True,0.0,True,False,38.402
1724,86.2,2,microsleep,microsleep,1.0,0.0,0.0,1.0,0.0,0.0,0.885463,0.658454,25.95,0.871386,0.739891,0.408132,0.871386,0.721266,0.310553,True,True,True,0.0,True,False,38.51
1725,86.25,2,microsleep,microsleep,1.0,0.0,0.0,1.0,0.0,0.0,0.884899,0.65985,26.0,0.871496,0.740846,0.408776,0.871496,0.723022,0.311239,True,True,True,0.0,True,False,47.482
1726,86.3,2,microsleep,microsleep,1.0,0.0,0.0,1.0,0.0,0.0,0.885237,0.659347,26.05,0.871626,0.741924,0.409097,0.871626,0.724835,0.311627,True,True,True,0.269043,True,False,38.578
1727,86.35,2,microsleep,microsleep,1.0,0.0,0.0,1.0,0.0,0.0,0.884978,0.658159,26.1,0.871773,0.742148,0.409747,0.871773,0.725086,0.312313,True,True,True,0.273163,True,False,38.541
1728,86.4,2,microsleep,microsleep,1.0,0.0,0.0,1.0,0.0,0.0,0.886119,0.658314,26.15,0.871912,0.745211,0.41076,0.871912,0.728605,0.313306,True,True,True,0.273163,True,False,38.38
1729,86.45,2,microsleep,microsleep,1.0,0.0,0.0,1.0,0.0,0.0,0.886696,0.656978,26.2,0.872083,0.747019,0.411424,0.872083,0.730509,0.313996,True,True,True,0.246613,True,False,38.316
1730,86.5,2,microsleep,microsleep,1.0,0.0,0.0,1.0,0.0,0.0,0.883772,0.656423,26.25,0.87224,0.748834,0.412086,0.87224,0.732411,0.314683,True,True,True,0.192596,True,False,47.47
1731,86.55,2,microsleep,microsleep,1.0,0.0,0.0,1.0,0.0,0.0,0.882658,0.658534,26.3,0.872341,0.750652,0.412404,0.872341,0.734313,0.315067,True,True,True,0.0,True,False,38.227
1732,86.6,2,microsleep,microsleep,1.0,0.0,0.0,1.0,0.0,0.0,0.884096,0.658721,26.35,0.8725,0.750861,0.41307,0.8725,0.734549,0.315756,True,True,True,0.0,True,False,38.627
1733,86.65,2,microsleep,microsleep,1.0,0.0,0.0,1.0,0.0,0.0,0.883188,0.658556,26.4,0.872683,0.754298,0.414077,0.872683,0.738126,0.316751,True,True,True,0.0,True,False,38.97
1734,86.7,2,microsleep,microsleep,1.0,0.0,0.0,1.0,0.0,0.0,0.883571,0.657683,26.45,0.872856,0.756125,0.414737,0.872856,0.740036,0.317441,True,True,True,0.306808,True,False,38.39
1735,86.75,2,microsleep,microsleep,1.0,0.0,0.0,1.0,0.0,0.0,0.881991,0.657726,26.5,0.873022,0.757949,0.415397,0.873022,0.741945,0.31813,True,True,True,0.366776,True,False,47.506
1736,86.8,2,microsleep,microsleep,1.0,0.0,0.0,1.0,0.0,0.0,0.879712,0.660588,26.55,0.873138,0.759766,0.415712,0.873138,0.743853,0.318511,True,True,True,0.36998,True,False,38.714
1737,86.85,2,microsleep,microsleep,1.0,0.0,0.0,1.0,0.0,0.0,0.877976,0.659369,26.6,0.873196,0.759953,0.416357,0.873196,0.744065,0.319197,True,True,True,0.366776,True,False,38.189
1738,86.9,2,microsleep,microsleep,1.0,0.0,0.0,1.0,0.0,0.0,0.864987,0.660031,26.65,0.873196,0.763386,0.417338,0.873196,0.747653,0.320187,True,True,True,0.0,True,False,38.042
1739,86.95,2,microsleep,microsleep,1.0,0.0,0.0,1.0,0.0,0.0,0.862115,0.66029,26.7,0.873147,0.765187,0.41797,0.873147,0.749542,0.320865,True,True,True,0.0,True,False,38.391
1740,87.0,2,microsleep,microsleep,1.0,0.0,0.0,1.0,0.0,0.0,0.862804,0.660639,26.75,0.873084,0.766995,0.41861,0.873084,0.751435,0.321544,True,True,True,0.563764,True,False,47.258
1741,87.05,2,microsleep,microsleep,1.0,0.0,0.0,1.0,0.0,0.0,0.859136,0.659821,26.8,0.872968,0.768806,0.418909,0.872968,0.753327,0.321909,True,True,True,0.649788,True,False,38.552
1742,87.1,2,microsleep,microsleep,1.0,0.0,0.0,1.0,0.0,0.0,0.856329,0.659857,26.85,0.872827,0.768945,0.419554,0.872827,0.753491,0.322585,True,True,True,0.649788,True,False,38.436
1743,87.15,2,microsleep,microsleep,1.0,0.0,0.0,1.0,0.0,0.0,0.857725,0.659857,26.9,0.872692,0.772434,0.420142,0.872692,0.757112,0.323544,True,True,True,0.60899,True,False,38.461
1744,87.2,2,microsleep,microsleep,1.0,0.0,0.0,1.0,0.0,0.0,0.861186,0.657397,26.95,0.872613,0.77425,0.420351,0.872613,0.759011,0.324183,True,True,True,0.60899,True,False,38.702
1745,87.25,2,microsleep,microsleep,1.0,0.0,0.0,1.0,0.0,0.0,0.856908,0.663122,27.0,0.872498,0.77607,0.420491,0.872498,0.760911,0.324827,True,True,True,0.60899,True,False,47.51
1746,87.3,2,microsleep,microsleep,1.0,0.0,0.0,1.0,0.0,0.0,0.843647,0.67376,27.05,0.872295,0.777874,0.420784,0.872295,0.762795,0.325187,True,True,True,0.650188,True,False,38.664
1747,87.35,2,microsleep,microsleep,1.0,0.0,0.0,1.0,0.0,0.0,0.844539,0.676225,27.1,0.872089,0.777983,0.420841,0.872089,0.762929,0.325829,True,True,True,0.44059,True,False,38.133
1748,87.4,2,microsleep,microsleep,1.0,0.0,0.0,1.0,0.0,0.0,0.838591,0.676554,27.15,0.871864,0.781453,0.420696,0.871864,0.766559,0.326752,True,True,True,0.0,True,False,38.17
1749,87.45,2,microsleep,microsleep,1.0,0.0,0.0,1.0,0.0,0.0,0.844096,0.676061,27.2,0.871669,0.783258,0.420915,0.871669,0.768451,0.327412,True,True,True,0.0,True,False,38.479
1750,87.5,2,microsleep,microsleep,1.0,0.0,0.0,1.0,0.0,0.0,0.845141,0.677443,27.25,0.871463,0.785065,0.421221,0.871463,0.770347,0.328082,True,True,True,0.827972,True,False,47.304
1751,87.55,2,microsleep,microsleep,1.0,0.0,0.0,1.0,0.0,0.0,0.853737,0.674955,27.3,0.871305,0.786895,0.421522,0.871305,0.77226,0.328447,True,True,True,0.857269,True,False,38.461
1752,87.6,2,microsleep,microsleep,1.0,0.0,0.0,1.0,0.0,0.0,0.86452,0.672843,27.35,0.871203,0.787022,0.421987,0.871203,0.77241,0.329134,True,True,True,0.765259,True,False,38.371
1753,87.65,2,microsleep,microsleep,1.0,0.0,0.0,1.0,0.0,0.0,0.863764,0.670223,27.4,0.871102,0.790602,0.422933,0.871102,0.776129,0.330146,True,True,True,0.272018,True,False,38.673
1754,87.7,2,microsleep,microsleep,1.0,0.0,0.0,1.0,0.0,0.0,0.87131,0.66817,27.45,0.871034,0.79247,0.42361,0.871034,0.778078,0.330842,True,True,True,0.166046,True,False,38.297
1755,87.75,2,microsleep,microsleep,1.0,0.0,0.0,1.0,0.0,0.0,0.875099,0.667685,27.5,0.870985,0.794343,0.424291,0.870985,0.780036,0.331542,True,True,True,0.122559,True,False,47.255
1756,87.8,2,microsleep,microsleep,1.0,0.0,0.0,1.0,0.0,0.0,0.882103,0.667796,27.55,0.870968,0.796229,0.424607,0.870968,0.782006,0.331921,True,True,True,0.0,True,False,38.212
1757,87.85,2,microsleep,microsleep,1.0,0.0,0.0,1.0,0.0,0.0,0.88454,0.666288,27.6,0.870959,0.796372,0.425292,0.870959,0.782172,0.332626,True,True,True,0.0,True,False,38.049
1758,87.9,2,microsleep,microsleep,1.0,0.0,0.0,1.0,0.0,0.0,0.884742,0.66496,27.65,0.870968,0.798889,0.426332,0.870968,0.78579,0.333654,True,True,True,0.0,True,False,38.261
1759,87.95,2,microsleep,microsleep,1.0,0.0,0.0,1.0,0.0,0.0,0.877015,0.669722,27.7,0.870941,0.799795,0.427009,0.870941,0.787652,0.334356,True,True,True,0.0,True,False,38.471
1760,88.0,2,microsleep,microsleep,1.0,0.0,0.0,1.0,0.0,0.0,0.879772,0.666931,27.75,0.87092,0.800843,0.427686,0.87092,0.789564,0.335059,True,True,True,0.0,True,False,47.04
1761,88.05,2,microsleep,microsleep,1.0,0.0,0.0,1.0,0.0,0.0,0.883775,0.661147,27.8,0.87093,0.802287,0.427998,0.87093,0.791523,0.335434,True,True,True,0.638458,True,False,37.909
1762,88.1,2,microsleep,microsleep,1.0,0.0,0.0,1.0,0.0,0.0,0.885396,0.661985,27.85,0.870941,0.802421,0.428675,0.870941,0.791675,0.336138,True,True,True,0.638458,True,False,37.984
1763,88.15,2,microsleep,microsleep,1.0,0.0,0.0,1.0,0.0,0.0,0.88293,0.660264,27.9,0.870944,0.805908,0.429723,0.870944,0.795502,0.33717,True,True,True,0.487854,True,False,38.096
1764,88.2,2,microsleep,microsleep,1.0,0.0,0.0,1.0,0.0,0.0,0.882746,0.658419,27.95,0.870956,0.807811,0.4304,0.870956,0.797496,0.337872,True,True,True,0.0,True,False,37.949
1765,88.25,2,microsleep,microsleep,1.0,0.0,0.0,1.0,0.0,0.0,0.885859,0.658042,28.0,0.870995,0.809727,0.431076,0.870995,0.799497,0.338576,True,True,True,0.0,True,False,46.778
1766,88.3,2,microsleep,microsleep,1.0,0.0,0.0,1.0,0.0,0.0,0.885093,0.658343,28.05,0.871088,0.811641,0.431385,0.871088,0.801496,0.338948,True,True,True,0.0,True,False,38.044
1767,88.35,2,microsleep,microsleep,1.0,0.0,0.0,1.0,0.0,0.0,0.884934,0.659078,28.1,0.871196,0.811759,0.432061,0.871196,0.801631,0.339652,True,True,True,0.0,True,False,38.114
1768,88.4,2,microsleep,microsleep,1.0,0.0,0.0,1.0,0.0,0.0,0.884068,0.660489,28.15,0.871302,0.815319,0.433088,0.871302,0.805466,0.340688,True,True,True,0.0,True,False,37.918
1769,88.45,2,microsleep,microsleep,1.0,0.0,0.0,1.0,0.0,0.0,0.884923,0.659619,28.2,0.87143,0.81718,0.433765,0.87143,0.807457,0.341393,True,True,True,0.0,True,False,37.95
1770,88.5,2,microsleep,microsleep,1.0,0.0,0.0,1.0,0.0,0.0,0.88509,0.658258,28.25,0.871569,0.819082,0.434437,0.871569,0.809461,0.342098,True,True,True,0.0,True,False,46.831
1771,88.55,2,microsleep,microsleep,1.0,0.0,0.0,1.0,0.0,0.0,0.885604,0.658307,28.3,0.871706,0.820948,0.434745,0.871706,0.811458,0.342469,True,True,True,0.0,True,False,38.215
1772,88.6,2,microsleep,microsleep,1.0,0.0,0.0,1.0,0.0,0.0,0.886637,0.657064,28.35,0.871875,0.821054,0.435392,0.871875,0.811579,0.343172,True,True,True,0.0,True,False,38.023
1773,88.65,2,microsleep,microsleep,1.0,0.0,0.0,1.0,0.0,0.0,0.883115,0.657227,28.4,0.872031,0.824738,0.43633,0.872031,0.815471,0.344204,True,True,True,0.0,True,False,37.901
1774,88.7,2,microsleep,microsleep,1.0,0.0,0.0,1.0,0.0,0.0,0.882585,0.65919,28.45,0.872139,0.825708,0.436895,0.872139,0.817316,0.344902,True,True,True,0.0,True,False,38.264
1775,88.75,2,microsleep,microsleep,1.0,0.0,0.0,1.0,0.0,0.0,0.884118,0.658627,28.5,0.872302,0.826804,0.437516,0.872302,0.819227,0.345605,True,True,True,0.0,True,False,46.903
1776,88.8,2,microsleep,microsleep,1.0,0.0,0.0,1.0,0.0,0.0,0.881864,0.658018,28.55,0.872494,0.828355,0.437819,0.872494,0.82121,0.345971,True,True,True,0.0,True,False,38.232
1777,88.85,2,microsleep,microsleep,1.0,0.0,0.0,1.0,0.0,0.0,0.883176,0.657724,28.6,0.872673,0.828444,0.438447,0.872673,0.82131,0.346673,True,True,True,0.509827,True,False,38.341
1778,88.9,2,microsleep,microsleep,1.0,0.0,0.0,1.0,0.0,0.0,0.882443,0.657709,28.65,0.872844,0.832119,0.439402,0.872844,0.825261,0.347714,True,True,True,0.509827,True,False,38.018
1779,88.95,2,microsleep,microsleep,1.0,0.0,0.0,1.0,0.0,0.0,0.880256,0.661283,28.7,0.872977,0.834052,0.439674,0.872977,0.82729,0.348384,True,True,True,0.0,True,False,38.173
1780,89.0,2,microsleep,microsleep,1.0,0.0,0.0,1.0,0.0,0.0,0.877872,0.659451,28.75,0.873037,0.835989,0.439902,0.873037,0.829318,0.349052,True,True,True,0.368835,True,False,46.924
1781,89.05,2,microsleep,microsleep,1.0,0.0,0.0,1.0,0.0,0.0,0.866328,0.659785,28.8,0.873058,0.837909,0.440195,0.873058,0.831329,0.349407,True,True,True,0.368835,True,False,38.204
1782,89.1,2,microsleep,microsleep,1.0,0.0,0.0,1.0,0.0,0.0,0.863159,0.660122,28.85,0.873022,0.83795,0.440454,0.873022,0.831381,0.350081,True,True,True,0.0,True,False,38.239
1783,89.15,2,microsleep,microsleep,1.0,0.0,0.0,1.0,0.0,0.0,0.862714,0.659058,28.9,0.872972,0.841757,0.441084,0.872972,0.835351,0.351106,True,True,True,0.876953,True,False,38.364
1784,89.2,2,microsleep,microsleep,1.0,0.0,0.0,1.0,0.0,0.0,0.859148,0.657713,28.95,0.872867,0.843681,0.441733,0.872867,0.83736,0.351801,True,True,True,0.876953,True,False,38.446
1785,89.25,2,microsleep,microsleep,1.0,0.0,0.0,1.0,0.0,0.0,0.85692,0.658621,29.0,0.872735,0.845604,0.442403,0.872735,0.839367,0.352496,True,True,True,0.873291,True,False,47.068
1786,89.3,2,microsleep,microsleep,1.0,0.0,0.0,1.0,0.0,0.0,0.858827,0.659467,29.05,0.87261,0.847526,0.442689,0.87261,0.841378,0.352843,True,True,True,0.873291,True,False,38.476
1787,89.35,2,microsleep,microsleep,1.0,0.0,0.0,1.0,0.0,0.0,0.862166,0.657655,29.1,0.872538,0.84755,0.443315,0.872538,0.841411,0.353537,True,True,True,0.0,True,False,38.955
1788,89.4,2,microsleep,microsleep,1.0,0.0,0.0,1.0,0.0,0.0,0.858181,0.663379,29.15,0.872428,0.851378,0.444252,0.872428,0.84541,0.354575,True,True,True,0.0,True,False,38.478
1789,89.45,2,microsleep,microsleep,1.0,0.0,0.0,1.0,0.0,0.0,0.844514,0.673902,29.2,0.87223,0.853271,0.444847,0.87223,0.847401,0.355264,True,True,True,0.0,True,False,38.357
1790,89.5,2,microsleep,microsleep,1.0,0.0,0.0,1.0,0.0,0.0,0.845089,0.67609,29.25,0.872026,0.855113,0.445456,0.872026,0.849378,0.355955,True,True,True,0.0,True,False,47.558
1791,89.55,2,microsleep,microsleep,1.0,0.0,0.0,1.0,0.0,0.0,0.839074,0.676271,29.3,0.871804,0.856953,0.445734,0.871804,0.851354,0.356295,True,True,True,0.0,True,False,38.546
1792,89.6,2,microsleep,microsleep,1.0,0.0,0.0,1.0,0.0,0.0,0.844458,0.675743,29.35,0.871612,0.856932,0.446356,0.871612,0.851342,0.356986,True,True,True,0.0,True,False,38.551
1793,89.65,2,microsleep,microsleep,1.0,0.0,0.0,1.0,0.0,0.0,0.846208,0.677285,29.4,0.871411,0.860708,0.447306,0.871411,0.855341,0.358027,True,True,True,0.103619,True,False,38.148
1794,89.7,2,microsleep,microsleep,1.0,0.0,0.0,1.0,0.0,0.0,0.852153,0.676722,29.45,0.871243,0.862595,0.447952,0.871243,0.857348,0.358727,True,True,True,0.103619,True,False,37.817
1795,89.75,2,microsleep,microsleep,1.0,0.0,0.0,1.0,0.0,0.0,0.864908,0.675269,29.5,0.871146,0.864517,0.448604,0.871146,0.859382,0.359436,True,True,True,0.199463,True,False,47.668
1796,89.8,2,microsleep,microsleep,1.0,0.0,0.0,1.0,0.0,0.0,0.861441,0.672155,29.55,0.871033,0.865805,0.448894,0.871033,0.861322,0.359788,True,True,True,0.0,True,False,38.243
1797,89.85,2,microsleep,microsleep,1.0,0.0,0.0,1.0,0.0,0.0,0.869897,0.669675,29.6,0.870961,0.865811,0.449553,0.870961,0.861336,0.360497,True,True,True,0.0,True,False,38.091
1798,89.9,2,microsleep,microsleep,1.0,0.0,0.0,1.0,0.0,0.0,0.872629,0.668705,29.65,0.8709,0.867868,0.45061,0.8709,0.865213,0.361566,True,True,True,0.0,True,False,38.49
1799,89.95,2,microsleep,microsleep,1.0,0.0,0.0,1.0,0.0,0.0,0.879984,0.669023,29.7,0.870874,0.869444,0.451304,0.870874,0.867273,0.362286,True,True,True,0.0,True,False,38.099
