frame_id,timestamp,state_id,state,predicted_driver_state,confidence,p_alert,p_drowsy,p_microsleep,p_yawning,p_distraction,closed_probability,ocular_reliability,closure_duration_seconds,perclos_10s,perclos_30s,perclos_60s,slow_perclos_10s,slow_perclos_30s,slow_perclos_60s,perclos_10s_reliable,perclos_30s_reliable,perclos_60s_reliable,nod_probability,microsleep_active,drowsy_episode_active,latency_ms
0,0.0,1,drowsy,drowsy,0.355543,0.179267,0.355543,0.0,0.17371,0.29148,0.708606,0.552166,0.0,0.708606,0.708606,0.708606,0.0,0.0,0.0,False,False,False,0.0,False,False,46.571
1,0.05,1,drowsy,drowsy,0.526518,0.120654,0.526518,0.0,0.102613,0.250215,0.62722,0.652632,0.0,0.66452,0.66452,0.66452,0.0,0.0,0.0,False,False,False,0.0,False,False,37.161
2,0.1,1,drowsy,drowsy,0.406714,0.180533,0.406714,0.0,0.106341,0.306412,0.402587,0.809049,0.0,0.55929,0.55929,0.55929,0.0,0.0,0.0,False,False,False,0.0,False,False,36.583
3,0.15,0,alert,alert,0.397583,0.397583,0.14387,0.0,0.091761,0.366786,0.182592,0.900901,0.0,0.442859,0.442859,0.442859,0.0,0.0,0.0,False,False,False,0.0,False,False,36.245
4,0.2,0,alert,alert,0.655654,0.655654,0.024142,0.0,0.060928,0.259278,0.093601,0.938363,0.0,0.357802,0.357802,0.357802,0.0,0.0,0.0,False,False,False,0.0,False,False,36.451
5,0.25,0,alert,alert,0.60795,0.60795,0.010893,0.0,0.037061,0.344096,0.448549,0.847661,0.0,0.374166,0.374166,0.374166,0.0,0.0,0.0,False,False,False,0.0,False,False,45.284
6,0.3,0,alert,alert,0.692439,0.692439,0.003753,0.0,0.02275,0.281058,0.299614,0.918561,0.0,0.36198,0.36198,0.36198,0.0,0.0,0.0,False,False,False,0.0,False,False,37.019
7,0.35,0,alert,alert,0.794252,0.794252,0.0014,0.0,0.012336,0.192013,0.128234,0.944149,0.0,0.328356,0.328356,0.328356,0.0,0.0,0.0,False,False,False,0.0,False,False,36.519
8,0.4,0,alert,alert,0.885475,0.885475,0.000624,0.0,0.006129,0.107773,0.055497,0.952771,0.0,0.293768,0.293768,0.293768,0.0,0.0,0.0,False,False,False,0.0,False,False,36.795
9,0.45,0,alert,alert,0.908622,0.908622,0.000402,0.0,0.003467,0.087509,0.042186,0.95473,0.0,0.265413,0.265413,0.265413,0.0,0.0,0.0,False,False,False,0.0,False,False,37.108
10,0.5,0,alert,alert,0.931269,0.931269,0.000293,0.0,0.002226,0.066213,0.03897,0.954664,0.0,0.242478,0.242478,0.242478,0.0,0.0,0.0,False,False,False,0.0,False,False,45.441
11,0.55,0,alert,alert,0.936357,0.936357,0.000257,0.0,0.00166,0.061726,0.037577,0.953928,0.0,0.223647,0.223647,0.223647,0.0,0.0,0.0,False,False,False,0.0,False,False,36.97
12,0.6,0,alert,alert,0.939038,0.939038,0.000236,0.0,0.001398,0.059328,0.036847,0.953677,0.0,0.207928,0.207928,0.207928,0.0,0.0,0.0,False,False,False,0.0,False,False,36.792
13,0.65,0,alert,alert,0.949255,0.949255,0.000213,0.0,0.001183,0.049349,0.036669,0.953206,0.0,0.194641,0.194641,0.194641,0.0,0.0,0.0,False,False,False,0.0,False,False,36.728
14,0.7,0,alert,alert,0.958089,0.958089,0.000191,0.0,0.001105,0.040615,0.040316,0.952217,0.0,0.183541,0.183541,0.183541,0.0,0.0,0.0,False,False,False,0.0,False,False,37.318
15,0.75,0,alert,alert,0.963763,0.963763,0.000177,0.0,0.001079,0.034981,0.039443,0.952121,0.0,0.173873,0.173873,0.173873,0.0,0.0,0.0,False,False,False,0.0,False,False,45.5
16,0.8,0,alert,alert,0.961176,0.961176,0.00018,0.0,0.001064,0.03758,0.039066,0.952129,0.0,0.165397,0.165397,0.165397,0.0,0.0,0.0,False,False,False,0.0,False,False,36.723
17,0.85,0,alert,alert,0.958374,0.958374,0.00018,0.0,0.001119,0.040327,0.040854,0.951365,0.0,0.158035,0.158035,0.158035,0.0,0.0,0.0,False,False,False,0.0,False,False,36.957
18,0.9,0,alert,alert,0.934738,0.934738,0.00021,0.0,0.001226,0.063826,0.365993,0.903292,0.0,0.169086,0.169086,0.169086,0.0,0.0,0.0,False,False,False,0.0,False,False,37.073
19,0.95,0,alert,alert,0.868541,0.868541,0.000309,0.0,0.00133,0.12982,0.501746,0.841316,0.0,0.184775,0.184775,0.184775,0.0,0.0,0.0,False,False,False,0.0,False,False,37.73
20,1.0,0,alert,alert,0.872143,0.872143,0.000374,0.0,0.001258,0.126225,0.509816,0.84544,0.0,0.199483,0.199483,0.199483,0.0,0.0,0.0,False,False,False,0.0,False,False,45.909
21,1.05,0,alert,alert,0.880893,0.880893,0.000371,0.0,0.001174,0.117562,0.442972,0.900401,0.0,0.210677,0.210677,0.210677,0.0,0.0,0.0,False,False,False,0.0,False,False,37.658
22,1.1,0,alert,alert,0.924118,0.924118,0.000294,0.0,0.000984,0.074604,0.300603,0.925907,0.0,0.214737,0.214737,0.214737,0.0,0.0,0.0,False,False,False,0.0,False,False,37.56
23,1.15,0,alert,alert,0.948401,0.948401,0.000242,0.0,0.000906,0.050451,0.143451,0.941873,0.0,0.211607,0.211607,0.211607,0.0,0.0,0.0,False,False,False,0.0,False,False,36.963
24,1.2,0,alert,alert,0.945203,0.945203,0.000241,0.0,0.000928,0.053628,0.059467,0.952239,0.0,0.205141,0.205141,0.205141,0.0,0.0,0.0,False,False,False,0.0,False,False,36.862
25,1.25,0,alert,alert,0.947608,0.947608,0.000233,0.0,0.000883,0.051276,0.041864,0.955327,0.0,0.198463,0.198463,0.198463,0.0,0.0,0.0,False,False,False,0.0,False,False,45.561
26,1.3,0,alert,alert,0.956148,0.956148,0.00022,0.0,0.000909,0.042722,0.038311,0.955167,0.0,0.192172,0.192172,0.192172,0.0,0.0,0.0,False,False,False,0.0,False,False,36.934
27,1.35,0,alert,alert,0.959026,0.959026,0.000226,0.0,0.000935,0.039813,0.037445,0.954652,0.0,0.186327,0.186327,0.186327,0.0,0.0,0.0,False,False,False,0.0,False,False,36.665
28,1.4,0,alert,alert,0.961594,0.961594,0.000236,0.0,0.000928,0.037242,0.038413,0.953197,0.0,0.18095,0.18095,0.18095,0.0,0.0,0.0,False,False,False,0.0,False,False,36.945
29,1.45,0,alert,alert,0.965478,0.965478,0.000252,0.0,0.000957,0.033313,0.042104,0.951336,0.0,0.176089,0.176089,0.176089,0.0,0.0,0.0,False,False,False,0.0,False,False,36.97
30,1.5,0,alert,alert,0.958628,0.958628,0.000309,0.0,0.001073,0.039991,0.063574,0.947233,0.0,0.172299,0.172299,0.172299,0.0,0.0,0.0,False,False,False,0.0,False,False,46.066
31,1.55,0,alert,alert,0.919144,0.919144,0.000518,0.0,0.001298,0.07904,0.403336,0.878558,0.0,0.179299,0.179299,0.179299,0.0,0.0,0.0,False,False,False,0.0,False,False,36.84
32,1.6,0,alert,alert,0.93288,0.93288,0.00052,0.0,0.001257,0.065342,0.243955,0.927357,0.0,0.181302,0.181302,0.181302,0.0,0.0,0.0,False,False,False,0.0,False,False,36.912
33,1.65,0,alert,alert,0.952201,0.952201,0.000426,0.0,0.00125,0.046122,0.10644,0.94714,0.0,0.179006,0.179006,0.179006,0.0,0.0,0.0,False,False,False,0.0,False,False,36.518
34,1.7,0,alert,alert,0.961394,0.961394,0.000356,0.0,0.001243,0.037007,0.061219,0.952541,0.0,0.17548,0.17548,0.17548,0.0,0.0,0.0,False,False,False,0.0,False,False,36.522
35,1.75,0,alert,alert,0.964603,0.964603,0.000312,0.0,0.001287,0.033798,0.045568,0.953163,0.0,0.171703,0.171703,0.171703,0.0,0.0,0.0,False,False,False,0.0,False,False,45.66
36,1.8,0,alert,alert,0.963872,0.963872,0.000284,0.0,0.00131,0.034534,0.043626,0.952805,0.0,0.168085,0.168085,0.168085,0.0,0.0,0.0,False,False,False,0.0,False,False,36.889
37,1.85,0,alert,alert,0.958736,0.958736,0.000278,0.0,0.001305,0.03968,0.039721,0.952864,0.0,0.164559,0.164559,0.164559,0.0,0.0,0.0,False,False,False,0.0,False,False,36.574
38,1.9,0,alert,alert,0.943997,0.943997,0.000285,0.0,0.001304,0.054414,0.040444,0.952559,0.0,0.161242,0.161242,0.161242,0.0,0.0,0.0,False,False,False,0.0,False,False,36.396
39,1.95,0,alert,alert,0.948414,0.948414,0.000255,0.0,0.001231,0.0501,0.042937,0.951761,0.0,0.158164,0.158164,0.158164,0.0,0.0,0.0,False,False,False,0.0,False,False,36.526
40,2.0,0,alert,alert,0.949982,0.949982,0.000233,0.0,0.00109,0.048695,0.043141,0.95164,0.0,0.155249,0.155249,0.155249,0.0,0.0,0.0,False,False,False,0.0,False,False,45.731
41,2.05,0,alert,alert,0.948216,0.948216,0.000222,0.0,0.000994,0.050568,0.045895,0.95026,0.0,0.152549,0.152549,0.152549,0.0,0.0,0.0,False,False,False,0.0,False,False,36.729
42,2.1,0,alert,alert,0.930255,0.930255,0.000245,0.0,0.00107,0.068431,0.043049,0.950797,0.0,0.14991,0.14991,0.14991,0.0,0.0,0.0,False,False,False,0.0,False,False,36.847
43,2.15,0,alert,alert,0.940898,0.940898,0.000216,0.0,0.000947,0.057939,0.044296,0.951075,0.0,0.147423,0.147423,0.147423,0.0,0.0,0.0,False,False,False,0.0,False,False,36.542
44,2.2,0,alert,alert,0.956206,0.956206,0.000188,0.0,0.000841,0.042765,0.044309,0.950685,0.0,0.145052,0.145052,0.145052,0.0,0.0,0.0,False,False,False,0.0,False,False,36.681
45,2.25,0,alert,alert,0.956707,0.956707,0.000183,0.0,0.000869,0.042241,0.044271,0.950641,0.0,0.142787,0.142787,0.142787,0.0,0.0,0.0,False,False,False,0.0,False,False,45.621
46,2.3,0,alert,alert,0.93829,0.93829,0.000205,0.0,0.000923,0.060583,0.046489,0.950362,0.0,0.140671,0.140671,0.140671,0.0,0.0,0.0,False,False,False,0.0,False,False,36.391
47,2.35,0,alert,alert,0.91619,0.91619,0.00022,0.0,0.000952,0.082638,0.044736,0.950866,0.0,0.138607,0.138607,0.138607,0.0,0.0,0.0,False,False,False,0.0,False,False,36.436
48,2.4,0,alert,alert,0.922669,0.922669,0.000203,0.0,0.000972,0.076156,0.044177,0.950934,0.0,0.136618,0.136618,0.136618,0.0,0.0,0.0,False,False,False,0.0,False,False,36.576
49,2.45,0,alert,alert,0.898696,0.898696,0.000212,0.0,0.001101,0.099991,0.046779,0.950361,0.0,0.134766,0.134766,0.134766,0.0,0.0,0.0,False,False,False,0.0,False,False,36.526
50,2.5,0,alert,alert,0.900811,0.900811,0.000193,0.0,0.001031,0.097964,0.046045,0.950932,0.0,0.132972,0.132972,0.132972,0.0,0.0,0.0,False,False,False,0.0,False,False,45.433
51,2.55,0,alert,alert,0.924857,0.924857,0.000166,0.0,0.000963,0.074015,0.047627,0.950916,0.0,0.131282,0.131282,0.131282,0.0,0.0,0.0,False,False,False,0.0,False,False,36.445
52,2.6,0,alert,alert,0.93698,0.93698,0.000154,0.0,0.000919,0.061947,0.043508,0.951981,0.0,0.129575,0.129575,0.129575,0.0,0.0,0.0,False,False,False,0.0,False,False,36.525
53,2.65,0,alert,alert,0.938621,0.938621,0.000143,0.0,0.000976,0.06026,0.042557,0.952314,0.0,0.127914,0.127914,0.127914,0.0,0.0,0.0,False,False,False,0.0,False,False,37.102
54,2.7,0,alert,alert,0.934457,0.934457,0.000141,0.0,0.001128,0.064274,0.04427,0.952026,0.0,0.126348,0.126348,0.126348,0.0,0.0,0.0,False,False,False,0.0,False,False,37.069
55,2.75,0,alert,alert,0.941418,0.941418,0.000135,0.0,0.001376,0.05707,0.043216,0.951765,0.0,0.124821,0.124821,0.124821,0.0,0.0,0.0,False,False,False,0.0,False,False,46.004
56,2.8,0,alert,alert,0.931688,0.931688,0.000141,0.0,0.001668,0.066503,0.040538,0.952201,0.0,0.1233,0.1233,0.1233,0.0,0.0,0.0,False,False,False,0.0,False,False,37.072
57,2.85,0,alert,alert,0.928347,0.928347,0.000143,0.0,0.001916,0.069594,0.043804,0.951217,0.0,0.121892,0.121892,0.121892,0.0,0.0,0.0,False,False,False,0.0,False,False,36.842
58,2.9,0,alert,alert,0.917676,0.917676,0.000152,0.0,0.002343,0.079829,0.044317,0.95075,0.0,0.120543,0.120543,0.120543,0.0,0.0,0.0,False,False,False,0.0,False,False,36.966
59,2.95,0,alert,alert,0.906137,0.906137,0.000163,0.0,0.002671,0.09103,0.042908,0.951871,0.0,0.119214,0.119214,0.119214,0.0,0.0,0.0,False,False,False,0.0,False,False,36.691
60,3.0,0,alert,alert,0.898746,0.898746,0.000169,0.0,0.003448,0.097637,0.042943,0.952025,0.0,0.11793,0.11793,0.11793,0.0,0.0,0.0,False,False,False,0.0,False,False,45.488
61,3.05,0,alert,alert,0.900074,0.900074,0.000167,0.0,0.004038,0.095722,0.041643,0.952284,0.0,0.116667,0.116667,0.116667,0.0,0.0,0.0,False,False,False,0.0,False,False,36.599
62,3.1,0,alert,alert,0.911427,0.911427,0.000158,0.0,0.004256,0.084159,0.040114,0.953163,0.0,0.115419,0.115419,0.115419,0.0,0.0,0.0,False,False,False,0.053542,False,False,36.794
63,3.15,0,alert,alert,0.914928,0.914928,0.000157,0.0,0.004723,0.080192,0.040187,0.952951,0.0,0.114213,0.114213,0.114213,0.0,0.0,0.0,False,False,False,0.070443,False,False,36.892
64,3.2,0,alert,alert,0.90483,0.90483,0.000166,0.0,0.005566,0.089438,0.045024,0.95209,0.0,0.113122,0.113122,0.113122,0.0,0.0,0.0,False,False,False,0.116714,False,False,36.778
65,3.25,0,alert,alert,0.913024,0.913024,0.000167,0.0,0.006111,0.080697,0.059577,0.949894,0.0,0.112293,0.112293,0.112293,0.0,0.0,0.0,False,False,False,0.0,False,False,45.486
66,3.3,0,alert,alert,0.923295,0.923295,0.000172,0.0,0.007075,0.069458,0.104064,0.942396,0.0,0.112168,0.112168,0.112168,0.0,0.0,0.0,False,False,False,0.0,False,False,36.629
67,3.35,0,alert,alert,0.910895,0.910895,0.00019,0.0,0.009272,0.079643,0.14783,0.938913,0.0,0.112698,0.112698,0.112698,0.0,0.0,0.0,False,False,False,0.0,False,False,36.492
68,3.4,0,alert,alert,0.893019,0.893019,0.000197,0.0,0.009995,0.096789,0.154808,0.938881,0.0,0.113314,0.113314,0.113314,0.0,0.0,0.0,False,False,False,0.0,False,False,36.976
69,3.45,0,alert,alert,0.876033,0.876033,0.000219,0.0,0.012411,0.111337,0.186334,0.936326,0.0,0.114365,0.114365,0.114365,0.0,0.0,0.0,False,False,False,0.0,False,False,37.091
70,3.5,0,alert,alert,0.837956,0.837956,0.00024,0.0,0.014138,0.147666,0.34583,0.919445,0.0,0.117589,0.117589,0.117589,0.0,0.0,0.0,False,False,False,0.0,False,False,46.291
71,3.55,0,alert,alert,0.763632,0.763632,0.00026,0.0,0.012713,0.223395,0.478473,0.870302,0.0,0.122286,0.122286,0.122286,0.0,0.0,0.0,False,False,False,0.0,False,False,36.968
72,3.6,0,alert,alert,0.59493,0.59493,0.00029,0.0,0.009446,0.395335,0.526223,0.812471,0.0,0.127134,0.127134,0.127134,0.0,0.0,0.0,False,False,False,0.0,False,False,36.814
73,3.65,0,alert,alert,0.680651,0.680651,0.000285,0.0,0.00726,0.311804,0.485772,0.879388,0.0,0.131734,0.131734,0.131734,0.0,0.0,0.0,False,False,False,0.0,False,False,37.687
74,3.7,0,alert,alert,0.801008,0.801008,0.00025,0.0,0.00677,0.191973,0.394841,0.909775,0.0,0.13518,0.13518,0.13518,0.0,0.0,0.0,False,False,False,0.0,False,False,37.085
75,3.75,0,alert,alert,0.874987,0.874987,0.000213,0.0,0.006935,0.117864,0.219821,0.930348,0.0,0.136298,0.136298,0.136298,0.0,0.0,0.0,False,False,False,0.0,False,False,46.361
76,3.8,0,alert,alert,0.889436,0.889436,0.000213,0.0,0.009149,0.101202,0.099544,0.943891,0.0,0.135812,0.135812,0.135812,0.0,0.0,0.0,False,False,False,0.0,False,False,36.701
77,3.85,0,alert,alert,0.903486,0.903486,0.000188,0.0,0.007041,0.089285,0.046643,0.952512,0.0,0.134637,0.134637,0.134637,0.0,0.0,0.0,False,False,False,0.0,False,False,36.487
78,3.9,0,alert,alert,0.917006,0.917006,0.000172,0.0,0.005571,0.077251,0.039966,0.95382,0.0,0.133404,0.133404,0.133404,0.0,0.0,0.0,False,False,False,0.0,False,False,36.546
79,3.95,0,alert,alert,0.91658,0.91658,0.00016,0.0,0.003481,0.079779,0.037787,0.954328,0.0,0.132175,0.132175,0.132175,0.0,0.0,0.0,False,False,False,0.0,False,False,36.316
80,4.0,0,alert,alert,0.923558,0.923558,0.000155,0.0,0.002084,0.074203,0.037242,0.953711,0.0,0.13097,0.13097,0.13097,0.0,0.0,0.0,False,False,False,0.0,False,False,45.44
81,4.05,0,alert,alert,0.929058,0.929058,0.000155,0.0,0.001572,0.069215,0.03921,0.953099,0.0,0.129821,0.129821,0.129821,0.0,0.0,0.0,False,False,False,0.0,False,False,37.246
82,4.1,0,alert,alert,0.924057,0.924057,0.000167,0.0,0.001421,0.074356,0.044781,0.951896,0.0,0.128771,0.128771,0.128771,0.0,0.0,0.0,False,False,False,0.0,False,False,36.717
83,4.15,0,alert,alert,0.910272,0.910272,0.000175,0.0,0.00171,0.087843,0.05355,0.949909,0.0,0.127855,0.127855,0.127855,0.0,0.0,0.0,False,False,False,0.0,False,False,36.535
84,4.2,0,alert,alert,0.899838,0.899838,0.000178,0.0,0.002088,0.097895,0.083382,0.944108,0.0,0.127323,0.127323,0.127323,0.0,0.0,0.0,False,False,False,0.0,False,False,36.757
85,4.25,0,alert,alert,0.909979,0.909979,0.000173,0.0,0.002725,0.087123,0.082443,0.946474,0.0,0.126792,0.126792,0.126792,0.0,0.0,0.0,False,False,False,0.0,False,False,45.381
86,4.3,0,alert,alert,0.921117,0.921117,0.000177,0.0,0.004185,0.074521,0.066915,0.949297,0.0,0.126089,0.126089,0.126089,0.0,0.0,0.0,False,False,False,0.0,False,False,36.832
87,4.35,0,alert,alert,0.926735,0.926735,0.000178,0.0,0.005851,0.067235,0.054262,0.950021,0.0,0.125255,0.125255,0.125255,0.0,0.0,0.0,False,False,False,0.0,False,False,36.871
88,4.4,0,alert,alert,0.917823,0.917823,0.000187,0.0,0.00739,0.0746,0.045366,0.951829,0.0,0.124336,0.124336,0.124336,0.0,0.0,0.0,False,False,False,0.0,False,False,36.744
89,4.45,0,alert,alert,0.908865,0.908865,0.000191,0.0,0.008216,0.082728,0.045091,0.951483,0.0,0.123435,0.123435,0.123435,0.0,0.0,0.0,False,False,False,0.0,False,False,36.554
90,4.5,0,alert,alert,0.910622,0.910622,0.000189,0.0,0.008354,0.080835,0.043649,0.951495,0.0,0.122538,0.122538,0.122538,0.0,0.0,0.0,False,False,False,0.0,False,False,45.494
91,4.55,0,alert,alert,0.90911,0.90911,0.000184,0.0,0.007211,0.083495,0.041851,0.951651,0.0,0.121642,0.121642,0.121642,0.0,0.0,0.0,False,False,False,0.0,False,False,36.628
92,4.6,0,alert,alert,0.912178,0.912178,0.000179,0.0,0.006621,0.081022,0.041706,0.951873,0.0,0.120763,0.120763,0.120763,0.0,0.0,0.0,False,False,False,0.0,False,False,37.37
93,4.65,0,alert,alert,0.90462,0.90462,0.000186,0.0,0.007241,0.087953,0.04057,0.95216,0.0,0.11989,0.11989,0.11989,0.0,0.0,0.0,False,False,False,0.0,False,False,36.845
94,4.7,0,alert,alert,0.914743,0.914743,0.000179,0.0,0.007073,0.078005,0.040654,0.951825,0.0,0.119038,0.119038,0.119038,0.0,0.0,0.0,False,False,False,0.0,False,False,36.666
95,4.75,0,alert,alert,0.919402,0.919402,0.000177,0.0,0.006901,0.073521,0.039716,0.951948,0.0,0.118193,0.118193,0.118193,0.0,0.0,0.0,False,False,False,0.178062,False,False,45.692
96,4.8,0,alert,alert,0.921992,0.921992,0.000176,0.0,0.006399,0.071433,0.041406,0.951983,0.0,0.117384,0.117384,0.117384,0.0,0.0,0.0,False,False,False,0.178062,False,False,37.439
97,4.85,0,alert,alert,0.924819,0.924819,0.000172,0.0,0.005742,0.069267,0.041263,0.951848,0.0,0.116591,0.116591,0.116591,0.0,0.0,0.0,False,False,False,0.059101,False,False,37.369
98,4.9,0,alert,alert,0.930138,0.930138,0.00018,0.0,0.006772,0.06291,0.046678,0.951105,0.0,0.11587,0.11587,0.11587,0.0,0.0,0.0,False,False,False,0.016357,False,False,36.944
99,4.95,0,alert,alert,0.897778,0.897778,0.000207,0.0,0.00945,0.092564,0.414348,0.890784,0.0,0.118724,0.118724,0.118724,0.0,0.0,0.0,False,False,False,0.0,False,False,37.173
100,5.0,0,alert,alert,0.732453,0.732453,0.000282,0.0,0.011482,0.255783,0.514779,0.826333,0.0,0.122206,0.122206,0.122206,0.0,0.0,0.0,False,False,False,0.0,False,False,46.028
101,5.05,4,distraction,distracted,0.513075,0.478807,0.000339,0.0,0.007779,0.513075,0.565336,0.815094,0.0,0.126016,0.126016,0.126016,0.0,0.0,0.0,False,False,False,0.0,False,False,36.921
102,5.1,4,distraction,distracted,0.604239,0.390176,0.000388,0.0,0.005197,0.604239,0.641311,0.818127,0.0,0.130424,0.130424,0.130424,0.0,0.0,0.0,False,False,False,0.0,False,False,36.676
103,5.15,4,distraction,distracted,0.721711,0.273757,0.000434,0.0,0.004098,0.721711,0.706879,0.813454,0.0,0.135286,0.135286,0.135286,0.0,0.0,0.0,False,False,False,0.0,False,False,36.938
104,5.2,4,distraction,distracted,0.524592,0.468704,0.000454,0.0,0.00625,0.524592,0.537513,0.881989,0.0,0.138932,0.138932,0.138932,0.0,0.0,0.0,False,False,False,0.0,False,False,36.745
105,5.25,0,alert,alert,0.694634,0.694634,0.000379,0.0,0.009603,0.295384,0.400568,0.91933,0.0,0.14138,0.14138,0.14138,0.0,0.0,0.0,False,False,False,0.0,False,False,45.938
106,5.3,0,alert,alert,0.817363,0.817363,0.000278,0.0,0.009447,0.172913,0.214784,0.939945,0.0,0.142076,0.142076,0.142076,0.0,0.0,0.0,False,False,False,0.0,False,False,36.735
107,5.35,0,alert,alert,0.8681,0.8681,0.000221,0.0,0.00748,0.124199,0.080672,0.952318,0.0,0.141492,0.141492,0.141492,0.0,0.0,0.0,False,False,False,0.0,False,False,37.203
108,5.4,0,alert,alert,0.848202,0.848202,0.000224,0.0,0.004961,0.146614,0.120427,0.946725,0.0,0.141294,0.141294,0.141294,0.0,0.0,0.0,False,False,False,0.0,False,False,36.757
109,5.45,0,alert,alert,0.819205,0.819205,0.000238,0.0,0.003073,0.177484,0.335066,0.910699,0.0,0.143025,0.143025,0.143025,0.0,0.0,0.0,False,False,False,0.0,False,False,36.776
110,5.5,0,alert,alert,0.808701,0.808701,0.000247,0.0,0.002441,0.188611,0.398991,0.905662,0.0,0.145278,0.145278,0.145278,0.0,0.0,0.0,False,False,False,0.0,False,False,45.552
111,5.55,0,alert,alert,0.701309,0.701309,0.000329,0.0,0.002049,0.296313,0.457279,0.895423,0.0,0.147969,0.147969,0.147969,0.0,0.0,0.0,False,False,False,0.0,False,False,36.899
112,5.6,0,alert,alert,0.677067,0.677067,0.000364,0.0,0.001596,0.320973,0.416899,0.911748,0.0,0.150311,0.150311,0.150311,0.0,0.0,0.0,False,False,False,0.0,False,False,36.993
113,5.65,0,alert,alert,0.769969,0.769969,0.000343,0.0,0.001284,0.228404,0.310596,0.928429,0.0,0.15172,0.15172,0.15172,0.0,0.0,0.0,False,False,False,0.107452,False,False,36.674
114,5.7,0,alert,alert,0.825139,0.825139,0.00031,0.0,0.001086,0.173465,0.146858,0.945073,0.0,0.151677,0.151677,0.151677,0.0,0.0,0.0,False,False,False,0.107452,False,False,36.61
115,5.75,0,alert,alert,0.890163,0.890163,0.000253,0.0,0.000943,0.108641,0.066269,0.952964,0.0,0.15092,0.15092,0.15092,0.0,0.0,0.0,False,False,False,0.281631,False,False,45.807
116,5.8,0,alert,alert,0.917754,0.917754,0.000229,0.0,0.00088,0.081136,0.042034,0.954997,0.0,0.149961,0.149961,0.149961,0.0,0.0,0.0,False,False,False,0.0,False,False,36.857
117,5.85,0,alert,alert,0.925958,0.925958,0.000223,0.0,0.000864,0.072955,0.038298,0.9548,0.0,0.148987,0.148987,0.148987,0.0,0.0,0.0,False,False,False,0.0,False,False,36.772
118,5.9,0,alert,alert,0.934477,0.934477,0.000216,0.0,0.000869,0.064438,0.038452,0.953925,0.0,0.148032,0.148032,0.148032,0.0,0.0,0.0,False,False,False,0.0,False,False,36.625
119,5.95,0,alert,alert,0.928458,0.928458,0.000221,0.0,0.000856,0.070465,0.040051,0.953049,0.0,0.147108,0.147108,0.147108,0.0,0.0,0.0,False,False,False,0.0,False,False,36.653
120,6.0,0,alert,alert,0.942075,0.942075,0.000197,0.0,0.00082,0.056908,0.044327,0.951898,0.0,0.146236,0.146236,0.146236,0.0,0.0,0.0,False,False,False,0.0,False,False,45.658
121,6.05,0,alert,alert,0.947385,0.947385,0.000187,0.0,0.000799,0.051628,0.052975,0.950122,0.0,0.145454,0.145454,0.145454,0.0,0.0,0.0,False,False,False,0.0,False,False,36.939
122,6.1,0,alert,alert,0.923811,0.923811,0.000225,0.0,0.000823,0.075141,0.064689,0.947517,0.0,0.144784,0.144784,0.144784,0.0,0.0,0.0,False,False,False,0.0,False,False,36.648
123,6.15,0,alert,alert,0.910242,0.910242,0.000243,0.0,0.000861,0.088654,0.407299,0.893474,0.0,0.146822,0.146822,0.146822,0.0,0.0,0.0,False,False,False,0.213584,False,False,36.768
124,6.2,0,alert,alert,0.899117,0.899117,0.000282,0.0,0.000922,0.099679,0.507237,0.835619,0.0,0.14942,0.14942,0.14942,0.0,0.0,0.0,False,False,False,0.261206,False,False,36.845
125,6.25,0,alert,alert,0.866493,0.866493,0.000397,0.0,0.001085,0.132025,0.534964,0.800218,0.0,0.152063,0.152063,0.152063,0.0,0.0,0.0,False,False,False,0.0,False,False,45.686
126,6.3,0,alert,alert,0.819969,0.819969,0.000677,0.0,0.001283,0.178072,0.545968,0.794722,0.0,0.154727,0.154727,0.154727,0.0,0.0,0.0,False,False,False,0.0,False,False,37.039
127,6.35,0,alert,alert,0.772305,0.772305,0.001521,0.0,0.001597,0.224577,0.590765,0.794507,0.0,0.157655,0.157655,0.157655,0.0,0.0,0.0,False,False,False,0.0,False,False,36.996
128,6.4,0,alert,alert,0.701549,0.701549,0.005249,0.0,0.002375,0.290827,0.667986,0.798534,0.0,0.161076,0.161076,0.161076,0.0,0.0,0.0,False,False,False,0.0,False,False,36.927
129,6.45,0,alert,alert,0.53566,0.53566,0.023549,0.0,0.003969,0.436822,0.744279,0.796421,0.0,0.164949,0.164949,0.164949,0.0,0.0,0.0,False,False,False,0.0,False,False,36.604
130,6.5,4,distraction,distracted,0.555893,0.334864,0.102997,0.0,0.006246,0.555893,0.778058,0.782155,0.0,0.168923,0.168923,0.168923,0.0,0.0,0.0,False,False,False,0.0,False,False,45.517
131,6.55,4,distraction,distracted,0.457258,0.169777,0.364966,0.0,0.007999,0.457258,0.805829,0.76951,0.0,0.172958,0.172958,0.172958,0.0,0.0,0.0,False,False,False,0.0,False,False,36.935
132,6.6,1,drowsy,drowsy,0.733775,0.05441,0.733775,0.0,0.006216,0.205599,0.820288,0.75956,0.0,0.176981,0.176981,0.176981,0.0,0.0,0.0,False,False,False,0.0,False,False,36.813
133,6.65,1,drowsy,drowsy,0.908837,0.015552,0.908837,0.0,0.00382,0.07179,0.831598,0.750807,0.05,0.180977,0.180977,0.180977,0.0,0.0,0.0,False,False,False,0.0,False,False,36.847
134,6.7,1,drowsy,drowsy,0.961759,0.006051,0.961759,0.0,0.002634,0.029556,0.839204,0.74373,0.1,0.184934,0.184934,0.184934,0.0,0.0,0.0,False,False,False,0.0,False,False,36.968
135,6.75,1,drowsy,drowsy,0.980789,0.003126,0.980789,0.0,0.002064,0.014021,0.84212,0.736734,0.15,0.188825,0.188825,0.188825,0.0,0.0,0.0,False,False,False,0.0,False,False,45.649
136,6.8,1,drowsy,drowsy,0.988896,0.00197,0.988896,0.0,0.001785,0.007349,0.85032,0.728292,0.2,0.192673,0.192673,0.192673,0.0,0.0,0.0,False,False,False,0.0,False,False,37.459
137,6.85,1,drowsy,drowsy,1.0,0.0,1.0,0.0,0.0,0.0,0.84747,0.726739,0.25,0.196453,0.196453,0.196453,0.048305,0.048305,0.048305,False,False,False,0.0,False,True,37.063
138,6.9,1,drowsy,drowsy,1.0,0.0,1.0,0.0,0.0,0.0,0.854164,0.717632,0.3,0.20018,0.20018,0.20018,0.052872,0.052872,0.052872,False,False,False,0.0,False,True,37.5
139,6.95,1,drowsy,drowsy,1.0,0.0,1.0,0.0,0.0,0.0,0.860091,0.709585,0.35,0.203858,0.203858,0.203858,0.05737,0.05737,0.05737,False,False,False,0.0,False,True,37.294
140,7.0,1,drowsy,drowsy,1.0,0.0,1.0,0.0,0.0,0.0,0.86554,0.699115,0.4,0.207471,0.207471,0.207471,0.061783,0.061783,0.061783,False,False,False,0.0,False,True,45.836
141,7.05,1,drowsy,drowsy,1.0,0.0,1.0,0.0,0.0,0.0,0.866624,0.688206,0.45,0.210995,0.210995,0.210995,0.066086,0.066086,0.066086,False,False,False,0.0,False,True,36.894
142,7.1,1,drowsy,drowsy,1.0,0.0,1.0,0.0,0.0,0.0,0.872867,0.679474,0.5,0.21447,0.21447,0.21447,0.070322,0.070322,0.070322,False,False,False,0.0,False,True,37.136
143,7.15,1,drowsy,drowsy,1.0,0.0,1.0,0.0,0.0,0.0,0.878321,0.672355,0.55,0.217901,0.217901,0.217901,0.074499,0.074499,0.074499,False,False,False,0.0,False,True,37.013
144,7.2,1,drowsy,drowsy,1.0,0.0,1.0,0.0,0.0,0.0,0.87602,0.671577,0.6,0.221282,0.221282,0.221282,0.078616,0.078616,0.078616,False,False,False,0.0,False,True,36.928
145,7.25,1,drowsy,drowsy,1.0,0.0,1.0,0.0,0.0,0.0,0.876656,0.673121,0.65,0.224639,0.224639,0.224639,0.082703,0.082703,0.082703,False,False,False,0.0,False,True,45.701
146,7.3,1,drowsy,drowsy,1.0,0.0,1.0,0.0,0.0,0.0,0.875806,0.675002,0.7,0.227966,0.227966,0.227966,0.086756,0.086756,0.086756,False,False,False,0.0,False,True,36.892
147,7.35,1,drowsy,drowsy,1.0,0.0,1.0,0.0,0.0,0.0,0.84111,0.69578,0.75,0.231179,0.231179,0.231179,0.090709,0.090709,0.090709,False,False,False,0.0,False,True,36.983
148,7.4,1,drowsy,drowsy,1.0,0.0,1.0,0.0,0.0,0.0,0.619143,0.801092,0.8,0.233505,0.233505,0.233505,0.093878,0.093878,0.093878,False,False,False,0.0,False,True,37.06
149,7.45,1,drowsy,drowsy,1.0,0.0,1.0,0.0,0.0,0.0,0.413329,0.886136,0.0,0.23469,0.23469,0.23469,0.095983,0.095983,0.095983,False,False,False,0.0,False,True,37.282
150,7.5,1,drowsy,drowsy,1.0,0.0,1.0,0.0,0.0,0.0,0.202116,0.92911,0.0,0.234467,0.234467,0.234467,0.095324,0.095324,0.095324,False,False,False,0.0,False,True,45.575
151,7.55,1,drowsy,drowsy,1.0,0.0,1.0,0.0,0.0,0.0,0.077629,0.94872,0.0,0.233375,0.233375,0.233375,0.094661,0.094661,0.094661,False,False,False,0.0,False,True,37.111
152,7.6,1,drowsy,drowsy,1.0,0.0,1.0,0.0,0.0,0.0,0.04976,0.955367,0.0,0.232098,0.232098,0.232098,0.094002,0.094002,0.094002,False,False,False,0.0,False,True,36.994
153,7.65,1,drowsy,drowsy,1.0,0.0,1.0,0.0,0.0,0.0,0.043107,0.956323,0.0,0.230791,0.230791,0.230791,0.093352,0.093352,0.093352,False,False,False,0.0,False,True,36.884
154,7.7,1,drowsy,drowsy,1.0,0.0,1.0,0.0,0.0,0.0,0.039302,0.955103,0.0,0.229477,0.229477,0.229477,0.092712,0.092712,0.092712,False,False,False,0.0,False,True,36.887
155,7.75,1,drowsy,drowsy,1.0,0.0,1.0,0.0,0.0,0.0,0.037313,0.954272,0.0,0.228169,0.228169,0.228169,0.09208,0.09208,0.09208,False,False,False,0.0,False,True,45.542
156,7.8,1,drowsy,drowsy,1.0,0.0,1.0,0.0,0.0,0.0,0.038374,0.952972,0.0,0.226887,0.226887,0.226887,0.091459,0.091459,0.091459,False,False,False,0.0,False,True,36.599
157,7.85,1,drowsy,drowsy,1.0,0.0,1.0,0.0,0.0,0.0,0.040258,0.952164,0.0,0.225637,0.225637,0.225637,0.090846,0.090846,0.090846,False,False,False,0.0,False,True,36.987
158,7.9,1,drowsy,drowsy,1.0,0.0,1.0,0.0,0.0,0.0,0.039313,0.952707,0.0,0.224396,0.224396,0.224396,0.090241,0.090241,0.090241,False,False,False,0.0,False,True,36.91
159,7.95,1,drowsy,drowsy,1.0,0.0,1.0,0.0,0.0,0.0,0.042737,0.951433,0.0,0.223195,0.223195,0.223195,0.089644,0.089644,0.089644,False,False,False,0.0,False,True,36.93
160,8.0,1,drowsy,drowsy,1.0,0.0,1.0,0.0,0.0,0.0,0.040633,0.951987,0.0,0.221996,0.221996,0.221996,0.089056,0.089056,0.089056,False,False,False,0.0,False,True,45.672
161,8.05,1,drowsy,drowsy,1.0,0.0,1.0,0.0,0.0,0.0,0.041004,0.95214,0.0,0.220815,0.220815,0.220815,0.088474,0.088474,0.088474,False,False,False,0.0,False,True,36.798
162,8.1,1,drowsy,drowsy,1.0,0.0,1.0,0.0,0.0,0.0,0.041548,0.952169,0.0,0.219652,0.219652,0.219652,0.087901,0.087901,0.087901,False,False,False,0.0,False,True,36.635
163,8.15,1,drowsy,drowsy,1.0,0.0,1.0,0.0,0.0,0.0,0.042533,0.951709,0.0,0.218512,0.218512,0.218512,0.087335,0.087335,0.087335,False,False,False,0.0,False,True,37.103
164,8.2,1,drowsy,drowsy,1.0,0.0,1.0,0.0,0.0,0.0,0.044199,0.951573,0.0,0.217397,0.217397,0.217397,0.086776,0.086776,0.086776,False,False,False,0.0,False,True,37.398
165,8.25,1,drowsy,drowsy,1.0,0.0,1.0,0.0,0.0,0.0,0.044672,0.951422,0.0,0.216299,0.216299,0.216299,0.086224,0.086224,0.086224,False,False,False,0.0,False,True,45.963
166,8.3,1,drowsy,drowsy,1.0,0.0,1.0,0.0,0.0,0.0,0.045675,0.951101,0.0,0.215222,0.215222,0.215222,0.08568,0.08568,0.08568,False,False,False,0.004007,False,True,37.916
167,8.35,1,drowsy,drowsy,1.0,0.0,1.0,0.0,0.0,0.0,0.043487,0.951167,0.0,0.214144,0.214144,0.214144,0.085142,0.085142,0.085142,False,False,False,0.010416,False,True,37.011
168,8.4,1,drowsy,drowsy,1.0,0.0,1.0,0.0,0.0,0.0,0.04196,0.951734,0.0,0.21307,0.21307,0.21307,0.084611,0.084611,0.084611,False,False,False,0.010416,False,True,37.51
169,8.45,1,drowsy,drowsy,1.0,0.0,1.0,0.0,0.0,0.0,0.042749,0.951532,0.0,0.212014,0.212014,0.212014,0.084087,0.084087,0.084087,False,False,False,0.0,False,True,38.57
170,8.5,1,drowsy,drowsy,1.0,0.0,1.0,0.0,0.0,0.0,0.044472,0.95059,0.0,0.210983,0.210983,0.210983,0.083569,0.083569,0.083569,False,False,False,0.0,False,True,46.47
171,8.55,1,drowsy,drowsy,1.0,0.0,1.0,0.0,0.0,0.0,0.043008,0.95107,0.0,0.209955,0.209955,0.209955,0.083058,0.083058,0.083058,False,False,False,0.0,False,True,37.231
172,8.6,1,drowsy,drowsy,1.0,0.0,1.0,0.0,0.0,0.0,0.045253,0.950562,0.0,0.208954,0.208954,0.208954,0.082553,0.082553,0.082553,False,False,False,0.0,False,True,36.73
173,8.65,1,drowsy,drowsy,1.0,0.0,1.0,0.0,0.0,0.0,0.047049,0.950401,0.0,0.207976,0.207976,0.207976,0.082054,0.082054,0.082054,False,False,False,0.0,False,True,36.888
174,8.7,1,drowsy,drowsy,1.0,0.0,1.0,0.0,0.0,0.0,0.046751,0.950645,0.0,0.207007,0.207007,0.207007,0.081561,0.081561,0.081561,False,False,False,0.0,False,True,36.871
175,8.75,1,drowsy,drowsy,1.0,0.0,1.0,0.0,0.0,0.0,0.043968,0.951367,0.0,0.206033,0.206033,0.206033,0.081074,0.081074,0.081074,False,False,False,0.0,False,True,45.906
176,8.8,1,drowsy,drowsy,1.0,0.0,1.0,0.0,0.0,0.0,0.041368,0.951236,0.0,0.205055,0.205055,0.205055,0.080592,0.080592,0.080592,False,False,False,0.022775,False,True,36.977
177,8.85,1,drowsy,drowsy,1.0,0.0,1.0,0.0,0.0,0.0,0.040337,0.951725,0.0,0.204082,0.204082,0.204082,0.080116,0.080116,0.080116,False,False,False,0.081369,False,True,36.905
178,8.9,1,drowsy,drowsy,1.0,0.0,1.0,0.0,0.0,0.0,0.041227,0.951444,0.0,0.203126,0.203126,0.203126,0.079646,0.079646,0.079646,False,False,False,0.0,False,True,36.838
179,8.95,1,drowsy,drowsy,1.0,0.0,1.0,0.0,0.0,0.0,0.041223,0.951558,0.0,0.202181,0.202181,0.202181,0.079181,0.079181,0.079181,False,False,False,0.0,False,True,36.591
180,9.0,1,drowsy,drowsy,1.0,0.0,1.0,0.0,0.0,0.0,0.04188,0.95138,0.0,0.20125,0.20125,0.20125,0.078721,0.078721,0.078721,False,False,False,0.0,False,True,45.563
181,9.05,1,drowsy,drowsy,1.0,0.0,1.0,0.0,0.0,0.0,0.041358,0.951311,0.0,0.200328,0.200328,0.200328,0.078267,0.078267,0.078267,False,False,False,0.0,False,True,36.799
182,9.1,1,drowsy,drowsy,1.0,0.0,1.0,0.0,0.0,0.0,0.041738,0.951301,0.0,0.199419,0.199419,0.199419,0.077818,0.077818,0.077818,False,False,False,0.0,False,True,36.756
183,9.15,1,drowsy,drowsy,1.0,0.0,1.0,0.0,0.0,0.0,0.042103,0.951169,0.0,0.198522,0.198522,0.198522,0.077375,0.077375,0.077375,False,False,False,0.0,False,True,36.762
184,9.2,1,drowsy,drowsy,1.0,0.0,1.0,0.0,0.0,0.0,0.100114,0.940705,0.0,0.19797,0.19797,0.19797,0.076941,0.076941,0.076941,False,False,False,0.0,False,True,36.386
185,9.25,1,drowsy,drowsy,1.0,0.0,1.0,0.0,0.0,0.0,0.438473,0.884338,0.0,0.199231,0.199231,0.199231,0.076537,0.076537,0.076537,False,False,False,0.0,False,True,45.44
186,9.3,1,drowsy,drowsy,1.0,0.0,1.0,0.0,0.0,0.0,0.378754,0.919577,0.0,0.200205,0.200205,0.200205,0.076122,0.076122,0.076122,False,False,False,0.0,False,True,36.901
187,9.35,1,drowsy,drowsy,1.0,0.0,1.0,0.0,0.0,0.0,0.257179,0.937467,0.0,0.200518,0.200518,0.200518,0.075704,0.075704,0.075704,False,False,False,0.007987,False,True,36.754
188,9.4,1,drowsy,drowsy,1.0,0.0,1.0,0.0,0.0,0.0,0.105484,0.949611,0.0,0.199991,0.199991,0.199991,0.075284,0.075284,0.075284,False,False,False,0.0,False,True,36.747
189,9.45,1,drowsy,drowsy,1.0,0.0,1.0,0.0,0.0,0.0,0.054971,0.953773,0.0,0.199189,0.199189,0.199189,0.074868,0.074868,0.074868,False,False,False,0.0,False,True,36.693
190,9.5,1,drowsy,drowsy,1.0,0.0,1.0,0.0,0.0,0.0,0.042472,0.954493,0.0,0.198326,0.198326,0.198326,0.074456,0.074456,0.074456,False,False,False,0.0,False,True,45.597
191,9.55,1,drowsy,drowsy,1.0,0.0,1.0,0.0,0.0,0.0,0.04069,0.953806,0.0,0.197464,0.197464,0.197464,0.074048,0.074048,0.074048,False,False,False,0.0,False,True,36.547
192,9.6,1,drowsy,drowsy,1.0,0.0,1.0,0.0,0.0,0.0,0.039653,0.953169,0.0,0.196605,0.196605,0.196605,0.073646,0.073646,0.073646,False,False,False,0.0,False,True,36.753
193,9.65,1,drowsy,drowsy,1.0,0.0,1.0,0.0,0.0,0.0,0.041392,0.952174,0.0,0.195767,0.195767,0.195767,0.073248,0.073248,0.073248,False,False,False,0.0,False,True,36.764
194,9.7,1,drowsy,drowsy,1.0,0.0,1.0,0.0,0.0,0.0,0.048326,0.950421,0.0,0.194976,0.194976,0.194976,0.072855,0.072855,0.072855,False,False,False,0.0,False,True,37.607
195,9.75,1,drowsy,drowsy,1.0,0.0,1.0,0.0,0.0,0.0,0.064315,0.947026,0.0,0.194281,0.194281,0.194281,0.072467,0.072467,0.072467,False,False,False,0.0,False,True,45.777
196,9.8,1,drowsy,drowsy,1.0,0.0,1.0,0.0,0.0,0.0,0.156392,0.933639,0.0,0.194084,0.194084,0.194084,0.07209,0.07209,0.07209,False,False,False,0.0,False,True,36.933
197,9.85,1,drowsy,drowsy,1.0,0.0,1.0,0.0,0.0,0.0,0.452362,0.884185,0.0,0.195353,0.195353,0.195353,0.071735,0.071735,0.071735,False,False,False,0.0,False,True,36.877
198,9.9,1,drowsy,drowsy,1.0,0.0,1.0,0.0,0.0,0.0,0.518575,0.828246,0.0,0.196834,0.196834,0.196834,0.071407,0.071407,0.071407,False,False,False,0.0,False,True,36.495
199,9.95,1,drowsy,drowsy,1.0,0.0,1.0,0.0,0.0,0.0,0.519979,0.821598,0.0,0.198296,0.198296,0.198296,0.071083,0.071083,0.071083,True,False,False,0.0,False,True,36.673
200,10.0,1,drowsy,drowsy,1.0,0.0,1.0,0.0,0.0,0.0,0.464068,0.886461,0.0,0.198042,0.199587,0.199587,0.070953,0.070738,0.070738,True,False,False,0.0,False,True,45.531
201,10.05,1,drowsy,drowsy,1.0,0.0,1.0,0.0,0.0,0.0,0.348915,0.916492,0.0,0.197264,0.200333,0.200333,0.07085,0.070385,0.070385,True,False,False,0.0,False,True,36.678
202,10.1,1,drowsy,drowsy,1.0,0.0,1.0,0.0,0.0,0.0,0.1673,0.938971,0.0,0.19711,0.200165,0.200165,0.070487,0.070026,0.070026,True,False,False,0.0,False,True,36.641
203,10.15,1,drowsy,drowsy,1.0,0.0,1.0,0.0,0.0,0.0,0.066228,0.951604,0.0,0.195587,0.199477,0.199477,0.07078,0.069666,0.069666,True,False,False,0.0,False,True,36.584
204,10.2,1,drowsy,drowsy,1.0,0.0,1.0,0.0,0.0,0.0,0.043971,0.955309,0.0,0.194797,0.198679,0.198679,0.070411,0.069309,0.069309,True,False,False,0.0,False,True,37.02
205,10.25,1,drowsy,drowsy,1.0,0.0,1.0,0.0,0.0,0.0,0.039806,0.955432,0.0,0.193327,0.197868,0.197868,0.070732,0.068955,0.068955,True,False,False,0.0,False,True,45.401
206,10.3,1,drowsy,drowsy,1.0,0.0,1.0,0.0,0.0,0.0,0.037287,0.95444,0.0,0.191976,0.197054,0.197054,0.070718,0.068605,0.068605,True,False,False,0.0,False,True,36.902
207,10.35,1,drowsy,drowsy,1.0,0.0,1.0,0.0,0.0,0.0,0.038033,0.953856,0.0,0.191176,0.196252,0.196252,0.07035,0.068259,0.068259,True,False,False,0.0,False,True,36.781
208,10.4,1,drowsy,drowsy,1.0,0.0,1.0,0.0,0.0,0.0,0.039447,0.953328,0.0,0.191417,0.195465,0.195465,0.070714,0.067917,0.067917,True,False,False,0.0,False,True,36.784
209,10.45,1,drowsy,drowsy,1.0,0.0,1.0,0.0,0.0,0.0,0.040678,0.952741,0.0,0.190635,0.194693,0.194693,0.070346,0.067578,0.067578,True,False,False,0.0,False,True,36.667
210,10.5,1,drowsy,drowsy,1.0,0.0,1.0,0.0,0.0,0.0,0.040012,0.952397,0.0,0.191418,0.193926,0.193926,0.070715,0.067243,0.067243,True,False,False,0.0,False,True,45.461
211,10.55,1,drowsy,drowsy,1.0,0.0,1.0,0.0,0.0,0.0,0.039796,0.951816,0.0,0.191432,0.193165,0.193165,0.070716,0.066911,0.066911,True,False,False,0.0,False,True,36.841
212,10.6,1,drowsy,drowsy,1.0,0.0,1.0,0.0,0.0,0.0,0.043804,0.951071,0.0,0.190666,0.192432,0.192432,0.07035,0.066583,0.066583,True,False,False,0.0,False,True,36.538
213,10.65,1,drowsy,drowsy,1.0,0.0,1.0,0.0,0.0,0.0,0.048112,0.950552,0.0,0.191532,0.191728,0.191728,0.070718,0.066258,0.066258,True,False,False,0.0,False,True,36.626
214,10.7,1,drowsy,drowsy,1.0,0.0,1.0,0.0,0.0,0.0,0.046739,0.951025,0.0,0.190781,0.191024,0.191024,0.070352,0.065936,0.065936,True,False,False,0.0,False,True,36.363
215,10.75,1,drowsy,drowsy,1.0,0.0,1.0,0.0,0.0,0.0,0.045306,0.951516,0.0,0.191598,0.190319,0.190319,0.070719,0.065617,0.065617,True,False,False,0.0,False,True,45.525
216,10.8,1,drowsy,drowsy,1.0,0.0,1.0,0.0,0.0,0.0,0.042819,0.951954,0.0,0.191617,0.189608,0.189608,0.070719,0.065301,0.065301,True,False,False,0.0,False,True,36.646
217,10.85,1,drowsy,drowsy,1.0,0.0,1.0,0.0,0.0,0.0,0.040939,0.951326,0.0,0.190836,0.188896,0.188896,0.070352,0.064988,0.064988,True,False,False,0.0,False,True,36.539
218,10.9,1,drowsy,drowsy,1.0,0.0,1.0,0.0,0.0,0.0,0.042693,0.950914,0.0,0.189979,0.1882,0.1882,0.070701,0.064679,0.064679,True,False,False,0.0,False,True,37.071
219,10.95,1,drowsy,drowsy,1.0,0.0,1.0,0.0,0.0,0.0,0.044382,0.950816,0.0,0.189225,0.187518,0.187518,0.070334,0.064372,0.064372,True,False,False,0.0,False,True,36.642
220,11.0,1,drowsy,drowsy,1.0,0.0,1.0,0.0,0.0,0.0,0.044604,0.95082,0.0,0.185551,0.186843,0.186843,0.070617,0.064068,0.064068,True,False,False,0.0,False,True,45.809
221,11.05,1,drowsy,drowsy,1.0,0.0,1.0,0.0,0.0,0.0,0.045788,0.950539,0.0,0.183557,0.186181,0.186181,0.070598,0.063767,0.063767,True,False,False,0.0,False,True,36.814
222,11.1,1,drowsy,drowsy,1.0,0.0,1.0,0.0,0.0,0.0,0.048889,0.950086,0.0,0.182861,0.185539,0.185539,0.070233,0.063469,0.063469,True,False,False,0.0,False,True,37.089
223,11.15,1,drowsy,drowsy,1.0,0.0,1.0,0.0,0.0,0.0,0.045616,0.950881,0.0,0.181754,0.184888,0.184888,0.070585,0.063174,0.063174,True,False,False,0.0,False,True,36.573
224,11.2,1,drowsy,drowsy,1.0,0.0,1.0,0.0,0.0,0.0,0.046024,0.950769,0.0,0.181052,0.184245,0.184245,0.07022,0.062881,0.062881,True,False,False,0.0,False,True,36.734
225,11.25,1,drowsy,drowsy,1.0,0.0,1.0,0.0,0.0,0.0,0.048675,0.950329,0.0,0.181724,0.18362,0.18362,0.070588,0.062592,0.062592,True,False,False,0.0,False,True,45.597
226,11.3,1,drowsy,drowsy,1.0,0.0,1.0,0.0,0.0,0.0,0.049036,0.950924,0.0,0.181783,0.183003,0.183003,0.070589,0.062304,0.062304,True,False,False,0.0,False,True,36.74
227,11.35,1,drowsy,drowsy,1.0,0.0,1.0,0.0,0.0,0.0,0.052012,0.950066,0.0,0.181112,0.182405,0.182405,0.070224,0.06202,0.06202,True,False,False,0.0,False,True,36.683
228,11.4,1,drowsy,drowsy,1.0,0.0,1.0,0.0,0.0,0.0,0.052449,0.950316,0.0,0.181938,0.181814,0.181814,0.070592,0.061738,0.061738,True,False,False,0.0,False,True,36.523
229,11.45,1,drowsy,drowsy,1.0,0.0,1.0,0.0,0.0,0.0,0.053016,0.950409,0.0,0.181271,0.181231,0.181231,0.070227,0.061459,0.061459,True,False,False,0.0,False,True,36.709
230,11.5,1,drowsy,drowsy,1.0,0.0,1.0,0.0,0.0,0.0,0.168953,0.927891,0.0,0.182543,0.181177,0.181177,0.0706,0.061188,0.061188,True,False,False,0.0,False,True,45.912
231,11.55,1,drowsy,drowsy,1.0,0.0,1.0,0.0,0.0,0.0,0.14794,0.934716,0.0,0.181305,0.18103,0.18103,0.070578,0.060918,0.060918,True,False,False,0.0,False,True,36.852
232,11.6,1,drowsy,drowsy,1.0,0.0,1.0,0.0,0.0,0.0,0.285298,0.913643,0.0,0.181822,0.181478,0.181478,0.070228,0.060657,0.060657,True,False,False,0.0,False,True,37.052
233,11.65,1,drowsy,drowsy,1.0,0.0,1.0,0.0,0.0,0.0,0.353141,0.902843,0.0,0.182743,0.182203,0.182203,0.070601,0.060401,0.060401,True,False,False,0.0,False,True,37.22
234,11.7,1,drowsy,drowsy,1.0,0.0,1.0,0.0,0.0,0.0,0.401069,0.893407,0.0,0.183805,0.183114,0.183114,0.070257,0.060149,0.060149,True,False,False,0.0,False,True,36.66
235,11.75,1,drowsy,drowsy,1.0,0.0,1.0,0.0,0.0,0.0,0.266003,0.92383,0.0,0.185581,0.18347,0.18347,0.070635,0.059891,0.059891,True,False,False,0.0,False,True,45.724
236,11.8,1,drowsy,drowsy,1.0,0.0,1.0,0.0,0.0,0.0,0.255723,0.92298,0.0,0.186675,0.183778,0.183778,0.070646,0.059636,0.059636,True,False,False,0.0,False,True,36.806
237,11.85,1,drowsy,drowsy,1.0,0.0,1.0,0.0,0.0,0.0,0.335509,0.911285,0.0,0.187414,0.184414,0.184414,0.070296,0.059386,0.059386,True,False,False,0.0,False,True,36.828
238,11.9,1,drowsy,drowsy,1.0,0.0,1.0,0.0,0.0,0.0,0.507215,0.82875,0.0,0.190404,0.18564,0.18564,0.07071,0.05916,0.05916,True,False,False,0.0,False,True,36.684
239,11.95,1,drowsy,drowsy,1.0,0.0,1.0,0.0,0.0,0.0,0.546647,0.808078,0.0,0.191974,0.186972,0.186972,0.070399,0.058942,0.058942,True,False,False,0.0,False,True,36.717
240,12.0,1,drowsy,drowsy,1.0,0.0,1.0,0.0,0.0,0.0,0.56867,0.802097,0.0,0.195187,0.188365,0.188365,0.070824,0.058727,0.058727,True,False,False,0.0,False,True,45.741
241,12.05,1,drowsy,drowsy,1.0,0.0,1.0,0.0,0.0,0.0,0.489158,0.882962,0.0,0.197391,0.189569,0.189569,0.07085,0.058492,0.058492,True,False,False,0.0,False,True,36.974
242,12.1,1,drowsy,drowsy,1.0,0.0,1.0,0.0,0.0,0.0,0.375348,0.915765,0.0,0.198281,0.190337,0.190337,0.070496,0.05825,0.05825,True,False,False,0.0,False,True,36.795
243,12.15,1,drowsy,drowsy,1.0,0.0,1.0,0.0,0.0,0.0,0.179192,0.937138,0.0,0.199797,0.19029,0.19029,0.070869,0.058005,0.058005,True,False,False,0.0,False,True,36.625
244,12.2,1,drowsy,drowsy,1.0,0.0,1.0,0.0,0.0,0.0,0.066447,0.951412,0.0,0.199104,0.189763,0.189763,0.070501,0.057758,0.057758,True,False,False,0.0,False,True,36.82
245,12.25,1,drowsy,drowsy,1.0,0.0,1.0,0.0,0.0,0.0,0.044132,0.955378,0.0,0.199907,0.189143,0.189143,0.070867,0.057512,0.057512,True,False,False,0.0,False,True,46.113
246,12.3,1,drowsy,drowsy,1.0,0.0,1.0,0.0,0.0,0.0,0.039507,0.955184,0.0,0.199867,0.188508,0.188508,0.070865,0.057268,0.057268,True,False,False,0.0,False,True,36.792
247,12.35,1,drowsy,drowsy,1.0,0.0,1.0,0.0,0.0,0.0,0.037301,0.954789,0.0,0.199019,0.187871,0.187871,0.070496,0.057027,0.057027,True,False,False,0.0,False,True,36.661
248,12.4,1,drowsy,drowsy,1.0,0.0,1.0,0.0,0.0,0.0,0.036086,0.95395,0.0,0.199779,0.187234,0.187234,0.070863,0.056787,0.056787,True,False,False,0.0,False,True,36.876
249,12.45,1,drowsy,drowsy,1.0,0.0,1.0,0.0,0.0,0.0,0.042374,0.952118,0.0,0.198961,0.186629,0.186629,0.070494,0.05655,0.05655,True,False,False,0.0,False,True,36.729
250,12.5,1,drowsy,drowsy,1.0,0.0,1.0,0.0,0.0,0.0,0.042255,0.951672,0.0,0.199734,0.18603,0.18603,0.070862,0.056316,0.056316,True,False,False,0.0,False,True,45.656
251,12.55,1,drowsy,drowsy,1.0,0.0,1.0,0.0,0.0,0.0,0.041898,0.951733,0.0,0.199704,0.185434,0.185434,0.070861,0.056083,0.056083,True,False,False,0.0,False,True,36.88
252,12.6,1,drowsy,drowsy,1.0,0.0,1.0,0.0,0.0,0.0,0.043665,0.951163,0.0,0.198893,0.18485,0.18485,0.070493,0.055852,0.055852,True,False,False,0.0,False,True,36.77
253,12.65,1,drowsy,drowsy,1.0,0.0,1.0,0.0,0.0,0.0,0.043279,0.950696,0.0,0.19971,0.18427,0.18427,0.070862,0.055623,0.055623,True,False,False,0.0,False,True,37.026
254,12.7,1,drowsy,drowsy,1.0,0.0,1.0,0.0,0.0,0.0,0.04113,0.951581,0.0,0.198886,0.183686,0.183686,0.070494,0.055396,0.055396,True,False,False,0.0,False,True,37.698
255,12.75,1,drowsy,drowsy,1.0,0.0,1.0,0.0,0.0,0.0,0.042316,0.951642,0.0,0.19969,0.183111,0.183111,0.070863,0.055171,0.055171,True,False,False,0.0,False,True,46.096
256,12.8,1,drowsy,drowsy,1.0,0.0,1.0,0.0,0.0,0.0,0.042231,0.951826,0.0,0.199699,0.18254,0.18254,0.070863,0.054947,0.054947,True,False,False,0.0,False,True,37.141
257,12.85,1,drowsy,drowsy,1.0,0.0,1.0,0.0,0.0,0.0,0.043185,0.951425,0.0,0.198886,0.181978,0.181978,0.070495,0.054725,0.054725,True,False,False,0.0,False,True,37.007
258,12.9,1,drowsy,drowsy,1.0,0.0,1.0,0.0,0.0,0.0,0.042174,0.951274,0.0,0.199684,0.181416,0.181416,0.070863,0.054506,0.054506,True,False,False,0.0,False,True,37.554
259,12.95,1,drowsy,drowsy,1.0,0.0,1.0,0.0,0.0,0.0,0.040699,0.951819,0.0,0.198858,0.180853,0.180853,0.070494,0.054287,0.054287,True,False,False,0.0,False,True,36.833
260,13.0,1,drowsy,drowsy,1.0,0.0,1.0,0.0,0.0,0.0,0.040583,0.951748,0.0,0.19966,0.180294,0.180294,0.070863,0.054071,0.054071,True,False,False,0.0,False,True,45.961
261,13.05,1,drowsy,drowsy,1.0,0.0,1.0,0.0,0.0,0.0,0.040028,0.951904,0.0,0.199652,0.179736,0.179736,0.070863,0.053856,0.053856,True,False,False,0.0,False,True,36.912
262,13.1,1,drowsy,drowsy,1.0,0.0,1.0,0.0,0.0,0.0,0.039757,0.951752,0.0,0.198821,0.179183,0.179183,0.070494,0.053643,0.053643,True,False,False,0.0,False,True,36.746
263,13.15,1,drowsy,drowsy,1.0,0.0,1.0,0.0,0.0,0.0,0.041555,0.951618,0.0,0.19966,0.178641,0.178641,0.070864,0.053432,0.053432,True,False,False,0.0,False,True,36.815
264,13.2,1,drowsy,drowsy,1.0,0.0,1.0,0.0,0.0,0.0,0.041766,0.951629,0.0,0.198839,0.178104,0.178104,0.070496,0.053222,0.053222,True,False,False,0.0,False,True,36.713
265,13.25,1,drowsy,drowsy,1.0,0.0,1.0,0.0,0.0,0.0,0.045165,0.950387,0.0,0.199568,0.177585,0.177585,0.070864,0.053014,0.053014,True,False,False,0.0,False,True,45.759
266,13.3,1,drowsy,drowsy,1.0,0.0,1.0,0.0,0.0,0.0,0.047144,0.949679,0.0,0.199267,0.177078,0.177078,0.070861,0.052808,0.052808,True,False,False,0.0,False,True,37.031
267,13.35,1,drowsy,drowsy,1.0,0.0,1.0,0.0,0.0,0.0,0.047167,0.949548,0.0,0.198478,0.176575,0.176575,0.070494,0.052604,0.052604,True,False,False,0.0,False,True,37.105
268,13.4,1,drowsy,drowsy,1.0,0.0,1.0,0.0,0.0,0.0,0.045021,0.950819,0.0,0.198164,0.176067,0.176067,0.070852,0.052401,0.052401,True,False,False,0.0,False,True,36.748
269,13.45,0,alert,alert,0.61825,0.61825,0.000352,0.0,0.000991,0.380407,0.418658,0.86371,0.0,0.199204,0.176915,0.176915,0.070518,0.052218,0.052218,True,False,False,0.0,False,False,36.702
270,13.5,1,drowsy,drowsy,1.0,0.0,1.0,0.0,0.0,0.0,0.223951,0.930218,0.0,0.198656,0.177091,0.177091,0.070876,0.052022,0.052022,True,False,False,0.586868,False,True,46.105
271,13.55,1,drowsy,drowsy,1.0,0.0,1.0,0.0,0.0,0.0,0.09597,0.946478,0.0,0.196786,0.176783,0.176783,0.070847,0.051824,0.051824,True,False,False,0.483578,False,True,37.108
272,13.6,1,drowsy,drowsy,1.0,0.0,1.0,0.0,0.0,0.0,0.055899,0.951835,0.0,0.196054,0.176323,0.176323,0.070478,0.051627,0.051627,True,False,False,0.373326,False,True,36.823
273,13.65,1,drowsy,drowsy,1.0,0.0,1.0,0.0,0.0,0.0,0.067868,0.950456,0.0,0.192519,0.175912,0.175912,0.070765,0.051432,0.051432,True,False,False,0.339996,False,True,36.517
274,13.7,0,alert,alert,0.687388,0.687388,0.000328,0.0,0.000981,0.311303,0.441704,0.873773,0.0,0.193707,0.176834,0.176834,0.070428,0.051253,0.051253,True,False,False,0.373326,False,False,36.686
275,13.75,1,drowsy,drowsy,1.0,0.0,1.0,0.0,0.0,0.0,0.294298,0.927316,0.0,0.193081,0.177265,0.177265,0.07078,0.051065,0.051065,True,False,False,0.385355,False,True,45.685
276,13.8,1,drowsy,drowsy,1.0,0.0,1.0,0.0,0.0,0.0,0.11592,0.947574,0.0,0.193165,0.177036,0.177036,0.070779,0.050874,0.050874,True,False,False,0.42066,False,True,36.773
277,13.85,1,drowsy,drowsy,1.0,0.0,1.0,0.0,0.0,0.0,0.05365,0.953674,0.0,0.192439,0.176574,0.176574,0.07041,0.050684,0.050684,True,False,False,0.463825,False,True,37.33
278,13.9,1,drowsy,drowsy,1.0,0.0,1.0,0.0,0.0,0.0,0.040757,0.954806,0.0,0.193204,0.176067,0.176067,0.070778,0.050495,0.050495,True,False,False,0.507691,False,True,37.749
279,13.95,1,drowsy,drowsy,1.0,0.0,1.0,0.0,0.0,0.0,0.038289,0.95449,0.0,0.192397,0.175554,0.175554,0.070409,0.050307,0.050307,True,False,False,0.623385,False,True,36.991
280,14.0,1,drowsy,drowsy,1.0,0.0,1.0,0.0,0.0,0.0,0.037218,0.953841,0.0,0.193206,0.175042,0.175042,0.070778,0.05012,0.05012,True,False,False,0.623385,False,True,46.009
281,14.05,1,drowsy,drowsy,1.0,0.0,1.0,0.0,0.0,0.0,0.036709,0.9536,0.0,0.193192,0.174531,0.174531,0.070777,0.049936,0.049936,True,False,False,0.430225,False,True,37.385
282,14.1,1,drowsy,drowsy,1.0,0.0,1.0,0.0,0.0,0.0,0.039535,0.952529,0.0,0.193164,0.174036,0.174036,0.070777,0.049752,0.049752,True,False,False,0.0,False,True,36.747
283,14.15,1,drowsy,drowsy,1.0,0.0,1.0,0.0,0.0,0.0,0.041831,0.951892,0.0,0.193102,0.173552,0.173552,0.070776,0.04957,0.04957,True,False,False,0.0,False,True,36.509
284,14.2,1,drowsy,drowsy,1.0,0.0,1.0,0.0,0.0,0.0,0.040478,0.952149,0.0,0.192309,0.173068,0.173068,0.070409,0.04939,0.04939,True,False,False,0.0,False,True,36.597
285,14.25,1,drowsy,drowsy,1.0,0.0,1.0,0.0,0.0,0.0,0.039518,0.952173,0.0,0.192645,0.172583,0.172583,0.070771,0.04921,0.04921,True,False,False,0.0,False,True,45.398
286,14.3,1,drowsy,drowsy,1.0,0.0,1.0,0.0,0.0,0.0,0.043439,0.951424,0.0,0.192521,0.172116,0.172116,0.07077,0.049033,0.049033,True,False,False,0.0,False,True,36.568
287,14.35,1,drowsy,drowsy,1.0,0.0,1.0,0.0,0.0,0.0,0.385439,0.899298,0.0,0.194193,0.172842,0.172842,0.07079,0.048866,0.048866,True,False,False,0.0,False,True,36.773
288,14.4,1,drowsy,drowsy,1.0,0.0,1.0,0.0,0.0,0.0,0.504676,0.837496,0.0,0.196398,0.173891,0.173891,0.070834,0.048711,0.048711,True,False,False,0.0,False,True,36.662
289,14.45,1,drowsy,drowsy,1.0,0.0,1.0,0.0,0.0,0.0,0.510826,0.843043,0.0,0.197846,0.17496,0.17496,0.070508,0.048557,0.048557,True,False,False,0.0,False,True,36.392
290,14.5,1,drowsy,drowsy,1.0,0.0,1.0,0.0,0.0,0.0,0.429725,0.903322,0.0,0.2006,0.175822,0.175822,0.070895,0.048392,0.048392,True,False,False,0.0,False,True,45.287
291,14.55,1,drowsy,drowsy,1.0,0.0,1.0,0.0,0.0,0.0,0.275117,0.928501,0.0,0.20181,0.176167,0.176167,0.070904,0.048224,0.048224,True,False,False,0.0,False,True,36.889
292,14.6,1,drowsy,drowsy,1.0,0.0,1.0,0.0,0.0,0.0,0.12723,0.943962,0.0,0.202261,0.175995,0.175995,0.070907,0.048055,0.048055,True,False,False,0.585032,False,True,36.732
293,14.65,1,drowsy,drowsy,1.0,0.0,1.0,0.0,0.0,0.0,0.054421,0.953245,0.0,0.202332,0.175565,0.175565,0.070907,0.047885,0.047885,True,False,False,0.586106,False,True,36.521
294,14.7,1,drowsy,drowsy,1.0,0.0,1.0,0.0,0.0,0.0,0.041473,0.955457,0.0,0.201492,0.175091,0.175091,0.070537,0.047716,0.047716,True,False,False,0.698653,False,True,36.985
295,14.75,1,drowsy,drowsy,1.0,0.0,1.0,0.0,0.0,0.0,0.038104,0.955147,0.0,0.202322,0.174609,0.174609,0.070904,0.047548,0.047548,True,False,False,0.724289,False,True,45.657
296,14.8,1,drowsy,drowsy,1.0,0.0,1.0,0.0,0.0,0.0,0.037286,0.954648,0.0,0.202298,0.174128,0.174128,0.070903,0.047381,0.047381,True,False,False,0.724289,False,True,37.039
297,14.85,1,drowsy,drowsy,1.0,0.0,1.0,0.0,0.0,0.0,0.038605,0.953113,0.0,0.202283,0.173656,0.173656,0.070903,0.047216,0.047216,True,False,False,0.520943,False,True,36.751
298,14.9,1,drowsy,drowsy,1.0,0.0,1.0,0.0,0.0,0.0,0.042147,0.951351,0.0,0.202259,0.1732,0.1732,0.070903,0.047052,0.047052,True,False,False,0.0,False,True,36.448
299,14.95,1,drowsy,drowsy,1.0,0.0,1.0,0.0,0.0,0.0,0.062421,0.947513,0.0,0.201535,0.172818,0.172818,0.070536,0.04689,0.04689,True,False,False,0.0,False,True,36.421
300,15.0,1,drowsy,drowsy,1.0,0.0,1.0,0.0,0.0,0.0,0.399481,0.880154,0.0,0.20003,0.173541,0.173541,0.07086,0.046741,0.046741,True,False,False,0.0,False,True,45.188
301,15.05,1,drowsy,drowsy,1.0,0.0,1.0,0.0,0.0,0.0,0.241431,0.927853,0.0,0.198607,0.173768,0.173768,0.070816,0.046584,0.046584,True,False,False,0.0,False,True,36.965
302,15.1,1,drowsy,drowsy,1.0,0.0,1.0,0.0,0.0,0.0,0.106696,0.947305,0.0,0.196144,0.17354,0.17354,0.070766,0.046426,0.046426,True,False,False,0.0,False,True,36.953
303,15.15,1,drowsy,drowsy,1.0,0.0,1.0,0.0,0.0,0.0,0.061489,0.952643,0.0,0.193165,0.173157,0.173157,0.070712,0.046267,0.046267,True,False,False,0.0,False,True,36.731
304,15.2,1,drowsy,drowsy,1.0,0.0,1.0,0.0,0.0,0.0,0.045533,0.953211,0.0,0.192398,0.172722,0.172722,0.070344,0.04611,0.04611,True,False,False,0.0,False,True,36.835
305,15.25,1,drowsy,drowsy,1.0,0.0,1.0,0.0,0.0,0.0,0.043405,0.952923,0.0,0.188906,0.172284,0.172284,0.070671,0.045953,0.045953,True,False,False,0.0,False,True,45.591
306,15.3,1,drowsy,drowsy,1.0,0.0,1.0,0.0,0.0,0.0,0.039605,0.952852,0.0,0.187994,0.171835,0.171835,0.070666,0.045798,0.045798,True,False,False,0.0,False,True,36.823
307,15.35,1,drowsy,drowsy,1.0,0.0,1.0,0.0,0.0,0.0,0.040449,0.952546,0.0,0.187785,0.171392,0.171392,0.070666,0.045644,0.045644,True,False,False,0.0,False,True,36.642
308,15.4,1,drowsy,drowsy,1.0,0.0,1.0,0.0,0.0,0.0,0.042755,0.951803,0.0,0.187378,0.170961,0.170961,0.070664,0.04549,0.04549,True,False,False,0.0,False,True,36.655
309,15.45,1,drowsy,drowsy,1.0,0.0,1.0,0.0,0.0,0.0,0.043315,0.951628,0.0,0.186631,0.170534,0.170534,0.070298,0.045338,0.045338,True,False,False,0.0,False,True,36.702
310,15.5,1,drowsy,drowsy,1.0,0.0,1.0,0.0,0.0,0.0,0.046381,0.950117,0.0,0.18411,0.170121,0.170121,0.070631,0.045188,0.045188,True,False,False,0.0,False,True,45.336
311,15.55,1,drowsy,drowsy,1.0,0.0,1.0,0.0,0.0,0.0,0.046904,0.950582,0.0,0.182058,0.169713,0.169713,0.07061,0.045038,0.045038,True,False,False,0.0,False,True,36.758
312,15.6,1,drowsy,drowsy,1.0,0.0,1.0,0.0,0.0,0.0,0.04616,0.950857,0.0,0.180181,0.169304,0.169304,0.070595,0.044889,0.044889,True,False,False,0.0,False,True,36.704
313,15.65,1,drowsy,drowsy,1.0,0.0,1.0,0.0,0.0,0.0,0.046221,0.950423,0.0,0.178822,0.168899,0.168899,0.070586,0.044741,0.044741,True,False,False,0.0,False,True,36.7
314,15.7,1,drowsy,drowsy,1.0,0.0,1.0,0.0,0.0,0.0,0.045156,0.950655,0.0,0.178131,0.168492,0.168492,0.070221,0.044594,0.044594,True,False,False,0.0,False,True,36.698
315,15.75,0,alert,alert,0.943019,0.943019,0.000184,0.0,0.000965,0.055831,0.049565,0.949676,0.0,0.178208,0.168103,0.168103,0.070585,0.044448,0.044448,True,False,False,0.0,False,False,45.561
316,15.8,1,drowsy,drowsy,1.0,0.0,1.0,0.0,0.0,0.0,0.046126,0.950559,0.0,0.178232,0.167705,0.167705,0.070587,0.044303,0.044303,True,False,False,0.0,False,True,36.738
317,15.85,1,drowsy,drowsy,1.0,0.0,1.0,0.0,0.0,0.0,0.043581,0.951739,0.0,0.178262,0.167301,0.167301,0.070588,0.044159,0.044159,True,False,False,0.0,False,True,36.726
318,15.9,0,alert,alert,0.84967,0.84967,0.000226,0.0,0.001122,0.148981,0.046731,0.950832,0.0,0.178308,0.16691,0.16691,0.070589,0.044016,0.044016,True,False,False,0.0,False,False,36.65
319,15.95,0,alert,alert,0.910929,0.910929,0.000177,0.0,0.001029,0.087865,0.046334,0.951635,0.0,0.177624,0.16652,0.16652,0.070224,0.043873,0.043873,True,False,False,0.0,False,False,36.735
320,16.0,0,alert,alert,0.925028,0.925028,0.000158,0.0,0.001005,0.07381,0.04783,0.951228,0.0,0.17836,0.166138,0.166138,0.07059,0.043732,0.043732,True,False,False,0.0,False,False,45.462
321,16.05,0,alert,alert,0.942953,0.942953,0.000138,0.0,0.000962,0.055947,0.043827,0.951725,0.0,0.178311,0.165744,0.165744,0.07059,0.043591,0.043591,True,False,False,0.0,False,False,36.715
322,16.1,0,alert,alert,0.93963,0.93963,0.000133,0.0,0.00107,0.059167,0.042955,0.952228,0.0,0.178195,0.165351,0.165351,0.070588,0.043452,0.043452,True,False,False,0.0,False,False,37.085
323,16.15,0,alert,alert,0.941773,0.941773,0.00013,0.0,0.001214,0.056883,0.045399,0.951051,0.0,0.177508,0.164968,0.164968,0.070223,0.043313,0.043313,True,False,False,0.0,False,False,36.811
324,16.2,0,alert,alert,0.94301,0.94301,0.000131,0.0,0.001542,0.055317,0.043818,0.951251,0.0,0.1757,0.164583,0.164583,0.0702,0.043175,0.043175,True,False,False,0.0,False,False,37.089
325,16.25,0,alert,alert,0.906174,0.906174,0.000155,0.0,0.00201,0.091662,0.044938,0.951052,0.0,0.171939,0.164203,0.164203,0.070463,0.043038,0.043038,True,False,False,0.0,False,False,46.294
326,16.3,0,alert,alert,0.906274,0.906274,0.000153,0.0,0.002204,0.091368,0.046091,0.950644,0.0,0.169665,0.16383,0.16383,0.070403,0.042902,0.042902,True,False,False,0.0,False,False,37.623
327,16.35,0,alert,alert,0.895947,0.895947,0.000158,0.0,0.00258,0.101316,0.042573,0.951204,0.0,0.167183,0.163448,0.163448,0.070343,0.042767,0.042767,True,False,False,0.0,False,False,37.736
328,16.4,0,alert,alert,0.895527,0.895527,0.000161,0.0,0.002753,0.101559,0.042694,0.951754,0.0,0.166541,0.163068,0.163068,0.06998,0.042633,0.042633,True,False,False,0.0,False,False,37.367
329,16.45,0,alert,alert,0.883332,0.883332,0.000171,0.0,0.003159,0.113337,0.041198,0.952314,0.0,0.163725,0.162686,0.162686,0.067032,0.042499,0.042499,True,False,False,0.0,False,False,37.095
330,16.5,0,alert,alert,0.883528,0.883528,0.00017,0.0,0.003493,0.112809,0.040983,0.952313,0.0,0.157965,0.162306,0.162306,0.06073,0.042366,0.042366,True,False,False,0.0,False,False,46.14
331,16.55,0,alert,alert,0.894635,0.894635,0.000162,0.0,0.003752,0.101451,0.039266,0.953251,0.0,0.154643,0.161922,0.161922,0.057303,0.042234,0.042234,True,False,False,0.0,False,False,37.407
332,16.6,0,alert,alert,0.901721,0.901721,0.000159,0.0,0.004161,0.093959,0.040002,0.953026,0.0,0.151308,0.161543,0.161543,0.053863,0.042103,0.042103,True,False,False,0.0,False,False,37.66
333,16.65,0,alert,alert,0.91008,0.91008,0.000163,0.0,0.005145,0.084612,0.052833,0.950707,0.0,0.150803,0.161207,0.161207,0.053586,0.041972,0.041972,True,False,False,0.059313,False,False,37.192
334,16.7,0,alert,alert,0.918363,0.918363,0.000167,0.0,0.006336,0.075135,0.065309,0.949308,0.0,0.14761,0.160912,0.160912,0.050163,0.041843,0.041843,True,False,False,0.059313,False,False,36.784
335,16.75,0,alert,alert,0.921148,0.921148,0.000179,0.0,0.008015,0.070658,0.10161,0.943435,0.0,0.141828,0.160731,0.160731,0.04358,0.041716,0.041716,True,False,False,0.0,False,False,45.43
336,16.8,0,alert,alert,0.905155,0.905155,0.000202,0.0,0.010619,0.084024,0.146355,0.939436,0.0,0.139064,0.160687,0.160687,0.040186,0.041589,0.041589,True,False,False,0.0,False,False,36.787
337,16.85,0,alert,alert,0.883074,0.883074,0.000211,0.0,0.011088,0.105627,0.154685,0.939002,0.0,0.136366,0.160669,0.160669,0.036818,0.041464,0.041464,True,False,False,0.0,False,False,36.613
338,16.9,0,alert,alert,0.861715,0.861715,0.000233,0.0,0.013073,0.124979,0.206911,0.933901,0.0,0.13672,0.160808,0.160808,0.036633,0.04134,0.04134,True,False,False,0.0,False,False,36.554
339,16.95,0,alert,alert,0.824498,0.824498,0.000252,0.0,0.014652,0.160598,0.353877,0.918733,0.0,0.135029,0.161374,0.161374,0.033307,0.041219,0.041219,True,False,False,0.0,False,False,36.405
340,17.0,0,alert,alert,0.745633,0.745633,0.000271,0.0,0.013092,0.241004,0.47979,0.869493,0.0,0.131129,0.162256,0.162256,0.026869,0.041104,0.041104,True,False,False,0.0,False,False,45.306
341,17.05,0,alert,alert,0.56328,0.56328,0.000299,0.0,0.009215,0.427206,0.525744,0.813457,0.0,0.130134,0.163195,0.163195,0.023646,0.040998,0.040998,True,False,False,0.0,False,False,36.675
342,17.1,0,alert,alert,0.647451,0.647451,0.000296,0.0,0.00689,0.345364,0.489132,0.876305,0.0,0.129113,0.1641,0.1641,0.020438,0.040884,0.040884,True,False,False,0.0,False,False,36.601
343,17.15,0,alert,alert,0.788023,0.788023,0.000256,0.0,0.006374,0.205348,0.40377,0.908109,0.0,0.130446,0.164787,0.164787,0.020338,0.040767,0.040767,True,False,False,0.0,False,False,37.134
344,17.2,0,alert,alert,0.867155,0.867155,0.000219,0.0,0.006633,0.125993,0.232975,0.929048,0.0,0.128272,0.164986,0.164986,0.017161,0.040648,0.040648,True,False,False,0.0,False,False,37.667
345,17.25,0,alert,alert,0.883194,0.883194,0.000218,0.0,0.008793,0.107795,0.104981,0.943384,0.0,0.122777,0.164809,0.164809,0.010898,0.040528,0.040528,True,False,False,0.0,False,False,45.563
346,17.3,0,alert,alert,0.896198,0.896198,0.000193,0.0,0.00676,0.09685,0.047887,0.952359,0.0,0.119683,0.16446,0.16446,0.007726,0.040407,0.040407,True,False,False,0.0,False,False,37.344
347,17.35,0,alert,alert,0.910796,0.910796,0.000176,0.0,0.005307,0.08372,0.040183,0.953817,0.0,0.116603,0.16409,0.16409,0.004596,0.040286,0.040286,True,False,False,0.0,False,False,37.648
348,17.4,1,drowsy,drowsy,1.0,0.0,1.0,0.0,0.0,0.0,0.03788,0.954402,0.0,0.116205,0.163715,0.163715,0.004573,0.040167,0.040167,True,False,False,0.0,False,True,36.954
349,17.45,1,drowsy,drowsy,1.0,0.0,1.0,0.0,0.0,0.0,0.037275,0.953727,0.0,0.113671,0.163341,0.163341,0.001941,0.040048,0.040048,True,False,False,0.0,False,True,37.162
350,17.5,1,drowsy,drowsy,1.0,0.0,1.0,0.0,0.0,0.0,0.039128,0.953166,0.0,0.111441,0.162975,0.162975,0.0,0.03993,0.03993,True,False,False,0.0,False,True,45.588
351,17.55,1,drowsy,drowsy,1.0,0.0,1.0,0.0,0.0,0.0,0.044313,0.952022,0.0,0.111272,0.162626,0.162626,0.0,0.039813,0.039813,True,False,False,0.0,False,True,37.364
352,17.6,0,alert,alert,0.893809,0.893809,0.000186,0.0,0.001707,0.104298,0.054161,0.949839,0.0,0.111296,0.16231,0.16231,0.0,0.039696,0.039696,True,False,False,0.0,False,False,37.169
353,17.65,0,alert,alert,0.881416,0.881416,0.000189,0.0,0.002075,0.11632,0.087955,0.9433,0.0,0.111179,0.162095,0.162095,0.0,0.039581,0.039581,True,False,False,0.0,False,False,37.558
354,17.7,0,alert,alert,0.906123,0.906123,0.000176,0.0,0.002651,0.091051,0.090981,0.944362,0.0,0.111423,0.161889,0.161889,0.0,0.039467,0.039467,True,False,False,0.0,False,False,37.075
355,17.75,0,alert,alert,0.919236,0.919236,0.000178,0.0,0.004201,0.076384,0.070617,0.948669,0.0,0.11196,0.161625,0.161625,0.0,0.039353,0.039353,True,False,False,0.0,False,False,45.651
356,17.8,0,alert,alert,0.920429,0.920429,0.000189,0.0,0.006654,0.072728,0.054818,0.950145,0.0,0.112045,0.161317,0.161317,0.0,0.039239,0.039239,True,False,False,0.0,False,False,37.118
357,17.85,0,alert,alert,0.906998,0.906998,0.000204,0.0,0.009197,0.0836,0.045601,0.9518,0.0,0.112072,0.160983,0.160983,0.0,0.039126,0.039126,True,False,False,0.0,False,False,36.977
358,17.9,0,alert,alert,0.898006,0.898006,0.00021,0.0,0.010207,0.091577,0.043382,0.951801,0.0,0.111726,0.160645,0.160645,0.0,0.039014,0.039014,True,False,False,0.0,False,False,36.806
359,17.95,0,alert,alert,0.897559,0.897559,0.000208,0.0,0.010486,0.091747,0.043553,0.951401,0.0,0.111747,0.160309,0.160309,0.0,0.038902,0.038902,True,False,False,0.0,False,False,36.653
360,18.0,0,alert,alert,0.897561,0.897561,0.000199,0.0,0.008931,0.093308,0.040756,0.951991,0.0,0.112098,0.159967,0.159967,0.0,0.03879,0.03879,True,False,False,0.0,False,False,45.462
361,18.05,0,alert,alert,0.902894,0.902894,0.000191,0.0,0.008125,0.08879,0.041195,0.952016,0.0,0.112099,0.159628,0.159628,0.0,0.03868,0.03868,True,False,False,0.0,False,False,36.776
362,18.1,0,alert,alert,0.899085,0.899085,0.000192,0.0,0.007934,0.092788,0.041606,0.951842,0.0,0.112099,0.159292,0.159292,0.0,0.03857,0.03857,True,False,False,0.439331,False,False,36.9
363,18.15,0,alert,alert,0.909414,0.909414,0.000186,0.0,0.00766,0.08274,0.041187,0.951658,0.0,0.111742,0.158957,0.158957,0.0,0.03846,0.03846,True,False,False,0.152657,False,False,36.63
364,18.2,0,alert,alert,0.907119,0.907119,0.000186,0.0,0.007066,0.08563,0.040419,0.9521,0.0,0.112073,0.158622,0.158622,0.0,0.038352,0.038352,True,False,False,0.152657,False,False,36.64
365,18.25,0,alert,alert,0.912644,0.912644,0.000183,0.0,0.006307,0.080866,0.04161,0.952005,0.0,0.112057,0.158292,0.158292,0.0,0.038243,0.038243,True,False,False,0.152657,False,False,45.624
366,18.3,0,alert,alert,0.917419,0.917419,0.000178,0.0,0.005775,0.076627,0.039731,0.952093,0.0,0.112027,0.157958,0.157958,0.0,0.038136,0.038136,True,False,False,0.0,False,False,36.605
367,18.35,0,alert,alert,0.92519,0.92519,0.000185,0.0,0.006925,0.067699,0.045584,0.951315,0.0,0.112037,0.157643,0.157643,0.0,0.038029,0.038029,True,False,False,0.0,False,False,36.84
368,18.4,0,alert,alert,0.844948,0.844948,0.000241,0.0,0.009553,0.145258,0.439895,0.864645,0.0,0.11354,0.158361,0.158361,0.0,0.037932,0.037932,True,False,False,0.0,False,False,36.539
369,18.45,0,alert,alert,0.605396,0.605396,0.000321,0.0,0.009497,0.384787,0.518672,0.819706,0.0,0.116032,0.159226,0.159226,0.0,0.037841,0.037841,True,False,False,0.067856,False,False,36.786
370,18.5,4,distraction,distracted,0.570099,0.423245,0.000364,0.0,0.006292,0.570099,0.574588,0.812457,0.0,0.118382,0.160213,0.160213,0.0,0.037751,0.037751,True,False,False,0.0,False,False,45.389
371,18.55,4,distraction,distracted,0.644049,0.350907,0.000443,0.0,0.004601,0.644049,0.660078,0.817237,0.0,0.121128,0.161405,0.161405,0.0,0.037661,0.037661,True,False,False,0.0,False,False,36.633
372,18.6,4,distraction,distracted,0.517534,0.476084,0.000513,0.0,0.005869,0.517534,0.613833,0.830018,0.0,0.123698,0.162498,0.162498,0.0,0.03757,0.03757,True,False,False,0.00148,False,False,36.84
373,18.65,0,alert,alert,0.641429,0.641429,0.000443,0.0,0.008404,0.349724,0.499855,0.88829,0.0,0.125475,0.163368,0.163368,0.0,0.037473,0.037473,True,False,False,0.00148,False,False,37.201
374,18.7,0,alert,alert,0.785685,0.785685,0.000342,0.0,0.010401,0.203572,0.368689,0.922272,0.0,0.127472,0.163917,0.163917,0.0,0.037373,0.037373,True,False,False,0.0,False,False,36.633
375,18.75,0,alert,alert,0.850695,0.850695,0.000266,0.0,0.010064,0.138976,0.180678,0.941867,0.0,0.128164,0.163962,0.163962,0.0,0.037272,0.037272,True,False,False,0.0,False,False,45.644
376,18.8,0,alert,alert,0.880621,0.880621,0.000222,0.0,0.008066,0.111091,0.068674,0.953258,0.0,0.128302,0.163701,0.163701,0.0,0.037169,0.037169,True,False,False,0.014755,False,False,36.86
377,18.85,1,drowsy,drowsy,1.0,0.0,1.0,0.0,0.0,0.0,0.114783,0.946116,0.0,0.128682,0.163568,0.163568,0.0,0.037068,0.037068,True,False,False,0.0,False,True,36.925
378,18.9,1,drowsy,drowsy,1.0,0.0,1.0,0.0,0.0,0.0,0.329584,0.91098,0.0,0.129655,0.164001,0.164001,0.0,0.036972,0.036972,True,False,False,0.231506,False,True,36.597
379,18.95,1,drowsy,drowsy,1.0,0.0,1.0,0.0,0.0,0.0,0.402745,0.904816,0.0,0.131876,0.164618,0.164618,0.0,0.036876,0.036876,True,False,False,0.18161,False,True,36.663
380,19.0,1,drowsy,drowsy,1.0,0.0,1.0,0.0,0.0,0.0,0.457614,0.895752,0.0,0.133895,0.165366,0.165366,0.0,0.036782,0.036782,True,False,False,0.0,False,True,45.332
381,19.05,1,drowsy,drowsy,1.0,0.0,1.0,0.0,0.0,0.0,0.4303,0.907759,0.0,0.135805,0.16605,0.16605,0.0,0.036687,0.036687,True,False,False,0.0,False,True,36.885
382,19.1,1,drowsy,drowsy,1.0,0.0,1.0,0.0,0.0,0.0,0.327121,0.926278,0.0,0.137232,0.166473,0.166473,0.0,0.036591,0.036591,True,False,False,0.0,False,True,36.771
383,19.15,1,drowsy,drowsy,1.0,0.0,1.0,0.0,0.0,0.0,0.158773,0.943928,0.0,0.137341,0.166452,0.166452,0.0,0.036493,0.036493,True,False,False,0.0,False,True,36.893
384,19.2,1,drowsy,drowsy,1.0,0.0,1.0,0.0,0.0,0.0,0.068825,0.952636,0.0,0.137663,0.16619,0.16619,0.0,0.036395,0.036395,True,False,False,0.260803,False,True,36.791
385,19.25,1,drowsy,drowsy,1.0,0.0,1.0,0.0,0.0,0.0,0.042353,0.954978,0.0,0.135754,0.165857,0.165857,0.0,0.036297,0.036297,True,False,False,0.27179,False,True,45.613
386,19.3,1,drowsy,drowsy,1.0,0.0,1.0,0.0,0.0,0.0,0.0384,0.954981,0.0,0.134062,0.165516,0.165516,0.0,0.0362,0.0362,True,False,False,0.0,False,True,36.935
387,19.35,1,drowsy,drowsy,1.0,0.0,1.0,0.0,0.0,0.0,0.03816,0.954099,0.0,0.132955,0.165176,0.165176,0.0,0.036103,0.036103,True,False,False,0.0,False,True,36.862
388,19.4,1,drowsy,drowsy,1.0,0.0,1.0,0.0,0.0,0.0,0.039855,0.95313,0.0,0.132483,0.164843,0.164843,0.0,0.036007,0.036007,True,False,False,0.0,False,True,36.792
389,19.45,1,drowsy,drowsy,1.0,0.0,1.0,0.0,0.0,0.0,0.043829,0.952014,0.0,0.132564,0.164522,0.164522,0.0,0.035912,0.035912,True,False,False,0.020477,False,True,37.066
390,19.5,1,drowsy,drowsy,1.0,0.0,1.0,0.0,0.0,0.0,0.052801,0.950154,0.0,0.132619,0.164228,0.164228,0.0,0.035817,0.035817,True,False,False,0.0,False,True,45.568
391,19.55,1,drowsy,drowsy,1.0,0.0,1.0,0.0,0.0,0.0,0.064247,0.947594,0.0,0.132741,0.163966,0.163966,0.0,0.035723,0.035723,True,False,False,0.307247,False,True,36.92
392,19.6,1,drowsy,drowsy,1.0,0.0,1.0,0.0,0.0,0.0,0.411897,0.892011,0.0,0.134548,0.164576,0.164576,0.0,0.035635,0.035635,True,False,False,0.0,False,True,36.669
393,19.65,1,drowsy,drowsy,1.0,0.0,1.0,0.0,0.0,0.0,0.507909,0.833981,0.0,0.136206,0.165365,0.165365,0.0,0.035554,0.035554,True,False,False,0.0,False,True,36.672
394,19.7,0,alert,alert,0.833319,0.833319,0.000463,0.0,0.001182,0.165037,0.535273,0.800099,0.0,0.138847,0.166178,0.166178,0.0,0.035475,0.035475,True,False,False,0.0,False,False,36.83
395,19.75,1,drowsy,drowsy,1.0,0.0,1.0,0.0,0.0,0.0,0.564004,0.797319,0.0,0.141043,0.167048,0.167048,0.0,0.035398,0.035398,True,False,False,0.0,False,True,45.664
396,19.8,1,drowsy,drowsy,1.0,0.0,1.0,0.0,0.0,0.0,0.611057,0.796634,0.0,0.142975,0.168016,0.168016,0.0,0.035321,0.035321,True,False,False,0.0,False,True,37.1
397,19.85,1,drowsy,drowsy,1.0,0.0,1.0,0.0,0.0,0.0,0.689902,0.796898,0.0,0.143846,0.169152,0.169152,0.0,0.035244,0.035244,True,False,False,0.0,False,True,37.491
398,19.9,1,drowsy,drowsy,1.0,0.0,1.0,0.0,0.0,0.0,0.756793,0.793311,0.0,0.146445,0.170422,0.170422,0.0,0.035168,0.035168,True,False,False,0.0,False,True,37.39
399,19.95,1,drowsy,drowsy,1.0,0.0,1.0,0.0,0.0,0.0,0.791978,0.778292,0.0,0.14584,0.171737,0.171737,0.0,0.035093,0.035093,True,False,False,0.0,False,True,37.25
400,20.0,1,drowsy,drowsy,1.0,0.0,1.0,0.0,0.0,0.0,0.813028,0.766528,0.0,0.147072,0.173071,0.173071,0.0,0.03502,0.03502,True,False,False,0.0,False,True,45.847
401,20.05,1,drowsy,drowsy,1.0,0.0,1.0,0.0,0.0,0.0,0.824966,0.758643,0.05,0.148843,0.17441,0.17441,0.0,0.034948,0.034948,True,False,False,0.0,False,True,37.258
402,20.1,1,drowsy,drowsy,1.0,0.0,1.0,0.0,0.0,0.0,0.835089,0.749375,0.1,0.151518,0.175748,0.175748,0.0,0.034878,0.034878,True,False,False,0.0,False,True,37.266
403,20.15,1,drowsy,drowsy,1.0,0.0,1.0,0.0,0.0,0.0,0.837402,0.743461,0.15,0.154253,0.177074,0.177074,0.0,0.034808,0.034808,True,False,False,0.0,False,True,37.419
404,20.2,1,drowsy,drowsy,1.0,0.0,1.0,0.0,0.0,0.0,0.843512,0.73534,0.2,0.158008,0.178393,0.178393,0.0,0.034739,0.034739,True,False,False,0.0,False,True,37.11
405,20.25,1,drowsy,drowsy,1.0,0.0,1.0,0.0,0.0,0.0,0.847903,0.727418,0.25,0.161329,0.179701,0.179701,0.032349,0.050755,0.050755,True,False,False,0.0,False,True,46.325
406,20.3,1,drowsy,drowsy,1.0,0.0,1.0,0.0,0.0,0.0,0.846767,0.726226,0.3,0.164662,0.181,0.181,0.035715,0.052304,0.052304,True,False,False,0.0,False,True,38.086
407,20.35,1,drowsy,drowsy,1.0,0.0,1.0,0.0,0.0,0.0,0.857318,0.71599,0.35,0.168002,0.182296,0.182296,0.039086,0.053847,0.053847,True,False,False,0.0,False,True,37.045
408,20.4,1,drowsy,drowsy,1.0,0.0,1.0,0.0,0.0,0.0,0.860653,0.708276,0.4,0.170649,0.183579,0.183579,0.042225,0.055373,0.055373,True,False,False,0.0,False,True,37.375
409,20.45,1,drowsy,drowsy,1.0,0.0,1.0,0.0,0.0,0.0,0.86166,0.701128,0.45,0.174632,0.184846,0.184846,0.045783,0.05688,0.05688,True,False,False,0.0,False,True,38.242
410,20.5,1,drowsy,drowsy,1.0,0.0,1.0,0.0,0.0,0.0,0.864817,0.691168,0.5,0.177924,0.186097,0.186097,0.049098,0.058366,0.058366,True,False,False,0.0,False,True,46.553
411,20.55,1,drowsy,drowsy,1.0,0.0,1.0,0.0,0.0,0.0,0.873833,0.682469,0.55,0.181226,0.187343,0.187343,0.052418,0.059844,0.059844,True,False,False,0.0,False,True,38.153
412,20.6,1,drowsy,drowsy,1.0,0.0,1.0,0.0,0.0,0.0,0.877842,0.674596,0.6,0.184503,0.188578,0.188578,0.055728,0.061307,0.061307,True,False,False,0.0,False,True,37.781
413,20.65,1,drowsy,drowsy,1.0,0.0,1.0,0.0,0.0,0.0,0.875551,0.674243,0.65,0.187035,0.189804,0.189804,0.058732,0.06276,0.06276,True,False,False,0.0,False,True,37.24
414,20.7,1,drowsy,drowsy,1.0,0.0,1.0,0.0,0.0,0.0,0.877091,0.673435,0.7,0.19103,0.191027,0.191027,0.062358,0.064208,0.064208,True,False,False,0.0,False,True,36.91
415,20.75,1,drowsy,drowsy,1.0,0.0,1.0,0.0,0.0,0.0,0.877089,0.67129,0.75,0.194313,0.192241,0.192241,0.06568,0.065647,0.065647,True,False,False,0.0,False,True,45.471
416,20.8,1,drowsy,drowsy,1.0,0.0,1.0,0.0,0.0,0.0,0.846239,0.689261,0.8,0.19757,0.193428,0.193428,0.068975,0.067064,0.067064,True,False,False,0.0,False,True,36.867
417,20.85,1,drowsy,drowsy,1.0,0.0,1.0,0.0,0.0,0.0,0.62774,0.79727,0.85,0.200272,0.194337,0.194337,0.071782,0.068238,0.068238,True,False,False,0.0,False,True,37.126
418,20.9,1,drowsy,drowsy,1.0,0.0,1.0,0.0,0.0,0.0,0.418485,0.884062,0.0,0.201327,0.194857,0.194857,0.073458,0.069049,0.069049,True,False,False,0.0,False,True,37.096
419,20.95,1,drowsy,drowsy,1.0,0.0,1.0,0.0,0.0,0.0,0.206243,0.928008,0.0,0.203001,0.194884,0.194884,0.073851,0.068882,0.068882,True,False,False,0.0,False,True,36.685
420,21.0,1,drowsy,drowsy,1.0,0.0,1.0,0.0,0.0,0.0,0.078926,0.948316,0.0,0.203182,0.194597,0.194597,0.073852,0.068711,0.068711,True,False,False,0.0,False,True,45.562
421,21.05,1,drowsy,drowsy,1.0,0.0,1.0,0.0,0.0,0.0,0.050127,0.955219,0.0,0.2032,0.194238,0.194238,0.07385,0.068541,0.068541,True,False,False,0.0,False,True,36.877
422,21.1,1,drowsy,drowsy,1.0,0.0,1.0,0.0,0.0,0.0,0.043239,0.956272,0.0,0.203165,0.193864,0.193864,0.073847,0.068371,0.068371,True,False,False,0.0,False,True,36.962
423,21.15,1,drowsy,drowsy,1.0,0.0,1.0,0.0,0.0,0.0,0.039424,0.955154,0.0,0.202311,0.193482,0.193482,0.073462,0.068202,0.068202,True,False,False,0.0,False,True,37.155
424,21.2,1,drowsy,drowsy,1.0,0.0,1.0,0.0,0.0,0.0,0.03737,0.954327,0.0,0.203081,0.193097,0.193097,0.073844,0.068034,0.068034,True,False,False,0.0,False,True,37.959
425,21.25,1,drowsy,drowsy,1.0,0.0,1.0,0.0,0.0,0.0,0.03828,0.952991,0.0,0.203024,0.192717,0.192717,0.073843,0.067867,0.067867,True,False,False,0.0,False,True,45.895
426,21.3,1,drowsy,drowsy,1.0,0.0,1.0,0.0,0.0,0.0,0.040304,0.952185,0.0,0.202977,0.192344,0.192344,0.073842,0.0677,0.0677,True,False,False,0.0,False,True,37.103
427,21.35,1,drowsy,drowsy,1.0,0.0,1.0,0.0,0.0,0.0,0.039318,0.952723,0.0,0.202909,0.191971,0.191971,0.073841,0.067535,0.067535,True,False,False,0.0,False,True,37.256
428,21.4,1,drowsy,drowsy,1.0,0.0,1.0,0.0,0.0,0.0,0.042876,0.951321,0.0,0.202077,0.191608,0.191608,0.073457,0.067371,0.067371,True,False,False,0.0,False,True,36.768
429,21.45,1,drowsy,drowsy,1.0,0.0,1.0,0.0,0.0,0.0,0.040972,0.951866,0.0,0.202794,0.191242,0.191242,0.07384,0.067207,0.067207,True,False,False,0.0,False,True,36.683
430,21.5,1,drowsy,drowsy,1.0,0.0,1.0,0.0,0.0,0.0,0.041133,0.952108,0.0,0.202121,0.190879,0.190879,0.073831,0.067044,0.067044,True,False,False,0.0,False,True,45.451
431,21.55,1,drowsy,drowsy,1.0,0.0,1.0,0.0,0.0,0.0,0.04149,0.952131,0.0,0.201559,0.190517,0.190517,0.073824,0.066882,0.066882,True,False,False,0.09493,False,True,36.732
432,21.6,1,drowsy,drowsy,1.0,0.0,1.0,0.0,0.0,0.0,0.042616,0.951638,0.0,0.200308,0.190161,0.190161,0.073808,0.066721,0.066721,True,False,False,0.09493,False,True,36.887
433,21.65,1,drowsy,drowsy,1.0,0.0,1.0,0.0,0.0,0.0,0.044298,0.951501,0.0,0.199497,0.18981,0.18981,0.073424,0.066561,0.066561,True,False,False,0.082113,False,True,36.827
434,21.7,1,drowsy,drowsy,1.0,0.0,1.0,0.0,0.0,0.0,0.044707,0.951406,0.0,0.196939,0.189462,0.189462,0.073765,0.066401,0.066401,True,False,False,0.127889,False,True,36.728
435,21.75,1,drowsy,drowsy,1.0,0.0,1.0,0.0,0.0,0.0,0.045833,0.951013,0.0,0.1958,0.189119,0.189119,0.073754,0.066242,0.066242,True,False,False,0.127889,False,True,45.264
436,21.8,1,drowsy,drowsy,1.0,0.0,1.0,0.0,0.0,0.0,0.044278,0.951245,0.0,0.194706,0.188773,0.188773,0.073742,0.066084,0.066084,True,False,False,0.127889,False,True,36.847
437,21.85,1,drowsy,drowsy,1.0,0.0,1.0,0.0,0.0,0.0,0.042651,0.951534,0.0,0.193208,0.188426,0.188426,0.073726,0.065927,0.065927,True,False,False,0.099508,False,True,36.85
438,21.9,1,drowsy,drowsy,1.0,0.0,1.0,0.0,0.0,0.0,0.042324,0.950933,0.0,0.192425,0.188079,0.188079,0.073344,0.065771,0.065771,True,False,False,0.076162,False,True,36.774
439,21.95,1,drowsy,drowsy,1.0,0.0,1.0,0.0,0.0,0.0,0.044139,0.950479,0.0,0.188657,0.187738,0.187738,0.073619,0.065615,0.065615,True,False,False,0.066091,False,True,36.847
440,22.0,1,drowsy,drowsy,1.0,0.0,1.0,0.0,0.0,0.0,0.045643,0.951107,0.0,0.186244,0.187402,0.187402,0.073559,0.06546,0.06546,True,False,False,0.066091,False,True,45.392
441,22.05,1,drowsy,drowsy,1.0,0.0,1.0,0.0,0.0,0.0,0.046122,0.950676,0.0,0.184052,0.187069,0.187069,0.073532,0.065306,0.065306,True,False,False,0.0,False,True,36.615
442,22.1,1,drowsy,drowsy,1.0,0.0,1.0,0.0,0.0,0.0,0.050525,0.949868,0.0,0.1824,0.186749,0.186749,0.073518,0.065152,0.065152,True,False,False,0.0,False,True,36.677
443,22.15,1,drowsy,drowsy,1.0,0.0,1.0,0.0,0.0,0.0,0.047784,0.950665,0.0,0.181703,0.186423,0.186423,0.073138,0.064999,0.064999,True,False,False,0.0,False,True,36.874
444,22.2,1,drowsy,drowsy,1.0,0.0,1.0,0.0,0.0,0.0,0.043564,0.951449,0.0,0.181597,0.186088,0.186088,0.073513,0.064847,0.064847,True,False,False,0.033132,False,True,36.869
445,22.25,1,drowsy,drowsy,1.0,0.0,1.0,0.0,0.0,0.0,0.04133,0.951254,0.0,0.181586,0.18575,0.18575,0.073515,0.064696,0.064696,True,False,False,0.122854,False,True,45.425
446,22.3,1,drowsy,drowsy,1.0,0.0,1.0,0.0,0.0,0.0,0.04157,0.951333,0.0,0.181599,0.185414,0.185414,0.073516,0.064545,0.064545,True,False,False,0.190145,False,True,36.96
447,22.35,1,drowsy,drowsy,1.0,0.0,1.0,0.0,0.0,0.0,0.041188,0.951467,0.0,0.181622,0.185079,0.185079,0.073517,0.064395,0.064395,True,False,False,0.0,False,True,36.599
448,22.4,1,drowsy,drowsy,1.0,0.0,1.0,0.0,0.0,0.0,0.041545,0.951579,0.0,0.180897,0.184746,0.184746,0.073137,0.064245,0.064245,True,False,False,0.0,False,True,36.6
449,22.45,1,drowsy,drowsy,1.0,0.0,1.0,0.0,0.0,0.0,0.042027,0.951378,0.0,0.181651,0.184415,0.184415,0.073519,0.064097,0.064097,True,False,False,0.0,False,True,36.692
450,22.5,1,drowsy,drowsy,1.0,0.0,1.0,0.0,0.0,0.0,0.040808,0.951517,0.0,0.181644,0.184084,0.184084,0.073519,0.063949,0.063949,True,False,False,0.0,False,True,45.171
451,22.55,1,drowsy,drowsy,1.0,0.0,1.0,0.0,0.0,0.0,0.041679,0.951397,0.0,0.181643,0.183756,0.183756,0.073519,0.063801,0.063801,True,False,False,0.002832,False,True,36.905
452,22.6,1,drowsy,drowsy,1.0,0.0,1.0,0.0,0.0,0.0,0.047935,0.949217,0.0,0.181667,0.183444,0.183444,0.07352,0.063655,0.063655,True,False,False,0.0,False,True,36.633
453,22.65,1,drowsy,drowsy,1.0,0.0,1.0,0.0,0.0,0.0,0.123972,0.937225,0.0,0.181372,0.18331,0.18331,0.073145,0.063511,0.063511,True,False,False,0.0,False,True,36.628
454,22.7,1,drowsy,drowsy,1.0,0.0,1.0,0.0,0.0,0.0,0.443928,0.888457,0.0,0.184098,0.183867,0.183867,0.07355,0.063376,0.063376,True,False,False,0.0,False,True,36.609
455,22.75,1,drowsy,drowsy,1.0,0.0,1.0,0.0,0.0,0.0,0.393068,0.918303,0.0,0.185886,0.184328,0.184328,0.073564,0.063236,0.063236,True,False,False,0.0,False,True,45.649
456,22.8,1,drowsy,drowsy,1.0,0.0,1.0,0.0,0.0,0.0,0.223657,0.941018,0.0,0.186829,0.184416,0.184416,0.073568,0.063093,0.063093,True,False,False,0.0,False,True,36.805
457,22.85,1,drowsy,drowsy,1.0,0.0,1.0,0.0,0.0,0.0,0.08935,0.951233,0.0,0.18707,0.1842,0.1842,0.073568,0.06295,0.06295,True,False,False,0.0,False,True,36.861
458,22.9,1,drowsy,drowsy,1.0,0.0,1.0,0.0,0.0,0.0,0.048499,0.954534,0.0,0.18635,0.183892,0.183892,0.073186,0.062807,0.062807,True,False,False,0.0,False,True,36.747
459,22.95,1,drowsy,drowsy,1.0,0.0,1.0,0.0,0.0,0.0,0.040633,0.954618,0.0,0.187098,0.183566,0.183566,0.073566,0.062664,0.062664,True,False,False,0.0,False,True,36.87
460,23.0,1,drowsy,drowsy,1.0,0.0,1.0,0.0,0.0,0.0,0.040008,0.953785,0.0,0.187093,0.183241,0.183241,0.073565,0.062522,0.062522,True,False,False,0.0,False,True,45.6
461,23.05,1,drowsy,drowsy,1.0,0.0,1.0,0.0,0.0,0.0,0.039398,0.953062,0.0,0.187089,0.182917,0.182917,0.073565,0.062381,0.062381,True,False,False,0.0,False,True,36.799
462,23.1,1,drowsy,drowsy,1.0,0.0,1.0,0.0,0.0,0.0,0.041291,0.9521,0.0,0.187097,0.182598,0.182598,0.073564,0.062241,0.062241,True,False,False,0.0,False,True,36.802
463,23.15,1,drowsy,drowsy,1.0,0.0,1.0,0.0,0.0,0.0,0.047713,0.950482,0.0,0.186375,0.182296,0.182296,0.073184,0.062102,0.062102,True,False,False,0.0,False,True,36.833
464,23.2,1,drowsy,drowsy,1.0,0.0,1.0,0.0,0.0,0.0,0.063572,0.947043,0.0,0.187246,0.182032,0.182032,0.073567,0.061963,0.061963,True,False,False,0.0,False,True,36.696
465,23.25,1,drowsy,drowsy,1.0,0.0,1.0,0.0,0.0,0.0,0.146097,0.934883,0.0,0.187775,0.181953,0.181953,0.073573,0.061827,0.061827,True,False,False,0.0,False,True,45.516
466,23.3,1,drowsy,drowsy,1.0,0.0,1.0,0.0,0.0,0.0,0.445757,0.887503,0.0,0.18976,0.182501,0.182501,0.073598,0.061699,0.061699,True,False,False,0.0,False,True,36.923
467,23.35,1,drowsy,drowsy,1.0,0.0,1.0,0.0,0.0,0.0,0.51711,0.829921,0.0,0.191991,0.18315,0.18315,0.073646,0.061579,0.061579,True,False,False,0.0,False,True,37.69
468,23.4,1,drowsy,drowsy,1.0,0.0,1.0,0.0,0.0,0.0,0.519351,0.822275,0.0,0.193459,0.183795,0.183795,0.073316,0.061461,0.061461,True,False,False,0.0,False,True,37.356
469,23.45,1,drowsy,drowsy,1.0,0.0,1.0,0.0,0.0,0.0,0.462749,0.887136,0.0,0.194476,0.184371,0.184371,0.073689,0.061334,0.061334,True,False,False,0.0,False,True,37.104
470,23.5,1,drowsy,drowsy,1.0,0.0,1.0,0.0,0.0,0.0,0.345748,0.917014,0.0,0.195086,0.184715,0.184715,0.073694,0.061203,0.061203,True,False,False,0.0,False,True,46.191
471,23.55,1,drowsy,drowsy,1.0,0.0,1.0,0.0,0.0,0.0,0.163535,0.939306,0.0,0.195438,0.184669,0.184669,0.073697,0.06107,0.06107,True,False,False,0.0,False,True,37.025
472,23.6,1,drowsy,drowsy,1.0,0.0,1.0,0.0,0.0,0.0,0.064487,0.951782,0.0,0.195483,0.184404,0.184404,0.073697,0.060936,0.060936,True,False,False,0.0,False,True,36.982
473,23.65,1,drowsy,drowsy,1.0,0.0,1.0,0.0,0.0,0.0,0.043823,0.955346,0.0,0.194693,0.184094,0.184094,0.073313,0.060801,0.060801,True,False,False,0.0,False,True,36.851
474,23.7,1,drowsy,drowsy,1.0,0.0,1.0,0.0,0.0,0.0,0.039713,0.955432,0.0,0.193359,0.183777,0.183777,0.073662,0.060668,0.060668,True,False,False,0.0,False,True,36.749
475,23.75,1,drowsy,drowsy,1.0,0.0,1.0,0.0,0.0,0.0,0.0373,0.954376,0.0,0.19203,0.183455,0.183455,0.073651,0.060535,0.060535,True,False,False,0.0,False,True,45.34
476,23.8,1,drowsy,drowsy,1.0,0.0,1.0,0.0,0.0,0.0,0.038173,0.953815,0.0,0.191621,0.183138,0.183138,0.073649,0.060402,0.060402,True,False,False,0.0,False,True,36.905
477,23.85,1,drowsy,drowsy,1.0,0.0,1.0,0.0,0.0,0.0,0.039591,0.953273,0.0,0.191548,0.182825,0.182825,0.073649,0.060271,0.060271,True,False,False,0.0,False,True,36.976
478,23.9,1,drowsy,drowsy,1.0,0.0,1.0,0.0,0.0,0.0,0.040819,0.952705,0.0,0.190765,0.182516,0.182516,0.073266,0.060139,0.060139,True,False,False,0.0,False,True,36.687
479,23.95,1,drowsy,drowsy,1.0,0.0,1.0,0.0,0.0,0.0,0.043498,0.951806,0.0,0.191579,0.182215,0.182215,0.073651,0.060009,0.060009,True,False,False,0.0,False,True,36.77
480,24.0,1,drowsy,drowsy,1.0,0.0,1.0,0.0,0.0,0.0,0.041036,0.951485,0.0,0.191601,0.181909,0.181909,0.073652,0.059879,0.059879,True,False,False,0.0,False,True,45.63
481,24.05,1,drowsy,drowsy,1.0,0.0,1.0,0.0,0.0,0.0,0.046597,0.950909,0.0,0.191655,0.181618,0.181618,0.073653,0.05975,0.05975,True,False,False,0.0,False,True,36.916
482,24.1,1,drowsy,drowsy,1.0,0.0,1.0,0.0,0.0,0.0,0.048863,0.950669,0.0,0.191705,0.181332,0.181332,0.073653,0.059622,0.059622,True,False,False,0.0,False,True,36.684
483,24.15,1,drowsy,drowsy,1.0,0.0,1.0,0.0,0.0,0.0,0.046773,0.951433,0.0,0.190953,0.181043,0.181043,0.073271,0.059494,0.059494,True,False,False,0.0,False,True,36.846
484,24.2,1,drowsy,drowsy,1.0,0.0,1.0,0.0,0.0,0.0,0.045143,0.951766,0.0,0.191756,0.180751,0.180751,0.073654,0.059366,0.059366,True,False,False,0.0,False,True,36.762
485,24.25,1,drowsy,drowsy,1.0,0.0,1.0,0.0,0.0,0.0,0.040967,0.952245,0.0,0.191764,0.180452,0.180452,0.073654,0.059239,0.059239,True,False,False,0.0,False,True,45.707
486,24.3,1,drowsy,drowsy,1.0,0.0,1.0,0.0,0.0,0.0,0.040338,0.951459,0.0,0.191747,0.180153,0.180153,0.073654,0.059112,0.059112,True,False,False,0.0,False,True,37.389
487,24.35,1,drowsy,drowsy,1.0,0.0,1.0,0.0,0.0,0.0,0.042967,0.950967,0.0,0.190018,0.179861,0.179861,0.073633,0.058987,0.058987,True,False,False,0.0,False,True,37.144
488,24.4,1,drowsy,drowsy,1.0,0.0,1.0,0.0,0.0,0.0,0.044392,0.950953,0.0,0.189263,0.179573,0.179573,0.073251,0.058861,0.058861,True,False,False,0.030737,False,True,37.362
489,24.45,1,drowsy,drowsy,1.0,0.0,1.0,0.0,0.0,0.0,0.047485,0.95016,0.0,0.185597,0.179293,0.179293,0.073544,0.058737,0.058737,True,False,False,0.0,False,True,36.876
490,24.5,1,drowsy,drowsy,1.0,0.0,1.0,0.0,0.0,0.0,0.046985,0.950164,0.0,0.18367,0.179014,0.179014,0.073525,0.058612,0.058612,True,False,False,0.0,False,True,45.526
491,24.55,1,drowsy,drowsy,1.0,0.0,1.0,0.0,0.0,0.0,0.046655,0.950341,0.0,0.182494,0.178734,0.178734,0.073516,0.058489,0.058489,True,False,False,0.0,False,True,37.265
492,24.6,1,drowsy,drowsy,1.0,0.0,1.0,0.0,0.0,0.0,0.044918,0.950981,0.0,0.182063,0.178453,0.178453,0.073514,0.058366,0.058366,True,False,False,0.0,False,True,36.914
493,24.65,1,drowsy,drowsy,1.0,0.0,1.0,0.0,0.0,0.0,0.047812,0.950425,0.0,0.181369,0.178178,0.178178,0.073133,0.058243,0.058243,True,False,False,0.0,False,True,37.145
494,24.7,1,drowsy,drowsy,1.0,0.0,1.0,0.0,0.0,0.0,0.049115,0.950281,0.0,0.182075,0.177908,0.177908,0.073517,0.058121,0.058121,True,False,False,0.0,False,True,37.462
495,24.75,1,drowsy,drowsy,1.0,0.0,1.0,0.0,0.0,0.0,0.048656,0.95075,0.0,0.182133,0.177637,0.177637,0.073519,0.057999,0.057999,True,False,False,0.0,False,True,45.986
496,24.8,1,drowsy,drowsy,1.0,0.0,1.0,0.0,0.0,0.0,0.052096,0.949942,0.0,0.182214,0.177375,0.177375,0.07352,0.057878,0.057878,True,False,False,0.0,False,True,37.22
497,24.85,1,drowsy,drowsy,1.0,0.0,1.0,0.0,0.0,0.0,0.054418,0.949861,0.0,0.182298,0.177119,0.177119,0.073522,0.057758,0.057758,True,False,False,0.0,False,True,36.804
498,24.9,1,drowsy,drowsy,1.0,0.0,1.0,0.0,0.0,0.0,0.053172,0.950512,0.0,0.18163,0.176861,0.176861,0.073141,0.057638,0.057638,True,False,False,0.0,False,True,36.833
499,24.95,1,drowsy,drowsy,1.0,0.0,1.0,0.0,0.0,0.0,0.111422,0.93548,0.0,0.182615,0.176728,0.176728,0.073527,0.05752,0.05752,True,False,False,0.0,False,True,36.912
500,25.0,0,alert,alert,0.800176,0.800176,0.000266,0.0,0.001885,0.197673,0.473212,0.84421,0.0,0.182913,0.177273,0.177273,0.073541,0.057414,0.057414,True,False,False,0.0,False,False,45.438
501,25.05,0,alert,alert,0.724834,0.724834,0.000315,0.0,0.003561,0.271289,0.528746,0.7918,0.0,0.184115,0.177878,0.177878,0.073596,0.057315,0.057315,True,False,False,0.0,False,False,36.869
502,25.1,0,alert,alert,0.699956,0.699956,0.000391,0.0,0.008506,0.291147,0.562404,0.797659,0.0,0.186171,0.178545,0.178545,0.073657,0.057216,0.057216,True,False,False,0.0,False,False,37.029
503,25.15,0,alert,alert,0.647078,0.647078,0.000544,0.0,0.022289,0.330089,0.624386,0.802682,0.0,0.18809,0.17932,0.17932,0.073334,0.057116,0.057116,True,False,False,0.0,False,False,36.963
504,25.2,0,alert,alert,0.565519,0.565519,0.000833,0.0,0.06228,0.371368,0.717073,0.799601,0.0,0.19182,0.180251,0.180251,0.073779,0.057017,0.057017,True,False,False,0.0,False,False,36.904
505,25.25,0,alert,alert,0.458827,0.458827,0.001255,0.0,0.155591,0.384327,0.781691,0.782157,0.0,0.195132,0.181267,0.181267,0.073849,0.056921,0.056921,True,False,False,0.0,False,False,45.569
506,25.3,4,distraction,distracted,0.426068,0.305448,0.001682,0.0,0.266802,0.426068,0.816115,0.764314,0.0,0.198558,0.182314,0.182314,0.073925,0.056827,0.056827,True,False,False,0.0,False,False,36.859
507,25.35,4,distraction,distracted,0.412296,0.209941,0.002062,0.0,0.375701,0.412296,0.825454,0.751615,0.05,0.201982,0.183355,0.183355,0.074007,0.056735,0.056735,True,False,False,0.0,False,False,37.603
508,25.4,3,yawning,yawning,0.546657,0.149527,0.002262,0.0,0.546657,0.301555,0.829994,0.745066,0.1,0.204548,0.18439,0.18439,0.073705,0.056644,0.056644,True,False,False,0.0,False,False,37.513
509,25.45,3,yawning,yawning,0.726289,0.095517,0.002114,0.0,0.726289,0.17608,0.822797,0.740228,0.15,0.20877,0.185405,0.185405,0.074178,0.056554,0.056554,True,False,False,0.297364,False,False,37.03
510,25.5,3,yawning,yawning,0.850748,0.055281,0.00177,0.0,0.850748,0.092201,0.818506,0.739592,0.2,0.212114,0.186408,0.186408,0.074264,0.056465,0.056465,True,False,False,0.253075,False,False,45.654
511,25.55,3,yawning,yawning,0.92021,0.032487,0.001414,0.0,0.92021,0.04589,0.819304,0.743162,0.25,0.215479,0.187415,0.187415,0.074349,0.056375,0.056375,True,False,False,0.0,False,False,37.122
512,25.6,3,yawning,yawning,0.951903,0.021042,0.001172,0.0,0.951903,0.025882,0.814909,0.741192,0.3,0.218832,0.188408,0.188408,0.107532,0.069052,0.069052,True,False,False,0.0,False,False,37.585
513,25.65,3,yawning,yawning,0.97055,0.014449,0.000969,0.0,0.97055,0.014032,0.831215,0.737319,0.35,0.221322,0.189419,0.189419,0.110475,0.07025,0.07025,True,False,False,0.0,False,False,37.187
514,25.7,3,yawning,yawning,0.980147,0.010728,0.000827,0.0,0.980147,0.008298,0.845353,0.73532,0.4,0.225723,0.190446,0.190446,0.114641,0.071464,0.071464,True,False,False,0.093747,False,False,37.192
515,25.75,3,yawning,yawning,0.98577,0.008178,0.000707,0.0,0.98577,0.005345,0.846221,0.740587,0.45,0.229207,0.191479,0.191479,0.118257,0.072684,0.072684,True,False,False,0.180835,False,False,45.848
516,25.8,3,yawning,yawning,0.989207,0.006481,0.00062,0.0,0.989207,0.003692,0.824158,0.752203,0.5,0.232665,0.192489,0.192489,0.121837,0.073884,0.073884,True,False,False,0.265404,False,False,38.013
517,25.85,3,yawning,yawning,0.991042,0.005391,0.000594,0.0,0.991042,0.002972,0.815106,0.758697,0.55,0.236129,0.19349,0.19349,0.125413,0.075076,0.075076,True,False,False,0.265404,False,False,37.433
518,25.9,3,yawning,yawning,0.99218,0.004648,0.000571,0.0,0.99218,0.002601,0.790657,0.766164,0.6,0.238486,0.194458,0.194458,0.128239,0.076236,0.076236,True,False,False,0.194426,False,False,37.426
519,25.95,3,yawning,yawning,0.993082,0.004155,0.000541,0.0,0.993082,0.002222,0.783244,0.774195,0.65,0.242878,0.195421,0.195421,0.132431,0.077392,0.077392,True,False,False,0.171289,False,False,37.157
520,26.0,3,yawning,yawning,0.993934,0.003817,0.000488,0.0,0.993934,0.001762,0.75743,0.783503,0.7,0.246166,0.19635,0.19635,0.135871,0.078516,0.078516,True,False,False,0.171289,False,False,45.907
521,26.05,3,yawning,yawning,0.994475,0.003591,0.000446,0.0,0.994475,0.001488,0.68704,0.808693,0.75,0.249237,0.197185,0.197185,0.139086,0.079552,0.079552,True,False,False,0.148803,False,False,37.354
522,26.1,3,yawning,yawning,0.995097,0.003298,0.000395,0.0,0.995097,0.001211,0.535473,0.863033,0.0,0.251717,0.197799,0.197799,0.14174,0.080379,0.080379,True,False,False,0.148803,False,False,37.225
523,26.15,3,yawning,yawning,0.995694,0.002964,0.000344,0.0,0.995694,0.000997,0.443047,0.899379,0.0,0.253778,0.198262,0.198262,0.144011,0.081063,0.081063,True,False,False,0.134053,False,False,37.209
524,26.2,3,yawning,yawning,0.996281,0.002613,0.000297,0.0,0.996281,0.000809,0.418596,0.905708,0.0,0.255731,0.19868,0.19868,0.14617,0.081703,0.081703,True,False,False,0.134053,False,False,37.421
525,26.25,3,yawning,yawning,0.996694,0.002365,0.000271,0.0,0.996694,0.000671,0.441399,0.895494,0.0,0.257784,0.199134,0.199134,0.148428,0.082377,0.082377,True,False,False,0.134053,False,False,45.748
526,26.3,3,yawning,yawning,0.997015,0.002169,0.000257,0.0,0.997015,0.000559,0.489308,0.880247,0.0,0.260053,0.199667,0.199667,0.150899,0.083124,0.083124,True,False,False,0.106308,False,False,36.889
527,26.35,3,yawning,yawning,0.997296,0.001992,0.000246,0.0,0.997296,0.000466,0.534354,0.865605,0.0,0.262543,0.20027,0.20027,0.153563,0.083937,0.083937,True,False,False,0.071568,False,False,37.195
528,26.4,3,yawning,yawning,0.99748,0.001829,0.000247,0.0,0.99748,0.000444,0.569109,0.863607,0.0,0.2652,0.200932,0.200932,0.156394,0.084808,0.084808,True,False,False,0.0,False,False,37.223
529,26.45,3,yawning,yawning,0.997599,0.001733,0.000243,0.0,0.997599,0.000425,0.59854,0.855092,0.0,0.267995,0.201637,0.201637,0.159351,0.085719,0.085719,True,False,False,0.0,False,False,37.035
530,26.5,3,yawning,yawning,0.997696,0.00168,0.000236,0.0,0.997696,0.000388,0.657537,0.859501,0.0,0.271088,0.202449,0.202449,0.162605,0.086737,0.086737,True,False,False,0.0,False,False,45.812
531,26.55,3,yawning,yawning,0.997778,0.001633,0.000229,0.0,0.997778,0.00036,0.666147,0.863484,0.0,0.274244,0.203277,0.203277,0.165917,0.087771,0.087771,True,False,False,0.0,False,False,37.452
532,26.6,3,yawning,yawning,0.997853,0.001583,0.000225,0.0,0.997853,0.000339,0.733236,0.84181,0.0,0.277669,0.204197,0.204197,0.169489,0.088893,0.088893,True,False,False,0.0,False,False,37.071
533,26.65,3,yawning,yawning,0.997921,0.001533,0.000223,0.0,0.997921,0.000323,0.762312,0.824361,0.0,0.281117,0.205145,0.205145,0.173143,0.090036,0.090036,True,False,False,0.0,False,False,37.121
534,26.7,3,yawning,yawning,0.997968,0.001482,0.000224,0.0,0.997968,0.000326,0.755107,0.817426,0.0,0.28445,0.20607,0.20607,0.176744,0.091155,0.091155,True,False,False,0.0,False,False,37.176
535,26.75,3,yawning,yawning,0.998021,0.001437,0.000221,0.0,0.998021,0.00032,0.69622,0.826963,0.0,0.287339,0.206902,0.206902,0.180102,0.092182,0.092182,True,False,False,0.0,False,False,45.631
536,26.8,3,yawning,yawning,0.998135,0.001349,0.000214,0.0,0.998135,0.000303,0.755675,0.806808,0.0,0.290214,0.20781,0.20781,0.183672,0.093279,0.093279,True,False,False,0.0,False,False,37.121
537,26.85,3,yawning,yawning,0.9982,0.001268,0.000222,0.0,0.9982,0.000311,0.776936,0.785202,0.0,0.293087,0.208724,0.208724,0.187271,0.094378,0.094378,True,False,False,0.0,False,False,37.143
538,26.9,3,yawning,yawning,0.998221,0.001243,0.000229,0.0,0.998221,0.000308,0.784909,0.780577,0.0,0.295708,0.209643,0.209643,0.190892,0.095479,0.095479,True,False,False,0.0,False,False,37.26
539,26.95,3,yawning,yawning,0.998218,0.001229,0.00024,0.0,0.998218,0.000314,0.795281,0.775398,0.0,0.297595,0.21057,0.21057,0.19453,0.096586,0.096586,True,False,False,0.0,False,False,37.397
540,27.0,3,yawning,yawning,0.998173,0.001237,0.000257,0.0,0.998173,0.000332,0.82332,0.762652,0.0,0.298965,0.211522,0.211522,0.198196,0.097715,0.097715,True,False,False,0.0,False,False,45.864
541,27.05,3,yawning,yawning,0.998154,0.001224,0.000273,0.0,0.998154,0.000349,0.834132,0.750422,0.05,0.300193,0.212472,0.212472,0.201806,0.098839,0.098839,True,False,False,0.0,False,False,37.183
542,27.1,3,yawning,yawning,0.998086,0.001219,0.000299,0.0,0.998086,0.000396,0.845193,0.740376,0.1,0.30154,0.213423,0.213423,0.205503,0.099961,0.099961,True,False,False,0.0,False,False,36.786
543,27.15,3,yawning,yawning,0.998006,0.00122,0.000323,0.0,0.998006,0.000451,0.842134,0.73367,0.15,0.30326,0.214358,0.214358,0.209205,0.101066,0.101066,True,False,False,0.0,False,False,37.268
544,27.2,3,yawning,yawning,0.997982,0.001214,0.00033,0.0,0.997982,0.000473,0.836769,0.731805,0.2,0.305845,0.215281,0.215281,0.212912,0.102156,0.102156,True,False,False,0.0,False,False,37.11
545,27.25,3,yawning,yawning,0.99801,0.0012,0.000324,0.0,0.99801,0.000466,0.839596,0.730673,0.25,0.309135,0.216203,0.216203,0.216652,0.103245,0.103245,True,False,False,0.0,False,False,45.581
546,27.3,3,yawning,yawning,0.998036,0.001193,0.000319,0.0,0.998036,0.000452,0.838907,0.730764,0.3,0.31275,0.217122,0.217122,0.22041,0.10433,0.10433,True,False,False,0.146248,False,False,37.351
547,27.35,3,yawning,yawning,0.998078,0.001178,0.00031,0.0,0.998078,0.000434,0.835777,0.732429,0.35,0.31641,0.218035,0.218035,0.224172,0.10541,0.10541,True,False,False,0.172569,False,False,37.399
548,27.4,3,yawning,yawning,0.998146,0.001179,0.00029,0.0,0.998146,0.000385,0.840139,0.727147,0.4,0.320095,0.218945,0.218945,0.227944,0.106486,0.106486,True,False,False,0.172569,False,False,37.4
549,27.45,3,yawning,yawning,0.998158,0.001185,0.000286,0.0,0.998158,0.000371,0.84685,0.722303,0.45,0.323806,0.219857,0.219857,0.231736,0.107561,0.107561,True,False,False,0.172569,False,False,37.801
550,27.5,3,yawning,yawning,0.998123,0.001212,0.000292,0.0,0.998123,0.000372,0.850156,0.72356,0.5,0.327533,0.220772,0.220772,0.235555,0.108639,0.108639,True,False,False,0.052406,False,False,46.755
551,27.55,3,yawning,yawning,0.99815,0.001201,0.000288,0.0,0.99815,0.000361,0.85052,0.727044,0.55,0.331251,0.22169,0.22169,0.239396,0.10972,0.10972,True,False,False,0.022881,False,False,38.492
552,27.6,3,yawning,yawning,0.998143,0.001203,0.000289,0.0,0.998143,0.000365,0.847907,0.728279,0.6,0.334914,0.222603,0.222603,0.243237,0.110796,0.110796,True,False,False,0.012352,False,False,38.255
553,27.65,3,yawning,yawning,0.998094,0.001221,0.0003,0.0,0.998094,0.000384,0.834737,0.733614,0.65,0.338354,0.2235,0.2235,0.247042,0.111857,0.111857,True,False,False,0.012352,False,False,37.724
554,27.7,3,yawning,yawning,0.9981,0.001216,0.000298,0.0,0.9981,0.000386,0.815242,0.740075,0.7,0.341722,0.224374,0.224374,0.250797,0.112896,0.112896,True,False,False,0.012352,False,False,38.044
555,27.75,3,yawning,yawning,0.998135,0.001205,0.000288,0.0,0.998135,0.000372,0.802754,0.748994,0.75,0.345186,0.225237,0.225237,0.254541,0.113925,0.113925,True,False,False,0.113976,False,False,47.323
556,27.8,3,yawning,yawning,0.998165,0.001197,0.000279,0.0,0.998165,0.000359,0.76886,0.765358,0.8,0.34864,0.226064,0.226064,0.258199,0.114922,0.114922,True,False,False,0.107338,False,False,37.866
557,27.85,3,yawning,yawning,0.9982,0.001199,0.000263,0.0,0.9982,0.000338,0.70101,0.79138,0.85,0.351908,0.226811,0.226811,0.261633,0.115843,0.115843,True,False,False,0.107338,False,False,37.857
558,27.9,3,yawning,yawning,0.998264,0.001185,0.000245,0.0,0.998264,0.000306,0.586417,0.836577,0.9,0.354731,0.227407,0.227407,0.264635,0.116624,0.116624,True,False,False,0.107338,False,False,38.503
559,27.95,3,yawning,yawning,0.998304,0.001178,0.000233,0.0,0.998304,0.000285,0.484569,0.882457,0.0,0.357099,0.227857,0.227857,0.267206,0.117267,0.117267,True,False,False,0.111229,False,False,37.333
560,28.0,3,yawning,yawning,0.998331,0.001179,0.000222,0.0,0.998331,0.000268,0.447873,0.896389,0.0,0.359306,0.228246,0.228246,0.269607,0.117852,0.117852,True,False,False,0.127022,False,False,45.611
561,28.05,3,yawning,yawning,0.998329,0.001194,0.000217,0.0,0.998329,0.00026,0.467095,0.887257,0.0,0.361605,0.228664,0.228664,0.2721,0.118463,0.118463,True,False,False,0.111687,False,False,37.225
562,28.1,3,yawning,yawning,0.998319,0.001212,0.000214,0.0,0.998319,0.000255,0.459332,0.89157,0.0,0.363866,0.229069,0.229069,0.274558,0.119062,0.119062,True,False,False,0.111687,False,False,37.175
563,28.15,3,yawning,yawning,0.998309,0.001224,0.000212,0.0,0.998309,0.000254,0.508784,0.874728,0.0,0.366372,0.22955,0.22955,0.27725,0.119732,0.119732,True,False,False,0.0,False,False,37.308
564,28.2,3,yawning,yawning,0.998319,0.001228,0.000208,0.0,0.998319,0.000246,0.544283,0.873438,0.0,0.369063,0.23009,0.23009,0.280123,0.120459,0.120459,True,False,False,0.026657,False,False,37.21
565,28.25,3,yawning,yawning,0.998324,0.001214,0.00021,0.0,0.998324,0.000252,0.586812,0.865992,0.0,0.371955,0.230695,0.230695,0.2832,0.121251,0.121251,True,False,False,0.026657,False,False,45.682
566,28.3,3,yawning,yawning,0.998264,0.00123,0.000222,0.0,0.998264,0.000284,0.628239,0.873631,0.0,0.375079,0.231374,0.231374,0.286503,0.122117,0.122117,True,False,False,0.0,False,False,36.961
567,28.35,3,yawning,yawning,0.998263,0.00125,0.000214,0.0,0.998263,0.000274,0.633664,0.878323,0.0,0.378207,0.232064,0.232064,0.289844,0.122994,0.122994,True,False,False,0.0,False,False,37.095
568,28.4,3,yawning,yawning,0.998239,0.001253,0.000217,0.0,0.998239,0.00029,0.697911,0.858876,0.0,0.379487,0.232843,0.232843,0.293322,0.123956,0.123956,True,False,False,0.0,False,False,36.866
569,28.45,3,yawning,yawning,0.998233,0.001271,0.000214,0.0,0.998233,0.000282,0.734668,0.84116,0.0,0.380555,0.233665,0.233665,0.29686,0.124956,0.124956,True,False,False,0.0,False,False,37.278
570,28.5,3,yawning,yawning,0.998264,0.00125,0.00021,0.0,0.998264,0.000277,0.756894,0.81579,0.0,0.381419,0.234494,0.234494,0.300427,0.125957,0.125957,True,False,False,0.0,False,False,45.917
571,28.55,3,yawning,yawning,0.998274,0.00124,0.000209,0.0,0.998274,0.000276,0.702921,0.822297,0.0,0.381631,0.235241,0.235241,0.303762,0.126877,0.126877,True,False,False,0.0,False,False,37.253
572,28.6,3,yawning,yawning,0.998272,0.001239,0.000209,0.0,0.998272,0.00028,0.696437,0.826036,0.0,0.382021,0.235979,0.235979,0.307097,0.127788,0.127788,True,False,False,0.016243,False,False,37.685
573,28.65,3,yawning,yawning,0.998274,0.001219,0.000213,0.0,0.998274,0.000293,0.744168,0.801468,0.0,0.383095,0.236766,0.236766,0.310703,0.128743,0.128743,True,False,False,0.0,False,False,37.679
574,28.7,3,yawning,yawning,0.99829,0.001206,0.000215,0.0,0.99829,0.000289,0.750194,0.79084,0.0,0.384853,0.23755,0.23755,0.314376,0.129692,0.129692,True,False,False,0.0,False,False,37.461
575,28.75,3,yawning,yawning,0.998276,0.001205,0.000224,0.0,0.998276,0.000295,0.78833,0.780703,0.0,0.387795,0.238379,0.238379,0.318238,0.130683,0.130683,True,False,False,0.0,False,False,45.796
576,28.8,3,yawning,yawning,0.998269,0.001202,0.000233,0.0,0.998269,0.000295,0.814226,0.767572,0.0,0.39146,0.23923,0.23923,0.322209,0.131693,0.131693,True,False,False,0.0,False,False,37.496
577,28.85,3,yawning,yawning,0.998281,0.001182,0.000241,0.0,0.998281,0.000296,0.827116,0.755855,0.05,0.394894,0.240084,0.240084,0.326197,0.132703,0.132703,True,False,False,0.0,False,False,37.084
578,28.9,3,yawning,yawning,0.998248,0.001168,0.000258,0.0,0.998248,0.000325,0.841279,0.744027,0.1,0.397172,0.240942,0.240942,0.330155,0.133715,0.133715,True,False,False,0.033295,False,False,36.747
579,28.95,3,yawning,yawning,0.998211,0.001154,0.000273,0.0,0.998211,0.000362,0.840965,0.733979,0.15,0.399039,0.241786,0.241786,0.334077,0.13471,0.13471,True,False,False,0.0,False,False,37.357
580,29.0,3,yawning,yawning,0.998151,0.001154,0.000289,0.0,0.998151,0.000406,0.83598,0.735193,0.2,0.400605,0.242622,0.242622,0.337971,0.135697,0.135697,True,False,False,0.0,False,False,46.117
581,29.05,3,yawning,yawning,0.998129,0.001157,0.000293,0.0,0.998129,0.00042,0.838164,0.732914,0.25,0.402319,0.243456,0.243456,0.341899,0.136681,0.136681,True,False,False,0.0,False,False,37.49
582,29.1,3,yawning,yawning,0.998133,0.001161,0.000293,0.0,0.998133,0.000413,0.84072,0.734746,0.3,0.404607,0.244294,0.244294,0.345889,0.137668,0.137668,True,False,False,0.15712,False,False,37.343
583,29.15,3,yawning,yawning,0.998149,0.001157,0.00029,0.0,0.998149,0.000404,0.826201,0.735213,0.35,0.407776,0.245109,0.245109,0.349862,0.138633,0.138633,True,False,False,0.118896,False,False,37.325
584,29.2,3,yawning,yawning,0.998184,0.001169,0.000278,0.0,0.998184,0.000369,0.834529,0.728075,0.4,0.411485,0.245926,0.245926,0.35388,0.139597,0.139597,True,False,False,0.118896,False,False,37.338
585,29.25,3,yawning,yawning,0.998208,0.001155,0.000275,0.0,0.998208,0.000362,0.83067,0.729323,0.45,0.415344,0.246736,0.246736,0.357899,0.140555,0.140555,True,False,False,0.161697,False,False,46.085
586,29.3,3,yawning,yawning,0.998155,0.001195,0.000283,0.0,0.998155,0.000367,0.843081,0.730504,0.5,0.419291,0.247563,0.247563,0.361986,0.141529,0.141529,True,False,False,0.161697,False,False,38.863
587,29.35,3,yawning,yawning,0.998158,0.001204,0.000282,0.0,0.998158,0.000356,0.853024,0.724967,0.55,0.423277,0.248395,0.248395,0.366109,0.142506,0.142506,True,False,False,0.155289,False,False,37.729
588,29.4,3,yawning,yawning,0.998142,0.001211,0.000287,0.0,0.998142,0.00036,0.847727,0.726536,0.6,0.427243,0.249219,0.249219,0.370222,0.143476,0.143476,True,False,False,0.039017,False,False,37.82
589,29.45,3,yawning,yawning,0.998149,0.001209,0.000285,0.0,0.998149,0.000357,0.825246,0.737537,0.65,0.431124,0.250022,0.250022,0.374277,0.144426,0.144426,True,False,False,0.155289,False,False,37.675
590,29.5,3,yawning,yawning,0.998156,0.0012,0.000283,0.0,0.998156,0.000361,0.810605,0.744088,0.7,0.434911,0.250809,0.250809,0.378291,0.145362,0.145362,True,False,False,0.032608,False,False,46.093
591,29.55,3,yawning,yawning,0.99815,0.001193,0.000284,0.0,0.99815,0.000373,0.793321,0.752633,0.75,0.438579,0.251579,0.251579,0.382254,0.146281,0.146281,True,False,False,0.0,False,False,38.277
592,29.6,3,yawning,yawning,0.998156,0.001195,0.000279,0.0,0.998156,0.00037,0.765224,0.768221,0.8,0.440204,0.252321,0.252321,0.386009,0.147176,0.147176,True,False,False,0.0,False,False,37.483
593,29.65,3,yawning,yawning,0.998207,0.001187,0.000263,0.0,0.998207,0.000344,0.729117,0.78292,0.85,0.441207,0.253023,0.253023,0.389501,0.148032,0.148032,True,False,False,0.07724,False,False,37.704
594,29.7,3,yawning,yawning,0.998255,0.00118,0.000248,0.0,0.998255,0.000317,0.610919,0.826614,0.9,0.441592,0.253578,0.253578,0.392425,0.14875,0.14875,True,False,False,0.105621,False,False,37.981
595,29.75,3,yawning,yawning,0.998297,0.001175,0.000235,0.0,0.998297,0.000293,0.498099,0.875454,0.0,0.441307,0.253979,0.253979,0.394821,0.149323,0.149323,True,False,False,0.105621,False,False,46.739
596,29.8,3,yawning,yawning,0.998321,0.001176,0.000225,0.0,0.998321,0.000277,0.462673,0.88966,0.0,0.440621,0.254326,0.254326,0.39416,0.149844,0.149844,True,False,False,0.099899,False,False,37.301
597,29.85,3,yawning,yawning,0.998334,0.001182,0.000219,0.0,0.998334,0.000266,0.449119,0.894781,0.0,0.439493,0.254652,0.254652,0.393059,0.150344,0.150344,True,False,False,0.099899,False,False,37.297
598,29.9,3,yawning,yawning,0.99831,0.001209,0.000217,0.0,0.99831,0.000264,0.465843,0.884544,0.0,0.438146,0.255,0.255,0.391737,0.150864,0.150864,True,False,False,0.099899,False,False,37.266
599,29.95,3,yawning,yawning,0.998307,0.001214,0.000215,0.0,0.998307,0.000263,0.491028,0.879363,0.0,0.436796,0.255386,0.255386,0.390415,0.151421,0.151421,True,True,False,0.0,False,False,36.958
600,30.0,3,yawning,yawning,0.998324,0.001215,0.000209,0.0,0.998324,0.000252,0.525665,0.875896,0.0,0.435555,0.255361,0.255826,0.389204,0.152186,0.15203,True,True,False,0.0,False,False,45.762
601,30.05,3,yawning,yawning,0.998325,0.001194,0.000214,0.0,0.998325,0.000268,0.562479,0.870337,0.0,0.434466,0.255407,0.256321,0.388145,0.153034,0.152692,True,True,False,0.0,False,False,37.09
602,30.1,3,yawning,yawning,0.99826,0.001213,0.000225,0.0,0.99826,0.000302,0.612938,0.87325,0.0,0.433617,0.255766,0.256897,0.38733,0.154011,0.153437,True,True,False,0.0,False,False,36.982
603,30.15,3,yawning,yawning,0.998269,0.001226,0.000216,0.0,0.998269,0.000289,0.667561,0.864557,0.0,0.433041,0.256426,0.257554,0.386787,0.154835,0.154258,True,True,False,0.0,False,False,36.968
604,30.2,3,yawning,yawning,0.998242,0.001227,0.000221,0.0,0.998242,0.00031,0.721074,0.844945,0.0,0.432697,0.257278,0.258277,0.386473,0.155982,0.155142,True,True,False,0.0,False,False,36.886
605,30.25,3,yawning,yawning,0.998253,0.001236,0.000215,0.0,0.998253,0.000296,0.758758,0.825423,0.0,0.432504,0.258032,0.259038,0.386306,0.157425,0.156061,True,True,False,0.019447,False,False,45.538
606,30.3,3,yawning,yawning,0.998281,0.001219,0.000211,0.0,0.998281,0.000288,0.773165,0.808294,0.0,0.432354,0.258735,0.259803,0.386179,0.158619,0.156979,True,True,False,0.0,False,False,37.219
607,30.35,3,yawning,yawning,0.998277,0.001218,0.000212,0.0,0.998277,0.000294,0.765979,0.80553,0.0,0.432146,0.259725,0.260552,0.385995,0.159808,0.15788,True,True,False,0.0,False,False,37.428
608,30.4,3,yawning,yawning,0.998272,0.001217,0.000212,0.0,0.998272,0.000299,0.74198,0.814959,0.0,0.431847,0.260454,0.261272,0.385725,0.160689,0.158754,True,True,False,0.0,False,False,37.643
609,30.45,3,yawning,yawning,0.998314,0.0012,0.000204,0.0,0.998314,0.000282,0.773486,0.795016,0.0,0.431673,0.261575,0.262018,0.385576,0.161878,0.159649,True,True,False,0.0,False,False,37.752
610,30.5,3,yawning,yawning,0.998336,0.001184,0.000207,0.0,0.998336,0.000273,0.773908,0.783885,0.0,0.43149,0.263108,0.262753,0.385419,0.163347,0.16053,True,True,False,0.0,False,False,46.188
611,30.55,3,yawning,yawning,0.998343,0.001172,0.000213,0.0,0.998343,0.000272,0.791834,0.77865,0.0,0.431366,0.264276,0.263505,0.38532,0.164549,0.161428,True,True,False,0.0,False,False,37.379
612,30.6,3,yawning,yawning,0.998324,0.001174,0.000224,0.0,0.998324,0.000277,0.818275,0.766274,0.0,0.431338,0.265471,0.264281,0.385317,0.165774,0.162347,True,True,False,0.0,False,False,37.0
613,30.65,3,yawning,yawning,0.99832,0.001163,0.000233,0.0,0.99832,0.000283,0.826778,0.755851,0.05,0.431335,0.26626,0.265055,0.385335,0.166704,0.163262,True,True,False,0.0,False,False,36.972
614,30.7,3,yawning,yawning,0.99829,0.001152,0.000249,0.0,0.99829,0.000308,0.840283,0.745803,0.1,0.431363,0.267464,0.265836,0.385383,0.167934,0.16418,True,True,False,0.0,False,False,36.843
615,30.75,3,yawning,yawning,0.998208,0.001153,0.000276,0.0,0.998208,0.000363,0.846076,0.735882,0.15,0.431398,0.269066,0.266612,0.385435,0.169462,0.165092,True,True,False,0.0,False,False,45.926
616,30.8,3,yawning,yawning,0.998159,0.001154,0.000288,0.0,0.998159,0.000399,0.839882,0.731569,0.2,0.431473,0.270254,0.267373,0.385522,0.170678,0.165988,True,True,False,0.0,False,False,37.172
617,30.85,3,yawning,yawning,0.998143,0.001146,0.000292,0.0,0.998143,0.000418,0.839337,0.728677,0.25,0.432295,0.271436,0.268128,0.386326,0.17189,0.166877,True,True,False,0.0,False,False,37.23
618,30.9,3,yawning,yawning,0.99814,0.001153,0.000292,0.0,0.99814,0.000415,0.831283,0.72728,0.3,0.434064,0.272195,0.268869,0.388052,0.172784,0.167752,True,True,False,0.154488,False,False,37.669
619,30.95,3,yawning,yawning,0.998161,0.001147,0.000288,0.0,0.998161,0.000404,0.827362,0.727018,0.35,0.436977,0.272789,0.269603,0.392032,0.173963,0.168618,True,True,False,0.13343,False,False,37.639
620,31.0,3,yawning,yawning,0.99819,0.001159,0.000278,0.0,0.99819,0.000373,0.832195,0.723023,0.4,0.440643,0.272811,0.270338,0.396078,0.1754,0.169484,True,True,False,0.08857,False,False,46.026
621,31.05,3,yawning,yawning,0.998205,0.001148,0.000277,0.0,0.998205,0.00037,0.823209,0.725025,0.45,0.444462,0.27327,0.27106,0.400118,0.176573,0.170339,True,True,False,0.072319,False,False,37.363
622,31.1,3,yawning,yawning,0.99815,0.00119,0.000286,0.0,0.99815,0.000374,0.841249,0.72519,0.5,0.44841,0.273993,0.271805,0.404249,0.17778,0.171215,True,True,False,0.059959,False,False,37.841
623,31.15,3,yawning,yawning,0.998161,0.001192,0.000285,0.0,0.998161,0.000362,0.850365,0.724465,0.55,0.452425,0.274772,0.272558,0.408425,0.178689,0.172099,True,True,False,0.050346,False,False,37.158
624,31.2,3,yawning,yawning,0.998159,0.001191,0.000287,0.0,0.998159,0.000363,0.846949,0.727665,0.6,0.456453,0.275781,0.273309,0.412604,0.179912,0.172981,True,True,False,0.010979,False,False,37.561
625,31.25,3,yawning,yawning,0.998161,0.001192,0.000286,0.0,0.998161,0.000361,0.826031,0.738485,0.65,0.460416,0.277345,0.274041,0.416728,0.181447,0.173846,True,True,False,0.010979,False,False,46.429
626,31.3,3,yawning,yawning,0.998113,0.001213,0.000295,0.0,0.998113,0.000379,0.818695,0.744759,0.7,0.464358,0.278528,0.274767,0.420843,0.18266,0.174706,True,True,False,0.087654,False,False,37.527
627,31.35,3,yawning,yawning,0.998114,0.001201,0.000295,0.0,0.998114,0.000391,0.790993,0.753743,0.75,0.468211,0.279682,0.275463,0.424866,0.183846,0.175537,True,True,False,0.087654,False,False,37.629
628,31.4,3,yawning,yawning,0.998127,0.001199,0.000289,0.0,0.998127,0.000386,0.780877,0.764245,0.8,0.472024,0.280399,0.276153,0.428872,0.184699,0.176363,True,True,False,0.056755,False,False,37.482
629,31.45,3,yawning,yawning,0.99819,0.001185,0.00027,0.0,0.99819,0.000354,0.75566,0.772683,0.85,0.475756,0.281518,0.276814,0.432791,0.185854,0.177162,True,True,False,0.025856,False,False,37.335
630,31.5,3,yawning,yawning,0.998226,0.001184,0.000256,0.0,0.998226,0.000334,0.681596,0.800966,0.9,0.479191,0.282933,0.277391,0.436419,0.18726,0.177881,True,True,False,0.025856,False,False,45.937
631,31.55,3,yawning,yawning,0.998283,0.001172,0.000241,0.0,0.998283,0.000305,0.530907,0.86113,0.0,0.481931,0.283135,0.27778,0.43937,0.188124,0.178422,True,True,False,0.000221,False,False,37.515
632,31.6,3,yawning,yawning,0.998309,0.001172,0.00023,0.0,0.998309,0.000289,0.452316,0.892343,0.0,0.484257,0.283486,0.278056,0.441923,0.188893,0.178856,True,True,False,0.000221,False,False,37.568
633,31.65,3,yawning,yawning,0.998325,0.001177,0.000222,0.0,0.998325,0.000275,0.435012,0.896781,0.0,0.486483,0.28374,0.278306,0.444385,0.189306,0.179263,True,True,False,0.0373,False,False,37.266
634,31.7,3,yawning,yawning,0.998322,0.00119,0.000219,0.0,0.998322,0.000269,0.471381,0.881325,0.0,0.488902,0.284364,0.278607,0.44704,0.190107,0.179719,True,True,False,0.037758,False,False,37.866
635,31.75,3,yawning,yawning,0.998317,0.001202,0.000216,0.0,0.998317,0.000265,0.500321,0.878159,0.0,0.491468,0.285546,0.278951,0.449847,0.191298,0.180216,True,True,False,0.037758,False,False,45.851
636,31.8,3,yawning,yawning,0.998317,0.001207,0.000214,0.0,0.998317,0.000262,0.551077,0.860938,0.0,0.494305,0.286407,0.279364,0.452912,0.192221,0.18078,True,True,False,0.0,False,False,37.815
637,31.85,3,yawning,yawning,0.998319,0.001188,0.000218,0.0,0.998319,0.000274,0.582954,0.86156,0.0,0.497319,0.287328,0.279825,0.456145,0.193196,0.18139,True,True,False,0.0,False,False,37.25
638,31.9,3,yawning,yawning,0.998316,0.001185,0.000218,0.0,0.998316,0.000281,0.617477,0.856267,0.0,0.500509,0.287857,0.280334,0.459552,0.193877,0.182047,True,True,False,0.0,False,False,37.107
639,31.95,3,yawning,yawning,0.998317,0.001197,0.000214,0.0,0.998317,0.000272,0.675553,0.855408,0.0,0.503988,0.28892,0.280928,0.463258,0.194995,0.182788,True,True,False,0.0,False,False,37.093
640,32.0,3,yawning,yawning,0.998317,0.001206,0.000211,0.0,0.998317,0.000266,0.687311,0.85573,0.0,0.507523,0.290439,0.281537,0.467029,0.196483,0.183546,True,True,False,0.0,False,False,45.743
641,32.05,3,yawning,yawning,0.998312,0.001212,0.00021,0.0,0.998312,0.000266,0.7418,0.836801,0.0,0.508687,0.291147,0.282212,0.468394,0.197338,0.184364,True,True,False,0.0,False,False,37.149
642,32.1,3,yawning,yawning,0.998302,0.001218,0.000211,0.0,0.998302,0.000268,0.774464,0.816031,0.0,0.515209,0.292769,0.282914,0.475203,0.198928,0.185206,True,True,False,0.0,False,False,37.496
643,32.15,3,yawning,yawning,0.998295,0.001213,0.000213,0.0,0.998295,0.000279,0.76392,0.809255,0.0,0.519068,0.293484,0.283594,0.4793,0.199785,0.186024,True,True,False,0.0,False,False,37.425
644,32.2,3,yawning,yawning,0.99829,0.001217,0.000211,0.0,0.99829,0.000282,0.704831,0.827097,0.0,0.522694,0.295014,0.284202,0.483145,0.201284,0.186772,True,True,False,0.0,False,False,37.23
645,32.25,3,yawning,yawning,0.998332,0.0012,0.000202,0.0,0.998332,0.000265,0.7583,0.804656,0.0,0.526571,0.296163,0.284866,0.487222,0.202487,0.187573,True,True,False,0.0,False,False,45.839
646,32.3,3,yawning,yawning,0.998346,0.001171,0.000209,0.0,0.998346,0.000274,0.780752,0.782152,0.0,0.527756,0.296874,0.285541,0.488591,0.203336,0.18838,True,True,False,0.0,False,False,37.19
647,32.35,3,yawning,yawning,0.998352,0.001162,0.000214,0.0,0.998352,0.000272,0.794163,0.775915,0.0,0.53455,0.298498,0.286226,0.495592,0.204925,0.189196,True,True,False,0.0,False,False,37.14
648,32.4,3,yawning,yawning,0.998332,0.001163,0.000225,0.0,0.998332,0.000279,0.808897,0.76752,0.0,0.538633,0.299234,0.286922,0.499869,0.205796,0.190021,True,True,False,0.0,False,False,37.421
649,32.45,3,yawning,yawning,0.998317,0.001161,0.000235,0.0,0.998317,0.000286,0.824319,0.757573,0.0,0.542776,0.300891,0.287627,0.504207,0.207414,0.190853,True,True,False,0.0,False,False,37.589
650,32.5,3,yawning,yawning,0.998292,0.00116,0.000247,0.0,0.998292,0.0003,0.834688,0.748673,0.05,0.546968,0.3021,0.288335,0.508586,0.20867,0.191687,True,True,False,0.0,False,False,45.879
651,32.55,3,yawning,yawning,0.998232,0.00115,0.000271,0.0,0.998232,0.000347,0.843075,0.738497,0.1,0.548278,0.302851,0.289043,0.510067,0.209551,0.192518,True,True,False,0.0,False,False,37.288
652,32.6,3,yawning,yawning,0.998158,0.001162,0.000292,0.0,0.998158,0.000389,0.844378,0.732923,0.15,0.555365,0.304522,0.289745,0.517398,0.21118,0.193343,True,True,False,0.0,False,False,37.535
653,32.65,3,yawning,yawning,0.998152,0.001152,0.000296,0.0,0.998152,0.000399,0.845293,0.728793,0.2,0.559086,0.305264,0.290443,0.521774,0.212049,0.194161,True,True,False,0.0,False,False,37.382
654,32.7,3,yawning,yawning,0.99818,0.001141,0.00029,0.0,0.99818,0.000389,0.832571,0.726275,0.25,0.560907,0.306927,0.291121,0.525944,0.213661,0.194959,True,True,False,0.042908,False,False,37.561
655,32.75,3,yawning,yawning,0.998195,0.001133,0.000287,0.0,0.998195,0.000385,0.831143,0.727935,0.3,0.563032,0.308121,0.291797,0.530216,0.214893,0.195755,True,True,False,0.036499,False,False,46.632
656,32.8,3,yawning,yawning,0.998197,0.001137,0.000285,0.0,0.998197,0.00038,0.827916,0.731363,0.35,0.564201,0.308837,0.29247,0.531529,0.215738,0.196549,True,True,False,0.112259,False,False,37.837
657,32.85,3,yawning,yawning,0.998193,0.001142,0.000284,0.0,0.998193,0.000381,0.825533,0.726602,0.4,0.570043,0.310505,0.293134,0.538935,0.21735,0.197333,True,True,False,0.112259,False,False,37.936
658,32.9,3,yawning,yawning,0.998172,0.001164,0.000286,0.0,0.998172,0.000378,0.840635,0.722045,0.45,0.57426,0.311227,0.293811,0.543388,0.218199,0.198128,True,True,False,0.112259,False,False,37.557
659,32.95,3,yawning,yawning,0.998171,0.001177,0.000286,0.0,0.998171,0.000366,0.846892,0.726725,0.5,0.578569,0.312925,0.294498,0.547891,0.219847,0.198935,True,True,False,0.04451,False,False,38.764
660,33.0,3,yawning,yawning,0.998205,0.001163,0.00028,0.0,0.998205,0.000352,0.851424,0.730044,0.55,0.582916,0.314154,0.295193,0.55243,0.221115,0.199748,True,True,False,0.0,False,False,46.323
661,33.05,3,yawning,yawning,0.998216,0.001163,0.000275,0.0,0.998216,0.000345,0.832162,0.738466,0.6,0.584034,0.314877,0.295869,0.553684,0.221967,0.200545,True,True,False,0.0,False,False,38.003
662,33.1,3,yawning,yawning,0.998192,0.001172,0.00028,0.0,0.998192,0.000356,0.815643,0.746486,0.65,0.591424,0.316572,0.296531,0.561329,0.223606,0.201328,True,True,False,0.0,False,False,38.048
663,33.15,3,yawning,yawning,0.998179,0.001168,0.000282,0.0,0.998179,0.000371,0.790237,0.756008,0.7,0.595508,0.317249,0.297166,0.565655,0.224416,0.202085,True,True,False,0.0,False,False,38.116
664,33.2,3,yawning,yawning,0.998179,0.001171,0.000279,0.0,0.998179,0.000371,0.782504,0.764516,0.75,0.599472,0.318913,0.297796,0.569954,0.226034,0.202839,True,True,False,0.036728,False,False,38.013
665,33.25,3,yawning,yawning,0.998228,0.001167,0.000262,0.0,0.998228,0.000343,0.738723,0.776514,0.8,0.602735,0.319998,0.298378,0.574026,0.227195,0.203546,True,True,False,0.027344,False,False,46.39
666,33.3,3,yawning,yawning,0.998257,0.001169,0.00025,0.0,0.998257,0.000324,0.679265,0.801314,0.85,0.603109,0.320542,0.298895,0.574541,0.22788,0.204192,True,True,False,0.027344,False,False,37.849
667,33.35,3,yawning,yawning,0.998297,0.001164,0.000238,0.0,0.998297,0.000301,0.578808,0.839026,0.9,0.604279,0.321647,0.299292,0.580619,0.229251,0.204724,True,True,False,0.027344,False,False,37.666
668,33.4,3,yawning,yawning,0.998327,0.001161,0.000228,0.0,0.998327,0.000283,0.484196,0.884008,0.0,0.604057,0.321919,0.299569,0.583025,0.229677,0.205141,True,True,False,0.053436,False,False,37.284
669,33.45,3,yawning,yawning,0.998356,0.001159,0.000218,0.0,0.998356,0.000267,0.424289,0.905305,0.0,0.603827,0.322633,0.299759,0.585317,0.230827,0.205476,True,True,False,0.085251,False,False,37.341
670,33.5,3,yawning,yawning,0.998348,0.001174,0.000215,0.0,0.998348,0.000264,0.444893,0.893434,0.0,0.604408,0.322799,0.299978,0.58784,0.231592,0.205837,True,True,False,0.053436,False,False,45.986
671,33.55,3,yawning,yawning,0.998331,0.001194,0.000214,0.0,0.998331,0.000261,0.457605,0.888386,0.0,0.603612,0.323026,0.300213,0.587134,0.231972,0.206213,True,True,False,0.031693,False,False,37.217
672,33.6,3,yawning,yawning,0.998327,0.0012,0.000212,0.0,0.998327,0.00026,0.504172,0.8745,0.0,0.608767,0.322757,0.300513,0.593506,0.233164,0.206651,True,True,False,0.0,False,False,37.383
673,33.65,3,yawning,yawning,0.998343,0.001199,0.000208,0.0,0.998343,0.000251,0.536673,0.872998,0.0,0.611696,0.32311,0.300859,0.596684,0.233665,0.207134,True,True,False,0.0,False,False,37.53
674,33.7,3,yawning,yawning,0.998348,0.001181,0.000211,0.0,0.998348,0.00026,0.571866,0.860194,0.0,0.614845,0.323121,0.301249,0.600057,0.235009,0.20766,True,True,False,0.0,False,False,37.495
675,33.75,3,yawning,yawning,0.998287,0.001196,0.000223,0.0,0.998287,0.000293,0.619325,0.870934,0.0,0.618258,0.323792,0.301713,0.603683,0.236058,0.208259,True,True,False,0.0,False,False,46.253
676,33.8,3,yawning,yawning,0.998287,0.001213,0.000217,0.0,0.998287,0.000283,0.648963,0.870579,0.0,0.618422,0.324328,0.302218,0.603924,0.236739,0.2089,True,True,False,0.0,False,False,37.784
677,33.85,3,yawning,yawning,0.998269,0.001213,0.00022,0.0,0.998269,0.000298,0.70538,0.855197,0.0,0.625685,0.32585,0.302793,0.611549,0.23835,0.209608,True,True,False,0.0,False,False,38.172
678,33.9,3,yawning,yawning,0.998265,0.00123,0.000216,0.0,0.998265,0.000289,0.746802,0.833454,0.0,0.62974,0.326515,0.303409,0.615833,0.239153,0.210354,True,True,False,0.0,False,False,37.448
679,33.95,3,yawning,yawning,0.998265,0.001234,0.000213,0.0,0.998265,0.000287,0.718455,0.822975,0.0,0.633631,0.328168,0.303977,0.619968,0.240767,0.211049,True,True,False,0.0,False,False,37.951
680,34.0,3,yawning,yawning,0.998267,0.001236,0.00021,0.0,0.998267,0.000287,0.671148,0.832563,0.0,0.637303,0.329237,0.304485,0.623871,0.241883,0.211686,True,True,False,0.0,False,False,46.771
681,34.05,3,yawning,yawning,0.998268,0.001232,0.000209,0.0,0.998268,0.000291,0.684239,0.832185,0.0,0.637542,0.329796,0.305009,0.62418,0.24258,0.212338,True,True,False,0.0,False,False,38.163
682,34.1,3,yawning,yawning,0.998274,0.001203,0.000214,0.0,0.998274,0.000308,0.744894,0.804851,0.0,0.645009,0.331472,0.305595,0.632117,0.244225,0.213048,True,True,False,0.0,False,False,38.119
683,34.15,3,yawning,yawning,0.998286,0.001191,0.000217,0.0,0.998286,0.000305,0.746585,0.792807,0.0,0.649028,0.332096,0.306174,0.636399,0.244981,0.213748,True,True,False,0.0,False,False,37.57
684,34.2,3,yawning,yawning,0.998251,0.0012,0.00023,0.0,0.998251,0.000318,0.7846,0.783664,0.0,0.653246,0.333719,0.306793,0.64087,0.246666,0.214487,True,True,False,0.0,False,False,37.794
685,34.25,3,yawning,yawning,0.998245,0.001199,0.000239,0.0,0.998245,0.000317,0.81253,0.768781,0.0,0.657621,0.33487,0.307435,0.645472,0.247936,0.215245,True,True,False,0.0,False,False,46.151
686,34.3,3,yawning,yawning,0.998255,0.001181,0.000247,0.0,0.998255,0.000318,0.826475,0.756034,0.05,0.658408,0.335576,0.308081,0.646316,0.248766,0.216007,True,True,False,0.052864,False,False,37.574
687,34.35,3,yawning,yawning,0.998219,0.001171,0.000264,0.0,0.998219,0.000346,0.841031,0.745142,0.1,0.666547,0.337285,0.308735,0.654861,0.250504,0.216773,True,True,False,0.07003,False,False,37.412
688,34.4,3,yawning,yawning,0.99818,0.001165,0.000277,0.0,0.99818,0.000378,0.838701,0.735865,0.15,0.671018,0.337986,0.309376,0.659579,0.251327,0.217526,True,True,False,0.099785,False,False,37.436
689,34.45,3,yawning,yawning,0.998165,0.001155,0.000284,0.0,0.998165,0.000396,0.834028,0.734127,0.2,0.675457,0.33974,0.310009,0.664283,0.253051,0.218269,True,True,False,0.190651,False,False,37.343
690,34.5,3,yawning,yawning,0.998165,0.001152,0.000285,0.0,0.998165,0.000399,0.837769,0.731537,0.25,0.679925,0.340971,0.310642,0.669015,0.254325,0.219012,True,True,False,0.0,False,False,46.071
691,34.55,3,yawning,yawning,0.998165,0.001155,0.000286,0.0,0.998165,0.000394,0.837425,0.732068,0.3,0.680641,0.341662,0.311273,0.66978,0.255136,0.219754,True,True,False,0.190651,False,False,37.484
692,34.6,3,yawning,yawning,0.998185,0.001148,0.000282,0.0,0.998185,0.000384,0.822726,0.733236,0.35,0.688847,0.343422,0.311887,0.678452,0.256855,0.220477,True,True,False,0.209877,False,False,37.702
693,34.65,3,yawning,yawning,0.998215,0.001159,0.000271,0.0,0.998215,0.000355,0.828983,0.726806,0.4,0.693303,0.344094,0.312501,0.683178,0.257647,0.2212,True,True,False,0.209877,False,False,37.383
694,34.7,3,yawning,yawning,0.998206,0.00117,0.000273,0.0,0.998206,0.00035,0.841033,0.724006,0.45,0.697816,0.345883,0.313126,0.68797,0.259388,0.221932,True,True,False,0.209877,False,False,37.887
695,34.75,3,yawning,yawning,0.998169,0.001196,0.000282,0.0,0.998169,0.000353,0.845518,0.72739,0.5,0.70237,0.347132,0.313757,0.692801,0.260673,0.222672,True,True,False,0.179436,False,False,46.843
696,34.8,3,yawning,yawning,0.998203,0.001178,0.000278,0.0,0.998203,0.000341,0.850223,0.730012,0.55,0.703046,0.347832,0.314395,0.69352,0.261494,0.223418,True,True,False,0.051491,False,False,37.894
697,34.85,3,yawning,yawning,0.998188,0.001185,0.00028,0.0,0.998188,0.000346,0.843271,0.732503,0.6,0.711472,0.34964,0.315025,0.702514,0.263259,0.224156,True,True,False,0.046913,False,False,37.511
698,34.9,3,yawning,yawning,0.998147,0.0012,0.00029,0.0,0.998147,0.000363,0.824296,0.742942,0.65,0.71595,0.350313,0.31564,0.707299,0.264054,0.224881,True,True,False,0.046913,False,False,37.614
699,34.95,3,yawning,yawning,0.998155,0.001194,0.000287,0.0,0.998155,0.000364,0.810362,0.747016,0.7,0.719968,0.351413,0.316239,0.711965,0.265763,0.22559,True,True,False,0.026314,False,False,37.502
700,35.0,3,yawning,yawning,0.998188,0.001184,0.000278,0.0,0.998188,0.000351,0.800819,0.754217,0.75,0.72167,0.351802,0.316831,0.716188,0.266954,0.226293,True,True,False,0.025627,False,False,46.265
701,35.05,3,yawning,yawning,0.998207,0.00118,0.000271,0.0,0.998207,0.000343,0.773143,0.767434,0.8,0.721919,0.35242,0.317398,0.716463,0.267696,0.226972,True,True,False,0.025627,False,False,37.621
702,35.1,3,yawning,yawning,0.998237,0.00118,0.000258,0.0,0.998237,0.000325,0.704651,0.794588,0.85,0.723604,0.352171,0.317895,0.723604,0.269196,0.227586,True,True,False,0.103905,False,False,37.724
703,35.15,3,yawning,yawning,0.998291,0.001168,0.000242,0.0,0.998291,0.000299,0.589231,0.837813,0.9,0.723395,0.35255,0.318262,0.723395,0.269708,0.228075,True,True,False,0.134804,False,False,37.752
704,35.2,3,yawning,yawning,0.998323,0.001164,0.000232,0.0,0.998323,0.000281,0.488306,0.882379,0.0,0.722117,0.351916,0.318504,0.722117,0.270951,0.228445,True,True,False,0.103905,False,False,37.624
705,35.25,3,yawning,yawning,0.998349,0.001164,0.000222,0.0,0.998349,0.000266,0.450596,0.896578,0.0,0.720286,0.352,0.318695,0.720286,0.271735,0.228766,True,True,False,0.156776,False,False,46.322
706,35.3,3,yawning,yawning,0.998347,0.001176,0.000217,0.0,0.998347,0.00026,0.4572,0.892567,0.0,0.718812,0.352179,0.318894,0.718812,0.272051,0.229093,True,True,False,0.156776,False,False,37.606
707,35.35,3,yawning,yawning,0.99834,0.001192,0.000213,0.0,0.99834,0.000254,0.445602,0.897683,0.0,0.716292,0.353081,0.319076,0.716292,0.273333,0.229405,True,True,False,0.156776,False,False,37.35
708,35.4,3,yawning,yawning,0.998335,0.001201,0.000212,0.0,0.998335,0.000252,0.503403,0.876264,0.0,0.714584,0.353332,0.319335,0.714584,0.273718,0.22979,True,True,False,0.0,False,False,37.161
709,35.45,3,yawning,yawning,0.998352,0.001197,0.000207,0.0,0.998352,0.000245,0.539513,0.873481,0.0,0.713118,0.354097,0.319643,0.713118,0.275134,0.230223,True,True,False,0.0,False,False,37.245
710,35.5,3,yawning,yawning,0.998349,0.001178,0.000213,0.0,0.998349,0.00026,0.583606,0.865103,0.0,0.711924,0.354399,0.320008,0.711924,0.276121,0.230712,True,True,False,0.0,False,False,45.99
711,35.55,3,yawning,yawning,0.998294,0.001194,0.000222,0.0,0.998294,0.000289,0.631582,0.869494,0.0,0.711487,0.354859,0.32044,0.711487,0.276712,0.231268,True,True,False,0.0,False,False,37.434
712,35.6,3,yawning,yawning,0.998303,0.001207,0.000214,0.0,0.998303,0.000276,0.681969,0.860577,0.0,0.710343,0.355114,0.320936,0.710343,0.278336,0.231886,True,True,False,0.0,False,False,37.126
713,35.65,3,yawning,yawning,0.998302,0.001201,0.000214,0.0,0.998302,0.000282,0.720789,0.845934,0.0,0.70984,0.355705,0.321474,0.70984,0.27905,0.232545,True,True,False,0.0,False,False,37.588
714,35.7,3,yawning,yawning,0.998305,0.001216,0.000209,0.0,0.998305,0.00027,0.751282,0.831205,0.0,0.709431,0.356792,0.322042,0.709431,0.280802,0.23323,True,True,False,0.0,False,False,37.704
715,35.75,3,yawning,yawning,0.998324,0.001202,0.000207,0.0,0.998324,0.000267,0.76757,0.808928,0.0,0.709091,0.357958,0.322615,0.709091,0.282068,0.233916,True,True,False,0.0,False,False,45.696
716,35.8,3,yawning,yawning,0.998318,0.0012,0.000209,0.0,0.998318,0.000273,0.762517,0.805175,0.0,0.709359,0.358581,0.323176,0.709359,0.282808,0.234591,True,True,False,0.0,False,False,37.374
717,35.85,3,yawning,yawning,0.998325,0.001192,0.000208,0.0,0.998325,0.000275,0.731869,0.808839,0.0,0.70843,0.360324,0.3237,0.70843,0.284538,0.235228,True,True,False,0.0,False,False,37.096
718,35.9,3,yawning,yawning,0.998354,0.001178,0.000203,0.0,0.998354,0.000265,0.767924,0.792168,0.0,0.70833,0.360942,0.324256,0.70833,0.28527,0.235895,True,True,False,0.0,False,False,37.495
719,35.95,3,yawning,yawning,0.998364,0.001163,0.000208,0.0,0.998364,0.000266,0.765768,0.784879,0.0,0.70825,0.362726,0.324803,0.70825,0.287036,0.236552,True,True,False,0.0,False,False,37.433
720,36.0,3,yawning,yawning,0.998358,0.001159,0.000214,0.0,0.998358,0.000269,0.788235,0.779306,0.0,0.708399,0.363943,0.325373,0.708399,0.288309,0.23723,True,True,False,0.0,False,False,46.203
721,36.05,3,yawning,yawning,0.998333,0.001165,0.000225,0.0,0.998333,0.000276,0.814726,0.767067,0.0,0.708907,0.364605,0.325965,0.708907,0.289082,0.237928,True,True,False,0.0,False,False,37.206
722,36.1,3,yawning,yawning,0.998327,0.001157,0.000234,0.0,0.998327,0.000282,0.827375,0.754133,0.05,0.710516,0.366388,0.32656,0.710516,0.290913,0.238628,True,True,False,0.0,False,False,37.156
723,36.15,3,yawning,yawning,0.998292,0.001149,0.000251,0.0,0.998292,0.000308,0.842625,0.742015,0.1,0.71264,0.367065,0.327162,0.71264,0.291697,0.239333,True,True,False,0.0,False,False,37.248
724,36.2,3,yawning,yawning,0.998254,0.001137,0.000268,0.0,0.998254,0.000341,0.847037,0.73263,0.15,0.71493,0.367446,0.32776,0.71493,0.293447,0.240032,True,True,False,0.0,False,False,37.346
725,36.25,3,yawning,yawning,0.998202,0.001139,0.000282,0.0,0.998202,0.000378,0.840965,0.732026,0.2,0.71705,0.367854,0.328349,0.71705,0.294667,0.240722,True,True,False,0.0,False,False,46.239
726,36.3,3,yawning,yawning,0.998175,0.001137,0.000288,0.0,0.998175,0.0004,0.841537,0.730304,0.25,0.717619,0.368518,0.328936,0.717619,0.295433,0.241409,True,True,False,0.0,False,False,37.559
727,36.35,3,yawning,yawning,0.998165,0.001145,0.00029,0.0,0.998165,0.0004,0.838587,0.730422,0.3,0.72044,0.368567,0.329519,0.72044,0.297096,0.242092,True,True,False,0.10894,False,False,37.335
728,36.4,3,yawning,yawning,0.998186,0.001136,0.000286,0.0,0.998186,0.000392,0.826533,0.726901,0.35,0.72175,0.369205,0.330083,0.72175,0.297834,0.242756,True,True,False,0.062019,False,False,37.232
729,36.45,3,yawning,yawning,0.998215,0.001147,0.000276,0.0,0.998215,0.000362,0.83441,0.72096,0.4,0.722927,0.368818,0.330651,0.722927,0.297326,0.243422,True,True,False,0.062019,False,False,37.569
730,36.5,3,yawning,yawning,0.998235,0.001136,0.000274,0.0,0.998235,0.000356,0.828692,0.723648,0.45,0.723765,0.368842,0.331213,0.723765,0.297343,0.244082,True,True,False,0.115807,False,False,46.141
731,36.55,3,yawning,yawning,0.998186,0.001174,0.000281,0.0,0.998186,0.000359,0.840823,0.727453,0.5,0.7243,0.369501,0.331791,0.7243,0.298101,0.244758,True,True,False,0.115807,False,False,38.168
732,36.6,3,yawning,yawning,0.998192,0.00118,0.00028,0.0,0.998192,0.000348,0.852483,0.72321,0.55,0.725156,0.368869,0.332376,0.725156,0.297359,0.245442,True,True,False,0.115807,False,False,37.788
733,36.65,3,yawning,yawning,0.998187,0.001182,0.000281,0.0,0.998187,0.00035,0.848125,0.724791,0.6,0.725527,0.369535,0.332957,0.725527,0.298125,0.246121,True,True,False,0.008232,False,False,37.59
734,36.7,3,yawning,yawning,0.998201,0.001179,0.000277,0.0,0.998201,0.000343,0.826258,0.736575,0.65,0.725843,0.368844,0.333522,0.725843,0.297329,0.246784,True,True,False,0.12542,False,False,37.883
735,36.75,3,yawning,yawning,0.998205,0.001173,0.000276,0.0,0.998205,0.000346,0.811471,0.742507,0.7,0.726401,0.368805,0.334072,0.726401,0.297292,0.247435,True,True,False,0.008232,False,False,46.11
736,36.8,3,yawning,yawning,0.998196,0.001169,0.000277,0.0,0.998196,0.000357,0.794183,0.750812,0.75,0.726722,0.369418,0.334607,0.726722,0.298007,0.24807,True,True,False,0.0,False,False,37.763
737,36.85,3,yawning,yawning,0.9982,0.001173,0.000272,0.0,0.9982,0.000354,0.766028,0.766376,0.8,0.726515,0.368662,0.335118,0.726515,0.297157,0.248684,True,True,False,0.0,False,False,37.609
738,36.9,3,yawning,yawning,0.998245,0.001166,0.000258,0.0,0.998245,0.000332,0.729782,0.78118,0.85,0.726242,0.369203,0.335595,0.726242,0.297805,0.249265,True,True,False,0.08651,False,False,37.566
739,36.95,3,yawning,yawning,0.998286,0.001162,0.000244,0.0,0.998286,0.000308,0.611286,0.825231,0.9,0.725302,0.368249,0.335946,0.725302,0.296769,0.249726,True,True,False,0.094063,False,False,37.548
740,37.0,3,yawning,yawning,0.99832,0.001159,0.000234,0.0,0.99832,0.000288,0.497996,0.874695,0.0,0.72357,0.3678,0.336164,0.72357,0.296343,0.250061,True,True,False,0.094063,False,False,45.882
741,37.05,3,yawning,yawning,0.998344,0.001159,0.000224,0.0,0.998344,0.000273,0.462487,0.889284,0.0,0.722108,0.367961,0.336337,0.722108,0.296626,0.250352,True,True,False,0.089943,False,False,37.549
742,37.1,3,yawning,yawning,0.998356,0.001163,0.000218,0.0,0.998356,0.000264,0.44895,0.894602,0.0,0.719457,0.366784,0.336492,0.719457,0.295384,0.250625,True,True,False,0.064308,False,False,37.674
743,37.15,3,yawning,yawning,0.998334,0.001188,0.000217,0.0,0.998334,0.000262,0.465729,0.884461,0.0,0.717472,0.366951,0.336667,0.717472,0.295673,0.250917,True,True,False,0.064308,False,False,37.345
744,37.2,3,yawning,yawning,0.998325,0.001197,0.000216,0.0,0.998325,0.000262,0.490996,0.879279,0.0,0.715665,0.365846,0.336875,0.715665,0.294504,0.25124,True,True,False,0.035469,False,False,37.308
745,37.25,3,yawning,yawning,0.998339,0.001199,0.00021,0.0,0.998339,0.000252,0.52567,0.875809,0.0,0.714046,0.365455,0.337129,0.714046,0.294141,0.251608,True,True,False,0.0,False,False,45.952
746,37.3,3,yawning,yawning,0.998338,0.001181,0.000215,0.0,0.998338,0.000266,0.562487,0.870265,0.0,0.71322,0.365783,0.337428,0.71322,0.294588,0.252022,True,True,False,0.0,False,False,42.995
747,37.35,3,yawning,yawning,0.998278,0.001198,0.000226,0.0,0.998278,0.000298,0.612941,0.873202,0.0,0.711526,0.364904,0.337796,0.711526,0.293641,0.252503,True,True,False,0.0,False,False,37.536
748,37.4,3,yawning,yawning,0.998286,0.00121,0.000218,0.0,0.998286,0.000286,0.667562,0.864523,0.0,0.7107,0.365404,0.33823,0.7107,0.294258,0.25305,True,True,False,0.0,False,False,37.587
749,37.45,3,yawning,yawning,0.998262,0.001211,0.000223,0.0,0.998262,0.000304,0.721079,0.844918,0.0,0.710137,0.365509,0.338723,0.710137,0.294249,0.253652,True,True,False,0.0,False,False,37.939
750,37.5,3,yawning,yawning,0.998272,0.001218,0.000217,0.0,0.998272,0.000292,0.75877,0.8254,0.0,0.709753,0.366421,0.33925,0.709753,0.295506,0.254286,True,True,False,0.0,False,False,46.345
751,37.55,3,yawning,yawning,0.99828,0.00122,0.000216,0.0,0.99828,0.000285,0.782745,0.809942,0.0,0.710122,0.367066,0.339796,0.710122,0.296261,0.254936,True,True,False,0.0,False,False,38.073
752,37.6,3,yawning,yawning,0.998284,0.001212,0.000216,0.0,0.998284,0.000288,0.770012,0.805048,0.0,0.709155,0.368795,0.340321,0.709155,0.298073,0.255565,True,True,False,0.0,False,False,37.306
753,37.65,3,yawning,yawning,0.998289,0.001212,0.000214,0.0,0.998289,0.000285,0.720308,0.81954,0.0,0.708635,0.369346,0.340793,0.708635,0.298735,0.256142,True,True,False,0.0,False,False,37.696
754,37.7,3,yawning,yawning,0.998331,0.00119,0.000206,0.0,0.998331,0.000273,0.765391,0.799287,0.0,0.708425,0.371155,0.341306,0.708425,0.300545,0.256758,True,True,False,0.0,False,False,38.432
755,37.75,3,yawning,yawning,0.99834,0.001167,0.000213,0.0,0.99834,0.00028,0.782782,0.779994,0.0,0.708346,0.372382,0.341827,0.708346,0.301816,0.257378,True,True,False,0.0,False,False,46.525
756,37.8,3,yawning,yawning,0.998345,0.001161,0.000217,0.0,0.998345,0.000277,0.795616,0.774141,0.0,0.708767,0.373009,0.342357,0.708767,0.302548,0.258007,True,True,False,0.0,False,False,37.661
757,37.85,3,yawning,yawning,0.998326,0.001164,0.000227,0.0,0.998326,0.000283,0.81017,0.765229,0.0,0.709004,0.374872,0.342897,0.709004,0.3044,0.258645,True,True,False,0.0,False,False,37.518
758,37.9,3,yawning,yawning,0.998316,0.001158,0.000237,0.0,0.998316,0.000289,0.824916,0.755125,0.0,0.710195,0.375523,0.343445,0.710195,0.305153,0.259289,True,True,False,0.0,False,False,37.369
759,37.95,3,yawning,yawning,0.998308,0.001153,0.000245,0.0,0.998308,0.000294,0.835497,0.746119,0.05,0.71203,0.377405,0.343998,0.71203,0.307029,0.259935,True,True,False,0.0,False,False,37.417
760,38.0,3,yawning,yawning,0.998237,0.00115,0.000271,0.0,0.998237,0.000343,0.843701,0.737444,0.1,0.714126,0.378682,0.344552,0.714126,0.308351,0.260582,True,True,False,0.0,False,False,46.091
761,38.05,3,yawning,yawning,0.998155,0.001164,0.000291,0.0,0.998155,0.00039,0.843882,0.733645,0.15,0.714721,0.379337,0.345101,0.714721,0.309105,0.261225,True,True,False,0.0,False,False,37.619
762,38.1,3,yawning,yawning,0.998148,0.001151,0.000296,0.0,0.998148,0.000406,0.836996,0.729582,0.2,0.718097,0.381217,0.34564,0.718097,0.310977,0.261855,True,True,False,0.0,False,False,37.62
763,38.15,3,yawning,yawning,0.998148,0.001146,0.000297,0.0,0.998148,0.00041,0.831743,0.726456,0.25,0.71977,0.381846,0.346169,0.71977,0.311704,0.262475,True,True,False,0.0,False,False,37.485
764,38.2,3,yawning,yawning,0.998161,0.001145,0.000294,0.0,0.998161,0.0004,0.826276,0.725968,0.3,0.721223,0.383707,0.34669,0.721223,0.313565,0.263087,True,True,False,0.124733,False,False,37.44
765,38.25,3,yawning,yawning,0.998183,0.001139,0.000289,0.0,0.998183,0.000389,0.829248,0.728605,0.35,0.722454,0.384953,0.347216,0.722454,0.314863,0.263704,True,True,False,0.079872,False,False,46.341
766,38.3,3,yawning,yawning,0.998198,0.001138,0.000283,0.0,0.998198,0.000381,0.821743,0.727748,0.4,0.722908,0.385564,0.347731,0.722908,0.315572,0.26431,True,True,False,0.063622,False,False,37.795
767,38.35,3,yawning,yawning,0.998187,0.001157,0.000283,0.0,0.998187,0.000374,0.839764,0.723045,0.45,0.72446,0.387447,0.348262,0.72446,0.31746,0.264931,True,True,False,0.051262,False,False,37.531
768,38.4,3,yawning,yawning,0.998191,0.00117,0.000282,0.0,0.998191,0.000357,0.849772,0.724331,0.5,0.725178,0.388091,0.348803,0.725178,0.318202,0.265562,True,True,False,0.041649,False,False,38.091
769,38.45,3,yawning,yawning,0.998204,0.00117,0.000279,0.0,0.998204,0.000347,0.850502,0.727183,0.55,0.725705,0.390009,0.349346,0.725705,0.320116,0.266195,True,True,False,0.002281,False,False,37.541
770,38.5,3,yawning,yawning,0.998204,0.001175,0.000277,0.0,0.998204,0.000343,0.825303,0.738995,0.6,0.72601,0.391264,0.349869,0.72601,0.321424,0.266809,True,True,False,0.002281,False,False,46.185
771,38.55,3,yawning,yawning,0.998169,0.001191,0.000284,0.0,0.998169,0.000356,0.819308,0.744332,0.65,0.726448,0.391878,0.350388,0.726448,0.322138,0.26742,True,True,False,0.078957,False,False,37.87
772,38.6,3,yawning,yawning,0.998168,0.001184,0.000284,0.0,0.998168,0.000364,0.798144,0.752348,0.7,0.727069,0.393745,0.350888,0.727069,0.324013,0.268012,True,True,False,0.078957,False,False,37.88
773,38.65,3,yawning,yawning,0.998184,0.001181,0.000277,0.0,0.998184,0.000357,0.786753,0.761755,0.75,0.727271,0.394323,0.35138,0.727271,0.324693,0.268598,True,True,False,0.048058,False,False,38.167
774,38.7,3,yawning,yawning,0.998235,0.001169,0.000262,0.0,0.998235,0.000334,0.765139,0.770153,0.8,0.727341,0.396151,0.351851,0.727341,0.326541,0.269164,True,True,False,0.017159,False,False,37.716
775,38.75,3,yawning,yawning,0.998256,0.001172,0.000252,0.0,0.998256,0.000319,0.687675,0.799146,0.85,0.726838,0.397249,0.352248,0.726838,0.3277,0.269658,True,True,False,0.017159,False,False,46.673
776,38.8,3,yawning,yawning,0.9983,0.001164,0.000239,0.0,0.9983,0.000296,0.533786,0.85982,0.0,0.725791,0.397476,0.352478,0.725791,0.328042,0.269993,True,True,False,0.0,False,False,37.79
777,38.85,3,yawning,yawning,0.998319,0.001167,0.00023,0.0,0.998319,0.000284,0.453527,0.891654,0.0,0.723339,0.398885,0.352611,0.723339,0.329465,0.270235,True,True,False,0.0,False,False,37.622
778,38.9,3,yawning,yawning,0.998331,0.001173,0.000223,0.0,0.998331,0.000273,0.435837,0.896374,0.0,0.721154,0.398948,0.352721,0.721154,0.329649,0.270453,True,True,False,0.028603,False,False,37.502
779,38.95,3,yawning,yawning,0.998324,0.001187,0.00022,0.0,0.998324,0.000268,0.471759,0.881132,0.0,0.719209,0.400389,0.352875,0.719209,0.331105,0.270714,True,True,False,0.02906,False,False,37.389
780,39.0,3,yawning,yawning,0.998317,0.0012,0.000218,0.0,0.998317,0.000265,0.500545,0.878125,0.0,0.717455,0.401219,0.353066,0.717455,0.332002,0.271011,True,True,False,0.02906,False,False,45.875
781,39.05,3,yawning,yawning,0.998317,0.001205,0.000216,0.0,0.998317,0.000262,0.551461,0.860945,0.0,0.716557,0.401469,0.353316,0.716557,0.332367,0.271365,True,True,False,0.0,False,False,37.319
782,39.1,3,yawning,yawning,0.99832,0.001186,0.00022,0.0,0.99832,0.000274,0.583427,0.86153,0.0,0.714697,0.403098,0.353607,0.714697,0.334009,0.271759,True,True,False,0.0,False,False,37.242
783,39.15,3,yawning,yawning,0.998318,0.001182,0.00022,0.0,0.998318,0.00028,0.617979,0.856208,0.0,0.713659,0.403453,0.353938,0.713659,0.334479,0.272192,True,True,False,0.0,False,False,37.264
784,39.2,3,yawning,yawning,0.998319,0.001193,0.000216,0.0,0.998319,0.000272,0.67599,0.855316,0.0,0.712902,0.405122,0.35434,0.712902,0.336269,0.272697,True,True,False,0.0,False,False,37.161
785,39.25,3,yawning,yawning,0.99832,0.001201,0.000214,0.0,0.99832,0.000266,0.687572,0.855644,0.0,0.712226,0.405533,0.354756,0.712226,0.337427,0.273215,True,True,False,0.0,False,False,45.764
786,39.3,3,yawning,yawning,0.998315,0.001207,0.000213,0.0,0.998315,0.000266,0.741956,0.836709,0.0,0.712381,0.406077,0.355229,0.712381,0.338081,0.273787,True,True,False,0.0,False,False,37.097
787,39.35,3,yawning,yawning,0.998306,0.001212,0.000214,0.0,0.998306,0.000268,0.774561,0.815938,0.0,0.71146,0.406978,0.355727,0.71146,0.339987,0.274382,True,True,False,0.0,False,False,37.481
788,39.4,3,yawning,yawning,0.9983,0.001206,0.000216,0.0,0.9983,0.000278,0.763989,0.809172,0.0,0.711105,0.407537,0.356207,0.711105,0.34065,0.274958,True,True,False,0.0,False,False,39.09
789,39.45,3,yawning,yawning,0.998299,0.001207,0.000214,0.0,0.998299,0.00028,0.704883,0.827038,0.0,0.710545,0.409221,0.356626,0.710545,0.34249,0.275474,True,True,False,0.0,False,False,37.277
790,39.5,3,yawning,yawning,0.998338,0.001192,0.000205,0.0,0.998338,0.000265,0.758347,0.804601,0.0,0.710319,0.410444,0.357095,0.710319,0.343772,0.276038,True,True,False,0.0,False,False,45.886
791,39.55,3,yawning,yawning,0.998349,0.001166,0.000212,0.0,0.998349,0.000273,0.780785,0.782108,0.0,0.710663,0.411004,0.357575,0.710663,0.344434,0.27661,True,True,False,0.0,False,False,37.322
792,39.6,3,yawning,yawning,0.998359,0.001156,0.000215,0.0,0.998359,0.00027,0.777165,0.773875,0.0,0.710333,0.412925,0.358045,0.710333,0.346357,0.277171,True,True,False,0.0,False,False,37.735
793,39.65,3,yawning,yawning,0.998336,0.00116,0.000226,0.0,0.998336,0.000278,0.804286,0.76707,0.0,0.710693,0.413507,0.35854,0.710693,0.347038,0.277755,True,True,False,0.0,False,False,38.24
794,39.7,3,yawning,yawning,0.998316,0.001165,0.000235,0.0,0.998316,0.000284,0.822622,0.758337,0.0,0.711743,0.41547,0.359049,0.711743,0.349019,0.278352,True,True,False,0.0,False,False,37.714
795,39.75,3,yawning,yawning,0.998296,0.00116,0.000248,0.0,0.998296,0.000296,0.83274,0.749618,0.05,0.713486,0.416724,0.359561,0.713486,0.350365,0.278952,True,True,False,0.0,False,False,46.665
796,39.8,3,yawning,yawning,0.998248,0.001157,0.000266,0.0,0.998248,0.000329,0.844655,0.740591,0.1,0.714094,0.417338,0.360079,0.714094,0.351075,0.279555,True,True,False,0.041077,False,False,37.68
797,39.85,3,yawning,yawning,0.998183,0.001163,0.000286,0.0,0.998183,0.000369,0.844519,0.733507,0.15,0.717594,0.41836,0.36059,0.717594,0.353018,0.280152,True,True,False,0.041077,False,False,37.43
798,39.9,3,yawning,yawning,0.99817,0.001152,0.000291,0.0,0.99817,0.000387,0.837444,0.730483,0.2,0.719548,0.418954,0.361091,0.719548,0.353705,0.280738,True,True,False,0.0,False,False,37.343
799,39.95,3,yawning,yawning,0.998192,0.001144,0.000285,0.0,0.998192,0.000379,0.830462,0.728079,0.25,0.721324,0.419215,0.361582,0.721324,0.355514,0.281313,True,True,False,0.0,False,False,37.278
800,40.0,3,yawning,yawning,0.997945,0.001164,0.00034,0.0,0.997945,0.000551,0.848374,0.719921,0.3,0.722982,0.419738,0.362085,0.722982,0.356817,0.281899,True,True,False,0.0,False,False,46.143
801,40.05,3,yawning,yawning,0.997332,0.001349,0.000437,0.0,0.997332,0.000882,0.735588,0.768494,0.35,0.723043,0.420209,0.362497,0.723043,0.357382,0.282398,True,True,False,0.0,False,False,37.252
802,40.1,3,yawning,yawning,0.996637,0.001732,0.000481,0.0,0.996637,0.001149,0.530642,0.858737,0.0,0.723489,0.420983,0.362703,0.723489,0.358961,0.282704,True,True,False,0.0,False,False,37.202
803,40.15,3,yawning,yawning,0.995236,0.002685,0.000519,0.0,0.995236,0.001561,0.356087,0.910135,0.0,0.721684,0.420868,0.362695,0.721684,0.358956,0.282799,True,True,False,0.0,False,False,37.039
804,40.2,3,yawning,yawning,0.993262,0.004372,0.000521,0.0,0.993262,0.001845,0.199412,0.936508,0.0,0.718601,0.421822,0.362476,0.717423,0.359634,0.282421,True,True,False,0.0,False,False,36.867
805,40.25,3,yawning,yawning,0.990674,0.005684,0.000639,0.0,0.990674,0.003003,0.471885,0.855848,0.0,0.71706,0.422615,0.36261,0.713335,0.359703,0.282076,True,True,False,0.0,False,False,45.718
806,40.3,3,yawning,yawning,0.987361,0.008293,0.000724,0.0,0.987361,0.003621,0.33532,0.919605,0.0,0.714859,0.422459,0.362574,0.709221,0.359061,0.281707,True,True,False,0.849487,False,False,37.008
807,40.35,3,yawning,yawning,0.980099,0.014423,0.000787,0.0,0.980099,0.004691,0.149966,0.94493,0.0,0.710941,0.423387,0.362288,0.704387,0.359734,0.281328,True,True,False,0.849487,False,False,36.699
808,40.4,3,yawning,yawning,0.962456,0.030652,0.000878,0.0,0.962456,0.006014,0.060563,0.953792,0.0,0.706879,0.422715,0.36188,0.699967,0.359068,0.280947,True,True,False,0.849487,False,False,36.805
809,40.45,3,yawning,yawning,0.923569,0.064917,0.001092,0.0,0.923569,0.010423,0.043354,0.955874,0.0,0.702559,0.423429,0.361448,0.695394,0.359732,0.280566,True,True,False,0.915863,False,False,36.902
810,40.5,3,yawning,yawning,0.841993,0.140977,0.001328,0.0,0.841993,0.015702,0.039501,0.955552,0.0,0.69823,0.423426,0.361012,0.690835,0.359729,0.280186,True,True,False,0.906479,False,False,45.595
811,40.55,3,yawning,yawning,0.69355,0.279107,0.001614,0.0,0.69355,0.025729,0.03777,0.954517,0.0,0.694295,0.422711,0.360575,0.686719,0.359062,0.279808,True,True,False,0.906479,False,False,36.85
812,40.6,3,yawning,yawning,0.507963,0.453773,0.00171,0.0,0.507963,0.036554,0.036917,0.954048,0.0,0.689295,0.423405,0.360139,0.68147,0.359725,0.27943,True,True,False,0.906479,False,False,37.244
813,40.65,0,alert,alert,0.653869,0.653869,0.001527,0.0,0.304082,0.040521,0.036363,0.953422,0.0,0.684749,0.422688,0.359703,0.676718,0.359059,0.279054,True,True,False,0.932571,False,False,37.011
814,40.7,0,alert,alert,0.766462,0.766462,0.001236,0.0,0.19444,0.037862,0.040126,0.952382,0.0,0.680188,0.423368,0.359274,0.671928,0.359722,0.27868,True,True,False,0.964386,False,False,36.785
815,40.75,0,alert,alert,0.830957,0.830957,0.001012,0.0,0.133893,0.034138,0.039639,0.952184,0.0,0.67562,0.423357,0.358846,0.667136,0.359722,0.278306,True,True,False,0.932571,False,False,45.84
816,40.8,0,alert,alert,0.871315,0.871315,0.000889,0.0,0.08884,0.038957,0.039101,0.952164,0.0,0.67186,0.422646,0.358418,0.663195,0.359057,0.277934,True,True,False,0.910828,False,False,36.892
817,40.85,0,alert,alert,0.882389,0.882389,0.000795,0.0,0.071119,0.045697,0.040985,0.951349,0.0,0.666601,0.42335,0.357994,0.657665,0.359722,0.277563,True,True,False,0.808746,False,False,36.74
818,40.9,0,alert,alert,0.858228,0.858228,0.000804,0.0,0.056607,0.084361,0.368458,0.902702,0.0,0.664183,0.423253,0.358008,0.65319,0.359091,0.277212,True,True,False,0.737793,False,False,36.862
819,40.95,0,alert,alert,0.761593,0.761593,0.000967,0.0,0.038587,0.198853,0.502112,0.840829,0.0,0.662599,0.424788,0.358177,0.648992,0.359833,0.276885,True,True,False,0.660545,False,False,36.871
820,41.0,0,alert,alert,0.746798,0.746798,0.001009,0.0,0.02107,0.231123,0.509781,0.845347,0.0,0.661036,0.425632,0.358356,0.644764,0.359906,0.276558,True,True,False,0.633881,False,False,45.854
821,41.05,0,alert,alert,0.777709,0.777709,0.000851,0.0,0.010809,0.210631,0.437962,0.902571,0.0,0.659794,0.425654,0.358457,0.641172,0.359275,0.276209,True,True,False,0.0,False,False,36.871
822,41.1,0,alert,alert,0.872362,0.872362,0.000553,0.0,0.004879,0.122206,0.288695,0.927994,0.0,0.656112,0.426806,0.358367,0.635771,0.359956,0.275852,True,True,False,0.0,False,False,36.728
823,41.15,0,alert,alert,0.92193,0.92193,0.000376,0.0,0.002755,0.074939,0.13633,0.943072,0.0,0.65221,0.426274,0.358075,0.631101,0.359296,0.27549,True,True,False,0.731499,False,False,36.904
824,41.2,0,alert,alert,0.915245,0.915245,0.00034,0.0,0.002079,0.082336,0.057387,0.952701,0.0,0.647836,0.426998,0.357676,0.626418,0.35996,0.275124,True,True,False,0.731499,False,False,36.89
825,41.25,0,alert,alert,0.921589,0.921589,0.000298,0.0,0.001561,0.076552,0.041594,0.955411,0.0,0.643452,0.426981,0.357257,0.621818,0.359956,0.274759,True,True,False,0.0,False,False,45.461
826,41.3,0,alert,alert,0.936751,0.936751,0.000265,0.0,0.001439,0.061544,0.038181,0.955129,0.0,0.639907,0.426259,0.356834,0.618176,0.359288,0.274395,True,True,False,0.0,False,False,37.037
827,41.35,0,alert,alert,0.939349,0.939349,0.000267,0.0,0.00139,0.058995,0.037569,0.954598,0.0,0.63485,0.426928,0.356412,0.612826,0.35995,0.274032,True,True,False,0.627243,False,False,36.988
828,41.4,0,alert,alert,0.944806,0.944806,0.00027,0.0,0.001295,0.053629,0.038513,0.953154,0.0,0.630671,0.426208,0.355992,0.608447,0.359283,0.273671,True,True,False,0.0,False,False,36.885
829,41.45,0,alert,alert,0.952494,0.952494,0.000282,0.0,0.001286,0.045939,0.04218,0.951306,0.0,0.626642,0.426879,0.35558,0.604196,0.359947,0.273311,True,True,False,0.0,False,False,37.196
830,41.5,0,alert,alert,0.943375,0.943375,0.000347,0.0,0.001436,0.054843,0.063654,0.947215,0.0,0.623102,0.426675,0.355198,0.600307,0.359934,0.272954,True,True,False,0.0,False,False,45.741
831,41.55,0,alert,alert,0.884978,0.884978,0.00059,0.0,0.001714,0.112718,0.403384,0.878596,0.0,0.621925,0.426635,0.355256,0.597089,0.359319,0.272623,True,True,False,0.0,False,False,36.732
832,41.6,0,alert,alert,0.905717,0.905717,0.000603,0.0,0.001642,0.092037,0.243969,0.927385,0.0,0.621184,0.427064,0.355114,0.594836,0.359964,0.272275,True,True,False,0.0,False,False,36.88
833,41.65,0,alert,alert,0.934289,0.934289,0.000498,0.0,0.001628,0.063586,0.106448,0.947153,0.0,0.619219,0.426474,0.35479,0.592262,0.359301,0.27192,True,True,False,0.0,False,False,36.929
834,41.7,0,alert,alert,0.948194,0.948194,0.000409,0.0,0.001595,0.049801,0.061224,0.952547,0.0,0.616762,0.42597,0.354406,0.589458,0.359891,0.271565,True,True,False,0.0,False,False,37.027
835,41.75,0,alert,alert,0.953318,0.953318,0.00035,0.0,0.001637,0.044695,0.045571,0.953165,0.0,0.614054,0.425552,0.354003,0.586497,0.35987,0.27121,True,True,False,0.0,False,False,45.479
836,41.8,0,alert,alert,0.952086,0.952086,0.000313,0.0,0.001669,0.045931,0.043628,0.952805,0.0,0.610745,0.424845,0.353598,0.583095,0.359204,0.270856,True,True,False,0.0,False,False,36.84
837,41.85,0,alert,alert,0.94454,0.94454,0.000302,0.0,0.001655,0.053503,0.039722,0.952864,0.0,0.607878,0.424593,0.353189,0.579866,0.35982,0.270503,True,True,False,0.0,False,False,36.713
838,41.9,0,alert,alert,0.921869,0.921869,0.000309,0.0,0.001644,0.076178,0.040445,0.952559,0.0,0.604524,0.423882,0.352782,0.576293,0.359155,0.270151,True,True,False,0.0,False,False,180.055
839,41.95,0,alert,alert,0.928833,0.928833,0.000275,0.0,0.00153,0.069362,0.042937,0.951761,0.0,0.600887,0.422849,0.352379,0.572424,0.359633,0.2698,True,True,False,0.0,False,False,37.313
840,42.0,0,alert,alert,0.932387,0.932387,0.000248,0.0,0.001314,0.066052,0.043141,0.95164,0.0,0.597195,0.421919,0.351978,0.568497,0.359529,0.26945,True,True,False,0.0,False,False,45.766
841,42.05,0,alert,alert,0.930822,0.930822,0.000234,0.0,0.001165,0.06778,0.045895,0.95026,0.0,0.59326,0.421225,0.351583,0.564316,0.358865,0.269102,True,True,False,0.0,False,False,36.999
842,42.1,0,alert,alert,0.906007,0.906007,0.000259,0.0,0.001269,0.092465,0.043049,0.950797,0.0,0.58917,0.420491,0.351184,0.56,0.359457,0.268754,True,True,False,0.0,False,False,36.807
843,42.15,0,alert,alert,0.922196,0.922196,0.000227,0.0,0.0011,0.076477,0.044296,0.951075,0.0,0.585152,0.419796,0.350788,0.555751,0.358793,0.268407,True,True,False,0.0,False,False,36.856
844,42.2,0,alert,alert,0.945096,0.945096,0.000194,0.0,0.000945,0.053765,0.044309,0.950685,0.0,0.58142,0.420194,0.350393,0.551784,0.359448,0.268061,True,True,False,0.0,False,False,36.873
845,42.25,0,alert,alert,0.945746,0.945746,0.000188,0.0,0.000985,0.053081,0.044271,0.950641,0.0,0.577449,0.420198,0.349999,0.547584,0.359451,0.267716,True,True,False,0.0,False,False,45.366
846,42.3,0,alert,alert,0.919293,0.919293,0.000212,0.0,0.001055,0.079441,0.046489,0.950362,0.0,0.573418,0.419509,0.349609,0.543315,0.358788,0.267372,True,True,False,0.0,False,False,36.876
847,42.35,0,alert,alert,0.88723,0.88723,0.000229,0.0,0.001096,0.111446,0.044736,0.950866,0.0,0.569328,0.420231,0.349218,0.538999,0.359457,0.267029,True,True,False,0.0,False,False,37.363
848,42.4,0,alert,alert,0.896111,0.896111,0.000211,0.0,0.001146,0.102533,0.044177,0.950934,0.0,0.565186,0.419537,0.348826,0.534636,0.358794,0.266687,True,True,False,0.0,False,False,36.784
849,42.45,0,alert,alert,0.861389,0.861389,0.000222,0.0,0.001352,0.137038,0.046779,0.950361,0.0,0.561014,0.420258,0.34844,0.530231,0.359461,0.266345,True,True,False,0.0,False,False,36.848
850,42.5,0,alert,alert,0.863359,0.863359,0.000203,0.0,0.001284,0.135154,0.046045,0.950932,0.0,0.556814,0.420265,0.348053,0.525804,0.359461,0.266004,True,True,False,0.0,False,False,45.422
851,42.55,0,alert,alert,0.897301,0.897301,0.000174,0.0,0.001204,0.10132,0.047627,0.950916,0.0,0.552613,0.419578,0.347669,0.521369,0.358798,0.265665,True,True,False,0.0,False,False,36.999
852,42.6,0,alert,alert,0.915401,0.915401,0.000161,0.0,0.001139,0.083299,0.043508,0.951981,0.0,0.5484,0.420276,0.347281,0.516947,0.359461,0.265325,True,True,False,0.0,False,False,36.898
853,42.65,0,alert,alert,0.914656,0.914656,0.000153,0.0,0.001264,0.083927,0.042557,0.952314,0.0,0.544195,0.419578,0.346892,0.512541,0.358797,0.264987,True,True,False,0.0,False,False,36.962
854,42.7,0,alert,alert,0.903963,0.903963,0.000157,0.0,0.001564,0.094316,0.04427,0.952026,0.0,0.540073,0.420279,0.346506,0.508208,0.35946,0.264649,True,True,False,0.0,False,False,36.882
855,42.75,0,alert,alert,0.91258,0.91258,0.000156,0.0,0.002071,0.085192,0.043216,0.951765,0.0,0.535959,0.42028,0.346121,0.50389,0.35946,0.264313,True,True,False,0.0,False,False,45.592
856,42.8,0,alert,alert,0.898254,0.898254,0.000166,0.0,0.002681,0.098899,0.040538,0.952201,0.0,0.531848,0.419578,0.345732,0.49959,0.358795,0.263977,True,True,False,0.0,False,False,37.496
857,42.85,0,alert,alert,0.895799,0.895799,0.000169,0.0,0.003256,0.100776,0.043804,0.951217,0.0,0.527788,0.420278,0.345349,0.495324,0.359459,0.263642,True,True,False,0.0,False,False,37.228
858,42.9,0,alert,alert,0.884554,0.884554,0.00018,0.0,0.004142,0.111123,0.044317,0.95075,0.0,0.523687,0.419584,0.344968,0.491015,0.358796,0.263308,True,True,False,0.0,False,False,37.594
859,42.95,0,alert,alert,0.873114,0.873114,0.000193,0.0,0.004881,0.121812,0.042908,0.951871,0.0,0.519549,0.420287,0.344586,0.486677,0.35946,0.262975,True,True,False,0.0,False,False,37.704
860,43.0,0,alert,alert,0.867161,0.867161,0.000203,0.0,0.006612,0.126024,0.042943,0.952025,0.0,0.515396,0.420291,0.344205,0.482323,0.35946,0.262642,True,True,False,0.0,False,False,45.679
861,43.05,0,alert,alert,0.870091,0.870091,0.000204,0.0,0.008152,0.121554,0.041643,0.952284,0.0,0.511314,0.419591,0.343822,0.478047,0.358795,0.262311,True,True,False,0.0,False,False,37.348
862,43.1,0,alert,alert,0.884203,0.884203,0.000196,0.0,0.00906,0.106541,0.040114,0.953163,0.0,0.507288,0.420293,0.343439,0.473835,0.359458,0.261979,True,True,False,0.050561,False,False,37.776
863,43.15,0,alert,alert,0.887991,0.887991,0.000198,0.0,0.010639,0.101173,0.040187,0.952951,0.0,0.50337,0.41959,0.343057,0.469728,0.358793,0.261649,True,True,False,0.067807,False,False,37.403
864,43.2,0,alert,alert,0.875069,0.875069,0.000213,0.0,0.013295,0.111422,0.045024,0.95209,0.0,0.499512,0.420295,0.342682,0.465653,0.359457,0.26132,True,True,False,0.114757,False,False,37.786
865,43.25,0,alert,alert,0.882193,0.882193,0.000222,0.0,0.015827,0.101759,0.059577,0.949894,0.0,0.495931,0.420322,0.342327,0.461771,0.359457,0.260992,True,True,False,0.0,False,False,45.844
866,43.3,0,alert,alert,0.890484,0.890484,0.000237,0.0,0.020094,0.089185,0.104064,0.942396,0.0,0.492871,0.419744,0.342031,0.458158,0.3588,0.260668,True,True,False,0.0,False,False,37.808
867,43.35,0,alert,alert,0.870607,0.870607,0.00027,0.0,0.028566,0.100558,0.14783,0.938913,0.0,0.490525,0.420623,0.341791,0.45501,0.35947,0.260346,True,True,False,0.0,False,False,37.704
868,43.4,0,alert,alert,0.848302,0.848302,0.000284,0.0,0.032689,0.118726,0.154808,0.938881,0.0,0.488692,0.420139,0.34156,0.452328,0.358815,0.260025,True,True,False,0.0,False,False,37.635
869,43.45,0,alert,alert,0.822013,0.822013,0.000324,0.0,0.044177,0.133486,0.186334,0.936326,0.0,0.487361,0.420409,0.341369,0.449971,0.359428,0.259705,True,True,False,0.0,False,False,36.731
870,43.5,0,alert,alert,0.778368,0.778368,0.000362,0.0,0.054631,0.166639,0.34583,0.919445,0.0,0.486815,0.420631,0.341374,0.447548,0.359435,0.259392,True,True,False,0.0,False,False,45.459
871,43.55,0,alert,alert,0.713795,0.713795,0.00039,0.0,0.053242,0.232573,0.478473,0.870302,0.0,0.486925,0.420729,0.341531,0.445189,0.358828,0.259096,True,True,False,0.0,False,False,36.916
872,43.6,0,alert,alert,0.572921,0.572921,0.000424,0.0,0.043012,0.383643,0.526223,0.812471,0.0,0.487025,0.422169,0.341727,0.442742,0.359586,0.25882,True,True,False,0.0,False,False,36.926
873,43.65,0,alert,alert,0.633541,0.633541,0.000428,0.0,0.037434,0.328597,0.485772,0.879388,0.0,0.486762,0.422278,0.341893,0.43995,0.358972,0.258523,True,True,False,0.0,False,False,36.722
874,43.7,0,alert,alert,0.730401,0.730401,0.00041,0.0,0.040677,0.228512,0.394841,0.909775,0.0,0.485833,0.422851,0.341956,0.436908,0.35961,0.258216,True,True,False,0.0,False,False,37.006
875,43.75,0,alert,alert,0.794219,0.794219,0.00039,0.0,0.049322,0.156069,0.219821,0.930348,0.0,0.483681,0.422716,0.341807,0.433562,0.359608,0.257902,True,True,False,0.0,False,False,45.421
876,43.8,0,alert,alert,0.788078,0.788078,0.000431,0.0,0.076362,0.135129,0.099544,0.943891,0.0,0.480684,0.422123,0.34151,0.430032,0.358949,0.257585,True,True,False,0.0,False,False,36.869
877,43.85,0,alert,alert,0.820511,0.820511,0.000377,0.0,0.061066,0.118046,0.046643,0.952512,0.0,0.477104,0.422676,0.341144,0.426218,0.359612,0.257266,True,True,False,0.0,False,False,36.896
878,43.9,0,alert,alert,0.849903,0.849903,0.000337,0.0,0.048038,0.101722,0.039966,0.95382,0.0,0.473312,0.421967,0.340771,0.422237,0.358946,0.256947,True,True,False,0.0,False,False,36.855
879,43.95,0,alert,alert,0.877419,0.877419,0.000268,0.0,0.023627,0.098687,0.037787,0.954328,0.0,0.469667,0.422674,0.340396,0.418419,0.359612,0.256629,True,True,False,0.0,False,False,37.284
880,44.0,0,alert,alert,0.90451,0.90451,0.000213,0.0,0.009072,0.086205,0.037242,0.953711,0.0,0.466244,0.422674,0.340021,0.414823,0.359612,0.256312,True,True,False,0.0,False,False,45.364
881,44.05,0,alert,alert,0.919107,0.919107,0.000187,0.0,0.004653,0.076052,0.03921,0.953099,0.0,0.462775,0.421965,0.33965,0.411171,0.358947,0.255996,True,True,False,0.0,False,False,36.807
882,44.1,0,alert,alert,0.91776,0.91776,0.000188,0.0,0.003208,0.078845,0.044781,0.951896,0.0,0.459094,0.42269,0.339287,0.407283,0.359613,0.255681,True,True,False,0.0,False,False,37.045
883,44.15,0,alert,alert,0.900656,0.900656,0.0002,0.0,0.00369,0.095454,0.05355,0.949909,0.0,0.455486,0.422009,0.338936,0.403423,0.35895,0.255367,True,True,False,0.0,False,False,36.869
884,44.2,0,alert,alert,0.8866,0.8866,0.000209,0.0,0.004595,0.108596,0.083382,0.944108,0.0,0.451904,0.422797,0.338625,0.399428,0.35962,0.255056,True,True,False,0.0,False,False,36.9
885,44.25,0,alert,alert,0.892117,0.892117,0.000215,0.0,0.006623,0.101045,0.082443,0.946474,0.0,0.448222,0.422881,0.338313,0.395342,0.359624,0.254745,True,True,False,0.0,False,False,45.703
886,44.3,0,alert,alert,0.897355,0.897355,0.000242,0.0,0.012203,0.0902,0.066915,0.949297,0.0,0.444421,0.422225,0.337982,0.391228,0.358961,0.254434,True,True,False,0.0,False,False,36.789
887,44.35,0,alert,alert,0.895701,0.895701,0.000267,0.0,0.02065,0.083382,0.054262,0.950021,0.0,0.440517,0.42231,0.337635,0.387087,0.35959,0.254123,True,True,False,0.0,False,False,37.135
888,44.4,0,alert,alert,0.878408,0.878408,0.000295,0.0,0.030232,0.091064,0.045366,0.951829,0.0,0.436602,0.421613,0.337278,0.382986,0.358926,0.253813,True,True,False,0.0,False,False,36.801
889,44.45,0,alert,alert,0.862608,0.862608,0.000314,0.0,0.038007,0.099071,0.045091,0.951483,0.0,0.432719,0.420635,0.336922,0.37892,0.359434,0.253503,True,True,False,0.0,False,False,36.663
890,44.5,0,alert,alert,0.859544,0.859544,0.000322,0.0,0.042973,0.097161,0.043649,0.951495,0.0,0.428829,0.419922,0.336564,0.374857,0.359401,0.253195,True,True,False,0.0,False,False,45.498
891,44.55,0,alert,alert,0.862035,0.862035,0.000311,0.0,0.03848,0.099174,0.041851,0.951651,0.0,0.424938,0.419224,0.336206,0.370803,0.358737,0.252887,True,True,False,0.0,False,False,36.786
892,44.6,0,alert,alert,0.86657,0.86657,0.000304,0.0,0.036862,0.096265,0.041706,0.951873,0.0,0.421116,0.419321,0.335848,0.366819,0.359379,0.252579,True,True,False,0.0,False,False,36.621
893,44.65,0,alert,alert,0.853264,0.853264,0.000322,0.0,0.042868,0.103546,0.04057,0.95216,0.0,0.417285,0.418621,0.335489,0.362835,0.358715,0.252272,True,True,False,0.0,False,False,36.981
894,44.7,0,alert,alert,0.861899,0.861899,0.000318,0.0,0.044239,0.093544,0.040654,0.951825,0.0,0.413422,0.419297,0.335132,0.358819,0.359382,0.251966,True,True,False,0.0,False,False,36.987
895,44.75,0,alert,alert,0.866763,0.866763,0.000318,0.0,0.044801,0.088118,0.039716,0.951948,0.0,0.409536,0.419303,0.334774,0.354785,0.359385,0.251661,True,True,False,0.178062,False,False,45.351
896,44.8,0,alert,alert,0.87361,0.87361,0.000312,0.0,0.041291,0.084787,0.041406,0.951983,0.0,0.405643,0.418605,0.334419,0.350734,0.358721,0.251357,True,True,False,0.178062,False,False,37.067
897,44.85,0,alert,alert,0.883097,0.883097,0.000298,0.0,0.035521,0.081085,0.041263,0.951848,0.0,0.401782,0.419318,0.334065,0.346715,0.359387,0.251053,True,True,False,0.059101,False,False,36.832
898,44.9,0,alert,alert,0.880849,0.880849,0.000323,0.0,0.044239,0.07459,0.046678,0.951105,0.0,0.398018,0.41863,0.333718,0.34276,0.358724,0.25075,True,True,False,0.016357,False,False,36.802
899,44.95,0,alert,alert,0.83142,0.83142,0.000381,0.0,0.066647,0.101552,0.414348,0.890784,0.0,0.396323,0.419976,0.333809,0.338981,0.359427,0.250467,True,True,False,0.0,False,False,36.836
900,45.0,0,alert,alert,0.685879,0.685879,0.000501,0.0,0.08469,0.228931,0.514779,0.826333,0.0,0.395128,0.420163,0.333998,0.335355,0.359465,0.250205,True,True,False,0.0,False,False,45.647
901,45.05,0,alert,alert,0.495623,0.495623,0.000621,0.0,0.064703,0.439054,0.565336,0.815094,0.0,0.394255,0.420393,0.334236,0.33184,0.358896,0.249948,True,True,False,0.0,False,False,36.949
902,45.1,4,distraction,distracted,0.546895,0.405087,0.000763,0.0,0.047255,0.546895,0.641311,0.818127,0.0,0.393998,0.421646,0.334554,0.328565,0.359634,0.249689,True,True,False,0.0,False,False,36.914
903,45.15,4,distraction,distracted,0.670878,0.287503,0.000935,0.0,0.040684,0.670878,0.706879,0.813454,0.0,0.394522,0.422096,0.334936,0.325763,0.359066,0.249433,True,True,False,0.0,False,False,36.894
904,45.2,4,distraction,distracted,0.514074,0.415015,0.001088,0.0,0.069822,0.514074,0.537513,0.881988,0.0,0.394773,0.423662,0.335161,0.323279,0.359781,0.249156,True,True,False,0.0,False,False,36.933
905,45.25,0,alert,alert,0.549128,0.549128,0.001067,0.0,0.13783,0.311975,0.400568,0.91933,0.0,0.394515,0.424326,0.335236,0.320906,0.359805,0.248868,True,True,False,0.0,False,False,45.334
906,45.3,0,alert,alert,0.632768,0.632768,0.000868,0.0,0.171182,0.195183,0.214784,0.939945,0.0,0.393218,0.423943,0.335094,0.318465,0.359148,0.248574,True,True,False,0.0,False,False,37.072
907,45.35,0,alert,alert,0.699141,0.699141,0.000699,0.0,0.155457,0.144703,0.080672,0.952318,0.0,0.391231,0.42473,0.33479,0.316059,0.359814,0.248277,True,True,False,0.0,False,False,36.809
908,45.4,0,alert,alert,0.744998,0.744998,0.00062,0.0,0.093273,0.161109,0.120427,0.946725,0.0,0.389187,0.424171,0.334535,0.313389,0.359152,0.247982,True,True,False,0.0,False,False,36.838
909,45.45,0,alert,alert,0.773271,0.773271,0.000529,0.0,0.039304,0.186895,0.335066,0.910699,0.0,0.388147,0.425425,0.334536,0.310606,0.359846,0.247699,True,True,False,0.0,False,False,36.774
910,45.5,0,alert,alert,0.776305,0.776305,0.000487,0.0,0.023203,0.200005,0.398991,0.905662,0.0,0.387229,0.42608,0.334609,0.307626,0.359877,0.247418,True,True,False,0.0,False,False,46.821
911,45.55,0,alert,alert,0.683798,0.683798,0.000571,0.0,0.013216,0.302414,0.457279,0.895423,0.0,0.386367,0.426134,0.334746,0.304417,0.359251,0.247142,True,True,False,0.0,False,False,38.153
912,45.6,0,alert,alert,0.648728,0.648728,0.000594,0.0,0.00741,0.343268,0.416899,0.911748,0.0,0.385063,0.427523,0.33484,0.300949,0.359943,0.24686,True,True,False,0.0,False,False,38.024
913,45.65,0,alert,alert,0.750352,0.750352,0.000526,0.0,0.004426,0.244695,0.310596,0.928429,0.0,0.383031,0.427312,0.334812,0.297297,0.359294,0.246574,True,True,False,0.107452,False,False,36.633
914,45.7,0,alert,alert,0.82019,0.82019,0.00044,0.0,0.002891,0.17648,0.146858,0.945073,0.0,0.379987,0.428208,0.334591,0.293511,0.359963,0.246284,True,True,False,0.107452,False,False,37.062
915,45.75,0,alert,alert,0.892892,0.892892,0.000338,0.0,0.002035,0.104735,0.066269,0.952964,0.0,0.376467,0.428237,0.334273,0.289701,0.35996,0.245992,True,True,False,0.281631,False,False,45.988
916,45.8,0,alert,alert,0.922368,0.922368,0.000292,0.0,0.001636,0.075703,0.042034,0.954997,0.0,0.372849,0.42752,0.333926,0.285927,0.359292,0.2457,True,True,False,0.0,False,False,36.783
917,45.85,0,alert,alert,0.930362,0.930362,0.000276,0.0,0.001454,0.067908,0.038298,0.9548,0.0,0.369351,0.428214,0.333576,0.282292,0.359955,0.245409,True,True,False,0.0,False,False,36.835
918,45.9,0,alert,alert,0.937046,0.937046,0.000263,0.0,0.001387,0.061304,0.038452,0.953925,0.0,0.365733,0.427491,0.333227,0.278544,0.359288,0.245119,True,True,False,0.0,False,False,37.393
919,45.95,0,alert,alert,0.929327,0.929327,0.000262,0.0,0.00128,0.069132,0.040051,0.953049,0.0,0.362158,0.428184,0.332881,0.274834,0.359952,0.24483,True,True,False,0.0,False,False,37.957
920,46.0,0,alert,alert,0.941089,0.941089,0.000228,0.0,0.001169,0.057514,0.044327,0.951898,0.0,0.358528,0.428177,0.332541,0.27105,0.359952,0.244542,True,True,False,0.0,False,False,45.97
921,46.05,0,alert,alert,0.945482,0.945482,0.000211,0.0,0.001084,0.053223,0.052975,0.950122,0.0,0.35487,0.427484,0.332213,0.267195,0.359287,0.244255,True,True,False,0.0,False,False,37.072
922,46.1,0,alert,alert,0.917667,0.917667,0.000252,0.0,0.001075,0.081006,0.064689,0.947517,0.0,0.351267,0.428238,0.3319,0.263339,0.359956,0.243969,True,True,False,0.0,False,False,37.619
923,46.15,0,alert,alert,0.900367,0.900367,0.000272,0.0,0.001119,0.098243,0.407299,0.893474,0.0,0.349474,0.428911,0.331983,0.259546,0.359996,0.243701,True,True,False,0.202523,False,False,37.465
924,46.2,0,alert,alert,0.884137,0.884137,0.000325,0.0,0.001226,0.114312,0.507237,0.835619,0.0,0.348147,0.429752,0.332164,0.255857,0.360077,0.24345,True,True,False,0.250145,False,False,37.523
925,46.25,0,alert,alert,0.84231,0.84231,0.000484,0.0,0.001531,0.155675,0.534964,0.800218,0.0,0.346944,0.430629,0.332363,0.252251,0.360183,0.24321,True,True,False,0.0,False,False,46.353
926,46.3,0,alert,alert,0.781582,0.781582,0.000907,0.0,0.001901,0.215611,0.545968,0.794722,0.0,0.345788,0.430808,0.332572,0.248658,0.359626,0.242973,True,True,False,0.0,False,False,37.398
927,46.35,0,alert,alert,0.712112,0.712112,0.002447,0.0,0.002508,0.282932,0.590765,0.794507,0.0,0.344846,0.432488,0.332823,0.245081,0.360403,0.242736,True,True,False,0.0,False,False,37.167
928,46.4,0,alert,alert,0.612387,0.612387,0.010999,0.0,0.004075,0.372539,0.667986,0.798534,0.0,0.344322,0.433579,0.333152,0.241562,0.360511,0.242498,True,True,False,0.0,False,False,38.293
929,46.45,4,distraction,distracted,0.504223,0.427621,0.061027,0.0,0.007129,0.504223,0.744279,0.796421,0.0,0.344124,0.43479,0.333553,0.238036,0.36062,0.242262,True,True,False,0.0,False,False,38.263
930,46.5,4,distraction,distracted,0.49343,0.224748,0.271795,0.0,0.010027,0.49343,0.778058,0.782155,0.0,0.34406,0.436046,0.333978,0.234547,0.36074,0.24203,True,True,False,0.0,False,False,46.166
931,46.55,1,drowsy,drowsy,0.678073,0.073325,0.678073,0.0,0.008631,0.239971,0.805829,0.76951,0.0,0.344026,0.436601,0.334422,0.231014,0.360199,0.241802,True,True,False,0.0,False,False,37.248
932,46.6,1,drowsy,drowsy,0.903851,0.017515,0.903851,0.0,0.004902,0.073732,0.820288,0.75956,0.0,0.343992,0.438648,0.334873,0.227462,0.361006,0.241578,True,True,False,0.0,False,False,37.496
933,46.65,1,drowsy,drowsy,0.965352,0.00574,0.965352,0.0,0.003,0.025908,0.831598,0.750807,0.05,0.343996,0.439941,0.335328,0.223935,0.361147,0.241356,True,True,False,0.0,False,False,37.822
934,46.7,1,drowsy,drowsy,0.983486,0.002787,0.983486,0.0,0.002222,0.011506,0.839204,0.74373,0.1,0.34407,0.441216,0.335785,0.220468,0.361292,0.241138,True,True,False,0.0,False,False,37.427
935,46.75,1,drowsy,drowsy,0.990615,0.001721,0.990615,0.0,0.001858,0.005806,0.84212,0.736734,0.15,0.344183,0.44242,0.33624,0.217051,0.361438,0.240921,True,True,False,0.0,False,False,46.051
936,46.8,1,drowsy,drowsy,0.993683,0.001255,0.993683,0.0,0.001692,0.00337,0.85032,0.728292,0.2,0.344358,0.443,0.336695,0.21369,0.360924,0.240708,True,True,False,0.0,False,False,37.842
937,46.85,1,drowsy,drowsy,1.0,0.0,1.0,0.0,0.0,0.0,0.84747,0.726739,0.25,0.3446,0.44465,0.337147,0.244975,0.373639,0.247891,True,True,False,0.0,False,True,38.518
938,46.9,1,drowsy,drowsy,1.0,0.0,1.0,0.0,0.0,0.0,0.854164,0.717632,0.3,0.344968,0.44566,0.337597,0.245308,0.374997,0.24842,True,True,False,0.0,False,True,37.993
939,46.95,1,drowsy,drowsy,1.0,0.0,1.0,0.0,0.0,0.0,0.860091,0.709585,0.35,0.345797,0.446401,0.338048,0.246072,0.376346,0.248947,True,True,False,0.0,False,True,37.279
940,47.0,1,drowsy,drowsy,1.0,0.0,1.0,0.0,0.0,0.0,0.86554,0.699115,0.4,0.347109,0.446919,0.338495,0.247283,0.377657,0.249469,True,True,False,0.0,False,True,46.078
941,47.05,1,drowsy,drowsy,1.0,0.0,1.0,0.0,0.0,0.0,0.866624,0.688206,0.45,0.348563,0.447484,0.338935,0.248623,0.378316,0.249984,True,True,False,0.0,False,True,37.107
942,47.1,1,drowsy,drowsy,1.0,0.0,1.0,0.0,0.0,0.0,0.872867,0.679474,0.5,0.350084,0.447854,0.339375,0.250021,0.380227,0.250497,True,True,False,0.0,False,True,38.088
943,47.15,1,drowsy,drowsy,1.0,0.0,1.0,0.0,0.0,0.0,0.878321,0.672355,0.55,0.35153,0.4485,0.339813,0.251345,0.381562,0.251007,True,True,False,0.0,False,True,37.35
944,47.2,1,drowsy,drowsy,1.0,0.0,1.0,0.0,0.0,0.0,0.87602,0.671577,0.6,0.352844,0.449456,0.340248,0.25254,0.382909,0.251515,True,True,False,0.0,False,True,37.301
945,47.25,1,drowsy,drowsy,1.0,0.0,1.0,0.0,0.0,0.0,0.876656,0.673121,0.65,0.353997,0.450659,0.340685,0.253577,0.38427,0.252023,True,True,False,0.0,False,True,45.954
946,47.3,1,drowsy,drowsy,1.0,0.0,1.0,0.0,0.0,0.0,0.875806,0.675002,0.7,0.354977,0.451222,0.341121,0.254444,0.384921,0.252531,True,True,False,0.0,False,True,37.201
947,47.35,1,drowsy,drowsy,1.0,0.0,1.0,0.0,0.0,0.0,0.84111,0.69578,0.75,0.355625,0.45328,0.34154,0.254991,0.386987,0.253025,True,True,False,0.0,False,True,38.645
948,47.4,1,drowsy,drowsy,1.0,0.0,1.0,0.0,0.0,0.0,0.619143,0.801092,0.8,0.355289,0.454321,0.341808,0.254617,0.388079,0.253379,True,True,False,0.0,False,True,38.833
949,47.45,1,drowsy,drowsy,1.0,0.0,1.0,0.0,0.0,0.0,0.413329,0.886136,0.0,0.353809,0.455032,0.341884,0.253162,0.38885,0.253549,True,True,False,0.0,False,True,38.207
950,47.5,1,drowsy,drowsy,1.0,0.0,1.0,0.0,0.0,0.0,0.202116,0.92911,0.0,0.351082,0.455349,0.341728,0.249416,0.388869,0.253266,True,True,False,0.0,False,True,45.587
951,47.55,1,drowsy,drowsy,1.0,0.0,1.0,0.0,0.0,0.0,0.077629,0.94872,0.0,0.347589,0.454646,0.341427,0.245582,0.388145,0.252977,True,True,False,0.0,False,True,37.701
952,47.6,1,drowsy,drowsy,1.0,0.0,1.0,0.0,0.0,0.0,0.04976,0.955367,0.0,0.34401,0.455401,0.341093,0.241818,0.388867,0.252688,True,True,False,0.0,False,True,36.932
953,47.65,1,drowsy,drowsy,1.0,0.0,1.0,0.0,0.0,0.0,0.043107,0.956323,0.0,0.340596,0.455308,0.340752,0.238249,0.388857,0.252398,True,True,False,0.0,False,True,37.508
954,47.7,1,drowsy,drowsy,1.0,0.0,1.0,0.0,0.0,0.0,0.039302,0.955103,0.0,0.337008,0.455203,0.340407,0.234537,0.388849,0.25211,True,True,False,0.0,False,True,37.218
955,47.75,1,drowsy,drowsy,1.0,0.0,1.0,0.0,0.0,0.0,0.037313,0.954272,0.0,0.333386,0.455136,0.340061,0.230814,0.388845,0.251822,True,True,False,0.0,False,True,47.061
956,47.8,1,drowsy,drowsy,1.0,0.0,1.0,0.0,0.0,0.0,0.038374,0.952972,0.0,0.329738,0.454357,0.339718,0.227062,0.388117,0.251535,True,True,False,0.0,False,True,38.112
957,47.85,1,drowsy,drowsy,1.0,0.0,1.0,0.0,0.0,0.0,0.040258,0.952164,0.0,0.32607,0.455093,0.339378,0.223284,0.388842,0.25125,True,True,False,0.0,False,True,38.56
958,47.9,1,drowsy,drowsy,1.0,0.0,1.0,0.0,0.0,0.0,0.039313,0.952707,0.0,0.322368,0.455084,0.339038,0.219484,0.388842,0.250965,True,True,False,0.0,False,True,38.485
959,47.95,1,drowsy,drowsy,1.0,0.0,1.0,0.0,0.0,0.0,0.042737,0.951433,0.0,0.318676,0.455083,0.338702,0.215681,0.388842,0.250681,True,True,False,0.0,False,True,38.192
960,48.0,1,drowsy,drowsy,1.0,0.0,1.0,0.0,0.0,0.0,0.040633,0.951987,0.0,0.314971,0.455083,0.338365,0.211882,0.388842,0.250397,True,True,False,0.0,False,True,46.997
961,48.05,1,drowsy,drowsy,1.0,0.0,1.0,0.0,0.0,0.0,0.041004,0.95214,0.0,0.311288,0.454309,0.338029,0.208105,0.388115,0.250114,True,True,False,0.0,False,True,37.332
962,48.1,1,drowsy,drowsy,1.0,0.0,1.0,0.0,0.0,0.0,0.041548,0.952169,0.0,0.307658,0.455082,0.337694,0.204381,0.388841,0.249831,True,True,False,0.0,False,True,36.996
963,48.15,1,drowsy,drowsy,1.0,0.0,1.0,0.0,0.0,0.0,0.042533,0.951709,0.0,0.304074,0.455084,0.337361,0.2007,0.388841,0.24955,True,True,False,0.0,False,True,36.994
964,48.2,1,drowsy,drowsy,1.0,0.0,1.0,0.0,0.0,0.0,0.044199,0.951573,0.0,0.300532,0.455092,0.337031,0.197052,0.388842,0.249269,True,True,False,0.0,False,True,37.331
965,48.25,1,drowsy,drowsy,1.0,0.0,1.0,0.0,0.0,0.0,0.044672,0.951422,0.0,0.296982,0.455098,0.336702,0.193392,0.388842,0.248989,True,True,False,0.0,False,True,45.841
966,48.3,1,drowsy,drowsy,1.0,0.0,1.0,0.0,0.0,0.0,0.045675,0.951101,0.0,0.29348,0.454334,0.336376,0.189776,0.388116,0.248709,True,True,False,0.000364,False,True,36.87
967,48.35,1,drowsy,drowsy,1.0,0.0,1.0,0.0,0.0,0.0,0.043487,0.951167,0.0,0.289916,0.455106,0.336047,0.186111,0.388843,0.24843,True,True,False,0.006773,False,True,36.926
968,48.4,1,drowsy,drowsy,1.0,0.0,1.0,0.0,0.0,0.0,0.04196,0.951734,0.0,0.286307,0.454359,0.335717,0.182411,0.388776,0.248151,True,True,False,0.006773,False,True,37.177
969,48.45,1,drowsy,drowsy,1.0,0.0,1.0,0.0,0.0,0.0,0.042749,0.951532,0.0,0.282699,0.453486,0.335389,0.178706,0.388676,0.247874,True,True,False,0.0,False,True,36.816
970,48.5,1,drowsy,drowsy,1.0,0.0,1.0,0.0,0.0,0.0,0.044472,0.95059,0.0,0.279178,0.452528,0.335064,0.175071,0.38857,0.247597,True,True,False,0.0,False,True,45.562
971,48.55,1,drowsy,drowsy,1.0,0.0,1.0,0.0,0.0,0.0,0.043008,0.95107,0.0,0.275666,0.451765,0.334738,0.17145,0.387845,0.24732,True,True,False,0.0,False,True,36.738
972,48.6,1,drowsy,drowsy,1.0,0.0,1.0,0.0,0.0,0.0,0.045253,0.950562,0.0,0.272238,0.450407,0.334416,0.167897,0.388376,0.247045,True,True,False,0.0,False,True,36.944
973,48.65,1,drowsy,drowsy,1.0,0.0,1.0,0.0,0.0,0.0,0.047049,0.950401,0.0,0.268849,0.449568,0.334096,0.164368,0.388329,0.24677,True,True,False,0.0,False,True,37.11
974,48.7,1,drowsy,drowsy,1.0,0.0,1.0,0.0,0.0,0.0,0.046751,0.950645,0.0,0.265534,0.448963,0.333776,0.16091,0.388307,0.246495,True,True,False,0.0,False,True,37.219
975,48.75,1,drowsy,drowsy,1.0,0.0,1.0,0.0,0.0,0.0,0.043968,0.951367,0.0,0.262474,0.448702,0.333454,0.157705,0.3883,0.246221,True,True,False,0.0,False,True,45.923
976,48.8,1,drowsy,drowsy,1.0,0.0,1.0,0.0,0.0,0.0,0.041368,0.951236,0.0,0.259998,0.447943,0.333129,0.155064,0.387576,0.245948,True,True,False,0.019132,False,True,36.873
977,48.85,1,drowsy,drowsy,1.0,0.0,1.0,0.0,0.0,0.0,0.040337,0.951725,0.0,0.25787,0.44851,0.332804,0.152756,0.388297,0.245675,True,True,False,0.077726,False,True,38.644
978,48.9,1,drowsy,drowsy,1.0,0.0,1.0,0.0,0.0,0.0,0.041227,0.951444,0.0,0.255831,0.447962,0.332481,0.15053,0.388266,0.245402,True,True,False,0.0,False,True,38.794
979,48.95,1,drowsy,drowsy,1.0,0.0,1.0,0.0,0.0,0.0,0.041223,0.951558,0.0,0.253632,0.447283,0.332159,0.148154,0.388231,0.245131,True,True,False,0.0,False,True,37.743
980,49.0,1,drowsy,drowsy,1.0,0.0,1.0,0.0,0.0,0.0,0.04188,0.95138,0.0,0.251301,0.446507,0.331838,0.145645,0.388188,0.24486,True,True,False,0.0,False,True,45.928
981,49.05,1,drowsy,drowsy,1.0,0.0,1.0,0.0,0.0,0.0,0.041358,0.951311,0.0,0.24875,0.445752,0.331517,0.142927,0.387465,0.244589,True,True,False,0.0,False,True,37.358
982,49.1,1,drowsy,drowsy,1.0,0.0,1.0,0.0,0.0,0.0,0.041738,0.951301,0.0,0.246049,0.445241,0.331197,0.140058,0.388136,0.244319,True,True,False,0.0,False,True,37.88
983,49.15,1,drowsy,drowsy,1.0,0.0,1.0,0.0,0.0,0.0,0.042103,0.951169,0.0,0.243198,0.445019,0.330879,0.13704,0.38813,0.24405,True,True,False,0.0,False,True,37.668
984,49.2,1,drowsy,drowsy,1.0,0.0,1.0,0.0,0.0,0.0,0.100114,0.940705,0.0,0.240391,0.445086,0.330628,0.13376,0.388139,0.243784,True,True,False,0.0,False,True,37.576
985,49.25,1,drowsy,drowsy,1.0,0.0,1.0,0.0,0.0,0.0,0.438473,0.884338,0.0,0.239237,0.445829,0.330738,0.130468,0.388193,0.243535,True,True,False,0.0,False,True,45.554
986,49.3,1,drowsy,drowsy,1.0,0.0,1.0,0.0,0.0,0.0,0.378754,0.919577,0.0,0.237613,0.445708,0.330789,0.126958,0.387494,0.243277,True,True,False,0.0,False,True,36.778
987,49.35,1,drowsy,drowsy,1.0,0.0,1.0,0.0,0.0,0.0,0.257179,0.937467,0.0,0.235281,0.446888,0.330709,0.123362,0.388233,0.243013,True,True,False,0.01163,False,True,38.086
988,49.4,1,drowsy,drowsy,1.0,0.0,1.0,0.0,0.0,0.0,0.105484,0.949611,0.0,0.232223,0.447013,0.330463,0.119835,0.388236,0.242748,True,True,False,0.0,False,True,38.044
989,49.45,1,drowsy,drowsy,1.0,0.0,1.0,0.0,0.0,0.0,0.054971,0.953773,0.0,0.229118,0.447033,0.33016,0.116518,0.388234,0.242481,True,True,False,0.0,False,True,38.123
990,49.5,1,drowsy,drowsy,1.0,0.0,1.0,0.0,0.0,0.0,0.042472,0.954493,0.0,0.225772,0.44701,0.329845,0.113041,0.388231,0.242215,True,True,False,0.0,False,True,45.817
991,49.55,1,drowsy,drowsy,1.0,0.0,1.0,0.0,0.0,0.0,0.04069,0.953806,0.0,0.222392,0.446251,0.329528,0.109553,0.387505,0.24195,True,True,False,0.0,False,True,36.86
992,49.6,1,drowsy,drowsy,1.0,0.0,1.0,0.0,0.0,0.0,0.039653,0.953169,0.0,0.219054,0.446261,0.329211,0.106119,0.38818,0.241685,True,True,False,0.0,False,True,37.122
993,49.65,1,drowsy,drowsy,1.0,0.0,1.0,0.0,0.0,0.0,0.041392,0.952174,0.0,0.21564,0.445403,0.328897,0.102602,0.38809,0.241421,True,True,False,0.0,False,True,36.87
994,49.7,1,drowsy,drowsy,1.0,0.0,1.0,0.0,0.0,0.0,0.048326,0.950421,0.0,0.212222,0.444522,0.328592,0.099051,0.387975,0.241159,True,True,False,0.0,False,True,37.005
995,49.75,1,drowsy,drowsy,1.0,0.0,1.0,0.0,0.0,0.0,0.064315,0.947026,0.0,0.208886,0.443629,0.328305,0.095502,0.387861,0.240898,True,True,False,0.0,False,True,45.691
996,49.8,1,drowsy,drowsy,1.0,0.0,1.0,0.0,0.0,0.0,0.156392,0.933639,0.0,0.206023,0.443104,0.328122,0.091956,0.387152,0.240641,True,True,False,0.0,False,True,36.972
997,49.85,1,drowsy,drowsy,1.0,0.0,1.0,0.0,0.0,0.0,0.452362,0.884185,0.0,0.204645,0.442472,0.328247,0.088471,0.385659,0.240398,True,True,False,0.0,False,True,36.889
998,49.9,1,drowsy,drowsy,1.0,0.0,1.0,0.0,0.0,0.0,0.518575,0.828246,0.0,0.203533,0.442107,0.328427,0.08506,0.384455,0.240171,True,True,False,0.0,False,True,36.753
999,49.95,1,drowsy,drowsy,1.0,0.0,1.0,0.0,0.0,0.0,0.519979,0.821598,0.0,0.202453,0.441699,0.328606,0.081693,0.383214,0.239946,True,True,False,0.0,False,True,36.75
1000,50.0,1,drowsy,drowsy,1.0,0.0,1.0,0.0,0.0,0.0,0.464068,0.886461,0.0,0.201173,0.44118,0.328743,0.078264,0.381903,0.239704,True,True,False,0.0,False,True,45.91
1001,50.05,1,drowsy,drowsy,1.0,0.0,1.0,0.0,0.0,0.0,0.348915,0.916492,0.0,0.199662,0.441014,0.328764,0.075099,0.381219,0.239454,True,True,False,0.0,False,True,37.22
1002,50.1,1,drowsy,drowsy,1.0,0.0,1.0,0.0,0.0,0.0,0.1673,0.938971,0.0,0.197937,0.439362,0.328592,0.072567,0.379192,0.239199,True,True,False,0.0,False,True,37.267
1003,50.15,1,drowsy,drowsy,1.0,0.0,1.0,0.0,0.0,0.0,0.066228,0.951604,0.0,0.196461,0.438088,0.328309,0.070773,0.377819,0.238941,True,True,False,0.0,False,True,37.844
1004,50.2,1,drowsy,drowsy,1.0,0.0,1.0,0.0,0.0,0.0,0.043971,0.955309,0.0,0.195647,0.436768,0.328001,0.070766,0.376443,0.238682,True,True,False,0.0,False,True,37.543
1005,50.25,1,drowsy,drowsy,1.0,0.0,1.0,0.0,0.0,0.0,0.039806,0.955432,0.0,0.193535,0.435441,0.327689,0.070727,0.375069,0.238424,True,True,False,0.0,False,True,46.188
1006,50.3,1,drowsy,drowsy,1.0,0.0,1.0,0.0,0.0,0.0,0.037287,0.95444,0.0,0.192004,0.434699,0.327376,0.070714,0.37437,0.238167,True,True,False,0.0,False,True,37.255
1007,50.35,1,drowsy,drowsy,1.0,0.0,1.0,0.0,0.0,0.0,0.038033,0.953856,0.0,0.191417,0.432784,0.327064,0.07071,0.372326,0.23791,True,True,False,0.0,False,True,38.178
1008,50.4,1,drowsy,drowsy,1.0,0.0,1.0,0.0,0.0,0.0,0.039447,0.953328,0.0,0.191307,0.43146,0.326755,0.07071,0.370957,0.237655,True,True,False,0.0,False,True,37.579
1009,50.45,1,drowsy,drowsy,1.0,0.0,1.0,0.0,0.0,0.0,0.040678,0.952741,0.0,0.191296,0.430144,0.326448,0.070712,0.369596,0.237399,True,True,False,0.0,False,True,38.131
1010,50.5,1,drowsy,drowsy,1.0,0.0,1.0,0.0,0.0,0.0,0.040012,0.952397,0.0,0.191301,0.428833,0.326141,0.070713,0.368241,0.237145,True,True,False,0.0,False,True,46.022
1011,50.55,1,drowsy,drowsy,1.0,0.0,1.0,0.0,0.0,0.0,0.039796,0.951816,0.0,0.191314,0.428112,0.325834,0.070714,0.367559,0.236891,True,True,False,0.0,False,True,37.083
1012,50.6,1,drowsy,drowsy,1.0,0.0,1.0,0.0,0.0,0.0,0.043804,0.951071,0.0,0.191352,0.426215,0.325533,0.070715,0.365533,0.236638,True,True,False,0.0,False,True,36.927
1013,50.65,1,drowsy,drowsy,1.0,0.0,1.0,0.0,0.0,0.0,0.048112,0.950552,0.0,0.191416,0.424925,0.325237,0.070716,0.364186,0.236386,True,True,False,0.0,False,True,36.821
1014,50.7,1,drowsy,drowsy,1.0,0.0,1.0,0.0,0.0,0.0,0.046739,0.951025,0.0,0.191451,0.423632,0.32494,0.070717,0.362839,0.236134,True,True,False,0.0,False,True,36.879
1015,50.75,1,drowsy,drowsy,1.0,0.0,1.0,0.0,0.0,0.0,0.045306,0.951516,0.0,0.191482,0.422339,0.324642,0.070717,0.361496,0.235882,True,True,False,0.0,False,True,45.782
1016,50.8,1,drowsy,drowsy,1.0,0.0,1.0,0.0,0.0,0.0,0.042819,0.951954,0.0,0.191501,0.421637,0.324342,0.070717,0.360827,0.235631,True,True,False,0.0,False,True,36.963
1017,50.85,1,drowsy,drowsy,1.0,0.0,1.0,0.0,0.0,0.0,0.040939,0.951326,0.0,0.191501,0.420045,0.324041,0.070717,0.359096,0.23538,True,True,False,0.0,False,True,36.784
1018,50.9,1,drowsy,drowsy,1.0,0.0,1.0,0.0,0.0,0.0,0.042693,0.950914,0.0,0.189851,0.41935,0.323742,0.070698,0.35833,0.235131,True,True,False,0.0,False,True,36.918
1019,50.95,1,drowsy,drowsy,1.0,0.0,1.0,0.0,0.0,0.0,0.044382,0.950816,0.0,0.187657,0.419041,0.323446,0.070656,0.358314,0.234881,True,True,False,0.0,False,True,37.18
1020,51.0,1,drowsy,drowsy,1.0,0.0,1.0,0.0,0.0,0.0,0.044604,0.95082,0.0,0.185423,0.418976,0.323151,0.070615,0.358312,0.234633,True,True,False,0.0,False,True,45.654
1021,51.05,1,drowsy,drowsy,1.0,0.0,1.0,0.0,0.0,0.0,0.045788,0.950539,0.0,0.18345,0.418288,0.322858,0.070597,0.357651,0.234384,True,True,False,0.0,False,True,37.003
1022,51.1,1,drowsy,drowsy,1.0,0.0,1.0,0.0,0.0,0.0,0.048889,0.950086,0.0,0.182217,0.418986,0.322568,0.070588,0.35832,0.234137,True,True,False,0.0,False,True,36.711
1023,51.15,1,drowsy,drowsy,1.0,0.0,1.0,0.0,0.0,0.0,0.045616,0.950881,0.0,0.181743,0.419001,0.322276,0.070585,0.358323,0.23389,True,True,False,0.0,False,True,37.083
1024,51.2,1,drowsy,drowsy,1.0,0.0,1.0,0.0,0.0,0.0,0.046024,0.950769,0.0,0.181685,0.41902,0.321985,0.070586,0.358325,0.233643,True,True,False,0.0,False,True,37.113
1025,51.25,1,drowsy,drowsy,1.0,0.0,1.0,0.0,0.0,0.0,0.048675,0.950329,0.0,0.181726,0.419041,0.321697,0.070588,0.358327,0.233397,True,True,False,0.0,False,True,45.929
1026,51.3,1,drowsy,drowsy,1.0,0.0,1.0,0.0,0.0,0.0,0.049036,0.950924,0.0,0.181786,0.418358,0.32141,0.070589,0.357666,0.233152,True,True,False,0.0,False,True,37.035
1027,51.35,1,drowsy,drowsy,1.0,0.0,1.0,0.0,0.0,0.0,0.052012,0.950066,0.0,0.181864,0.419083,0.321127,0.070591,0.35833,0.232907,True,True,False,0.0,False,True,36.986
1028,51.4,1,drowsy,drowsy,1.0,0.0,1.0,0.0,0.0,0.0,0.052449,0.950316,0.0,0.181939,0.419102,0.320845,0.070592,0.35833,0.232662,True,True,False,0.0,False,True,37.182
1029,51.45,1,drowsy,drowsy,1.0,0.0,1.0,0.0,0.0,0.0,0.053016,0.950409,0.0,0.181996,0.419125,0.320564,0.070593,0.358331,0.232418,True,True,False,0.0,False,True,37.172
1030,51.5,1,drowsy,drowsy,1.0,0.0,1.0,0.0,0.0,0.0,0.168953,0.927891,0.0,0.182543,0.419373,0.320409,0.0706,0.358348,0.232181,True,True,False,0.0,False,True,45.741
1031,51.55,1,drowsy,drowsy,1.0,0.0,1.0,0.0,0.0,0.0,0.14794,0.934716,0.0,0.181305,0.418881,0.320232,0.070578,0.357698,0.231942,True,True,False,0.0,False,True,36.692
1032,51.6,1,drowsy,drowsy,1.0,0.0,1.0,0.0,0.0,0.0,0.285298,0.913643,0.0,0.181507,0.420039,0.320197,0.070584,0.358387,0.231709,True,True,False,0.0,False,True,36.744
1033,51.65,1,drowsy,drowsy,1.0,0.0,1.0,0.0,0.0,0.0,0.353141,0.902843,0.0,0.182743,0.420616,0.320229,0.070601,0.358421,0.231479,True,True,False,0.0,False,True,37.003
1034,51.7,1,drowsy,drowsy,1.0,0.0,1.0,0.0,0.0,0.0,0.401069,0.893407,0.0,0.184444,0.421278,0.320309,0.070624,0.358461,0.231252,True,True,False,0.0,False,True,36.758
1035,51.75,1,drowsy,drowsy,1.0,0.0,1.0,0.0,0.0,0.0,0.266003,0.92383,0.0,0.185581,0.421693,0.320254,0.070635,0.35848,0.231017,True,True,False,0.0,False,True,45.504
1036,51.8,1,drowsy,drowsy,1.0,0.0,1.0,0.0,0.0,0.0,0.255723,0.92298,0.0,0.186675,0.421396,0.320188,0.070646,0.357838,0.230784,True,True,False,0.0,False,True,36.798
1037,51.85,1,drowsy,drowsy,1.0,0.0,1.0,0.0,0.0,0.0,0.335509,0.911285,0.0,0.188184,0.422643,0.320204,0.070663,0.358528,0.230554,True,True,False,0.0,False,True,36.803
1038,51.9,1,drowsy,drowsy,1.0,0.0,1.0,0.0,0.0,0.0,0.507215,0.82875,0.0,0.190404,0.423483,0.320373,0.07071,0.358613,0.230345,True,True,False,0.0,False,True,36.768
1039,51.95,1,drowsy,drowsy,1.0,0.0,1.0,0.0,0.0,0.0,0.546647,0.808078,0.0,0.192752,0.424378,0.320573,0.070766,0.358713,0.230141,True,True,False,0.0,False,True,37.198
1040,52.0,1,drowsy,drowsy,1.0,0.0,1.0,0.0,0.0,0.0,0.56867,0.802097,0.0,0.195187,0.425304,0.32079,0.070824,0.358817,0.22994,True,True,False,0.0,False,True,45.792
1041,52.05,1,drowsy,drowsy,1.0,0.0,1.0,0.0,0.0,0.0,0.489158,0.882962,0.0,0.197391,0.425414,0.320952,0.07085,0.358201,0.229719,True,True,False,0.0,False,True,36.806
1042,52.1,1,drowsy,drowsy,1.0,0.0,1.0,0.0,0.0,0.0,0.375348,0.915765,0.0,0.199091,0.42672,0.321006,0.070864,0.358888,0.229489,True,True,False,0.0,False,True,36.715
1043,52.15,1,drowsy,drowsy,1.0,0.0,1.0,0.0,0.0,0.0,0.179192,0.937138,0.0,0.199797,0.42697,0.320862,0.070869,0.358897,0.229255,True,True,False,0.0,False,True,36.943
1044,52.2,1,drowsy,drowsy,1.0,0.0,1.0,0.0,0.0,0.0,0.066447,0.951412,0.0,0.199912,0.427012,0.320599,0.070869,0.358897,0.229018,True,True,False,0.0,False,True,36.875
1045,52.25,1,drowsy,drowsy,1.0,0.0,1.0,0.0,0.0,0.0,0.044132,0.955378,0.0,0.199907,0.427014,0.320312,0.070867,0.358894,0.228781,True,True,False,0.0,False,True,45.719
1046,52.3,1,drowsy,drowsy,1.0,0.0,1.0,0.0,0.0,0.0,0.039507,0.955184,0.0,0.199867,0.426295,0.320021,0.070865,0.358228,0.228544,True,True,False,0.0,False,True,37.009
1047,52.35,1,drowsy,drowsy,1.0,0.0,1.0,0.0,0.0,0.0,0.037301,0.954789,0.0,0.199824,0.426998,0.319728,0.070864,0.358889,0.228307,True,True,False,0.0,False,True,36.777
1048,52.4,1,drowsy,drowsy,1.0,0.0,1.0,0.0,0.0,0.0,0.036086,0.95395,0.0,0.199779,0.426986,0.319435,0.070863,0.358888,0.228071,True,True,False,0.0,False,True,37.096
1049,52.45,1,drowsy,drowsy,1.0,0.0,1.0,0.0,0.0,0.0,0.042374,0.952118,0.0,0.199755,0.426986,0.31915,0.070862,0.358887,0.227837,True,True,False,0.0,False,True,37.533
1050,52.5,1,drowsy,drowsy,1.0,0.0,1.0,0.0,0.0,0.0,0.042255,0.951672,0.0,0.199734,0.426989,0.318865,0.070862,0.358887,0.227602,True,True,False,0.0,False,True,46.807
1051,52.55,1,drowsy,drowsy,1.0,0.0,1.0,0.0,0.0,0.0,0.041898,0.951733,0.0,0.199704,0.426277,0.318581,0.070861,0.358223,0.227368,True,True,False,0.0,False,True,37.393
1052,52.6,1,drowsy,drowsy,1.0,0.0,1.0,0.0,0.0,0.0,0.043665,0.951163,0.0,0.199705,0.42698,0.318299,0.070862,0.358886,0.227135,True,True,False,0.0,False,True,37.626
1053,52.65,1,drowsy,drowsy,1.0,0.0,1.0,0.0,0.0,0.0,0.043279,0.950696,0.0,0.19971,0.426822,0.318017,0.070862,0.358876,0.226903,True,True,False,0.0,False,True,37.837
1054,52.7,1,drowsy,drowsy,1.0,0.0,1.0,0.0,0.0,0.0,0.04113,0.951581,0.0,0.199694,0.426078,0.317734,0.070863,0.358832,0.22667,True,True,False,0.0,False,True,37.9
1055,52.75,1,drowsy,drowsy,1.0,0.0,1.0,0.0,0.0,0.0,0.042316,0.951642,0.0,0.19969,0.425426,0.317452,0.070863,0.358809,0.226439,True,True,False,0.0,False,True,46.209
1056,52.8,1,drowsy,drowsy,1.0,0.0,1.0,0.0,0.0,0.0,0.042231,0.951826,0.0,0.199699,0.424718,0.317171,0.070863,0.358145,0.226207,True,True,False,0.0,False,True,36.784
1057,52.85,1,drowsy,drowsy,1.0,0.0,1.0,0.0,0.0,0.0,0.043185,0.951425,0.0,0.199696,0.425,0.316891,0.070863,0.358801,0.225976,True,True,False,0.0,False,True,36.763
1058,52.9,1,drowsy,drowsy,1.0,0.0,1.0,0.0,0.0,0.0,0.042174,0.951274,0.0,0.199684,0.424991,0.316611,0.070863,0.358803,0.225746,True,True,False,0.0,False,True,36.987
1059,52.95,1,drowsy,drowsy,1.0,0.0,1.0,0.0,0.0,0.0,0.040699,0.951819,0.0,0.199672,0.424993,0.31633,0.070863,0.358805,0.225516,True,True,False,0.0,False,True,36.806
1060,53.0,1,drowsy,drowsy,1.0,0.0,1.0,0.0,0.0,0.0,0.040583,0.951748,0.0,0.19966,0.424996,0.316049,0.070863,0.358807,0.225286,True,True,False,0.0,False,True,45.841
1061,53.05,1,drowsy,drowsy,1.0,0.0,1.0,0.0,0.0,0.0,0.040028,0.951904,0.0,0.199652,0.424284,0.315769,0.070863,0.358143,0.225057,True,True,False,0.0,False,True,36.839
1062,53.1,1,drowsy,drowsy,1.0,0.0,1.0,0.0,0.0,0.0,0.039757,0.951752,0.0,0.199652,0.424995,0.315488,0.070863,0.358808,0.224829,True,True,False,0.0,False,True,36.842
1063,53.15,1,drowsy,drowsy,1.0,0.0,1.0,0.0,0.0,0.0,0.041555,0.951618,0.0,0.19966,0.424983,0.31521,0.070864,0.358807,0.224601,True,True,False,0.0,False,True,36.534
1064,53.2,1,drowsy,drowsy,1.0,0.0,1.0,0.0,0.0,0.0,0.041766,0.951629,0.0,0.199643,0.424939,0.314933,0.070864,0.358804,0.224373,True,True,False,0.0,False,True,37.165
1065,53.25,1,drowsy,drowsy,1.0,0.0,1.0,0.0,0.0,0.0,0.045165,0.950387,0.0,0.199568,0.424744,0.31466,0.070864,0.358793,0.224146,True,True,False,0.0,False,True,45.722
1066,53.3,1,drowsy,drowsy,1.0,0.0,1.0,0.0,0.0,0.0,0.047144,0.949679,0.0,0.199267,0.424047,0.31439,0.070861,0.358131,0.22392,True,True,False,0.0,False,True,37.318
1067,53.35,1,drowsy,drowsy,1.0,0.0,1.0,0.0,0.0,0.0,0.047167,0.949548,0.0,0.198739,0.423163,0.314121,0.070857,0.358666,0.223694,True,True,False,0.0,False,True,37.872
1068,53.4,1,drowsy,drowsy,1.0,0.0,1.0,0.0,0.0,0.0,0.045021,0.950819,0.0,0.198164,0.42231,0.31385,0.070852,0.358576,0.223468,True,True,False,0.0,False,True,37.116
1069,53.45,0,alert,alert,0.61967,0.61967,0.000362,0.0,0.001194,0.378775,0.418658,0.86371,0.0,0.19927,0.422234,0.313946,0.07088,0.358593,0.223264,True,True,False,0.0,False,False,37.713
1070,53.5,1,drowsy,drowsy,1.0,0.0,1.0,0.0,0.0,0.0,0.223951,0.930218,0.0,0.198656,0.422012,0.313857,0.070876,0.358583,0.223044,True,True,False,0.582862,False,True,46.239
1071,53.55,1,drowsy,drowsy,1.0,0.0,1.0,0.0,0.0,0.0,0.09597,0.946478,0.0,0.196786,0.421412,0.313639,0.070847,0.357924,0.222821,True,True,False,0.479802,False,True,37.336
1072,53.6,1,drowsy,drowsy,1.0,0.0,1.0,0.0,0.0,0.0,0.055899,0.951835,0.0,0.194583,0.421868,0.31338,0.070792,0.358578,0.222597,True,True,False,0.369779,False,True,36.934
1073,53.65,1,drowsy,drowsy,1.0,0.0,1.0,0.0,0.0,0.0,0.067868,0.950456,0.0,0.192519,0.421916,0.313133,0.070765,0.358582,0.222373,True,True,False,0.336448,False,True,36.765
1074,53.7,0,alert,alert,0.673778,0.673778,0.000335,0.0,0.001142,0.324745,0.441704,0.873773,0.0,0.192703,0.42266,0.313252,0.070779,0.358639,0.222168,True,True,False,0.369779,False,False,37.172
1075,53.75,1,drowsy,drowsy,1.0,0.0,1.0,0.0,0.0,0.0,0.294298,0.927316,0.0,0.193081,0.423144,0.313233,0.07078,0.358658,0.221951,True,True,False,0.382033,False,True,45.974
1076,53.8,1,drowsy,drowsy,1.0,0.0,1.0,0.0,0.0,0.0,0.11592,0.947574,0.0,0.193165,0.422579,0.313036,0.070779,0.357998,0.22173,True,True,False,0.417338,False,True,37.096
1077,53.85,1,drowsy,drowsy,1.0,0.0,1.0,0.0,0.0,0.0,0.05365,0.953674,0.0,0.1932,0.423318,0.312776,0.070778,0.358662,0.221508,True,True,False,0.460726,False,True,36.928
1078,53.9,1,drowsy,drowsy,1.0,0.0,1.0,0.0,0.0,0.0,0.040757,0.954806,0.0,0.193204,0.423316,0.312504,0.070778,0.35866,0.221285,True,True,False,0.504814,False,True,36.977
1079,53.95,1,drowsy,drowsy,1.0,0.0,1.0,0.0,0.0,0.0,0.038289,0.95449,0.0,0.193206,0.423304,0.312229,0.070778,0.358658,0.221064,True,True,False,0.620944,False,True,36.882
1080,54.0,1,drowsy,drowsy,1.0,0.0,1.0,0.0,0.0,0.0,0.037218,0.953841,0.0,0.193206,0.423296,0.311954,0.070778,0.358657,0.220843,True,True,False,0.620944,False,True,45.772
1081,54.05,1,drowsy,drowsy,1.0,0.0,1.0,0.0,0.0,0.0,0.036709,0.9536,0.0,0.193192,0.42258,0.311679,0.070777,0.357993,0.220622,True,True,False,0.427999,False,True,37.232
1082,54.1,1,drowsy,drowsy,1.0,0.0,1.0,0.0,0.0,0.0,0.039535,0.952529,0.0,0.193164,0.423257,0.311408,0.070777,0.358654,0.220402,True,True,False,0.0,False,True,36.959
1083,54.15,1,drowsy,drowsy,1.0,0.0,1.0,0.0,0.0,0.0,0.041831,0.951892,0.0,0.193102,0.423247,0.31114,0.070776,0.358653,0.220183,True,True,False,0.0,False,True,36.897
1084,54.2,1,drowsy,drowsy,1.0,0.0,1.0,0.0,0.0,0.0,0.040478,0.952149,0.0,0.192873,0.423238,0.310871,0.070773,0.358653,0.219964,True,True,False,0.0,False,True,36.984
1085,54.25,1,drowsy,drowsy,1.0,0.0,1.0,0.0,0.0,0.0,0.039518,0.952173,0.0,0.192645,0.423236,0.310601,0.070771,0.358653,0.219746,True,True,False,0.0,False,True,45.84
1086,54.3,1,drowsy,drowsy,1.0,0.0,1.0,0.0,0.0,0.0,0.043439,0.951424,0.0,0.192521,0.422534,0.310336,0.07077,0.35799,0.219528,True,True,False,0.0,False,True,36.86
1087,54.35,1,drowsy,drowsy,1.0,0.0,1.0,0.0,0.0,0.0,0.385439,0.899298,0.0,0.194193,0.423879,0.310406,0.07079,0.358689,0.219322,True,True,False,0.0,False,True,36.683
1088,54.4,1,drowsy,drowsy,1.0,0.0,1.0,0.0,0.0,0.0,0.504676,0.837496,0.0,0.196398,0.424713,0.310576,0.070834,0.358768,0.219131,True,True,False,0.0,False,True,36.769
1089,54.45,1,drowsy,drowsy,1.0,0.0,1.0,0.0,0.0,0.0,0.510826,0.843043,0.0,0.198644,0.425552,0.310751,0.070877,0.358843,0.218939,True,True,False,0.0,False,True,36.864
1090,54.5,1,drowsy,drowsy,1.0,0.0,1.0,0.0,0.0,0.0,0.429725,0.903322,0.0,0.2006,0.42626,0.310863,0.070895,0.358876,0.218734,True,True,False,0.0,False,True,46.058
1091,54.55,1,drowsy,drowsy,1.0,0.0,1.0,0.0,0.0,0.0,0.275117,0.928501,0.0,0.20181,0.425987,0.310828,0.070904,0.358228,0.218523,True,True,False,0.0,False,True,37.019
1092,54.6,1,drowsy,drowsy,1.0,0.0,1.0,0.0,0.0,0.0,0.12723,0.943962,0.0,0.202261,0.426846,0.310649,0.070907,0.358896,0.21831,True,True,False,0.584251,False,True,36.996
1093,54.65,1,drowsy,drowsy,1.0,0.0,1.0,0.0,0.0,0.0,0.054421,0.953245,0.0,0.202332,0.426856,0.310396,0.070907,0.358894,0.218094,True,True,False,0.585523,False,True,37.483
1094,54.7,1,drowsy,drowsy,1.0,0.0,1.0,0.0,0.0,0.0,0.041473,0.955457,0.0,0.202333,0.426838,0.31013,0.070906,0.35889,0.217879,True,True,False,0.698267,False,True,37.007
1095,54.75,1,drowsy,drowsy,1.0,0.0,1.0,0.0,0.0,0.0,0.038104,0.955147,0.0,0.202322,0.426815,0.309862,0.070904,0.358887,0.217664,True,True,False,0.724289,False,True,45.783
1096,54.8,1,drowsy,drowsy,1.0,0.0,1.0,0.0,0.0,0.0,0.037286,0.954648,0.0,0.202298,0.426092,0.309593,0.070903,0.358222,0.217449,True,True,False,0.724289,False,True,36.964
1097,54.85,1,drowsy,drowsy,1.0,0.0,1.0,0.0,0.0,0.0,0.038605,0.953113,0.0,0.202283,0.426752,0.309327,0.070903,0.358882,0.217235,True,True,False,0.521134,False,True,37.049
1098,54.9,1,drowsy,drowsy,1.0,0.0,1.0,0.0,0.0,0.0,0.042147,0.951351,0.0,0.202259,0.426731,0.309065,0.070903,0.358881,0.217023,True,True,False,0.0,False,True,36.691
1099,54.95,1,drowsy,drowsy,1.0,0.0,1.0,0.0,0.0,0.0,0.062421,0.947513,0.0,0.200494,0.426633,0.308824,0.070881,0.358873,0.216811,True,True,False,0.0,False,True,36.741
1100,55.0,1,drowsy,drowsy,1.0,0.0,1.0,0.0,0.0,0.0,0.399481,0.880154,0.0,0.20003,0.42651,0.308906,0.07086,0.358848,0.216615,True,True,False,0.0,False,True,45.912
1101,55.05,1,drowsy,drowsy,1.0,0.0,1.0,0.0,0.0,0.0,0.241431,0.927853,0.0,0.198607,0.426177,0.308842,0.070816,0.358201,0.216408,True,True,False,0.0,False,True,36.977
1102,55.1,1,drowsy,drowsy,1.0,0.0,1.0,0.0,0.0,0.0,0.106696,0.947305,0.0,0.196144,0.425218,0.308646,0.070766,0.358648,0.216198,True,True,False,0.0,False,True,37.059
1103,55.15,1,drowsy,drowsy,1.0,0.0,1.0,0.0,0.0,0.0,0.061489,0.952643,0.0,0.193165,0.424233,0.308404,0.070712,0.357569,0.215987,True,True,False,0.0,False,True,36.759
1104,55.2,1,drowsy,drowsy,1.0,0.0,1.0,0.0,0.0,0.0,0.045533,0.953211,0.0,0.190731,0.423076,0.308148,0.070684,0.356347,0.215776,True,True,False,0.0,False,True,36.639
1105,55.25,1,drowsy,drowsy,1.0,0.0,1.0,0.0,0.0,0.0,0.043405,0.952923,0.0,0.188906,0.421827,0.307889,0.070671,0.35504,0.215565,True,True,False,0.0,False,True,45.622
1106,55.3,1,drowsy,drowsy,1.0,0.0,1.0,0.0,0.0,0.0,0.039605,0.952852,0.0,0.187994,0.421121,0.307628,0.070666,0.354384,0.215355,True,True,False,0.0,False,True,36.781
1107,55.35,1,drowsy,drowsy,1.0,0.0,1.0,0.0,0.0,0.0,0.040449,0.952546,0.0,0.187785,0.419239,0.307368,0.070666,0.352355,0.215146,True,True,False,0.0,False,True,37.044
1108,55.4,1,drowsy,drowsy,1.0,0.0,1.0,0.0,0.0,0.0,0.042755,0.951803,0.0,0.187378,0.417949,0.307111,0.070664,0.351012,0.214937,True,True,False,0.0,False,True,37.373
1109,55.45,1,drowsy,drowsy,1.0,0.0,1.0,0.0,0.0,0.0,0.043315,0.951628,0.0,0.185891,0.416676,0.306855,0.070648,0.349686,0.214729,True,True,False,0.0,False,True,37.708
1110,55.5,1,drowsy,drowsy,1.0,0.0,1.0,0.0,0.0,0.0,0.046381,0.950117,0.0,0.18411,0.415417,0.306603,0.070631,0.348369,0.214521,True,True,False,0.0,False,True,45.968
1111,55.55,1,drowsy,drowsy,1.0,0.0,1.0,0.0,0.0,0.0,0.046904,0.950582,0.0,0.182058,0.414738,0.306352,0.07061,0.347728,0.214313,True,True,False,0.0,False,True,37.241
1112,55.6,1,drowsy,drowsy,1.0,0.0,1.0,0.0,0.0,0.0,0.04616,0.950857,0.0,0.180181,0.412901,0.306101,0.070595,0.345736,0.214106,True,True,False,0.0,False,True,37.522
1113,55.65,1,drowsy,drowsy,1.0,0.0,1.0,0.0,0.0,0.0,0.046221,0.950423,0.0,0.178822,0.411628,0.30585,0.070586,0.344406,0.2139,True,True,False,0.0,False,True,37.303
1114,55.7,1,drowsy,drowsy,1.0,0.0,1.0,0.0,0.0,0.0,0.045156,0.950655,0.0,0.178293,0.410336,0.305599,0.070584,0.343058,0.213693,True,True,False,0.0,False,True,37.182
1115,55.75,0,alert,alert,0.943202,0.943202,0.000184,0.0,0.001085,0.055528,0.049565,0.949676,0.0,0.178208,0.409047,0.305352,0.070585,0.341706,0.213488,True,True,False,0.0,False,False,45.943
1116,55.8,1,drowsy,drowsy,1.0,0.0,1.0,0.0,0.0,0.0,0.046126,0.950559,0.0,0.178232,0.40838,0.305103,0.070587,0.341078,0.213282,True,True,False,0.0,False,True,37.488
1117,55.85,1,drowsy,drowsy,1.0,0.0,1.0,0.0,0.0,0.0,0.043581,0.951739,0.0,0.178262,0.406507,0.304851,0.070588,0.339051,0.213077,True,True,False,0.0,False,True,37.663
1118,55.9,0,alert,alert,0.843567,0.843567,0.000227,0.0,0.001294,0.154912,0.046731,0.950832,0.0,0.178308,0.405276,0.304603,0.070589,0.337758,0.212872,True,True,False,0.0,False,False,37.391
1119,55.95,0,alert,alert,0.905818,0.905818,0.000178,0.0,0.001197,0.092807,0.046334,0.951635,0.0,0.178341,0.40405,0.304355,0.07059,0.33647,0.212668,True,True,False,0.0,False,False,37.311
1120,56.0,0,alert,alert,0.919827,0.919827,0.000159,0.0,0.001172,0.078842,0.04783,0.951228,0.0,0.17836,0.40286,0.304109,0.07059,0.335214,0.212464,True,True,False,0.0,False,False,45.832
1121,56.05,0,alert,alert,0.938581,0.938581,0.00014,0.0,0.001122,0.060158,0.043827,0.951725,0.0,0.178311,0.4022,0.303859,0.07059,0.334599,0.21226,True,True,False,0.0,False,False,36.931
1122,56.1,0,alert,alert,0.933277,0.933277,0.000136,0.0,0.001287,0.065301,0.042955,0.952228,0.0,0.178195,0.400872,0.303609,0.070588,0.333098,0.212057,True,True,False,0.0,False,False,36.914
1123,56.15,0,alert,alert,0.934191,0.934191,0.000135,0.0,0.00151,0.064164,0.045399,0.951051,0.0,0.176386,0.400146,0.303362,0.070566,0.332295,0.211854,True,True,False,0.0,False,False,36.998
1124,56.2,0,alert,alert,0.934872,0.934872,0.000138,0.0,0.002001,0.062988,0.043818,0.951251,0.0,0.174186,0.399459,0.303114,0.070521,0.331533,0.211651,True,True,False,0.0,False,False,37.099
1125,56.25,0,alert,alert,0.895181,0.895181,0.000163,0.0,0.002669,0.101987,0.044938,0.951052,0.0,0.171939,0.398735,0.302868,0.070463,0.330734,0.211449,True,True,False,0.0,False,False,45.794
1126,56.3,0,alert,alert,0.896209,0.896209,0.000161,0.0,0.003,0.10063,0.046091,0.950644,0.0,0.169665,0.398089,0.302623,0.070403,0.330128,0.211248,True,True,False,0.0,False,False,37.473
1127,56.35,0,alert,alert,0.886042,0.886042,0.000167,0.0,0.003583,0.110209,0.042573,0.951204,0.0,0.167183,0.397053,0.302375,0.070343,0.32891,0.211046,True,True,False,0.0,False,False,37.44
1128,56.4,0,alert,alert,0.88701,0.88701,0.00017,0.0,0.003884,0.108936,0.042694,0.951754,0.0,0.16436,0.396116,0.302128,0.06738,0.327905,0.210845,True,True,False,0.0,False,False,37.626
1129,56.45,0,alert,alert,0.874794,0.874794,0.000182,0.0,0.004557,0.120467,0.041198,0.952314,0.0,0.161209,0.395129,0.301879,0.064098,0.326856,0.210645,True,True,False,0.0,False,False,37.234
1130,56.5,0,alert,alert,0.875202,0.875202,0.000181,0.0,0.005153,0.119465,0.040983,0.952313,0.0,0.157965,0.394043,0.301631,0.06073,0.325707,0.210444,True,True,False,0.0,False,False,46.078
1131,56.55,0,alert,alert,0.885759,0.885759,0.000175,0.0,0.005706,0.10836,0.039266,0.953251,0.0,0.154643,0.393392,0.301382,0.057303,0.325109,0.210244,True,True,False,0.0,False,False,37.33
1132,56.6,0,alert,alert,0.8922,0.8922,0.000174,0.0,0.006521,0.101105,0.040002,0.953026,0.0,0.151308,0.391736,0.301133,0.053863,0.32328,0.210044,True,True,False,0.0,False,False,37.079
1133,56.65,0,alert,alert,0.899216,0.899216,0.000182,0.0,0.008408,0.092194,0.052833,0.950707,0.0,0.148033,0.390526,0.300898,0.050421,0.32199,0.209845,True,True,False,0.058447,False,False,37.108
1134,56.7,0,alert,alert,0.906557,0.906557,0.00019,0.0,0.010835,0.082418,0.065309,0.949308,0.0,0.144826,0.389356,0.300675,0.046987,0.320718,0.209647,True,True,False,0.058447,False,False,36.864
1135,56.75,0,alert,alert,0.907448,0.907448,0.000209,0.0,0.01442,0.077922,0.10161,0.943435,0.0,0.141828,0.388343,0.300489,0.04358,0.319536,0.20945,True,True,False,0.0,False,False,45.676
1136,56.8,0,alert,alert,0.888637,0.888637,0.000239,0.0,0.019925,0.091199,0.146355,0.939436,0.0,0.139064,0.387906,0.300345,0.040186,0.318959,0.209255,True,True,False,0.0,False,False,37.077
1137,56.85,0,alert,alert,0.867223,0.867223,0.000249,0.0,0.021315,0.111213,0.154685,0.939002,0.0,0.136366,0.386324,0.300209,0.036818,0.31701,0.20906,True,True,False,0.0,False,False,36.975
1138,56.9,0,alert,alert,0.844544,0.844544,0.000277,0.0,0.026251,0.128927,0.206911,0.933901,0.0,0.133946,0.385402,0.300123,0.033472,0.315736,0.208866,True,True,False,0.0,False,False,37.041
1139,56.95,0,alert,alert,0.809543,0.809543,0.000302,0.0,0.030682,0.159473,0.353877,0.918733,0.0,0.13226,0.384734,0.300172,0.03015,0.314462,0.208676,True,True,False,0.0,False,False,36.797
1140,57.0,0,alert,alert,0.74528,0.74528,0.000321,0.0,0.028383,0.226016,0.47979,0.869493,0.0,0.131129,0.38425,0.300326,0.026869,0.313189,0.208497,True,True,False,0.0,False,False,45.701
1141,57.05,0,alert,alert,0.59154,0.59154,0.000346,0.0,0.020855,0.387259,0.525744,0.813457,0.0,0.130134,0.384471,0.300508,0.023646,0.312699,0.208329,True,True,False,0.0,False,False,36.894
1142,57.1,0,alert,alert,0.661071,0.661071,0.00034,0.0,0.015882,0.322707,0.489132,0.876305,0.0,0.129113,0.383342,0.300671,0.020438,0.31066,0.208149,True,True,False,0.0,False,False,36.787
1143,57.15,0,alert,alert,0.778735,0.778735,0.000304,0.0,0.015263,0.205699,0.40377,0.908109,0.0,0.12775,0.38273,0.300763,0.017246,0.309367,0.207962,True,True,False,0.0,False,False,36.871
1144,57.2,0,alert,alert,0.848222,0.848222,0.000273,0.0,0.016833,0.134672,0.232975,0.929048,0.0,0.125583,0.381823,0.300701,0.014073,0.308073,0.207772,True,True,False,0.0,False,False,36.859
1145,57.25,0,alert,alert,0.858572,0.858572,0.000287,0.0,0.023945,0.117197,0.104981,0.943384,0.0,0.122777,0.380679,0.300519,0.010898,0.306768,0.207578,True,True,False,0.0,False,False,45.853
1146,57.3,0,alert,alert,0.877577,0.877577,0.000248,0.0,0.017984,0.104192,0.047887,0.952359,0.0,0.119683,0.38007,0.300282,0.007726,0.306207,0.207384,True,True,False,0.0,False,False,37.066
1147,57.35,0,alert,alert,0.896077,0.896077,0.000221,0.0,0.013569,0.090132,0.040183,0.953817,0.0,0.116603,0.378163,0.300038,0.004596,0.304154,0.207189,True,True,False,0.0,False,False,37.073
1148,57.4,1,drowsy,drowsy,1.0,0.0,1.0,0.0,0.0,0.0,0.03788,0.954402,0.0,0.114059,0.376895,0.299793,0.001951,0.302848,0.206995,True,True,False,0.0,False,True,37.012
1149,57.45,1,drowsy,drowsy,1.0,0.0,1.0,0.0,0.0,0.0,0.037275,0.953727,0.0,0.112257,0.375622,0.299547,-0.0,0.30154,0.206801,True,True,False,0.0,False,True,36.729
1150,57.5,1,drowsy,drowsy,1.0,0.0,1.0,0.0,0.0,0.0,0.039128,0.953166,0.0,0.111441,0.374348,0.299303,-0.0,0.300228,0.206608,True,True,False,0.0,False,True,45.756
1151,57.55,1,drowsy,drowsy,1.0,0.0,1.0,0.0,0.0,0.0,0.044313,0.952022,0.0,0.111272,0.373747,0.299066,-0.0,0.29968,0.206415,True,True,False,0.0,False,True,37.125
1152,57.6,0,alert,alert,0.895848,0.895848,0.000189,0.0,0.002265,0.101699,0.054161,0.949839,0.0,0.111296,0.371839,0.298838,-0.0,0.297602,0.206223,True,True,False,0.0,False,False,36.939
1153,57.65,0,alert,alert,0.882368,0.882368,0.000194,0.0,0.002825,0.114613,0.087955,0.9433,0.0,0.111526,0.370676,0.298643,-0.0,0.29631,0.206033,True,True,False,0.0,False,False,36.929
1154,57.7,0,alert,alert,0.902605,0.902605,0.000186,0.0,0.003849,0.09336,0.090981,0.944362,0.0,0.11179,0.36954,0.298452,-0.0,0.295039,0.205843,True,True,False,0.0,False,False,37.219
1155,57.75,0,alert,alert,0.912434,0.912434,0.000199,0.0,0.006742,0.080626,0.070617,0.948669,0.0,0.11196,0.368376,0.298241,-0.0,0.293775,0.205652,True,True,False,0.0,False,False,45.758
1156,57.8,0,alert,alert,0.909479,0.909479,0.000222,0.0,0.01197,0.078328,0.054818,0.950145,0.0,0.112045,0.367807,0.298015,-0.0,0.293242,0.205462,True,True,False,0.0,False,False,37.352
1157,57.85,0,alert,alert,0.891953,0.891953,0.000248,0.0,0.018135,0.089664,0.045601,0.9518,0.0,0.112072,0.366129,0.297781,-0.0,0.291395,0.205271,True,True,False,0.0,False,False,37.273
1158,57.9,0,alert,alert,0.880759,0.880759,0.00026,0.0,0.021511,0.097469,0.043382,0.951801,0.0,0.112093,0.365189,0.297545,-0.0,0.290392,0.205081,True,True,False,0.0,False,False,37.216
1159,57.95,0,alert,alert,0.878624,0.878624,0.000262,0.0,0.023342,0.097773,0.043553,0.951401,0.0,0.112097,0.364402,0.29731,-0.0,0.289536,0.204891,True,True,False,0.0,False,False,36.98
1160,58.0,0,alert,alert,0.880585,0.880585,0.000248,0.0,0.02027,0.098896,0.040756,0.951991,0.0,0.112098,0.36367,0.297073,-0.0,0.288738,0.204702,True,True,False,0.0,False,False,45.798
1161,58.05,0,alert,alert,0.886527,0.886527,0.000238,0.0,0.018798,0.094437,0.041195,0.952016,0.0,0.112099,0.363084,0.296837,-0.0,0.288213,0.204512,True,True,False,0.0,False,False,36.794
1162,58.1,0,alert,alert,0.88265,0.88265,0.000239,0.0,0.01849,0.098621,0.041606,0.951842,0.0,0.112099,0.362159,0.296601,-0.0,0.287094,0.204324,True,True,False,0.439331,False,False,36.954
1163,58.15,0,alert,alert,0.892843,0.892843,0.000232,0.0,0.017966,0.088959,0.041187,0.951658,0.0,0.112092,0.36133,0.296365,-0.0,0.286201,0.204135,True,True,False,0.152657,False,False,36.887
1164,58.2,0,alert,alert,0.892265,0.892265,0.000228,0.0,0.01623,0.091276,0.040419,0.9521,0.0,0.112073,0.360441,0.296129,-0.0,0.28525,0.203947,True,True,False,0.152657,False,False,36.961
1165,58.25,0,alert,alert,0.899549,0.899549,0.000221,0.0,0.014062,0.086168,0.04161,0.952005,0.0,0.112057,0.359487,0.295895,-0.0,0.284232,0.203759,True,True,False,0.152657,False,False,45.601
1166,58.3,0,alert,alert,0.905777,0.905777,0.000212,0.0,0.012454,0.081558,0.039731,0.952093,0.0,0.112027,0.358906,0.295659,-0.0,0.283716,0.203572,True,True,False,0.0,False,False,37.164
1167,58.35,0,alert,alert,0.911969,0.911969,0.000224,0.0,0.015088,0.072719,0.045584,0.951315,0.0,0.112037,0.357426,0.29543,-0.0,0.282039,0.203385,True,True,False,0.0,False,False,36.793
1168,58.4,0,alert,alert,0.833734,0.833734,0.000284,0.0,0.020626,0.145357,0.439895,0.864645,0.0,0.113903,0.357004,0.29555,-0.0,0.280891,0.203215,True,True,False,0.0,False,False,36.975
1169,58.45,0,alert,alert,0.622698,0.622698,0.000369,0.0,0.020795,0.356138,0.518672,0.819706,0.0,0.116032,0.35665,0.295727,-0.0,0.279722,0.203055,True,True,False,0.067856,False,False,37.168
1170,58.5,4,distraction,distracted,0.531917,0.453341,0.000427,0.0,0.014316,0.531917,0.574588,0.812457,0.0,0.118382,0.356365,0.295945,-0.0,0.278544,0.202896,True,True,False,0.0,False,False,45.851
1171,58.55,4,distraction,distracted,0.615184,0.373577,0.000533,0.0,0.010707,0.615184,0.660078,0.817237,0.0,0.121128,0.356838,0.296231,-0.0,0.27811,0.202736,True,True,False,0.0,False,False,36.952
1172,58.6,4,distraction,distracted,0.504184,0.480641,0.000648,0.0,0.014527,0.504184,0.613833,0.830018,0.0,0.123698,0.356166,0.296485,-0.0,0.276342,0.202574,True,True,False,0.00148,False,False,36.921
1173,58.65,0,alert,alert,0.621937,0.621937,0.000613,0.0,0.023509,0.35394,0.499855,0.88829,0.0,0.125873,0.355816,0.296658,-0.0,0.275157,0.202401,True,True,False,0.00148,False,False,37.075
1174,58.7,0,alert,alert,0.747821,0.747821,0.000517,0.0,0.0337,0.217962,0.368689,0.922272,0.0,0.127472,0.355243,0.296722,-0.0,0.273955,0.202222,True,True,False,0.0,False,False,36.924
1175,58.75,0,alert,alert,0.810887,0.810887,0.000415,0.0,0.035717,0.152981,0.180678,0.941867,0.0,0.128164,0.354284,0.296617,-0.0,0.272696,0.20204,True,True,False,0.0,False,False,45.851
1176,58.8,0,alert,alert,0.848779,0.848779,0.000339,0.0,0.028865,0.122017,0.068674,0.953258,0.0,0.128302,0.353766,0.296409,-0.0,0.272201,0.201855,True,True,False,0.014755,False,False,36.981
1177,58.85,1,drowsy,drowsy,1.0,0.0,1.0,0.0,0.0,0.0,0.114783,0.946116,0.0,0.128682,0.351978,0.296244,-0.0,0.270116,0.201672,True,True,False,0.0,False,True,37.005
1178,58.9,1,drowsy,drowsy,1.0,0.0,1.0,0.0,0.0,0.0,0.329584,0.91098,0.0,0.130105,0.351245,0.296273,-0.0,0.268837,0.201497,True,True,False,0.231506,False,True,37.117
1179,58.95,1,drowsy,drowsy,1.0,0.0,1.0,0.0,0.0,0.0,0.402745,0.904816,0.0,0.131876,0.350648,0.296366,-0.0,0.267573,0.201322,True,True,False,0.18161,False,True,36.961
1180,59.0,1,drowsy,drowsy,1.0,0.0,1.0,0.0,0.0,0.0,0.457614,0.895752,0.0,0.133895,0.350151,0.296503,-0.0,0.26632,0.20115,True,True,False,0.0,False,True,45.722
1181,59.05,1,drowsy,drowsy,1.0,0.0,1.0,0.0,0.0,0.0,0.4303,0.907759,0.0,0.135805,0.350289,0.296619,-0.0,0.26586,0.200976,True,True,False,0.0,False,True,37.335
1182,59.1,1,drowsy,drowsy,1.0,0.0,1.0,0.0,0.0,0.0,0.327121,0.926278,0.0,0.137232,0.348882,0.296646,-0.0,0.263788,0.200799,True,True,False,0.0,False,True,37.225
1183,59.15,1,drowsy,drowsy,1.0,0.0,1.0,0.0,0.0,0.0,0.158773,0.943928,0.0,0.137825,0.347872,0.296522,-0.0,0.262527,0.200618,True,True,False,0.0,False,True,37.098
1184,59.2,1,drowsy,drowsy,1.0,0.0,1.0,0.0,0.0,0.0,0.068825,0.952636,0.0,0.137663,0.346692,0.296316,-0.0,0.261259,0.200436,True,True,False,0.260803,False,True,37.078
1185,59.25,1,drowsy,drowsy,1.0,0.0,1.0,0.0,0.0,0.0,0.042353,0.954978,0.0,0.135754,0.345468,0.296085,-0.0,0.259995,0.200254,True,True,False,0.27179,False,True,45.863
1186,59.3,1,drowsy,drowsy,1.0,0.0,1.0,0.0,0.0,0.0,0.0384,0.954981,0.0,0.134062,0.344912,0.295852,-0.0,0.259523,0.200073,True,True,False,0.0,False,True,37.422
1187,59.35,1,drowsy,drowsy,1.0,0.0,1.0,0.0,0.0,0.0,0.03816,0.954099,0.0,0.132955,0.342964,0.295618,-0.0,0.257425,0.199892,True,True,False,0.0,False,True,37.621
1188,59.4,1,drowsy,drowsy,1.0,0.0,1.0,0.0,0.0,0.0,0.039855,0.95313,0.0,0.13262,0.341719,0.295387,-0.0,0.256145,0.199711,True,True,False,0.0,False,True,37.537
1189,59.45,1,drowsy,drowsy,1.0,0.0,1.0,0.0,0.0,0.0,0.043829,0.952014,0.0,0.132564,0.340503,0.29516,-0.0,0.254885,0.199531,True,True,False,0.020477,False,True,37.464
1190,59.5,1,drowsy,drowsy,1.0,0.0,1.0,0.0,0.0,0.0,0.052801,0.950154,0.0,0.132619,0.339321,0.294943,-0.0,0.25364,0.199351,True,True,False,0.0,False,True,46.323
1191,59.55,1,drowsy,drowsy,1.0,0.0,1.0,0.0,0.0,0.0,0.064247,0.947594,0.0,0.132741,0.338827,0.294736,-0.0,0.253185,0.199173,True,True,False,0.30793,False,True,38.042
1192,59.6,1,drowsy,drowsy,1.0,0.0,1.0,0.0,0.0,0.0,0.411897,0.892011,0.0,0.134548,0.33768,0.294835,-0.0,0.25124,0.199005,True,True,False,0.0,False,True,37.451
1193,59.65,1,drowsy,drowsy,1.0,0.0,1.0,0.0,0.0,0.0,0.507909,0.833981,0.0,0.136689,0.337368,0.295002,-0.0,0.250133,0.198848,True,True,False,0.0,False,True,38.01
1194,59.7,0,alert,alert,0.836089,0.836089,0.000475,0.0,0.001365,0.162071,0.535273,0.800099,0.0,0.138847,0.33724,0.295184,-0.0,0.249188,0.198698,True,True,False,0.0,False,False,37.127
1195,59.75,1,drowsy,drowsy,1.0,0.0,1.0,0.0,0.0,0.0,0.564004,0.797319,0.0,0.141043,0.337316,0.295386,-0.0,0.248397,0.198549,True,True,False,0.0,False,True,45.845
1196,59.8,1,drowsy,drowsy,1.0,0.0,1.0,0.0,0.0,0.0,0.611057,0.796634,0.0,0.142975,0.337729,0.295622,-0.0,0.248023,0.1984,True,True,False,0.0,False,True,37.365
1197,59.85,1,drowsy,drowsy,1.0,0.0,1.0,0.0,0.0,0.0,0.689902,0.796898,0.0,0.143846,0.337861,0.295918,-0.0,0.246944,0.198251,True,True,False,0.0,False,True,37.057
1198,59.9,1,drowsy,drowsy,1.0,0.0,1.0,0.0,0.0,0.0,0.756793,0.793311,0.0,0.144791,0.338277,0.296262,-0.0,0.246204,0.198103,True,True,False,0.0,False,True,36.745
1199,59.95,1,drowsy,drowsy,1.0,0.0,1.0,0.0,0.0,0.0,0.791978,0.778292,0.0,0.14584,0.338692,0.296624,-0.0,0.245432,0.197958,True,True,True,0.0,False,True,37.299
1200,60.0,1,drowsy,drowsy,1.0,0.0,1.0,0.0,0.0,0.0,0.595806,0.856512,0.0,0.146395,0.3388,0.296652,-0.0,0.244567,0.197902,True,True,True,0.0,False,True,45.917
1201,60.05,1,drowsy,drowsy,1.0,0.0,1.0,0.0,0.0,0.0,0.445458,0.898167,0.0,0.146841,0.338981,0.296777,-0.0,0.244151,0.197735,True,True,True,0.0,False,True,37.193
1202,60.1,1,drowsy,drowsy,1.0,0.0,1.0,0.0,0.0,0.0,0.278912,0.923347,0.0,0.147393,0.338053,0.296479,-0.0,0.242586,0.197835,True,True,True,0.0,False,True,37.165
1203,60.15,1,drowsy,drowsy,1.0,0.0,1.0,0.0,0.0,0.0,0.139759,0.941181,0.0,0.147769,0.337158,0.29634,-0.0,0.241455,0.19766,True,True,True,0.0,False,True,37.065
1204,60.2,1,drowsy,drowsy,1.0,0.0,1.0,0.0,0.0,0.0,0.071504,0.952866,0.0,0.147911,0.336062,0.296414,-0.0,0.24025,0.197825,True,True,True,0.0,False,True,37.142
1205,60.25,1,drowsy,drowsy,1.0,0.0,1.0,0.0,0.0,0.0,0.078908,0.949561,0.0,0.148114,0.334937,0.296099,-0.0,0.239005,0.197806,True,True,True,0.0,False,True,46.771
1206,60.3,0,alert,alert,0.928985,0.928985,0.002845,0.0,0.052119,0.016051,0.058531,0.951887,0.0,0.148224,0.334439,0.295887,-0.0,0.238574,0.197629,True,True,True,0.0,False,False,37.202
1207,60.35,0,alert,alert,0.93558,0.93558,0.001555,0.0,0.048369,0.014496,0.055366,0.950145,0.0,0.148315,0.332605,0.295818,-0.0,0.23652,0.197799,True,True,True,0.960466,False,False,37.257
1208,60.4,0,alert,alert,0.940911,0.940911,0.001044,0.0,0.043367,0.014678,0.052301,0.951488,0.0,0.148382,0.331467,0.2956,-0.0,0.235313,0.197622,True,True,True,0.923159,False,False,37.064
1209,60.45,1,drowsy,drowsy,1.0,0.0,1.0,0.0,0.0,0.0,0.11874,0.937393,0.0,0.148784,0.330423,0.295887,-0.0,0.234084,0.197802,True,True,True,0.960466,False,True,37.061
1210,60.5,0,alert,alert,0.959278,0.959278,0.000539,0.0,0.025593,0.014591,0.124506,0.939965,0.0,0.149218,0.329398,0.295966,-0.0,0.232866,0.197805,True,True,True,1.0,False,False,46.227
1211,60.55,1,drowsy,drowsy,1.0,0.0,1.0,0.0,0.0,0.0,0.095711,0.943717,0.0,0.149506,0.328981,0.295788,-0.0,0.23245,0.19763,True,True,True,0.0,False,True,37.988
1212,60.6,1,drowsy,drowsy,1.0,0.0,1.0,0.0,0.0,0.0,0.085605,0.941857,0.0,0.149723,0.327155,0.296066,-0.0,0.230361,0.197809,True,True,True,0.0,False,True,37.349
1213,60.65,0,alert,alert,0.972967,0.972967,0.000296,0.0,0.01105,0.015688,0.073488,0.942806,0.0,0.149856,0.325988,0.295869,-0.0,0.229097,0.197634,True,True,True,0.0,False,False,37.732
1214,60.7,0,alert,alert,0.965123,0.965123,0.000279,0.0,0.01153,0.023068,0.101911,0.934611,0.0,0.150142,0.324866,0.296159,-0.0,0.22783,0.197814,True,True,True,0.0,False,False,37.342
1215,60.75,0,alert,alert,0.95701,0.95701,0.000248,0.0,0.009406,0.033336,0.11232,0.933794,0.0,0.150488,0.323765,0.296227,-0.0,0.226567,0.197817,True,True,True,0.0,False,False,46.124
1216,60.8,0,alert,alert,0.942199,0.942199,0.000232,0.0,0.006225,0.051345,0.100576,0.938742,0.0,0.150787,0.32337,0.296055,-0.0,0.226166,0.197643,True,True,True,0.0,False,False,37.587
1217,60.85,0,alert,alert,0.908479,0.908479,0.000238,0.0,0.004634,0.086649,0.116306,0.935718,0.0,0.151176,0.321579,0.296355,-0.0,0.224073,0.197823,True,True,True,0.0,False,False,37.613
1218,60.9,0,alert,alert,0.931533,0.931533,0.000197,0.0,0.00321,0.06506,0.105151,0.937711,0.0,0.151498,0.320496,0.296187,-0.0,0.222842,0.197649,True,True,True,0.0,False,False,37.402
1219,60.95,0,alert,alert,0.933182,0.933182,0.000182,0.0,0.002701,0.063934,0.114916,0.938455,0.0,0.151861,0.319436,0.295805,-0.0,0.221618,0.197798,True,True,True,0.0,False,False,37.462
1220,61.0,0,alert,alert,0.947131,0.947131,0.000168,0.0,0.002467,0.050234,0.088019,0.943896,0.0,0.152086,0.318324,0.295451,-0.0,0.22039,0.19778,True,True,True,0.0,False,False,46.395
1221,61.05,0,alert,alert,0.953342,0.953342,0.000159,0.0,0.002465,0.044034,0.081795,0.944802,0.0,0.152272,0.317903,0.295262,-0.0,0.219997,0.197605,True,True,True,0.0,False,False,37.072
1222,61.1,0,alert,alert,0.950425,0.950425,0.000166,0.0,0.002393,0.047016,0.088445,0.941709,0.0,0.152477,0.316089,0.29495,-0.0,0.217932,0.197769,True,True,True,0.0,False,False,37.006
1223,61.15,0,alert,alert,0.958655,0.958655,0.000158,0.0,0.002213,0.038974,0.14086,0.931787,0.0,0.152965,0.315052,0.294815,-0.0,0.216686,0.197596,True,True,True,0.0,False,False,36.901
1224,61.2,0,alert,alert,0.967194,0.967194,0.000152,0.0,0.001889,0.030765,0.07917,0.942437,0.0,0.153138,0.313903,0.294968,-0.0,0.215437,0.197773,True,True,True,0.0,False,False,36.912
1225,61.25,0,alert,alert,0.965315,0.965315,0.000158,0.0,0.001855,0.032671,0.113856,0.937924,0.0,0.153474,0.312838,0.295036,-0.0,0.214207,0.197776,True,True,True,0.0,False,False,46.129
1226,61.3,1,drowsy,drowsy,1.0,0.0,1.0,0.0,0.0,0.0,0.063657,0.946464,0.0,0.153551,0.312394,0.29483,-0.0,0.213826,0.1976,True,True,True,0.0,False,True,37.14
1227,61.35,0,alert,alert,0.96343,0.96343,0.000178,0.0,0.00208,0.034313,0.068977,0.945223,0.0,0.153639,0.310573,0.295091,-0.0,0.211779,0.197779,True,True,True,0.0,False,False,36.999
1228,61.4,0,alert,alert,0.96367,0.96367,0.000181,0.0,0.002374,0.033775,0.052055,0.949569,0.0,0.153638,0.309434,0.294874,-0.0,0.210582,0.197603,True,True,True,0.0,False,False,36.997
1229,61.45,1,drowsy,drowsy,1.0,0.0,1.0,0.0,0.0,0.0,0.048001,0.949983,0.0,0.153612,0.308319,0.295109,-0.0,0.209414,0.19778,True,True,True,0.0,False,True,37.25
1230,61.5,1,drowsy,drowsy,1.0,0.0,1.0,0.0,0.0,0.0,0.049874,0.949396,0.0,0.153006,0.307295,0.295097,-0.0,0.208329,0.19778,True,True,True,0.0,False,True,45.56
1231,61.55,1,drowsy,drowsy,1.0,0.0,1.0,0.0,0.0,0.0,0.046694,0.950869,0.0,0.152488,0.30683,0.294875,-0.0,0.207957,0.197603,True,True,True,0.0,False,True,36.927
1232,61.6,1,drowsy,drowsy,1.0,0.0,1.0,0.0,0.0,0.0,0.050003,0.949641,0.0,0.151312,0.305765,0.294612,-0.0,0.206653,0.197762,True,True,True,0.0,False,True,37.03
1233,61.65,1,drowsy,drowsy,1.0,0.0,1.0,0.0,0.0,0.0,0.061845,0.947912,0.0,0.149877,0.305113,0.294405,-0.0,0.2059,0.197586,True,True,True,0.0,False,True,36.954
1234,61.7,0,alert,alert,0.986299,0.986299,0.000165,0.0,0.002148,0.011389,0.054401,0.949038,0.0,0.148184,0.30439,0.294567,-0.0,0.205093,0.197763,True,True,True,0.0,False,False,37.125
1235,61.75,0,alert,alert,0.986404,0.986404,0.000164,0.0,0.002122,0.01131,0.064524,0.946594,0.0,0.147174,0.30364,0.294585,-0.0,0.204241,0.197764,True,True,True,0.0,False,False,46.372
1236,61.8,0,alert,alert,0.967652,0.967652,0.000218,0.0,0.002423,0.029707,0.369725,0.894294,0.0,0.147705,0.303751,0.294648,-0.0,0.203899,0.197598,True,True,True,0.0,False,False,37.295
1237,61.85,1,drowsy,drowsy,1.0,0.0,1.0,0.0,0.0,0.0,0.46874,0.877514,0.0,0.148299,0.303171,0.295244,-0.0,0.202387,0.197789,True,True,True,0.0,False,True,37.131
1238,61.9,0,alert,alert,0.918923,0.918923,0.000273,0.0,0.001808,0.078997,0.490197,0.881869,0.0,0.148321,0.302975,0.295405,-0.0,0.201384,0.197625,True,True,True,0.0,False,False,36.837
1239,61.95,1,drowsy,drowsy,1.0,0.0,1.0,0.0,0.0,0.0,0.46594,0.894737,0.0,0.148119,0.30265,0.296002,-0.0,0.200283,0.197813,True,True,True,0.0,False,True,37.169
1240,62.0,0,alert,alert,0.894171,0.894171,0.000239,0.0,0.001508,0.104083,0.401654,0.911866,0.0,0.147549,0.302202,0.296319,-0.0,0.199158,0.19782,True,True,True,0.0,False,False,45.866
1241,62.05,1,drowsy,drowsy,1.0,0.0,1.0,0.0,0.0,0.0,0.386592,0.913125,0.0,0.147102,0.301655,0.296396,-0.0,0.197963,0.19765,True,True,True,0.0,False,True,37.035
1242,62.1,1,drowsy,drowsy,1.0,0.0,1.0,0.0,0.0,0.0,0.262912,0.93252,0.0,0.14656,0.300863,0.296816,-0.0,0.196733,0.19783,True,True,True,0.0,False,True,37.095
1243,62.15,0,alert,alert,0.67805,0.67805,0.000284,0.0,0.001044,0.320622,0.18223,0.941058,0.0,0.146576,0.29995,0.296715,-0.0,0.195524,0.197656,True,True,True,0.0,False,False,36.826
1244,62.2,0,alert,alert,0.5716,0.5716,0.000307,0.0,0.000924,0.427169,0.093052,0.949095,0.0,0.146712,0.298953,0.296985,-0.0,0.194385,0.197832,True,True,True,0.735962,False,False,36.934
1245,62.25,0,alert,alert,0.642855,0.642855,0.0003,0.0,0.000945,0.3559,0.10814,0.949657,0.0,0.147041,0.297919,0.297042,-0.0,0.193187,0.197833,True,True,True,0.735962,False,False,45.781
1246,62.3,1,drowsy,drowsy,1.0,0.0,1.0,0.0,0.0,0.0,0.125672,0.947686,0.0,0.147484,0.296905,0.296889,-0.0,0.191981,0.197657,True,True,True,0.807373,False,True,37.078
1247,62.35,0,alert,alert,0.765914,0.765914,0.000297,0.0,0.000862,0.232927,0.109092,0.949759,0.0,0.147853,0.295847,0.29717,-0.0,0.190763,0.197833,True,True,True,0.895264,False,False,36.786
1248,62.4,0,alert,alert,0.732332,0.732332,0.000331,0.0,0.000865,0.266471,0.177483,0.942765,0.0,0.148575,0.294899,0.297065,-0.0,0.189537,0.197658,True,True,True,0.842163,False,False,36.825
1249,62.45,0,alert,alert,0.788724,0.788724,0.000326,0.0,0.000823,0.210127,0.176566,0.942958,0.0,0.149259,0.293938,0.297407,-0.0,0.188301,0.197836,True,True,True,0.842163,False,False,36.984
1250,62.5,0,alert,alert,0.82063,0.82063,0.000322,0.0,0.000823,0.178224,0.147649,0.944152,0.0,0.149798,0.292921,0.297499,-0.0,0.187061,0.197837,True,True,True,0.757935,False,False,45.843
1251,62.55,0,alert,alert,0.809786,0.809786,0.000356,0.0,0.000876,0.188981,0.153153,0.942842,0.0,0.150366,0.291914,0.297371,-0.0,0.185824,0.197662,True,True,True,0.0,False,False,36.91
1252,62.6,0,alert,alert,0.761395,0.761395,0.000404,0.0,0.000917,0.237284,0.19013,0.93806,0.0,0.151111,0.290977,0.297727,-0.0,0.184594,0.197841,True,True,True,0.0,False,False,37.071
1253,62.65,0,alert,alert,0.850349,0.850349,0.000359,0.0,0.00089,0.148402,0.206546,0.937535,0.0,0.15194,0.290073,0.297646,-0.0,0.183369,0.197667,True,True,True,0.0,False,False,37.051
1254,62.7,0,alert,alert,0.751129,0.751129,0.000447,0.0,0.000989,0.247435,0.151313,0.9439,0.0,0.152503,0.289091,0.297971,-0.0,0.182164,0.197846,True,True,True,0.0,False,False,36.901
1255,62.75,0,alert,alert,0.866375,0.866375,0.000369,0.0,0.000988,0.132268,0.160309,0.945877,0.0,0.153106,0.288126,0.298077,-0.0,0.180958,0.197847,True,True,True,0.0,False,False,45.927
1256,62.8,0,alert,alert,0.922348,0.922348,0.000304,0.0,0.001085,0.076263,0.127675,0.949045,0.0,0.153543,0.287103,0.297925,-0.0,0.179753,0.197671,True,True,True,0.0,False,False,37.163
1257,62.85,0,alert,alert,0.928315,0.928315,0.000298,0.0,0.001282,0.070106,0.094265,0.952122,0.0,0.153804,0.28603,0.2982,-0.0,0.178557,0.197847,True,True,True,0.0,False,False,37.661
1258,62.9,0,alert,alert,0.922955,0.922955,0.000304,0.0,0.001634,0.075106,0.082196,0.951881,0.0,0.154008,0.28492,0.298007,-0.0,0.177347,0.197671,True,True,True,0.0,False,False,37.523
1259,62.95,0,alert,alert,0.926992,0.926992,0.000286,0.0,0.001678,0.071044,0.06411,0.951975,0.0,0.154127,0.283765,0.298253,-0.0,0.176123,0.197847,True,True,True,0.0,False,False,37.286
1260,63.0,0,alert,alert,0.946067,0.946067,0.000256,0.0,0.001656,0.052022,0.053556,0.941899,0.0,0.154199,0.282587,0.298264,-0.0,0.174894,0.197849,True,True,True,0.0,False,False,46.321
1261,63.05,0,alert,alert,0.96215,0.96215,0.00022,0.0,0.001841,0.035789,0.05763,0.940203,0.0,0.154295,0.281436,0.298052,-0.0,0.173682,0.197674,True,True,True,0.0,False,False,36.917
1262,63.1,0,alert,alert,0.971003,0.971003,0.000202,0.0,0.001833,0.026963,0.078741,0.936679,0.0,0.1545,0.280339,0.298319,-0.0,0.172486,0.197854,True,True,True,0.0,False,False,36.918
1263,63.15,0,alert,alert,0.973703,0.973703,0.000199,0.0,0.00232,0.023778,0.072126,0.939116,0.0,0.154662,0.279256,0.29812,-0.0,0.171313,0.19768,True,True,True,0.0,False,False,36.667
1264,63.2,0,alert,alert,0.974332,0.974332,0.000209,0.0,0.002682,0.022777,0.115892,0.935998,0.0,0.155044,0.278254,0.298417,-0.0,0.170144,0.19786,True,True,True,0.0,False,False,36.668
1265,63.25,0,alert,alert,0.971981,0.971981,0.000218,0.0,0.002989,0.024811,0.077256,0.948029,0.0,0.155209,0.277233,0.298433,-0.0,0.169021,0.19786,True,True,True,0.0,False,False,45.673
1266,63.3,0,alert,alert,0.96154,0.96154,0.000235,0.0,0.005033,0.033192,0.060154,0.949133,0.0,0.155276,0.27625,0.298221,-0.0,0.167961,0.197684,True,True,True,0.952026,False,False,37.096
1267,63.35,0,alert,alert,0.968729,0.968729,0.00021,0.0,0.005265,0.025796,0.058549,0.94763,0.0,0.155335,0.275393,0.298312,-0.0,0.167023,0.197857,True,True,True,0.0,False,False,37.042
1268,63.4,0,alert,alert,0.968277,0.968277,0.000228,0.0,0.007723,0.023771,0.053145,0.947702,0.0,0.155378,0.274657,0.298094,-0.0,0.166207,0.197681,True,True,True,0.0,False,False,37.123
1269,63.45,0,alert,alert,0.963543,0.963543,0.000256,0.0,0.011876,0.024325,0.047475,0.948921,0.0,0.153608,0.274004,0.298095,-0.0,0.165478,0.197853,True,True,True,0.0,False,False,37.092
1270,63.5,0,alert,alert,0.95884,0.95884,0.000283,0.0,0.015285,0.025591,0.053587,0.949289,0.0,0.152747,0.27333,0.297836,-0.0,0.164721,0.197848,True,True,True,0.0,False,False,45.815
1271,63.55,0,alert,alert,0.953502,0.953502,0.000323,0.0,0.019578,0.026597,0.064531,0.948373,0.0,0.152586,0.272657,0.297629,-0.0,0.163946,0.197672,True,True,True,0.0,False,False,36.919
1272,63.6,0,alert,alert,0.94809,0.94809,0.000357,0.0,0.023345,0.028208,0.063647,0.949302,0.0,0.152627,0.271911,0.297098,-0.0,0.163103,0.197808,True,True,True,0.0,False,False,37.093
1273,63.65,0,alert,alert,0.939935,0.939935,0.000386,0.0,0.032009,0.027669,0.058879,0.950712,0.0,0.152581,0.271105,0.296885,-0.0,0.162208,0.197631,True,True,True,0.0,False,False,36.966
1274,63.7,0,alert,alert,0.928052,0.928052,0.000431,0.0,0.044372,0.027145,0.057073,0.949793,0.0,0.150738,0.270245,0.296432,-0.0,0.161266,0.197787,True,True,True,0.0,False,False,36.626
1275,63.75,0,alert,alert,0.892653,0.892653,0.000518,0.0,0.06962,0.03721,0.367022,0.901829,0.0,0.151071,0.269842,0.296559,-0.0,0.160253,0.197792,True,True,True,0.0,False,False,45.72
1276,63.8,0,alert,alert,0.874987,0.874987,0.000544,0.0,0.060319,0.06415,0.506694,0.821888,0.0,0.152819,0.26959,0.296721,-0.0,0.159217,0.19764,True,True,True,0.0,False,False,36.859
1277,63.85,0,alert,alert,0.906667,0.906667,0.000515,0.0,0.036534,0.056284,0.516414,0.814866,0.0,0.15492,0.269271,0.297287,-0.0,0.158107,0.197841,True,True,True,0.0,False,False,36.905
1278,63.9,0,alert,alert,0.926559,0.926559,0.00048,0.0,0.030066,0.042896,0.494336,0.861265,0.0,0.157078,0.268891,0.297447,-0.0,0.156941,0.197681,True,True,True,0.0,False,False,36.919
1279,63.95,0,alert,alert,0.927831,0.927831,0.000507,0.0,0.03553,0.036132,0.465253,0.885678,0.0,0.159156,0.268527,0.29805,-0.0,0.155823,0.197871,True,True,True,0.0,False,False,37.558
1280,64.0,0,alert,alert,0.934861,0.934861,0.000521,0.0,0.032034,0.032584,0.447898,0.886321,0.0,0.161159,0.268199,0.298408,-0.0,0.154768,0.197883,True,True,True,0.0,False,False,46.076
1281,64.05,0,alert,alert,0.9444,0.9444,0.000538,0.0,0.028343,0.02672,0.338849,0.912329,0.0,0.16267,0.267675,0.298443,-0.0,0.153686,0.197714,True,True,True,0.0,False,False,36.951
1282,64.1,0,alert,alert,0.949718,0.949718,0.000565,0.0,0.027364,0.022353,0.207187,0.927672,0.0,0.162891,0.267571,0.298595,-0.0,0.153422,0.197718,True,True,True,0.0,False,False,36.976
1283,64.15,0,alert,alert,0.936231,0.936231,0.000696,0.0,0.04014,0.022934,0.167447,0.934235,0.0,0.164167,0.265977,0.298926,-0.0,0.151396,0.197898,True,True,True,0.0,False,False,36.652
1284,64.2,0,alert,alert,0.893281,0.893281,0.000841,0.0,0.080306,0.025572,0.232782,0.925977,0.0,0.165143,0.265165,0.299059,-0.0,0.150214,0.197901,True,True,True,0.0,False,False,37.196
1285,64.25,0,alert,alert,0.852407,0.852407,0.000865,0.0,0.123206,0.023523,0.184736,0.937388,0.0,0.165886,0.264243,0.299151,-0.0,0.149007,0.197903,True,True,True,0.0,False,False,46.203
1286,64.3,0,alert,alert,0.781099,0.781099,0.000944,0.0,0.193301,0.024657,0.092481,0.948055,0.0,0.166139,0.263152,0.298967,-0.0,0.147793,0.197727,True,True,True,0.0,False,False,37.582
1287,64.35,0,alert,alert,0.759278,0.759278,0.000936,0.0,0.216082,0.023705,0.059644,0.952121,0.0,0.165595,0.262793,0.29896,-0.0,0.147533,0.197727,True,True,True,0.0,False,False,37.872
1288,64.4,0,alert,alert,0.71605,0.71605,0.00097,0.0,0.260023,0.022957,0.077312,0.94713,0.0,0.162554,0.260881,0.299208,-0.0,0.145371,0.197904,True,True,True,0.0,False,False,37.24
1289,64.45,0,alert,alert,0.770344,0.770344,0.000902,0.0,0.206347,0.022406,0.121137,0.938833,0.0,0.160766,0.259857,0.299278,-0.0,0.14418,0.197906,True,True,True,0.0,False,False,37.362
1290,64.5,0,alert,alert,0.84267,0.84267,0.000795,0.0,0.137713,0.018822,0.127072,0.943677,0.0,0.159289,0.258841,0.299354,-0.0,0.142987,0.197908,True,True,True,0.0,False,False,46.504
1291,64.55,0,alert,alert,0.810487,0.810487,0.000826,0.0,0.168709,0.019977,0.17256,0.942619,0.0,0.158778,0.257905,0.299242,-0.0,0.141795,0.197733,True,True,True,0.0,False,False,37.868
1292,64.6,0,alert,alert,0.753922,0.753922,0.000869,0.0,0.226265,0.018944,0.143052,0.946477,0.0,0.158699,0.257704,0.299333,-0.0,0.141547,0.197734,True,True,True,0.0,False,False,37.406
1293,64.65,0,alert,alert,0.758216,0.758216,0.000864,0.0,0.223423,0.017498,0.102193,0.94774,0.0,0.159105,0.255895,0.299619,-0.0,0.139449,0.197911,True,True,True,0.0,False,False,37.377
1294,64.7,0,alert,alert,0.736077,0.736077,0.000874,0.0,0.246439,0.01661,0.079567,0.948808,0.0,0.159303,0.254802,0.299655,-0.0,0.138263,0.197912,True,True,True,0.0,False,False,37.392
1295,64.75,0,alert,alert,0.758874,0.758874,0.000847,0.0,0.22449,0.015788,0.087528,0.945135,0.0,0.159561,0.253714,0.299699,-0.0,0.13707,0.197913,True,True,True,0.0,False,False,45.697
1296,64.8,0,alert,alert,0.799806,0.799806,0.000824,0.0,0.185294,0.014077,0.086075,0.946547,0.0,0.159815,0.252615,0.299509,-0.0,0.135867,0.197737,True,True,True,0.0,False,False,36.947
1297,64.85,0,alert,alert,0.80211,0.80211,0.000839,0.0,0.183222,0.013829,0.076407,0.948628,0.0,0.159391,0.252307,0.299541,-0.0,0.135629,0.197738,True,True,True,0.0,False,False,37.052
1298,64.9,0,alert,alert,0.857663,0.857663,0.000795,0.0,0.128076,0.013466,0.068142,0.949193,0.0,0.160144,0.250398,0.299791,-0.0,0.133488,0.197915,True,True,True,0.0,False,False,37.069
1299,64.95,0,alert,alert,0.87357,0.87357,0.000806,0.0,0.111241,0.014383,0.102529,0.940985,0.0,0.160351,0.249369,0.299521,-0.0,0.132322,0.197906,True,True,True,0.0,False,False,37.077
1300,65.0,0,alert,alert,0.910883,0.910883,0.000822,0.0,0.072181,0.016113,0.443981,0.875799,0.0,0.160555,0.248915,0.299473,-0.0,0.131176,0.197896,True,True,True,0.0,False,False,45.979
1301,65.05,0,alert,alert,0.939221,0.939221,0.000911,0.0,0.043131,0.016736,0.513966,0.838281,0.0,0.161745,0.248583,0.299642,-0.0,0.130064,0.197741,True,True,True,0.0,False,False,37.14
1302,65.1,0,alert,alert,0.930636,0.930636,0.000965,0.0,0.052468,0.015931,0.52467,0.831101,0.0,0.16336,0.249006,0.299614,-0.0,0.129864,0.197738,True,True,True,0.0,False,False,37.133
1303,65.15,0,alert,alert,0.884031,0.884031,0.001109,0.0,0.092732,0.022128,0.516854,0.832757,0.0,0.165757,0.248223,0.29921,-0.0,0.12811,0.197886,True,True,True,0.0,False,False,37.062
1304,65.2,0,alert,alert,0.802449,0.802449,0.00104,0.0,0.175473,0.021039,0.469645,0.881374,0.0,0.167818,0.248192,0.299154,-0.0,0.127315,0.197886,True,True,True,0.0,False,False,37.856
1305,65.25,0,alert,alert,0.696134,0.696134,0.000997,0.0,0.279878,0.022991,0.379341,0.91345,0.0,0.169498,0.248078,0.299135,-0.0,0.126565,0.197887,True,True,True,0.0,False,False,45.997
1306,65.3,0,alert,alert,0.643601,0.643601,0.000861,0.0,0.33134,0.024197,0.213475,0.936533,0.0,0.170388,0.247673,0.29906,-0.0,0.125801,0.197713,True,True,True,1.0,False,False,36.99
1307,65.35,0,alert,alert,0.638655,0.638655,0.000775,0.0,0.33303,0.02754,0.094095,0.946277,0.0,0.17,0.247406,0.298952,-0.0,0.125582,0.197712,True,True,True,1.0,False,False,37.286
1308,65.4,0,alert,alert,0.605539,0.605539,0.000721,0.0,0.369385,0.024355,0.05401,0.954132,0.0,0.170722,0.246322,0.299087,-0.0,0.124219,0.197888,True,True,True,0.896027,False,False,37.529
1309,65.45,0,alert,alert,0.630865,0.630865,0.000704,0.0,0.345361,0.02307,0.047177,0.954716,0.0,0.17074,0.245499,0.29883,-0.0,0.123331,0.19788,True,True,True,0.768768,False,False,38.005
1310,65.5,0,alert,alert,0.676072,0.676072,0.000658,0.0,0.301977,0.021293,0.073069,0.949427,0.0,0.170877,0.244657,0.298543,-0.0,0.12238,0.197871,True,True,True,0.473053,False,False,46.449
1311,65.55,0,alert,alert,0.77059,0.77059,0.000581,0.0,0.207958,0.020871,0.06352,0.950696,0.0,0.170962,0.243718,0.298334,-0.0,0.121348,0.197695,True,True,True,0.473053,False,False,38.235
1312,65.6,0,alert,alert,0.816595,0.816595,0.000541,0.0,0.160994,0.021869,0.059205,0.949783,0.0,0.170393,0.243396,0.297987,-0.0,0.121136,0.197685,True,True,True,0.0,False,False,37.555
1313,65.65,0,alert,alert,0.903457,0.903457,0.000415,0.0,0.075799,0.02033,0.055385,0.949814,0.0,0.171077,0.241625,0.297658,-0.0,0.119098,0.19785,True,True,True,0.0,False,False,37.329
1314,65.7,0,alert,alert,0.954242,0.954242,0.000302,0.0,0.029077,0.016379,0.077023,0.945905,0.0,0.171242,0.240557,0.297596,-0.0,0.117921,0.19785,True,True,True,0.0,False,False,38.321
1315,65.75,0,alert,alert,0.97139,0.97139,0.000245,0.0,0.015509,0.012857,0.1192,0.936015,0.0,0.171603,0.239562,0.297646,-0.0,0.116749,0.197853,True,True,True,0.0,False,False,46.428
1316,65.8,0,alert,alert,0.981627,0.981627,0.000204,0.0,0.007244,0.010925,0.085091,0.94522,0.0,0.171805,0.238516,0.297457,-0.0,0.115587,0.197678,True,True,True,0.0,False,False,38.114
1317,65.85,0,alert,alert,0.986312,0.986312,0.000182,0.0,0.004146,0.009359,0.085133,0.946522,0.0,0.171365,0.238249,0.297498,-0.0,0.115386,0.197679,True,True,True,0.0,False,False,37.547
1318,65.9,0,alert,alert,0.987521,0.987521,0.000176,0.0,0.003629,0.008674,0.060672,0.950356,0.0,0.172092,0.23643,0.297751,-0.0,0.113313,0.197857,True,True,True,0.0,False,False,37.194
1319,65.95,0,alert,alert,0.987517,0.987517,0.000177,0.0,0.003709,0.008598,0.057325,0.950418,0.0,0.172149,0.235351,0.297767,-0.0,0.112172,0.197858,True,True,True,0.0,False,False,37.204
1320,66.0,0,alert,alert,0.986094,0.986094,0.000175,0.0,0.003736,0.009995,0.054819,0.95041,0.0,0.172186,0.234242,0.297777,-0.0,0.111005,0.197858,True,True,True,0.0,False,False,45.924
1321,66.05,0,alert,alert,0.979455,0.979455,0.000192,0.0,0.004054,0.016299,0.0707,0.947539,0.0,0.172326,0.233138,0.297575,-0.0,0.109818,0.197682,True,True,True,0.0,False,False,37.256
1322,66.1,0,alert,alert,0.979052,0.979052,0.000169,0.0,0.003485,0.017294,0.345574,0.904844,0.0,0.173167,0.233324,0.297834,-0.0,0.109636,0.19769,True,True,True,0.0,False,False,37.379
1323,66.15,0,alert,alert,0.970404,0.970404,0.000172,0.0,0.003543,0.025881,0.496066,0.84561,0.0,0.175965,0.232077,0.298107,-0.0,0.107469,0.197875,True,True,True,0.0,False,False,37.105
1324,66.2,0,alert,alert,0.956123,0.956123,0.000184,0.0,0.003034,0.04066,0.52867,0.814058,0.0,0.178194,0.231693,0.298119,-0.0,0.106312,0.197879,True,True,True,0.0,False,False,36.925
1325,66.25,0,alert,alert,0.898212,0.898212,0.000243,0.0,0.00271,0.098835,0.547062,0.820111,0.0,0.180513,0.231348,0.298133,-0.0,0.105162,0.197876,True,True,True,0.0,False,False,45.858
1326,66.3,0,alert,alert,0.928332,0.928332,0.000205,0.0,0.001741,0.069722,0.502161,0.868533,0.0,0.182714,0.230961,0.298299,-0.0,0.104006,0.197714,True,True,True,0.0,False,False,37.132
1327,66.35,0,alert,alert,0.95553,0.95553,0.000176,0.0,0.001301,0.042993,0.492905,0.877379,0.0,0.184178,0.231383,0.298274,-0.0,0.103838,0.197699,True,True,True,0.0,False,False,36.92
1328,66.4,0,alert,alert,0.963221,0.963221,0.00017,0.0,0.001171,0.035437,0.485638,0.88535,0.0,0.187079,0.230187,0.297935,-0.0,0.101718,0.197329,True,True,True,0.0,False,False,36.923
1329,66.45,0,alert,alert,0.964877,0.964877,0.000173,0.0,0.001088,0.033862,0.466317,0.8959,0.0,0.189185,0.229775,0.297743,-0.0,0.10058,0.196754,True,True,True,0.0,False,False,37.116
1330,66.5,0,alert,alert,0.956281,0.956281,0.000189,0.0,0.001055,0.042474,0.452419,0.903862,0.0,0.191237,0.229349,0.297521,-0.0,0.099446,0.196161,True,True,True,0.0,False,False,46.129
1331,66.55,0,alert,alert,0.963296,0.963296,0.000184,0.0,0.000942,0.035578,0.447308,0.901666,0.0,0.193271,0.228893,0.297648,-0.0,0.098291,0.195995,True,True,True,0.0,False,False,37.354
1332,66.6,0,alert,alert,0.97243,0.97243,0.000174,0.0,0.000853,0.026543,0.402865,0.912795,0.0,0.194302,0.229184,0.297371,-0.0,0.098127,0.195387,True,True,True,0.0,False,False,37.596
1333,66.65,0,alert,alert,0.975122,0.975122,0.000176,0.0,0.000917,0.023785,0.379837,0.918005,0.0,0.19675,0.227788,0.296693,-0.0,0.095964,0.194325,True,True,True,0.0,False,False,37.307
1334,66.7,0,alert,alert,0.978295,0.978295,0.000178,0.0,0.001097,0.02043,0.330811,0.927107,0.0,0.198099,0.227155,0.296344,-0.0,0.094814,0.193706,True,True,True,0.0,False,False,37.1
1335,66.75,0,alert,alert,0.975098,0.975098,0.000204,0.0,0.001373,0.023325,0.397698,0.909146,0.0,0.199575,0.226644,0.296053,-0.0,0.093681,0.193092,True,True,True,0.0,False,False,45.957
1336,66.8,0,alert,alert,0.973012,0.973012,0.00022,0.0,0.001857,0.024911,0.423141,0.900795,0.0,0.200938,0.226187,0.296161,-0.0,0.092562,0.192929,True,True,True,0.0,False,False,37.214
1337,66.85,0,alert,alert,0.957835,0.957835,0.000261,0.0,0.002325,0.039579,0.405452,0.903182,0.0,0.201934,0.226484,0.295875,-0.0,0.092409,0.192317,True,True,True,0.0,False,False,37.215
1338,66.9,0,alert,alert,0.950884,0.950884,0.000264,0.0,0.002369,0.046483,0.365688,0.913603,0.0,0.20296,0.225239,0.295183,-0.0,0.090397,0.191261,True,True,True,0.0,False,False,37.132
1339,66.95,0,alert,alert,0.935435,0.935435,0.000273,0.0,0.002016,0.062276,0.428016,0.89163,0.0,0.203296,0.224987,0.294918,-0.0,0.089462,0.190656,True,True,True,0.0,False,False,37.651
1340,67.0,0,alert,alert,0.933499,0.933499,0.000273,0.0,0.00165,0.064578,0.449826,0.882494,0.0,0.203172,0.224913,0.294673,-0.0,0.088663,0.190056,True,True,True,0.0,False,False,45.945
1341,67.05,0,alert,alert,0.941044,0.941044,0.000253,0.0,0.001353,0.05735,0.464037,0.886379,0.0,0.203003,0.224914,0.294813,-0.0,0.08791,0.189898,True,True,True,0.0,False,False,37.257
1342,67.1,0,alert,alert,0.935752,0.935752,0.000251,0.0,0.001248,0.062748,0.478354,0.878235,0.0,0.204308,0.225321,0.294596,-0.0,0.087769,0.189306,True,True,True,0.0,False,False,37.272
1343,67.15,0,alert,alert,0.881538,0.881538,0.0003,0.0,0.001373,0.116789,0.484977,0.869132,0.0,0.203295,0.224978,0.294015,-0.0,0.086425,0.188282,True,True,True,0.0,False,False,37.115
1344,67.2,0,alert,alert,0.877542,0.877542,0.000285,0.0,0.001262,0.120912,0.494787,0.857978,0.0,0.204502,0.224974,0.29381,-0.0,0.085637,0.187699,True,True,True,0.0,False,False,37.347
1345,67.25,0,alert,alert,0.912661,0.912661,0.000252,0.0,0.001096,0.085991,0.484639,0.866999,0.0,0.206329,0.224904,0.293598,-0.0,0.084795,0.187112,True,True,True,0.0,False,False,45.866
1346,67.3,0,alert,alert,0.925993,0.925993,0.000238,0.0,0.001174,0.072594,0.408246,0.903082,0.0,0.208137,0.224669,0.293694,-0.0,0.083894,0.186954,True,True,True,0.0,False,False,37.106
1347,67.35,0,alert,alert,0.957177,0.957177,0.000199,0.0,0.001187,0.041437,0.249161,0.927786,0.0,0.208342,0.224711,0.293288,-0.0,0.083751,0.186356,True,True,True,0.0,False,False,36.899
1348,67.4,0,alert,alert,0.960654,0.960654,0.0002,0.0,0.00147,0.037677,0.105526,0.945729,0.0,0.209568,0.223182,0.292521,-0.0,0.081836,0.185441,True,True,True,0.0,False,False,37.253
1349,67.45,0,alert,alert,0.966374,0.966374,0.000203,0.0,0.002035,0.031389,0.049455,0.954079,0.0,0.209631,0.222109,0.292204,-0.0,0.080704,0.185086,True,True,True,0.0,False,False,37.181
1350,67.5,0,alert,alert,0.974432,0.974432,0.000207,0.0,0.002692,0.022669,0.041235,0.955461,0.0,0.20964,0.220982,0.292058,-0.0,0.079539,0.185081,True,True,True,0.0,False,False,46.826
1351,67.55,0,alert,alert,0.975798,0.975798,0.000217,0.0,0.003546,0.020439,0.038213,0.955173,0.0,0.209605,0.21983,0.291831,-0.0,0.078357,0.184916,True,True,True,0.0,False,False,37.387
1352,67.6,0,alert,alert,0.976533,0.976533,0.000243,0.0,0.00456,0.018663,0.039091,0.952901,0.0,0.208728,0.219515,0.291796,-0.0,0.078221,0.184915,True,True,True,0.0,False,False,37.449
1353,67.65,0,alert,alert,0.975244,0.975244,0.000265,0.0,0.005656,0.018835,0.047537,0.951048,0.0,0.209311,0.217655,0.292017,-0.0,0.076104,0.185082,True,True,True,0.158264,False,False,37.876
1354,67.7,0,alert,alert,0.972715,0.972715,0.000302,0.0,0.007327,0.019656,0.06101,0.947141,0.0,0.209155,0.216583,0.292038,-0.0,0.074965,0.185083,True,True,True,0.128967,False,False,37.478
1355,67.75,0,alert,alert,0.969551,0.969551,0.000414,0.0,0.006472,0.023563,0.443696,0.861468,0.0,0.210966,0.216133,0.292388,-0.0,0.073837,0.185099,True,True,True,0.0,False,False,46.26
1356,67.8,0,alert,alert,0.970405,0.970405,0.000684,0.0,0.00684,0.022071,0.504533,0.81964,0.0,0.213079,0.215745,0.292551,-0.0,0.072705,0.184957,True,True,True,0.0,False,False,38.024
1357,67.85,0,alert,alert,0.974162,0.974162,0.000859,0.0,0.008571,0.016408,0.436559,0.889745,0.0,0.214154,0.216104,0.292897,-0.0,0.072587,0.184968,True,True,True,0.0,False,False,37.413
1358,67.9,0,alert,alert,0.973847,0.973847,0.000906,0.0,0.012391,0.012855,0.277661,0.926669,0.0,0.21623,0.214537,0.293335,-0.0,0.070395,0.185138,True,True,True,0.0,False,False,37.875
1359,67.95,0,alert,alert,0.965853,0.965853,0.000938,0.0,0.021782,0.011426,0.124633,0.945917,0.0,0.216652,0.213536,0.293409,-0.0,0.069231,0.185139,True,True,True,0.0,False,False,37.087
1360,68.0,0,alert,alert,0.942362,0.942362,0.000998,0.0,0.044766,0.011874,0.06109,0.953716,0.0,0.216755,0.212422,0.293427,-0.0,0.068068,0.185138,True,True,True,0.0,False,False,45.772
1361,68.05,0,alert,alert,0.92532,0.92532,0.000949,0.0,0.061235,0.012496,0.048842,0.953792,0.0,0.216793,0.211292,0.293209,-0.0,0.066911,0.184973,True,True,True,0.0,False,False,36.981
1362,68.1,0,alert,alert,0.905821,0.905821,0.000928,0.0,0.079768,0.013483,0.047141,0.95244,0.0,0.21592,0.211007,0.293214,-0.0,0.066794,0.184973,True,True,True,0.0,False,False,37.047
1363,68.15,0,alert,alert,0.878963,0.878963,0.000931,0.0,0.106581,0.013525,0.054358,0.949174,0.0,0.216892,0.209081,0.29345,-0.0,0.064641,0.185138,True,True,True,0.0,False,False,37.233
1364,68.2,0,alert,alert,0.868744,0.868744,0.000911,0.0,0.117209,0.013136,0.060262,0.947614,0.0,0.216998,0.208007,0.293465,-0.0,0.063521,0.185139,True,True,True,0.0,False,False,36.922
1365,68.25,0,alert,alert,0.849476,0.849476,0.000917,0.0,0.137316,0.012291,0.054376,0.948288,0.0,0.217068,0.206917,0.293474,-0.0,0.062395,0.18514,True,True,True,0.0,False,False,45.706
1366,68.3,0,alert,alert,0.795744,0.795744,0.000977,0.0,0.191034,0.012245,0.049507,0.949272,0.0,0.217121,0.20583,0.293258,-0.0,0.061281,0.184975,True,True,True,0.0,False,False,36.9
1367,68.35,0,alert,alert,0.809568,0.809568,0.000976,0.0,0.17772,0.011736,0.046074,0.950448,0.0,0.216242,0.205554,0.293258,-0.0,0.061175,0.184975,True,True,True,0.0,False,False,36.977
1368,68.4,0,alert,alert,0.883528,0.883528,0.000848,0.0,0.104825,0.010799,0.050043,0.949498,0.0,0.215216,0.203602,0.293488,-0.0,0.059005,0.18514,True,True,True,0.0,False,False,36.902
1369,68.45,0,alert,alert,0.939167,0.939167,0.000676,0.0,0.050901,0.009256,0.043198,0.951608,0.0,0.212976,0.202468,0.293489,-0.0,0.057856,0.18514,True,True,True,0.0,False,False,36.877
1370,68.5,0,alert,alert,0.955921,0.955921,0.000594,0.0,0.03518,0.008306,0.041308,0.951474,0.0,0.210496,0.201353,0.293486,-0.0,0.056725,0.18514,True,True,True,0.0,False,False,46.118
1371,68.55,0,alert,alert,0.96963,0.96963,0.00051,0.0,0.022409,0.007452,0.050369,0.949714,0.0,0.207679,0.200256,0.29327,-0.0,0.055595,0.184976,True,True,True,0.0,False,False,37.237
1372,68.6,0,alert,alert,0.968016,0.968016,0.00053,0.0,0.024348,0.007107,0.047183,0.950953,0.0,0.206856,0.199992,0.293273,-0.0,0.055499,0.184976,True,True,True,0.0,False,False,37.039
1373,68.65,0,alert,alert,0.964527,0.964527,0.000538,0.0,0.027315,0.007621,0.043271,0.951359,0.0,0.202774,0.198092,0.293491,-0.0,0.053377,0.18514,True,True,True,0.0,False,False,37.153
1374,68.7,0,alert,alert,0.946623,0.946623,0.00061,0.0,0.044158,0.008609,0.051714,0.949254,0.0,0.201169,0.197047,0.293495,-0.0,0.05229,0.185141,True,True,True,1.0,False,False,36.915
1375,68.75,0,alert,alert,0.903223,0.903223,0.000716,0.0,0.085752,0.010309,0.052454,0.947866,0.0,0.20051,0.196086,0.293504,-0.0,0.051278,0.185141,True,True,True,1.0,False,False,45.783
1376,68.8,0,alert,alert,0.906522,0.906522,0.000654,0.0,0.081889,0.010934,0.049063,0.949576,0.0,0.200412,0.195306,0.293286,-0.0,0.050436,0.184977,True,True,True,1.0,False,False,37.051
1377,68.85,0,alert,alert,0.926514,0.926514,0.000557,0.0,0.061292,0.011637,0.047728,0.949961,0.0,0.19963,0.195052,0.293292,-0.0,0.05035,0.184977,True,True,True,1.0,False,False,37.215
1378,68.9,0,alert,alert,0.948175,0.948175,0.000451,0.0,0.039281,0.012093,0.048377,0.949967,0.0,0.198646,0.193989,0.293525,-0.0,0.048984,0.185142,True,True,True,1.0,False,False,36.995
1379,68.95,0,alert,alert,0.966836,0.966836,0.000357,0.0,0.021828,0.010979,0.050786,0.949723,0.0,0.196886,0.193298,0.293533,-0.0,0.048223,0.185142,True,True,True,1.0,False,False,37.099
1380,69.0,0,alert,alert,0.972838,0.972838,0.000316,0.0,0.016137,0.01071,0.050744,0.949596,0.0,0.194872,0.192563,0.293542,-0.0,0.04742,0.185143,True,True,True,0.928739,False,False,45.712
1381,69.05,0,alert,alert,0.969909,0.969909,0.000323,0.0,0.018287,0.01148,0.051294,0.949593,0.0,0.192978,0.191759,0.293327,-0.0,0.046551,0.184978,True,True,True,0.850919,False,False,37.15
1382,69.1,0,alert,alert,0.964345,0.964345,0.000343,0.0,0.022856,0.012456,0.047614,0.950392,0.0,0.192234,0.191511,0.293332,-0.0,0.046471,0.184978,True,True,True,0.443509,False,False,37.056
1383,69.15,0,alert,alert,0.959812,0.959812,0.000359,0.0,0.026437,0.013392,0.048316,0.950147,0.0,0.19099,0.18999,0.293562,-0.0,0.044665,0.185143,True,True,True,0.409635,False,False,36.991
1384,69.2,0,alert,alert,0.956485,0.956485,0.000369,0.0,0.029707,0.013439,0.048479,0.950272,0.0,0.190887,0.188993,0.293515,-0.0,0.043609,0.185142,True,True,True,0.0,False,False,36.975
1385,69.25,0,alert,alert,0.953883,0.953883,0.000377,0.0,0.032242,0.013499,0.049567,0.949969,0.0,0.190928,0.187979,0.293178,-0.0,0.042535,0.18513,True,True,True,0.0,False,False,45.724
1386,69.3,0,alert,alert,0.954005,0.954005,0.000371,0.0,0.031918,0.013706,0.045799,0.950652,0.0,0.190969,0.186894,0.292958,-0.0,0.041401,0.184966,True,True,True,0.0,False,False,37.312
1387,69.35,0,alert,alert,0.962474,0.962474,0.00034,0.0,0.024351,0.012836,0.043093,0.95105,0.0,0.190212,0.186647,0.292662,-0.0,0.04133,0.18496,True,True,True,0.0,False,False,37.204
1388,69.4,0,alert,alert,0.971012,0.971012,0.000299,0.0,0.016786,0.011902,0.043886,0.951937,0.0,0.191019,0.184686,0.292637,-0.0,0.039116,0.185122,True,True,True,0.0,False,False,37.065
1389,69.45,0,alert,alert,0.973681,0.973681,0.000294,0.0,0.014697,0.011327,0.07442,0.945506,0.0,0.191181,0.183718,0.292657,-0.0,0.038052,0.185123,True,True,True,0.0,False,False,36.884
1390,69.5,0,alert,alert,0.972834,0.972834,0.000307,0.0,0.014418,0.012442,0.442557,0.878992,0.0,0.193088,0.183293,0.293003,-0.0,0.036942,0.185137,True,True,True,0.0,False,False,45.825
1391,69.55,0,alert,alert,0.962218,0.962218,0.000384,0.0,0.022841,0.014558,0.503786,0.827713,0.0,0.195142,0.182927,0.293167,-0.0,0.035833,0.184993,True,True,True,0.0,False,False,36.903
1392,69.6,0,alert,alert,0.953849,0.953849,0.000465,0.0,0.03192,0.013765,0.430429,0.896165,0.0,0.196278,0.183328,0.293507,-0.0,0.035775,0.185003,True,True,True,0.0,False,False,37.098
1393,69.65,0,alert,alert,0.950494,0.950494,0.000507,0.0,0.036226,0.012772,0.280639,0.928666,0.0,0.194254,0.181798,0.293947,-0.0,0.03361,0.185172,True,True,True,0.0,False,False,37.028
1394,69.7,0,alert,alert,0.964907,0.964907,0.000471,0.0,0.023902,0.010719,0.124919,0.946823,0.0,0.192424,0.180821,0.294016,-0.0,0.03247,0.185173,True,True,True,0.0,False,False,37.025
1395,69.75,0,alert,alert,0.950082,0.950082,0.00056,0.0,0.038428,0.01093,0.057073,0.953318,0.0,0.190126,0.179724,0.294008,-0.0,0.031329,0.185172,True,True,True,0.0,False,False,46.076
1396,69.8,0,alert,alert,0.951861,0.951861,0.000571,0.0,0.037149,0.010419,0.043087,0.954376,0.0,0.187557,0.178598,0.293784,-0.0,0.030186,0.185007,True,True,True,0.946061,False,False,37.033
1397,69.85,0,alert,alert,0.958944,0.958944,0.000534,0.0,0.030993,0.009529,0.044105,0.951273,0.0,0.186824,0.178367,0.293682,-0.0,0.030134,0.185004,True,True,True,0.911147,False,False,36.991
1398,69.9,0,alert,alert,0.971835,0.971835,0.000492,0.0,0.01823,0.009443,0.054568,0.94709,0.0,0.181551,0.176404,0.293164,-0.0,0.027939,0.185136,True,True,True,0.599548,False,False,37.173
1399,69.95,0,alert,alert,0.977655,0.977655,0.000467,0.0,0.013202,0.008676,0.068882,0.941158,0.0,0.178422,0.175361,0.292792,-0.0,0.026836,0.185115,True,True,True,0.327637,False,False,37.913
1400,70.0,0,alert,alert,0.980977,0.980977,0.000421,0.0,0.010824,0.007777,0.05329,0.945681,0.0,0.17586,0.174278,0.292438,-0.0,0.025723,0.185105,True,True,True,0.0,False,False,46.11
1401,70.05,0,alert,alert,0.983582,0.983582,0.000427,0.0,0.008634,0.007357,0.074905,0.941292,0.0,0.174046,0.173331,0.292246,-0.0,0.024695,0.184942,True,True,True,0.0,False,False,37.532
1402,70.1,0,alert,alert,0.979417,0.979417,0.000472,0.0,0.011387,0.008724,0.083499,0.938764,0.0,0.173591,0.173179,0.292015,-0.0,0.024653,0.184938,True,True,True,0.0,False,False,37.437
1403,70.15,0,alert,alert,0.980506,0.980506,0.000437,0.0,0.008509,0.010549,0.153034,0.927936,0.0,0.173136,0.172292,0.292205,-0.0,0.023284,0.185105,True,True,True,0.0,False,False,37.144
1404,70.2,0,alert,alert,0.981183,0.981183,0.000418,0.0,0.005199,0.0132,0.17092,0.930868,0.0,0.173646,0.172243,0.292321,-0.0,0.023284,0.185109,True,True,True,0.0,False,False,37.156
1405,70.25,0,alert,alert,0.984949,0.984949,0.000367,0.0,0.00455,0.010134,0.157763,0.931043,0.0,0.174051,0.171757,0.29243,-0.0,0.023281,0.185113,True,True,True,0.0,False,False,46.59
1406,70.3,0,alert,alert,0.987041,0.987041,0.000326,0.0,0.004191,0.008443,0.110145,0.936779,0.0,0.174321,0.171381,0.29227,-0.0,0.02328,0.184951,True,True,True,0.0,False,False,39.119
1407,70.35,0,alert,alert,0.988097,0.988097,0.000314,0.0,0.003238,0.008351,0.12228,0.930977,0.0,0.174061,0.171299,0.292349,-0.0,0.023241,0.184955,True,True,True,0.0,False,False,38.681
1408,70.4,0,alert,alert,0.988608,0.988608,0.000319,0.0,0.002684,0.008389,0.130847,0.934563,0.0,0.175075,0.171457,0.292661,-0.0,0.023282,0.185124,True,True,True,0.0,False,False,38.726
1409,70.45,0,alert,alert,0.98849,0.98849,0.000325,0.0,0.00271,0.008475,0.101106,0.940832,0.0,0.174984,0.171559,0.292717,-0.0,0.023282,0.185126,True,True,True,0.0,False,False,39.156
1410,70.5,0,alert,alert,0.988733,0.988733,0.00032,0.0,0.002443,0.008504,0.089426,0.942785,0.0,0.174805,0.171647,0.292763,-0.0,0.023283,0.185127,True,True,True,0.0,False,False,47.401
1411,70.55,0,alert,alert,0.989135,0.989135,0.000316,0.0,0.002134,0.008415,0.128583,0.935796,0.0,0.174974,0.171805,0.292619,-0.0,0.023284,0.184965,True,True,True,0.0,False,False,38.202
1412,70.6,0,alert,alert,0.98865,0.98865,0.000321,0.0,0.001972,0.009057,0.101776,0.939826,0.0,0.174606,0.171686,0.292676,-0.0,0.023244,0.184967,True,True,True,0.0,False,False,36.819
1413,70.65,0,alert,alert,0.985622,0.985622,0.000333,0.0,0.002474,0.011572,0.05952,0.947805,0.0,0.174983,0.171959,0.292909,-0.0,0.023284,0.185133,True,True,True,0.0,False,False,37.093
1414,70.7,0,alert,alert,0.981309,0.981309,0.000319,0.0,0.003012,0.01536,0.05758,0.948147,0.0,0.174752,0.17199,0.292919,-0.0,0.023285,0.185133,True,True,True,0.0,False,False,37.058
1415,70.75,0,alert,alert,0.982077,0.982077,0.000279,0.0,0.003129,0.014514,0.071331,0.94424,0.0,0.17454,0.172046,0.292944,-0.0,0.023285,0.185134,True,True,True,0.0,False,False,45.909
1416,70.8,0,alert,alert,0.982297,0.982297,0.000253,0.0,0.002993,0.014457,0.059611,0.947256,0.0,0.174327,0.172082,0.292737,-0.0,0.023285,0.18497,True,True,True,0.0,False,False,37.281
1417,70.85,0,alert,alert,0.978339,0.978339,0.000253,0.0,0.002737,0.01867,0.054939,0.948007,0.0,0.173721,0.171882,0.292749,-0.0,0.023245,0.184971,True,True,True,0.0,False,False,37.731
1418,70.9,0,alert,alert,0.979818,0.979818,0.000225,0.0,0.002286,0.017671,0.046856,0.951006,0.0,0.173707,0.171572,0.292977,-0.0,0.023283,0.185136,True,True,True,0.0,False,False,37.672
1419,70.95,0,alert,alert,0.981893,0.981893,0.000202,0.0,0.00172,0.016185,0.043619,0.951431,0.0,0.173338,0.170851,0.292976,-0.0,0.023279,0.185136,True,True,True,0.0,False,False,37.567
1420,71.0,0,alert,alert,0.981871,0.981871,0.000191,0.0,0.001427,0.01651,0.042846,0.951784,0.0,0.173103,0.170115,0.292974,-0.0,0.023274,0.185135,True,True,True,0.0,False,False,46.479
1421,71.05,0,alert,alert,0.97703,0.97703,0.00021,0.0,0.001249,0.021511,0.040508,0.952309,0.0,0.172888,0.169457,0.292749,-0.0,0.023272,0.184971,True,True,True,0.0,False,False,37.494
1422,71.1,0,alert,alert,0.979563,0.979563,0.000197,0.0,0.001085,0.019156,0.040653,0.95286,0.0,0.172213,0.169236,0.292744,-0.0,0.023232,0.18497,True,True,True,0.0,False,False,37.706
1423,71.15,0,alert,alert,0.975001,0.975001,0.000204,0.0,0.001031,0.023764,0.039544,0.952352,0.0,0.172115,0.168869,0.292955,-0.0,0.023271,0.185134,True,True,True,0.459803,False,False,37.644
1424,71.2,0,alert,alert,0.976509,0.976509,0.000188,0.0,0.001017,0.022286,0.040311,0.952987,0.0,0.17191,0.16884,0.29295,-0.0,0.023271,0.185134,True,True,True,0.388691,False,False,37.826
1425,71.25,0,alert,alert,0.980878,0.980878,0.000167,0.0,0.001085,0.017871,0.044899,0.952419,0.0,0.171552,0.168846,0.292946,-0.0,0.023271,0.185134,True,True,True,0.388691,False,False,46.405
1426,71.3,0,alert,alert,0.982847,0.982847,0.000153,0.0,0.001092,0.015909,0.045592,0.951258,0.0,0.171457,0.16886,0.292726,-0.0,0.023271,0.184969,True,True,True,0.0,False,False,38.198
1427,71.35,0,alert,alert,0.975948,0.975948,0.000172,0.0,0.001197,0.022683,0.043298,0.952219,0.0,0.170804,0.168645,0.29272,-0.0,0.023231,0.184969,True,True,True,0.0,False,False,37.805
1428,71.4,0,alert,alert,0.977049,0.977049,0.000165,0.0,0.001315,0.021471,0.041835,0.952227,0.0,0.171268,0.168876,0.292924,-0.0,0.023271,0.185133,True,True,True,0.0,False,False,37.966
1429,71.45,0,alert,alert,0.978865,0.978865,0.000156,0.0,0.001388,0.019591,0.041772,0.951818,0.0,0.171235,0.168875,0.292914,-0.0,0.023271,0.185133,True,True,True,0.0,False,False,37.339
1430,71.5,0,alert,alert,0.981418,0.981418,0.000148,0.0,0.001345,0.01709,0.039484,0.952814,0.0,0.171179,0.168833,0.292796,-0.0,0.023271,0.185128,True,True,True,0.463535,False,False,45.491
1431,71.55,0,alert,alert,0.983525,0.983525,0.000141,0.0,0.001313,0.015021,0.038975,0.952326,0.0,0.171139,0.168238,0.29257,-0.0,0.023268,0.184963,True,True,True,0.613453,False,False,37.383
1432,71.6,0,alert,alert,0.984129,0.984129,0.000144,0.0,0.00138,0.014347,0.03968,0.952523,0.0,0.170468,0.168018,0.292471,-0.0,0.023228,0.18496,True,True,True,0.613453,False,False,37.369
1433,71.65,0,alert,alert,0.983729,0.983729,0.000145,0.0,0.001403,0.014723,0.040228,0.951796,0.0,0.170971,0.167777,0.292201,-0.0,0.023266,0.18511,True,True,True,0.0,False,False,37.17
1434,71.7,0,alert,alert,0.983276,0.983276,0.000146,0.0,0.001312,0.015266,0.04062,0.951483,0.0,0.170899,0.167742,0.291886,-0.0,0.023267,0.1851,True,True,True,0.0,False,False,37.176
1435,71.75,0,alert,alert,0.985361,0.985361,0.000144,0.0,0.001413,0.013082,0.046577,0.950205,0.0,0.170805,0.167744,0.29169,-0.0,0.023267,0.185095,True,True,True,0.0,False,False,46.337
1436,71.8,0,alert,alert,0.986079,0.986079,0.000152,0.0,0.001554,0.012215,0.043397,0.950537,0.0,0.169197,0.167744,0.291469,-0.0,0.023267,0.184931,True,True,True,0.0,False,False,37.476
1437,71.85,0,alert,alert,0.986594,0.986594,0.00016,0.0,0.001564,0.011681,0.048828,0.948033,0.0,0.168587,0.167541,0.291285,-0.0,0.023227,0.184927,True,True,True,0.0,False,False,37.174
1438,71.9,0,alert,alert,0.987212,0.987212,0.000167,0.0,0.001775,0.010846,0.047305,0.949396,0.0,0.165029,0.167773,0.290863,-0.0,0.023267,0.185063,True,True,True,0.0,False,False,37.25
1439,71.95,0,alert,alert,0.986997,0.986997,0.000176,0.0,0.002203,0.010624,0.043429,0.950961,0.0,0.162961,0.167774,0.29045,-0.0,0.023267,0.185039,True,True,True,0.0,False,False,37.209
1440,72.0,0,alert,alert,0.986841,0.986841,0.000186,0.0,0.002398,0.010575,0.043246,0.950634,0.0,0.161181,0.167775,0.290021,-0.0,0.023267,0.185013,True,True,True,0.0,False,False,46.095
1441,72.05,0,alert,alert,0.98406,0.98406,0.00022,0.0,0.002727,0.012992,0.420024,0.88234,0.0,0.161302,0.168385,0.290128,-0.0,0.02327,0.18486,True,True,True,0.0,False,False,37.346
1442,72.1,0,alert,alert,0.980492,0.980492,0.000323,0.0,0.002777,0.016408,0.511791,0.806855,0.0,0.162815,0.168884,0.290131,-0.0,0.023236,0.184874,True,True,True,0.0,False,False,37.264
1443,72.15,0,alert,alert,0.978517,0.978517,0.000399,0.0,0.004614,0.01647,0.439545,0.883614,0.0,0.163529,0.169744,0.290279,-0.0,0.023279,0.185041,True,True,True,0.0,False,False,37.077
1444,72.2,0,alert,alert,0.976573,0.976573,0.000458,0.0,0.007587,0.015382,0.293719,0.920088,0.0,0.164533,0.170165,0.290481,-0.0,0.02328,0.185047,True,True,True,0.0,False,False,37.169
1445,72.25,0,alert,alert,0.979179,0.979179,0.000462,0.0,0.006744,0.013616,0.144661,0.939714,0.0,0.164721,0.170338,0.290573,-0.0,0.023281,0.185049,True,True,True,0.0,False,False,45.763
1446,72.3,0,alert,alert,0.979569,0.979569,0.00051,0.0,0.007313,0.012609,0.068271,0.948462,0.0,0.164428,0.170376,0.290376,-0.0,0.023281,0.184885,True,True,True,0.0,False,False,36.987
1447,72.35,0,alert,alert,0.981831,0.981831,0.000559,0.0,0.006807,0.010803,0.050527,0.952715,0.0,0.163847,0.17017,0.290386,-0.0,0.023241,0.184886,True,True,True,0.0,False,False,37.529
1448,72.4,0,alert,alert,0.976641,0.976641,0.000683,0.0,0.011159,0.011517,0.045525,0.952895,0.0,0.163452,0.170387,0.290621,-0.0,0.023281,0.185051,True,True,True,0.0,False,False,36.887
1449,72.45,0,alert,alert,0.975148,0.975148,0.000716,0.0,0.013135,0.011001,0.042093,0.953206,0.0,0.162763,0.170378,0.290621,-0.0,0.02328,0.185051,True,True,True,0.0,False,False,37.185
1450,72.5,0,alert,alert,0.973194,0.973194,0.000696,0.0,0.016208,0.009903,0.042622,0.95223,0.0,0.162225,0.170372,0.290621,-0.0,0.02328,0.185051,True,True,True,0.0,False,False,46.26
1451,72.55,0,alert,alert,0.970458,0.970458,0.000711,0.0,0.01934,0.009491,0.047542,0.95003,0.0,0.161685,0.170372,0.290405,-0.0,0.02328,0.184886,True,True,True,0.0,False,False,37.534
1452,72.6,0,alert,alert,0.96458,0.96458,0.000745,0.0,0.024826,0.009848,0.04862,0.950065,0.0,0.16111,0.170164,0.290411,-0.0,0.023241,0.184887,True,True,True,0.834174,False,False,36.935
1453,72.65,0,alert,alert,0.965936,0.965936,0.000679,0.0,0.023415,0.00997,0.048951,0.949297,0.0,0.160162,0.170393,0.290636,-0.0,0.023281,0.185051,True,True,True,0.699341,False,False,37.173
1454,72.7,0,alert,alert,0.960951,0.960951,0.000728,0.0,0.027046,0.011275,0.106779,0.935976,0.0,0.159939,0.170502,0.290697,-0.0,0.023281,0.185054,True,True,True,0.598404,False,False,36.916
1455,72.75,0,alert,alert,0.967189,0.967189,0.000638,0.0,0.022653,0.00952,0.067513,0.943736,0.0,0.159468,0.170545,0.290722,-0.0,0.023282,0.185056,True,True,True,0.0,False,False,46.035
1456,72.8,0,alert,alert,0.976795,0.976795,0.000547,0.0,0.013858,0.0088,0.071279,0.945137,0.0,0.159182,0.170599,0.290528,-0.0,0.023282,0.184892,True,True,True,0.407741,False,False,37.091
1457,72.85,0,alert,alert,0.981579,0.981579,0.000479,0.0,0.010002,0.00794,0.070363,0.945207,0.0,0.158733,0.170429,0.290554,-0.0,0.023242,0.184893,True,True,True,0.419185,False,False,37.24
1458,72.9,0,alert,alert,0.983497,0.983497,0.000408,0.0,0.007987,0.008108,0.079523,0.939222,0.0,0.159055,0.170708,0.29081,-0.0,0.023283,0.18506,True,True,True,0.437958,False,False,37.187
1459,72.95,0,alert,alert,0.979221,0.979221,0.00045,0.0,0.006656,0.013673,0.255417,0.911414,0.0,0.160013,0.171067,0.291002,-0.0,0.023284,0.185067,True,True,True,0.437958,False,False,36.903
1460,73.0,0,alert,alert,0.97551,0.97551,0.000454,0.0,0.00444,0.019596,0.160634,0.928814,0.0,0.160556,0.17127,0.291112,-0.0,0.023285,0.185071,True,True,True,0.494949,False,False,45.807
1461,73.05,0,alert,alert,0.96989,0.96989,0.000475,0.0,0.003207,0.026428,0.22824,0.92091,0.0,0.161411,0.171587,0.291058,-0.0,0.023287,0.184911,True,True,True,0.519211,False,False,36.964
1462,73.1,0,alert,alert,0.980078,0.980078,0.000364,0.0,0.002092,0.017466,0.231298,0.915388,0.0,0.161754,0.171685,0.29123,-0.0,0.023248,0.184918,True,True,True,0.519211,False,False,37.185
1463,73.15,0,alert,alert,0.985208,0.985208,0.000307,0.0,0.001767,0.012717,0.1525,0.930066,0.0,0.162579,0.172106,0.291556,-0.0,0.023289,0.185086,True,True,True,0.0,False,False,38.476
1464,73.2,0,alert,alert,0.986067,0.986067,0.000271,0.0,0.001494,0.012168,0.119497,0.931026,0.0,0.162598,0.172236,0.291629,-0.0,0.02329,0.18509,True,True,True,0.0,False,False,38.588
1465,73.25,0,alert,alert,0.986909,0.986909,0.000251,0.0,0.001319,0.011521,0.086248,0.933997,0.0,0.16265,0.172284,0.291668,-0.0,0.023291,0.185093,True,True,True,0.0,False,False,45.956
1466,73.3,0,alert,alert,0.986838,0.986838,0.000283,0.0,0.001488,0.011392,0.265838,0.897093,0.0,0.163671,0.172551,0.291647,-0.0,0.023293,0.184937,True,True,True,0.0,False,False,37.057
1467,73.35,0,alert,alert,0.985931,0.985931,0.000302,0.0,0.001367,0.0124,0.239784,0.910856,0.0,0.164043,0.172662,0.29182,-0.0,0.023254,0.184944,True,True,True,0.0,False,False,37.094
1468,73.4,0,alert,alert,0.984016,0.984016,0.000317,0.0,0.001241,0.014427,0.107983,0.936733,0.0,0.164864,0.172624,0.292095,-0.0,0.023294,0.185111,True,True,True,0.0,False,False,37.493
1469,73.45,0,alert,alert,0.980939,0.980939,0.000315,0.0,0.00113,0.017616,0.068991,0.943956,0.0,0.164976,0.172425,0.291796,-0.0,0.023294,0.185097,True,True,True,0.0,False,False,37.24
1470,73.5,0,alert,alert,0.972935,0.972935,0.000326,0.0,0.001096,0.025643,0.062566,0.946845,0.0,0.165024,0.171949,0.291652,-0.0,0.023292,0.185094,True,True,True,0.0,False,False,45.969
1471,73.55,0,alert,alert,0.979289,0.979289,0.000264,0.0,0.001056,0.01939,0.066224,0.945126,0.0,0.165034,0.171288,0.291453,-0.0,0.023289,0.184931,True,True,True,0.0,False,False,37.163
1472,73.6,0,alert,alert,0.978557,0.978557,0.000248,0.0,0.001105,0.020089,0.056492,0.947088,0.0,0.164483,0.171092,0.291418,-0.0,0.02325,0.18493,True,True,True,0.0,False,False,37.361
1473,73.65,0,alert,alert,0.977485,0.977485,0.00024,0.0,0.001091,0.021185,0.05496,0.946302,0.0,0.164981,0.169874,0.291617,-0.0,0.023281,0.185096,True,True,True,0.0,False,False,37.734
1474,73.7,0,alert,alert,0.980345,0.980345,0.000215,0.0,0.001053,0.018386,0.074699,0.94281,0.0,0.165075,0.169343,0.291303,-0.0,0.023279,0.185084,True,True,True,0.0,False,False,37.396
1475,73.75,0,alert,alert,0.982709,0.982709,0.000214,0.0,0.001123,0.015954,0.058631,0.947159,0.0,0.163552,0.169069,0.291094,-0.0,0.023279,0.18508,True,True,True,0.0,False,False,46.646
1476,73.8,0,alert,alert,0.978179,0.978179,0.000235,0.0,0.001306,0.02028,0.084003,0.940317,0.0,0.161632,0.169043,0.290912,-0.0,0.023279,0.184918,True,True,True,0.0,False,False,37.39
1477,73.85,0,alert,alert,0.974313,0.974313,0.000281,0.0,0.001339,0.024067,0.449913,0.856415,0.0,0.162954,0.169477,0.291194,-0.0,0.023243,0.184934,True,True,True,0.0,False,False,37.646
1478,73.9,0,alert,alert,0.963961,0.963961,0.000417,0.0,0.001389,0.034233,0.515271,0.79404,0.0,0.161374,0.170406,0.291797,-0.0,0.02329,0.185126,True,True,True,0.0,False,False,37.944
1479,73.95,0,alert,alert,0.973778,0.973778,0.000445,0.0,0.001343,0.024434,0.508344,0.835148,0.0,0.161485,0.171144,0.292193,-0.0,0.023295,0.185147,True,True,True,0.0,False,False,37.401
1480,74.0,0,alert,alert,0.982642,0.982642,0.000396,0.0,0.001487,0.015475,0.438122,0.894616,0.0,0.161451,0.171805,0.292542,-0.0,0.023297,0.185157,True,True,True,0.0,False,False,46.345
1481,74.05,0,alert,alert,0.986936,0.986936,0.000345,0.0,0.001652,0.011067,0.304406,0.919973,0.0,0.161288,0.172254,0.292553,-0.0,0.023299,0.184998,True,True,True,0.913762,False,False,37.384
1482,74.1,0,alert,alert,0.987947,0.987947,0.000302,0.0,0.001975,0.009776,0.122293,0.944012,0.0,0.160861,0.172169,0.292631,-0.0,0.023259,0.185,True,True,True,0.913762,False,False,37.345
1483,74.15,0,alert,alert,0.986869,0.986869,0.0003,0.0,0.002671,0.01016,0.057743,0.952856,0.0,0.160299,0.172394,0.29287,-0.0,0.023299,0.185165,True,True,True,0.840753,False,False,37.126
1484,74.2,0,alert,alert,0.985678,0.985678,0.000288,0.0,0.002903,0.01113,0.041547,0.955064,0.0,0.159328,0.17232,0.29287,-0.0,0.023298,0.185164,True,True,True,0.0,False,False,37.133
1485,74.25,0,alert,alert,0.985139,0.985139,0.000258,0.0,0.003158,0.011445,0.038572,0.953801,0.0,0.15858,0.172244,0.292869,-0.0,0.023298,0.185164,True,True,True,0.0,False,False,45.778
1486,74.3,0,alert,alert,0.980514,0.980514,0.000243,0.0,0.003376,0.015866,0.045168,0.951865,0.0,0.158337,0.172206,0.292649,-0.0,0.023298,0.184999,True,True,True,0.0,False,False,37.356
1487,74.35,0,alert,alert,0.967472,0.967472,0.000253,0.0,0.003,0.029275,0.068241,0.944657,0.0,0.158384,0.172029,0.292672,-0.0,0.023258,0.185,True,True,True,0.0,False,False,37.176
1488,74.4,0,alert,alert,0.929501,0.929501,0.000286,0.0,0.002343,0.067871,0.061813,0.947214,0.0,0.158305,0.17226,0.292223,-0.0,0.023298,0.185137,True,True,True,0.0,False,False,37.284
1489,74.45,0,alert,alert,0.922338,0.922338,0.000268,0.0,0.001661,0.075733,0.056546,0.948668,0.0,0.157974,0.17228,0.291841,-0.0,0.023298,0.185118,True,True,True,0.0,False,False,37.2
1490,74.5,0,alert,alert,0.895019,0.895019,0.000276,0.0,0.00144,0.103265,0.052006,0.949158,0.0,0.15759,0.172295,0.291512,-0.0,0.023299,0.185111,True,True,True,0.0,False,False,45.847
1491,74.55,0,alert,alert,0.938027,0.938027,0.000222,0.0,0.001157,0.060595,0.0514,0.948261,0.0,0.156972,0.172312,0.291299,-0.0,0.023299,0.184946,True,True,True,0.0,False,False,37.398
1492,74.6,0,alert,alert,0.94707,0.94707,0.000204,0.0,0.001117,0.051609,0.04614,0.950132,0.0,0.156477,0.172096,0.291095,-0.0,0.023259,0.184943,True,True,True,0.0,False,False,37.088
1493,74.65,0,alert,alert,0.957621,0.957621,0.000187,0.0,0.001101,0.04109,0.053188,0.948703,0.0,0.156226,0.172343,0.29124,-0.0,0.023299,0.185107,True,True,True,0.0,False,False,37.303
1494,74.7,0,alert,alert,0.970776,0.970776,0.00017,0.0,0.00113,0.027925,0.055203,0.949043,0.0,0.156102,0.172368,0.291253,-0.0,0.023299,0.185108,True,True,True,0.0,False,False,37.374
1495,74.75,0,alert,alert,0.963756,0.963756,0.000191,0.0,0.001125,0.034928,0.058447,0.948818,0.0,0.155952,0.172401,0.291273,-0.0,0.023299,0.185109,True,True,True,0.0,False,False,45.83
1496,74.8,0,alert,alert,0.972011,0.972011,0.000178,0.0,0.001031,0.02678,0.051654,0.950054,0.0,0.155775,0.172419,0.29106,-0.0,0.023299,0.184945,True,True,True,0.0,False,False,37.478
1497,74.85,0,alert,alert,0.976817,0.976817,0.000172,0.0,0.001095,0.021917,0.048471,0.950439,0.0,0.155631,0.172207,0.291071,-0.0,0.023259,0.184945,True,True,True,0.0,False,False,37.71
1498,74.9,0,alert,alert,0.979226,0.979226,0.000171,0.0,0.001272,0.019331,0.04611,0.950533,0.0,0.155518,0.172431,0.2913,-0.0,0.023299,0.18511,True,True,True,0.0,False,False,37.682
1499,74.95,0,alert,alert,0.980017,0.980017,0.000173,0.0,0.001381,0.018429,0.044947,0.94973,0.0,0.155221,0.171823,0.291284,-0.0,0.023297,0.18511,True,True,True,0.0,False,False,38.059
1500,75.0,0,alert,alert,0.98026,0.98026,0.000187,0.0,0.001692,0.01786,0.052516,0.948124,0.0,0.153339,0.171108,0.290983,-0.0,0.023292,0.185098,True,True,True,0.0,False,False,46.241
1501,75.05,0,alert,alert,0.982156,0.982156,0.00018,0.0,0.001829,0.015835,0.045197,0.949075,0.0,0.151163,0.170313,0.290765,-0.0,0.023286,0.184934,True,True,True,0.0,False,False,37.862
1502,75.1,0,alert,alert,0.980793,0.980793,0.000189,0.0,0.001909,0.01711,0.046921,0.949304,0.0,0.148965,0.170102,0.290591,-0.0,0.023246,0.18493,True,True,True,0.0,False,False,37.594
1503,75.15,0,alert,alert,0.97605,0.97605,0.000199,0.0,0.00207,0.021681,0.0461,0.94855,0.0,0.146798,0.168407,0.290741,-0.0,0.023275,0.185095,True,True,True,0.0,False,False,38.212
1504,75.2,0,alert,alert,0.976763,0.976763,0.000193,0.0,0.001945,0.021099,0.051663,0.947543,0.0,0.144788,0.167621,0.290748,-0.0,0.023272,0.185096,True,True,True,0.0,False,False,37.522
1505,75.25,0,alert,alert,0.979614,0.979614,0.000189,0.0,0.002177,0.018021,0.049962,0.947684,0.0,0.143157,0.167033,0.290755,-0.0,0.023271,0.185097,True,True,True,0.0,False,False,45.914
1506,75.3,0,alert,alert,0.978502,0.978502,0.000184,0.0,0.002202,0.019113,0.049147,0.949603,0.0,0.142325,0.166751,0.290541,-0.0,0.023271,0.184933,True,True,True,0.0,False,False,37.096
1507,75.35,0,alert,alert,0.97298,0.97298,0.000198,0.0,0.002363,0.024459,0.050399,0.948513,0.0,0.142102,0.166552,0.290551,-0.0,0.023231,0.184933,True,True,True,0.0,False,False,36.973
1508,75.4,0,alert,alert,0.975018,0.975018,0.000195,0.0,0.002358,0.02243,0.047644,0.948813,0.0,0.142073,0.166575,0.290779,-0.0,0.023271,0.185099,True,True,True,0.0,False,False,37.046
1509,75.45,0,alert,alert,0.976584,0.976584,0.000193,0.0,0.002183,0.02104,0.04828,0.949168,0.0,0.142081,0.166096,0.290784,-0.0,0.023269,0.185099,True,True,True,0.0,False,False,36.889
1510,75.5,0,alert,alert,0.977997,0.977997,0.000196,0.0,0.002129,0.019678,0.051814,0.949467,0.0,0.141973,0.16552,0.290789,-0.0,0.023267,0.185099,True,True,True,0.0,False,False,45.898
1511,75.55,0,alert,alert,0.979044,0.979044,0.000198,0.0,0.002154,0.018604,0.053227,0.950032,0.0,0.141921,0.164857,0.290578,-0.0,0.023265,0.184935,True,True,True,0.996887,False,False,36.743
1512,75.6,0,alert,alert,0.979707,0.979707,0.000201,0.0,0.002604,0.017488,0.064717,0.948653,0.0,0.141949,0.164686,0.290594,-0.0,0.023225,0.184935,True,True,True,0.743286,False,False,36.991
1513,75.65,0,alert,alert,0.977477,0.977477,0.000214,0.0,0.003319,0.01899,0.059845,0.948958,0.0,0.141972,0.163848,0.290824,-0.0,0.023262,0.1851,True,True,True,0.68927,False,False,36.982
1514,75.7,0,alert,alert,0.976912,0.976912,0.000218,0.0,0.003698,0.019173,0.058781,0.948124,0.0,0.141879,0.163697,0.290837,-0.0,0.023262,0.1851,True,True,True,0.68927,False,False,36.749
1515,75.75,0,alert,alert,0.978289,0.978289,0.000208,0.0,0.003679,0.017823,0.056659,0.947867,0.0,0.141559,0.163682,0.290844,-0.0,0.023263,0.185101,True,True,True,0.68927,False,False,45.601
1516,75.8,0,alert,alert,0.980214,0.980214,0.000198,0.0,0.003402,0.016187,0.061265,0.947118,0.0,0.141438,0.163716,0.29064,-0.0,0.023263,0.184937,True,True,True,0.457641,False,False,37.059
1517,75.85,0,alert,alert,0.980305,0.980305,0.000203,0.0,0.003676,0.015815,0.050967,0.949126,0.0,0.141263,0.163524,0.290645,-0.0,0.023223,0.184937,True,True,True,0.0,False,False,37.774
1518,75.9,0,alert,alert,0.98,0.98,0.000219,0.0,0.004266,0.015515,0.048698,0.950272,0.0,0.141202,0.163758,0.290867,-0.0,0.023263,0.185102,True,True,True,0.0,False,False,37.639
1519,75.95,0,alert,alert,0.981218,0.981218,0.000221,0.0,0.004333,0.014228,0.051245,0.94989,0.0,0.141171,0.163778,0.290872,-0.0,0.023263,0.185102,True,True,True,0.0,False,False,37.093
1520,76.0,0,alert,alert,0.98326,0.98326,0.000225,0.0,0.004116,0.012399,0.05552,0.94901,0.0,0.141176,0.163797,0.290879,-0.0,0.023264,0.185103,True,True,True,0.0,False,False,45.655
1521,76.05,0,alert,alert,0.983053,0.983053,0.000251,0.0,0.005421,0.011275,0.056196,0.948545,0.0,0.141102,0.163803,0.290671,-0.0,0.023264,0.184938,True,True,True,0.0,False,False,37.694
1522,76.1,0,alert,alert,0.983291,0.983291,0.00026,0.0,0.005996,0.010453,0.059554,0.947698,0.0,0.139695,0.163626,0.290686,-0.0,0.023224,0.184939,True,True,True,0.0,False,False,37.739
1523,76.15,0,alert,alert,0.980313,0.980313,0.000291,0.0,0.008579,0.010816,0.049299,0.950999,0.0,0.13762,0.163206,0.29091,-0.0,0.023261,0.185104,True,True,True,0.0,False,False,37.184
1524,76.2,0,alert,alert,0.97807,0.97807,0.000322,0.0,0.010519,0.011089,0.051394,0.949959,0.0,0.135477,0.162497,0.290917,-0.0,0.023256,0.185104,True,True,True,0.0,False,False,36.971
1525,76.25,0,alert,alert,0.975019,0.975019,0.0004,0.0,0.010153,0.014428,0.446221,0.867605,0.0,0.135114,0.162403,0.291262,-0.0,0.023254,0.185119,True,True,True,0.0,False,False,45.492
1526,76.3,0,alert,alert,0.975402,0.975402,0.000568,0.0,0.009755,0.014275,0.51935,0.807419,0.0,0.135068,0.162373,0.291434,-0.0,0.023253,0.184979,True,True,True,0.0,False,False,37.074
1527,76.35,0,alert,alert,0.976494,0.976494,0.000696,0.0,0.010303,0.012508,0.48158,0.869332,0.0,0.135,0.162873,0.291807,-0.0,0.023217,0.184993,True,True,True,0.0,False,False,37.034
1528,76.4,0,alert,alert,0.968371,0.968371,0.000828,0.0,0.018762,0.012039,0.375585,0.91309,0.0,0.134514,0.161884,0.292323,-0.0,0.022284,0.185164,True,True,True,0.0,False,False,36.959
1529,76.45,0,alert,alert,0.968479,0.968479,0.000767,0.0,0.020454,0.0103,0.206547,0.934702,0.0,0.133283,0.161124,0.292472,-0.0,0.021212,0.185167,True,True,True,0.0,False,False,37.04
1530,76.5,0,alert,alert,0.96663,0.96663,0.000725,0.0,0.023381,0.009264,0.081609,0.949216,0.0,0.131477,0.160119,0.292509,-0.0,0.02011,0.185168,True,True,True,0.0,False,False,45.506
1531,76.55,0,alert,alert,0.962461,0.962461,0.000733,0.0,0.027359,0.009447,0.046054,0.954605,0.0,0.129517,0.159029,0.292288,-0.0,0.018988,0.185002,True,True,True,0.0,False,False,37.134
1532,76.6,0,alert,alert,0.950568,0.950568,0.00079,0.0,0.038706,0.009935,0.0407,0.954506,0.0,0.127729,0.158826,0.292289,-0.0,0.018955,0.185002,True,True,True,0.0,False,False,37.181
1533,76.65,0,alert,alert,0.934554,0.934554,0.000864,0.0,0.054605,0.009977,0.038512,0.954432,0.0,0.126036,0.156808,0.292501,-0.0,0.016731,0.185167,True,True,True,0.0,False,False,36.858
1534,76.7,0,alert,alert,0.937774,0.937774,0.000853,0.0,0.051618,0.009755,0.039655,0.954026,0.0,0.12458,0.155695,0.292477,-0.0,0.015603,0.185166,True,True,True,0.0,False,False,37.098
1535,76.75,0,alert,alert,0.961921,0.961921,0.000718,0.0,0.028766,0.008595,0.046851,0.950755,0.0,0.122858,0.154601,0.292427,-0.0,0.014482,0.185165,True,True,True,0.0,False,False,45.603
1536,76.8,0,alert,alert,0.966331,0.966331,0.000648,0.0,0.024949,0.008073,0.048935,0.950416,0.0,0.121037,0.153511,0.29221,-0.0,0.013364,0.185,True,True,True,0.0,False,False,37.124
1537,76.85,0,alert,alert,0.953831,0.953831,0.000746,0.0,0.036545,0.008877,0.047497,0.94976,0.0,0.119291,0.15333,0.292121,-0.0,0.013341,0.184998,True,True,True,0.0,False,False,37.138
1538,76.9,0,alert,alert,0.953414,0.953414,0.000753,0.0,0.037108,0.008724,0.045096,0.950715,0.0,0.117712,0.151338,0.292097,-0.0,0.011148,0.185158,True,True,True,0.0,False,False,37.154
1539,76.95,0,alert,alert,0.953625,0.953625,0.000729,0.0,0.036834,0.008812,0.043393,0.951243,0.0,0.115857,0.150251,0.291822,-0.0,0.010049,0.185152,True,True,True,0.0,False,False,36.948
1540,77.0,0,alert,alert,0.949279,0.949279,0.000782,0.0,0.040709,0.00923,0.044204,0.950753,0.0,0.11392,0.149174,0.291449,-0.0,0.008959,0.185138,True,True,True,0.0,False,False,45.68
1541,77.05,0,alert,alert,0.949856,0.949856,0.000828,0.0,0.039807,0.009508,0.04725,0.950284,0.0,0.111926,0.148116,0.291232,-0.0,0.007886,0.184974,True,True,True,0.0,False,False,37.06
1542,77.1,0,alert,alert,0.931868,0.931868,0.000878,0.0,0.057219,0.010035,0.045789,0.949906,0.0,0.109874,0.147942,0.290835,-0.0,0.007873,0.18495,True,True,True,0.0,False,False,36.957
1543,77.15,0,alert,alert,0.884278,0.884278,0.001002,0.0,0.103477,0.011243,0.043515,0.95103,0.0,0.107799,0.146003,0.290356,-0.0,0.005759,0.185094,True,True,True,0.0,False,False,37.104
1544,77.2,0,alert,alert,0.835684,0.835684,0.001141,0.0,0.150424,0.012751,0.043204,0.950988,0.0,0.105702,0.144951,0.290186,-0.0,0.004704,0.185091,True,True,True,0.0,False,False,37.254
1545,77.25,0,alert,alert,0.864955,0.864955,0.001136,0.0,0.120398,0.013511,0.041915,0.951182,0.0,0.103629,0.143895,0.290129,-0.0,0.003646,0.185089,True,True,True,0.0,False,False,45.778
1546,77.3,0,alert,alert,0.878996,0.878996,0.001088,0.0,0.107015,0.012902,0.040904,0.952165,0.0,0.101846,0.142836,0.289907,-0.0,0.002588,0.184924,True,True,True,0.0,False,False,37.148
1547,77.35,0,alert,alert,0.904466,0.904466,0.001,0.0,0.082427,0.012107,0.043715,0.950587,0.0,0.100824,0.142668,0.289904,-0.0,0.002583,0.184925,True,True,True,0.0,False,False,36.934
1548,77.4,0,alert,alert,0.942949,0.942949,0.00084,0.0,0.045282,0.01093,0.040522,0.951552,0.0,0.100494,0.140944,0.29013,-0.0,0.000654,0.18509,True,True,True,0.0,False,False,37.076
1549,77.45,0,alert,alert,0.960435,0.960435,0.000733,0.0,0.029064,0.009768,0.03928,0.95128,0.0,0.100444,0.140341,0.290132,-0.0,-0.0,0.185091,True,True,True,0.0,False,False,36.995
1550,77.5,0,alert,alert,0.96237,0.96237,0.000715,0.0,0.027948,0.008967,0.040508,0.951811,0.0,0.100441,0.140068,0.290133,-0.0,-0.0,0.185091,True,True,True,0.0,False,False,45.816
1551,77.55,0,alert,alert,0.967004,0.967004,0.0007,0.0,0.023297,0.008999,0.040526,0.95247,0.0,0.100454,0.140005,0.289911,-0.0,-0.0,0.184926,True,True,True,0.0,False,False,37.439
1552,77.6,0,alert,alert,0.969199,0.969199,0.000691,0.0,0.021848,0.008261,0.040248,0.95295,0.0,0.10046,0.139835,0.289907,-0.0,-0.0,0.184926,True,True,True,0.0,False,False,37.175
1553,77.65,0,alert,alert,0.967667,0.967667,0.000709,0.0,0.023768,0.007856,0.040425,0.952832,0.0,0.100423,0.139985,0.290073,-0.0,-0.0,0.185089,True,True,True,0.0,False,False,37.469
1554,77.7,0,alert,alert,0.966086,0.966086,0.000728,0.0,0.024503,0.008682,0.041968,0.952277,0.0,0.100325,0.13999,0.290027,-0.0,-0.0,0.185087,True,True,True,0.0,False,False,37.279
1555,77.75,0,alert,alert,0.966439,0.966439,0.000746,0.0,0.022649,0.010167,0.040272,0.95237,0.0,0.098447,0.139996,0.29,-0.0,-0.0,0.185087,True,True,True,0.0,False,False,46.069
1556,77.8,0,alert,alert,0.962934,0.962934,0.000742,0.0,0.026502,0.009822,0.043553,0.950038,0.0,0.096399,0.140005,0.289781,-0.0,-0.0,0.184922,True,True,True,0.0,False,False,36.957
1557,77.85,0,alert,alert,0.962777,0.962777,0.000753,0.0,0.02756,0.00891,0.046553,0.9494,0.0,0.094538,0.139847,0.289774,-0.0,-0.0,0.184922,True,True,True,0.0,False,False,37.168
1558,77.9,0,alert,alert,0.963314,0.963314,0.000779,0.0,0.027892,0.008015,0.046396,0.949419,0.0,0.093393,0.140029,0.289994,-0.0,-0.0,0.185087,True,True,True,0.0,False,False,37.049
1559,77.95,0,alert,alert,0.961342,0.961342,0.000821,0.0,0.030339,0.007498,0.043236,0.950828,0.0,0.092982,0.14003,0.289994,-0.0,-0.0,0.185088,True,True,True,0.0,False,False,37.163
1560,78.0,0,alert,alert,0.958682,0.958682,0.000859,0.0,0.033249,0.00721,0.043536,0.950895,0.0,0.092894,0.140035,0.289997,-0.0,-0.0,0.185088,True,True,True,0.0,False,False,45.841
1561,78.05,0,alert,alert,0.953215,0.953215,0.000925,0.0,0.038458,0.007402,0.04506,0.95066,0.0,0.092876,0.140042,0.289779,-0.0,-0.0,0.184923,True,True,True,0.0,False,False,37.143
1562,78.1,0,alert,alert,0.953388,0.953388,0.000969,0.0,0.038207,0.007436,0.048206,0.950207,0.0,0.092882,0.139886,0.289786,-0.0,-0.0,0.184924,True,True,True,0.0,False,False,36.911
1563,78.15,0,alert,alert,0.95566,0.95566,0.000978,0.0,0.036133,0.007229,0.049865,0.950099,0.0,0.092859,0.140066,0.290015,-0.0,-0.0,0.185089,True,True,True,0.0,False,False,37.13
1564,78.2,0,alert,alert,0.960433,0.960433,0.000959,0.0,0.031592,0.007016,0.048466,0.950237,0.0,0.092799,0.140074,0.290023,-0.0,-0.0,0.185089,True,True,True,0.0,False,False,37.208
1565,78.25,0,alert,alert,0.966259,0.966259,0.000894,0.0,0.026328,0.006519,0.049691,0.949747,0.0,0.092775,0.140082,0.29003,-0.0,-0.0,0.185089,True,True,True,0.0,False,False,45.62
1566,78.3,0,alert,alert,0.972269,0.972269,0.000827,0.0,0.020512,0.006392,0.049267,0.949977,0.0,0.092773,0.140089,0.289816,-0.0,-0.0,0.184925,True,True,True,0.0,False,False,36.927
1567,78.35,0,alert,alert,0.97664,0.97664,0.000758,0.0,0.016603,0.005999,0.049261,0.949981,0.0,0.09279,0.139935,0.289825,-0.0,-0.0,0.184925,True,True,True,0.0,False,False,36.857
1568,78.4,0,alert,alert,0.978113,0.978113,0.000727,0.0,0.015297,0.005862,0.051108,0.949303,0.0,0.092795,0.140115,0.289709,-0.0,-0.0,0.185075,True,True,True,0.0,False,False,37.039
1569,78.45,0,alert,alert,0.979071,0.979071,0.000739,0.0,0.013887,0.006303,0.054196,0.94782,0.0,0.092851,0.140135,0.289325,-0.0,-0.0,0.185053,True,True,True,0.0,False,False,37.223
1570,78.5,0,alert,alert,0.977576,0.977576,0.001035,0.0,0.014362,0.007027,0.425526,0.863649,0.0,0.09464,0.140738,0.289218,-0.0,-0.0,0.185044,True,True,True,0.0,False,False,45.778
1571,78.55,0,alert,alert,0.972682,0.972682,0.001882,0.0,0.018061,0.007375,0.51105,0.817151,0.0,0.096675,0.141444,0.289387,-0.0,-0.0,0.184903,True,True,True,0.0,False,False,37.103
1572,78.6,0,alert,alert,0.959216,0.959216,0.002421,0.0,0.031846,0.006517,0.45974,0.886097,0.0,0.098639,0.141947,0.289245,-0.0,-0.0,0.184891,True,True,True,0.0,False,False,37.097
1573,78.65,0,alert,alert,0.934186,0.934186,0.002662,0.0,0.056732,0.00642,0.360144,0.914111,0.0,0.100192,0.142629,0.288879,-0.0,-0.0,0.18503,True,True,True,0.0,False,False,36.969
1574,78.7,0,alert,alert,0.92729,0.92729,0.002263,0.0,0.064361,0.006086,0.182769,0.938436,0.0,0.10085,0.14286,0.288717,-0.0,-0.0,0.185027,True,True,True,0.0,False,False,36.864
1575,78.75,0,alert,alert,0.926789,0.926789,0.001912,0.0,0.065467,0.005832,0.08305,0.949606,0.0,0.101005,0.142926,0.288629,-0.0,-0.0,0.185026,True,True,True,0.0,False,False,45.931
1576,78.8,0,alert,alert,0.941971,0.941971,0.001578,0.0,0.050822,0.005629,0.047248,0.953324,0.0,0.100994,0.142936,0.288414,-0.0,-0.0,0.184861,True,True,True,0.0,False,False,37.252
1577,78.85,0,alert,alert,0.957073,0.957073,0.001258,0.0,0.036369,0.005301,0.043664,0.953001,0.0,0.100973,0.142767,0.288392,-0.0,-0.0,0.184861,True,True,True,0.0,False,False,37.181
1578,78.9,0,alert,alert,0.965724,0.965724,0.001049,0.0,0.02802,0.005208,0.0497,0.950759,0.0,0.100979,0.142956,0.288298,-0.0,-0.0,0.185018,True,True,True,0.0,False,False,36.891
1579,78.95,0,alert,alert,0.970793,0.970793,0.000909,0.0,0.022773,0.005525,0.04903,0.950279,0.0,0.10097,0.142969,0.287989,-0.0,-0.0,0.18501,True,True,True,0.0,False,False,36.919
1580,79.0,0,alert,alert,0.974207,0.974207,0.000774,0.0,0.019118,0.005901,0.0485,0.949695,0.0,0.100959,0.142981,0.287634,-0.0,-0.0,0.185001,True,True,True,0.0,False,False,45.733
1581,79.05,0,alert,alert,0.977763,0.977763,0.000685,0.0,0.015934,0.005617,0.04817,0.950116,0.0,0.100943,0.142993,0.287421,-0.0,-0.0,0.184836,True,True,True,0.0,False,False,37.138
1582,79.1,0,alert,alert,0.979198,0.979198,0.00063,0.0,0.014397,0.005776,0.044772,0.951212,0.0,0.100928,0.142826,0.287084,-0.0,-0.0,0.184829,True,True,True,0.002498,False,False,37.401
1583,79.15,0,alert,alert,0.980963,0.980963,0.000568,0.0,0.012037,0.006432,0.043214,0.951617,0.0,0.100902,0.143,0.286946,-0.0,-0.0,0.184988,True,True,True,0.0,False,False,37.875
1584,79.2,0,alert,alert,0.979126,0.979126,0.000549,0.0,0.013867,0.006457,0.046831,0.95031,0.0,0.100894,0.142908,0.286927,-0.0,-0.0,0.184988,True,True,True,0.0,False,False,37.523
1585,79.25,0,alert,alert,0.980445,0.980445,0.00054,0.0,0.0125,0.006514,0.04727,0.950471,0.0,0.100882,0.142279,0.286932,-0.0,-0.0,0.184989,True,True,True,0.0,False,False,45.758
1586,79.3,0,alert,alert,0.982774,0.982774,0.000515,0.0,0.010675,0.006036,0.044256,0.950818,0.0,0.100874,0.141724,0.286716,-0.0,-0.0,0.184824,True,True,True,0.0,False,False,37.387
1587,79.35,0,alert,alert,0.983256,0.983256,0.000488,0.0,0.009942,0.006314,0.041259,0.951935,0.0,0.100864,0.141553,0.28672,-0.0,-0.0,0.184825,True,True,True,0.0,False,False,37.551
1588,79.4,0,alert,alert,0.983609,0.983609,0.000457,0.0,0.009367,0.006567,0.039678,0.952259,0.0,0.100843,0.141247,0.286942,-0.0,-0.0,0.18499,True,True,True,0.0,False,False,37.433
1589,79.45,0,alert,alert,0.983305,0.983305,0.000446,0.0,0.010065,0.006184,0.042604,0.951865,0.0,0.100681,0.141227,0.286941,-0.0,-0.0,0.18499,True,True,True,0.0,False,False,37.35
1590,79.5,0,alert,alert,0.980012,0.980012,0.000491,0.0,0.012896,0.006602,0.04678,0.950525,0.0,0.098809,0.141235,0.286935,-0.0,-0.0,0.18499,True,True,True,0.0,False,False,46.443
1591,79.55,0,alert,alert,0.980273,0.980273,0.000499,0.0,0.012482,0.006745,0.047449,0.951006,0.0,0.096766,0.141247,0.286722,-0.0,-0.0,0.184826,True,True,True,0.0,False,False,37.698
1592,79.6,0,alert,alert,0.979267,0.979267,0.000527,0.0,0.013769,0.006437,0.049536,0.951151,0.0,0.094936,0.141091,0.286708,-0.0,-0.0,0.184825,True,True,True,0.0,False,False,37.824
1593,79.65,0,alert,alert,0.975896,0.975896,0.000576,0.0,0.017336,0.006192,0.049647,0.951412,0.0,0.09379,0.141278,0.28622,-0.0,-0.0,0.184959,True,True,True,0.0,False,False,37.287
1594,79.7,0,alert,alert,0.974405,0.974405,0.000612,0.0,0.018929,0.006054,0.044208,0.952374,0.0,0.093382,0.141271,0.285819,-0.0,-0.0,0.184932,True,True,True,0.0,False,False,37.601
1595,79.75,0,alert,alert,0.969107,0.969107,0.000679,0.0,0.023875,0.006339,0.042061,0.952903,0.0,0.093306,0.141232,0.285394,-0.0,-0.0,0.184906,True,True,True,0.0,False,False,46.708
1596,79.8,0,alert,alert,0.968871,0.968871,0.000691,0.0,0.023895,0.006544,0.041128,0.953243,0.0,0.093297,0.141036,0.285177,-0.0,-0.0,0.184741,True,True,True,0.0,False,False,37.336
1597,79.85,0,alert,alert,0.972713,0.972713,0.000669,0.0,0.020626,0.005992,0.041487,0.952152,0.0,0.093283,0.140867,0.284717,-0.0,-0.0,0.184259,True,True,True,0.0,False,False,38.128
1598,79.9,0,alert,alert,0.976358,0.976358,0.000654,0.0,0.017384,0.005604,0.041664,0.951885,0.0,0.093217,0.139648,0.283849,-0.0,-0.0,0.183294,True,True,True,0.0,False,False,37.754
1599,79.95,0,alert,alert,0.975075,0.975075,0.000685,0.0,0.018593,0.005647,0.074054,0.944919,0.0,0.093243,0.138979,0.283295,-0.0,-0.0,0.18269,True,True,True,0.0,False,False,37.975
1600,80.0,0,alert,alert,0.972742,0.972742,0.000925,0.0,0.019812,0.006521,0.436563,0.866982,0.0,0.095027,0.138925,0.283039,-0.0,-0.0,0.18209,True,True,True,0.0,False,False,45.783
1601,80.05,0,alert,alert,0.964696,0.964696,0.001275,0.0,0.027401,0.006628,0.462453,0.869324,0.0,0.096827,0.139084,0.283185,-0.0,-0.0,0.181943,True,True,True,0.0,False,False,37.048
1602,80.1,0,alert,alert,0.953582,0.953582,0.001822,0.0,0.037885,0.006711,0.441898,0.890445,0.0,0.098529,0.139564,0.282933,-0.0,-0.0,0.181336,True,True,True,0.0,False,False,36.794
1603,80.15,0,alert,alert,0.924081,0.924081,0.002162,0.0,0.066892,0.006865,0.295489,0.926821,0.0,0.099232,0.139901,0.282173,-0.0,-0.0,0.180266,True,True,True,0.0,False,False,37.343
1604,80.2,0,alert,alert,0.848744,0.848744,0.002444,0.0,0.141316,0.007496,0.126308,0.944737,0.0,0.099013,0.140042,0.28165,-0.0,-0.0,0.179652,True,True,True,0.0,False,False,37.002
1605,80.25,0,alert,alert,0.770562,0.770562,0.00242,0.0,0.2194,0.007618,0.079635,0.94627,0.0,0.098624,0.14011,0.281087,-0.0,-0.0,0.179039,True,True,True,0.181577,False,False,45.624
1606,80.3,0,alert,alert,0.706774,0.706774,0.002237,0.0,0.283613,0.007377,0.053836,0.950794,0.0,0.09834,0.140139,0.280885,-0.0,-0.0,0.17888,True,True,True,0.112239,False,False,37.046
1607,80.35,0,alert,alert,0.669781,0.669781,0.002113,0.0,0.320551,0.007555,0.039971,0.953549,0.0,0.097925,0.139969,0.280288,-0.0,-0.0,0.178269,True,True,True,0.07182,False,False,36.952
1608,80.4,0,alert,alert,0.613593,0.613593,0.001995,0.0,0.37678,0.007632,0.038268,0.9537,0.0,0.097459,0.140141,0.279303,-0.0,-0.0,0.177206,True,True,True,0.07182,False,False,36.817
1609,80.45,0,alert,alert,0.572586,0.572586,0.001946,0.0,0.417597,0.007871,0.041368,0.952027,0.0,0.097157,0.140142,0.278711,-0.0,-0.0,0.176601,True,True,True,0.083156,False,False,36.98
1610,80.5,0,alert,alert,0.505116,0.505116,0.001828,0.0,0.485552,0.007504,0.048024,0.950591,0.0,0.096947,0.140156,0.278129,-0.0,-0.0,0.176001,True,True,True,0.083156,False,False,45.704
1611,80.55,3,yawning,yawning,0.533227,0.457962,0.001718,0.0,0.533227,0.007093,0.048219,0.95048,0.0,0.096543,0.14017,0.277925,-0.0,-0.0,0.175845,True,True,True,0.07823,False,False,36.871
1612,80.6,3,yawning,yawning,0.501324,0.489662,0.001686,0.0,0.501324,0.007328,0.045472,0.950727,0.0,0.096259,0.14001,0.277341,-0.0,-0.0,0.175245,True,True,True,0.07823,False,False,36.802
1613,80.65,0,alert,alert,0.62799,0.62799,0.001695,0.0,0.362295,0.008021,0.046415,0.95043,0.0,0.096192,0.14017,0.276383,-0.0,-0.0,0.174208,True,True,True,0.07823,False,False,37.349
1614,80.7,0,alert,alert,0.7603,0.7603,0.001591,0.0,0.230189,0.00792,0.050109,0.949097,0.0,0.096154,0.140176,0.275806,-0.0,-0.0,0.173613,True,True,True,0.0,False,False,36.965
1615,80.75,0,alert,alert,0.865368,0.865368,0.001366,0.0,0.125995,0.00727,0.060369,0.94628,0.0,0.096099,0.140203,0.27524,-0.0,-0.0,0.173021,True,True,True,0.0,False,False,45.913
1616,80.8,0,alert,alert,0.919069,0.919069,0.001148,0.0,0.07348,0.006302,0.052225,0.94823,0.0,0.096061,0.140219,0.275043,-0.0,-0.0,0.172868,True,True,True,0.0,False,False,36.965
1617,80.85,0,alert,alert,0.948601,0.948601,0.000992,0.0,0.044761,0.005645,0.045507,0.950462,0.0,0.096013,0.140059,0.274474,-0.0,-0.0,0.172283,True,True,True,0.0,False,False,36.897
1618,80.9,0,alert,alert,0.957438,0.957438,0.000897,0.0,0.036507,0.005158,0.045034,0.950572,0.0,0.096004,0.140231,0.27389,-0.0,-0.0,0.17159,True,True,True,0.0,False,False,37.031
1619,80.95,0,alert,alert,0.957005,0.957005,0.000893,0.0,0.036941,0.005161,0.042947,0.951576,0.0,0.096,0.140229,0.273744,-0.0,-0.0,0.171586,True,True,True,0.0,False,False,36.762
1620,81.0,0,alert,alert,0.927801,0.927801,0.00104,0.0,0.065417,0.005742,0.041967,0.952284,0.0,0.095996,0.140224,0.273711,-0.0,-0.0,0.171586,True,True,True,0.0,False,False,45.42
1621,81.05,0,alert,alert,0.89496,0.89496,0.001155,0.0,0.097663,0.006222,0.047005,0.951143,0.0,0.096029,0.140226,0.27351,-0.0,-0.0,0.171434,True,True,True,0.0,False,False,37.227
1622,81.1,0,alert,alert,0.918834,0.918834,0.001035,0.0,0.073819,0.006311,0.04698,0.950702,0.0,0.096062,0.140068,0.273508,-0.0,-0.0,0.171435,True,True,True,0.0,False,False,37.427
1623,81.15,0,alert,alert,0.935851,0.935851,0.000922,0.0,0.057194,0.006033,0.050228,0.948307,0.0,0.096117,0.140231,0.273724,-0.0,-0.0,0.171588,True,True,True,0.0,False,False,37.216
1624,81.2,0,alert,alert,0.942568,0.942568,0.000947,0.0,0.049941,0.006544,0.219706,0.920427,0.0,0.097005,0.140521,0.273888,-0.0,-0.0,0.171594,True,True,True,0.0,False,False,36.917
1625,81.25,0,alert,alert,0.951744,0.951744,0.001121,0.0,0.04059,0.006545,0.466845,0.851618,0.0,0.098945,0.141174,0.27425,-0.0,-0.0,0.17161,True,True,True,0.0,False,False,45.708
1626,81.3,0,alert,alert,0.953544,0.953544,0.001451,0.0,0.0391,0.005905,0.484064,0.866073,0.0,0.100992,0.141861,0.274419,-0.0,-0.0,0.171472,True,True,True,0.0,False,False,37.062
1627,81.35,0,alert,alert,0.951747,0.951747,0.001589,0.0,0.041324,0.005339,0.421782,0.905267,0.0,0.102831,0.142313,0.274751,-0.0,-0.0,0.171479,True,True,True,0.0,False,False,37.05
1628,81.4,0,alert,alert,0.915635,0.915635,0.001764,0.0,0.077087,0.005513,0.267715,0.931602,0.0,0.103959,0.142828,0.275159,-0.0,-0.0,0.171635,True,True,True,0.0,False,False,36.931
1629,81.45,0,alert,alert,0.84902,0.84902,0.001884,0.0,0.143108,0.005988,0.113669,0.947349,0.0,0.104323,0.142931,0.275224,-0.0,-0.0,0.171635,True,True,True,0.0,False,False,37.122
1630,81.5,0,alert,alert,0.738365,0.738365,0.001912,0.0,0.253209,0.006515,0.053188,0.953566,0.0,0.104393,0.142735,0.275234,-0.0,-0.0,0.171635,True,True,True,0.0,False,False,45.545
1631,81.55,0,alert,alert,0.607938,0.607938,0.001811,0.0,0.383285,0.006965,0.041201,0.954662,0.0,0.104403,0.142553,0.275026,-0.0,-0.0,0.171483,True,True,True,0.0,False,False,36.879
1632,81.6,0,alert,alert,0.516042,0.516042,0.001635,0.0,0.475443,0.006879,0.038946,0.953439,0.0,0.104399,0.142377,0.275024,-0.0,-0.0,0.171482,True,True,True,0.0,False,False,36.788
1633,81.65,0,alert,alert,0.579833,0.579833,0.001542,0.0,0.411359,0.007266,0.042501,0.951852,0.0,0.104411,0.141634,0.275228,-0.0,-0.0,0.171634,True,True,True,0.0,False,False,36.761
1634,81.7,0,alert,alert,0.572378,0.572378,0.001483,0.0,0.41883,0.007308,0.047711,0.949904,0.0,0.104447,0.14106,0.275231,-0.0,-0.0,0.171635,True,True,True,0.0,False,False,37.156
1635,81.75,0,alert,alert,0.605256,0.605256,0.001453,0.0,0.385873,0.007418,0.049218,0.949489,0.0,0.104461,0.140698,0.275234,-0.0,-0.0,0.171635,True,True,True,0.0,False,False,45.608
1636,81.8,0,alert,alert,0.654783,0.654783,0.001386,0.0,0.336287,0.007544,0.047763,0.949721,0.0,0.104483,0.140351,0.275033,-0.0,-0.0,0.171483,True,True,True,0.0,False,False,36.933
1637,81.85,0,alert,alert,0.51414,0.51414,0.001387,0.0,0.476907,0.007567,0.056273,0.948463,0.0,0.10452,0.140209,0.275045,-0.0,-0.0,0.171484,True,True,True,0.0,False,False,36.928
1638,81.9,0,alert,alert,0.530031,0.530031,0.001355,0.0,0.460325,0.008289,0.047315,0.949916,0.0,0.10452,0.13919,0.275255,-0.0,-0.0,0.171636,True,True,True,0.0,False,False,37.133
1639,81.95,0,alert,alert,0.680703,0.680703,0.001315,0.0,0.309393,0.008589,0.056792,0.948543,0.0,0.104589,0.138463,0.275267,-0.0,-0.0,0.171636,True,True,True,0.0,False,False,37.101
1640,82.0,0,alert,alert,0.797886,0.797886,0.00113,0.0,0.192688,0.008297,0.066095,0.943171,0.0,0.104706,0.137725,0.275286,-0.0,-0.0,0.171637,True,True,True,0.0,False,False,46.006
1641,82.05,0,alert,alert,0.90027,0.90027,0.000916,0.0,0.090346,0.008468,0.05867,0.946564,0.0,0.102992,0.137037,0.275096,-0.0,-0.0,0.171486,True,True,True,0.0,False,False,36.847
1642,82.1,0,alert,alert,0.903695,0.903695,0.000878,0.0,0.086696,0.00873,0.109946,0.935135,0.0,0.101271,0.136992,0.275155,-0.0,-0.0,0.171489,True,True,True,0.0,False,False,36.949
1643,82.15,0,alert,alert,0.922596,0.922596,0.000873,0.0,0.067761,0.00877,0.106094,0.936148,0.0,0.099705,0.136481,0.275407,-0.0,-0.0,0.171643,True,True,True,0.042581,False,False,37.072
1644,82.2,0,alert,alert,0.954025,0.954025,0.000754,0.0,0.038073,0.007149,0.09854,0.938369,0.0,0.09875,0.136536,0.275458,-0.0,-0.0,0.171645,True,True,True,0.0,False,False,37.217
1645,82.25,0,alert,alert,0.967667,0.967667,0.000711,0.0,0.025109,0.006513,0.107266,0.936183,0.0,0.098562,0.136645,0.275519,-0.0,-0.0,0.171647,True,True,True,0.0986,False,False,45.517
1646,82.3,0,alert,alert,0.974572,0.974572,0.000652,0.0,0.01902,0.005756,0.112038,0.934523,0.0,0.098782,0.136769,0.275377,-0.0,-0.0,0.171498,True,True,True,0.185974,False,False,37.189
1647,82.35,0,alert,alert,0.980653,0.980653,0.000611,0.0,0.013299,0.005436,0.225717,0.91551,0.0,0.099645,0.136914,0.275541,-0.0,-0.0,0.171504,True,True,True,0.20395,False,False,37.097
1648,82.4,0,alert,alert,0.982806,0.982806,0.000593,0.0,0.010658,0.005942,0.147794,0.924094,0.0,0.100157,0.137274,0.275846,-0.0,-0.0,0.17166,True,True,True,0.245751,False,False,37.226
1649,82.45,0,alert,alert,0.984906,0.984906,0.000538,0.0,0.008525,0.006032,0.113177,0.935672,0.0,0.100516,0.137395,0.275912,-0.0,-0.0,0.171662,True,True,True,0.20395,False,False,37.14
1650,82.5,0,alert,alert,0.986498,0.986498,0.000484,0.0,0.006631,0.006387,0.07339,0.943595,0.0,0.100673,0.137449,0.275942,-0.0,-0.0,0.171664,True,True,True,0.117707,False,False,45.802
1651,82.55,0,alert,alert,0.986634,0.986634,0.000447,0.0,0.005365,0.007553,0.062068,0.945746,0.0,0.100748,0.137484,0.275754,-0.0,-0.0,0.171513,True,True,True,0.016633,False,False,37.3
1652,82.6,0,alert,alert,0.985386,0.985386,0.00042,0.0,0.004334,0.00986,0.058395,0.946048,0.0,0.100798,0.13735,0.27577,-0.0,-0.0,0.171514,True,True,True,0.0091,False,False,36.951
1653,82.65,0,alert,alert,0.987392,0.987392,0.000342,0.0,0.003203,0.009064,0.059181,0.946101,0.0,0.10085,0.137537,0.275913,-0.0,-0.0,0.171664,True,True,True,0.009444,False,False,37.192
1654,82.7,0,alert,alert,0.988089,0.988089,0.000309,0.0,0.002594,0.009008,0.059009,0.946528,0.0,0.10061,0.137568,0.275583,-0.0,-0.0,0.171654,True,True,True,0.212119,False,False,37.08
1655,82.75,0,alert,alert,0.988065,0.988065,0.000292,0.0,0.002536,0.009107,0.061467,0.945104,0.0,0.100579,0.137602,0.275294,-0.0,-0.0,0.17165,True,True,True,0.215323,False,False,45.922
1656,82.8,0,alert,alert,0.986836,0.986836,0.00031,0.0,0.0025,0.010354,0.078467,0.938332,0.0,0.100616,0.137665,0.275122,-0.0,-0.0,0.1715,True,True,True,0.320205,False,False,37.199
1657,82.85,0,alert,alert,0.985035,0.985035,0.000331,0.0,0.00238,0.012254,0.112517,0.929316,0.0,0.100828,0.137623,0.275026,-0.0,-0.0,0.171502,True,True,True,0.49324,False,False,37.121
1658,82.9,0,alert,alert,0.984662,0.984662,0.000338,0.0,0.002303,0.012698,0.151889,0.924114,0.0,0.101185,0.137969,0.275286,-0.0,-0.0,0.171659,True,True,True,0.49324,False,False,37.188
1659,82.95,0,alert,alert,0.985049,0.985049,0.000352,0.0,0.002322,0.012277,0.118473,0.932949,0.0,0.100523,0.138102,0.275359,-0.0,-0.0,0.171662,True,True,True,0.301225,False,False,37.288
1660,83.0,0,alert,alert,0.980889,0.980889,0.000453,0.0,0.002746,0.015912,0.145261,0.926632,0.0,0.100446,0.138279,0.275455,-0.0,-0.0,0.171667,True,True,True,0.301225,False,False,46.525
1661,83.05,0,alert,alert,0.982706,0.982706,0.000446,0.0,0.003657,0.013191,0.08605,0.939938,0.0,0.099748,0.138359,0.27529,-0.0,-0.0,0.171517,True,True,True,0.0,False,False,37.782
1662,83.1,0,alert,alert,0.983092,0.983092,0.00044,0.0,0.004234,0.012234,0.05567,0.947169,0.0,0.098885,0.138219,0.275305,-0.0,-0.0,0.171518,True,True,True,0.0,False,False,37.154
1663,83.15,0,alert,alert,0.983846,0.983846,0.000433,0.0,0.005305,0.010416,0.046579,0.950191,0.0,0.098355,0.138395,0.275512,-0.0,-0.0,0.17167,True,True,True,0.0,False,False,37.903
1664,83.2,0,alert,alert,0.98185,0.98185,0.000473,0.0,0.007485,0.010192,0.04814,0.95015,0.0,0.097996,0.138406,0.275498,-0.0,-0.0,0.171669,True,True,True,0.0,False,False,37.639
1665,83.25,0,alert,alert,0.978989,0.978989,0.000512,0.0,0.01172,0.008779,0.051973,0.948503,0.0,0.097822,0.138418,0.275413,-0.0,-0.0,0.171667,True,True,True,0.0,False,False,46.694
1666,83.3,0,alert,alert,0.980045,0.980045,0.000555,0.0,0.009753,0.009647,0.308302,0.905564,0.0,0.098034,0.138848,0.275441,-0.0,-0.0,0.171522,True,True,True,0.0,False,False,37.806
1667,83.35,0,alert,alert,0.979953,0.979953,0.000662,0.0,0.010026,0.00936,0.48363,0.837611,0.0,0.099066,0.139363,0.275462,-0.0,-0.0,0.17153,True,True,True,0.0,False,False,37.54
1668,83.4,0,alert,alert,0.977427,0.977427,0.000746,0.0,0.011218,0.010609,0.436358,0.891683,0.0,0.100623,0.140152,0.275222,-0.0,-0.0,0.171652,True,True,True,0.423783,False,False,37.22
1669,83.45,0,alert,alert,0.980191,0.980191,0.000666,0.0,0.010822,0.008321,0.292368,0.926055,0.0,0.101727,0.139975,0.275082,-0.0,-0.0,0.171646,True,True,True,0.423783,False,False,37.267
1670,83.5,0,alert,alert,0.978943,0.978943,0.000642,0.0,0.013325,0.007091,0.133224,0.944176,0.0,0.102083,0.139824,0.274897,-0.0,-0.0,0.171641,True,True,True,0.758821,False,False,46.146
1671,83.55,0,alert,alert,0.978304,0.978304,0.00062,0.0,0.014631,0.006445,0.059157,0.953336,0.0,0.102046,0.13976,0.274706,-0.0,-0.0,0.171489,True,True,True,0.980044,False,False,37.409
1672,83.6,0,alert,alert,0.972498,0.972498,0.000661,0.0,0.020545,0.006296,0.043419,0.954799,0.0,0.101977,0.139596,0.274597,-0.0,-0.0,0.171487,True,True,True,0.980044,False,False,37.366
1673,83.65,0,alert,alert,0.96339,0.96339,0.000699,0.0,0.029526,0.006385,0.039634,0.954513,0.0,0.101898,0.13969,0.27478,-0.0,-0.0,0.171639,True,True,True,0.980044,False,False,37.054
1674,83.7,0,alert,alert,0.957968,0.957968,0.000708,0.0,0.034889,0.006435,0.042235,0.953077,0.0,0.101731,0.139053,0.274783,-0.0,-0.0,0.171639,True,True,True,0.806362,False,False,37.068
1675,83.75,0,alert,alert,0.941012,0.941012,0.000777,0.0,0.050912,0.007299,0.04162,0.95194,0.0,0.101644,0.13863,0.274787,-0.0,-0.0,0.171639,True,True,True,0.831249,False,False,45.748
1676,83.8,0,alert,alert,0.91599,0.91599,0.000832,0.0,0.075088,0.008089,0.044791,0.950839,0.0,0.101445,0.138509,0.274584,-0.0,-0.0,0.171488,True,True,True,0.831249,False,False,36.908
1677,83.85,0,alert,alert,0.909686,0.909686,0.000809,0.0,0.08118,0.008325,0.047207,0.94975,0.0,0.099583,0.138355,0.274593,-0.0,-0.0,0.171488,True,True,True,0.831249,False,False,36.891
1678,83.9,0,alert,alert,0.913593,0.913593,0.000773,0.0,0.077194,0.00844,0.047466,0.949352,0.0,0.097565,0.138511,0.274808,-0.0,-0.0,0.171641,True,True,True,0.530558,False,False,36.873
1679,83.95,0,alert,alert,0.9279,0.9279,0.000692,0.0,0.063311,0.008097,0.044743,0.951125,0.0,0.095476,0.138523,0.274809,-0.0,-0.0,0.171641,True,True,True,0.495125,False,False,37.046
1680,84.0,0,alert,alert,0.945366,0.945366,0.000612,0.0,0.046242,0.00778,0.04415,0.951064,0.0,0.093588,0.138535,0.274812,-0.0,-0.0,0.171641,True,True,True,0.495125,False,False,45.825
1681,84.05,0,alert,alert,0.964337,0.964337,0.000515,0.0,0.027922,0.007226,0.04191,0.951875,0.0,0.092297,0.138544,0.274606,-0.0,-0.0,0.171489,True,True,True,0.5602,False,False,38.015
1682,84.1,0,alert,alert,0.977787,0.977787,0.000432,0.0,0.015133,0.006648,0.042389,0.952221,0.0,0.091895,0.138381,0.274602,-0.0,-0.0,0.171489,True,True,True,0.5602,False,False,37.303
1683,84.15,0,alert,alert,0.984761,0.984761,0.000375,0.0,0.0086,0.006264,0.045692,0.951007,0.0,0.091834,0.138556,0.274801,-0.0,-0.0,0.171641,True,True,True,0.318723,False,False,37.772
1684,84.2,0,alert,alert,0.987065,0.987065,0.000345,0.0,0.006635,0.005956,0.047182,0.950752,0.0,0.091864,0.138567,0.274803,-0.0,-0.0,0.171641,True,True,True,0.318723,False,False,37.484
1685,84.25,0,alert,alert,0.986085,0.986085,0.000356,0.0,0.007827,0.005732,0.046756,0.951002,0.0,0.091906,0.13858,0.274808,-0.0,-0.0,0.171641,True,True,True,0.35256,False,False,45.657
1686,84.3,0,alert,alert,0.981936,0.981936,0.000411,0.0,0.011871,0.005782,0.050311,0.949702,0.0,0.091932,0.138592,0.27461,-0.0,-0.0,0.17149,True,True,True,0.551618,False,False,37.411
1687,84.35,0,alert,alert,0.974944,0.974944,0.000475,0.0,0.018423,0.006157,0.05232,0.949397,0.0,0.091851,0.138446,0.274621,-0.0,-0.0,0.17149,True,True,True,0.551618,False,False,37.068
1688,84.4,0,alert,alert,0.953376,0.953376,0.000619,0.0,0.03896,0.007045,0.051431,0.948844,0.0,0.091799,0.137354,0.274833,-0.0,-0.0,0.171642,True,True,True,0.0,False,False,37.157
1689,84.45,0,alert,alert,0.941104,0.941104,0.000682,0.0,0.050764,0.007449,0.044204,0.950808,0.0,0.091736,0.136634,0.27483,-0.0,-0.0,0.171642,True,True,True,0.0,False,False,37.33
1690,84.5,0,alert,alert,0.924019,0.924019,0.000756,0.0,0.066557,0.008668,0.044537,0.951478,0.0,0.091698,0.136005,0.274827,-0.0,-0.0,0.171642,True,True,True,0.0,False,False,46.139
1691,84.55,0,alert,alert,0.92224,0.92224,0.000764,0.0,0.068387,0.00861,0.045528,0.952041,0.0,0.091667,0.135621,0.274624,-0.0,-0.0,0.17149,True,True,True,0.0,False,False,36.949
1692,84.6,0,alert,alert,0.923365,0.923365,0.000774,0.0,0.067892,0.007969,0.043633,0.952069,0.0,0.091654,0.135465,0.274621,-0.0,-0.0,0.171489,True,True,True,0.0,False,False,37.151
1693,84.65,0,alert,alert,0.91758,0.91758,0.000817,0.0,0.074107,0.007496,0.049294,0.950157,0.0,0.091634,0.135471,0.274826,-0.0,-0.0,0.171641,True,True,True,0.0,False,False,36.983
1694,84.7,0,alert,alert,0.91261,0.91261,0.000859,0.0,0.079276,0.007254,0.052958,0.949601,0.0,0.091623,0.135491,0.274829,-0.0,-0.0,0.171641,True,True,True,0.0,False,False,36.944
1695,84.75,0,alert,alert,0.936567,0.936567,0.00082,0.0,0.056046,0.006566,0.052071,0.950592,0.0,0.09159,0.135515,0.274832,-0.0,-0.0,0.171641,True,True,True,0.0,False,False,45.7
1696,84.8,0,alert,alert,0.950732,0.950732,0.000772,0.0,0.042663,0.005834,0.056456,0.948705,0.0,0.091615,0.135549,0.27464,-0.0,-0.0,0.17149,True,True,True,0.0,False,False,37.357
1697,84.85,0,alert,alert,0.934033,0.934033,0.000868,0.0,0.059012,0.006087,0.051686,0.949123,0.0,0.091631,0.135407,0.274639,-0.0,-0.0,0.17149,True,True,True,0.0,False,False,36.783
1698,84.9,0,alert,alert,0.932429,0.932429,0.000854,0.0,0.060793,0.005924,0.052637,0.94915,0.0,0.091665,0.13559,0.274834,-0.0,-0.0,0.171642,True,True,True,0.0,False,False,37.33
1699,84.95,0,alert,alert,0.891389,0.891389,0.000989,0.0,0.101063,0.006558,0.047602,0.951004,0.0,0.091678,0.135564,0.274775,-0.0,-0.0,0.17164,True,True,True,0.018731,False,False,37.035
1700,85.0,0,alert,alert,0.794152,0.794152,0.001163,0.0,0.197134,0.007552,0.045485,0.951753,0.0,0.091641,0.134997,0.274416,-0.0,-0.0,0.171622,True,True,True,0.089463,False,False,45.505
1701,85.05,0,alert,alert,0.73246,0.73246,0.001218,0.0,0.25821,0.008112,0.046326,0.951576,0.0,0.091646,0.13467,0.274214,-0.0,-0.0,0.17147,True,True,True,0.003592,False,False,37.665
1702,85.1,0,alert,alert,0.682452,0.682452,0.001188,0.0,0.307934,0.008425,0.046782,0.950059,0.0,0.091646,0.134521,0.273826,-0.0,-0.0,0.171445,True,True,True,0.0,False,False,37.077
1703,85.15,0,alert,alert,0.716202,0.716202,0.00114,0.0,0.274076,0.008582,0.046776,0.950588,0.0,0.091648,0.134544,0.273149,-0.0,-0.0,0.171082,True,True,True,0.0,False,False,36.909
1704,85.2,0,alert,alert,0.657791,0.657791,0.001145,0.0,0.332615,0.008449,0.045641,0.951176,0.0,0.091617,0.134544,0.272617,-0.0,-0.0,0.170525,True,True,True,0.0,False,False,36.888
1705,85.25,0,alert,alert,0.614303,0.614303,0.001145,0.0,0.37593,0.008621,0.045762,0.951038,0.0,0.091595,0.134548,0.272046,-0.0,-0.0,0.169929,True,True,True,0.0,False,False,45.678
1706,85.3,0,alert,alert,0.5629,0.5629,0.001164,0.0,0.427178,0.008759,0.042343,0.951685,0.0,0.09156,0.134553,0.271842,-0.0,-0.0,0.169779,True,True,True,0.0,False,False,36.818
1707,85.35,3,yawning,yawning,0.566524,0.424198,0.001129,0.0,0.566524,0.008149,0.049139,0.950231,0.0,0.091554,0.134409,0.271259,-0.0,-0.0,0.16917,True,True,True,0.0,False,False,37.157
1708,85.4,3,yawning,yawning,0.502588,0.487471,0.001117,0.0,0.502588,0.008824,0.046531,0.949929,0.0,0.091548,0.134575,0.270286,-0.0,-0.0,0.168104,True,True,True,0.0,False,False,36.89
1709,85.45,0,alert,alert,0.640612,0.640612,0.001062,0.0,0.348868,0.009457,0.049895,0.949581,0.0,0.091556,0.134587,0.269711,-0.0,-0.0,0.167505,True,True,True,0.0,False,False,37.068
1710,85.5,0,alert,alert,0.716614,0.716614,0.001009,0.0,0.272891,0.009487,0.048458,0.95058,0.0,0.091539,0.13459,0.269139,-0.0,-0.0,0.166909,True,True,True,0.0,False,False,45.718
1711,85.55,0,alert,alert,0.749753,0.749753,0.000982,0.0,0.240165,0.009101,0.051174,0.950261,0.0,0.091528,0.134597,0.268946,-0.0,-0.0,0.166762,True,True,True,0.0,False,False,37.614
1712,85.6,0,alert,alert,0.744259,0.744259,0.000966,0.0,0.244724,0.010051,0.044678,0.952168,0.0,0.091427,0.134445,0.268368,-0.0,-0.0,0.166164,True,True,True,0.0,False,False,37.45
1713,85.65,0,alert,alert,0.80967,0.80967,0.0009,0.0,0.179579,0.009851,0.051787,0.950505,0.0,0.091386,0.134604,0.267415,-0.0,-0.0,0.165115,True,True,True,0.0,False,False,37.998
1714,85.7,0,alert,alert,0.855868,0.855868,0.000817,0.0,0.133906,0.009409,0.054891,0.949763,0.0,0.091366,0.134621,0.266833,-0.0,-0.0,0.164505,True,True,True,0.0,False,False,37.465
1715,85.75,0,alert,alert,0.822068,0.822068,0.000906,0.0,0.165818,0.011207,0.09722,0.942962,0.0,0.09157,0.134702,0.266286,-0.0,-0.0,0.163892,True,True,True,0.0,False,False,46.408
1716,85.8,0,alert,alert,0.801915,0.801915,0.001124,0.0,0.180858,0.016103,0.456727,0.868934,0.0,0.093407,0.135352,0.266439,-0.0,-0.0,0.16376,True,True,True,0.0,False,False,37.48
1717,85.85,0,alert,alert,0.750554,0.750554,0.001388,0.0,0.229004,0.019053,0.499125,0.821607,0.0,0.095393,0.135884,0.266227,-0.0,-0.0,0.163174,True,True,True,0.0,False,False,37.104
1718,85.9,0,alert,alert,0.6865,0.6865,0.00139,0.0,0.297417,0.014693,0.431214,0.884142,0.0,0.097208,0.136659,0.265603,-0.0,-0.0,0.162135,True,True,True,0.0,False,False,37.071
1719,85.95,0,alert,alert,0.671081,0.671081,0.001302,0.0,0.315457,0.012161,0.290668,0.91814,0.0,0.098384,0.137065,0.265253,-0.0,-0.0,0.16155,True,True,True,0.0,False,False,37.113
1720,86.0,0,alert,alert,0.733912,0.733912,0.001245,0.0,0.253425,0.011419,0.145125,0.937402,0.0,0.098834,0.13723,0.26479,-0.0,-0.0,0.160976,True,True,True,0.0,False,False,45.826
1721,86.05,0,alert,alert,0.824639,0.824639,0.001134,0.0,0.163492,0.010735,0.064642,0.948576,0.0,0.098876,0.137266,0.264614,-0.0,-0.0,0.160835,True,True,True,0.0,False,False,37.311
1722,86.1,0,alert,alert,0.893514,0.893514,0.00105,0.0,0.095687,0.009749,0.043288,0.952832,0.0,0.098793,0.137106,0.264102,-0.0,-0.0,0.160298,True,True,True,0.0,False,False,37.164
1723,86.15,0,alert,alert,0.913276,0.913276,0.001073,0.0,0.076482,0.009169,0.045508,0.952587,0.0,0.098773,0.137266,0.263542,-0.0,-0.0,0.15962,True,True,True,0.0,False,False,37.289
1724,86.2,0,alert,alert,0.895158,0.895158,0.00122,0.0,0.09303,0.010591,0.047518,0.95185,0.0,0.098753,0.137272,0.263221,-0.0,-0.0,0.159261,True,True,True,0.0,False,False,36.993
1725,86.25,0,alert,alert,0.868158,0.868158,0.001337,0.0,0.118248,0.012258,0.052022,0.950867,0.0,0.096914,0.137284,0.262887,-0.0,-0.0,0.158886,True,True,True,0.0,False,False,45.599
1726,86.3,0,alert,alert,0.822347,0.822347,0.001531,0.0,0.160966,0.015156,0.048021,0.951182,0.0,0.094856,0.137287,0.262697,-0.0,-0.0,0.158746,True,True,True,0.0,False,False,37.031
1727,86.35,0,alert,alert,0.77678,0.77678,0.001627,0.0,0.204685,0.016908,0.046463,0.950833,0.0,0.092827,0.137133,0.262322,-0.0,-0.0,0.158337,True,True,True,0.0,False,False,37.008
1728,86.4,0,alert,alert,0.64173,0.64173,0.001673,0.0,0.340823,0.015775,0.042327,0.951515,0.0,0.091201,0.137293,0.261663,-0.0,-0.0,0.157566,True,True,True,0.0,False,False,37.156
1729,86.45,0,alert,alert,0.523426,0.523426,0.001596,0.0,0.460351,0.014627,0.043302,0.951556,0.0,0.090387,0.137297,0.261203,-0.0,-0.0,0.157077,True,True,True,0.0,False,False,37.097
1730,86.5,3,yawning,yawning,0.52575,0.460873,0.00142,0.0,0.52575,0.011957,0.055974,0.949511,0.0,0.090258,0.137323,0.260707,-0.0,-0.0,0.15654,True,True,True,0.0,False,False,45.776
1731,86.55,3,yawning,yawning,0.517269,0.470798,0.001348,0.0,0.517269,0.010585,0.060393,0.94874,0.0,0.090332,0.13736,0.260531,-0.0,-0.0,0.156402,True,True,True,0.0,False,False,37.286
1732,86.6,3,yawning,yawning,0.540794,0.447974,0.00135,0.0,0.540794,0.009883,0.048758,0.950235,0.0,0.090373,0.13721,0.26002,-0.0,-0.0,0.155857,True,True,True,0.0,False,False,37.266
1733,86.65,3,yawning,yawning,0.645332,0.345411,0.001202,0.0,0.645332,0.008055,0.046181,0.951417,0.0,0.090413,0.137364,0.259078,-0.0,-0.0,0.154805,True,True,True,0.0,False,False,37.114
1734,86.7,3,yawning,yawning,0.727238,0.264941,0.001089,0.0,0.727238,0.006732,0.058061,0.947391,0.0,0.090507,0.137352,0.258525,-0.0,-0.0,0.154214,True,True,True,0.0,False,False,37.144
1735,86.75,3,yawning,yawning,0.775115,0.218187,0.001002,0.0,0.775115,0.005696,0.050709,0.948501,0.0,0.090527,0.137265,0.258007,-0.0,-0.0,0.153663,True,True,True,0.0,False,False,45.591
1736,86.8,3,yawning,yawning,0.819338,0.174878,0.000894,0.0,0.819338,0.00489,0.059428,0.949075,0.0,0.09058,0.137118,0.257833,-0.0,-0.0,0.153528,True,True,True,0.0,False,False,37.358
1737,86.85,3,yawning,yawning,0.793369,0.200513,0.00093,0.0,0.793369,0.005188,0.066824,0.948613,0.0,0.090678,0.136999,0.257293,-0.0,-0.0,0.152943,True,True,True,0.0,False,False,37.097
1738,86.9,3,yawning,yawning,0.752377,0.240848,0.000992,0.0,0.752377,0.005783,0.058654,0.949003,0.0,0.090747,0.13672,0.256359,-0.0,-0.0,0.151898,True,True,True,0.0,False,False,37.112
1739,86.95,3,yawning,yawning,0.624374,0.366857,0.001233,0.0,0.624374,0.007535,0.058946,0.948094,0.0,0.090826,0.136232,0.255798,-0.0,-0.0,0.151302,True,True,True,1.0,False,False,37.002
1740,87.0,0,alert,alert,0.563458,0.563458,0.001441,0.0,0.426174,0.008926,0.053726,0.950323,0.0,0.090874,0.135559,0.255219,-0.0,-0.0,0.150694,True,True,True,0.943558,False,False,45.472
1741,87.05,0,alert,alert,0.69826,0.69826,0.001478,0.0,0.291011,0.009251,0.048713,0.950603,0.0,0.090881,0.134845,0.255038,-0.0,-0.0,0.150562,True,True,True,0.932114,False,False,37.214
1742,87.1,0,alert,alert,0.741175,0.741175,0.001474,0.0,0.248921,0.00843,0.050616,0.950295,0.0,0.090905,0.134702,0.254456,-0.0,-0.0,0.149955,True,True,True,0.581696,False,False,37.101
1743,87.15,0,alert,alert,0.79291,0.79291,0.001954,0.0,0.195309,0.009827,0.437164,0.863839,0.0,0.092733,0.134178,0.253798,-0.0,-0.0,0.148888,True,True,True,0.483276,False,False,37.031
1744,87.2,0,alert,alert,0.800835,0.800835,0.003702,0.0,0.184394,0.01107,0.51536,0.818042,0.0,0.094821,0.134571,0.253601,-0.0,-0.0,0.14831,True,True,True,0.0,False,False,37.056
1745,87.25,0,alert,alert,0.72951,0.72951,0.011578,0.0,0.244597,0.014314,0.521979,0.819647,0.0,0.096951,0.135188,0.253408,-0.0,-0.0,0.147729,True,True,True,0.369751,False,False,45.566
1746,87.3,0,alert,alert,0.506188,0.506188,0.018675,0.0,0.462793,0.012345,0.487821,0.874701,0.0,0.099053,0.135887,0.253598,-0.0,-0.0,0.14761,True,True,True,0.369751,False,False,37.357
1747,87.35,3,yawning,yawning,0.624665,0.354381,0.012789,0.0,0.624665,0.008165,0.402394,0.910094,0.0,0.100803,0.13632,0.253328,-0.0,-0.0,0.147019,True,True,True,0.0,False,False,37.282
1748,87.4,3,yawning,yawning,0.752108,0.236273,0.006229,0.0,0.752108,0.005389,0.245852,0.932408,0.0,0.101828,0.136833,0.252532,-0.0,-0.0,0.145959,True,True,True,0.0,False,False,37.206
1749,87.45,3,yawning,yawning,0.740258,0.250799,0.003772,0.0,0.740258,0.005172,0.100672,0.94845,0.0,0.102138,0.136942,0.252002,-0.0,-0.0,0.145362,True,True,True,0.0,False,False,36.97
1750,87.5,3,yawning,yawning,0.684648,0.306764,0.002925,0.0,0.684648,0.005663,0.050514,0.953425,0.0,0.102189,0.136961,0.251424,-0.0,-0.0,0.144763,True,True,True,0.0,False,False,45.705
1751,87.55,3,yawning,yawning,0.709455,0.28335,0.002099,0.0,0.709455,0.005095,0.040918,0.955031,0.0,0.10219,0.136955,0.251238,-0.0,-0.0,0.144635,True,True,True,0.0,False,False,37.302
1752,87.6,3,yawning,yawning,0.736309,0.257094,0.001653,0.0,0.736309,0.004945,0.038399,0.954321,0.0,0.10218,0.136787,0.250648,-0.0,-0.0,0.144033,True,True,True,0.0,False,False,37.365
1753,87.65,3,yawning,yawning,0.706591,0.286518,0.001511,0.0,0.706591,0.00538,0.039855,0.953679,0.0,0.102177,0.136844,0.249664,-0.0,-0.0,0.142964,True,True,True,0.0,False,False,37.477
1754,87.7,3,yawning,yawning,0.652176,0.340449,0.001472,0.0,0.652176,0.005904,0.04037,0.953134,0.0,0.102168,0.136758,0.249093,-0.0,-0.0,0.142379,True,True,True,0.0,False,False,37.739
1755,87.75,3,yawning,yawning,0.643448,0.348908,0.001449,0.0,0.643448,0.006195,0.042928,0.951464,0.0,0.102182,0.13671,0.248529,-0.0,-0.0,0.141797,True,True,True,0.0,False,False,45.693
1756,87.8,3,yawning,yawning,0.633048,0.359262,0.001422,0.0,0.633048,0.006268,0.043988,0.950841,0.0,0.102184,0.136692,0.248349,-0.0,-0.0,0.141672,True,True,True,0.0,False,False,37.413
1757,87.85,3,yawning,yawning,0.619345,0.372618,0.001458,0.0,0.619345,0.006579,0.049671,0.949914,0.0,0.1022,0.136544,0.247807,-0.0,-0.0,0.141105,True,True,True,0.0,False,False,38.214
1758,87.9,3,yawning,yawning,0.561102,0.430416,0.001496,0.0,0.561102,0.006986,0.054031,0.949104,0.0,0.102238,0.136717,0.247045,-0.0,-0.0,0.140228,True,True,True,0.0,False,False,37.784
1759,87.95,0,alert,alert,0.515639,0.515639,0.001516,0.0,0.475736,0.007109,0.058455,0.948555,0.0,0.102316,0.136743,0.246686,-0.0,-0.0,0.139825,True,True,True,0.0,False,False,37.745
1760,88.0,0,alert,alert,0.532704,0.532704,0.001485,0.0,0.458941,0.00687,0.061242,0.947942,0.0,0.102406,0.136779,0.246357,-0.0,-0.0,0.139447,True,True,True,0.0,False,False,47.695
1761,88.05,3,yawning,yawning,0.513332,0.478745,0.00144,0.0,0.513332,0.006483,0.06261,0.947725,0.0,0.102496,0.136816,0.246196,-0.0,-0.0,0.139325,True,True,True,0.0,False,False,38.608
1762,88.1,3,yawning,yawning,0.630178,0.362097,0.001382,0.0,0.630178,0.006343,0.065428,0.947092,0.0,0.102583,0.136695,0.245858,-0.0,-0.0,0.138935,True,True,True,0.0,False,False,37.207
1763,88.15,3,yawning,yawning,0.756118,0.237555,0.001176,0.0,0.756118,0.005151,0.062687,0.948093,0.0,0.102649,0.136894,0.245309,-0.0,-0.0,0.138251,True,True,True,0.0,False,False,37.295
1764,88.2,3,yawning,yawning,0.873631,0.121721,0.000902,0.0,0.873631,0.003746,0.084807,0.945105,0.0,0.102833,0.13697,0.244928,-0.0,-0.0,0.137803,True,True,True,0.0,False,False,36.806
1765,88.25,3,yawning,yawning,0.861482,0.133035,0.001083,0.0,0.861482,0.0044,0.454303,0.862887,0.0,0.104717,0.137621,0.244822,-0.0,-0.0,0.137335,True,True,True,0.0,False,False,45.655
1766,88.3,3,yawning,yawning,0.867873,0.126398,0.001311,0.0,0.867873,0.004418,0.510024,0.814358,0.0,0.106756,0.138329,0.245021,-0.0,-0.0,0.137232,True,True,True,0.0,False,False,36.916
1767,88.35,3,yawning,yawning,0.912893,0.082764,0.001082,0.0,0.912893,0.003262,0.443958,0.889346,0.0,0.108646,0.138814,0.244875,-0.0,-0.0,0.136723,True,True,True,0.0,False,False,37.082
1768,88.4,3,yawning,yawning,0.945937,0.051002,0.000781,0.0,0.945937,0.002281,0.287063,0.923443,0.0,0.109815,0.138752,0.244237,-0.0,-0.0,0.135759,True,True,True,0.0,False,False,36.885
1769,88.45,3,yawning,yawning,0.963185,0.034497,0.000589,0.0,0.963185,0.001729,0.12607,0.942379,0.0,0.110178,0.138175,0.243753,-0.0,-0.0,0.135176,True,True,True,0.0,False,False,37.562
1770,88.5,3,yawning,yawning,0.974717,0.023497,0.00045,0.0,0.974717,0.001336,0.061171,0.951731,0.0,0.108478,0.13741,0.243207,-0.0,-0.0,0.134589,True,True,True,0.0,False,False,46.554
1771,88.55,3,yawning,yawning,0.979763,0.018729,0.000375,0.0,0.979763,0.001133,0.042851,0.954006,0.0,0.106393,0.136487,0.24303,-0.0,-0.0,0.134471,True,True,True,0.0,False,False,37.47
1772,88.6,3,yawning,yawning,0.984147,0.014563,0.00032,0.0,0.984147,0.000971,0.04364,0.952858,0.0,0.104408,0.136329,0.242506,-0.0,-0.0,0.133922,True,True,True,0.0,False,False,37.62
1773,88.65,3,yawning,yawning,0.987098,0.011742,0.00029,0.0,0.987098,0.00087,0.049111,0.950894,0.0,0.102884,0.134897,0.24162,-0.0,-0.0,0.132924,True,True,True,0.0,False,False,37.364
1774,88.7,3,yawning,yawning,0.989083,0.009856,0.000269,0.0,0.989083,0.000791,0.051031,0.950054,0.0,0.102223,0.13437,0.241082,-0.0,-0.0,0.132357,True,True,True,0.0,False,False,37.002
1775,88.75,3,yawning,yawning,0.989901,0.009051,0.000267,0.0,0.989901,0.000781,0.050585,0.950012,0.0,0.102059,0.134151,0.240521,-0.0,-0.0,0.131769,True,True,True,0.0,False,False,46.005
1776,88.8,3,yawning,yawning,0.989058,0.009838,0.000278,0.0,0.989058,0.000826,0.049179,0.950208,0.0,0.10207,0.134118,0.240353,-0.0,-0.0,0.131654,True,True,True,0.0,False,False,37.152
1777,88.85,3,yawning,yawning,0.988451,0.010396,0.000288,0.0,0.988451,0.000865,0.0468,0.950066,0.0,0.102086,0.13397,0.239778,-0.0,-0.0,0.131056,True,True,True,0.0,False,False,36.919
1778,88.9,3,yawning,yawning,0.984436,0.014192,0.000333,0.0,0.984436,0.001039,0.045011,0.950397,0.0,0.102063,0.133534,0.238786,-0.0,-0.0,0.129969,True,True,True,0.0,False,False,36.841
1779,88.95,3,yawning,yawning,0.983534,0.015102,0.000328,0.0,0.983534,0.001036,0.043617,0.950935,0.0,0.102035,0.132946,0.238207,-0.0,-0.0,0.129374,True,True,True,0.0,False,False,37.349
1780,89.0,3,yawning,yawning,0.984898,0.013841,0.000304,0.0,0.984898,0.000957,0.044339,0.951699,0.0,0.102013,0.132277,0.237632,-0.0,-0.0,0.128782,True,True,True,0.0,False,False,45.782
1781,89.05,3,yawning,yawning,0.984729,0.014016,0.000301,0.0,0.984729,0.000953,0.046697,0.951758,0.0,0.102006,0.131649,0.237465,-0.0,-0.0,0.128669,True,True,True,0.0,False,False,36.95
1782,89.1,3,yawning,yawning,0.983283,0.015427,0.000305,0.0,0.983283,0.000985,0.045459,0.952352,0.0,0.102009,0.131503,0.236892,-0.0,-0.0,0.128078,True,True,True,0.0,False,False,37.057
1783,89.15,3,yawning,yawning,0.978915,0.019623,0.000334,0.0,0.978915,0.001129,0.047461,0.952325,0.0,0.10203,0.130991,0.235918,-0.0,-0.0,0.127011,True,True,True,0.0,False,False,37.179
1784,89.2,3,yawning,yawning,0.95752,0.040173,0.000472,0.0,0.95752,0.001834,0.049409,0.951428,0.0,0.102043,0.130958,0.235353,-0.0,-0.0,0.126425,True,True,True,0.0,False,False,36.951
1785,89.25,3,yawning,yawning,0.896566,0.099356,0.000737,0.0,0.896566,0.003342,0.053164,0.950495,0.0,0.102072,0.130977,0.234794,-0.0,-0.0,0.125842,True,True,True,0.0,False,False,45.918
1786,89.3,3,yawning,yawning,0.735502,0.257091,0.001145,0.0,0.735502,0.006262,0.049749,0.950924,0.0,0.1021,0.130997,0.234632,-0.0,-0.0,0.125732,True,True,True,0.0,False,False,37.427
1787,89.35,0,alert,alert,0.519031,0.519031,0.001427,0.0,0.470696,0.008847,0.049128,0.950753,0.0,0.10214,0.130858,0.234062,-0.0,-0.0,0.12514,True,True,True,0.0,False,False,36.996
1788,89.4,0,alert,alert,0.733738,0.733738,0.001396,0.0,0.255885,0.008981,0.053206,0.950074,0.0,0.10221,0.131039,0.233081,-0.0,-0.0,0.124062,True,True,True,0.0,False,False,37.415
1789,89.45,0,alert,alert,0.837948,0.837948,0.001278,0.0,0.152559,0.008215,0.055494,0.949652,0.0,0.102275,0.131059,0.232524,-0.0,-0.0,0.123478,True,True,True,0.0,False,False,37.043
1790,89.5,0,alert,alert,0.87345,0.87345,0.001251,0.0,0.117869,0.007431,0.056249,0.94955,0.0,0.102324,0.131065,0.231974,-0.0,-0.0,0.1229,True,True,True,0.0,False,False,45.844
1791,89.55,0,alert,alert,0.897061,0.897061,0.00126,0.0,0.094681,0.006998,0.052182,0.950156,0.0,0.102348,0.131045,0.231817,-0.0,-0.0,0.122793,True,True,True,0.0,False,False,37.066
1792,89.6,0,alert,alert,0.909597,0.909597,0.001231,0.0,0.082583,0.006589,0.050738,0.94972,0.0,0.102354,0.130909,0.231271,-0.0,-0.0,0.122222,True,True,True,0.0,False,False,37.014
1793,89.65,0,alert,alert,0.916376,0.916376,0.0012,0.0,0.076181,0.006243,0.049179,0.949824,0.0,0.102352,0.129763,0.230377,-0.0,-0.0,0.121225,True,True,True,0.0,False,False,37.08
1794,89.7,0,alert,alert,0.90533,0.90533,0.001222,0.0,0.087323,0.006125,0.050883,0.949649,0.0,0.102387,0.129051,0.229931,-0.0,-0.0,0.120747,True,True,True,0.0,False,False,37.16
1795,89.75,0,alert,alert,0.887478,0.887478,0.001276,0.0,0.104972,0.006274,0.053552,0.948597,0.0,0.102446,0.128305,0.229562,-0.0,-0.0,0.120338,True,True,True,0.0,False,False,45.744
1796,89.8,0,alert,alert,0.841908,0.841908,0.001374,0.0,0.149835,0.006883,0.052097,0.948849,0.0,0.102503,0.127491,0.229407,-0.0,-0.0,0.120233,True,True,True,0.0,False,False,37.018
1797,89.85,0,alert,alert,0.753348,0.753348,0.001467,0.0,0.237818,0.007367,0.051707,0.948753,0.0,0.102556,0.127363,0.229062,-0.0,-0.0,0.119849,True,True,True,0.0,False,False,36.93
1798,89.9,0,alert,alert,0.565512,0.565512,0.001482,0.0,0.425323,0.007683,0.047296,0.950245,0.0,0.102585,0.125539,0.22853,-0.0,-0.0,0.119192,True,True,True,0.0,False,False,36.89
1799,89.95,3,yawning,yawning,0.525385,0.46529,0.001372,0.0,0.525385,0.007953,0.04353,0.951493,0.0,0.102429,0.124477,0.228156,-0.0,-0.0,0.118788,True,True,True,0.0,False,False,36.902
