frame_id,timestamp,state_id,state,predicted_driver_state,confidence,p_alert,p_drowsy,p_microsleep,p_yawning,p_distraction,closed_probability,ocular_reliability,closure_duration_seconds,perclos_10s,perclos_30s,perclos_60s,slow_perclos_10s,slow_perclos_30s,slow_perclos_60s,perclos_10s_reliable,perclos_30s_reliable,perclos_60s_reliable,nod_probability,microsleep_active,drowsy_episode_active,latency_ms
0,0.0,4,distraction,distracted,0.522141,0.181011,0.152104,0.0,0.144745,0.522141,0.266218,0.740537,0.0,0.266218,0.266218,0.266218,0.0,0.0,0.0,False,False,False,0.0,False,False,46.168
1,0.05,4,distraction,distracted,0.859576,0.073906,0.034084,0.0,0.032434,0.859576,0.120734,0.87958,0.0,0.187233,0.187233,0.187233,0.0,0.0,0.0,False,False,False,0.0,False,False,37.483
2,0.1,4,distraction,distracted,0.963665,0.026314,0.005169,0.0,0.004852,0.963665,0.065993,0.931015,0.0,0.142987,0.142987,0.142987,0.0,0.0,0.0,False,False,False,0.0,False,False,37.334
3,0.15,4,distraction,distracted,0.983463,0.014168,0.001218,0.0,0.001152,0.983463,0.047629,0.946457,0.0,0.117183,0.117183,0.117183,0.0,0.0,0.0,False,False,False,0.0,False,False,37.14
4,0.2,4,distraction,distracted,0.988055,0.010941,0.000508,0.0,0.000495,0.988055,0.04065,0.950595,0.0,0.100828,0.100828,0.100828,0.0,0.0,0.0,False,False,False,0.0,False,False,37.326
5,0.25,4,distraction,distracted,0.989401,0.009973,0.000311,0.0,0.000315,0.989401,0.037897,0.95198,0.0,0.089734,0.089734,0.089734,0.0,0.0,0.0,False,False,False,0.0,False,False,46.025
6,0.3,4,distraction,distracted,0.989744,0.009768,0.000239,0.0,0.000248,0.989744,0.036809,0.952948,0.0,0.081795,0.081795,0.081795,0.0,0.0,0.0,False,False,False,0.0,False,False,37.567
7,0.35,4,distraction,distracted,0.98953,0.010045,0.000207,0.0,0.000218,0.98953,0.037718,0.952349,0.0,0.076049,0.076049,0.076049,0.0,0.0,0.0,False,False,False,0.0,False,False,37.871
8,0.4,4,distraction,distracted,0.989142,0.010467,0.000189,0.0,0.000202,0.989142,0.039081,0.951574,0.0,0.071789,0.071789,0.071789,0.0,0.0,0.0,False,False,False,0.0,False,False,37.413
9,0.45,4,distraction,distracted,0.989168,0.010467,0.000175,0.0,0.00019,0.989168,0.039372,0.95154,0.0,0.068439,0.068439,0.068439,0.0,0.0,0.0,False,False,False,0.0,False,False,37.372
10,0.5,4,distraction,distracted,0.98891,0.010736,0.000169,0.0,0.000185,0.98891,0.038324,0.95204,0.0,0.065617,0.065617,0.065617,0.0,0.0,0.0,False,False,False,0.0,False,False,46.397
11,0.55,4,distraction,distracted,0.988617,0.01104,0.000162,0.0,0.00018,0.988617,0.036931,0.952195,0.0,0.06316,0.06316,0.06316,0.0,0.0,0.0,False,False,False,0.0,False,False,37.357
12,0.6,4,distraction,distracted,0.987903,0.011759,0.000159,0.0,0.000178,0.987903,0.037126,0.952176,0.0,0.061105,0.061105,0.061105,0.0,0.0,0.0,False,False,False,0.003769,False,False,37.23
13,0.65,4,distraction,distracted,0.987617,0.012047,0.000158,0.0,0.000178,0.987617,0.03651,0.953126,0.0,0.059304,0.059304,0.059304,0.0,0.0,0.0,False,False,False,0.003769,False,False,37.361
14,0.7,4,distraction,distracted,0.987576,0.012083,0.00016,0.0,0.000181,0.987576,0.036628,0.952935,0.0,0.057758,0.057758,0.057758,0.0,0.0,0.0,False,False,False,0.003769,False,False,37.467
15,0.75,4,distraction,distracted,0.987798,0.011862,0.000159,0.0,0.000182,0.987798,0.037225,0.953122,0.0,0.056446,0.056446,0.056446,0.0,0.0,0.0,False,False,False,0.003769,False,False,46.032
16,0.8,4,distraction,distracted,0.987516,0.012138,0.000161,0.0,0.000186,0.987516,0.040434,0.952409,0.0,0.055486,0.055486,0.055486,0.0,0.0,0.0,False,False,False,0.003769,False,False,37.509
17,0.85,4,distraction,distracted,0.986821,0.012832,0.00016,0.0,0.000187,0.986821,0.039403,0.952542,0.0,0.054575,0.054575,0.054575,0.0,0.0,0.0,False,False,False,0.003769,False,False,37.495
18,0.9,4,distraction,distracted,0.985685,0.013968,0.000159,0.0,0.000188,0.985685,0.03796,0.95298,0.0,0.053685,0.053685,0.053685,0.0,0.0,0.0,False,False,False,0.003769,False,False,37.622
19,0.95,4,distraction,distracted,0.985523,0.014133,0.000158,0.0,0.000186,0.985523,0.037863,0.953137,0.0,0.05288,0.05288,0.05288,0.0,0.0,0.0,False,False,False,0.003769,False,False,37.663
20,1.0,4,distraction,distracted,0.98549,0.014171,0.000156,0.0,0.000184,0.98549,0.037881,0.95303,0.0,0.052154,0.052154,0.052154,0.0,0.0,0.0,False,False,False,0.003769,False,False,46.592
21,1.05,4,distraction,distracted,0.984971,0.014685,0.000158,0.0,0.000186,0.984971,0.040046,0.952941,0.0,0.051595,0.051595,0.051595,0.0,0.0,0.0,False,False,False,0.003769,False,False,38.398
22,1.1,4,distraction,distracted,0.984968,0.014689,0.000158,0.0,0.000186,0.984968,0.039054,0.952819,0.0,0.051042,0.051042,0.051042,0.0,0.0,0.0,False,False,False,0.003769,False,False,37.832
23,1.15,4,distraction,distracted,0.984986,0.014675,0.000156,0.0,0.000184,0.984986,0.03848,0.952705,0.0,0.050511,0.050511,0.050511,0.0,0.0,0.0,False,False,False,0.003769,False,False,38.001
24,1.2,4,distraction,distracted,0.985331,0.014332,0.000154,0.0,0.000182,0.985331,0.039077,0.952866,0.0,0.050047,0.050047,0.050047,0.0,0.0,0.0,False,False,False,0.003769,False,False,37.979
25,1.25,4,distraction,distracted,0.984509,0.015152,0.000156,0.0,0.000184,0.984509,0.038185,0.953212,0.0,0.049585,0.049585,0.049585,0.0,0.0,0.0,False,False,False,0.003769,False,False,46.334
26,1.3,4,distraction,distracted,0.983479,0.016179,0.000157,0.0,0.000186,0.983479,0.037502,0.953395,0.0,0.049131,0.049131,0.049131,0.0,0.0,0.0,False,False,False,0.003769,False,False,37.481
27,1.35,4,distraction,distracted,0.981727,0.017923,0.00016,0.0,0.000191,0.981727,0.038035,0.953541,0.0,0.04873,0.04873,0.04873,0.0,0.0,0.0,False,False,False,0.003769,False,False,37.634
28,1.4,4,distraction,distracted,0.981658,0.017992,0.00016,0.0,0.00019,0.981658,0.036909,0.953773,0.0,0.048317,0.048317,0.048317,0.0,0.0,0.0,False,False,False,0.003769,False,False,37.531
29,1.45,4,distraction,distracted,0.982333,0.017319,0.00016,0.0,0.000188,0.982333,0.036473,0.953924,0.0,0.047917,0.047917,0.047917,0.0,0.0,0.0,False,False,False,0.003769,False,False,37.446
30,1.5,4,distraction,distracted,0.983583,0.016071,0.000159,0.0,0.000186,0.983583,0.036332,0.954099,0.0,0.047539,0.047539,0.047539,0.0,0.0,0.0,False,False,False,0.003769,False,False,46.338
31,1.55,4,distraction,distracted,0.984616,0.015043,0.000157,0.0,0.000184,0.984616,0.036284,0.953992,0.0,0.047183,0.047183,0.047183,0.0,0.0,0.0,False,False,False,0.0,False,False,37.406
32,1.6,4,distraction,distracted,0.985263,0.014395,0.000157,0.0,0.000184,0.985263,0.036005,0.953838,0.0,0.046841,0.046841,0.046841,0.0,0.0,0.0,False,False,False,0.0,False,False,37.334
33,1.65,4,distraction,distracted,0.985852,0.013805,0.000158,0.0,0.000184,0.985852,0.036196,0.95369,0.0,0.046524,0.046524,0.046524,0.0,0.0,0.0,False,False,False,0.057785,False,False,37.541
34,1.7,4,distraction,distracted,0.986084,0.013575,0.000157,0.0,0.000184,0.986084,0.036044,0.953843,0.0,0.046222,0.046222,0.046222,0.0,0.0,0.0,False,False,False,0.057785,False,False,37.606
35,1.75,4,distraction,distracted,0.986252,0.013406,0.000158,0.0,0.000184,0.986252,0.035815,0.953612,0.0,0.04593,0.04593,0.04593,0.0,0.0,0.0,False,False,False,0.0,False,False,46.309
36,1.8,4,distraction,distracted,0.986356,0.013307,0.000156,0.0,0.000182,0.986356,0.035774,0.953437,0.0,0.045653,0.045653,0.045653,0.0,0.0,0.0,False,False,False,0.093262,False,False,37.367
37,1.85,4,distraction,distracted,0.986079,0.013582,0.000156,0.0,0.000183,0.986079,0.036158,0.953088,0.0,0.045401,0.045401,0.045401,0.0,0.0,0.0,False,False,False,0.093262,False,False,37.297
38,1.9,4,distraction,distracted,0.986544,0.013118,0.000156,0.0,0.000182,0.986544,0.03605,0.953127,0.0,0.045159,0.045159,0.045159,0.0,0.0,0.0,False,False,False,0.009491,False,False,37.493
39,1.95,4,distraction,distracted,0.986866,0.012799,0.000155,0.0,0.00018,0.986866,0.035621,0.953234,0.0,0.044918,0.044918,0.044918,0.0,0.0,0.0,False,False,False,0.0,False,False,37.298
40,2.0,4,distraction,distracted,0.986322,0.013343,0.000155,0.0,0.00018,0.986322,0.035627,0.953158,0.0,0.04469,0.04469,0.04469,0.0,0.0,0.0,False,False,False,0.0,False,False,46.175
41,2.05,4,distraction,distracted,0.985791,0.013873,0.000155,0.0,0.000181,0.985791,0.035502,0.953113,0.0,0.044469,0.044469,0.044469,0.0,0.0,0.0,False,False,False,0.0,False,False,37.41
42,2.1,4,distraction,distracted,0.985762,0.013903,0.000154,0.0,0.000181,0.985762,0.035466,0.953424,0.0,0.044258,0.044258,0.044258,0.0,0.0,0.0,False,False,False,0.0,False,False,37.591
43,2.15,4,distraction,distracted,0.986163,0.013503,0.000154,0.0,0.00018,0.986163,0.035654,0.953334,0.0,0.044061,0.044061,0.044061,0.0,0.0,0.0,False,False,False,0.0,False,False,37.461
44,2.2,4,distraction,distracted,0.986503,0.013163,0.000154,0.0,0.00018,0.986503,0.035438,0.953432,0.0,0.043868,0.043868,0.043868,0.0,0.0,0.0,False,False,False,0.0,False,False,37.371
45,2.25,4,distraction,distracted,0.98681,0.012851,0.000157,0.0,0.000182,0.98681,0.035566,0.953435,0.0,0.043686,0.043686,0.043686,0.0,0.0,0.0,False,False,False,0.0,False,False,46.102
46,2.3,4,distraction,distracted,0.98713,0.012529,0.000158,0.0,0.000183,0.98713,0.036326,0.953239,0.0,0.043528,0.043528,0.043528,0.0,0.0,0.0,False,False,False,0.0,False,False,37.208
47,2.35,4,distraction,distracted,0.987225,0.012433,0.000158,0.0,0.000184,0.987225,0.03687,0.95299,0.0,0.043389,0.043389,0.043389,0.0,0.0,0.0,False,False,False,0.0,False,False,37.353
48,2.4,4,distraction,distracted,0.987392,0.012269,0.000157,0.0,0.000183,0.987392,0.037615,0.952832,0.0,0.04327,0.04327,0.04327,0.0,0.0,0.0,False,False,False,0.0,False,False,37.106
49,2.45,4,distraction,distracted,0.987247,0.012417,0.000155,0.0,0.000181,0.987247,0.037945,0.952678,0.0,0.043163,0.043163,0.043163,0.0,0.0,0.0,False,False,False,0.0,False,False,37.331
50,2.5,4,distraction,distracted,0.986908,0.012757,0.000154,0.0,0.000181,0.986908,0.037368,0.952908,0.0,0.043048,0.043048,0.043048,0.0,0.0,0.0,False,False,False,0.0,False,False,46.213
51,2.55,4,distraction,distracted,0.986524,0.013141,0.000154,0.0,0.000182,0.986524,0.037354,0.952736,0.0,0.042938,0.042938,0.042938,0.0,0.0,0.0,False,False,False,0.0,False,False,37.682
52,2.6,4,distraction,distracted,0.986194,0.013469,0.000154,0.0,0.000183,0.986194,0.03703,0.95292,0.0,0.042826,0.042826,0.042826,0.0,0.0,0.0,False,False,False,0.059387,False,False,37.834
53,2.65,4,distraction,distracted,0.986449,0.013217,0.000152,0.0,0.000181,0.986449,0.036964,0.952866,0.0,0.042717,0.042717,0.042717,0.0,0.0,0.0,False,False,False,0.059387,False,False,38.341
54,2.7,4,distraction,distracted,0.986408,0.013257,0.000152,0.0,0.000182,0.986408,0.036684,0.953191,0.0,0.042607,0.042607,0.042607,0.0,0.0,0.0,False,False,False,0.0,False,False,37.941
55,2.75,4,distraction,distracted,0.986853,0.012815,0.000152,0.0,0.000181,0.986853,0.036677,0.952996,0.0,0.0425,0.0425,0.0425,0.0,0.0,0.0,False,False,False,0.0,False,False,46.512
56,2.8,4,distraction,distracted,0.987139,0.012527,0.000153,0.0,0.000181,0.987139,0.036719,0.952826,0.0,0.042398,0.042398,0.042398,0.0,0.0,0.0,False,False,False,0.090057,False,False,38.216
57,2.85,4,distraction,distracted,0.986811,0.012853,0.000154,0.0,0.000182,0.986811,0.037838,0.95256,0.0,0.042319,0.042319,0.042319,0.0,0.0,0.0,False,False,False,0.090057,False,False,38.357
58,2.9,4,distraction,distracted,0.986785,0.012879,0.000154,0.0,0.000181,0.986785,0.03843,0.952315,0.0,0.042253,0.042253,0.042253,0.0,0.0,0.0,False,False,False,0.0,False,False,37.576
59,2.95,4,distraction,distracted,0.986305,0.013358,0.000156,0.0,0.000182,0.986305,0.037405,0.952563,0.0,0.042172,0.042172,0.042172,0.0,0.0,0.0,False,False,False,0.0,False,False,37.998
60,3.0,4,distraction,distracted,0.986327,0.013335,0.000156,0.0,0.000182,0.986327,0.037354,0.952374,0.0,0.042092,0.042092,0.042092,0.0,0.0,0.0,False,False,False,0.0,False,False,46.129
61,3.05,4,distraction,distracted,0.986305,0.013356,0.000157,0.0,0.000182,0.986305,0.037985,0.952424,0.0,0.042026,0.042026,0.042026,0.0,0.0,0.0,False,False,False,0.0,False,False,37.593
62,3.1,4,distraction,distracted,0.986198,0.013461,0.000159,0.0,0.000182,0.986198,0.038527,0.952476,0.0,0.04197,0.04197,0.04197,0.0,0.0,0.0,False,False,False,0.0,False,False,37.294
63,3.15,4,distraction,distracted,0.986454,0.013206,0.000159,0.0,0.000182,0.986454,0.039139,0.95239,0.0,0.041925,0.041925,0.041925,0.0,0.0,0.0,False,False,False,0.0,False,False,37.56
64,3.2,4,distraction,distracted,0.986174,0.013483,0.00016,0.0,0.000183,0.986174,0.038707,0.952497,0.0,0.041876,0.041876,0.041876,0.0,0.0,0.0,False,False,False,0.0,False,False,37.329
65,3.25,4,distraction,distracted,0.985809,0.013847,0.00016,0.0,0.000184,0.985809,0.037847,0.952713,0.0,0.041814,0.041814,0.041814,0.0,0.0,0.0,False,False,False,0.0,False,False,46.313
66,3.3,4,distraction,distracted,0.98623,0.013429,0.000159,0.0,0.000182,0.98623,0.037775,0.952692,0.0,0.041754,0.041754,0.041754,0.0,0.0,0.0,False,False,False,0.0,False,False,37.398
67,3.35,4,distraction,distracted,0.986018,0.013635,0.000161,0.0,0.000186,0.986018,0.037512,0.953149,0.0,0.041691,0.041691,0.041691,0.0,0.0,0.0,False,False,False,0.0,False,False,37.614
68,3.4,4,distraction,distracted,0.986178,0.013473,0.000162,0.0,0.000188,0.986178,0.038795,0.952928,0.0,0.041649,0.041649,0.041649,0.0,0.0,0.0,False,False,False,0.0,False,False,37.415
69,3.45,4,distraction,distracted,0.986444,0.013204,0.000163,0.0,0.000189,0.986444,0.038621,0.952996,0.0,0.041605,0.041605,0.041605,0.0,0.0,0.0,False,False,False,0.0,False,False,37.203
70,3.5,4,distraction,distracted,0.986116,0.013528,0.000164,0.0,0.000192,0.986116,0.038651,0.953341,0.0,0.041564,0.041564,0.041564,0.0,0.0,0.0,False,False,False,0.0,False,False,46.225
71,3.55,4,distraction,distracted,0.985906,0.013742,0.000162,0.0,0.00019,0.985906,0.037322,0.953324,0.0,0.041504,0.041504,0.041504,0.0,0.0,0.0,False,False,False,0.0,False,False,37.124
72,3.6,4,distraction,distracted,0.985113,0.014534,0.000162,0.0,0.000191,0.985113,0.037637,0.953306,0.0,0.041451,0.041451,0.041451,0.0,0.0,0.0,False,False,False,0.010864,False,False,37.286
73,3.65,4,distraction,distracted,0.986072,0.013577,0.000162,0.0,0.000189,0.986072,0.141491,0.934301,0.0,0.042783,0.042783,0.042783,0.0,0.0,0.0,False,False,False,0.0,False,False,37.566
74,3.7,4,distraction,distracted,0.986344,0.013303,0.000163,0.0,0.00019,0.986344,0.106209,0.942643,0.0,0.043623,0.043623,0.043623,0.0,0.0,0.0,False,False,False,0.0,False,False,37.325
75,3.75,4,distraction,distracted,0.98565,0.013992,0.000165,0.0,0.000193,0.98565,0.061925,0.950106,0.0,0.043865,0.043865,0.043865,0.0,0.0,0.0,False,False,False,0.0,False,False,46.053
76,3.8,4,distraction,distracted,0.986333,0.013311,0.000164,0.0,0.000192,0.986333,0.047925,0.952333,0.0,0.043918,0.043918,0.043918,0.0,0.0,0.0,False,False,False,0.0,False,False,37.397
77,3.85,4,distraction,distracted,0.987324,0.012325,0.000161,0.0,0.00019,0.987324,0.185692,0.927159,0.0,0.045695,0.045695,0.045695,0.0,0.0,0.0,False,False,False,0.0,False,False,37.423
78,3.9,4,distraction,distracted,0.988378,0.011279,0.000159,0.0,0.000184,0.988378,0.438027,0.880283,0.0,0.05031,0.05031,0.05031,0.0,0.0,0.0,False,False,False,0.0,False,False,37.422
79,3.95,4,distraction,distracted,0.986934,0.012696,0.00017,0.0,0.000199,0.986934,0.265323,0.924489,0.0,0.052934,0.052934,0.052934,0.0,0.0,0.0,False,False,False,0.0,False,False,37.514
80,4.0,4,distraction,distracted,0.987706,0.011936,0.000162,0.0,0.000195,0.987706,0.112293,0.94323,0.0,0.053664,0.053664,0.053664,0.0,0.0,0.0,False,False,False,0.0,False,False,46.345
81,4.05,4,distraction,distracted,0.988458,0.011194,0.000157,0.0,0.000191,0.988458,0.055979,0.950068,0.0,0.053692,0.053692,0.053692,0.0,0.0,0.0,False,False,False,0.0,False,False,37.426
82,4.1,4,distraction,distracted,0.98861,0.011043,0.000155,0.0,0.000192,0.98861,0.04253,0.952704,0.0,0.053557,0.053557,0.053557,0.0,0.0,0.0,False,False,False,0.0,False,False,37.517
83,4.15,4,distraction,distracted,0.988184,0.011472,0.000152,0.0,0.000191,0.988184,0.038159,0.95374,0.0,0.053372,0.053372,0.053372,0.0,0.0,0.0,False,False,False,0.0,False,False,37.398
84,4.2,4,distraction,distracted,0.988496,0.011166,0.00015,0.0,0.000188,0.988496,0.037109,0.954035,0.0,0.053179,0.053179,0.053179,0.0,0.0,0.0,False,False,False,0.0,False,False,37.611
85,4.25,4,distraction,distracted,0.988637,0.011031,0.000147,0.0,0.000185,0.988637,0.036735,0.953524,0.0,0.052987,0.052987,0.052987,0.0,0.0,0.0,False,False,False,0.0,False,False,46.275
86,4.3,4,distraction,distracted,0.989572,0.010109,0.000142,0.0,0.000177,0.989572,0.038669,0.952704,0.0,0.052821,0.052821,0.052821,0.0,0.0,0.0,False,False,False,0.0,False,False,37.393
87,4.35,4,distraction,distracted,0.990072,0.009617,0.00014,0.0,0.000171,0.990072,0.039302,0.952272,0.0,0.052667,0.052667,0.052667,0.0,0.0,0.0,False,False,False,0.0,False,False,37.436
88,4.4,4,distraction,distracted,0.989603,0.010087,0.00014,0.0,0.00017,0.989603,0.040092,0.952385,0.0,0.052525,0.052525,0.052525,0.0,0.0,0.0,False,False,False,0.144703,False,False,37.743
89,4.45,4,distraction,distracted,0.989543,0.010152,0.000137,0.0,0.000168,0.989543,0.040299,0.952106,0.0,0.052388,0.052388,0.052388,0.0,0.0,0.0,False,False,False,0.144703,False,False,37.561
90,4.5,4,distraction,distracted,0.989567,0.01013,0.000137,0.0,0.000166,0.989567,0.041509,0.951834,0.0,0.052268,0.052268,0.052268,0.0,0.0,0.0,False,False,False,0.228931,False,False,46.224
91,4.55,4,distraction,distracted,0.989991,0.009705,0.000138,0.0,0.000166,0.989991,0.041172,0.951931,0.0,0.052147,0.052147,0.052147,0.0,0.0,0.0,False,False,False,0.228931,False,False,37.597
92,4.6,4,distraction,distracted,0.989939,0.009749,0.000143,0.0,0.000169,0.989939,0.03946,0.952512,0.0,0.05201,0.05201,0.05201,0.0,0.0,0.0,False,False,False,0.216572,False,False,37.605
93,4.65,4,distraction,distracted,0.990022,0.009664,0.000144,0.0,0.00017,0.990022,0.045464,0.950838,0.0,0.05194,0.05194,0.05194,0.0,0.0,0.0,False,False,False,0.133717,False,False,37.431
94,4.7,4,distraction,distracted,0.98994,0.00974,0.000147,0.0,0.000173,0.98994,0.30718,0.912881,0.0,0.054529,0.054529,0.054529,0.0,0.0,0.0,False,False,False,0.131428,False,False,37.573
95,4.75,4,distraction,distracted,0.988293,0.011368,0.000154,0.0,0.000185,0.988293,0.213014,0.934503,0.0,0.056158,0.056158,0.056158,0.0,0.0,0.0,False,False,False,0.131428,False,False,46.083
96,4.8,4,distraction,distracted,0.987309,0.01235,0.000154,0.0,0.000187,0.987309,0.105134,0.948614,0.0,0.056664,0.056664,0.056664,0.0,0.0,0.0,False,False,False,0.131428,False,False,37.644
97,4.85,4,distraction,distracted,0.986545,0.013109,0.000156,0.0,0.00019,0.986545,0.056669,0.953014,0.0,0.056664,0.056664,0.056664,0.0,0.0,0.0,False,False,False,0.037128,False,False,37.545
98,4.9,4,distraction,distracted,0.98792,0.011741,0.000153,0.0,0.000186,0.98792,0.043474,0.954088,0.0,0.056529,0.056529,0.056529,0.0,0.0,0.0,False,False,False,0.082905,False,False,38.026
99,4.95,4,distraction,distracted,0.987184,0.012478,0.000151,0.0,0.000187,0.987184,0.039127,0.954157,0.0,0.056354,0.056354,0.056354,0.0,0.0,0.0,False,False,False,0.041706,False,False,37.725
100,5.0,4,distraction,distracted,0.987317,0.012347,0.000149,0.0,0.000187,0.987317,0.038311,0.953556,0.0,0.056174,0.056174,0.056174,0.0,0.0,0.0,False,False,False,0.082905,False,False,46.383
101,5.05,4,distraction,distracted,0.987748,0.011923,0.000147,0.0,0.000182,0.987748,0.038371,0.953367,0.0,0.055999,0.055999,0.055999,0.0,0.0,0.0,False,False,False,0.0,False,False,37.444
102,5.1,4,distraction,distracted,0.988163,0.011506,0.000148,0.0,0.000182,0.988163,0.038316,0.953337,0.0,0.055826,0.055826,0.055826,0.0,0.0,0.0,False,False,False,0.0,False,False,37.529
103,5.15,4,distraction,distracted,0.988781,0.010897,0.000145,0.0,0.000177,0.988781,0.038714,0.953281,0.0,0.055661,0.055661,0.055661,0.0,0.0,0.0,False,False,False,0.0,False,False,37.33
104,5.2,4,distraction,distracted,0.989476,0.010206,0.000145,0.0,0.000174,0.989476,0.03701,0.953327,0.0,0.055482,0.055482,0.055482,0.0,0.0,0.0,False,False,False,0.008289,False,False,37.387
105,5.25,4,distraction,distracted,0.988947,0.010733,0.000146,0.0,0.000174,0.988947,0.03633,0.953717,0.0,0.0553,0.0553,0.0553,0.0,0.0,0.0,False,False,False,0.0,False,False,46.146
106,5.3,4,distraction,distracted,0.987084,0.012584,0.000152,0.0,0.00018,0.987084,0.036915,0.953346,0.0,0.055127,0.055127,0.055127,0.0,0.0,0.0,False,False,False,0.0,False,False,37.195
107,5.35,4,distraction,distracted,0.984186,0.015465,0.000159,0.0,0.000189,0.984186,0.037251,0.953237,0.0,0.054961,0.054961,0.054961,0.0,0.0,0.0,False,False,False,0.0,False,False,37.373
108,5.4,4,distraction,distracted,0.984142,0.015513,0.000158,0.0,0.000186,0.984142,0.038253,0.952602,0.0,0.054807,0.054807,0.054807,0.0,0.0,0.0,False,False,False,0.0,False,False,37.497
109,5.45,4,distraction,distracted,0.981999,0.017646,0.000165,0.0,0.00019,0.981999,0.037736,0.952564,0.0,0.054651,0.054651,0.054651,0.0,0.0,0.0,False,False,False,0.0,False,False,37.469
110,5.5,4,distraction,distracted,0.982572,0.017078,0.000163,0.0,0.000187,0.982572,0.039227,0.952116,0.0,0.054511,0.054511,0.054511,0.0,0.0,0.0,False,False,False,0.0,False,False,45.841
111,5.55,4,distraction,distracted,0.982547,0.0171,0.000165,0.0,0.000187,0.982547,0.037582,0.953228,0.0,0.054359,0.054359,0.054359,0.0,0.0,0.0,False,False,False,0.129883,False,False,37.458
112,5.6,4,distraction,distracted,0.981263,0.018376,0.00017,0.0,0.00019,0.981263,0.03659,0.953569,0.0,0.054201,0.054201,0.054201,0.0,0.0,0.0,False,False,False,0.151855,False,False,37.83
113,5.65,4,distraction,distracted,0.981012,0.018628,0.000171,0.0,0.000189,0.981012,0.036047,0.953895,0.0,0.054041,0.054041,0.054041,0.0,0.0,0.0,False,False,False,0.151855,False,False,38.253
114,5.7,4,distraction,distracted,0.981435,0.018207,0.000171,0.0,0.000187,0.981435,0.036062,0.953615,0.0,0.053884,0.053884,0.053884,0.0,0.0,0.0,False,False,False,0.027802,False,False,37.688
115,5.75,4,distraction,distracted,0.980592,0.019048,0.000173,0.0,0.000187,0.980592,0.035851,0.953656,0.0,0.053727,0.053727,0.053727,0.0,0.0,0.0,False,False,False,0.047714,False,False,46.492
116,5.8,4,distraction,distracted,0.982067,0.017588,0.000165,0.0,0.00018,0.982067,0.035973,0.953356,0.0,0.053575,0.053575,0.053575,0.0,0.0,0.0,False,False,False,0.047714,False,False,37.776
117,5.85,4,distraction,distracted,0.98397,0.015697,0.000159,0.0,0.000174,0.98397,0.036485,0.953151,0.0,0.053429,0.053429,0.053429,0.0,0.0,0.0,False,False,False,0.068771,False,False,37.929
118,5.9,4,distraction,distracted,0.983664,0.016004,0.000157,0.0,0.000175,0.983664,0.038671,0.952462,0.0,0.053305,0.053305,0.053305,0.0,0.0,0.0,False,False,False,0.112259,False,False,37.91
119,5.95,4,distraction,distracted,0.985407,0.01427,0.000151,0.0,0.000171,0.985407,0.038847,0.952926,0.0,0.053184,0.053184,0.053184,0.0,0.0,0.0,False,False,False,0.0,False,False,37.565
120,6.0,4,distraction,distracted,0.984424,0.015247,0.000154,0.0,0.000175,0.984424,0.037619,0.952823,0.0,0.053054,0.053054,0.053054,0.0,0.0,0.0,False,False,False,0.0,False,False,46.134
121,6.05,4,distraction,distracted,0.982321,0.01734,0.000159,0.0,0.00018,0.982321,0.037599,0.95278,0.0,0.052927,0.052927,0.052927,0.0,0.0,0.0,False,False,False,0.0,False,False,37.558
122,6.1,4,distraction,distracted,0.979447,0.0202,0.000167,0.0,0.000186,0.979447,0.036681,0.953012,0.0,0.052794,0.052794,0.052794,0.0,0.0,0.0,False,False,False,0.0,False,False,37.528
123,6.15,4,distraction,distracted,0.97685,0.022785,0.000172,0.0,0.000193,0.97685,0.036626,0.953094,0.0,0.052663,0.052663,0.052663,0.0,0.0,0.0,False,False,False,0.0,False,False,37.395
124,6.2,4,distraction,distracted,0.975908,0.023728,0.00017,0.0,0.000194,0.975908,0.036681,0.953169,0.0,0.052535,0.052535,0.052535,0.0,0.0,0.0,False,False,False,0.0,False,False,37.576
125,6.25,4,distraction,distracted,0.976323,0.023316,0.000168,0.0,0.000193,0.976323,0.037072,0.953108,0.0,0.052412,0.052412,0.052412,0.0,0.0,0.0,False,False,False,0.0,False,False,45.992
126,6.3,4,distraction,distracted,0.980857,0.018804,0.000158,0.0,0.000181,0.980857,0.03751,0.952845,0.0,0.052294,0.052294,0.052294,0.0,0.0,0.0,False,False,False,0.0,False,False,37.696
127,6.35,4,distraction,distracted,0.979591,0.020063,0.000162,0.0,0.000184,0.979591,0.037426,0.95248,0.0,0.052177,0.052177,0.052177,0.0,0.0,0.0,False,False,False,0.037186,False,False,37.596
128,6.4,4,distraction,distracted,0.979435,0.020218,0.000162,0.0,0.000184,0.979435,0.036306,0.953084,0.0,0.052053,0.052053,0.052053,0.0,0.0,0.0,False,False,False,0.023453,False,False,37.895
129,6.45,4,distraction,distracted,0.977314,0.022329,0.000167,0.0,0.00019,0.977314,0.036505,0.952809,0.0,0.051933,0.051933,0.051933,0.0,0.0,0.0,False,False,False,0.0,False,False,37.447
130,6.5,4,distraction,distracted,0.978181,0.021465,0.000164,0.0,0.000189,0.978181,0.036763,0.952516,0.0,0.051817,0.051817,0.051817,0.0,0.0,0.0,False,False,False,0.0,False,False,46.143
131,6.55,4,distraction,distracted,0.97605,0.023586,0.000169,0.0,0.000195,0.97605,0.03824,0.952177,0.0,0.051714,0.051714,0.051714,0.0,0.0,0.0,False,False,False,0.0,False,False,37.475
132,6.6,4,distraction,distracted,0.977275,0.022364,0.000167,0.0,0.000194,0.977275,0.038207,0.952264,0.0,0.051612,0.051612,0.051612,0.0,0.0,0.0,False,False,False,0.0,False,False,37.468
133,6.65,4,distraction,distracted,0.969735,0.029867,0.000181,0.0,0.000217,0.969735,0.037199,0.952749,0.0,0.051504,0.051504,0.051504,0.0,0.0,0.0,False,False,False,0.0,False,False,37.321
134,6.7,4,distraction,distracted,0.96595,0.033641,0.000181,0.0,0.000228,0.96595,0.03805,0.95163,0.0,0.051404,0.051404,0.051404,0.0,0.0,0.0,False,False,False,0.0,False,False,37.419
135,6.75,4,distraction,distracted,0.962305,0.037283,0.000183,0.0,0.000229,0.962305,0.036814,0.952282,0.0,0.051296,0.051296,0.051296,0.0,0.0,0.0,False,False,False,0.0,False,False,46.318
136,6.8,4,distraction,distracted,0.964396,0.035196,0.000181,0.0,0.000226,0.964396,0.03872,0.951914,0.0,0.051204,0.051204,0.051204,0.0,0.0,0.0,False,False,False,0.0,False,False,38.079
137,6.85,4,distraction,distracted,0.967507,0.032089,0.000182,0.0,0.000222,0.967507,0.036958,0.952425,0.0,0.051101,0.051101,0.051101,0.0,0.0,0.0,False,False,False,0.0,False,False,38.489
138,6.9,4,distraction,distracted,0.967742,0.031847,0.000187,0.0,0.000224,0.967742,0.036796,0.953031,0.0,0.050997,0.050997,0.050997,0.0,0.0,0.0,False,False,False,0.0,False,False,37.736
139,6.95,4,distraction,distracted,0.965838,0.033742,0.000192,0.0,0.000228,0.965838,0.036636,0.952998,0.0,0.050894,0.050894,0.050894,0.0,0.0,0.0,False,False,False,0.0,False,False,37.906
140,7.0,4,distraction,distracted,0.967924,0.031658,0.000194,0.0,0.000224,0.967924,0.036961,0.952348,0.0,0.050795,0.050795,0.050795,0.0,0.0,0.0,False,False,False,0.0,False,False,46.984
141,7.05,4,distraction,distracted,0.957232,0.042315,0.00021,0.0,0.000243,0.957232,0.036324,0.952609,0.0,0.050693,0.050693,0.050693,0.0,0.0,0.0,False,False,False,0.0,False,False,38.116
142,7.1,4,distraction,distracted,0.948017,0.051505,0.00022,0.0,0.000258,0.948017,0.03736,0.952154,0.0,0.050599,0.050599,0.050599,0.0,0.0,0.0,False,False,False,0.0,False,False,37.961
143,7.15,4,distraction,distracted,0.947188,0.052334,0.000221,0.0,0.000257,0.947188,0.038921,0.951525,0.0,0.050518,0.050518,0.050518,0.0,0.0,0.0,False,False,False,0.0,False,False,37.5
144,7.2,4,distraction,distracted,0.915425,0.084018,0.000256,0.0,0.000301,0.915425,0.039767,0.951212,0.0,0.050444,0.050444,0.050444,0.0,0.0,0.0,False,False,False,0.0,False,False,37.447
145,7.25,4,distraction,distracted,0.895481,0.103929,0.000271,0.0,0.00032,0.895481,0.040306,0.950976,0.0,0.050374,0.050374,0.050374,0.0,0.0,0.0,False,False,False,0.0,False,False,46.107
146,7.3,4,distraction,distracted,0.904696,0.094732,0.000266,0.0,0.000306,0.904696,0.039363,0.951371,0.0,0.050299,0.050299,0.050299,0.0,0.0,0.0,False,False,False,0.0,False,False,37.508
147,7.35,4,distraction,distracted,0.88414,0.11525,0.000284,0.0,0.000326,0.88414,0.037361,0.95194,0.0,0.050211,0.050211,0.050211,0.0,0.0,0.0,False,False,False,0.0,False,False,37.309
148,7.4,4,distraction,distracted,0.870466,0.128904,0.000296,0.0,0.000335,0.870466,0.036326,0.952655,0.0,0.050118,0.050118,0.050118,0.0,0.0,0.0,False,False,False,0.0,False,False,37.599
149,7.45,4,distraction,distracted,0.884918,0.114472,0.000289,0.0,0.000321,0.884918,0.036533,0.952454,0.0,0.050027,0.050027,0.050027,0.0,0.0,0.0,False,False,False,0.0,False,False,37.709
150,7.5,4,distraction,distracted,0.889386,0.110013,0.000286,0.0,0.000315,0.889386,0.036395,0.952396,0.0,0.049936,0.049936,0.049936,0.0,0.0,0.0,False,False,False,0.0,False,False,46.035
151,7.55,4,distraction,distracted,0.872575,0.126796,0.000297,0.0,0.000331,0.872575,0.036327,0.95251,0.0,0.049847,0.049847,0.049847,0.0,0.0,0.0,False,False,False,0.0,False,False,37.637
152,7.6,4,distraction,distracted,0.903523,0.095898,0.000278,0.0,0.000301,0.903523,0.036207,0.952749,0.0,0.049757,0.049757,0.049757,0.0,0.0,0.0,False,False,False,0.0,False,False,37.432
153,7.65,4,distraction,distracted,0.920384,0.079066,0.000266,0.0,0.000283,0.920384,0.036165,0.952696,0.0,0.049668,0.049668,0.049668,0.0,0.0,0.0,False,False,False,0.0,False,False,37.645
154,7.7,4,distraction,distracted,0.921416,0.078036,0.000265,0.0,0.000283,0.921416,0.036313,0.952473,0.0,0.049582,0.049582,0.049582,0.0,0.0,0.0,False,False,False,0.0,False,False,37.363
155,7.75,4,distraction,distracted,0.896554,0.102849,0.000286,0.0,0.000311,0.896554,0.036105,0.952578,0.0,0.049495,0.049495,0.049495,0.0,0.0,0.0,False,False,False,0.0,False,False,45.938
156,7.8,4,distraction,distracted,0.897472,0.101927,0.000286,0.0,0.000315,0.897472,0.036441,0.952461,0.0,0.049412,0.049412,0.049412,0.0,0.0,0.0,False,False,False,0.0,False,False,37.386
157,7.85,4,distraction,distracted,0.883056,0.116321,0.000292,0.0,0.000331,0.883056,0.036198,0.952663,0.0,0.049328,0.049328,0.049328,0.0,0.0,0.0,False,False,False,0.0,False,False,37.611
158,7.9,4,distraction,distracted,0.89637,0.10302,0.000285,0.0,0.000325,0.89637,0.038182,0.952026,0.0,0.049258,0.049258,0.049258,0.0,0.0,0.0,False,False,False,0.0,False,False,37.465
159,7.95,4,distraction,distracted,0.916702,0.082721,0.00027,0.0,0.000307,0.916702,0.037985,0.951942,0.0,0.049187,0.049187,0.049187,0.0,0.0,0.0,False,False,False,0.0,False,False,37.772
160,8.0,4,distraction,distracted,0.918233,0.081206,0.000259,0.0,0.000302,0.918233,0.037317,0.952229,0.0,0.049113,0.049113,0.049113,0.0,0.0,0.0,False,False,False,0.28352,False,False,46.066
161,8.05,4,distraction,distracted,0.877993,0.121371,0.000281,0.0,0.000356,0.877993,0.037692,0.952291,0.0,0.049042,0.049042,0.049042,0.0,0.0,0.0,False,False,False,0.222008,False,False,37.712
162,8.1,4,distraction,distracted,0.886094,0.113299,0.000267,0.0,0.000341,0.886094,0.038271,0.952255,0.0,0.048976,0.048976,0.048976,0.0,0.0,0.0,False,False,False,0.0,False,False,37.718
163,8.15,4,distraction,distracted,0.86738,0.131989,0.000269,0.0,0.000363,0.86738,0.03795,0.952508,0.0,0.048909,0.048909,0.048909,0.0,0.0,0.0,False,False,False,0.0,False,False,37.526
164,8.2,4,distraction,distracted,0.830903,0.168417,0.000282,0.0,0.000399,0.830903,0.03728,0.952891,0.0,0.048838,0.048838,0.048838,0.0,0.0,0.0,False,False,False,0.090343,False,False,37.613
165,8.25,4,distraction,distracted,0.774819,0.224421,0.000298,0.0,0.000462,0.774819,0.037392,0.952853,0.0,0.048769,0.048769,0.048769,0.0,0.0,0.0,False,False,False,0.0,False,False,46.239
166,8.3,4,distraction,distracted,0.724422,0.274754,0.000302,0.0,0.000523,0.724422,0.038433,0.952368,0.0,0.048707,0.048707,0.048707,0.0,0.0,0.0,False,False,False,0.0,False,False,37.739
167,8.35,4,distraction,distracted,0.623627,0.37546,0.000313,0.0,0.0006,0.623627,0.039203,0.952205,0.0,0.04865,0.04865,0.04865,0.0,0.0,0.0,False,False,False,0.0,False,False,37.787
168,8.4,4,distraction,distracted,0.500404,0.498605,0.000326,0.0,0.000665,0.500404,0.039387,0.951979,0.0,0.048595,0.048595,0.048595,0.0,0.0,0.0,False,False,False,0.0,False,False,37.55
169,8.45,0,alert,alert,0.678773,0.678773,0.000309,0.0,0.000724,0.320194,0.037825,0.952595,0.0,0.048531,0.048531,0.048531,0.0,0.0,0.0,False,False,False,0.0,False,False,37.816
170,8.5,0,alert,alert,0.550342,0.550342,0.000342,0.0,0.000702,0.448614,0.037551,0.952576,0.0,0.048467,0.048467,0.048467,0.0,0.0,0.0,False,False,False,0.0,False,False,46.192
171,8.55,0,alert,alert,0.525479,0.525479,0.000355,0.0,0.000675,0.473491,0.037665,0.952747,0.0,0.048404,0.048404,0.048404,0.0,0.0,0.0,False,False,False,0.0,False,False,37.423
172,8.6,4,distraction,distracted,0.508685,0.490295,0.000369,0.0,0.000651,0.508685,0.037582,0.952831,0.0,0.048341,0.048341,0.048341,0.0,0.0,0.0,False,False,False,0.0,False,False,37.69
173,8.65,0,alert,alert,0.600708,0.600708,0.00036,0.0,0.000692,0.398241,0.037808,0.952587,0.0,0.04828,0.04828,0.04828,0.0,0.0,0.0,False,False,False,0.0,False,False,37.563
174,8.7,0,alert,alert,0.577024,0.577024,0.00035,0.0,0.000702,0.421925,0.036206,0.952957,0.0,0.048211,0.048211,0.048211,0.0,0.0,0.0,False,False,False,0.004627,False,False,37.654
175,8.75,4,distraction,distracted,0.603781,0.395251,0.000348,0.0,0.00062,0.603781,0.036231,0.953332,0.0,0.048143,0.048143,0.048143,0.0,0.0,0.0,False,False,False,0.081532,False,False,46.572
176,8.8,4,distraction,distracted,0.704664,0.294467,0.000332,0.0,0.000537,0.704664,0.036099,0.953305,0.0,0.048075,0.048075,0.048075,0.0,0.0,0.0,False,False,False,0.0,False,False,37.585
177,8.85,4,distraction,distracted,0.757215,0.241979,0.000316,0.0,0.00049,0.757215,0.036065,0.953168,0.0,0.048007,0.048007,0.048007,0.0,0.0,0.0,False,False,False,0.0,False,False,37.577
178,8.9,4,distraction,distracted,0.770086,0.229137,0.000306,0.0,0.000471,0.770086,0.036342,0.952805,0.0,0.047942,0.047942,0.047942,0.0,0.0,0.0,False,False,False,0.0,False,False,38.146
179,8.95,4,distraction,distracted,0.773436,0.225798,0.000302,0.0,0.000464,0.773436,0.037465,0.952283,0.0,0.047883,0.047883,0.047883,0.0,0.0,0.0,False,False,False,0.0,False,False,38.23
180,9.0,4,distraction,distracted,0.745783,0.253426,0.000306,0.0,0.000484,0.745783,0.036511,0.951809,0.0,0.04782,0.04782,0.04782,0.0,0.0,0.0,False,False,False,0.0,False,False,46.978
181,9.05,4,distraction,distracted,0.777063,0.222183,0.000295,0.0,0.000459,0.777063,0.036528,0.952168,0.0,0.047758,0.047758,0.047758,0.0,0.0,0.0,False,False,False,0.0,False,False,38.415
182,9.1,4,distraction,distracted,0.73033,0.268866,0.000301,0.0,0.000503,0.73033,0.035882,0.952963,0.0,0.047693,0.047693,0.047693,0.0,0.0,0.0,False,False,False,0.0,False,False,37.831
183,9.15,4,distraction,distracted,0.703447,0.295726,0.000306,0.0,0.000521,0.703447,0.037061,0.952671,0.0,0.047635,0.047635,0.047635,0.0,0.0,0.0,False,False,False,0.0,False,False,38.503
184,9.2,4,distraction,distracted,0.760911,0.238323,0.0003,0.0,0.000466,0.760911,0.038003,0.952317,0.0,0.047583,0.047583,0.047583,0.0,0.0,0.0,False,False,False,0.0,False,False,37.996
185,9.25,4,distraction,distracted,0.839359,0.159966,0.000283,0.0,0.000391,0.839359,0.038469,0.952186,0.0,0.047534,0.047534,0.047534,0.0,0.0,0.0,False,False,False,0.0,False,False,46.693
186,9.3,4,distraction,distracted,0.855212,0.144132,0.00028,0.0,0.000375,0.855212,0.038734,0.952373,0.0,0.047486,0.047486,0.047486,0.0,0.0,0.0,False,False,False,0.0,False,False,37.628
187,9.35,4,distraction,distracted,0.803599,0.195681,0.0003,0.0,0.00042,0.803599,0.037644,0.952909,0.0,0.047434,0.047434,0.047434,0.0,0.0,0.0,False,False,False,0.0,False,False,37.806
188,9.4,4,distraction,distracted,0.868849,0.130526,0.000267,0.0,0.000358,0.868849,0.038375,0.952056,0.0,0.047386,0.047386,0.047386,0.0,0.0,0.0,False,False,False,0.0,False,False,37.348
189,9.45,4,distraction,distracted,0.905079,0.094353,0.000244,0.0,0.000324,0.905079,0.04076,0.95147,0.0,0.047351,0.047351,0.047351,0.0,0.0,0.0,False,False,False,0.0,False,False,37.516
190,9.5,4,distraction,distracted,0.922649,0.076815,0.000231,0.0,0.000305,0.922649,0.038981,0.952347,0.0,0.047307,0.047307,0.047307,0.0,0.0,0.0,False,False,False,0.0,False,False,46.216
191,9.55,4,distraction,distracted,0.939127,0.060377,0.000214,0.0,0.000282,0.939127,0.036872,0.952625,0.0,0.047253,0.047253,0.047253,0.0,0.0,0.0,False,False,False,0.0,False,False,37.652
192,9.6,4,distraction,distracted,0.945984,0.053533,0.000209,0.0,0.000273,0.945984,0.040343,0.951284,0.0,0.047217,0.047217,0.047217,0.0,0.0,0.0,False,False,False,0.0,False,False,37.82
193,9.65,4,distraction,distracted,0.949205,0.050321,0.000207,0.0,0.000267,0.949205,0.042466,0.95073,0.0,0.047192,0.047192,0.047192,0.0,0.0,0.0,False,False,False,0.0,False,False,37.6
194,9.7,4,distraction,distracted,0.959004,0.040549,0.000199,0.0,0.000247,0.959004,0.041344,0.95161,0.0,0.047162,0.047162,0.047162,0.0,0.0,0.0,False,False,False,0.0,False,False,37.769
195,9.75,4,distraction,distracted,0.964388,0.035175,0.000192,0.0,0.000244,0.964388,0.040503,0.951828,0.0,0.047128,0.047128,0.047128,0.0,0.0,0.0,False,False,False,0.0,False,False,46.199
196,9.8,4,distraction,distracted,0.972798,0.026794,0.00018,0.0,0.000228,0.972798,0.038192,0.952405,0.0,0.047083,0.047083,0.047083,0.0,0.0,0.0,False,False,False,0.0,False,False,37.905
197,9.85,4,distraction,distracted,0.976983,0.022625,0.000171,0.0,0.000221,0.976983,0.038674,0.952193,0.0,0.04704,0.04704,0.04704,0.0,0.0,0.0,False,False,False,0.0,False,False,37.563
198,9.9,4,distraction,distracted,0.980509,0.019114,0.000163,0.0,0.000215,0.980509,0.037409,0.952718,0.0,0.046991,0.046991,0.046991,0.0,0.0,0.0,False,False,False,0.0,False,False,37.755
199,9.95,4,distraction,distracted,0.982019,0.017612,0.000157,0.0,0.000212,0.982019,0.038047,0.952397,0.0,0.046947,0.046947,0.046947,0.0,0.0,0.0,True,False,False,0.0,False,False,38.367
200,10.0,4,distraction,distracted,0.951729,0.047703,0.000214,0.0,0.000353,0.951729,0.03884,0.9527,0.0,0.046052,0.046906,0.046906,0.0,0.0,0.0,True,False,False,0.0,False,False,46.4
201,10.05,4,distraction,distracted,0.871298,0.127872,0.000266,0.0,0.000564,0.871298,0.038562,0.952419,0.0,0.04567,0.046865,0.046865,0.0,0.0,0.0,True,False,False,0.0,False,False,38.194
202,10.1,4,distraction,distracted,0.747936,0.250985,0.000304,0.0,0.000775,0.747936,0.036915,0.952488,0.0,0.045626,0.046816,0.046816,0.0,0.0,0.0,True,False,False,0.0,False,False,38.088
203,10.15,4,distraction,distracted,0.599034,0.399624,0.000313,0.0,0.001028,0.599034,0.039402,0.952435,0.0,0.045485,0.046779,0.046779,0.0,0.0,0.0,True,False,False,0.0,False,False,37.488
204,10.2,4,distraction,distracted,0.760677,0.238289,0.000268,0.0,0.000766,0.760677,0.05301,0.94953,0.0,0.045523,0.04681,0.04681,0.0,0.0,0.0,True,False,False,0.0,False,False,37.652
205,10.25,4,distraction,distracted,0.697891,0.300964,0.00028,0.0,0.000865,0.697891,0.045514,0.952162,0.0,0.045585,0.046803,0.046803,0.0,0.0,0.0,True,False,False,0.0,False,False,46.464
206,10.3,4,distraction,distracted,0.757461,0.2415,0.000273,0.0,0.000767,0.757461,0.042908,0.952963,0.0,0.045616,0.046784,0.046784,0.0,0.0,0.0,True,False,False,0.755646,False,False,37.943
207,10.35,4,distraction,distracted,0.787415,0.211603,0.000259,0.0,0.000724,0.787415,0.041637,0.952518,0.0,0.045596,0.04676,0.04676,0.0,0.0,0.0,True,False,False,0.755646,False,False,38.08
208,10.4,4,distraction,distracted,0.691526,0.307309,0.000272,0.0,0.000893,0.691526,0.039689,0.952881,0.0,0.045638,0.046726,0.046726,0.0,0.0,0.0,True,False,False,0.770294,False,False,37.967
209,10.45,0,alert,alert,0.525373,0.525373,0.000281,0.0,0.001216,0.47313,0.040101,0.95203,0.0,0.045611,0.046694,0.046694,0.0,0.0,0.0,True,False,False,0.770294,False,False,37.872
210,10.5,0,alert,alert,0.608985,0.608985,0.000263,0.0,0.0013,0.389452,0.041819,0.951389,0.0,0.045659,0.046671,0.046671,0.0,0.0,0.0,True,False,False,0.770294,False,False,46.494
211,10.55,0,alert,alert,0.681333,0.681333,0.000248,0.0,0.001268,0.317151,0.041587,0.951172,0.0,0.045683,0.046647,0.046647,0.0,0.0,0.0,True,False,False,0.714218,False,False,37.772
212,10.6,0,alert,alert,0.767351,0.767351,0.000228,0.0,0.001321,0.2311,0.040243,0.95171,0.0,0.045656,0.046617,0.046617,0.0,0.0,0.0,True,False,False,0.714218,False,False,37.506
213,10.65,0,alert,alert,0.747302,0.747302,0.00023,0.0,0.001444,0.251023,0.039286,0.952031,0.0,0.045712,0.046582,0.046582,0.0,0.0,0.0,True,False,False,0.619461,False,False,37.692
214,10.7,0,alert,alert,0.695001,0.695001,0.000238,0.0,0.001481,0.303281,0.039054,0.95204,0.0,0.045679,0.046547,0.046547,0.0,0.0,0.0,True,False,False,0.61969,False,False,37.815
215,10.75,0,alert,alert,0.745203,0.745203,0.000223,0.0,0.001508,0.253065,0.041128,0.951398,0.0,0.045744,0.046522,0.046522,0.0,0.0,0.0,True,False,False,0.619461,False,False,46.268
216,10.8,0,alert,alert,0.78954,0.78954,0.000215,0.0,0.001573,0.208672,0.038751,0.952228,0.0,0.045736,0.046486,0.046486,0.0,0.0,0.0,True,False,False,0.0,False,False,37.422
217,10.85,0,alert,alert,0.837566,0.837566,0.000196,0.0,0.001604,0.160634,0.040334,0.951891,0.0,0.045709,0.046458,0.046458,0.0,0.0,0.0,True,False,False,0.0,False,False,37.44
218,10.9,0,alert,alert,0.790191,0.790191,0.000211,0.0,0.001679,0.207919,0.037585,0.952124,0.0,0.045738,0.046417,0.046417,0.0,0.0,0.0,True,False,False,0.478241,False,False,37.507
219,10.95,0,alert,alert,0.713752,0.713752,0.000228,0.0,0.001759,0.28426,0.038139,0.952792,0.0,0.045701,0.04638,0.04638,0.0,0.0,0.0,True,False,False,0.502274,False,False,37.493
220,11.0,0,alert,alert,0.650005,0.650005,0.000234,0.0,0.001685,0.348076,0.039582,0.95243,0.0,0.045748,0.046349,0.046349,0.0,0.0,0.0,True,False,False,0.502274,False,False,46.276
221,11.05,0,alert,alert,0.621555,0.621555,0.000239,0.0,0.001552,0.376654,0.040413,0.952394,0.0,0.04575,0.046322,0.046322,0.0,0.0,0.0,True,False,False,0.652649,False,False,37.537
222,11.1,0,alert,alert,0.61248,0.61248,0.000244,0.0,0.001469,0.385807,0.041725,0.95192,0.0,0.04573,0.046301,0.046301,0.0,0.0,0.0,True,False,False,0.698425,False,False,37.164
223,11.15,0,alert,alert,0.694312,0.694312,0.000243,0.0,0.001256,0.304189,0.040257,0.952567,0.0,0.045773,0.046274,0.046274,0.0,0.0,0.0,True,False,False,0.698425,False,False,37.475
224,11.2,0,alert,alert,0.712384,0.712384,0.000251,0.0,0.001036,0.286329,0.039366,0.952409,0.0,0.045741,0.046244,0.046244,0.0,0.0,0.0,True,False,False,0.605042,False,False,38.092
225,11.25,0,alert,alert,0.715862,0.715862,0.000264,0.0,0.000889,0.282986,0.039326,0.952676,0.0,0.04578,0.046213,0.046213,0.0,0.0,0.0,True,False,False,0.605042,False,False,46.65
226,11.3,0,alert,alert,0.831668,0.831668,0.000239,0.0,0.000811,0.167283,0.043521,0.95141,0.0,0.04581,0.046201,0.046201,0.0,0.0,0.0,True,False,False,0.0,False,False,38.035
227,11.35,0,alert,alert,0.843732,0.843732,0.000244,0.0,0.000771,0.155252,0.040527,0.952171,0.0,0.045784,0.046176,0.046176,0.0,0.0,0.0,True,False,False,0.641205,False,False,38.051
228,11.4,0,alert,alert,0.874658,0.874658,0.000235,0.0,0.000768,0.124338,0.040319,0.951626,0.0,0.04584,0.046151,0.046151,0.0,0.0,0.0,True,False,False,0.0,False,False,38.154
229,11.45,0,alert,alert,0.90955,0.90955,0.000217,0.0,0.000758,0.089475,0.03872,0.952409,0.0,0.045804,0.046118,0.046118,0.0,0.0,0.0,True,False,False,0.0,False,False,38.239
230,11.5,0,alert,alert,0.894632,0.894632,0.000235,0.0,0.000755,0.104378,0.043151,0.951101,0.0,0.045885,0.046105,0.046105,0.0,0.0,0.0,True,False,False,0.0,False,False,46.955
231,11.55,0,alert,alert,0.916195,0.916195,0.000225,0.0,0.00073,0.08285,0.04349,0.951442,0.0,0.045921,0.046094,0.046094,0.0,0.0,0.0,True,False,False,0.0,False,False,38.024
232,11.6,0,alert,alert,0.929801,0.929801,0.000216,0.0,0.000751,0.069232,0.044972,0.950555,0.0,0.045917,0.046089,0.046089,0.0,0.0,0.0,True,False,False,0.0,False,False,37.407
233,11.65,0,alert,alert,0.929206,0.929206,0.000217,0.0,0.000763,0.069814,0.044849,0.949653,0.0,0.04601,0.046084,0.046084,0.0,0.0,0.0,True,False,False,0.0,False,False,37.368
234,11.7,0,alert,alert,0.933097,0.933097,0.000224,0.0,0.000755,0.065925,0.043632,0.950684,0.0,0.045998,0.046073,0.046073,0.0,0.0,0.0,True,False,False,0.032379,False,False,37.49
235,11.75,0,alert,alert,0.933025,0.933025,0.000236,0.0,0.000747,0.065992,0.03956,0.951976,0.0,0.046067,0.046046,0.046046,0.0,0.0,0.0,True,False,False,0.032379,False,False,46.306
236,11.8,0,alert,alert,0.938042,0.938042,0.000238,0.0,0.000746,0.060974,0.039029,0.951929,0.0,0.046083,0.046016,0.046016,0.0,0.0,0.0,True,False,False,0.0,False,False,37.478
237,11.85,0,alert,alert,0.903195,0.903195,0.000294,0.0,0.00079,0.095721,0.039791,0.951663,0.0,0.046052,0.04599,0.04599,0.0,0.0,0.0,True,False,False,0.223267,False,False,37.449
238,11.9,0,alert,alert,0.93462,0.93462,0.000258,0.0,0.000738,0.064384,0.041108,0.951785,0.0,0.046127,0.04597,0.04597,0.0,0.0,0.0,True,False,False,0.223267,False,False,37.645
239,11.95,0,alert,alert,0.943506,0.943506,0.00024,0.0,0.000745,0.055508,0.042484,0.950951,0.0,0.046108,0.045955,0.045955,0.0,0.0,0.0,True,False,False,0.220062,False,False,37.438
240,12.0,0,alert,alert,0.94979,0.94979,0.00023,0.0,0.000755,0.049225,0.040767,0.951522,0.0,0.046187,0.045933,0.045933,0.0,0.0,0.0,True,False,False,0.220062,False,False,45.972
241,12.05,0,alert,alert,0.960972,0.960972,0.000211,0.0,0.000775,0.038043,0.041567,0.951187,0.0,0.046217,0.045915,0.045915,0.0,0.0,0.0,True,False,False,0.179321,False,False,37.648
242,12.1,0,alert,alert,0.957315,0.957315,0.000225,0.0,0.000793,0.041667,0.039543,0.952085,0.0,0.046184,0.045889,0.045889,0.0,0.0,0.0,True,False,False,0.179321,False,False,37.65
243,12.15,0,alert,alert,0.946083,0.946083,0.000248,0.0,0.000805,0.052864,0.037973,0.952443,0.0,0.046249,0.045857,0.045857,0.0,0.0,0.0,True,False,False,0.0,False,False,37.362
244,12.2,0,alert,alert,0.938266,0.938266,0.00026,0.0,0.00079,0.060684,0.038845,0.952391,0.0,0.046212,0.045828,0.045828,0.0,0.0,0.0,True,False,False,0.0,False,False,37.487
245,12.25,0,alert,alert,0.91424,0.91424,0.000299,0.0,0.000795,0.084665,0.038536,0.952343,0.0,0.046281,0.045798,0.045798,0.0,0.0,0.0,True,False,False,0.0,False,False,46.106
246,12.3,0,alert,alert,0.902173,0.902173,0.000312,0.0,0.000794,0.096721,0.042203,0.951231,0.0,0.046311,0.045784,0.045784,0.0,0.0,0.0,True,False,False,0.0,False,False,37.592
247,12.35,0,alert,alert,0.945256,0.945256,0.000236,0.0,0.000774,0.053734,0.042095,0.950925,0.0,0.04629,0.045769,0.045769,0.0,0.0,0.0,True,False,False,0.0,False,False,37.406
248,12.4,0,alert,alert,0.943207,0.943207,0.000239,0.0,0.000815,0.055739,0.042282,0.950758,0.0,0.04636,0.045755,0.045755,0.0,0.0,0.0,True,False,False,0.0,False,False,37.394
249,12.45,0,alert,alert,0.941773,0.941773,0.000248,0.0,0.000823,0.057155,0.039881,0.951897,0.0,0.046328,0.045731,0.045731,0.0,0.0,0.0,True,False,False,0.0,False,False,37.468
250,12.5,0,alert,alert,0.950648,0.950648,0.000242,0.0,0.000812,0.048298,0.039249,0.952125,0.0,0.04638,0.045705,0.045705,0.0,0.0,0.0,True,False,False,0.0,False,False,46.142
251,12.55,0,alert,alert,0.96095,0.96095,0.000221,0.0,0.000815,0.038015,0.038329,0.952342,0.0,0.046385,0.045676,0.045676,0.0,0.0,0.0,True,False,False,0.0,False,False,37.586
252,12.6,0,alert,alert,0.963826,0.963826,0.000211,0.0,0.000839,0.035123,0.038601,0.951996,0.0,0.046346,0.045648,0.045648,0.0,0.0,0.0,True,False,False,0.0,False,False,37.416
253,12.65,0,alert,alert,0.956209,0.956209,0.000236,0.0,0.000861,0.042694,0.039254,0.951858,0.0,0.046404,0.045623,0.045623,0.0,0.0,0.0,True,False,False,0.0,False,False,37.66
254,12.7,0,alert,alert,0.957447,0.957447,0.000237,0.0,0.000855,0.04146,0.038722,0.952461,0.0,0.046366,0.045596,0.045596,0.0,0.0,0.0,True,False,False,0.0,False,False,37.495
255,12.75,0,alert,alert,0.960379,0.960379,0.000228,0.0,0.000828,0.038565,0.038578,0.952049,0.0,0.046424,0.045568,0.045568,0.0,0.0,0.0,True,False,False,0.0,False,False,46.153
256,12.8,0,alert,alert,0.937355,0.937355,0.000278,0.0,0.000873,0.061494,0.042316,0.951619,0.0,0.046452,0.045556,0.045556,0.0,0.0,0.0,True,False,False,0.0,False,False,39.118
257,12.85,0,alert,alert,0.956722,0.956722,0.000233,0.0,0.000861,0.042184,0.047201,0.950134,0.0,0.046456,0.045562,0.045562,0.0,0.0,0.0,True,False,False,0.0,False,False,38.805
258,12.9,0,alert,alert,0.952051,0.952051,0.000256,0.0,0.000844,0.046848,0.046423,0.950503,0.0,0.046539,0.045565,0.045565,0.0,0.0,0.0,True,False,False,0.0,False,False,37.871
259,12.95,0,alert,alert,0.942494,0.942494,0.000287,0.0,0.000847,0.056371,0.044312,0.951048,0.0,0.046528,0.04556,0.04556,0.0,0.0,0.0,True,False,False,0.0,False,False,37.518
260,13.0,0,alert,alert,0.950524,0.950524,0.000274,0.0,0.000817,0.048385,0.045393,0.950548,0.0,0.046614,0.04556,0.04556,0.0,0.0,0.0,True,False,False,0.0,False,False,46.003
261,13.05,0,alert,alert,0.954669,0.954669,0.000272,0.0,0.000798,0.044262,0.040562,0.951808,0.0,0.046626,0.045541,0.045541,0.0,0.0,0.0,True,False,False,0.0,False,False,37.638
262,13.1,0,alert,alert,0.957399,0.957399,0.000249,0.0,0.000795,0.041557,0.041643,0.951252,0.0,0.046602,0.045526,0.045526,0.0,0.0,0.0,True,False,False,0.0,False,False,37.41
263,13.15,0,alert,alert,0.961416,0.961416,0.000233,0.0,0.000785,0.037566,0.040006,0.951795,0.0,0.046646,0.045505,0.045505,0.0,0.0,0.0,True,False,False,0.0,False,False,37.597
264,13.2,0,alert,alert,0.96579,0.96579,0.000224,0.0,0.000775,0.03321,0.041401,0.951353,0.0,0.04662,0.045489,0.045489,0.0,0.0,0.0,True,False,False,0.0,False,False,37.545
265,13.25,0,alert,alert,0.969058,0.969058,0.000216,0.0,0.000764,0.029962,0.04227,0.950909,0.0,0.046682,0.045477,0.045477,0.0,0.0,0.0,True,False,False,0.0,False,False,46.34
266,13.3,0,alert,alert,0.957316,0.957316,0.00024,0.0,0.000822,0.041622,0.041494,0.951213,0.0,0.046701,0.045462,0.045462,0.0,0.0,0.0,True,False,False,0.0,False,False,37.505
267,13.35,0,alert,alert,0.963569,0.963569,0.000225,0.0,0.000761,0.035444,0.043685,0.94955,0.0,0.046686,0.045456,0.045456,0.0,0.0,0.0,True,False,False,0.0,False,False,38.618
268,13.4,0,alert,alert,0.970886,0.970886,0.000207,0.0,0.000766,0.028141,0.045435,0.950144,0.0,0.046765,0.045456,0.045456,0.0,0.0,0.0,True,False,False,0.0,False,False,37.342
269,13.45,0,alert,alert,0.972865,0.972865,0.000198,0.0,0.000792,0.026145,0.040677,0.951348,0.0,0.046735,0.045438,0.045438,0.0,0.0,0.0,True,False,False,0.0,False,False,37.276
270,13.5,0,alert,alert,0.974572,0.974572,0.000193,0.0,0.000794,0.024442,0.039913,0.951991,0.0,0.046782,0.045417,0.045417,0.0,0.0,0.0,True,False,False,0.090744,False,False,46.244
271,13.55,0,alert,alert,0.969002,0.969002,0.000211,0.0,0.000803,0.029984,0.040531,0.952015,0.0,0.046798,0.0454,0.0454,0.0,0.0,0.0,True,False,False,0.080215,False,False,37.458
272,13.6,0,alert,alert,0.972557,0.972557,0.000202,0.0,0.000795,0.026446,0.040555,0.952097,0.0,0.046767,0.045382,0.045382,0.0,0.0,0.0,True,False,False,0.080215,False,False,37.543
273,13.65,0,alert,alert,0.974506,0.974506,0.0002,0.0,0.000779,0.024515,0.040494,0.952237,0.0,0.046316,0.045364,0.045364,0.0,0.0,0.0,True,False,False,0.039932,False,False,37.472
274,13.7,0,alert,alert,0.977543,0.977543,0.000188,0.0,0.000791,0.021478,0.040569,0.951339,0.0,0.046287,0.045346,0.045346,0.0,0.0,0.0,True,False,False,0.02803,False,False,37.39
275,13.75,0,alert,alert,0.979208,0.979208,0.000184,0.0,0.000808,0.0198,0.039161,0.952258,0.0,0.045877,0.045324,0.045324,0.0,0.0,0.0,True,False,False,0.0,False,False,46.249
276,13.8,0,alert,alert,0.979548,0.979548,0.00018,0.0,0.000821,0.019452,0.039323,0.952182,0.0,0.045834,0.045302,0.045302,0.0,0.0,0.0,True,False,False,0.194656,False,False,37.458
277,13.85,0,alert,alert,0.980405,0.980405,0.000174,0.0,0.00089,0.018531,0.037596,0.952522,0.0,0.045793,0.045274,0.045274,0.0,0.0,0.0,True,False,False,0.0,False,False,37.355
278,13.9,0,alert,alert,0.979401,0.979401,0.000173,0.0,0.000892,0.019534,0.038845,0.952349,0.0,0.043263,0.045251,0.045251,0.0,0.0,0.0,True,False,False,0.071747,False,False,37.487
279,13.95,0,alert,alert,0.977264,0.977264,0.000164,0.0,0.001049,0.021524,0.038796,0.952216,0.0,0.04324,0.045228,0.045228,0.0,0.0,0.0,True,False,False,0.054581,False,False,37.421
280,14.0,0,alert,alert,0.973197,0.973197,0.000159,0.0,0.001371,0.025272,0.038595,0.95238,0.0,0.041797,0.045205,0.045205,0.0,0.0,0.0,True,False,False,0.055954,False,False,46.298
281,14.05,0,alert,alert,0.971025,0.971025,0.000146,0.0,0.001682,0.027148,0.037609,0.952705,0.0,0.041705,0.045178,0.045178,0.0,0.0,0.0,True,False,False,0.055954,False,False,37.614
282,14.1,0,alert,alert,0.968994,0.968994,0.000139,0.0,0.00193,0.028937,0.038789,0.951988,0.0,0.041686,0.045155,0.045155,0.0,0.0,0.0,True,False,False,0.031464,False,False,37.386
283,14.15,0,alert,alert,0.965875,0.965875,0.000136,0.0,0.0023,0.03169,0.04036,0.950998,0.0,0.041697,0.045138,0.045138,0.0,0.0,0.0,True,False,False,0.031464,False,False,37.582
284,14.2,0,alert,alert,0.959949,0.959949,0.000139,0.0,0.002822,0.037089,0.040717,0.951329,0.0,0.041692,0.045123,0.045123,0.0,0.0,0.0,True,False,False,0.012695,False,False,37.515
285,14.25,0,alert,alert,0.949816,0.949816,0.000146,0.0,0.003289,0.046749,0.04097,0.951372,0.0,0.041737,0.045108,0.045108,0.0,0.0,0.0,True,False,False,0.012695,False,False,46.333
286,14.3,0,alert,alert,0.951085,0.951085,0.000141,0.0,0.00318,0.045593,0.041883,0.951126,0.0,0.041753,0.045097,0.045097,0.0,0.0,0.0,True,False,False,0.327408,False,False,37.584
287,14.35,0,alert,alert,0.948772,0.948772,0.000143,0.0,0.002761,0.048323,0.041976,0.950996,0.0,0.041766,0.045086,0.045086,0.0,0.0,0.0,True,False,False,0.327408,False,False,37.584
288,14.4,0,alert,alert,0.952359,0.952359,0.00014,0.0,0.002717,0.044785,0.039935,0.951619,0.0,0.041765,0.045068,0.045068,0.0,0.0,0.0,True,False,False,0.0,False,False,37.404
289,14.45,0,alert,alert,0.938552,0.938552,0.000148,0.0,0.002801,0.058499,0.038843,0.951668,0.0,0.041751,0.045047,0.045047,0.0,0.0,0.0,True,False,False,0.0,False,False,39.018
290,14.5,0,alert,alert,0.941478,0.941478,0.000143,0.0,0.002511,0.055868,0.038547,0.95204,0.0,0.041743,0.045024,0.045024,0.0,0.0,0.0,True,False,False,0.0,False,False,46.241
291,14.55,0,alert,alert,0.943604,0.943604,0.000139,0.0,0.002423,0.053835,0.038826,0.951879,0.0,0.041731,0.045003,0.045003,0.0,0.0,0.0,True,False,False,0.0,False,False,37.402
292,14.6,0,alert,alert,0.894168,0.894168,0.000175,0.0,0.002614,0.103043,0.038147,0.95262,0.0,0.041725,0.04498,0.04498,0.0,0.0,0.0,True,False,False,0.0,False,False,37.197
293,14.65,0,alert,alert,0.899056,0.899056,0.000172,0.0,0.002507,0.098265,0.042847,0.950711,0.0,0.041712,0.044972,0.044972,0.0,0.0,0.0,True,False,False,0.0,False,False,37.367
294,14.7,0,alert,alert,0.912555,0.912555,0.000167,0.0,0.002463,0.084815,0.038999,0.952178,0.0,0.041698,0.044952,0.044952,0.0,0.0,0.0,True,False,False,0.0,False,False,37.464
295,14.75,0,alert,alert,0.917007,0.917007,0.000163,0.0,0.002493,0.080338,0.038461,0.952156,0.0,0.039569,0.04493,0.04493,0.0,0.0,0.0,True,False,False,0.0,False,False,47.78
296,14.8,0,alert,alert,0.923417,0.923417,0.000159,0.0,0.002519,0.073905,0.038669,0.952125,0.0,0.039238,0.044909,0.044909,0.0,0.0,0.0,True,False,False,0.0,False,False,39.015
297,14.85,0,alert,alert,0.907892,0.907892,0.000167,0.0,0.002453,0.089488,0.037503,0.952339,0.0,0.039142,0.044884,0.044884,0.0,0.0,0.0,True,False,False,0.0,False,False,37.954
298,14.9,0,alert,alert,0.898208,0.898208,0.000167,0.0,0.002277,0.099348,0.038822,0.95225,0.0,0.039118,0.044864,0.044864,0.0,0.0,0.0,True,False,False,0.0,False,False,38.008
299,14.95,0,alert,alert,0.908769,0.908769,0.000162,0.0,0.002077,0.088993,0.037685,0.952595,0.0,0.039111,0.04484,0.04484,0.0,0.0,0.0,True,False,False,0.0,False,False,38.075
300,15.0,0,alert,alert,0.884171,0.884171,0.000171,0.0,0.001957,0.113701,0.03878,0.952021,0.0,0.039114,0.04482,0.04482,0.0,0.0,0.0,True,False,False,0.0,False,False,46.842
301,15.05,0,alert,alert,0.884652,0.884652,0.00017,0.0,0.00173,0.113449,0.038117,0.951864,0.0,0.039112,0.044797,0.044797,0.0,0.0,0.0,True,False,False,0.0,False,False,37.874
302,15.1,0,alert,alert,0.916879,0.916879,0.000153,0.0,0.001519,0.081449,0.037529,0.951991,0.0,0.039108,0.044773,0.044773,0.0,0.0,0.0,True,False,False,0.0,False,False,39.807
303,15.15,0,alert,alert,0.920617,0.920617,0.00015,0.0,0.001418,0.077815,0.037818,0.952629,0.0,0.039104,0.04475,0.04475,0.0,0.0,0.0,True,False,False,0.0,False,False,39.202
304,15.2,0,alert,alert,0.927766,0.927766,0.000148,0.0,0.00149,0.070596,0.037897,0.951916,0.0,0.039098,0.044728,0.044728,0.0,0.0,0.0,True,False,False,0.0,False,False,39.669
305,15.25,0,alert,alert,0.934397,0.934397,0.000145,0.0,0.001613,0.063844,0.039971,0.951775,0.0,0.039127,0.044712,0.044712,0.0,0.0,0.0,True,False,False,0.0,False,False,46.453
306,15.3,0,alert,alert,0.939619,0.939619,0.000143,0.0,0.001776,0.058463,0.040437,0.951603,0.0,0.039144,0.044698,0.044698,0.0,0.0,0.0,True,False,False,0.0,False,False,37.722
307,15.35,0,alert,alert,0.930947,0.930947,0.000149,0.0,0.001883,0.067022,0.038429,0.952087,0.0,0.03915,0.044678,0.044678,0.0,0.0,0.0,True,False,False,0.0,False,False,37.37
308,15.4,0,alert,alert,0.932413,0.932413,0.000149,0.0,0.001924,0.065514,0.039184,0.951906,0.0,0.039155,0.04466,0.04466,0.0,0.0,0.0,True,False,False,0.0,False,False,38.882
309,15.45,0,alert,alert,0.89842,0.89842,0.000172,0.0,0.002093,0.099315,0.038915,0.951962,0.0,0.039154,0.044642,0.044642,0.0,0.0,0.0,True,False,False,0.0,False,False,38.535
310,15.5,0,alert,alert,0.904637,0.904637,0.000166,0.0,0.002004,0.093193,0.038782,0.951837,0.0,0.039158,0.044623,0.044623,0.0,0.0,0.0,True,False,False,0.0,False,False,46.24
311,15.55,0,alert,alert,0.894345,0.894345,0.000166,0.0,0.001897,0.103592,0.039431,0.951475,0.0,0.039168,0.044606,0.044606,0.0,0.0,0.0,True,False,False,0.0,False,False,38.619
312,15.6,0,alert,alert,0.903518,0.903518,0.00016,0.0,0.001788,0.094534,0.039388,0.951655,0.0,0.039182,0.044589,0.044589,0.0,0.0,0.0,True,False,False,0.672333,False,False,37.747
313,15.65,0,alert,alert,0.900346,0.900346,0.000162,0.0,0.001701,0.09779,0.037776,0.951929,0.0,0.03919,0.044568,0.044568,0.0,0.0,0.0,True,False,False,0.453293,False,False,37.701
314,15.7,0,alert,alert,0.876565,0.876565,0.000172,0.0,0.00178,0.121484,0.039637,0.952171,0.0,0.039193,0.044552,0.044552,0.0,0.0,0.0,True,False,False,0.428574,False,False,38.034
315,15.75,0,alert,alert,0.880426,0.880426,0.000173,0.0,0.001765,0.117636,0.038177,0.951987,0.0,0.03922,0.044532,0.044532,0.0,0.0,0.0,True,False,False,0.428574,False,False,46.568
316,15.8,0,alert,alert,0.886847,0.886847,0.000168,0.0,0.001781,0.111205,0.038037,0.952021,0.0,0.03923,0.044511,0.044511,0.0,0.0,0.0,True,False,False,0.423309,False,False,37.494
317,15.85,0,alert,alert,0.856986,0.856986,0.000177,0.0,0.001721,0.141116,0.037771,0.952331,0.0,0.039237,0.04449,0.04449,0.0,0.0,0.0,True,False,False,0.423309,False,False,37.519
318,15.9,0,alert,alert,0.866826,0.866826,0.000174,0.0,0.001579,0.131421,0.039124,0.952118,0.0,0.039239,0.044473,0.044473,0.0,0.0,0.0,True,False,False,0.131971,False,False,37.473
319,15.95,0,alert,alert,0.856319,0.856319,0.000178,0.0,0.001578,0.141925,0.038703,0.952077,0.0,0.039236,0.044455,0.044455,0.0,0.0,0.0,True,False,False,0.131971,False,False,37.336
320,16.0,0,alert,alert,0.878777,0.878777,0.000165,0.0,0.001573,0.119486,0.03876,0.952,0.0,0.039244,0.044437,0.044437,0.0,0.0,0.0,True,False,False,0.244324,False,False,46.282
321,16.05,0,alert,alert,0.895066,0.895066,0.000156,0.0,0.001704,0.103073,0.040276,0.952406,0.0,0.039257,0.044424,0.044424,0.0,0.0,0.0,True,False,False,0.2901,False,False,37.306
322,16.1,0,alert,alert,0.898996,0.898996,0.000154,0.0,0.001773,0.099078,0.039668,0.951963,0.0,0.039272,0.04441,0.04441,0.0,0.0,0.0,True,False,False,0.2901,False,False,37.549
323,16.15,0,alert,alert,0.915662,0.915662,0.000148,0.0,0.001908,0.082282,0.040399,0.952282,0.0,0.039278,0.044397,0.044397,0.0,0.0,0.0,True,False,False,0.258171,False,False,37.351
324,16.2,0,alert,alert,0.924941,0.924941,0.000144,0.0,0.002049,0.072866,0.038866,0.952294,0.0,0.039289,0.04438,0.04438,0.0,0.0,0.0,True,False,False,0.0,False,False,37.419
325,16.25,0,alert,alert,0.905645,0.905645,0.000158,0.0,0.00228,0.091918,0.038584,0.952225,0.0,0.03931,0.044362,0.044362,0.0,0.0,0.0,True,False,False,0.0,False,False,45.976
326,16.3,0,alert,alert,0.906204,0.906204,0.00016,0.0,0.002446,0.091191,0.040728,0.951545,0.0,0.039326,0.044351,0.044351,0.0,0.0,0.0,True,False,False,0.0,False,False,37.538
327,16.35,0,alert,alert,0.918225,0.918225,0.000159,0.0,0.002747,0.078869,0.039539,0.952343,0.0,0.039336,0.044337,0.044337,0.0,0.0,0.0,True,False,False,0.0,False,False,37.33
328,16.4,0,alert,alert,0.917399,0.917399,0.000166,0.0,0.003345,0.079089,0.037857,0.952722,0.0,0.039329,0.044317,0.044317,0.0,0.0,0.0,True,False,False,0.0,False,False,37.448
329,16.45,0,alert,alert,0.826256,0.826256,0.000212,0.0,0.004065,0.169467,0.040744,0.951825,0.0,0.039351,0.044306,0.044306,0.0,0.0,0.0,True,False,False,0.0,False,False,37.884
330,16.5,0,alert,alert,0.753138,0.753138,0.000222,0.0,0.00348,0.24316,0.038772,0.9519,0.0,0.039375,0.044289,0.044289,0.0,0.0,0.0,True,False,False,0.211021,False,False,46.44
331,16.55,0,alert,alert,0.735322,0.735322,0.000215,0.0,0.002945,0.261518,0.038686,0.952319,0.0,0.039378,0.044272,0.044272,0.0,0.0,0.0,True,False,False,0.166962,False,False,37.705
332,16.6,0,alert,alert,0.850862,0.850862,0.000183,0.0,0.002599,0.146356,0.038034,0.952551,0.0,0.039377,0.044254,0.044254,0.0,0.0,0.0,True,False,False,0.211021,False,False,37.229
333,16.65,0,alert,alert,0.848078,0.848078,0.00018,0.0,0.002656,0.149086,0.037407,0.952434,0.0,0.039367,0.044233,0.044233,0.0,0.0,0.0,True,False,False,0.120341,False,False,37.613
334,16.7,0,alert,alert,0.814812,0.814812,0.000192,0.0,0.002755,0.182241,0.037924,0.953018,0.0,0.039371,0.044214,0.044214,0.0,0.0,0.0,True,False,False,0.255653,False,False,37.59
335,16.75,0,alert,alert,0.874727,0.874727,0.00017,0.0,0.002554,0.122548,0.039009,0.952315,0.0,0.039388,0.044199,0.044199,0.0,0.0,0.0,True,False,False,0.0,False,False,46.27
336,16.8,0,alert,alert,0.903864,0.903864,0.000161,0.0,0.002738,0.093237,0.039227,0.951837,0.0,0.039391,0.044184,0.044184,0.0,0.0,0.0,True,False,False,0.0,False,False,37.493
337,16.85,0,alert,alert,0.897219,0.897219,0.00017,0.0,0.003114,0.099498,0.039331,0.952193,0.0,0.039403,0.04417,0.04417,0.0,0.0,0.0,True,False,False,0.0,False,False,37.368
338,16.9,0,alert,alert,0.876095,0.876095,0.000183,0.0,0.003399,0.120323,0.039282,0.951994,0.0,0.039402,0.044155,0.044155,0.0,0.0,0.0,True,False,False,0.0,False,False,37.526
339,16.95,0,alert,alert,0.846723,0.846723,0.000193,0.0,0.00364,0.149444,0.043499,0.950947,0.0,0.039435,0.044153,0.044153,0.0,0.0,0.0,True,False,False,0.0,False,False,37.578
340,17.0,0,alert,alert,0.855295,0.855295,0.000187,0.0,0.003462,0.141055,0.040416,0.951321,0.0,0.039467,0.044142,0.044142,0.0,0.0,0.0,True,False,False,0.0,False,False,46.802
341,17.05,0,alert,alert,0.827916,0.827916,0.000194,0.0,0.003286,0.168604,0.041675,0.951326,0.0,0.039493,0.044135,0.044135,0.0,0.0,0.0,True,False,False,0.0,False,False,37.833
342,17.1,0,alert,alert,0.853951,0.853951,0.000183,0.0,0.002838,0.143028,0.040421,0.950886,0.0,0.039509,0.044124,0.044124,0.0,0.0,0.0,True,False,False,0.0,False,False,37.96
343,17.15,0,alert,alert,0.729235,0.729235,0.000221,0.0,0.002866,0.267678,0.041861,0.950933,0.0,0.03952,0.044118,0.044118,0.0,0.0,0.0,True,False,False,0.0,False,False,38.027
344,17.2,0,alert,alert,0.769944,0.769944,0.00021,0.0,0.00283,0.227016,0.048292,0.949482,0.0,0.039567,0.04413,0.04413,0.0,0.0,0.0,True,False,False,0.0,False,False,38.101
345,17.25,0,alert,alert,0.751454,0.751454,0.000214,0.0,0.003178,0.245154,0.044919,0.950531,0.0,0.039589,0.044132,0.044132,0.0,0.0,0.0,True,False,False,0.0,False,False,47.232
346,17.3,0,alert,alert,0.800355,0.800355,0.000208,0.0,0.003642,0.195795,0.039908,0.952276,0.0,0.039592,0.04412,0.04412,0.0,0.0,0.0,True,False,False,0.0,False,False,37.854
347,17.35,0,alert,alert,0.800437,0.800437,0.000211,0.0,0.004056,0.195296,0.040786,0.951314,0.0,0.039609,0.04411,0.04411,0.0,0.0,0.0,True,False,False,0.0,False,False,182.511
348,17.4,0,alert,alert,0.807128,0.807128,0.000206,0.0,0.003589,0.189077,0.038121,0.951927,0.0,0.039601,0.044093,0.044093,0.0,0.0,0.0,True,False,False,0.0,False,False,37.6
349,17.45,0,alert,alert,0.836752,0.836752,0.000195,0.0,0.003816,0.159237,0.037614,0.952299,0.0,0.039608,0.044074,0.044074,0.0,0.0,0.0,True,False,False,0.0,False,False,37.573
350,17.5,0,alert,alert,0.806383,0.806383,0.000209,0.0,0.004476,0.188933,0.038657,0.952119,0.0,0.039634,0.044059,0.044059,0.0,0.0,0.0,True,False,False,0.0,False,False,46.51
351,17.55,0,alert,alert,0.852477,0.852477,0.000205,0.0,0.005204,0.142113,0.03828,0.952566,0.0,0.039644,0.044043,0.044043,0.0,0.0,0.0,True,False,False,0.0,False,False,37.639
352,17.6,0,alert,alert,0.87001,0.87001,0.000202,0.0,0.005626,0.124162,0.038374,0.952106,0.0,0.039655,0.044026,0.044026,0.0,0.0,0.0,True,False,False,0.0,False,False,37.542
353,17.65,0,alert,alert,0.823341,0.823341,0.00022,0.0,0.006223,0.170215,0.038462,0.951688,0.0,0.039649,0.044011,0.044011,0.0,0.0,0.0,True,False,False,0.083134,False,False,37.369
354,17.7,0,alert,alert,0.787571,0.787571,0.000236,0.0,0.007256,0.204938,0.038153,0.951921,0.0,0.039659,0.043994,0.043994,0.0,0.0,0.0,True,False,False,0.0,False,False,37.59
355,17.75,0,alert,alert,0.81517,0.81517,0.000224,0.0,0.007727,0.17688,0.03932,0.952058,0.0,0.039692,0.043981,0.043981,0.0,0.0,0.0,True,False,False,0.084507,False,False,46.285
356,17.8,0,alert,alert,0.832728,0.832728,0.000213,0.0,0.007454,0.159605,0.040815,0.951336,0.0,0.039714,0.043972,0.043972,0.0,0.0,0.0,True,False,False,0.043766,False,False,37.47
357,17.85,0,alert,alert,0.773309,0.773309,0.000234,0.0,0.00822,0.218237,0.040739,0.951414,0.0,0.039736,0.043963,0.043963,0.0,0.0,0.0,True,False,False,0.0,False,False,37.579
358,17.9,0,alert,alert,0.675252,0.675252,0.000242,0.0,0.006042,0.318464,0.039137,0.951622,0.0,0.039733,0.04395,0.04395,0.0,0.0,0.0,True,False,False,0.0,False,False,37.286
359,17.95,0,alert,alert,0.498051,0.498051,0.000248,0.0,0.004112,0.49759,0.040715,0.95113,0.0,0.039746,0.043941,0.043941,0.0,0.0,0.0,True,False,False,0.018875,False,False,37.445
360,18.0,4,distraction,distracted,0.610888,0.386414,0.000237,0.0,0.00246,0.610888,0.03961,0.951105,0.0,0.039766,0.043929,0.043929,0.0,0.0,0.0,True,False,False,0.018875,False,False,46.173
361,18.05,0,alert,alert,0.512002,0.512002,0.000238,0.0,0.002481,0.485279,0.039728,0.951598,0.0,0.039777,0.043917,0.043917,0.0,0.0,0.0,True,False,False,0.0,False,False,37.556
362,18.1,0,alert,alert,0.568266,0.568266,0.000234,0.0,0.002744,0.428756,0.04009,0.95148,0.0,0.039786,0.043907,0.043907,0.0,0.0,0.0,True,False,False,0.0,False,False,37.477
363,18.15,0,alert,alert,0.663157,0.663157,0.000221,0.0,0.003192,0.333431,0.03845,0.952107,0.0,0.039779,0.043892,0.043892,0.0,0.0,0.0,True,False,False,0.0,False,False,37.459
364,18.2,0,alert,alert,0.625454,0.625454,0.000221,0.0,0.003451,0.370874,0.038696,0.952277,0.0,0.039795,0.043877,0.043877,0.0,0.0,0.0,True,False,False,0.0,False,False,37.341
365,18.25,0,alert,alert,0.635271,0.635271,0.000223,0.0,0.003691,0.360815,0.038392,0.952343,0.0,0.0398,0.043862,0.043862,0.0,0.0,0.0,True,False,False,0.0,False,False,46.108
366,18.3,4,distraction,distracted,0.500945,0.495561,0.000233,0.0,0.003261,0.500945,0.039434,0.952072,0.0,0.039805,0.04385,0.04385,0.0,0.0,0.0,True,False,False,0.0,False,False,37.43
367,18.35,4,distraction,distracted,0.532686,0.463912,0.000232,0.0,0.00317,0.532686,0.0395,0.951652,0.0,0.039807,0.043838,0.043838,0.0,0.0,0.0,True,False,False,0.0,False,False,37.349
368,18.4,4,distraction,distracted,0.574927,0.422358,0.000227,0.0,0.002489,0.574927,0.039011,0.951987,0.0,0.039803,0.043825,0.043825,0.0,0.0,0.0,True,False,False,0.0,False,False,37.602
369,18.45,0,alert,alert,0.561111,0.561111,0.000226,0.0,0.002313,0.43635,0.040323,0.951701,0.0,0.039817,0.043816,0.043816,0.0,0.0,0.0,True,False,False,0.0,False,False,37.924
370,18.5,0,alert,alert,0.638965,0.638965,0.000224,0.0,0.002239,0.358572,0.038476,0.95187,0.0,0.039822,0.043801,0.043801,0.0,0.0,0.0,True,False,False,0.0,False,False,46.386
371,18.55,0,alert,alert,0.655151,0.655151,0.000226,0.0,0.002151,0.342473,0.038117,0.952117,0.0,0.039824,0.043786,0.043786,0.0,0.0,0.0,True,False,False,0.0,False,False,37.548
372,18.6,0,alert,alert,0.733704,0.733704,0.00022,0.0,0.002471,0.263605,0.038604,0.951808,0.0,0.039829,0.043772,0.043772,0.0,0.0,0.0,True,False,False,0.0,False,False,37.411
373,18.65,0,alert,alert,0.771745,0.771745,0.000216,0.0,0.002807,0.225232,0.03983,0.951822,0.0,0.039829,0.043762,0.043762,0.0,0.0,0.0,True,False,False,0.0,False,False,37.573
374,18.7,0,alert,alert,0.740482,0.740482,0.000229,0.0,0.003432,0.255856,0.039581,0.952358,0.0,0.039856,0.04375,0.04375,0.0,0.0,0.0,True,False,False,0.0,False,False,37.639
375,18.75,0,alert,alert,0.618826,0.618826,0.000253,0.0,0.003317,0.377604,0.039149,0.951791,0.0,0.039871,0.043738,0.043738,0.0,0.0,0.0,True,False,False,0.11306,False,False,46.368
376,18.8,0,alert,alert,0.713068,0.713068,0.000244,0.0,0.002569,0.284119,0.040927,0.951461,0.0,0.039895,0.043731,0.043731,0.0,0.0,0.0,True,False,False,0.014755,False,False,37.466
377,18.85,0,alert,alert,0.804208,0.804208,0.000219,0.0,0.001911,0.193662,0.040183,0.950899,0.0,0.039916,0.043721,0.043721,0.0,0.0,0.0,True,False,False,0.106651,False,False,37.538
378,18.9,0,alert,alert,0.670968,0.670968,0.00027,0.0,0.001452,0.32731,0.038998,0.952138,0.0,0.039911,0.043709,0.043709,0.0,0.0,0.0,True,False,False,0.106651,False,False,37.39
379,18.95,0,alert,alert,0.58609,0.58609,0.000304,0.0,0.001089,0.412517,0.042172,0.951039,0.0,0.039953,0.043705,0.043705,0.0,0.0,0.0,True,False,False,0.106651,False,False,37.555
380,19.0,4,distraction,distracted,0.584341,0.414501,0.00033,0.0,0.000828,0.584341,0.040423,0.952175,0.0,0.039972,0.043696,0.043696,0.0,0.0,0.0,True,False,False,0.223495,False,False,46.103
381,19.05,4,distraction,distracted,0.636221,0.362723,0.00033,0.0,0.000726,0.636221,0.039024,0.952324,0.0,0.039985,0.043684,0.043684,0.0,0.0,0.0,True,False,False,0.0,False,False,37.607
382,19.1,4,distraction,distracted,0.61968,0.379303,0.000336,0.0,0.00068,0.61968,0.038056,0.952668,0.0,0.039996,0.043669,0.043669,0.0,0.0,0.0,True,False,False,0.178177,False,False,37.798
383,19.15,0,alert,alert,0.60907,0.60907,0.000332,0.0,0.000739,0.389859,0.03744,0.952182,0.0,0.039983,0.043653,0.043653,0.0,0.0,0.0,True,False,False,0.178177,False,False,37.596
384,19.2,0,alert,alert,0.669467,0.669467,0.000299,0.0,0.000939,0.329296,0.037344,0.952343,0.0,0.039994,0.043637,0.043637,0.0,0.0,0.0,True,False,False,0.178177,False,False,37.619
385,19.25,0,alert,alert,0.677328,0.677328,0.000269,0.0,0.001185,0.321219,0.038851,0.952329,0.0,0.039996,0.043624,0.043624,0.0,0.0,0.0,True,False,False,0.146362,False,False,46.215
386,19.3,0,alert,alert,0.726046,0.726046,0.000241,0.0,0.001442,0.272271,0.037413,0.952186,0.0,0.039989,0.043608,0.043608,0.0,0.0,0.0,True,False,False,0.0,False,False,37.718
387,19.35,0,alert,alert,0.721588,0.721588,0.000229,0.0,0.001763,0.27642,0.038654,0.952125,0.0,0.039994,0.043595,0.043595,0.0,0.0,0.0,True,False,False,0.0,False,False,37.442
388,19.4,0,alert,alert,0.765994,0.765994,0.00022,0.0,0.002131,0.231655,0.040694,0.952138,0.0,0.039998,0.043588,0.043588,0.0,0.0,0.0,True,False,False,0.22052,False,False,37.452
389,19.45,0,alert,alert,0.823238,0.823238,0.000213,0.0,0.002778,0.173771,0.038907,0.951884,0.0,0.039997,0.043576,0.043576,0.0,0.0,0.0,True,False,False,0.201637,False,False,37.421
390,19.5,0,alert,alert,0.811293,0.811293,0.000218,0.0,0.003536,0.184952,0.039543,0.952017,0.0,0.04,0.043566,0.043566,0.0,0.0,0.0,True,False,False,0.124676,False,False,46.023
391,19.55,0,alert,alert,0.850436,0.850436,0.000212,0.0,0.004512,0.14484,0.037317,0.952458,0.0,0.040002,0.04355,0.04355,0.0,0.0,0.0,True,False,False,0.0,False,False,37.573
392,19.6,0,alert,alert,0.832504,0.832504,0.000214,0.0,0.004823,0.162459,0.043025,0.951223,0.0,0.040015,0.043548,0.043548,0.0,0.0,0.0,True,False,False,0.0,False,False,37.497
393,19.65,0,alert,alert,0.723545,0.723545,0.000239,0.0,0.004725,0.271491,0.043544,0.95097,0.0,0.040033,0.043548,0.043548,0.0,0.0,0.0,True,False,False,0.0,False,False,37.547
394,19.7,0,alert,alert,0.605214,0.605214,0.000246,0.0,0.003652,0.390888,0.039308,0.951971,0.0,0.04001,0.043537,0.043537,0.0,0.0,0.0,True,False,False,0.0,False,False,37.376
395,19.75,4,distraction,distracted,0.580285,0.417043,0.000245,0.0,0.002427,0.580285,0.039084,0.952605,0.0,0.040003,0.043526,0.043526,0.0,0.0,0.0,True,False,False,0.0,False,False,46.146
396,19.8,0,alert,alert,0.549306,0.549306,0.000239,0.0,0.001944,0.448511,0.039323,0.952226,0.0,0.040009,0.043516,0.043516,0.0,0.0,0.0,True,False,False,0.0,False,False,37.626
397,19.85,0,alert,alert,0.6644,0.6644,0.000225,0.0,0.00188,0.333495,0.040723,0.95177,0.0,0.040019,0.043509,0.043509,0.0,0.0,0.0,True,False,False,0.0,False,False,37.627
398,19.9,0,alert,alert,0.687231,0.687231,0.000217,0.0,0.001805,0.310747,0.039238,0.952179,0.0,0.040015,0.043498,0.043498,0.0,0.0,0.0,True,False,False,0.0,False,False,37.648
399,19.95,0,alert,alert,0.628907,0.628907,0.00022,0.0,0.001754,0.369119,0.039854,0.952082,0.0,0.040037,0.043489,0.043489,0.0,0.0,0.0,True,False,False,0.0,False,False,38.368
400,20.0,4,distraction,distracted,0.678381,0.320182,0.000239,0.0,0.001198,0.678381,0.039705,0.952186,0.0,0.040042,0.043479,0.043479,0.0,0.0,0.0,True,False,False,0.0,False,False,46.582
401,20.05,4,distraction,distracted,0.813993,0.185031,0.000231,0.0,0.000744,0.813993,0.03993,0.952259,0.0,0.040049,0.04347,0.04347,0.0,0.0,0.0,True,False,False,0.0,False,False,38.184
402,20.1,4,distraction,distracted,0.785704,0.213364,0.000259,0.0,0.000674,0.785704,0.040043,0.951384,0.0,0.040064,0.043462,0.043462,0.0,0.0,0.0,True,False,False,0.0,False,False,37.956
403,20.15,4,distraction,distracted,0.78581,0.213299,0.000278,0.0,0.000613,0.78581,0.038648,0.951836,0.0,0.040057,0.04345,0.04345,0.0,0.0,0.0,True,False,False,0.0,False,False,37.799
404,20.2,4,distraction,distracted,0.787061,0.212077,0.000297,0.0,0.000565,0.787061,0.037199,0.952349,0.0,0.039982,0.043435,0.043435,0.0,0.0,0.0,True,False,False,0.0,False,False,38.694
405,20.25,4,distraction,distracted,0.8796,0.119714,0.000268,0.0,0.000418,0.8796,0.036795,0.952553,0.0,0.039938,0.043418,0.043418,0.0,0.0,0.0,True,False,False,0.0,False,False,46.532
406,20.3,4,distraction,distracted,0.91682,0.082579,0.000254,0.0,0.000348,0.91682,0.036271,0.95271,0.0,0.039905,0.043401,0.043401,0.0,0.0,0.0,True,False,False,0.0,False,False,38.042
407,20.35,4,distraction,distracted,0.93499,0.064451,0.000246,0.0,0.000313,0.93499,0.036615,0.952831,0.0,0.03988,0.043384,0.043384,0.0,0.0,0.0,True,False,False,0.0,False,False,38.737
408,20.4,4,distraction,distracted,0.909459,0.089885,0.000294,0.0,0.000362,0.909459,0.036618,0.95259,0.0,0.039863,0.043367,0.043367,0.0,0.0,0.0,True,False,False,0.0,False,False,37.92
409,20.45,4,distraction,distracted,0.895982,0.103318,0.00032,0.0,0.000381,0.895982,0.037412,0.952457,0.0,0.039851,0.043353,0.043353,0.0,0.0,0.0,True,False,False,0.0,False,False,39.655
410,20.5,4,distraction,distracted,0.930486,0.068908,0.000286,0.0,0.00032,0.930486,0.037615,0.952535,0.0,0.03983,0.043339,0.043339,0.0,0.0,0.0,True,False,False,0.0,False,False,46.935
411,20.55,4,distraction,distracted,0.945928,0.05351,0.000273,0.0,0.000289,0.945928,0.038085,0.952203,0.0,0.039812,0.043326,0.043326,0.0,0.0,0.0,True,False,False,0.0,False,False,39.981
412,20.6,4,distraction,distracted,0.947981,0.051462,0.000272,0.0,0.000285,0.947981,0.038162,0.952234,0.0,0.039802,0.043314,0.043314,0.0,0.0,0.0,True,False,False,0.0,False,False,39.129
413,20.65,4,distraction,distracted,0.956658,0.042817,0.000259,0.0,0.000266,0.956658,0.03785,0.952534,0.0,0.039792,0.0433,0.0433,0.0,0.0,0.0,True,False,False,0.0,False,False,37.421
414,20.7,4,distraction,distracted,0.952019,0.047436,0.000271,0.0,0.000275,0.952019,0.037686,0.95312,0.0,0.039788,0.043287,0.043287,0.0,0.0,0.0,True,False,False,0.0,False,False,37.556
415,20.75,4,distraction,distracted,0.937636,0.061761,0.0003,0.0,0.000304,0.937636,0.037539,0.953315,0.0,0.03977,0.043273,0.043273,0.0,0.0,0.0,True,False,False,0.0,False,False,46.089
416,20.8,4,distraction,distracted,0.95831,0.041173,0.000257,0.0,0.00026,0.95831,0.037121,0.95332,0.0,0.039762,0.043258,0.043258,0.0,0.0,0.0,True,False,False,0.0,False,False,37.516
417,20.85,4,distraction,distracted,0.960721,0.038768,0.000254,0.0,0.000258,0.960721,0.036751,0.953186,0.0,0.039744,0.043242,0.043242,0.0,0.0,0.0,True,False,False,0.0,False,False,38.614
418,20.9,4,distraction,distracted,0.962471,0.037028,0.000245,0.0,0.000256,0.962471,0.035918,0.953416,0.0,0.039725,0.043225,0.043225,0.0,0.0,0.0,True,False,False,0.0,False,False,38.175
419,20.95,4,distraction,distracted,0.965216,0.034301,0.000234,0.0,0.000249,0.965216,0.036788,0.953146,0.0,0.039729,0.04321,0.04321,0.0,0.0,0.0,True,False,False,0.0,False,False,37.643
420,21.0,4,distraction,distracted,0.966422,0.033103,0.000229,0.0,0.000246,0.966422,0.036895,0.952742,0.0,0.039715,0.043195,0.043195,0.0,0.0,0.0,True,False,False,0.0,False,False,47.0
421,21.05,4,distraction,distracted,0.9667,0.03283,0.000225,0.0,0.000246,0.9667,0.036678,0.952619,0.0,0.039697,0.043179,0.043179,0.0,0.0,0.0,True,False,False,0.0,False,False,38.02
422,21.1,4,distraction,distracted,0.978021,0.021581,0.000193,0.0,0.000205,0.978021,0.347836,0.894237,0.0,0.041134,0.043856,0.043856,0.0,0.0,0.0,True,False,False,0.0,False,False,37.482
423,21.15,4,distraction,distracted,0.980768,0.018819,0.00021,0.0,0.000202,0.980768,0.503524,0.83932,0.0,0.043164,0.044814,0.044814,0.0,0.0,0.0,True,False,False,0.0,False,False,37.431
424,21.2,4,distraction,distracted,0.980477,0.019081,0.000233,0.0,0.000209,0.980477,0.527237,0.808837,0.0,0.045258,0.04578,0.04578,0.0,0.0,0.0,True,False,False,0.0,False,False,37.755
425,21.25,4,distraction,distracted,0.983007,0.016555,0.000234,0.0,0.000204,0.983007,0.497908,0.870993,0.0,0.047363,0.046753,0.046753,0.0,0.0,0.0,True,False,False,0.0,False,False,46.343
426,21.3,4,distraction,distracted,0.983868,0.015676,0.000247,0.0,0.000209,0.983868,0.445546,0.900444,0.0,0.04927,0.047638,0.047638,0.0,0.0,0.0,True,False,False,0.0,False,False,37.441
427,21.35,4,distraction,distracted,0.987254,0.012287,0.000251,0.0,0.000208,0.987254,0.537234,0.841323,0.0,0.051477,0.048651,0.048651,0.0,0.0,0.0,True,False,False,0.0,False,False,37.578
428,21.4,4,distraction,distracted,0.988549,0.010969,0.000272,0.0,0.00021,0.988549,0.569392,0.808712,0.0,0.053674,0.049685,0.049685,0.0,0.0,0.0,True,False,False,0.0,False,False,37.424
429,21.45,4,distraction,distracted,0.989233,0.010272,0.000284,0.0,0.000211,0.989233,0.551744,0.810699,0.0,0.055946,0.050683,0.050683,0.0,0.0,0.0,True,False,False,0.0,False,False,37.556
430,21.5,4,distraction,distracted,0.988307,0.011193,0.000282,0.0,0.000219,0.988307,0.479506,0.883158,0.0,0.057985,0.051609,0.051609,0.0,0.0,0.0,True,False,False,0.0,False,False,46.316
431,21.55,4,distraction,distracted,0.989033,0.010515,0.000243,0.0,0.000209,0.989033,0.381825,0.91104,0.0,0.059615,0.052343,0.052343,0.0,0.0,0.0,True,False,False,0.0,False,False,37.513
432,21.6,4,distraction,distracted,0.990641,0.008942,0.000222,0.0,0.000195,0.990641,0.529726,0.826356,0.0,0.061741,0.053303,0.053303,0.0,0.0,0.0,True,False,False,0.0,False,False,37.557
433,21.65,4,distraction,distracted,0.991048,0.008535,0.000222,0.0,0.000195,0.991048,0.534525,0.821986,0.0,0.063785,0.054264,0.054264,0.0,0.0,0.0,True,False,False,0.0,False,False,37.496
434,21.7,4,distraction,distracted,0.987853,0.011698,0.000234,0.0,0.000215,0.987853,0.445875,0.893567,0.0,0.065787,0.055113,0.055113,0.0,0.0,0.0,True,False,False,0.0,False,False,37.48
435,21.75,4,distraction,distracted,0.983499,0.01604,0.000231,0.0,0.00023,0.983499,0.286526,0.924371,0.0,0.066998,0.05563,0.05563,0.0,0.0,0.0,True,False,False,0.015442,False,False,46.568
436,21.8,4,distraction,distracted,0.985459,0.014127,0.0002,0.0,0.000213,0.985459,0.112435,0.946467,0.0,0.067366,0.05576,0.05576,0.0,0.0,0.0,True,False,False,0.061218,False,False,37.615
437,21.85,4,distraction,distracted,0.984486,0.015102,0.000195,0.0,0.000218,0.984486,0.050571,0.955248,0.0,0.06742,0.055748,0.055748,0.0,0.0,0.0,True,False,False,0.061218,False,False,37.807
438,21.9,4,distraction,distracted,0.982944,0.01664,0.000191,0.0,0.000225,0.982944,0.041758,0.955331,0.0,0.067291,0.055716,0.055716,0.0,0.0,0.0,True,False,False,0.061218,False,False,37.657
439,21.95,4,distraction,distracted,0.979224,0.020334,0.000195,0.0,0.000247,0.979224,0.038555,0.955591,0.0,0.067402,0.055677,0.055677,0.0,0.0,0.0,True,False,False,0.125076,False,False,37.535
440,22.0,4,distraction,distracted,0.979477,0.020094,0.000185,0.0,0.000244,0.979477,0.037342,0.953271,0.0,0.067385,0.055635,0.055635,0.0,0.0,0.0,True,False,False,0.125076,False,False,46.587
441,22.05,4,distraction,distracted,0.978266,0.021314,0.00018,0.0,0.00024,0.978266,0.037247,0.953514,0.0,0.067363,0.055593,0.055593,0.0,0.0,0.0,True,False,False,0.019562,False,False,37.767
442,22.1,4,distraction,distracted,0.979031,0.020558,0.000177,0.0,0.000235,0.979031,0.036624,0.953619,0.0,0.067348,0.05555,0.05555,0.0,0.0,0.0,True,False,False,0.0,False,False,37.63
443,22.15,4,distraction,distracted,0.978047,0.021543,0.00018,0.0,0.00023,0.978047,0.037743,0.953106,0.0,0.067199,0.05551,0.05551,0.0,0.0,0.0,True,False,False,0.0,False,False,37.734
444,22.2,4,distraction,distracted,0.981035,0.018578,0.000176,0.0,0.000211,0.981035,0.037882,0.953227,0.0,0.067342,0.05547,0.05547,0.0,0.0,0.0,True,False,False,0.0,False,False,37.547
445,22.25,4,distraction,distracted,0.979874,0.019727,0.000184,0.0,0.000215,0.979874,0.037447,0.952963,0.0,0.067336,0.055429,0.055429,0.0,0.0,0.0,True,False,False,0.0,False,False,46.153
446,22.3,4,distraction,distracted,0.983363,0.01626,0.000175,0.0,0.000201,0.983363,0.037061,0.953426,0.0,0.06731,0.055388,0.055388,0.0,0.0,0.0,True,False,False,0.116951,False,False,37.76
447,22.35,4,distraction,distracted,0.982025,0.017587,0.00018,0.0,0.000208,0.982025,0.0367,0.952861,0.0,0.067282,0.055346,0.055346,0.0,0.0,0.0,True,False,False,0.116951,False,False,37.635
448,22.4,4,distraction,distracted,0.96864,0.030882,0.000216,0.0,0.000262,0.96864,0.038094,0.952637,0.0,0.067136,0.055307,0.055307,0.0,0.0,0.0,True,False,False,0.0,False,False,37.471
449,22.45,4,distraction,distracted,0.966004,0.033508,0.000215,0.0,0.000273,0.966004,0.037959,0.952578,0.0,0.067251,0.055269,0.055269,0.0,0.0,0.0,True,False,False,0.0,False,False,37.593
450,22.5,4,distraction,distracted,0.966647,0.032876,0.000206,0.0,0.00027,0.966647,0.037248,0.952383,0.0,0.067241,0.055229,0.055229,0.0,0.0,0.0,True,False,False,0.0,False,False,46.128
451,22.55,4,distraction,distracted,0.967993,0.031542,0.0002,0.0,0.000265,0.967993,0.037797,0.952405,0.0,0.067238,0.05519,0.05519,0.0,0.0,0.0,True,False,False,0.161941,False,False,37.674
452,22.6,4,distraction,distracted,0.976705,0.022887,0.000179,0.0,0.000229,0.976705,0.039685,0.95282,0.0,0.067244,0.055155,0.055155,0.0,0.0,0.0,True,False,False,0.161941,False,False,37.438
453,22.65,4,distraction,distracted,0.97959,0.020032,0.000169,0.0,0.000209,0.97959,0.037703,0.952962,0.0,0.067096,0.055117,0.055117,0.0,0.0,0.0,True,False,False,0.181624,False,False,37.816
454,22.7,4,distraction,distracted,0.980762,0.018875,0.000164,0.0,0.000199,0.980762,0.038468,0.952343,0.0,0.067235,0.05508,0.05508,0.0,0.0,0.0,True,False,False,0.294692,False,False,37.549
455,22.75,4,distraction,distracted,0.975013,0.02459,0.000173,0.0,0.000224,0.975013,0.038115,0.953205,0.0,0.067232,0.055043,0.055043,0.0,0.0,0.0,True,False,False,0.0,False,False,46.335
456,22.8,4,distraction,distracted,0.975758,0.023861,0.000164,0.0,0.000218,0.975758,0.036826,0.953617,0.0,0.067204,0.055003,0.055003,0.0,0.0,0.0,True,False,False,0.0,False,False,37.41
457,22.85,4,distraction,distracted,0.977733,0.021908,0.000155,0.0,0.000204,0.977733,0.036472,0.953226,0.0,0.06715,0.054962,0.054962,0.0,0.0,0.0,True,False,False,0.0,False,False,37.372
458,22.9,4,distraction,distracted,0.981293,0.01837,0.000148,0.0,0.000189,0.981293,0.036043,0.95294,0.0,0.066994,0.05492,0.05492,0.0,0.0,0.0,True,False,False,0.0,False,False,37.635
459,22.95,4,distraction,distracted,0.982358,0.017311,0.000146,0.0,0.000185,0.982358,0.03661,0.952552,0.0,0.067058,0.054881,0.054881,0.0,0.0,0.0,True,False,False,0.0,False,False,37.674
460,23.0,4,distraction,distracted,0.983747,0.015932,0.000142,0.0,0.000178,0.983747,0.036055,0.953222,0.0,0.067011,0.054839,0.054839,0.0,0.0,0.0,True,False,False,0.0,False,False,46.37
461,23.05,4,distraction,distracted,0.983892,0.015787,0.000143,0.0,0.000179,0.983892,0.036858,0.95334,0.0,0.066992,0.0548,0.0548,0.0,0.0,0.0,True,False,False,0.0,False,False,37.636
462,23.1,4,distraction,distracted,0.982357,0.017312,0.000146,0.0,0.000185,0.982357,0.0371,0.953467,0.0,0.066969,0.054762,0.054762,0.0,0.0,0.0,True,False,False,0.0,False,False,37.595
463,23.15,4,distraction,distracted,0.979483,0.020175,0.000149,0.0,0.000193,0.979483,0.036386,0.953376,0.0,0.066815,0.054722,0.054722,0.0,0.0,0.0,True,False,False,0.0,False,False,37.807
464,23.2,4,distraction,distracted,0.982311,0.01737,0.00014,0.0,0.000179,0.982311,0.036797,0.95289,0.0,0.066927,0.054683,0.054683,0.0,0.0,0.0,True,False,False,0.0,False,False,37.975
465,23.25,4,distraction,distracted,0.982429,0.017255,0.000141,0.0,0.000176,0.982429,0.036367,0.953294,0.0,0.066897,0.054644,0.054644,0.0,0.0,0.0,True,False,False,0.0,False,False,46.186
466,23.3,4,distraction,distracted,0.980975,0.018704,0.000143,0.0,0.000178,0.980975,0.036793,0.953037,0.0,0.066873,0.054605,0.054605,0.0,0.0,0.0,True,False,False,0.0,False,False,37.617
467,23.35,4,distraction,distracted,0.983814,0.015883,0.000136,0.0,0.000167,0.983814,0.037296,0.952168,0.0,0.06684,0.054568,0.054568,0.0,0.0,0.0,True,False,False,0.0,False,False,37.897
468,23.4,4,distraction,distracted,0.985153,0.01455,0.000134,0.0,0.000163,0.985153,0.037493,0.953225,0.0,0.066693,0.054532,0.054532,0.0,0.0,0.0,True,False,False,0.0,False,False,37.679
469,23.45,4,distraction,distracted,0.987079,0.012631,0.000131,0.0,0.000158,0.987079,0.037697,0.952464,0.0,0.066785,0.054496,0.054496,0.0,0.0,0.0,True,False,False,0.0,False,False,37.7
470,23.5,4,distraction,distracted,0.987673,0.012036,0.000132,0.0,0.000159,0.987673,0.037291,0.953502,0.0,0.066771,0.054459,0.054459,0.0,0.0,0.0,True,False,False,0.0,False,False,46.478
471,23.55,4,distraction,distracted,0.986229,0.01347,0.000136,0.0,0.000165,0.986229,0.039002,0.952899,0.0,0.066763,0.054426,0.054426,0.0,0.0,0.0,True,False,False,0.0,False,False,37.558
472,23.6,4,distraction,distracted,0.985832,0.013871,0.000134,0.0,0.000163,0.985832,0.041243,0.952599,0.0,0.066767,0.054398,0.054398,0.0,0.0,0.0,True,False,False,0.0,False,False,37.584
473,23.65,4,distraction,distracted,0.98647,0.013237,0.000133,0.0,0.00016,0.98647,0.042026,0.952723,0.0,0.066643,0.054372,0.054372,0.0,0.0,0.0,True,False,False,0.0,False,False,37.559
474,23.7,4,distraction,distracted,0.985436,0.014266,0.000136,0.0,0.000163,0.985436,0.040334,0.952748,0.0,0.066773,0.054342,0.054342,0.0,0.0,0.0,True,False,False,0.0,False,False,37.616
475,23.75,4,distraction,distracted,0.983899,0.01579,0.000143,0.0,0.000169,0.983899,0.042793,0.952239,0.0,0.066791,0.054318,0.054318,0.0,0.0,0.0,True,False,False,0.0,False,False,46.856
476,23.8,4,distraction,distracted,0.981609,0.018066,0.000149,0.0,0.000176,0.981609,0.043197,0.952057,0.0,0.066811,0.054294,0.054294,0.0,0.0,0.0,True,False,False,0.0,False,False,38.316
477,23.85,4,distraction,distracted,0.980438,0.019235,0.00015,0.0,0.000177,0.980438,0.040733,0.952421,0.0,0.066827,0.054266,0.054266,0.0,0.0,0.0,True,False,False,0.0,False,False,38.431
478,23.9,4,distraction,distracted,0.975052,0.024598,0.00016,0.0,0.00019,0.975052,0.039685,0.952518,0.0,0.066691,0.054235,0.054235,0.0,0.0,0.0,True,False,False,0.0,False,False,38.24
479,23.95,4,distraction,distracted,0.977634,0.022032,0.000153,0.0,0.000181,0.977634,0.039755,0.952199,0.0,0.066836,0.054205,0.054205,0.0,0.0,0.0,True,False,False,0.0,False,False,38.899
480,24.0,4,distraction,distracted,0.978488,0.021176,0.000153,0.0,0.000183,0.978488,0.0383,0.952859,0.0,0.066834,0.054172,0.054172,0.0,0.0,0.0,True,False,False,0.0,False,False,46.949
481,24.05,4,distraction,distracted,0.981822,0.017854,0.000148,0.0,0.000176,0.981822,0.041341,0.9526,0.0,0.066853,0.054145,0.054145,0.0,0.0,0.0,True,False,False,0.0,False,False,38.842
482,24.1,4,distraction,distracted,0.979431,0.020225,0.000157,0.0,0.000187,0.979431,0.039989,0.952963,0.0,0.066859,0.054116,0.054116,0.0,0.0,0.0,True,False,False,0.0,False,False,37.993
483,24.15,4,distraction,distracted,0.97883,0.020819,0.00016,0.0,0.000191,0.97883,0.041686,0.952701,0.0,0.066733,0.05409,0.05409,0.0,0.0,0.0,True,False,False,0.0,False,False,38.747
484,24.2,4,distraction,distracted,0.97868,0.020965,0.000162,0.0,0.000193,0.97868,0.042986,0.9526,0.0,0.066877,0.054067,0.054067,0.0,0.0,0.0,True,False,False,0.0,False,False,37.892
485,24.25,4,distraction,distracted,0.978077,0.021555,0.000169,0.0,0.0002,0.978077,0.043228,0.95232,0.0,0.066888,0.054045,0.054045,0.0,0.0,0.0,True,False,False,0.0,False,False,47.419
486,24.3,4,distraction,distracted,0.980526,0.019115,0.000165,0.0,0.000193,0.980526,0.043414,0.952392,0.0,0.066895,0.054023,0.054023,0.0,0.0,0.0,True,False,False,0.0,False,False,38.322
487,24.35,4,distraction,distracted,0.9791,0.020526,0.000175,0.0,0.000199,0.9791,0.041691,0.952169,0.0,0.066894,0.053997,0.053997,0.0,0.0,0.0,True,False,False,0.0,False,False,38.637
488,24.4,4,distraction,distracted,0.980185,0.019448,0.00017,0.0,0.000197,0.980185,0.040696,0.952529,0.0,0.066763,0.05397,0.05397,0.0,0.0,0.0,True,False,False,0.0,False,False,38.108
489,24.45,4,distraction,distracted,0.978625,0.020991,0.000177,0.0,0.000207,0.978625,0.041192,0.952649,0.0,0.066909,0.053944,0.053944,0.0,0.0,0.0,True,False,False,0.0,False,False,37.865
490,24.5,4,distraction,distracted,0.979759,0.019857,0.000177,0.0,0.000208,0.979759,0.043098,0.951592,0.0,0.066932,0.053922,0.053922,0.0,0.0,0.0,True,False,False,0.0,False,False,46.539
491,24.55,4,distraction,distracted,0.984586,0.01505,0.000168,0.0,0.000196,0.984586,0.043416,0.951468,0.0,0.066955,0.0539,0.0539,0.0,0.0,0.0,True,False,False,0.0,False,False,37.545
492,24.6,4,distraction,distracted,0.985245,0.014387,0.000169,0.0,0.000199,0.985245,0.051006,0.950279,0.0,0.06702,0.053894,0.053894,0.0,0.0,0.0,True,False,False,0.0,False,False,37.248
493,24.65,4,distraction,distracted,0.983677,0.01594,0.000176,0.0,0.000208,0.983677,0.043229,0.951654,0.0,0.066901,0.053873,0.053873,0.0,0.0,0.0,True,False,False,0.0,False,False,37.581
494,24.7,4,distraction,distracted,0.982955,0.016652,0.000179,0.0,0.000214,0.982955,0.042542,0.951292,0.0,0.06704,0.05385,0.05385,0.0,0.0,0.0,True,False,False,0.0,False,False,37.876
495,24.75,4,distraction,distracted,0.98164,0.017958,0.00018,0.0,0.000223,0.98164,0.043682,0.949642,0.0,0.067067,0.053829,0.053829,0.0,0.0,0.0,True,False,False,0.0,False,False,46.528
496,24.8,4,distraction,distracted,0.979414,0.020173,0.000178,0.0,0.000235,0.979414,0.045418,0.949202,0.0,0.067101,0.053812,0.053812,0.0,0.0,0.0,True,False,False,0.0,False,False,37.435
497,24.85,4,distraction,distracted,0.975197,0.024346,0.000189,0.0,0.000269,0.975197,0.049543,0.946789,0.0,0.067162,0.053804,0.053804,0.0,0.0,0.0,True,False,False,0.0,False,False,37.402
498,24.9,4,distraction,distracted,0.968056,0.031432,0.000205,0.0,0.000307,0.968056,0.057694,0.944065,0.0,0.067115,0.053811,0.053811,0.0,0.0,0.0,True,False,False,0.0,False,False,37.505
499,24.95,4,distraction,distracted,0.961138,0.038335,0.000208,0.0,0.000319,0.961138,0.067452,0.942487,0.0,0.067407,0.053839,0.053839,0.0,0.0,0.0,True,False,False,0.0,False,False,37.566
500,25.0,4,distraction,distracted,0.970934,0.028582,0.000203,0.0,0.000281,0.970934,0.15373,0.0,0.0,0.067552,0.053839,0.053839,0.0,0.0,0.0,True,False,False,0.0,False,False,42.702
501,25.05,4,distraction,distracted,0.983061,0.01653,0.000184,0.0,0.000224,0.983061,0.208171,0.0,0.0,0.067702,0.053839,0.053839,0.0,0.0,0.0,True,False,False,0.0,False,False,34.327
502,25.1,4,distraction,distracted,0.9878,0.011822,0.000178,0.0,0.0002,0.9878,0.237886,0.0,0.0,0.067856,0.053839,0.053839,0.0,0.0,0.0,True,False,False,0.0,False,False,34.177
503,25.15,4,distraction,distracted,0.989511,0.010116,0.000179,0.0,0.000194,0.989511,0.252955,0.0,0.0,0.067856,0.053839,0.053839,0.0,0.0,0.0,True,False,False,0.0,False,False,34.027
504,25.2,4,distraction,distracted,0.989104,0.010515,0.000186,0.0,0.000195,0.989104,0.186745,0.928772,0.0,0.06876,0.054098,0.054098,0.0,0.0,0.0,True,False,False,0.0,False,False,37.482
505,25.25,4,distraction,distracted,0.987663,0.011939,0.000195,0.0,0.000203,0.987663,0.136235,0.942379,0.0,0.069251,0.054261,0.054261,0.0,0.0,0.0,True,False,False,0.0,False,False,46.195
506,25.3,4,distraction,distracted,0.987495,0.012099,0.000196,0.0,0.00021,0.987495,0.07484,0.946799,0.0,0.069428,0.054302,0.054302,0.0,0.0,0.0,True,False,False,0.0,False,False,37.679
507,25.35,4,distraction,distracted,0.985556,0.013991,0.000212,0.0,0.000242,0.985556,0.053785,0.948586,0.0,0.069507,0.054301,0.054301,0.0,0.0,0.0,True,False,False,0.0,False,False,38.676
508,25.4,4,distraction,distracted,0.985025,0.014527,0.000204,0.0,0.000244,0.985025,0.045665,0.949864,0.0,0.069386,0.054284,0.054284,0.0,0.0,0.0,True,False,False,0.0,False,False,39.224
509,25.45,4,distraction,distracted,0.985485,0.01407,0.000199,0.0,0.000246,0.985485,0.04424,0.949499,0.0,0.069568,0.054264,0.054264,0.0,0.0,0.0,True,False,False,0.0,False,False,37.696
510,25.5,4,distraction,distracted,0.97949,0.019999,0.000227,0.0,0.000285,0.97949,0.050722,0.947871,0.0,0.06963,0.054257,0.054257,0.0,0.0,0.0,True,False,False,0.0,False,False,46.054
511,25.55,4,distraction,distracted,0.972694,0.026755,0.000246,0.0,0.000305,0.972694,0.048462,0.947763,0.0,0.069677,0.054245,0.054245,0.0,0.0,0.0,True,False,False,0.0,False,False,37.793
512,25.6,4,distraction,distracted,0.955476,0.043866,0.000298,0.0,0.000361,0.955476,0.04646,0.948857,0.0,0.069714,0.05423,0.05423,0.0,0.0,0.0,True,False,False,0.0,False,False,39.139
513,25.65,4,distraction,distracted,0.963328,0.036071,0.000279,0.0,0.000322,0.963328,0.043046,0.950917,0.0,0.069578,0.054208,0.054208,0.0,0.0,0.0,True,False,False,0.0,False,False,38.847
514,25.7,4,distraction,distracted,0.950656,0.048652,0.000323,0.0,0.000369,0.950656,0.066728,0.944716,0.0,0.06988,0.054232,0.054232,0.0,0.0,0.0,True,False,False,0.0,False,False,37.585
515,25.75,4,distraction,distracted,0.946635,0.052669,0.000322,0.0,0.000373,0.946635,0.048274,0.949865,0.0,0.069932,0.054221,0.054221,0.0,0.0,0.0,True,False,False,0.0,False,False,45.994
516,25.8,4,distraction,distracted,0.940762,0.058539,0.000312,0.0,0.000387,0.940762,0.054392,0.94922,0.0,0.070017,0.054221,0.054221,0.0,0.0,0.0,True,False,False,0.0,False,False,37.378
517,25.85,4,distraction,distracted,0.945738,0.053592,0.000292,0.0,0.000378,0.945738,0.048666,0.951142,0.0,0.070073,0.05421,0.05421,0.0,0.0,0.0,True,False,False,0.0,False,False,37.652
518,25.9,4,distraction,distracted,0.967144,0.032329,0.00024,0.0,0.000287,0.967144,0.098292,0.940475,0.0,0.070215,0.054295,0.054295,0.0,0.0,0.0,True,False,False,0.0,False,False,37.827
519,25.95,4,distraction,distracted,0.972806,0.026707,0.000228,0.0,0.000259,0.972806,0.084308,0.94486,0.0,0.070609,0.054353,0.054353,0.0,0.0,0.0,True,False,False,0.0,False,False,37.987
520,26.0,4,distraction,distracted,0.977846,0.021704,0.000213,0.0,0.000238,0.977846,0.057646,0.950203,0.0,0.070706,0.054359,0.054359,0.0,0.0,0.0,True,False,False,0.0,False,False,46.239
521,26.05,4,distraction,distracted,0.970088,0.029423,0.00023,0.0,0.00026,0.970088,0.04772,0.951742,0.0,0.070745,0.054347,0.054347,0.0,0.0,0.0,True,False,False,0.0,False,False,37.801
522,26.1,4,distraction,distracted,0.962025,0.037463,0.00024,0.0,0.000273,0.962025,0.041347,0.952383,0.0,0.070753,0.054321,0.054321,0.0,0.0,0.0,True,False,False,0.0,False,False,37.917
523,26.15,4,distraction,distracted,0.925949,0.073418,0.000293,0.0,0.00034,0.925949,0.041732,0.952518,0.0,0.07076,0.054297,0.054297,0.0,0.0,0.0,True,False,False,0.0,False,False,38.189
524,26.2,4,distraction,distracted,0.904115,0.095227,0.0003,0.0,0.000358,0.904115,0.038535,0.952677,0.0,0.070758,0.054267,0.054267,0.0,0.0,0.0,True,False,False,0.0,False,False,38.085
525,26.25,4,distraction,distracted,0.924779,0.074638,0.000266,0.0,0.000317,0.924779,0.039069,0.952951,0.0,0.070761,0.054237,0.054237,0.0,0.0,0.0,True,False,False,0.710327,False,False,46.996
526,26.3,4,distraction,distracted,0.938234,0.061232,0.000243,0.0,0.000292,0.938234,0.038568,0.953143,0.0,0.070749,0.054207,0.054207,0.0,0.0,0.0,True,False,False,0.710327,False,False,37.807
527,26.35,4,distraction,distracted,0.945313,0.054176,0.000231,0.0,0.000281,0.945313,0.038843,0.952431,0.0,0.070746,0.054178,0.054178,0.0,0.0,0.0,True,False,False,0.546448,False,False,37.826
528,26.4,4,distraction,distracted,0.931205,0.068246,0.000248,0.0,0.000301,0.931205,0.036447,0.952662,0.0,0.070738,0.054144,0.054144,0.0,0.0,0.0,True,False,False,0.0,False,False,37.427
529,26.45,4,distraction,distracted,0.899015,0.10036,0.000276,0.0,0.000348,0.899015,0.03625,0.952909,0.0,0.070715,0.05411,0.05411,0.0,0.0,0.0,True,False,False,0.0,False,False,37.601
530,26.5,4,distraction,distracted,0.861044,0.138262,0.000298,0.0,0.000397,0.861044,0.035905,0.952723,0.0,0.0707,0.054075,0.054075,0.0,0.0,0.0,True,False,False,0.0,False,False,46.129
531,26.55,4,distraction,distracted,0.855645,0.143657,0.000295,0.0,0.000403,0.855645,0.03801,0.952286,0.0,0.070697,0.054045,0.054045,0.0,0.0,0.0,True,False,False,0.0,False,False,37.583
532,26.6,4,distraction,distracted,0.7797,0.219471,0.000327,0.0,0.000502,0.7797,0.039064,0.952329,0.0,0.070702,0.054016,0.054016,0.0,0.0,0.0,True,False,False,0.0,False,False,37.741
533,26.65,4,distraction,distracted,0.720823,0.278281,0.000338,0.0,0.000558,0.720823,0.037258,0.952586,0.0,0.070701,0.053984,0.053984,0.0,0.0,0.0,True,False,False,0.0,False,False,37.727
534,26.7,4,distraction,distracted,0.677817,0.321264,0.000337,0.0,0.000583,0.677817,0.036195,0.953039,0.0,0.070692,0.053951,0.053951,0.0,0.0,0.0,True,False,False,0.0,False,False,37.447
535,26.75,4,distraction,distracted,0.780829,0.21836,0.000308,0.0,0.000503,0.780829,0.038538,0.951506,0.0,0.07069,0.053922,0.053922,0.0,0.0,0.0,True,False,False,0.0,False,False,46.374
536,26.8,4,distraction,distracted,0.897221,0.102164,0.000258,0.0,0.000356,0.897221,0.03667,0.952266,0.0,0.070677,0.053889,0.053889,0.0,0.0,0.0,True,False,False,0.0,False,False,37.53
537,26.85,4,distraction,distracted,0.948543,0.050974,0.000216,0.0,0.000266,0.948543,0.051543,0.94654,0.0,0.07074,0.053885,0.053885,0.0,0.0,0.0,True,False,False,0.0,False,False,37.458
538,26.9,4,distraction,distracted,0.965824,0.033748,0.000199,0.0,0.000229,0.965824,0.09139,0.941612,0.0,0.071007,0.053954,0.053954,0.0,0.0,0.0,True,False,False,0.0,False,False,37.39
539,26.95,4,distraction,distracted,0.970681,0.028898,0.000197,0.0,0.000224,0.970681,0.054707,0.948956,0.0,0.071065,0.053956,0.053956,0.0,0.0,0.0,True,False,False,0.0,False,False,37.348
540,27.0,4,distraction,distracted,0.97102,0.028564,0.000193,0.0,0.000222,0.97102,0.044328,0.951827,0.0,0.071085,0.053938,0.053938,0.0,0.0,0.0,True,False,False,0.0,False,False,46.17
541,27.05,4,distraction,distracted,0.971799,0.027788,0.000189,0.0,0.000224,0.971799,0.040531,0.952381,0.0,0.071079,0.053913,0.053913,0.0,0.0,0.0,True,False,False,0.0,False,False,37.781
542,27.1,4,distraction,distracted,0.971989,0.027596,0.000187,0.0,0.000228,0.971989,0.039368,0.952908,0.0,0.071073,0.053886,0.053886,0.0,0.0,0.0,True,False,False,0.0,False,False,37.653
543,27.15,4,distraction,distracted,0.968844,0.030732,0.000189,0.0,0.000235,0.968844,0.037417,0.95343,0.0,0.07105,0.053855,0.053855,0.0,0.0,0.0,True,False,False,0.0,False,False,38.184
544,27.2,4,distraction,distracted,0.959724,0.03982,0.000199,0.0,0.000257,0.959724,0.037327,0.952807,0.0,0.070993,0.053824,0.053824,0.0,0.0,0.0,True,False,False,0.0,False,False,38.567
545,27.25,4,distraction,distracted,0.954801,0.044736,0.000199,0.0,0.000264,0.954801,0.036422,0.953212,0.0,0.070949,0.053792,0.053792,0.0,0.0,0.0,True,False,False,0.0,False,False,46.369
546,27.3,4,distraction,distracted,0.96353,0.036037,0.000188,0.0,0.000245,0.96353,0.037052,0.952823,0.0,0.070934,0.053761,0.053761,0.0,0.0,0.0,True,False,False,0.0,False,False,37.841
547,27.35,4,distraction,distracted,0.970211,0.029373,0.000182,0.0,0.000235,0.970211,0.039509,0.95216,0.0,0.070927,0.053735,0.053735,0.0,0.0,0.0,True,False,False,0.0,False,False,38.292
548,27.4,4,distraction,distracted,0.966761,0.032813,0.000186,0.0,0.00024,0.966761,0.037263,0.952579,0.0,0.070923,0.053705,0.053705,0.0,0.0,0.0,True,False,False,0.0,False,False,37.969
549,27.45,4,distraction,distracted,0.971222,0.028369,0.000181,0.0,0.000229,0.971222,0.036741,0.952606,0.0,0.070918,0.053673,0.053673,0.0,0.0,0.0,True,False,False,0.0,False,False,38.274
550,27.5,4,distraction,distracted,0.975162,0.024444,0.000175,0.0,0.000219,0.975162,0.03693,0.9521,0.0,0.070909,0.053643,0.053643,0.0,0.0,0.0,True,False,False,0.0,False,False,46.741
551,27.55,4,distraction,distracted,0.978082,0.021536,0.00017,0.0,0.000212,0.978082,0.036584,0.952467,0.0,0.070901,0.053611,0.053611,0.0,0.0,0.0,True,False,False,0.0,False,False,37.788
552,27.6,4,distraction,distracted,0.979837,0.019792,0.000165,0.0,0.000206,0.979837,0.037384,0.952323,0.0,0.070895,0.053582,0.053582,0.0,0.0,0.0,True,False,False,0.0,False,False,37.677
553,27.65,4,distraction,distracted,0.979705,0.019927,0.000163,0.0,0.000205,0.979705,0.038852,0.951877,0.0,0.070897,0.053555,0.053555,0.0,0.0,0.0,True,False,False,0.0,False,False,38.802
554,27.7,4,distraction,distracted,0.977605,0.022021,0.000163,0.0,0.000212,0.977605,0.038382,0.95145,0.0,0.070899,0.053527,0.053527,0.0,0.0,0.0,True,False,False,0.0,False,False,38.425
555,27.75,4,distraction,distracted,0.978479,0.021148,0.000161,0.0,0.000213,0.978479,0.03828,0.951849,0.0,0.070893,0.053499,0.053499,0.0,0.0,0.0,True,False,False,0.0,False,False,46.821
556,27.8,4,distraction,distracted,0.974558,0.025055,0.000163,0.0,0.000224,0.974558,0.037576,0.951674,0.0,0.070877,0.053471,0.053471,0.0,0.0,0.0,True,False,False,0.0,False,False,39.098
557,27.85,4,distraction,distracted,0.968107,0.03149,0.000166,0.0,0.000238,0.968107,0.038059,0.951724,0.0,0.070863,0.053443,0.053443,0.0,0.0,0.0,True,False,False,0.0,False,False,38.782
558,27.9,4,distraction,distracted,0.971231,0.028381,0.00016,0.0,0.000228,0.971231,0.037258,0.952243,0.0,0.070853,0.053413,0.053413,0.0,0.0,0.0,True,False,False,0.0,False,False,37.775
559,27.95,4,distraction,distracted,0.968119,0.031477,0.000164,0.0,0.000241,0.968119,0.036206,0.952789,0.0,0.07083,0.053382,0.053382,0.0,0.0,0.0,True,False,False,0.0,False,False,37.66
560,28.0,4,distraction,distracted,0.969401,0.030204,0.000159,0.0,0.000237,0.969401,0.035887,0.952884,0.0,0.07081,0.053351,0.053351,0.0,0.0,0.0,True,False,False,0.0,False,False,46.429
561,28.05,4,distraction,distracted,0.972492,0.027129,0.000153,0.0,0.000225,0.972492,0.035883,0.952869,0.0,0.07079,0.053319,0.053319,0.0,0.0,0.0,True,False,False,0.0,False,False,37.599
562,28.1,4,distraction,distracted,0.976531,0.023106,0.00015,0.0,0.000214,0.976531,0.035728,0.952967,0.0,0.070767,0.053288,0.053288,0.0,0.0,0.0,True,False,False,0.0,False,False,37.75
563,28.15,4,distraction,distracted,0.97294,0.02668,0.000155,0.0,0.000225,0.97294,0.036326,0.952851,0.0,0.070756,0.053257,0.053257,0.0,0.0,0.0,True,False,False,0.0,False,False,37.694
564,28.2,4,distraction,distracted,0.964678,0.034893,0.000168,0.0,0.000261,0.964678,0.03838,0.952208,0.0,0.070755,0.053231,0.053231,0.0,0.0,0.0,True,False,False,0.0,False,False,37.694
565,28.25,4,distraction,distracted,0.945346,0.054153,0.000184,0.0,0.000318,0.945346,0.036873,0.952384,0.0,0.070747,0.053202,0.053202,0.0,0.0,0.0,True,False,False,0.0,False,False,46.383
566,28.3,4,distraction,distracted,0.958004,0.041563,0.000163,0.0,0.00027,0.958004,0.03717,0.952085,0.0,0.070735,0.053173,0.053173,0.0,0.0,0.0,True,False,False,0.0,False,False,37.555
567,28.35,4,distraction,distracted,0.957695,0.041879,0.000163,0.0,0.000263,0.957695,0.038099,0.951682,0.0,0.070728,0.053146,0.053146,0.0,0.0,0.0,True,False,False,0.213081,False,False,37.754
568,28.4,4,distraction,distracted,0.965356,0.034251,0.000157,0.0,0.000236,0.965356,0.038839,0.951775,0.0,0.070727,0.053121,0.053121,0.0,0.0,0.0,True,False,False,0.213081,False,False,37.495
569,28.45,4,distraction,distracted,0.964112,0.035491,0.00016,0.0,0.000237,0.964112,0.037395,0.952119,0.0,0.070712,0.053093,0.053093,0.0,0.0,0.0,True,False,False,0.213081,False,False,37.5
570,28.5,4,distraction,distracted,0.970641,0.028988,0.000153,0.0,0.000217,0.970641,0.038045,0.951805,0.0,0.07071,0.053066,0.053066,0.0,0.0,0.0,True,False,False,0.049946,False,False,46.397
571,28.55,4,distraction,distracted,0.96592,0.033687,0.000163,0.0,0.000231,0.96592,0.038919,0.951659,0.0,0.070714,0.053041,0.053041,0.0,0.0,0.0,True,False,False,0.0,False,False,37.669
572,28.6,4,distraction,distracted,0.966522,0.033084,0.000163,0.0,0.000232,0.966522,0.038576,0.951837,0.0,0.070714,0.053016,0.053016,0.0,0.0,0.0,True,False,False,0.049946,False,False,37.462
573,28.65,4,distraction,distracted,0.971299,0.028329,0.000156,0.0,0.000217,0.971299,0.038661,0.952413,0.0,0.070708,0.05299,0.05299,0.0,0.0,0.0,True,False,False,0.070946,False,False,37.459
574,28.7,4,distraction,distracted,0.974846,0.024793,0.000153,0.0,0.000209,0.974846,0.039388,0.952026,0.0,0.070707,0.052967,0.052967,0.0,0.0,0.0,True,False,False,0.216629,False,False,37.559
575,28.75,4,distraction,distracted,0.963539,0.036044,0.00017,0.0,0.000246,0.963539,0.03792,0.95239,0.0,0.070701,0.05294,0.05294,0.0,0.0,0.0,True,False,False,0.216629,False,False,46.3
576,28.8,4,distraction,distracted,0.966747,0.032855,0.000161,0.0,0.000237,0.966747,0.039077,0.952337,0.0,0.070691,0.052916,0.052916,0.0,0.0,0.0,True,False,False,0.153687,False,False,37.585
577,28.85,4,distraction,distracted,0.967676,0.031937,0.000156,0.0,0.000231,0.967676,0.049209,0.949697,0.0,0.070737,0.052909,0.052909,0.0,0.0,0.0,True,False,False,0.112202,False,False,37.434
578,28.9,4,distraction,distracted,0.976843,0.022814,0.000144,0.0,0.000199,0.976843,0.357099,0.901536,0.0,0.072295,0.053412,0.053412,0.0,0.0,0.0,True,False,False,0.0,False,False,37.402
579,28.95,4,distraction,distracted,0.979111,0.020555,0.000141,0.0,0.000193,0.979111,0.302743,0.919767,0.0,0.073594,0.053832,0.053832,0.0,0.0,0.0,True,False,False,0.0,False,False,37.499
580,29.0,4,distraction,distracted,0.982005,0.017667,0.000139,0.0,0.000189,0.982005,0.127298,0.94248,0.0,0.074038,0.053958,0.053958,0.0,0.0,0.0,True,False,False,0.0,False,False,46.29
581,29.05,4,distraction,distracted,0.98414,0.015534,0.000139,0.0,0.000187,0.98414,0.058017,0.951053,0.0,0.074136,0.053965,0.053965,0.0,0.0,0.0,True,False,False,0.0,False,False,38.103
582,29.1,4,distraction,distracted,0.976285,0.023308,0.000161,0.0,0.000247,0.976285,0.163989,0.932341,0.0,0.074774,0.054152,0.054152,0.0,0.0,0.0,True,False,False,0.0,False,False,37.991
583,29.15,4,distraction,distracted,0.983289,0.016355,0.000142,0.0,0.000214,0.983289,0.46418,0.868939,0.0,0.076795,0.0548,0.0548,0.0,0.0,0.0,True,False,False,0.0,False,False,37.5
584,29.2,4,distraction,distracted,0.982919,0.016713,0.000146,0.0,0.000222,0.982919,0.386091,0.909796,0.0,0.078519,0.055347,0.055347,0.0,0.0,0.0,True,False,False,0.0,False,False,37.587
585,29.25,4,distraction,distracted,0.980688,0.018933,0.000146,0.0,0.000233,0.980688,0.204883,0.935713,0.0,0.079363,0.0556,0.0556,0.0,0.0,0.0,True,False,False,0.0,False,False,46.31
586,29.3,4,distraction,distracted,0.978889,0.020715,0.000147,0.0,0.000249,0.978889,0.078982,0.949776,0.0,0.079577,0.05564,0.05564,0.0,0.0,0.0,True,False,False,0.0,False,False,37.441
587,29.35,4,distraction,distracted,0.979488,0.020116,0.000145,0.0,0.00025,0.979488,0.044249,0.954357,0.0,0.079605,0.055621,0.055621,0.0,0.0,0.0,True,False,False,0.0,False,False,37.568
588,29.4,4,distraction,distracted,0.968639,0.030867,0.000164,0.0,0.00033,0.968639,0.039747,0.95507,0.0,0.079599,0.055593,0.055593,0.0,0.0,0.0,True,False,False,0.179092,False,False,37.638
589,29.45,4,distraction,distracted,0.967979,0.031561,0.000154,0.0,0.000306,0.967979,0.037747,0.954222,0.0,0.079593,0.055563,0.055563,0.0,0.0,0.0,True,False,False,0.157005,False,False,37.828
590,29.5,4,distraction,distracted,0.978546,0.021077,0.00014,0.0,0.000237,0.978546,0.036672,0.953297,0.0,0.079578,0.05553,0.05553,0.0,0.0,0.0,True,False,False,0.15609,False,False,45.978
591,29.55,4,distraction,distracted,0.983054,0.016599,0.000137,0.0,0.00021,0.983054,0.036695,0.952725,0.0,0.079575,0.055498,0.055498,0.0,0.0,0.0,True,False,False,0.15609,False,False,37.564
592,29.6,4,distraction,distracted,0.98465,0.01502,0.000134,0.0,0.000196,0.98465,0.039193,0.952234,0.0,0.079555,0.05547,0.05547,0.0,0.0,0.0,True,False,False,0.15609,False,False,37.501
593,29.65,4,distraction,distracted,0.985137,0.014541,0.000134,0.0,0.000188,0.985137,0.039791,0.95185,0.0,0.079535,0.055444,0.055444,0.0,0.0,0.0,True,False,False,0.0,False,False,37.513
594,29.7,4,distraction,distracted,0.986342,0.013344,0.000133,0.0,0.00018,0.986342,0.040747,0.95135,0.0,0.079543,0.055419,0.055419,0.0,0.0,0.0,True,False,False,0.0,False,False,37.781
595,29.75,4,distraction,distracted,0.98421,0.015461,0.00014,0.0,0.000188,0.98421,0.038652,0.951838,0.0,0.079541,0.05539,0.05539,0.0,0.0,0.0,True,False,False,0.0,False,False,46.538
596,29.8,4,distraction,distracted,0.985743,0.013942,0.000136,0.0,0.000179,0.985743,0.038199,0.952103,0.0,0.079535,0.055361,0.055361,0.0,0.0,0.0,True,False,False,0.0,False,False,38.286
597,29.85,4,distraction,distracted,0.985469,0.01421,0.000138,0.0,0.000182,0.985469,0.039119,0.951963,0.0,0.079527,0.055334,0.055334,0.0,0.0,0.0,True,False,False,0.0,False,False,38.03
598,29.9,4,distraction,distracted,0.984033,0.015638,0.000141,0.0,0.000189,0.984033,0.038217,0.951699,0.0,0.079521,0.055305,0.055305,0.0,0.0,0.0,True,False,False,0.0,False,False,38.425
599,29.95,4,distraction,distracted,0.986281,0.013403,0.000137,0.0,0.000179,0.986281,0.038938,0.951643,0.0,0.079517,0.055277,0.055277,0.0,0.0,0.0,True,True,False,0.0,False,False,37.734
600,30.0,4,distraction,distracted,0.985938,0.013731,0.000146,0.0,0.000186,0.985938,0.038692,0.951568,0.0,0.079512,0.054973,0.055249,0.0,0.0,0.0,True,True,False,0.0,False,False,47.005
601,30.05,4,distraction,distracted,0.985151,0.014509,0.00015,0.0,0.00019,0.985151,0.038064,0.952164,0.0,0.079502,0.054842,0.055221,0.0,0.0,0.0,True,True,False,0.0,False,False,38.321
602,30.1,4,distraction,distracted,0.982774,0.016867,0.000154,0.0,0.000205,0.982774,0.03877,0.952058,0.0,0.079495,0.054797,0.055193,0.0,0.0,0.0,True,True,False,0.0,False,False,38.43
603,30.15,4,distraction,distracted,0.981144,0.01849,0.000154,0.0,0.000213,0.981144,0.038079,0.952185,0.0,0.079492,0.054769,0.055164,0.0,0.0,0.0,True,True,False,0.0,False,False,38.589
604,30.2,4,distraction,distracted,0.96883,0.030739,0.000169,0.0,0.000261,0.96883,0.037005,0.952234,0.0,0.079491,0.054751,0.055134,0.0,0.0,0.0,True,True,False,0.0,False,False,38.55
605,30.25,4,distraction,distracted,0.971749,0.027841,0.00016,0.0,0.00025,0.971749,0.037173,0.952448,0.0,0.079493,0.054774,0.055104,0.0,0.0,0.0,True,True,False,0.0,False,False,46.582
606,30.3,4,distraction,distracted,0.975675,0.023933,0.000154,0.0,0.000237,0.975675,0.038141,0.952176,0.0,0.079503,0.054776,0.055076,0.0,0.0,0.0,True,True,False,0.0,False,False,37.555
607,30.35,4,distraction,distracted,0.976496,0.023114,0.000152,0.0,0.000239,0.976496,0.038831,0.951217,0.0,0.079515,0.054778,0.055049,0.0,0.0,0.0,True,True,False,0.0,False,False,38.204
608,30.4,4,distraction,distracted,0.973692,0.025902,0.000151,0.0,0.000254,0.973692,0.039196,0.950816,0.0,0.079529,0.054752,0.055023,0.0,0.0,0.0,True,True,False,0.0,False,False,38.281
609,30.45,4,distraction,distracted,0.976331,0.02328,0.000146,0.0,0.000243,0.976331,0.039167,0.951321,0.0,0.079538,0.054752,0.054996,0.0,0.0,0.0,True,True,False,0.0,False,False,37.83
610,30.5,4,distraction,distracted,0.977396,0.02223,0.000144,0.0,0.00023,0.977396,0.043346,0.949391,0.0,0.079568,0.054786,0.054977,0.0,0.0,0.0,True,True,False,0.0,False,False,46.458
611,30.55,4,distraction,distracted,0.977505,0.022126,0.000147,0.0,0.000223,0.977505,0.042932,0.94986,0.0,0.079593,0.054796,0.054957,0.0,0.0,0.0,True,True,False,0.0,False,False,37.513
612,30.6,4,distraction,distracted,0.973823,0.025792,0.000156,0.0,0.000229,0.973823,0.041741,0.950208,0.0,0.079612,0.054804,0.054936,0.0,0.0,0.0,True,True,False,0.0,False,False,37.945
613,30.65,4,distraction,distracted,0.973051,0.026553,0.000163,0.0,0.000233,0.973051,0.042463,0.948859,0.0,0.079637,0.054783,0.054915,0.0,0.0,0.0,True,True,False,0.0,False,False,37.568
614,30.7,4,distraction,distracted,0.973106,0.02649,0.000168,0.0,0.000235,0.973106,0.041197,0.949775,0.0,0.079656,0.054791,0.054893,0.0,0.0,0.0,True,True,False,0.0,False,False,37.759
615,30.75,4,distraction,distracted,0.969751,0.029823,0.000176,0.0,0.000249,0.969751,0.040309,0.949662,0.0,0.079671,0.054827,0.054869,0.0,0.0,0.0,True,True,False,0.0,False,False,46.29
616,30.8,4,distraction,distracted,0.961343,0.038206,0.000183,0.0,0.000268,0.961343,0.038486,0.951666,0.0,0.079678,0.054824,0.054842,0.0,0.0,0.0,True,True,False,0.0,False,False,37.674
617,30.85,4,distraction,distracted,0.959121,0.040397,0.000191,0.0,0.000291,0.959121,0.038876,0.952021,0.0,0.079689,0.054823,0.054816,0.0,0.0,0.0,True,True,False,0.0,False,False,37.547
618,30.9,4,distraction,distracted,0.956328,0.043171,0.000196,0.0,0.000305,0.956328,0.03984,0.951144,0.0,0.07971,0.054798,0.054792,0.0,0.0,0.0,True,True,False,0.0,False,False,37.653
619,30.95,4,distraction,distracted,0.958196,0.041302,0.000199,0.0,0.000304,0.958196,0.039666,0.950967,0.0,0.079725,0.054801,0.054767,0.0,0.0,0.0,True,True,False,0.0,False,False,37.715
620,31.0,4,distraction,distracted,0.956735,0.042742,0.000207,0.0,0.000315,0.956735,0.039358,0.950741,0.0,0.079738,0.054832,0.054742,0.0,0.0,0.0,True,True,False,0.0,False,False,46.296
621,31.05,4,distraction,distracted,0.955309,0.044169,0.000207,0.0,0.000315,0.955309,0.04084,0.950382,0.0,0.07976,0.054833,0.054719,0.0,0.0,0.0,True,True,False,0.0,False,False,37.647
622,31.1,4,distraction,distracted,0.957668,0.041822,0.000206,0.0,0.000305,0.957668,0.040297,0.950252,0.0,0.078262,0.054835,0.054696,0.0,0.0,0.0,True,True,False,0.0,False,False,37.483
623,31.15,4,distraction,distracted,0.957377,0.042125,0.0002,0.0,0.000298,0.957377,0.047085,0.949105,0.0,0.076174,0.054823,0.054684,0.0,0.0,0.0,True,True,False,0.0,False,False,37.734
624,31.2,4,distraction,distracted,0.953718,0.045784,0.000201,0.0,0.000297,0.953718,0.04556,0.949851,0.0,0.074048,0.054834,0.054669,0.0,0.0,0.0,True,True,False,0.0,False,False,37.657
625,31.25,4,distraction,distracted,0.952958,0.046552,0.000204,0.0,0.000287,0.952958,0.04623,0.948795,0.0,0.071913,0.054875,0.054655,0.0,0.0,0.0,True,True,False,0.0,False,False,46.45
626,31.3,4,distraction,distracted,0.954157,0.045364,0.000203,0.0,0.000275,0.954157,0.05381,0.94654,0.0,0.070006,0.054902,0.054654,0.0,0.0,0.0,True,True,False,0.0,False,False,37.658
627,31.35,4,distraction,distracted,0.958542,0.040996,0.000198,0.0,0.000264,0.958542,0.053938,0.94621,0.0,0.067805,0.054929,0.054653,0.0,0.0,0.0,True,True,False,0.0,False,False,37.866
628,31.4,4,distraction,distracted,0.963268,0.036288,0.000192,0.0,0.000251,0.963268,0.04771,0.947781,0.0,0.065517,0.054917,0.054642,0.0,0.0,0.0,True,True,False,0.0,False,False,37.958
629,31.45,4,distraction,distracted,0.966873,0.032705,0.000184,0.0,0.000238,0.966873,0.046254,0.947669,0.0,0.063297,0.054933,0.054628,0.0,0.0,0.0,True,True,False,0.0,False,False,37.445
630,31.5,4,distraction,distracted,0.966404,0.033183,0.00018,0.0,0.000233,0.966404,0.04758,0.946539,0.0,0.061238,0.054983,0.054617,0.0,0.0,0.0,True,True,False,0.0,False,False,46.252
631,31.55,4,distraction,distracted,0.963607,0.035978,0.000179,0.0,0.000236,0.963607,0.044461,0.948114,0.0,0.059581,0.054997,0.054601,0.0,0.0,0.0,True,True,False,0.0,False,False,37.704
632,31.6,4,distraction,distracted,0.944526,0.055009,0.000192,0.0,0.000273,0.944526,0.046697,0.947405,0.0,0.057427,0.055015,0.054589,0.0,0.0,0.0,True,True,False,0.0,False,False,37.721
633,31.65,4,distraction,distracted,0.957587,0.041995,0.000177,0.0,0.000241,0.957587,0.044203,0.947941,0.0,0.055252,0.054997,0.054572,0.0,0.0,0.0,True,True,False,0.055267,False,False,37.722
634,31.7,4,distraction,distracted,0.959695,0.039881,0.000179,0.0,0.000244,0.959695,0.040263,0.95145,0.0,0.053301,0.055004,0.054549,0.0,0.0,0.0,True,True,False,0.0,False,False,37.446
635,31.75,4,distraction,distracted,0.963161,0.036421,0.000178,0.0,0.00024,0.963161,0.038909,0.951553,0.0,0.052069,0.055041,0.054524,0.0,0.0,0.0,True,True,False,0.0,False,False,46.236
636,31.8,4,distraction,distracted,0.946083,0.053451,0.000193,0.0,0.000272,0.946083,0.038824,0.951879,0.0,0.051695,0.055046,0.0545,0.0,0.0,0.0,True,True,False,0.0,False,False,37.342
637,31.85,4,distraction,distracted,0.951074,0.048464,0.000195,0.0,0.000266,0.951074,0.038573,0.951446,0.0,0.051634,0.05505,0.054474,0.0,0.0,0.0,True,True,False,0.0,False,False,37.479
638,31.9,4,distraction,distracted,0.954023,0.045532,0.000191,0.0,0.000253,0.954023,0.038551,0.950824,0.0,0.051617,0.055023,0.054449,0.0,0.0,0.0,True,True,False,0.0,False,False,37.661
639,31.95,4,distraction,distracted,0.934606,0.064893,0.000212,0.0,0.000289,0.934606,0.041421,0.949827,0.0,0.051633,0.055032,0.054429,0.0,0.0,0.0,True,True,False,0.0,False,False,38.295
640,32.0,4,distraction,distracted,0.946517,0.053017,0.000204,0.0,0.000262,0.946517,0.042105,0.949302,0.0,0.051657,0.055075,0.054409,0.0,0.0,0.0,True,True,False,0.0,False,False,46.525
641,32.05,4,distraction,distracted,0.952919,0.046612,0.00021,0.0,0.000259,0.952919,0.041724,0.950408,0.0,0.051607,0.055053,0.054389,0.0,0.0,0.0,True,True,False,0.0,False,False,37.854
642,32.1,4,distraction,distracted,0.957007,0.042523,0.000211,0.0,0.000258,0.957007,0.042607,0.949356,0.0,0.051711,0.055098,0.054371,0.0,0.0,0.0,True,True,False,0.0,False,False,37.705
643,32.15,4,distraction,distracted,0.959076,0.040454,0.000211,0.0,0.000259,0.959076,0.040615,0.950695,0.0,0.051726,0.055074,0.054349,0.0,0.0,0.0,True,True,False,0.0,False,False,37.566
644,32.2,4,distraction,distracted,0.959625,0.039912,0.00021,0.0,0.000254,0.959625,0.041337,0.950169,0.0,0.051744,0.055117,0.054329,0.0,0.0,0.0,True,True,False,0.0,False,False,38.391
645,32.25,4,distraction,distracted,0.9567,0.042825,0.000213,0.0,0.000261,0.9567,0.0385,0.952112,0.0,0.051749,0.055122,0.054304,0.0,0.0,0.0,True,True,False,0.0,False,False,46.526
646,32.3,4,distraction,distracted,0.954945,0.044577,0.000211,0.0,0.000267,0.954945,0.037745,0.952143,0.0,0.051678,0.055092,0.054279,0.0,0.0,0.0,True,True,False,0.0,False,False,38.042
647,32.35,4,distraction,distracted,0.948759,0.050759,0.000214,0.0,0.000268,0.948759,0.038274,0.952117,0.0,0.051761,0.055126,0.054254,0.0,0.0,0.0,True,True,False,0.0,False,False,37.646
648,32.4,4,distraction,distracted,0.947556,0.051957,0.000212,0.0,0.000275,0.947556,0.037222,0.952495,0.0,0.051756,0.055096,0.054227,0.0,0.0,0.0,True,True,False,0.0,False,False,37.673
649,32.45,4,distraction,distracted,0.914567,0.084869,0.000237,0.0,0.000327,0.914567,0.038557,0.952051,0.0,0.05176,0.055127,0.054203,0.0,0.0,0.0,True,True,False,0.0,False,False,37.63
650,32.5,4,distraction,distracted,0.905288,0.094141,0.000241,0.0,0.00033,0.905288,0.038552,0.952665,0.0,0.051766,0.055129,0.054178,0.0,0.0,0.0,True,True,False,0.0,False,False,46.224
651,32.55,4,distraction,distracted,0.891387,0.108009,0.000254,0.0,0.000349,0.891387,0.040138,0.95281,0.0,0.051707,0.055104,0.054157,0.0,0.0,0.0,True,True,False,0.0,False,False,37.481
652,32.6,4,distraction,distracted,0.93574,0.063753,0.000224,0.0,0.000283,0.93574,0.038744,0.953113,0.0,0.051773,0.055136,0.054133,0.0,0.0,0.0,True,True,False,0.0,False,False,37.577
653,32.65,4,distraction,distracted,0.957989,0.041552,0.00021,0.0,0.000249,0.957989,0.039521,0.952608,0.0,0.051783,0.05511,0.05411,0.0,0.0,0.0,True,True,False,0.0,False,False,37.731
654,32.7,4,distraction,distracted,0.956104,0.043427,0.000215,0.0,0.000254,0.956104,0.039039,0.952926,0.0,0.051786,0.055145,0.054087,0.0,0.0,0.0,True,True,False,0.0,False,False,37.381
655,32.75,4,distraction,distracted,0.967404,0.032169,0.000198,0.0,0.00023,0.967404,0.039475,0.951894,0.0,0.051793,0.055149,0.054065,0.0,0.0,0.0,True,True,False,0.0,False,False,46.474
656,32.8,4,distraction,distracted,0.973204,0.02639,0.00019,0.0,0.000216,0.973204,0.037585,0.953238,0.0,0.05172,0.05512,0.054039,0.0,0.0,0.0,True,True,False,0.0,False,False,37.471
657,32.85,4,distraction,distracted,0.975179,0.024428,0.000184,0.0,0.000209,0.975179,0.037417,0.95341,0.0,0.051801,0.05515,0.054014,0.0,0.0,0.0,True,True,False,0.0,False,False,37.5
658,32.9,4,distraction,distracted,0.974456,0.025144,0.000187,0.0,0.000212,0.974456,0.039413,0.952993,0.0,0.051819,0.055124,0.053991,0.0,0.0,0.0,True,True,False,0.0,False,False,37.657
659,32.95,4,distraction,distracted,0.975508,0.024099,0.000184,0.0,0.000209,0.975508,0.039411,0.952228,0.0,0.051833,0.055155,0.053969,0.0,0.0,0.0,True,True,False,0.0,False,False,37.796
660,33.0,4,distraction,distracted,0.978774,0.020842,0.00018,0.0,0.000204,0.978774,0.038271,0.952526,0.0,0.051844,0.055157,0.053945,0.0,0.0,0.0,True,True,False,0.0,False,False,46.133
661,33.05,4,distraction,distracted,0.980558,0.019063,0.000178,0.0,0.000201,0.980558,0.039076,0.951752,0.0,0.051779,0.05513,0.053922,0.0,0.0,0.0,True,True,False,0.0,False,False,37.473
662,33.1,4,distraction,distracted,0.981195,0.018424,0.000178,0.0,0.000203,0.981195,0.036216,0.95275,0.0,0.051851,0.055155,0.053895,0.0,0.0,0.0,True,True,False,0.0,False,False,37.371
663,33.15,4,distraction,distracted,0.981946,0.017684,0.000172,0.0,0.000198,0.981946,0.035998,0.952739,0.0,0.051849,0.055122,0.053868,0.0,0.0,0.0,True,True,False,0.0,False,False,37.681
664,33.2,4,distraction,distracted,0.983108,0.016537,0.000164,0.0,0.000191,0.983108,0.036483,0.951973,0.0,0.051848,0.055146,0.053842,0.0,0.0,0.0,True,True,False,0.0,False,False,37.654
665,33.25,4,distraction,distracted,0.983938,0.015714,0.000161,0.0,0.000188,0.983938,0.038693,0.951572,0.0,0.05186,0.055147,0.053819,0.0,0.0,0.0,True,True,False,0.0,False,False,46.152
666,33.3,4,distraction,distracted,0.982642,0.017005,0.000161,0.0,0.000192,0.982642,0.036954,0.953014,0.0,0.051784,0.055116,0.053793,0.0,0.0,0.0,True,True,False,0.0,False,False,37.438
667,33.35,4,distraction,distracted,0.98182,0.017826,0.000161,0.0,0.000193,0.98182,0.036862,0.95262,0.0,0.051858,0.055145,0.053768,0.0,0.0,0.0,True,True,False,0.0,False,False,37.407
668,33.4,4,distraction,distracted,0.979361,0.020277,0.000164,0.0,0.000197,0.979361,0.037173,0.952179,0.0,0.051857,0.055114,0.053743,0.0,0.0,0.0,True,True,False,0.0,False,False,37.783
669,33.45,4,distraction,distracted,0.97888,0.02076,0.000165,0.0,0.000196,0.97888,0.036942,0.952314,0.0,0.051853,0.055139,0.053717,0.0,0.0,0.0,True,True,False,0.0,False,False,37.729
670,33.5,4,distraction,distracted,0.979668,0.019974,0.000165,0.0,0.000193,0.979668,0.036003,0.953065,0.0,0.051846,0.055135,0.053691,0.0,0.0,0.0,True,True,False,0.0,False,False,46.515
671,33.55,4,distraction,distracted,0.977227,0.022397,0.000173,0.0,0.000203,0.977227,0.036576,0.953146,0.0,0.051769,0.055103,0.053665,0.0,0.0,0.0,True,True,False,0.0,False,False,37.476
672,33.6,4,distraction,distracted,0.980778,0.018864,0.000164,0.0,0.000193,0.980778,0.036151,0.952923,0.0,0.051808,0.055131,0.053639,0.0,0.0,0.0,True,True,False,0.0,False,False,37.707
673,33.65,4,distraction,distracted,0.982636,0.017014,0.000161,0.0,0.00019,0.982636,0.035935,0.952925,0.0,0.051777,0.055099,0.053612,0.0,0.0,0.0,True,True,False,0.0,False,False,37.573
674,33.7,4,distraction,distracted,0.984455,0.0152,0.000158,0.0,0.000187,0.984455,0.035884,0.952771,0.0,0.051754,0.054838,0.053585,0.0,0.0,0.0,True,True,False,0.0,False,False,37.996
675,33.75,4,distraction,distracted,0.984842,0.01481,0.00016,0.0,0.000188,0.984842,0.037763,0.952487,0.0,0.051728,0.054798,0.053562,0.0,0.0,0.0,True,True,False,0.0,False,False,46.148
676,33.8,4,distraction,distracted,0.985589,0.014064,0.00016,0.0,0.000187,0.985589,0.037283,0.952354,0.0,0.051655,0.054768,0.053538,0.0,0.0,0.0,True,True,False,0.0,False,False,37.556
677,33.85,4,distraction,distracted,0.984064,0.015579,0.000165,0.0,0.000192,0.984064,0.037055,0.952768,0.0,0.051679,0.054535,0.053513,0.0,0.0,0.0,True,True,False,0.0,False,False,37.693
678,33.9,4,distraction,distracted,0.984833,0.014816,0.000163,0.0,0.000188,0.984833,0.036982,0.953079,0.0,0.051665,0.054506,0.053488,0.0,0.0,0.0,True,True,False,0.0,False,False,38.064
679,33.95,4,distraction,distracted,0.98511,0.014539,0.000163,0.0,0.000188,0.98511,0.037212,0.953217,0.0,0.051652,0.053535,0.053464,0.0,0.0,0.0,True,True,False,0.0,False,False,37.761
680,34.0,4,distraction,distracted,0.985609,0.01404,0.000163,0.0,0.000188,0.985609,0.037848,0.953153,0.0,0.05165,0.053411,0.053441,0.0,0.0,0.0,True,True,False,0.0,False,False,46.052
681,34.05,4,distraction,distracted,0.985941,0.013706,0.000164,0.0,0.000189,0.985941,0.038037,0.952959,0.0,0.051581,0.053385,0.053418,0.0,0.0,0.0,True,True,False,0.0,False,False,37.452
682,34.1,4,distraction,distracted,0.986368,0.013285,0.000161,0.0,0.000186,0.986368,0.037632,0.952868,0.0,0.051621,0.053372,0.053395,0.0,0.0,0.0,True,True,False,0.0,False,False,37.815
683,34.15,4,distraction,distracted,0.986738,0.012918,0.00016,0.0,0.000185,0.986738,0.038506,0.952581,0.0,0.051605,0.053347,0.053373,0.0,0.0,0.0,True,True,False,0.0,False,False,38.072
684,34.2,4,distraction,distracted,0.986756,0.012897,0.000161,0.0,0.000186,0.986756,0.038928,0.952365,0.0,0.051584,0.053376,0.053352,0.0,0.0,0.0,True,True,False,0.0,False,False,37.635
685,34.25,4,distraction,distracted,0.98664,0.01301,0.000163,0.0,0.000187,0.98664,0.038743,0.95232,0.0,0.051561,0.05338,0.05333,0.0,0.0,0.0,True,True,False,0.0,False,False,46.351
686,34.3,4,distraction,distracted,0.986762,0.012891,0.000161,0.0,0.000186,0.986762,0.03771,0.952568,0.0,0.05149,0.053353,0.053307,0.0,0.0,0.0,True,True,False,0.0,False,False,37.45
687,34.35,4,distraction,distracted,0.986817,0.01284,0.00016,0.0,0.000184,0.986817,0.036755,0.952747,0.0,0.051506,0.053374,0.053283,0.0,0.0,0.0,True,True,False,0.0,False,False,37.652
688,34.4,4,distraction,distracted,0.986735,0.012921,0.00016,0.0,0.000184,0.986735,0.037277,0.952373,0.0,0.051489,0.053347,0.053259,0.0,0.0,0.0,True,True,False,0.0,False,False,37.772
689,34.45,4,distraction,distracted,0.986763,0.012891,0.00016,0.0,0.000185,0.986763,0.036749,0.952474,0.0,0.051466,0.053363,0.053235,0.0,0.0,0.0,True,True,False,0.0,False,False,37.582
690,34.5,4,distraction,distracted,0.986876,0.012777,0.000162,0.0,0.000186,0.986876,0.036575,0.953154,0.0,0.051433,0.053355,0.053211,0.0,0.0,0.0,True,True,False,0.0,False,False,46.111
691,34.55,4,distraction,distracted,0.986682,0.012966,0.000164,0.0,0.000187,0.986682,0.038696,0.952469,0.0,0.051368,0.05333,0.05319,0.0,0.0,0.0,True,True,False,0.0,False,False,37.606
692,34.6,4,distraction,distracted,0.985552,0.014094,0.000166,0.0,0.000188,0.985552,0.041094,0.951434,0.0,0.051358,0.053353,0.053172,0.0,0.0,0.0,True,True,False,0.0,False,False,37.725
693,34.65,4,distraction,distracted,0.986034,0.013618,0.000163,0.0,0.000185,0.986034,0.04025,0.951444,0.0,0.051343,0.053331,0.053153,0.0,0.0,0.0,True,True,False,0.0,False,False,38.585
694,34.7,4,distraction,distracted,0.986383,0.013272,0.000161,0.0,0.000184,0.986383,0.039652,0.951639,0.0,0.051328,0.052912,0.053134,0.0,0.0,0.0,True,True,False,0.0,False,False,38.229
695,34.75,4,distraction,distracted,0.986309,0.013349,0.00016,0.0,0.000182,0.986309,0.03739,0.952231,0.0,0.051296,0.052621,0.053111,0.0,0.0,0.0,True,True,False,0.0,False,False,46.255
696,34.8,4,distraction,distracted,0.985946,0.013714,0.000158,0.0,0.000181,0.985946,0.037149,0.95205,0.0,0.051224,0.052595,0.053088,0.0,0.0,0.0,True,True,False,0.0,False,False,37.746
697,34.85,4,distraction,distracted,0.985922,0.013737,0.000159,0.0,0.000181,0.985922,0.036628,0.953102,0.0,0.051187,0.052473,0.053064,0.0,0.0,0.0,True,True,False,0.0,False,False,38.275
698,34.9,4,distraction,distracted,0.985945,0.013709,0.000162,0.0,0.000184,0.985945,0.036581,0.953262,0.0,0.051079,0.052447,0.05304,0.0,0.0,0.0,True,True,False,0.0,False,False,38.193
699,34.95,4,distraction,distracted,0.98632,0.013333,0.000161,0.0,0.000185,0.98632,0.037429,0.953006,0.0,0.050927,0.052459,0.053018,0.0,0.0,0.0,True,True,False,0.0,False,False,38.172
700,35.0,4,distraction,distracted,0.986179,0.013475,0.000161,0.0,0.000186,0.986179,0.037389,0.953223,0.0,0.050858,0.052457,0.052995,0.0,0.0,0.0,True,True,False,0.0,False,False,46.36
701,35.05,4,distraction,distracted,0.985323,0.014328,0.000162,0.0,0.000188,0.985323,0.038082,0.952844,0.0,0.050793,0.052433,0.052974,0.0,0.0,0.0,True,True,False,0.0,False,False,37.851
702,35.1,4,distraction,distracted,0.985702,0.013954,0.000159,0.0,0.000186,0.985702,0.038049,0.952863,0.0,0.050729,0.052456,0.052952,0.0,0.0,0.0,True,True,False,0.0,False,False,37.887
703,35.15,4,distraction,distracted,0.985326,0.01433,0.000159,0.0,0.000186,0.985326,0.037613,0.953174,0.0,0.050663,0.052431,0.05293,0.0,0.0,0.0,True,True,False,0.0,False,False,38.084
704,35.2,4,distraction,distracted,0.985561,0.0141,0.000156,0.0,0.000183,0.985561,0.037497,0.953176,0.0,0.049932,0.052455,0.052908,0.0,0.0,0.0,True,True,False,0.0,False,False,37.858
705,35.25,4,distraction,distracted,0.984815,0.014838,0.000159,0.0,0.000187,0.984815,0.040052,0.952953,0.0,0.049454,0.052462,0.05289,0.0,0.0,0.0,True,True,False,0.0,False,False,46.407
706,35.3,4,distraction,distracted,0.984356,0.015297,0.000159,0.0,0.000188,0.984356,0.040106,0.952551,0.0,0.049408,0.052441,0.052871,0.0,0.0,0.0,True,True,False,0.02002,False,False,38.344
707,35.35,4,distraction,distracted,0.984394,0.015264,0.000157,0.0,0.000186,0.984394,0.038948,0.952639,0.0,0.049207,0.05247,0.052852,0.0,0.0,0.0,True,True,False,0.0,False,False,38.619
708,35.4,4,distraction,distracted,0.984128,0.015529,0.000157,0.0,0.000186,0.984128,0.039249,0.952854,0.0,0.049174,0.052448,0.052832,0.0,0.0,0.0,True,True,False,0.0,False,False,38.307
709,35.45,4,distraction,distracted,0.983517,0.016139,0.000157,0.0,0.000186,0.983517,0.03828,0.953311,0.0,0.049144,0.052473,0.052812,0.0,0.0,0.0,True,True,False,0.0,False,False,38.685
710,35.5,4,distraction,distracted,0.983695,0.015963,0.000156,0.0,0.000185,0.983695,0.03778,0.953542,0.0,0.04908,0.05247,0.05279,0.0,0.0,0.0,True,True,False,0.041077,False,False,46.928
711,35.55,4,distraction,distracted,0.982158,0.017493,0.000159,0.0,0.000189,0.982158,0.038121,0.953562,0.0,0.049025,0.052446,0.052769,0.0,0.0,0.0,True,True,False,0.041077,False,False,38.01
712,35.6,4,distraction,distracted,0.983422,0.016235,0.000157,0.0,0.000185,0.983422,0.037171,0.953714,0.0,0.048981,0.052472,0.052747,0.0,0.0,0.0,True,True,False,0.0,False,False,37.91
713,35.65,4,distraction,distracted,0.98362,0.016037,0.000159,0.0,0.000185,0.98362,0.036652,0.953854,0.0,0.048949,0.052445,0.052724,0.0,0.0,0.0,True,True,False,0.0,False,False,38.125
714,35.7,4,distraction,distracted,0.983922,0.015732,0.00016,0.0,0.000186,0.983922,0.036909,0.953863,0.0,0.0488,0.052474,0.052702,0.0,0.0,0.0,True,True,False,0.0,False,False,38.603
715,35.75,4,distraction,distracted,0.984781,0.014878,0.000157,0.0,0.000184,0.984781,0.036404,0.954012,0.0,0.04874,0.052475,0.052679,0.0,0.0,0.0,True,True,False,0.0,False,False,46.6
716,35.8,4,distraction,distracted,0.985229,0.014427,0.000158,0.0,0.000186,0.985229,0.035935,0.953934,0.0,0.048676,0.052447,0.052655,0.0,0.0,0.0,True,True,False,0.0,False,False,38.081
717,35.85,4,distraction,distracted,0.985898,0.013759,0.000158,0.0,0.000185,0.985898,0.03618,0.953718,0.0,0.048585,0.052475,0.052632,0.0,0.0,0.0,True,True,False,0.0,False,False,37.703
718,35.9,4,distraction,distracted,0.985693,0.013963,0.000159,0.0,0.000186,0.985693,0.036486,0.95365,0.0,0.048279,0.052448,0.05261,0.0,0.0,0.0,True,True,False,0.0,False,False,37.864
719,35.95,4,distraction,distracted,0.986069,0.013588,0.000158,0.0,0.000184,0.986069,0.036121,0.953544,0.0,0.048039,0.052466,0.052586,0.0,0.0,0.0,True,True,False,0.0,False,False,37.565
720,36.0,4,distraction,distracted,0.986667,0.012994,0.000156,0.0,0.000182,0.986667,0.035913,0.95333,0.0,0.04793,0.052463,0.052563,0.0,0.0,0.0,True,True,False,0.0,False,False,46.47
721,36.05,4,distraction,distracted,0.986465,0.013197,0.000156,0.0,0.000182,0.986465,0.036156,0.953032,0.0,0.047871,0.052436,0.05254,0.0,0.0,0.0,True,True,False,0.0,False,False,38.177
722,36.1,4,distraction,distracted,0.986452,0.013214,0.000154,0.0,0.00018,0.986452,0.035627,0.953153,0.0,0.047843,0.052459,0.052517,0.0,0.0,0.0,True,True,False,0.0,False,False,38.257
723,36.15,4,distraction,distracted,0.986822,0.012846,0.000153,0.0,0.000179,0.986822,0.035577,0.953202,0.0,0.047812,0.052431,0.052493,0.0,0.0,0.0,True,True,False,0.0,False,False,38.147
724,36.2,4,distraction,distracted,0.986695,0.012975,0.000152,0.0,0.000178,0.986695,0.03566,0.953114,0.0,0.047798,0.052456,0.052469,0.0,0.0,0.0,True,True,False,0.0,False,False,37.831
725,36.25,4,distraction,distracted,0.986131,0.013536,0.000153,0.0,0.000179,0.986131,0.035486,0.953075,0.0,0.04778,0.052453,0.052446,0.0,0.0,0.0,True,True,False,0.0,False,False,46.747
726,36.3,4,distraction,distracted,0.98609,0.013579,0.000152,0.0,0.000179,0.98609,0.035464,0.953399,0.0,0.047718,0.052425,0.052422,0.0,0.0,0.0,True,True,False,0.0,False,False,37.625
727,36.35,4,distraction,distracted,0.986434,0.013236,0.000153,0.0,0.000178,0.986434,0.03566,0.953331,0.0,0.047748,0.052447,0.052399,0.0,0.0,0.0,True,True,False,0.0,False,False,37.853
728,36.4,4,distraction,distracted,0.986724,0.012945,0.000153,0.0,0.000178,0.986724,0.035441,0.953426,0.0,0.047743,0.052418,0.052376,0.0,0.0,0.0,True,True,False,0.0,False,False,37.812
729,36.45,4,distraction,distracted,0.987023,0.012641,0.000156,0.0,0.000181,0.987023,0.035452,0.953436,0.0,0.047739,0.052443,0.052352,0.0,0.0,0.0,True,True,False,0.0,False,False,37.912
730,36.5,4,distraction,distracted,0.987315,0.012347,0.000157,0.0,0.000181,0.987315,0.035997,0.953243,0.0,0.04774,0.052442,0.052329,0.0,0.0,0.0,True,True,False,0.0,False,False,46.323
731,36.55,4,distraction,distracted,0.987428,0.012232,0.000158,0.0,0.000183,0.987428,0.036659,0.952996,0.0,0.047684,0.052416,0.052308,0.0,0.0,0.0,True,True,False,0.0,False,False,37.696
732,36.6,4,distraction,distracted,0.987578,0.012085,0.000156,0.0,0.000181,0.987578,0.037294,0.952882,0.0,0.047724,0.052438,0.052287,0.0,0.0,0.0,True,True,False,0.0,False,False,37.714
733,36.65,4,distraction,distracted,0.987415,0.01225,0.000155,0.0,0.00018,0.987415,0.037477,0.952751,0.0,0.047725,0.052413,0.052267,0.0,0.0,0.0,True,True,False,0.0,False,False,37.629
734,36.7,4,distraction,distracted,0.987101,0.012565,0.000154,0.0,0.00018,0.987101,0.037013,0.9529,0.0,0.047729,0.052437,0.052246,0.0,0.0,0.0,True,True,False,0.0,False,False,37.891
735,36.75,4,distraction,distracted,0.986612,0.013052,0.000154,0.0,0.000182,0.986612,0.037096,0.952915,0.0,0.047722,0.052437,0.052225,0.0,0.0,0.0,True,True,False,0.0,False,False,46.289
736,36.8,4,distraction,distracted,0.986352,0.013312,0.000154,0.0,0.000182,0.986352,0.0369,0.952907,0.0,0.047668,0.052411,0.052204,0.0,0.0,0.0,True,True,False,0.0,False,False,37.827
737,36.85,4,distraction,distracted,0.986742,0.012924,0.000153,0.0,0.000181,0.986742,0.036839,0.953032,0.0,0.047649,0.052434,0.052183,0.0,0.0,0.0,True,True,False,0.0,False,False,37.741
738,36.9,4,distraction,distracted,0.986644,0.013022,0.000152,0.0,0.000181,0.986644,0.036751,0.953237,0.0,0.047378,0.052407,0.052162,0.0,0.0,0.0,True,True,False,0.0,False,False,37.685
739,36.95,4,distraction,distracted,0.987089,0.012578,0.000152,0.0,0.000181,0.987089,0.036787,0.953121,0.0,0.047288,0.052434,0.052141,0.0,0.0,0.0,True,True,False,0.0,False,False,37.6
740,37.0,4,distraction,distracted,0.98734,0.012326,0.000153,0.0,0.000181,0.98734,0.036768,0.952844,0.0,0.047251,0.052433,0.05212,0.0,0.0,0.0,True,True,False,0.0,False,False,46.253
741,37.05,4,distraction,distracted,0.987069,0.012595,0.000155,0.0,0.000181,0.987069,0.037038,0.952662,0.0,0.0472,0.052408,0.0521,0.0,0.0,0.0,True,True,False,0.0,False,False,37.876
742,37.1,4,distraction,distracted,0.986998,0.012666,0.000155,0.0,0.000181,0.986998,0.038081,0.952467,0.0,0.047227,0.052436,0.052081,0.0,0.0,0.0,True,True,False,0.0,False,False,37.623
743,37.15,4,distraction,distracted,0.985562,0.014092,0.00016,0.0,0.000186,0.985562,0.038032,0.952375,0.0,0.04723,0.052412,0.052062,0.0,0.0,0.0,True,True,False,0.0,False,False,37.648
744,37.2,4,distraction,distracted,0.985983,0.013676,0.000157,0.0,0.000184,0.985983,0.037663,0.952332,0.0,0.047231,0.052431,0.052042,0.0,0.0,0.0,True,True,False,0.0,False,False,37.812
745,37.25,4,distraction,distracted,0.986033,0.013627,0.000157,0.0,0.000183,0.986033,0.038213,0.952347,0.0,0.04724,0.052427,0.052023,0.0,0.0,0.0,True,True,False,0.0,False,False,46.353
746,37.3,4,distraction,distracted,0.986091,0.013568,0.000158,0.0,0.000183,0.986091,0.038596,0.952448,0.0,0.047197,0.052404,0.052005,0.0,0.0,0.0,True,True,False,0.0,False,False,37.579
747,37.35,4,distraction,distracted,0.98599,0.013668,0.000159,0.0,0.000183,0.98599,0.039539,0.952244,0.0,0.047248,0.05243,0.051988,0.0,0.0,0.0,True,True,False,0.0,False,False,37.816
748,37.4,4,distraction,distracted,0.98584,0.013816,0.00016,0.0,0.000184,0.98584,0.038837,0.952533,0.0,0.047256,0.052407,0.051971,0.0,0.0,0.0,True,True,False,0.0,False,False,37.667
749,37.45,4,distraction,distracted,0.985707,0.013948,0.000161,0.0,0.000185,0.985707,0.038304,0.952626,0.0,0.047264,0.052437,0.051952,0.0,0.0,0.0,True,True,False,0.0,False,False,37.928
750,37.5,4,distraction,distracted,0.986124,0.013533,0.000161,0.0,0.000183,0.986124,0.037863,0.952658,0.0,0.047269,0.052439,0.051933,0.0,0.0,0.0,True,True,False,0.0,False,False,46.384
751,37.55,4,distraction,distracted,0.986176,0.013478,0.000161,0.0,0.000185,0.986176,0.038475,0.952779,0.0,0.047225,0.052416,0.051915,0.0,0.0,0.0,True,True,False,0.0,False,False,38.007
752,37.6,4,distraction,distracted,0.986294,0.013357,0.000162,0.0,0.000187,0.986294,0.039205,0.952785,0.0,0.047287,0.052448,0.051898,0.0,0.0,0.0,True,True,False,0.0,False,False,38.592
753,37.65,4,distraction,distracted,0.98595,0.013699,0.000162,0.0,0.000189,0.98595,0.038314,0.95287,0.0,0.047285,0.052424,0.05188,0.0,0.0,0.0,True,True,False,0.0,False,False,38.283
754,37.7,4,distraction,distracted,0.985912,0.013736,0.000162,0.0,0.00019,0.985912,0.03838,0.953412,0.0,0.047284,0.052455,0.051862,0.0,0.0,0.0,True,True,False,0.0,False,False,38.577
755,37.75,4,distraction,distracted,0.985866,0.013782,0.000162,0.0,0.00019,0.985866,0.037449,0.953453,0.0,0.04728,0.052457,0.051843,0.0,0.0,0.0,True,True,False,0.027802,False,False,46.369
756,37.8,4,distraction,distracted,0.985143,0.014505,0.000162,0.0,0.000191,0.985143,0.037655,0.953342,0.0,0.047232,0.052432,0.051824,0.0,0.0,0.0,True,True,False,0.0,False,False,37.703
757,37.85,4,distraction,distracted,0.984375,0.015262,0.000166,0.0,0.000197,0.984375,0.046716,0.950533,0.0,0.047324,0.052477,0.051817,0.0,0.0,0.0,True,True,False,0.0,False,False,38.105
758,37.9,4,distraction,distracted,0.985434,0.014211,0.000162,0.0,0.000193,0.985434,0.062712,0.947124,0.0,0.047451,0.052494,0.051831,0.0,0.0,0.0,True,True,False,0.0,False,False,38.182
759,37.95,4,distraction,distracted,0.985803,0.013845,0.00016,0.0,0.000191,0.985803,0.056037,0.950015,0.0,0.04755,0.052549,0.051837,0.0,0.0,0.0,True,True,False,0.0,False,False,38.458
760,38.0,4,distraction,distracted,0.986464,0.013185,0.00016,0.0,0.000191,0.986464,0.046355,0.951728,0.0,0.047603,0.052564,0.05183,0.0,0.0,0.0,True,True,False,0.0,False,False,46.6
761,38.05,4,distraction,distracted,0.986966,0.012691,0.000156,0.0,0.000186,0.986966,0.041808,0.95216,0.0,0.047574,0.052546,0.051817,0.0,0.0,0.0,True,True,False,0.0,False,False,38.126
762,38.1,4,distraction,distracted,0.987862,0.011803,0.000154,0.0,0.000182,0.987862,0.34352,0.904201,0.0,0.049099,0.05306,0.052183,0.0,0.0,0.0,True,True,False,0.0,False,False,38.131
763,38.15,4,distraction,distracted,0.987529,0.012121,0.000162,0.0,0.000188,0.987529,0.318301,0.920154,0.0,0.050467,0.053491,0.052522,0.0,0.0,0.0,True,True,False,0.0,False,False,38.788
764,38.2,4,distraction,distracted,0.987428,0.012217,0.000164,0.0,0.000192,0.987428,0.147697,0.941347,0.0,0.051009,0.053701,0.052646,0.0,0.0,0.0,True,True,False,0.0,False,False,38.724
765,38.25,4,distraction,distracted,0.987651,0.011993,0.000163,0.0,0.000193,0.987651,0.067534,0.949221,0.0,0.051162,0.053751,0.052666,0.0,0.0,0.0,True,True,False,0.0,False,False,47.47
766,38.3,4,distraction,distracted,0.987547,0.012095,0.000162,0.0,0.000195,0.987547,0.046874,0.952399,0.0,0.051141,0.05374,0.052658,0.0,0.0,0.0,True,True,False,0.0,False,False,38.506
767,38.35,4,distraction,distracted,0.987546,0.012094,0.000161,0.0,0.000198,0.987546,0.041401,0.953602,0.0,0.051227,0.053769,0.052643,0.0,0.0,0.0,True,True,False,0.0,False,False,37.944
768,38.4,4,distraction,distracted,0.987708,0.011938,0.000158,0.0,0.000196,0.987708,0.037493,0.954066,0.0,0.05122,0.053742,0.052623,0.0,0.0,0.0,True,True,False,0.0,False,False,37.661
769,38.45,4,distraction,distracted,0.987904,0.011751,0.000153,0.0,0.000192,0.987904,0.036794,0.953626,0.0,0.051217,0.053764,0.052603,0.0,0.0,0.0,True,True,False,0.0,False,False,37.728
770,38.5,4,distraction,distracted,0.988934,0.010737,0.000147,0.0,0.000182,0.988934,0.038792,0.952814,0.0,0.051221,0.053766,0.052584,0.0,0.0,0.0,True,True,False,0.0,False,False,46.495
771,38.55,4,distraction,distracted,0.989576,0.010106,0.000143,0.0,0.000175,0.989576,0.039461,0.952279,0.0,0.051162,0.053742,0.052567,0.0,0.0,0.0,True,True,False,0.021851,False,False,37.744
772,38.6,4,distraction,distracted,0.989191,0.010495,0.000142,0.0,0.000173,0.989191,0.040123,0.952391,0.0,0.051231,0.053774,0.052551,0.0,0.0,0.0,True,True,False,0.0,False,False,38.111
773,38.65,4,distraction,distracted,0.989169,0.010522,0.000139,0.0,0.00017,0.989169,0.040307,0.952137,0.0,0.051239,0.053751,0.052535,0.0,0.0,0.0,True,True,False,0.0,False,False,37.789
774,38.7,4,distraction,distracted,0.989199,0.010495,0.000139,0.0,0.000168,0.989199,0.041511,0.951861,0.0,0.05125,0.053787,0.052521,0.0,0.0,0.0,True,True,False,0.017731,False,False,37.862
775,38.75,4,distraction,distracted,0.989711,0.009983,0.000139,0.0,0.000167,0.989711,0.04106,0.951982,0.0,0.051266,0.053795,0.052506,0.0,0.0,0.0,True,True,False,0.017731,False,False,46.423
776,38.8,4,distraction,distracted,0.989655,0.010037,0.000141,0.0,0.000167,0.989655,0.03945,0.952311,0.0,0.051207,0.053771,0.052489,0.0,0.0,0.0,True,True,False,0.005371,False,False,37.983
777,38.85,4,distraction,distracted,0.989648,0.01004,0.000144,0.0,0.000169,0.989648,0.045391,0.950827,0.0,0.051249,0.053816,0.05248,0.0,0.0,0.0,True,True,False,0.0,False,False,37.87
778,38.9,4,distraction,distracted,0.990084,0.009603,0.000145,0.0,0.000168,0.990084,0.234628,0.921038,0.0,0.050687,0.05411,0.052708,0.0,0.0,0.0,True,True,False,0.0,False,False,37.898
779,38.95,4,distraction,distracted,0.98867,0.010996,0.000153,0.0,0.00018,0.98867,0.166353,0.938502,0.0,0.050038,0.054355,0.052853,0.0,0.0,0.0,True,True,False,0.0,False,False,38.3
780,39.0,4,distraction,distracted,0.987336,0.01232,0.000157,0.0,0.000187,0.987336,0.092715,0.950181,0.0,0.049868,0.054449,0.052904,0.0,0.0,0.0,True,True,False,0.0,False,False,46.613
781,39.05,4,distraction,distracted,0.986412,0.01324,0.00016,0.0,0.000189,0.986412,0.053897,0.953148,0.0,0.049888,0.054448,0.052905,0.0,0.0,0.0,True,True,False,0.0,False,False,38.215
782,39.1,4,distraction,distracted,0.987531,0.012127,0.000155,0.0,0.000186,0.987531,0.042799,0.953394,0.0,0.049253,0.05449,0.052892,0.0,0.0,0.0,True,True,False,0.0,False,False,38.139
783,39.15,4,distraction,distracted,0.987045,0.012619,0.000151,0.0,0.000186,0.987045,0.039154,0.953912,0.0,0.047307,0.054464,0.052875,0.0,0.0,0.0,True,True,False,0.0,False,False,38.264
784,39.2,4,distraction,distracted,0.987371,0.012299,0.000147,0.0,0.000184,0.987371,0.037145,0.954016,0.0,0.045636,0.054492,0.052854,0.0,0.0,0.0,True,True,False,0.0,False,False,37.946
785,39.25,4,distraction,distracted,0.987941,0.011736,0.000144,0.0,0.00018,0.987941,0.037959,0.953511,0.0,0.044814,0.054491,0.052835,0.0,0.0,0.0,True,True,False,0.0,False,False,46.548
786,39.3,4,distraction,distracted,0.988163,0.011518,0.000143,0.0,0.000177,0.988163,0.039874,0.952913,0.0,0.04479,0.054466,0.052819,0.0,0.0,0.0,True,True,False,0.0,False,False,38.064
787,39.35,4,distraction,distracted,0.988563,0.01112,0.000143,0.0,0.000174,0.988563,0.039313,0.953119,0.0,0.044594,0.054496,0.052801,0.0,0.0,0.0,True,True,False,0.0,False,False,37.965
788,39.4,4,distraction,distracted,0.989243,0.010438,0.000145,0.0,0.000173,0.989243,0.038614,0.95303,0.0,0.044589,0.054469,0.052783,0.0,0.0,0.0,True,True,False,0.0,False,False,37.977
789,39.45,4,distraction,distracted,0.988833,0.010847,0.000147,0.0,0.000174,0.988833,0.03697,0.953635,0.0,0.044585,0.05449,0.052763,0.0,0.0,0.0,True,True,False,0.0,False,False,38.016
790,39.5,4,distraction,distracted,0.988562,0.011117,0.000148,0.0,0.000173,0.988562,0.037093,0.953703,0.0,0.044587,0.054486,0.052743,0.0,0.0,0.0,True,True,False,0.0,False,False,46.552
791,39.55,4,distraction,distracted,0.985716,0.013943,0.000158,0.0,0.000184,0.985716,0.037164,0.953338,0.0,0.04455,0.054457,0.052723,0.0,0.0,0.0,True,True,False,0.0,False,False,37.707
792,39.6,4,distraction,distracted,0.98379,0.01586,0.000163,0.0,0.000188,0.98379,0.038254,0.952867,0.0,0.044584,0.054483,0.052705,0.0,0.0,0.0,True,True,False,0.0,False,False,37.91
793,39.65,4,distraction,distracted,0.981798,0.017842,0.000168,0.0,0.000192,0.981798,0.037786,0.952697,0.0,0.044574,0.054455,0.052686,0.0,0.0,0.0,True,True,False,0.0,False,False,37.55
794,39.7,4,distraction,distracted,0.983149,0.016505,0.000162,0.0,0.000184,0.983149,0.038546,0.952011,0.0,0.044563,0.054471,0.052668,0.0,0.0,0.0,True,True,False,0.0,False,False,37.714
795,39.75,4,distraction,distracted,0.983056,0.016595,0.000164,0.0,0.000185,0.983056,0.037385,0.953239,0.0,0.044557,0.054465,0.052648,0.0,0.0,0.0,True,True,False,0.0,False,False,46.353
796,39.8,4,distraction,distracted,0.983765,0.01589,0.000163,0.0,0.000183,0.983765,0.03709,0.953739,0.0,0.04452,0.054436,0.052629,0.0,0.0,0.0,True,True,False,0.0,False,False,37.842
797,39.85,4,distraction,distracted,0.983238,0.016413,0.000165,0.0,0.000184,0.983238,0.036354,0.953882,0.0,0.044537,0.05446,0.052608,0.0,0.0,0.0,True,True,False,0.0,False,False,38.095
798,39.9,4,distraction,distracted,0.983283,0.016369,0.000165,0.0,0.000182,0.983283,0.036185,0.953632,0.0,0.044527,0.054429,0.052587,0.0,0.0,0.0,True,True,False,0.0,False,False,37.754
799,39.95,4,distraction,distracted,0.98216,0.017487,0.000169,0.0,0.000184,0.98216,0.035952,0.953525,0.0,0.044512,0.054454,0.052566,0.0,0.0,0.0,True,True,False,0.029518,False,False,37.663
800,40.0,4,distraction,distracted,0.983037,0.01662,0.000164,0.0,0.00018,0.983037,0.035857,0.9535,0.0,0.044498,0.054449,0.052545,0.0,0.0,0.0,True,True,False,0.0,False,False,46.644
801,40.05,4,distraction,distracted,0.984634,0.015034,0.000158,0.0,0.000174,0.984634,0.036448,0.953234,0.0,0.044458,0.054419,0.052525,0.0,0.0,0.0,True,True,False,0.0,False,False,37.946
802,40.1,4,distraction,distracted,0.985266,0.014406,0.000156,0.0,0.000172,0.985266,0.038062,0.952644,0.0,0.044486,0.054447,0.052507,0.0,0.0,0.0,True,True,False,0.0,False,False,37.771
803,40.15,4,distraction,distracted,0.986289,0.013388,0.000153,0.0,0.000171,0.986289,0.038523,0.952971,0.0,0.044488,0.05442,0.052489,0.0,0.0,0.0,True,True,False,0.0,False,False,38.031
804,40.2,4,distraction,distracted,0.986739,0.012938,0.000152,0.0,0.000171,0.986739,0.036652,0.953058,0.0,0.044487,0.054418,0.052469,0.0,0.0,0.0,True,True,False,0.0,False,False,38.008
805,40.25,4,distraction,distracted,0.984587,0.015076,0.000158,0.0,0.000178,0.984587,0.037184,0.952885,0.0,0.044487,0.054404,0.05245,0.0,0.0,0.0,True,True,False,0.0,False,False,46.431
806,40.3,4,distraction,distracted,0.984578,0.015088,0.000158,0.0,0.000177,0.984578,0.037873,0.952711,0.0,0.044454,0.054376,0.052432,0.0,0.0,0.0,True,True,False,0.0,False,False,37.734
807,40.35,4,distraction,distracted,0.981481,0.018166,0.000167,0.0,0.000187,0.981481,0.036966,0.953056,0.0,0.044476,0.054388,0.052413,0.0,0.0,0.0,True,True,False,0.0,False,False,38.27
808,40.4,4,distraction,distracted,0.978054,0.021578,0.000172,0.0,0.000196,0.978054,0.036334,0.95325,0.0,0.044461,0.054357,0.052393,0.0,0.0,0.0,True,True,False,0.0,False,False,38.634
809,40.45,4,distraction,distracted,0.977578,0.022056,0.00017,0.0,0.000196,0.977578,0.036845,0.953202,0.0,0.04445,0.054377,0.052373,0.0,0.0,0.0,True,True,False,0.0,False,False,38.225
810,40.5,4,distraction,distracted,0.981103,0.01855,0.000161,0.0,0.000185,0.981103,0.037401,0.952895,0.0,0.04442,0.054369,0.052355,0.0,0.0,0.0,True,True,False,0.0,False,False,46.822
811,40.55,4,distraction,distracted,0.979555,0.020091,0.000166,0.0,0.000188,0.979555,0.037377,0.952496,0.0,0.044385,0.054341,0.052336,0.0,0.0,0.0,True,True,False,0.0,False,False,38.245
812,40.6,4,distraction,distracted,0.979231,0.020414,0.000166,0.0,0.000189,0.979231,0.036284,0.953088,0.0,0.044365,0.054355,0.052316,0.0,0.0,0.0,True,True,False,0.0,False,False,38.02
813,40.65,4,distraction,distracted,0.977237,0.022399,0.00017,0.0,0.000194,0.977237,0.036496,0.952807,0.0,0.044335,0.054325,0.052297,0.0,0.0,0.0,True,True,False,0.0,False,False,37.67
814,40.7,4,distraction,distracted,0.978032,0.021609,0.000167,0.0,0.000192,0.978032,0.037033,0.952375,0.0,0.044314,0.054347,0.052278,0.0,0.0,0.0,True,True,False,0.0,False,False,37.835
815,40.75,4,distraction,distracted,0.976175,0.023458,0.00017,0.0,0.000197,0.976175,0.038206,0.952157,0.0,0.044303,0.054342,0.05226,0.0,0.0,0.0,True,True,False,0.0,False,False,46.75
816,40.8,4,distraction,distracted,0.977465,0.022172,0.000168,0.0,0.000195,0.977465,0.038461,0.95219,0.0,0.044274,0.054316,0.052243,0.0,0.0,0.0,True,True,False,0.0,False,False,38.121
817,40.85,4,distraction,distracted,0.972369,0.027245,0.000177,0.0,0.000208,0.972369,0.03785,0.951984,0.0,0.044298,0.054338,0.052226,0.0,0.0,0.0,True,True,False,0.0,False,False,37.975
818,40.9,4,distraction,distracted,0.968045,0.031554,0.00018,0.0,0.000222,0.968045,0.038333,0.951528,0.0,0.044291,0.054311,0.052209,0.0,0.0,0.0,True,True,False,0.0,False,False,37.908
819,40.95,4,distraction,distracted,0.957196,0.04237,0.000191,0.0,0.000243,0.957196,0.0375,0.952261,0.0,0.04428,0.054338,0.05219,0.0,0.0,0.0,True,True,False,0.0,False,False,37.806
820,41.0,4,distraction,distracted,0.962648,0.036941,0.000182,0.0,0.00023,0.962648,0.038983,0.951927,0.0,0.044278,0.054337,0.052174,0.0,0.0,0.0,True,True,False,0.0,False,False,46.333
821,41.05,4,distraction,distracted,0.967263,0.032337,0.000178,0.0,0.000221,0.967263,0.037856,0.95242,0.0,0.044246,0.054309,0.052157,0.0,0.0,0.0,True,True,False,0.0,False,False,37.704
822,41.1,4,distraction,distracted,0.968579,0.03102,0.000181,0.0,0.00022,0.968579,0.037355,0.952896,0.0,0.044248,0.054325,0.052139,0.0,0.0,0.0,True,True,False,0.0,False,False,37.849
823,41.15,4,distraction,distracted,0.965992,0.033593,0.000187,0.0,0.000228,0.965992,0.038118,0.952604,0.0,0.044203,0.054298,0.052121,0.0,0.0,0.0,True,True,False,0.0,False,False,37.844
824,41.2,4,distraction,distracted,0.968963,0.030628,0.000187,0.0,0.000222,0.968963,0.037476,0.952249,0.0,0.044163,0.054318,0.052103,0.0,0.0,0.0,True,True,False,0.0,False,False,38.005
825,41.25,4,distraction,distracted,0.962359,0.037213,0.000197,0.0,0.000231,0.962359,0.03676,0.952545,0.0,0.044115,0.054314,0.052085,0.0,0.0,0.0,True,True,False,0.0,False,False,47.043
826,41.3,4,distraction,distracted,0.953832,0.045715,0.000208,0.0,0.000246,0.953832,0.037423,0.95212,0.0,0.044082,0.054286,0.052067,0.0,0.0,0.0,True,True,False,0.0,False,False,38.958
827,41.35,4,distraction,distracted,0.949532,0.050002,0.000213,0.0,0.000252,0.949532,0.037827,0.951885,0.0,0.043953,0.054299,0.05205,0.0,0.0,0.0,True,True,False,0.0,False,False,37.961
828,41.4,4,distraction,distracted,0.918004,0.081452,0.000247,0.0,0.000296,0.918004,0.038937,0.951456,0.0,0.04391,0.054273,0.052034,0.0,0.0,0.0,True,True,False,0.0,False,False,38.908
829,41.45,4,distraction,distracted,0.906228,0.093211,0.000256,0.0,0.000305,0.906228,0.040279,0.951213,0.0,0.04388,0.0543,0.052019,0.0,0.0,0.0,True,True,False,0.0,False,False,39.035
830,41.5,4,distraction,distracted,0.916266,0.083194,0.00025,0.0,0.00029,0.916266,0.039463,0.951429,0.0,0.043839,0.054293,0.052004,0.0,0.0,0.0,True,True,False,0.0,False,False,47.043
831,41.55,4,distraction,distracted,0.907411,0.092031,0.00026,0.0,0.000298,0.907411,0.038372,0.951562,0.0,0.043812,0.054267,0.051988,0.0,0.0,0.0,True,True,False,0.0,False,False,37.824
832,41.6,4,distraction,distracted,0.89837,0.101053,0.000271,0.0,0.000306,0.89837,0.036628,0.952496,0.0,0.043759,0.054271,0.051969,0.0,0.0,0.0,True,True,False,0.0,False,False,37.934
833,41.65,4,distraction,distracted,0.924395,0.075071,0.000254,0.0,0.00028,0.924395,0.036278,0.952795,0.0,0.043719,0.05424,0.05195,0.0,0.0,0.0,True,True,False,0.0,False,False,37.74
834,41.7,4,distraction,distracted,0.92964,0.069838,0.000249,0.0,0.000273,0.92964,0.036346,0.952534,0.0,0.043699,0.054244,0.051931,0.0,0.0,0.0,True,True,False,0.0,False,False,37.885
835,41.75,4,distraction,distracted,0.928458,0.071018,0.00025,0.0,0.000273,0.928458,0.036431,0.952288,0.0,0.043687,0.054239,0.051913,0.0,0.0,0.0,True,True,False,0.0,False,False,46.334
836,41.8,4,distraction,distracted,0.942908,0.0566,0.000237,0.0,0.000255,0.942908,0.036276,0.952687,0.0,0.04365,0.054208,0.051894,0.0,0.0,0.0,True,True,False,0.0,False,False,38.165
837,41.85,4,distraction,distracted,0.945098,0.054419,0.000233,0.0,0.00025,0.945098,0.036189,0.952841,0.0,0.043662,0.054228,0.051875,0.0,0.0,0.0,True,True,False,0.0,False,False,37.964
838,41.9,4,distraction,distracted,0.946214,0.053306,0.000231,0.0,0.000249,0.946214,0.036313,0.952484,0.0,0.043651,0.054198,0.051856,0.0,0.0,0.0,True,True,False,0.0,False,False,38.137
839,41.95,4,distraction,distracted,0.94377,0.055742,0.000233,0.0,0.000255,0.94377,0.036302,0.95251,0.0,0.043625,0.054209,0.051837,0.0,0.0,0.0,True,True,False,0.0,False,False,37.923
840,42.0,4,distraction,distracted,0.94388,0.055628,0.000234,0.0,0.000259,0.94388,0.036561,0.952457,0.0,0.043598,0.054202,0.051819,0.0,0.0,0.0,True,True,False,0.0,False,False,46.322
841,42.05,4,distraction,distracted,0.947521,0.051987,0.000234,0.0,0.000258,0.947521,0.036008,0.952834,0.0,0.043569,0.054172,0.0518,0.0,0.0,0.0,True,True,False,0.0,False,False,38.1
842,42.1,4,distraction,distracted,0.949852,0.049655,0.000233,0.0,0.00026,0.949852,0.037997,0.952085,0.0,0.043546,0.05419,0.051784,0.0,0.0,0.0,True,True,False,0.0,False,False,38.14
843,42.15,4,distraction,distracted,0.955435,0.044085,0.000227,0.0,0.000253,0.955435,0.037885,0.951871,0.0,0.043532,0.054163,0.051767,0.0,0.0,0.0,True,True,False,0.0,False,False,37.913
844,42.2,4,distraction,distracted,0.9527,0.046821,0.000224,0.0,0.000255,0.9527,0.037356,0.952232,0.0,0.043512,0.054188,0.05175,0.0,0.0,0.0,True,True,False,0.0,False,False,37.877
845,42.25,4,distraction,distracted,0.910174,0.089237,0.000261,0.0,0.000329,0.910174,0.037534,0.952278,0.0,0.043507,0.054186,0.051733,0.0,0.0,0.0,True,True,False,0.0,False,False,47.703
846,42.3,4,distraction,distracted,0.91913,0.080325,0.00024,0.0,0.000305,0.91913,0.038294,0.952156,0.0,0.04351,0.054159,0.051717,0.0,0.0,0.0,True,True,False,0.21208,False,False,38.184
847,42.35,4,distraction,distracted,0.911065,0.088375,0.000239,0.0,0.000321,0.911065,0.037574,0.952553,0.0,0.043507,0.054172,0.0517,0.0,0.0,0.0,True,True,False,0.0,False,False,37.72
848,42.4,4,distraction,distracted,0.891441,0.107969,0.000245,0.0,0.000345,0.891441,0.037205,0.95284,0.0,0.043507,0.054143,0.051683,0.0,0.0,0.0,True,True,False,0.007202,False,False,38.077
849,42.45,4,distraction,distracted,0.828204,0.171095,0.000274,0.0,0.000427,0.828204,0.037381,0.953078,0.0,0.043501,0.054159,0.051666,0.0,0.0,0.0,True,True,False,0.0,False,False,37.772
850,42.5,4,distraction,distracted,0.795342,0.203905,0.000274,0.0,0.000479,0.795342,0.038489,0.952418,0.0,0.0435,0.054157,0.05165,0.0,0.0,0.0,True,True,False,0.0,False,False,46.518
851,42.55,4,distraction,distracted,0.727668,0.271495,0.000288,0.0,0.000549,0.727668,0.039159,0.952244,0.0,0.043496,0.054132,0.051636,0.0,0.0,0.0,True,True,False,0.0,False,False,38.135
852,42.6,4,distraction,distracted,0.6186,0.38046,0.000311,0.0,0.000629,0.6186,0.039537,0.951958,0.0,0.0435,0.05416,0.051621,0.0,0.0,0.0,True,True,False,0.0,False,False,38.851
853,42.65,0,alert,alert,0.574498,0.574498,0.000319,0.0,0.000728,0.424455,0.037961,0.952554,0.0,0.043492,0.054133,0.051605,0.0,0.0,0.0,True,True,False,0.027315,False,False,38.137
854,42.7,4,distraction,distracted,0.556029,0.442966,0.000336,0.0,0.00067,0.556029,0.037684,0.952532,0.0,0.043485,0.054156,0.051589,0.0,0.0,0.0,True,True,False,0.027315,False,False,40.004
855,42.75,4,distraction,distracted,0.579979,0.419039,0.000347,0.0,0.000635,0.579979,0.037577,0.952758,0.0,0.043475,0.054155,0.051572,0.0,0.0,0.0,True,True,False,0.027315,False,False,48.21
856,42.8,4,distraction,distracted,0.619246,0.379798,0.000358,0.0,0.000599,0.619246,0.037589,0.952805,0.0,0.043475,0.054127,0.051556,0.0,0.0,0.0,True,True,False,0.063936,False,False,38.464
857,42.85,4,distraction,distracted,0.506549,0.492423,0.000369,0.0,0.000659,0.506549,0.037675,0.952627,0.0,0.043477,0.054131,0.05154,0.0,0.0,0.0,True,True,False,0.106966,False,False,37.842
858,42.9,4,distraction,distracted,0.534475,0.464505,0.00036,0.0,0.00066,0.534475,0.036334,0.952954,0.0,0.043461,0.054101,0.051522,0.0,0.0,0.0,True,True,False,0.141756,False,False,37.697
859,42.95,4,distraction,distracted,0.699859,0.299244,0.000341,0.0,0.000556,0.699859,0.036219,0.953328,0.0,0.043445,0.0541,0.051504,0.0,0.0,0.0,True,True,False,0.209505,False,False,37.849
860,43.0,4,distraction,distracted,0.80596,0.193265,0.000313,0.0,0.000462,0.80596,0.036208,0.953287,0.0,0.043435,0.054084,0.051486,0.0,0.0,0.0,True,True,False,0.0,False,False,46.32
861,43.05,4,distraction,distracted,0.839049,0.16023,0.000296,0.0,0.000425,0.839049,0.036066,0.953187,0.0,0.04342,0.054054,0.051468,0.0,0.0,0.0,True,True,False,0.089113,False,False,37.832
862,43.1,4,distraction,distracted,0.814891,0.184365,0.000301,0.0,0.000442,0.814891,0.035811,0.95317,0.0,0.043418,0.054067,0.05145,0.0,0.0,0.0,True,True,False,0.0,False,False,37.864
863,43.15,4,distraction,distracted,0.821203,0.178072,0.000293,0.0,0.000432,0.821203,0.037233,0.952427,0.0,0.043424,0.054039,0.051433,0.0,0.0,0.0,True,True,False,0.0,False,False,37.732
864,43.2,4,distraction,distracted,0.835251,0.164048,0.000288,0.0,0.000413,0.835251,0.036558,0.952416,0.0,0.043424,0.054054,0.051416,0.0,0.0,0.0,True,True,False,0.0,False,False,37.818
865,43.25,4,distraction,distracted,0.850371,0.148954,0.000279,0.0,0.000397,0.850371,0.036467,0.952285,0.0,0.043413,0.054044,0.051398,0.0,0.0,0.0,True,True,False,0.0,False,False,46.645
866,43.3,4,distraction,distracted,0.892197,0.107199,0.00025,0.0,0.000354,0.892197,0.036384,0.952415,0.0,0.04341,0.054015,0.051381,0.0,0.0,0.0,True,True,False,0.143129,False,False,37.944
867,43.35,4,distraction,distracted,0.860365,0.138972,0.000268,0.0,0.000395,0.860365,0.037353,0.952466,0.0,0.043413,0.054025,0.051364,0.0,0.0,0.0,True,True,False,0.143129,False,False,37.762
868,43.4,4,distraction,distracted,0.804756,0.194497,0.000296,0.0,0.000451,0.804756,0.03807,0.952268,0.0,0.043417,0.053998,0.051349,0.0,0.0,0.0,True,True,False,0.124819,False,False,37.996
869,43.45,4,distraction,distracted,0.874023,0.125341,0.000268,0.0,0.000368,0.874023,0.038561,0.952092,0.0,0.043425,0.054009,0.051334,0.0,0.0,0.0,True,True,False,0.116579,False,False,37.893
870,43.5,4,distraction,distracted,0.854348,0.144981,0.000281,0.0,0.00039,0.854348,0.040692,0.951484,0.0,0.043449,0.05401,0.051322,0.0,0.0,0.0,True,True,False,0.0,False,False,46.745
871,43.55,4,distraction,distracted,0.823367,0.175927,0.000288,0.0,0.000417,0.823367,0.038435,0.952558,0.0,0.043458,0.053984,0.051307,0.0,0.0,0.0,True,True,False,0.0,False,False,38.317
872,43.6,4,distraction,distracted,0.895137,0.104275,0.00025,0.0,0.000339,0.895137,0.037325,0.952169,0.0,0.043464,0.054001,0.051291,0.0,0.0,0.0,True,True,False,0.0,False,False,38.431
873,43.65,4,distraction,distracted,0.926131,0.073339,0.000226,0.0,0.000303,0.926131,0.040286,0.951474,0.0,0.043486,0.053978,0.051278,0.0,0.0,0.0,True,True,False,0.0,False,False,38.325
874,43.7,4,distraction,distracted,0.938809,0.060697,0.000211,0.0,0.000283,0.938809,0.039084,0.952018,0.0,0.043502,0.053998,0.051264,0.0,0.0,0.0,True,True,False,0.0,False,False,38.356
875,43.75,4,distraction,distracted,0.952079,0.047463,0.000197,0.0,0.000261,0.952079,0.036882,0.952641,0.0,0.043498,0.053995,0.051248,0.0,0.0,0.0,True,True,False,0.0,False,False,46.746
876,43.8,4,distraction,distracted,0.957525,0.042033,0.000192,0.0,0.00025,0.957525,0.037906,0.952229,0.0,0.043501,0.053968,0.051232,0.0,0.0,0.0,True,True,False,0.050804,False,False,38.917
877,43.85,4,distraction,distracted,0.961029,0.038537,0.000191,0.0,0.000243,0.961029,0.041363,0.951072,0.0,0.043522,0.053999,0.051221,0.0,0.0,0.0,True,True,False,0.050804,False,False,37.919
878,43.9,4,distraction,distracted,0.963955,0.035621,0.00019,0.0,0.000235,0.963955,0.041383,0.951306,0.0,0.043544,0.053977,0.05121,0.0,0.0,0.0,True,True,False,0.0,False,False,38.263
879,43.95,4,distraction,distracted,0.970234,0.029357,0.000181,0.0,0.000228,0.970234,0.040505,0.951713,0.0,0.043561,0.054006,0.051198,0.0,0.0,0.0,True,True,False,0.0,False,False,38.941
880,44.0,4,distraction,distracted,0.977135,0.022477,0.00017,0.0,0.000218,0.977135,0.038219,0.952462,0.0,0.043563,0.054005,0.051183,0.0,0.0,0.0,True,True,False,0.0,False,False,47.476
881,44.05,4,distraction,distracted,0.981013,0.018616,0.000161,0.0,0.00021,0.981013,0.038733,0.952185,0.0,0.043566,0.05398,0.051168,0.0,0.0,0.0,True,True,False,0.0,False,False,38.424
882,44.1,4,distraction,distracted,0.983886,0.015759,0.000153,0.0,0.000202,0.983886,0.038705,0.952623,0.0,0.043572,0.054007,0.051154,0.0,0.0,0.0,True,True,False,0.05315,False,False,38.149
883,44.15,4,distraction,distracted,0.984327,0.015319,0.000151,0.0,0.000203,0.984327,0.038657,0.95214,0.0,0.043572,0.053981,0.05114,0.0,0.0,0.0,True,True,False,0.138752,False,False,37.742
884,44.2,4,distraction,distracted,0.985176,0.014483,0.000146,0.0,0.000195,0.985176,0.037336,0.952846,0.0,0.043564,0.053998,0.051124,0.0,0.0,0.0,True,True,False,0.138752,False,False,38.026
885,44.25,4,distraction,distracted,0.983242,0.016405,0.000154,0.0,0.0002,0.983242,0.037428,0.952821,0.0,0.043558,0.053992,0.051109,0.0,0.0,0.0,True,True,False,0.138752,False,False,46.22
886,44.3,4,distraction,distracted,0.984798,0.014856,0.000154,0.0,0.000193,0.984798,0.040113,0.951855,0.0,0.04357,0.053969,0.051096,0.0,0.0,0.0,True,True,False,0.0,False,False,37.802
887,44.35,4,distraction,distracted,0.982993,0.016644,0.000162,0.0,0.000201,0.982993,0.037758,0.952811,0.0,0.043575,0.053982,0.051081,0.0,0.0,0.0,True,True,False,0.0,False,False,37.845
888,44.4,4,distraction,distracted,0.970223,0.029327,0.000199,0.0,0.000251,0.970223,0.037179,0.95284,0.0,0.043574,0.053954,0.051065,0.0,0.0,0.0,True,True,False,0.0,False,False,38.173
889,44.45,4,distraction,distracted,0.973278,0.026304,0.000186,0.0,0.000232,0.973278,0.037134,0.953452,0.0,0.043576,0.053975,0.05105,0.0,0.0,0.0,True,True,False,0.0,False,False,37.812
890,44.5,4,distraction,distracted,0.975349,0.024241,0.000185,0.0,0.000225,0.975349,0.037551,0.952536,0.0,0.043581,0.053973,0.051034,0.0,0.0,0.0,True,True,False,0.0,False,False,46.384
891,44.55,4,distraction,distracted,0.974796,0.024791,0.000189,0.0,0.000224,0.974796,0.037092,0.952631,0.0,0.043573,0.053945,0.051019,0.0,0.0,0.0,True,True,False,0.0,False,False,37.562
892,44.6,4,distraction,distracted,0.977084,0.022512,0.000188,0.0,0.000216,0.977084,0.0387,0.952266,0.0,0.043561,0.053971,0.051005,0.0,0.0,0.0,True,True,False,0.0,False,False,37.918
893,44.65,4,distraction,distracted,0.980209,0.019401,0.000183,0.0,0.000206,0.980209,0.037215,0.953041,0.0,0.043546,0.053943,0.050989,0.0,0.0,0.0,True,True,False,0.0,False,False,38.295
894,44.7,4,distraction,distracted,0.980011,0.019598,0.000183,0.0,0.000208,0.980011,0.036475,0.953302,0.0,0.04353,0.053957,0.050973,0.0,0.0,0.0,True,True,False,0.0,False,False,37.822
895,44.75,4,distraction,distracted,0.982313,0.017301,0.00018,0.0,0.000205,0.982313,0.037526,0.952887,0.0,0.043531,0.053955,0.050958,0.0,0.0,0.0,True,True,False,0.0,False,False,46.304
896,44.8,4,distraction,distracted,0.983722,0.015891,0.000179,0.0,0.000207,0.983722,0.037403,0.952773,0.0,0.043532,0.053928,0.050942,0.0,0.0,0.0,True,True,False,0.0,False,False,38.146
897,44.85,4,distraction,distracted,0.984573,0.015044,0.000177,0.0,0.000206,0.984573,0.036277,0.953031,0.0,0.04353,0.053951,0.050926,0.0,0.0,0.0,True,True,False,0.0,False,False,38.406
898,44.9,4,distraction,distracted,0.98178,0.017803,0.000191,0.0,0.000226,0.98178,0.038123,0.952601,0.0,0.043538,0.053925,0.050912,0.0,0.0,0.0,True,True,False,0.0,False,False,38.341
899,44.95,4,distraction,distracted,0.979716,0.019853,0.000196,0.0,0.000236,0.979716,0.039008,0.9521,0.0,0.043546,0.053952,0.050898,0.0,0.0,0.0,True,True,False,0.0,False,False,37.821
900,45.0,4,distraction,distracted,0.974035,0.025496,0.000211,0.0,0.000258,0.974035,0.03945,0.951987,0.0,0.043556,0.053953,0.050885,0.0,0.0,0.0,True,True,False,0.0,False,False,47.224
901,45.05,4,distraction,distracted,0.975614,0.023932,0.000204,0.0,0.00025,0.975614,0.038834,0.952038,0.0,0.04356,0.053928,0.050872,0.0,0.0,0.0,True,True,False,0.0,False,False,38.544
902,45.1,4,distraction,distracted,0.979598,0.019974,0.000194,0.0,0.000234,0.979598,0.039001,0.952657,0.0,0.043565,0.053957,0.050859,0.0,0.0,0.0,True,True,False,0.0,False,False,37.876
903,45.15,4,distraction,distracted,0.97974,0.019828,0.000196,0.0,0.000236,0.97974,0.038532,0.952435,0.0,0.043569,0.053931,0.050845,0.0,0.0,0.0,True,True,False,0.0,False,False,37.883
904,45.2,4,distraction,distracted,0.983345,0.016249,0.000185,0.0,0.000221,0.983345,0.039015,0.952589,0.0,0.043577,0.05396,0.050832,0.0,0.0,0.0,True,True,False,0.0,False,False,37.877
905,45.25,4,distraction,distracted,0.983967,0.015626,0.000187,0.0,0.00022,0.983967,0.039,0.952753,0.0,0.043572,0.053958,0.050819,0.0,0.0,0.0,True,True,False,0.0,False,False,46.531
906,45.3,4,distraction,distracted,0.985667,0.013948,0.000178,0.0,0.000206,0.985667,0.038022,0.951919,0.0,0.043561,0.053932,0.050804,0.0,0.0,0.0,True,True,False,0.0,False,False,38.418
907,45.35,4,distraction,distracted,0.984881,0.014729,0.000182,0.0,0.000208,0.984881,0.041481,0.951641,0.0,0.043574,0.05396,0.050794,0.0,0.0,0.0,True,True,False,0.0,False,False,38.392
908,45.4,4,distraction,distracted,0.982324,0.017266,0.000191,0.0,0.000219,0.982324,0.038316,0.952628,0.0,0.043569,0.053933,0.05078,0.0,0.0,0.0,True,True,False,0.0,False,False,38.159
909,45.45,4,distraction,distracted,0.98112,0.018469,0.000192,0.0,0.000219,0.98112,0.038222,0.952991,0.0,0.043569,0.053957,0.050766,0.0,0.0,0.0,True,True,False,0.0,False,False,38.049
910,45.5,4,distraction,distracted,0.979419,0.020156,0.000198,0.0,0.000227,0.979419,0.039752,0.952147,0.0,0.043579,0.053959,0.050754,0.0,0.0,0.0,True,True,False,0.0,False,False,47.007
911,45.55,4,distraction,distracted,0.97942,0.02016,0.000195,0.0,0.000225,0.97942,0.040029,0.952227,0.0,0.043588,0.053935,0.050742,0.0,0.0,0.0,True,True,False,0.0,False,False,37.815
912,45.6,4,distraction,distracted,0.977519,0.022051,0.0002,0.0,0.000231,0.977519,0.040802,0.952155,0.0,0.043607,0.053962,0.050731,0.0,0.0,0.0,True,True,False,0.0,False,False,38.091
913,45.65,4,distraction,distracted,0.977727,0.021846,0.000198,0.0,0.000229,0.977727,0.072496,0.945096,0.0,0.043785,0.053993,0.050755,0.0,0.0,0.0,True,True,False,0.0,False,False,37.757
914,45.7,4,distraction,distracted,0.979711,0.01988,0.000191,0.0,0.000218,0.979711,0.179387,0.928576,0.0,0.044481,0.05425,0.050893,0.0,0.0,0.0,True,True,False,0.0,False,False,37.781
915,45.75,4,distraction,distracted,0.977919,0.021657,0.000201,0.0,0.000223,0.977919,0.164217,0.934336,0.0,0.045109,0.054459,0.051016,0.0,0.0,0.0,True,True,False,0.0,False,False,46.121
916,45.8,4,distraction,distracted,0.974296,0.025257,0.000209,0.0,0.000238,0.974296,0.225491,0.928569,0.0,0.046035,0.054739,0.051202,0.0,0.0,0.0,True,True,False,0.0,False,False,37.845
917,45.85,4,distraction,distracted,0.966625,0.032897,0.000223,0.0,0.000255,0.966625,0.141536,0.938284,0.0,0.046556,0.05494,0.0513,0.0,0.0,0.0,True,True,False,0.998489,False,False,37.528
918,45.9,4,distraction,distracted,0.968657,0.03088,0.000213,0.0,0.000249,0.968657,0.09127,0.947992,0.0,0.046829,0.055,0.051344,0.0,0.0,0.0,True,True,False,0.998489,False,False,37.957
919,45.95,4,distraction,distracted,0.965029,0.034489,0.000218,0.0,0.000264,0.965029,0.088618,0.946507,0.0,0.04709,0.055111,0.051384,0.0,0.0,0.0,True,True,False,0.974457,False,False,37.781
920,46.0,4,distraction,distracted,0.959031,0.040464,0.000224,0.0,0.000281,0.959031,0.117009,0.942425,0.0,0.047493,0.055242,0.051455,0.0,0.0,0.0,True,True,False,0.974457,False,False,46.409
921,46.05,4,distraction,distracted,0.917604,0.081736,0.000276,0.0,0.000384,0.917604,0.145389,0.938661,0.0,0.048033,0.055391,0.051556,0.0,0.0,0.0,True,True,False,0.0,False,False,37.715
922,46.1,4,distraction,distracted,0.886056,0.113216,0.000297,0.0,0.000431,0.886056,0.113951,0.944357,0.0,0.048422,0.055541,0.051624,0.0,0.0,0.0,True,True,False,0.0,False,False,37.868
923,46.15,4,distraction,distracted,0.81513,0.183966,0.00035,0.0,0.000554,0.81513,0.107336,0.944513,0.0,0.048779,0.055653,0.051684,0.0,0.0,0.0,True,True,False,0.0,False,False,37.438
924,46.2,4,distraction,distracted,0.818711,0.180392,0.00033,0.0,0.000567,0.818711,0.07998,0.948862,0.0,0.049,0.055722,0.051715,0.0,0.0,0.0,True,True,False,0.0,False,False,38.177
925,46.25,4,distraction,distracted,0.71143,0.287461,0.000363,0.0,0.000745,0.71143,0.071906,0.949344,0.0,0.049182,0.055778,0.051737,0.0,0.0,0.0,True,True,False,0.0,False,False,46.266
926,46.3,4,distraction,distracted,0.615836,0.383007,0.000366,0.0,0.000791,0.615836,0.050618,0.952163,0.0,0.049258,0.055769,0.051736,0.0,0.0,0.0,True,True,False,0.0,False,False,37.789
927,46.35,4,distraction,distracted,0.523376,0.475449,0.000361,0.0,0.000813,0.523376,0.041493,0.952957,0.0,0.049287,0.055798,0.051724,0.0,0.0,0.0,True,True,False,0.0,False,False,37.522
928,46.4,4,distraction,distracted,0.659746,0.339199,0.000349,0.0,0.000706,0.659746,0.039408,0.952719,0.0,0.049307,0.0558,0.051711,0.0,0.0,0.0,True,True,False,0.0,False,False,37.928
929,46.45,4,distraction,distracted,0.71652,0.28248,0.00035,0.0,0.000649,0.71652,0.039383,0.952365,0.0,0.049327,0.055798,0.051698,0.0,0.0,0.0,True,True,False,0.0,False,False,37.595
930,46.5,4,distraction,distracted,0.65293,0.346022,0.00037,0.0,0.000678,0.65293,0.036869,0.953007,0.0,0.049331,0.055795,0.051682,0.0,0.0,0.0,True,True,False,0.0,False,False,46.674
931,46.55,4,distraction,distracted,0.730068,0.268955,0.000363,0.0,0.000614,0.730068,0.036534,0.95295,0.0,0.049331,0.055762,0.051665,0.0,0.0,0.0,True,True,False,0.0,False,False,37.973
932,46.6,4,distraction,distracted,0.786452,0.212648,0.000358,0.0,0.000542,0.786452,0.044551,0.950544,0.0,0.049367,0.055802,0.051658,0.0,0.0,0.0,True,True,False,0.0,False,False,38.106
933,46.65,4,distraction,distracted,0.855657,0.143538,0.000337,0.0,0.000468,0.855657,0.140377,0.932982,0.0,0.049873,0.055973,0.051751,0.0,0.0,0.0,True,True,False,0.0,False,False,37.805
934,46.7,4,distraction,distracted,0.927295,0.072095,0.000279,0.0,0.000331,0.927295,0.127677,0.937981,0.0,0.050321,0.056122,0.051832,0.0,0.0,0.0,True,True,False,0.0,False,False,37.955
935,46.75,4,distraction,distracted,0.907582,0.091753,0.000307,0.0,0.000359,0.907582,0.110597,0.943165,0.0,0.050687,0.056242,0.051895,0.0,0.0,0.0,True,True,False,0.0,False,False,46.625
936,46.8,4,distraction,distracted,0.943327,0.056141,0.000257,0.0,0.000276,0.943327,0.099471,0.944015,0.0,0.050998,0.056314,0.051945,0.0,0.0,0.0,True,True,False,0.830719,False,False,37.806
937,46.85,4,distraction,distracted,0.959048,0.040473,0.000239,0.0,0.000241,0.959048,0.149851,0.935003,0.0,0.051555,0.056526,0.052048,0.0,0.0,0.0,True,True,False,0.830719,False,False,37.87
938,46.9,4,distraction,distracted,0.966648,0.0329,0.000229,0.0,0.000224,0.966648,0.17826,0.930185,0.0,0.052249,0.056755,0.052181,0.0,0.0,0.0,True,True,False,0.0,False,False,37.853
939,46.95,4,distraction,distracted,0.969099,0.030463,0.000223,0.0,0.000214,0.969099,0.284645,0.913929,0.0,0.053444,0.057145,0.05242,0.0,0.0,0.0,True,True,False,0.0,False,False,37.674
940,47.0,4,distraction,distracted,0.961892,0.03763,0.000238,0.0,0.00024,0.961892,0.16183,0.933663,0.0,0.05406,0.057346,0.052535,0.0,0.0,0.0,True,True,False,0.0,False,False,46.74
941,47.05,4,distraction,distracted,0.936881,0.062551,0.000274,0.0,0.000294,0.936881,0.094097,0.944852,0.0,0.054344,0.057408,0.052579,0.0,0.0,0.0,True,True,False,0.0,False,False,37.954
942,47.1,4,distraction,distracted,0.942758,0.056713,0.000253,0.0,0.000276,0.942758,0.057508,0.950179,0.0,0.054442,0.057463,0.052584,0.0,0.0,0.0,True,True,False,0.0,False,False,37.89
943,47.15,4,distraction,distracted,0.957238,0.042284,0.000232,0.0,0.000246,0.957238,0.045935,0.952078,0.0,0.054481,0.05747,0.052577,0.0,0.0,0.0,True,True,False,0.0,False,False,37.979
944,47.2,4,distraction,distracted,0.9552,0.044311,0.000241,0.0,0.000248,0.9552,0.040271,0.952738,0.0,0.054494,0.057456,0.052564,0.0,0.0,0.0,True,True,False,0.0,False,False,37.921
945,47.25,4,distraction,distracted,0.96374,0.035796,0.000231,0.0,0.000234,0.96374,0.03743,0.953568,0.0,0.05449,0.057444,0.052548,0.0,0.0,0.0,True,True,False,0.0,False,False,46.719
946,47.3,4,distraction,distracted,0.968666,0.030876,0.000231,0.0,0.000227,0.968666,0.037547,0.953103,0.0,0.054485,0.05741,0.052532,0.0,0.0,0.0,True,True,False,0.0,False,False,37.851
947,47.35,4,distraction,distracted,0.971596,0.027955,0.000227,0.0,0.000221,0.971596,0.037828,0.952494,0.0,0.054476,0.057435,0.052516,0.0,0.0,0.0,True,True,False,0.0,False,False,37.956
948,47.4,4,distraction,distracted,0.977279,0.02229,0.000219,0.0,0.000212,0.977279,0.037767,0.952616,0.0,0.054471,0.057434,0.0525,0.0,0.0,0.0,True,True,False,0.458614,False,False,38.296
949,47.45,4,distraction,distracted,0.980917,0.018674,0.000205,0.0,0.000204,0.980917,0.036472,0.953361,0.0,0.054462,0.057432,0.052483,0.0,0.0,0.0,True,True,False,0.0,False,False,38.39
950,47.5,4,distraction,distracted,0.975497,0.024054,0.000221,0.0,0.000227,0.975497,0.036613,0.95296,0.0,0.054455,0.057428,0.052466,0.0,0.0,0.0,True,True,False,0.0,False,False,47.074
951,47.55,4,distraction,distracted,0.981556,0.018039,0.000194,0.0,0.000212,0.981556,0.038641,0.952285,0.0,0.054456,0.057397,0.052452,0.0,0.0,0.0,True,True,False,0.0,False,False,37.775
952,47.6,4,distraction,distracted,0.983441,0.016169,0.000181,0.0,0.000209,0.983441,0.038409,0.952528,0.0,0.054452,0.057429,0.052437,0.0,0.0,0.0,True,True,False,0.0,False,False,38.909
953,47.65,4,distraction,distracted,0.986217,0.013414,0.000168,0.0,0.000201,0.986217,0.037841,0.952736,0.0,0.05445,0.057428,0.052422,0.0,0.0,0.0,True,True,False,0.0,False,False,38.205
954,47.7,4,distraction,distracted,0.988143,0.011507,0.000158,0.0,0.000192,0.988143,0.037265,0.952493,0.0,0.054444,0.057427,0.052406,0.0,0.0,0.0,True,True,False,0.0,False,False,38.316
955,47.75,4,distraction,distracted,0.988507,0.011147,0.000156,0.0,0.00019,0.988507,0.035873,0.95293,0.0,0.054437,0.057421,0.052388,0.0,0.0,0.0,True,True,False,0.0,False,False,47.264
956,47.8,4,distraction,distracted,0.988229,0.011427,0.000153,0.0,0.000191,0.988229,0.035791,0.95276,0.0,0.054427,0.057384,0.052371,0.0,0.0,0.0,True,True,False,0.0,False,False,38.968
957,47.85,4,distraction,distracted,0.988624,0.011043,0.000147,0.0,0.000186,0.988624,0.036836,0.952027,0.0,0.054378,0.057406,0.052354,0.0,0.0,0.0,True,True,False,0.0,False,False,38.15
958,47.9,4,distraction,distracted,0.988979,0.010688,0.000147,0.0,0.000186,0.988979,0.039515,0.952341,0.0,0.054262,0.057406,0.052341,0.0,0.0,0.0,True,True,False,0.0,False,False,38.883
959,47.95,4,distraction,distracted,0.989285,0.010377,0.000148,0.0,0.00019,0.989285,0.064513,0.94626,0.0,0.054304,0.057446,0.052354,0.0,0.0,0.0,True,True,False,0.0,False,False,38.238
960,48.0,4,distraction,distracted,0.988659,0.010979,0.000156,0.0,0.000206,0.988659,0.065842,0.948845,0.0,0.054401,0.05749,0.052368,0.0,0.0,0.0,True,True,False,0.644638,False,False,46.793
961,48.05,4,distraction,distracted,0.987817,0.011822,0.000155,0.0,0.000206,0.987817,0.052589,0.951312,0.0,0.054455,0.057482,0.052368,0.0,0.0,0.0,True,True,False,0.0,False,False,37.754
962,48.1,4,distraction,distracted,0.985275,0.014359,0.000158,0.0,0.000208,0.985275,0.044921,0.952222,0.0,0.053033,0.05752,0.05236,0.0,0.0,0.0,True,True,False,0.0,False,False,37.972
963,48.15,4,distraction,distracted,0.983692,0.015946,0.000157,0.0,0.000205,0.983692,0.040678,0.952683,0.0,0.051687,0.057524,0.052348,0.0,0.0,0.0,True,True,False,0.556976,False,False,37.964
964,48.2,4,distraction,distracted,0.975859,0.023737,0.000169,0.0,0.000235,0.975859,0.038559,0.952705,0.0,0.051146,0.057524,0.052333,0.0,0.0,0.0,True,True,False,0.492317,False,False,37.902
965,48.25,4,distraction,distracted,0.982309,0.017339,0.000149,0.0,0.000203,0.982309,0.041126,0.951489,0.0,0.051014,0.057528,0.052322,0.0,0.0,0.0,True,True,False,0.556976,False,False,46.543
966,48.3,4,distraction,distracted,0.985151,0.014515,0.000144,0.0,0.00019,0.985151,0.040387,0.951331,0.0,0.050982,0.057499,0.052309,0.0,0.0,0.0,True,True,False,0.678513,False,False,38.23
967,48.35,4,distraction,distracted,0.986582,0.013088,0.000145,0.0,0.000184,0.986582,0.039734,0.951732,0.0,0.050973,0.05753,0.052296,0.0,0.0,0.0,True,True,False,0.678513,False,False,37.72
968,48.4,4,distraction,distracted,0.98632,0.013353,0.000147,0.0,0.000181,0.98632,0.038704,0.951798,0.0,0.05098,0.05753,0.052282,0.0,0.0,0.0,True,True,False,0.0,False,False,38.093
969,48.45,4,distraction,distracted,0.984532,0.015129,0.000154,0.0,0.000185,0.984532,0.038246,0.951909,0.0,0.050987,0.057526,0.052268,0.0,0.0,0.0,True,True,False,0.0,False,False,37.939
970,48.5,4,distraction,distracted,0.984942,0.014719,0.000156,0.0,0.000183,0.984942,0.038116,0.952261,0.0,0.050984,0.057526,0.052253,0.0,0.0,0.0,True,True,False,0.0,False,False,46.573
971,48.55,4,distraction,distracted,0.984271,0.015387,0.000158,0.0,0.000184,0.984271,0.036661,0.952693,0.0,0.05097,0.05749,0.052237,0.0,0.0,0.0,True,True,False,0.0,False,False,37.889
972,48.6,4,distraction,distracted,0.981736,0.017912,0.000162,0.0,0.00019,0.981736,0.036301,0.952653,0.0,0.05095,0.057519,0.05222,0.0,0.0,0.0,True,True,False,0.0,False,False,37.817
973,48.65,4,distraction,distracted,0.981065,0.018586,0.000159,0.0,0.00019,0.981065,0.036202,0.952672,0.0,0.05093,0.057513,0.052204,0.0,0.0,0.0,True,True,False,0.0,False,False,37.817
974,48.7,4,distraction,distracted,0.982628,0.017027,0.000157,0.0,0.000188,0.982628,0.036109,0.952721,0.0,0.050903,0.057507,0.052187,0.0,0.0,0.0,True,True,False,0.682861,False,False,37.807
975,48.75,4,distraction,distracted,0.983635,0.016025,0.000155,0.0,0.000185,0.983635,0.037165,0.95207,0.0,0.050883,0.057504,0.052172,0.0,0.0,0.0,True,True,False,0.275909,False,False,46.547
976,48.8,4,distraction,distracted,0.98375,0.015905,0.000158,0.0,0.000188,0.98375,0.0375,0.952021,0.0,0.050873,0.05747,0.052156,0.0,0.0,0.0,True,True,False,0.231621,False,False,37.928
977,48.85,4,distraction,distracted,0.983768,0.015891,0.000156,0.0,0.000186,0.983768,0.037699,0.952362,0.0,0.050835,0.057494,0.052142,0.0,0.0,0.0,True,True,False,0.54599,False,False,37.73
978,48.9,4,distraction,distracted,0.984188,0.015476,0.000154,0.0,0.000183,0.984188,0.037358,0.952671,0.0,0.049877,0.057491,0.052126,0.0,0.0,0.0,True,True,False,0.0,False,False,37.92
979,48.95,4,distraction,distracted,0.984583,0.015079,0.000154,0.0,0.000184,0.984583,0.037881,0.952342,0.0,0.049242,0.057484,0.052112,0.0,0.0,0.0,True,True,False,0.0,False,False,37.926
980,49.0,4,distraction,distracted,0.984923,0.014736,0.000155,0.0,0.000186,0.984923,0.038319,0.952013,0.0,0.048971,0.05748,0.052098,0.0,0.0,0.0,True,True,False,0.0,False,False,46.55
981,49.05,4,distraction,distracted,0.982285,0.017356,0.000161,0.0,0.000197,0.982285,0.037782,0.95241,0.0,0.04889,0.057447,0.052083,0.0,0.0,0.0,True,True,False,0.0,False,False,37.877
982,49.1,4,distraction,distracted,0.983124,0.016528,0.000156,0.0,0.000192,0.983124,0.038487,0.952136,0.0,0.048868,0.057479,0.052069,0.0,0.0,0.0,True,True,False,0.0,False,False,38.01
983,49.15,4,distraction,distracted,0.982252,0.017399,0.000157,0.0,0.000192,0.982252,0.038093,0.95227,0.0,0.048863,0.05748,0.052055,0.0,0.0,0.0,True,True,False,0.33725,False,False,37.866
984,49.2,4,distraction,distracted,0.983199,0.016454,0.000157,0.0,0.000189,0.983199,0.037896,0.952487,0.0,0.048867,0.057481,0.05204,0.0,0.0,0.0,True,True,False,0.215599,False,False,37.917
985,49.25,4,distraction,distracted,0.982952,0.016698,0.000159,0.0,0.000191,0.982952,0.038735,0.952033,0.0,0.048871,0.057481,0.052027,0.0,0.0,0.0,True,True,False,0.33725,False,False,46.442
986,49.3,4,distraction,distracted,0.983706,0.015946,0.00016,0.0,0.000188,0.983706,0.146151,0.925983,0.0,0.04939,0.057626,0.05212,0.0,0.0,0.0,True,True,False,0.199463,False,False,38.375
987,49.35,4,distraction,distracted,0.982188,0.017451,0.000168,0.0,0.000193,0.982188,0.314235,0.907137,0.0,0.050704,0.058103,0.052374,0.0,0.0,0.0,True,True,False,0.013103,False,False,38.435
988,49.4,4,distraction,distracted,0.980148,0.019478,0.000176,0.0,0.000198,0.980148,0.138747,0.938311,0.0,0.051199,0.058267,0.052461,0.0,0.0,0.0,True,True,False,0.023911,False,False,38.695
989,49.45,4,distraction,distracted,0.981417,0.018222,0.000169,0.0,0.000192,0.981417,0.070883,0.94693,0.0,0.051369,0.05832,0.05248,0.0,0.0,0.0,True,True,False,0.060017,False,False,37.942
990,49.5,4,distraction,distracted,0.982103,0.017534,0.000169,0.0,0.000194,0.982103,0.048448,0.950803,0.0,0.051426,0.058335,0.052476,0.0,0.0,0.0,True,True,False,0.060017,False,False,47.544
991,49.55,4,distraction,distracted,0.981892,0.017745,0.000169,0.0,0.000195,0.981892,0.042128,0.952184,0.0,0.05145,0.058308,0.052465,0.0,0.0,0.0,True,True,False,0.064823,False,False,38.102
992,49.6,4,distraction,distracted,0.98161,0.018023,0.000169,0.0,0.000198,0.98161,0.040284,0.952228,0.0,0.051461,0.058339,0.052453,0.0,0.0,0.0,True,True,False,0.064823,False,False,38.691
993,49.65,4,distraction,distracted,0.982065,0.017572,0.000168,0.0,0.000195,0.982065,0.038155,0.952751,0.0,0.051463,0.05833,0.052438,0.0,0.0,0.0,True,True,False,0.0,False,False,37.745
994,49.7,4,distraction,distracted,0.976202,0.023402,0.000183,0.0,0.000213,0.976202,0.041004,0.95143,0.0,0.051475,0.058333,0.052427,0.0,0.0,0.0,True,True,False,0.0,False,False,37.662
995,49.75,4,distraction,distracted,0.963433,0.036113,0.000207,0.0,0.000247,0.963433,0.039667,0.951745,0.0,0.051486,0.058334,0.052414,0.0,0.0,0.0,True,True,False,0.0,False,False,46.46
996,49.8,4,distraction,distracted,0.952533,0.046976,0.000223,0.0,0.000268,0.952533,0.040085,0.951557,0.0,0.051502,0.058303,0.052401,0.0,0.0,0.0,True,True,False,0.0,False,False,37.721
997,49.85,4,distraction,distracted,0.947179,0.052322,0.000228,0.0,0.000271,0.947179,0.037657,0.952788,0.0,0.051508,0.05833,0.052387,0.0,0.0,0.0,True,True,False,0.032837,False,False,37.632
998,49.9,4,distraction,distracted,0.937992,0.061484,0.000235,0.0,0.000289,0.937992,0.03976,0.951967,0.0,0.051526,0.058331,0.052374,0.0,0.0,0.0,True,True,False,0.0,False,False,37.888
999,49.95,4,distraction,distracted,0.937612,0.061867,0.000231,0.0,0.000291,0.937612,0.038439,0.952616,0.0,0.051539,0.058328,0.05236,0.0,0.0,0.0,True,True,False,0.0,False,False,37.541
1000,50.0,4,distraction,distracted,0.949982,0.049531,0.00022,0.0,0.000267,0.949982,0.038025,0.952744,0.0,0.05155,0.058325,0.052345,0.0,0.0,0.0,True,True,False,0.0,False,False,46.685
1001,50.05,4,distraction,distracted,0.962437,0.037119,0.000203,0.0,0.000241,0.962437,0.039172,0.9526,0.0,0.051563,0.058293,0.052332,0.0,0.0,0.0,True,True,False,0.0,False,False,37.781
1002,50.1,4,distraction,distracted,0.972182,0.027413,0.000187,0.0,0.000219,0.972182,0.037069,0.952748,0.0,0.051558,0.058319,0.052317,0.0,0.0,0.0,True,True,False,0.0,False,False,39.106
1003,50.15,4,distraction,distracted,0.975319,0.024287,0.000182,0.0,0.000212,0.975319,0.036888,0.953127,0.0,0.05155,0.058316,0.052301,0.0,0.0,0.0,True,True,False,0.0,False,False,38.792
1004,50.2,4,distraction,distracted,0.979708,0.019914,0.000176,0.0,0.000201,0.979708,0.400587,0.886668,0.0,0.053254,0.058888,0.052626,0.0,0.0,0.0,True,True,False,0.0,False,False,39.158
1005,50.25,4,distraction,distracted,0.981665,0.017951,0.000181,0.0,0.000203,0.981665,0.481171,0.859955,0.0,0.055272,0.059568,0.053014,0.0,0.0,0.0,True,True,False,0.012581,False,False,47.686
1006,50.3,4,distraction,distracted,0.979206,0.020386,0.000192,0.0,0.000216,0.979206,0.363935,0.913307,0.0,0.056844,0.060059,0.053312,0.0,0.0,0.0,True,True,False,0.012581,False,False,37.859
1007,50.35,4,distraction,distracted,0.977833,0.021751,0.000195,0.0,0.000221,0.977833,0.173592,0.939093,0.0,0.057521,0.060327,0.05343,0.0,0.0,0.0,True,True,False,0.0,False,False,37.829
1008,50.4,4,distraction,distracted,0.976741,0.022842,0.000195,0.0,0.000222,0.976741,0.067545,0.9502,0.0,0.057678,0.060379,0.053444,0.0,0.0,0.0,True,True,False,0.022308,False,False,38.286
1009,50.45,4,distraction,distracted,0.97652,0.023065,0.000193,0.0,0.000222,0.97652,0.042553,0.953622,0.0,0.057706,0.060388,0.053434,0.0,0.0,0.0,True,True,False,0.0,False,False,38.156
1010,50.5,4,distraction,distracted,0.975449,0.02413,0.000195,0.0,0.000227,0.975449,0.038828,0.954068,0.0,0.057713,0.06039,0.053419,0.0,0.0,0.0,True,True,False,0.0,False,False,47.384
1011,50.55,4,distraction,distracted,0.975629,0.023949,0.000194,0.0,0.000229,0.975629,0.037142,0.95378,0.0,0.057712,0.060351,0.053403,0.0,0.0,0.0,True,True,False,0.0,False,False,38.259
1012,50.6,4,distraction,distracted,0.975267,0.024309,0.000194,0.0,0.00023,0.975267,0.036374,0.953451,0.0,0.057712,0.060385,0.053386,0.0,0.0,0.0,True,True,False,0.203125,False,False,38.23
1013,50.65,4,distraction,distracted,0.970506,0.029038,0.000206,0.0,0.00025,0.970506,0.035871,0.953157,0.0,0.057709,0.060382,0.053368,0.0,0.0,0.0,True,True,False,0.203125,False,False,38.603
1014,50.7,4,distraction,distracted,0.974277,0.025296,0.000193,0.0,0.000235,0.974277,0.035735,0.953407,0.0,0.057703,0.060379,0.053351,0.0,0.0,0.0,True,True,False,0.042336,False,False,38.359
1015,50.75,4,distraction,distracted,0.977936,0.021657,0.000184,0.0,0.000223,0.977936,0.035689,0.953146,0.0,0.05769,0.060376,0.053333,0.0,0.0,0.0,True,True,False,0.0,False,False,47.569
1016,50.8,4,distraction,distracted,0.978207,0.021387,0.000183,0.0,0.000223,0.978207,0.035819,0.9532,0.0,0.057676,0.060334,0.053316,0.0,0.0,0.0,True,True,False,0.0,False,False,38.277
1017,50.85,4,distraction,distracted,0.978882,0.020712,0.000182,0.0,0.000223,0.978882,0.036411,0.953212,0.0,0.057669,0.060373,0.053299,0.0,0.0,0.0,True,True,False,0.0,False,False,37.999
1018,50.9,4,distraction,distracted,0.980144,0.01946,0.000178,0.0,0.000218,0.980144,0.036409,0.952891,0.0,0.057659,0.060374,0.053283,0.0,0.0,0.0,True,True,False,0.0,False,False,38.475
1019,50.95,4,distraction,distracted,0.977338,0.022248,0.000185,0.0,0.00023,0.977338,0.036387,0.9531,0.0,0.057654,0.060373,0.053266,0.0,0.0,0.0,True,True,False,0.0,False,False,37.943
1020,51.0,4,distraction,distracted,0.981247,0.018368,0.000172,0.0,0.000213,0.981247,0.036809,0.953092,0.0,0.057643,0.060373,0.05325,0.0,0.0,0.0,True,True,False,0.0,False,False,46.517
1021,51.05,4,distraction,distracted,0.984059,0.015573,0.000166,0.0,0.000203,0.984059,0.037792,0.952586,0.0,0.057642,0.060335,0.053234,0.0,0.0,0.0,True,True,False,0.0,False,False,37.93
1022,51.1,4,distraction,distracted,0.984471,0.015155,0.000169,0.0,0.000205,0.984471,0.038381,0.952517,0.0,0.057647,0.059883,0.05322,0.0,0.0,0.0,True,True,False,0.0,False,False,37.773
1023,51.15,4,distraction,distracted,0.983996,0.015626,0.00017,0.0,0.000207,0.983996,0.036835,0.952995,0.0,0.057641,0.059185,0.053204,0.0,0.0,0.0,True,True,False,0.0,False,False,37.703
1024,51.2,4,distraction,distracted,0.982849,0.016763,0.000174,0.0,0.000215,0.982849,0.036875,0.953058,0.0,0.057638,0.058478,0.053188,0.0,0.0,0.0,True,True,False,0.06797,False,False,37.957
1025,51.25,4,distraction,distracted,0.982387,0.017219,0.000176,0.0,0.000218,0.982387,0.038225,0.95303,0.0,0.057645,0.057767,0.053173,0.0,0.0,0.0,True,True,False,0.0,False,False,46.434
1026,51.3,4,distraction,distracted,0.984106,0.015513,0.00017,0.0,0.000211,0.984106,0.038193,0.952758,0.0,0.057649,0.057734,0.053158,0.0,0.0,0.0,True,True,False,0.0,False,False,38.021
1027,51.35,4,distraction,distracted,0.985522,0.014113,0.000164,0.0,0.0002,0.985522,0.036773,0.953674,0.0,0.057644,0.056369,0.053142,0.0,0.0,0.0,True,True,False,0.0,False,False,37.657
1028,51.4,4,distraction,distracted,0.98678,0.012867,0.000161,0.0,0.000192,0.98678,0.03623,0.953621,0.0,0.05763,0.055602,0.053126,0.0,0.0,0.0,True,True,False,0.0,False,False,37.793
1029,51.45,4,distraction,distracted,0.986674,0.012972,0.000162,0.0,0.000192,0.986674,0.03569,0.954002,0.0,0.057606,0.054857,0.053108,0.0,0.0,0.0,True,True,False,0.0,False,False,37.559
1030,51.5,4,distraction,distracted,0.985632,0.014008,0.000165,0.0,0.000195,0.985632,0.035751,0.953891,0.0,0.057588,0.054163,0.053091,0.0,0.0,0.0,True,True,False,0.0,False,False,46.593
1031,51.55,4,distraction,distracted,0.9848,0.014835,0.000166,0.0,0.000198,0.9848,0.036974,0.953683,0.0,0.05758,0.054134,0.053076,0.0,0.0,0.0,True,True,False,0.0,False,False,37.58
1032,51.6,4,distraction,distracted,0.982885,0.016734,0.000172,0.0,0.000209,0.982885,0.039357,0.952702,0.0,0.057594,0.052888,0.053062,0.0,0.0,0.0,True,True,False,0.0,False,False,37.759
1033,51.65,4,distraction,distracted,0.985007,0.014632,0.000164,0.0,0.000198,0.985007,0.038751,0.95285,0.0,0.057606,0.052165,0.053048,0.0,0.0,0.0,True,True,False,0.0,False,False,37.601
1034,51.7,4,distraction,distracted,0.985736,0.013907,0.000163,0.0,0.000194,0.985736,0.037609,0.952826,0.0,0.057613,0.051519,0.053033,0.0,0.0,0.0,True,True,False,0.0,False,False,37.883
1035,51.75,4,distraction,distracted,0.984888,0.014745,0.000168,0.0,0.000198,0.984888,0.036527,0.952908,0.0,0.057613,0.051111,0.053017,0.0,0.0,0.0,True,True,False,0.0,False,False,46.524
1036,51.8,4,distraction,distracted,0.983499,0.016122,0.000174,0.0,0.000204,0.983499,0.036141,0.953413,0.0,0.057612,0.051085,0.053001,0.0,0.0,0.0,True,True,False,0.0,False,False,37.786
1037,51.85,4,distraction,distracted,0.983188,0.016429,0.000175,0.0,0.000207,0.983188,0.036583,0.953082,0.0,0.057614,0.050959,0.052985,0.0,0.0,0.0,True,True,False,0.0,False,False,37.498
1038,51.9,4,distraction,distracted,0.984084,0.015544,0.000171,0.0,0.000201,0.984084,0.037551,0.952907,0.0,0.05762,0.050952,0.05297,0.0,0.0,0.0,True,True,False,0.0,False,False,37.645
1039,51.95,4,distraction,distracted,0.986428,0.01322,0.000163,0.0,0.00019,0.986428,0.037455,0.952592,0.0,0.057626,0.050951,0.052955,0.0,0.0,0.0,True,True,False,0.0,False,False,37.683
1040,52.0,4,distraction,distracted,0.986651,0.012998,0.000162,0.0,0.000189,0.986651,0.036172,0.952902,0.0,0.057624,0.050949,0.052939,0.0,0.0,0.0,True,True,False,0.0,False,False,46.496
1041,52.05,4,distraction,distracted,0.986141,0.0135,0.000164,0.0,0.000194,0.986141,0.037867,0.951737,0.0,0.057634,0.050927,0.052924,0.0,0.0,0.0,True,True,False,0.0,False,False,37.837
1042,52.1,4,distraction,distracted,0.985662,0.013977,0.000164,0.0,0.000197,0.985662,0.037409,0.952111,0.0,0.057631,0.050951,0.052909,0.0,0.0,0.0,True,True,False,0.0,False,False,37.823
1043,52.15,4,distraction,distracted,0.987022,0.012633,0.000157,0.0,0.000189,0.987022,0.036432,0.952567,0.0,0.057623,0.050949,0.052893,0.0,0.0,0.0,True,True,False,0.0,False,False,37.598
1044,52.2,4,distraction,distracted,0.985832,0.013812,0.000161,0.0,0.000195,0.985832,0.036501,0.952464,0.0,0.057619,0.050947,0.052878,0.0,0.0,0.0,True,True,False,0.0,False,False,37.832
1045,52.25,4,distraction,distracted,0.985535,0.014108,0.000161,0.0,0.000197,0.985535,0.037284,0.952637,0.0,0.057618,0.050946,0.052863,0.0,0.0,0.0,True,True,False,0.0,False,False,46.484
1046,52.3,4,distraction,distracted,0.986603,0.013048,0.000158,0.0,0.000192,0.986603,0.037294,0.952832,0.0,0.057613,0.050923,0.052848,0.0,0.0,0.0,True,True,False,0.12439,False,False,38.072
1047,52.35,4,distraction,distracted,0.986547,0.0131,0.000159,0.0,0.000193,0.986547,0.036849,0.95312,0.0,0.057609,0.050947,0.052832,0.0,0.0,0.0,True,True,False,0.190765,False,False,37.719
1048,52.4,4,distraction,distracted,0.984457,0.01517,0.000168,0.0,0.000204,0.984457,0.03652,0.953094,0.0,0.057605,0.050944,0.052816,0.0,0.0,0.0,True,True,False,0.0,False,False,37.763
1049,52.45,4,distraction,distracted,0.985544,0.014095,0.000163,0.0,0.000198,0.985544,0.037175,0.953014,0.0,0.057604,0.050943,0.052801,0.0,0.0,0.0,True,True,False,0.0,False,False,37.816
1050,52.5,4,distraction,distracted,0.985418,0.01421,0.000168,0.0,0.000204,0.985418,0.039736,0.95281,0.0,0.057611,0.050947,0.052789,0.0,0.0,0.0,True,True,False,0.0,False,False,46.934
1051,52.55,4,distraction,distracted,0.984765,0.01486,0.000167,0.0,0.000207,0.984765,0.036702,0.953431,0.0,0.057598,0.050923,0.052774,0.0,0.0,0.0,True,True,False,0.0,False,False,37.694
1052,52.6,4,distraction,distracted,0.983183,0.016429,0.000172,0.0,0.000216,0.983183,0.036325,0.953487,0.0,0.057582,0.05094,0.052758,0.0,0.0,0.0,True,True,False,0.426514,False,False,37.936
1053,52.65,4,distraction,distracted,0.983456,0.01616,0.000171,0.0,0.000213,0.983456,0.036282,0.953317,0.0,0.057573,0.050937,0.052742,0.0,0.0,0.0,True,True,False,0.164673,False,False,37.821
1054,52.7,4,distraction,distracted,0.985402,0.014229,0.000167,0.0,0.000203,0.985402,0.037047,0.953199,0.0,0.05757,0.050935,0.052727,0.0,0.0,0.0,True,True,False,0.164673,False,False,37.949
1055,52.75,4,distraction,distracted,0.987263,0.01238,0.000163,0.0,0.000194,0.987263,0.037013,0.953092,0.0,0.057567,0.050933,0.052712,0.0,0.0,0.0,True,True,False,0.209534,False,False,46.503
1056,52.8,4,distraction,distracted,0.987576,0.012068,0.000163,0.0,0.000192,0.987576,0.036541,0.953163,0.0,0.057562,0.050909,0.052697,0.0,0.0,0.0,True,True,False,0.253479,False,False,37.572
1057,52.85,4,distraction,distracted,0.988297,0.011356,0.00016,0.0,0.000188,0.988297,0.036675,0.952856,0.0,0.057557,0.050933,0.052681,0.0,0.0,0.0,True,True,False,0.253479,False,False,37.786
1058,52.9,4,distraction,distracted,0.988469,0.011185,0.00016,0.0,0.000186,0.988469,0.03623,0.952816,0.0,0.057556,0.050933,0.052666,0.0,0.0,0.0,True,True,False,0.253479,False,False,38.214
1059,52.95,4,distraction,distracted,0.988227,0.01143,0.000158,0.0,0.000185,0.988227,0.035771,0.953614,0.0,0.057554,0.050932,0.05265,0.0,0.0,0.0,True,True,False,0.117065,False,False,38.216
1060,53.0,4,distraction,distracted,0.987019,0.012626,0.000163,0.0,0.000191,0.987019,0.036066,0.953486,0.0,0.057553,0.050932,0.052634,0.0,0.0,0.0,True,True,False,0.112946,False,False,46.985
1061,53.05,4,distraction,distracted,0.986296,0.013344,0.000165,0.0,0.000195,0.986296,0.036449,0.953265,0.0,0.057555,0.050907,0.052619,0.0,0.0,0.0,True,True,False,0.112946,False,False,38.693
1062,53.1,4,distraction,distracted,0.987552,0.0121,0.00016,0.0,0.000188,0.987552,0.03634,0.952782,0.0,0.057558,0.05093,0.052603,0.0,0.0,0.0,True,True,False,0.112946,False,False,38.281
1063,53.15,4,distraction,distracted,0.986966,0.012684,0.00016,0.0,0.000189,0.986966,0.036113,0.952517,0.0,0.057552,0.050929,0.052588,0.0,0.0,0.0,True,True,False,0.071289,False,False,38.115
1064,53.2,4,distraction,distracted,0.987264,0.012393,0.000157,0.0,0.000186,0.987264,0.036232,0.952762,0.0,0.057551,0.050928,0.052572,0.0,0.0,0.0,True,True,False,0.071289,False,False,39.012
1065,53.25,4,distraction,distracted,0.98657,0.013079,0.00016,0.0,0.00019,0.98657,0.037803,0.952357,0.0,0.057557,0.050931,0.052558,0.0,0.0,0.0,True,True,False,0.071289,False,False,47.074
1066,53.3,4,distraction,distracted,0.986312,0.013337,0.000159,0.0,0.000192,0.986312,0.037777,0.952254,0.0,0.057564,0.050909,0.052544,0.0,0.0,0.0,True,True,False,0.0,False,False,38.732
1067,53.35,4,distraction,distracted,0.986321,0.013329,0.000159,0.0,0.000192,0.986321,0.037726,0.952483,0.0,0.057566,0.050933,0.05253,0.0,0.0,0.0,True,True,False,0.0,False,False,37.886
1068,53.4,4,distraction,distracted,0.9871,0.012558,0.000156,0.0,0.000186,0.9871,0.037899,0.952323,0.0,0.057565,0.050934,0.052516,0.0,0.0,0.0,True,True,False,0.0,False,False,37.859
1069,53.45,4,distraction,distracted,0.985987,0.01366,0.000161,0.0,0.000192,0.985987,0.037185,0.952378,0.0,0.057559,0.050933,0.052502,0.0,0.0,0.0,True,True,False,0.0,False,False,37.709
1070,53.5,4,distraction,distracted,0.986356,0.013297,0.000158,0.0,0.000189,0.986356,0.036129,0.952644,0.0,0.057536,0.050931,0.052487,0.0,0.0,0.0,True,True,False,0.0,False,False,46.825
1071,53.55,4,distraction,distracted,0.986062,0.013585,0.000162,0.0,0.000192,0.986062,0.037418,0.952457,0.0,0.05753,0.050908,0.052472,0.0,0.0,0.0,True,True,False,0.0,False,False,38.017
1072,53.6,4,distraction,distracted,0.987352,0.01231,0.000155,0.0,0.000183,0.987352,0.03616,0.95328,0.0,0.057524,0.05092,0.052457,0.0,0.0,0.0,True,True,False,0.0,False,False,37.927
1073,53.65,4,distraction,distracted,0.988033,0.011634,0.000154,0.0,0.00018,0.988033,0.036218,0.95295,0.0,0.057504,0.05091,0.052442,0.0,0.0,0.0,True,True,False,0.0,False,False,37.596
1074,53.7,4,distraction,distracted,0.987744,0.011915,0.000157,0.0,0.000183,0.987744,0.037205,0.952775,0.0,0.057494,0.050905,0.052428,0.0,0.0,0.0,True,True,False,0.0,False,False,37.729
1075,53.75,4,distraction,distracted,0.988126,0.011534,0.000157,0.0,0.000183,0.988126,0.036908,0.953341,0.0,0.057494,0.050895,0.052413,0.0,0.0,0.0,True,True,False,0.0,False,False,46.492
1076,53.8,4,distraction,distracted,0.988782,0.010884,0.000155,0.0,0.000179,0.988782,0.035972,0.95347,0.0,0.057485,0.05087,0.052398,0.0,0.0,0.0,True,True,False,0.0,False,False,38.039
1077,53.85,4,distraction,distracted,0.988517,0.011144,0.000158,0.0,0.000181,0.988517,0.03618,0.953412,0.0,0.057458,0.050875,0.052383,0.0,0.0,0.0,True,True,False,0.0,False,False,37.626
1078,53.9,4,distraction,distracted,0.988113,0.011545,0.00016,0.0,0.000183,0.988113,0.035896,0.953619,0.0,0.057431,0.050869,0.052367,0.0,0.0,0.0,True,True,False,0.0,False,False,37.947
1079,53.95,4,distraction,distracted,0.988398,0.011257,0.00016,0.0,0.000184,0.988398,0.036232,0.953036,0.0,0.057409,0.050863,0.052352,0.0,0.0,0.0,True,True,False,0.0,False,False,37.632
1080,54.0,4,distraction,distracted,0.988177,0.011472,0.000164,0.0,0.000188,0.988177,0.036629,0.953313,0.0,0.057401,0.05086,0.052337,0.0,0.0,0.0,True,True,False,0.0,False,False,46.626
1081,54.05,4,distraction,distracted,0.988346,0.011301,0.000165,0.0,0.000189,0.988346,0.036612,0.953523,0.0,0.05739,0.050836,0.052323,0.0,0.0,0.0,True,True,False,0.0,False,False,37.948
1082,54.1,4,distraction,distracted,0.988707,0.01094,0.000165,0.0,0.000188,0.988707,0.036305,0.953134,0.0,0.057378,0.050846,0.052308,0.0,0.0,0.0,True,True,False,0.0,False,False,37.83
1083,54.15,4,distraction,distracted,0.988047,0.011592,0.000169,0.0,0.000192,0.988047,0.035957,0.953487,0.0,0.057364,0.050836,0.052293,0.0,0.0,0.0,True,True,False,0.0,False,False,37.701
1084,54.2,4,distraction,distracted,0.987929,0.011709,0.00017,0.0,0.000192,0.987929,0.036462,0.953386,0.0,0.05736,0.050825,0.052278,0.0,0.0,0.0,True,True,False,0.0,False,False,37.722
1085,54.25,4,distraction,distracted,0.987201,0.01243,0.000173,0.0,0.000195,0.987201,0.036637,0.953107,0.0,0.057356,0.050814,0.052263,0.0,0.0,0.0,True,True,False,0.0,False,False,46.193
1086,54.3,4,distraction,distracted,0.986336,0.013288,0.000176,0.0,0.000199,0.986336,0.036383,0.953074,0.0,0.057337,0.05079,0.052249,0.0,0.0,0.0,True,True,False,0.0,False,False,37.662
1087,54.35,4,distraction,distracted,0.985576,0.014044,0.000179,0.0,0.000202,0.985576,0.036708,0.952797,0.0,0.057332,0.050794,0.052234,0.0,0.0,0.0,True,True,False,0.043566,False,False,37.584
1088,54.4,4,distraction,distracted,0.985352,0.014266,0.000179,0.0,0.000202,0.985352,0.036675,0.952886,0.0,0.057329,0.050787,0.05222,0.0,0.0,0.0,True,True,False,0.18593,False,False,37.896
1089,54.45,4,distraction,distracted,0.984585,0.015027,0.000182,0.0,0.000205,0.984585,0.036606,0.952932,0.0,0.057327,0.050779,0.052206,0.0,0.0,0.0,True,True,False,0.181353,False,False,37.6
1090,54.5,4,distraction,distracted,0.982976,0.016624,0.000187,0.0,0.000213,0.982976,0.03863,0.952805,0.0,0.057332,0.050772,0.052193,0.0,0.0,0.0,True,True,False,0.181353,False,False,46.582
1091,54.55,4,distraction,distracted,0.984896,0.014721,0.000181,0.0,0.000203,0.984896,0.183277,0.924504,0.0,0.058047,0.050988,0.05231,0.0,0.0,0.0,True,True,False,0.131914,False,False,37.57
1092,54.6,4,distraction,distracted,0.984929,0.014677,0.000187,0.0,0.000207,0.984929,0.108595,0.942552,0.0,0.058395,0.051096,0.052362,0.0,0.0,0.0,True,True,False,0.125963,False,False,37.658
1093,54.65,4,distraction,distracted,0.985965,0.013654,0.000181,0.0,0.0002,0.985965,0.060881,0.950285,0.0,0.058514,0.051126,0.052369,0.0,0.0,0.0,True,True,False,0.0,False,False,37.799
1094,54.7,4,distraction,distracted,0.986699,0.012926,0.000178,0.0,0.000196,0.986699,0.044939,0.952708,0.0,0.058556,0.05113,0.052363,0.0,0.0,0.0,True,True,False,0.0,False,False,37.956
1095,54.75,4,distraction,distracted,0.987202,0.012433,0.000173,0.0,0.000192,0.987202,0.039258,0.953136,0.0,0.058565,0.051122,0.052351,0.0,0.0,0.0,True,True,False,0.0,False,False,46.461
1096,54.8,4,distraction,distracted,0.986719,0.012914,0.000173,0.0,0.000193,0.986719,0.03687,0.953325,0.0,0.058562,0.051098,0.052336,0.0,0.0,0.0,True,True,False,0.0,False,False,37.905
1097,54.85,4,distraction,distracted,0.987176,0.012466,0.000169,0.0,0.00019,0.987176,0.037028,0.953367,0.0,0.058566,0.051087,0.052322,0.0,0.0,0.0,True,True,False,0.0,False,False,37.781
1098,54.9,4,distraction,distracted,0.987458,0.01218,0.000171,0.0,0.000191,0.987458,0.220708,0.916716,0.0,0.059451,0.05135,0.052471,0.0,0.0,0.0,True,True,False,0.0,False,False,37.975
1099,54.95,4,distraction,distracted,0.988156,0.011477,0.000176,0.0,0.000191,0.988156,0.487754,0.842828,0.0,0.061457,0.051973,0.052823,0.0,0.0,0.0,True,True,False,0.0,False,False,37.961
1100,55.0,4,distraction,distracted,0.989064,0.010566,0.00018,0.0,0.00019,0.989064,0.499731,0.849061,0.0,0.063529,0.052643,0.053188,0.0,0.0,0.0,True,True,False,0.0,False,False,46.641
1101,55.05,4,distraction,distracted,0.988173,0.011444,0.000186,0.0,0.000196,0.988173,0.45673,0.889381,0.0,0.065498,0.053276,0.053532,0.0,0.0,0.0,True,True,False,0.0,False,False,37.707
1102,55.1,4,distraction,distracted,0.985504,0.014088,0.000197,0.0,0.000211,0.985504,0.322443,0.917531,0.0,0.066875,0.05371,0.053768,0.0,0.0,0.0,True,True,False,0.0,False,False,37.766
1103,55.15,4,distraction,distracted,0.986477,0.013138,0.000182,0.0,0.000203,0.986477,0.14818,0.937328,0.0,0.06742,0.053865,0.053853,0.0,0.0,0.0,True,True,False,0.061447,False,False,37.726
1104,55.2,4,distraction,distracted,0.98742,0.012208,0.000175,0.0,0.000197,0.98742,0.207996,0.931757,0.0,0.068254,0.053901,0.053991,0.0,0.0,0.0,True,True,False,0.061447,False,False,38.088
1105,55.25,4,distraction,distracted,0.988122,0.011512,0.000172,0.0,0.000194,0.988122,0.412685,0.893737,0.0,0.070026,0.054327,0.054297,0.0,0.0,0.0,True,True,False,0.0,False,False,46.505
1106,55.3,4,distraction,distracted,0.988032,0.011604,0.000168,0.0,0.000197,0.988032,0.253913,0.927132,0.0,0.071087,0.054652,0.054474,0.0,0.0,0.0,True,True,False,0.0,False,False,37.902
1107,55.35,4,distraction,distracted,0.987287,0.012345,0.000163,0.0,0.000205,0.987287,0.114671,0.943963,0.0,0.071453,0.054719,0.054528,0.0,0.0,0.0,True,True,False,0.0,False,False,37.715
1108,55.4,4,distraction,distracted,0.988788,0.010873,0.000148,0.0,0.00019,0.988788,0.058905,0.950897,0.0,0.071557,0.054741,0.054532,0.0,0.0,0.0,True,True,False,0.0,False,False,38.695
1109,55.45,4,distraction,distracted,0.988538,0.011132,0.000144,0.0,0.000185,0.988538,0.04105,0.954053,0.0,0.071571,0.054736,0.05452,0.0,0.0,0.0,True,True,False,0.0,False,False,37.942
1110,55.5,4,distraction,distracted,0.989184,0.0105,0.000139,0.0,0.000176,0.989184,0.038573,0.95474,0.0,0.071564,0.054715,0.054505,0.0,0.0,0.0,True,True,False,0.0,False,False,46.669
1111,55.55,4,distraction,distracted,0.98914,0.01055,0.000138,0.0,0.000172,0.98914,0.03702,0.95434,0.0,0.071549,0.054686,0.054489,0.0,0.0,0.0,True,True,False,0.0,False,False,38.202
1112,55.6,4,distraction,distracted,0.988954,0.010739,0.000137,0.0,0.000171,0.988954,0.037007,0.95355,0.0,0.071529,0.05468,0.054474,0.0,0.0,0.0,True,True,False,0.0,False,False,37.94
1113,55.65,4,distraction,distracted,0.989059,0.010633,0.000138,0.0,0.00017,0.989059,0.037214,0.953631,0.0,0.071352,0.05467,0.054458,0.0,0.0,0.0,True,True,False,0.0,False,False,37.708
1114,55.7,4,distraction,distracted,0.988892,0.010801,0.000138,0.0,0.000169,0.988892,0.036353,0.95376,0.0,0.070646,0.05462,0.054442,0.0,0.0,0.0,True,True,False,0.0,False,False,37.872
1115,55.75,4,distraction,distracted,0.987211,0.012475,0.00014,0.0,0.000173,0.987211,0.036403,0.953623,0.0,0.070012,0.0546,0.054425,0.0,0.0,0.0,True,True,False,0.0,False,False,46.403
1116,55.8,4,distraction,distracted,0.985938,0.013741,0.000141,0.0,0.00018,0.985938,0.038026,0.953272,0.0,0.069089,0.054572,0.054411,0.0,0.0,0.0,True,True,False,0.0,False,False,37.872
1117,55.85,4,distraction,distracted,0.980689,0.018957,0.000152,0.0,0.000202,0.980689,0.038067,0.953444,0.0,0.068575,0.054554,0.054396,0.0,0.0,0.0,True,True,False,0.0,False,False,37.717
1118,55.9,4,distraction,distracted,0.980933,0.01873,0.000143,0.0,0.000194,0.980933,0.037513,0.952827,0.0,0.068305,0.054454,0.054381,0.0,0.0,0.0,True,True,False,0.0,False,False,37.775
1119,55.95,4,distraction,distracted,0.981582,0.018089,0.000141,0.0,0.000189,0.981582,0.037636,0.953092,0.0,0.068049,0.054376,0.054366,0.0,0.0,0.0,True,True,False,0.0,False,False,37.52
1120,56.0,4,distraction,distracted,0.982316,0.017362,0.000138,0.0,0.000184,0.982316,0.037215,0.952657,0.0,0.067651,0.054342,0.05435,0.0,0.0,0.0,True,True,False,0.0,False,False,46.636
1121,56.05,4,distraction,distracted,0.978923,0.020741,0.000145,0.0,0.000191,0.978923,0.036624,0.953043,0.0,0.06711,0.054312,0.054334,0.0,0.0,0.0,True,True,False,0.0,False,False,37.562
1122,56.1,4,distraction,distracted,0.975678,0.023974,0.00015,0.0,0.000197,0.975678,0.036148,0.952943,0.0,0.066721,0.054315,0.054318,0.0,0.0,0.0,True,True,False,0.0,False,False,38.099
1123,56.15,4,distraction,distracted,0.979653,0.020023,0.000142,0.0,0.000181,0.979653,0.035817,0.953269,0.0,0.066363,0.054305,0.054301,0.0,0.0,0.0,True,True,False,0.312702,False,False,37.664
1124,56.2,4,distraction,distracted,0.978278,0.021389,0.000147,0.0,0.000186,0.978278,0.036241,0.953167,0.0,0.066143,0.054301,0.054285,0.0,0.0,0.0,True,True,False,0.364429,False,False,37.771
1125,56.25,4,distraction,distracted,0.975723,0.023937,0.00015,0.0,0.00019,0.975723,0.036873,0.952885,0.0,0.065967,0.054297,0.05427,0.0,0.0,0.0,True,True,False,0.341084,False,False,46.167
1126,56.3,4,distraction,distracted,0.972895,0.026758,0.000153,0.0,0.000194,0.972895,0.036717,0.95286,0.0,0.065897,0.054268,0.054254,0.0,0.0,0.0,True,True,False,0.0,False,False,37.739
1127,56.35,4,distraction,distracted,0.97987,0.019814,0.000143,0.0,0.000174,0.97987,0.037054,0.952567,0.0,0.065875,0.054291,0.054238,0.0,0.0,0.0,True,True,False,0.0,False,False,37.948
1128,56.4,4,distraction,distracted,0.98373,0.015966,0.000138,0.0,0.000166,0.98373,0.03744,0.952393,0.0,0.065865,0.054293,0.054223,0.0,0.0,0.0,True,True,False,0.0,False,False,38.086
1129,56.45,4,distraction,distracted,0.984157,0.015542,0.000137,0.0,0.000165,0.984157,0.036931,0.953219,0.0,0.065853,0.054294,0.054208,0.0,0.0,0.0,True,True,False,0.0,False,False,37.687
1130,56.5,4,distraction,distracted,0.983305,0.016392,0.000136,0.0,0.000167,0.983305,0.03622,0.953139,0.0,0.06585,0.054295,0.054192,0.0,0.0,0.0,True,True,False,0.0,False,False,46.484
1131,56.55,4,distraction,distracted,0.983647,0.016053,0.000134,0.0,0.000165,0.983647,0.036578,0.952758,0.0,0.06585,0.054265,0.054176,0.0,0.0,0.0,True,True,False,0.0,False,False,37.627
1132,56.6,4,distraction,distracted,0.985175,0.014528,0.000134,0.0,0.000163,0.985175,0.037412,0.952572,0.0,0.065814,0.054289,0.054161,0.0,0.0,0.0,True,True,False,0.0,False,False,37.615
1133,56.65,4,distraction,distracted,0.98422,0.015476,0.000138,0.0,0.000166,0.98422,0.036662,0.952475,0.0,0.0653,0.054288,0.054146,0.0,0.0,0.0,True,True,False,0.0,False,False,37.552
1134,56.7,4,distraction,distracted,0.983159,0.016528,0.000144,0.0,0.00017,0.983159,0.036189,0.953333,0.0,0.064845,0.054288,0.05413,0.0,0.0,0.0,True,True,False,0.0,False,False,37.875
1135,56.75,4,distraction,distracted,0.982926,0.016751,0.000149,0.0,0.000174,0.982926,0.035932,0.953347,0.0,0.064472,0.054284,0.054114,0.0,0.0,0.0,True,True,False,0.0,False,False,46.338
1136,56.8,4,distraction,distracted,0.982985,0.016687,0.000152,0.0,0.000176,0.982985,0.036953,0.952798,0.0,0.06416,0.054255,0.054099,0.0,0.0,0.0,True,True,False,0.0,False,False,37.641
1137,56.85,4,distraction,distracted,0.979629,0.020019,0.000164,0.0,0.000188,0.979629,0.03743,0.953039,0.0,0.063603,0.054261,0.054084,0.0,0.0,0.0,True,True,False,0.0,False,False,37.984
1138,56.9,4,distraction,distracted,0.976052,0.023576,0.000174,0.0,0.000199,0.976052,0.038211,0.952581,0.0,0.062913,0.054173,0.05407,0.0,0.0,0.0,True,True,False,0.0,False,False,37.576
1139,56.95,4,distraction,distracted,0.974258,0.025362,0.000177,0.0,0.000202,0.974258,0.037222,0.952439,0.0,0.061716,0.054143,0.054055,0.0,0.0,0.0,True,True,False,0.0,False,False,37.399
1140,57.0,4,distraction,distracted,0.971234,0.028376,0.000181,0.0,0.00021,0.971234,0.036627,0.952836,0.0,0.061097,0.054131,0.05404,0.0,0.0,0.0,True,True,False,0.0,False,False,46.5
1141,57.05,4,distraction,distracted,0.967994,0.031607,0.000183,0.0,0.000216,0.967994,0.036383,0.953317,0.0,0.060809,0.054101,0.054024,0.0,0.0,0.0,True,True,False,0.0,False,False,37.701
1142,57.1,4,distraction,distracted,0.956592,0.04297,0.000198,0.0,0.00024,0.956592,0.036172,0.953494,0.0,0.060701,0.054118,0.054008,0.0,0.0,0.0,True,True,False,0.0,False,False,37.858
1143,57.15,4,distraction,distracted,0.959109,0.040472,0.000189,0.0,0.000229,0.959109,0.03604,0.953477,0.0,0.060652,0.054116,0.053992,0.0,0.0,0.0,True,True,False,0.0,False,False,37.373
1144,57.2,4,distraction,distracted,0.947439,0.052106,0.000205,0.0,0.000249,0.947439,0.035967,0.95357,0.0,0.06063,0.054114,0.053977,0.0,0.0,0.0,True,True,False,0.0,False,False,37.724
1145,57.25,4,distraction,distracted,0.956688,0.042896,0.000189,0.0,0.000227,0.956688,0.03625,0.953489,0.0,0.060624,0.054113,0.053961,0.0,0.0,0.0,True,True,False,0.0,False,False,46.413
1146,57.3,4,distraction,distracted,0.963193,0.036412,0.000179,0.0,0.000215,0.963193,0.037207,0.953342,0.0,0.060622,0.054085,0.053946,0.0,0.0,0.0,True,True,False,0.0,False,False,37.8
1147,57.35,4,distraction,distracted,0.972168,0.027463,0.000168,0.0,0.000201,0.972168,0.037455,0.9528,0.0,0.06062,0.05411,0.053932,0.0,0.0,0.0,True,True,False,0.0,False,False,37.835
1148,57.4,4,distraction,distracted,0.975193,0.024448,0.000164,0.0,0.000195,0.975193,0.036548,0.952701,0.0,0.060614,0.054109,0.053917,0.0,0.0,0.0,True,True,False,0.0,False,False,38.441
1149,57.45,4,distraction,distracted,0.976103,0.023542,0.000162,0.0,0.000193,0.976103,0.036655,0.953032,0.0,0.060615,0.054109,0.053901,0.0,0.0,0.0,True,True,False,0.0,False,False,38.097
1150,57.5,4,distraction,distracted,0.979385,0.02027,0.000158,0.0,0.000186,0.979385,0.037223,0.953066,0.0,0.060618,0.054109,0.053887,0.0,0.0,0.0,True,True,False,0.0,False,False,46.985
1151,57.55,4,distraction,distracted,0.981799,0.017864,0.000155,0.0,0.000182,0.981799,0.038743,0.952993,0.0,0.060619,0.054084,0.053874,0.0,0.0,0.0,True,True,False,0.0,False,False,38.204
1152,57.6,4,distraction,distracted,0.978712,0.020935,0.000161,0.0,0.000193,0.978712,0.03899,0.952975,0.0,0.060621,0.054115,0.053861,0.0,0.0,0.0,True,True,False,0.0,False,False,37.897
1153,57.65,4,distraction,distracted,0.978162,0.021485,0.000159,0.0,0.000194,0.978162,0.03985,0.952838,0.0,0.060632,0.054117,0.053848,0.0,0.0,0.0,True,True,False,0.0,False,False,37.529
1154,57.7,4,distraction,distracted,0.981042,0.018622,0.000151,0.0,0.000185,0.981042,0.039458,0.952748,0.0,0.060643,0.054119,0.053836,0.0,0.0,0.0,True,True,False,0.0,False,False,37.786
1155,57.75,4,distraction,distracted,0.983055,0.016618,0.000148,0.0,0.000179,0.983055,0.037868,0.953004,0.0,0.060653,0.054118,0.053822,0.0,0.0,0.0,True,True,False,0.0,False,False,46.309
1156,57.8,4,distraction,distracted,0.982586,0.017084,0.000149,0.0,0.000181,0.982586,0.041422,0.95144,0.0,0.060681,0.054097,0.053811,0.0,0.0,0.0,True,True,False,0.0,False,False,37.837
1157,57.85,4,distraction,distracted,0.977762,0.021879,0.000161,0.0,0.000199,0.977762,0.040496,0.951531,0.0,0.060699,0.054129,0.0538,0.0,0.0,0.0,True,True,False,0.049088,False,False,37.729
1158,57.9,4,distraction,distracted,0.95677,0.042769,0.000196,0.0,0.000265,0.95677,0.039245,0.951915,0.0,0.060698,0.054132,0.053787,0.0,0.0,0.0,True,True,False,0.0,False,False,37.654
1159,57.95,4,distraction,distracted,0.933863,0.065604,0.000214,0.0,0.000318,0.933863,0.038265,0.952496,0.0,0.060566,0.054135,0.053773,0.0,0.0,0.0,True,True,False,0.0,False,False,37.389
1160,58.0,4,distraction,distracted,0.943505,0.05601,0.000195,0.0,0.000291,0.943505,0.039225,0.952263,0.0,0.060433,0.054141,0.053761,0.0,0.0,0.0,True,True,False,0.0,False,False,46.752
1161,58.05,4,distraction,distracted,0.960759,0.038826,0.000174,0.0,0.000242,0.960759,0.039356,0.951849,0.0,0.060367,0.054116,0.053748,0.0,0.0,0.0,True,True,False,0.0,False,False,38.564
1162,58.1,4,distraction,distracted,0.963528,0.036057,0.000175,0.0,0.00024,0.963528,0.038425,0.952194,0.0,0.060334,0.054151,0.053735,0.0,0.0,0.0,True,True,False,0.0,False,False,38.1
1163,58.15,4,distraction,distracted,0.973237,0.02639,0.000161,0.0,0.000212,0.973237,0.037582,0.952601,0.0,0.060318,0.054153,0.053721,0.0,0.0,0.0,True,True,False,0.0,False,False,38.198
1164,58.2,4,distraction,distracted,0.97197,0.027649,0.000165,0.0,0.000216,0.97197,0.038413,0.9516,0.0,0.060318,0.054154,0.053708,0.0,0.0,0.0,True,True,False,0.0,False,False,38.372
1165,58.25,4,distraction,distracted,0.976408,0.02323,0.000159,0.0,0.000203,0.976408,0.038108,0.952097,0.0,0.060303,0.054156,0.053694,0.0,0.0,0.0,True,True,False,0.0,False,False,46.763
1166,58.3,4,distraction,distracted,0.979774,0.019877,0.000154,0.0,0.000194,0.979774,0.038682,0.951764,0.0,0.060294,0.05413,0.053682,0.0,0.0,0.0,True,True,False,0.0,False,False,38.105
1167,58.35,4,distraction,distracted,0.979814,0.019837,0.000154,0.0,0.000195,0.979814,0.037881,0.95181,0.0,0.060285,0.054158,0.053668,0.0,0.0,0.0,True,True,False,0.0,False,False,38.005
1168,58.4,4,distraction,distracted,0.981065,0.018592,0.000151,0.0,0.000192,0.981065,0.036948,0.952511,0.0,0.060276,0.054155,0.053654,0.0,0.0,0.0,True,True,False,0.0,False,False,37.94
1169,58.45,4,distraction,distracted,0.983522,0.016148,0.000146,0.0,0.000184,0.983522,0.038008,0.952088,0.0,0.060275,0.054156,0.05364,0.0,0.0,0.0,True,True,False,0.0,False,False,37.961
1170,58.5,4,distraction,distracted,0.983987,0.015682,0.000146,0.0,0.000185,0.983987,0.037509,0.952162,0.0,0.060272,0.054155,0.053626,0.0,0.0,0.0,True,True,False,0.0,False,False,46.492
1171,58.55,4,distraction,distracted,0.984883,0.014794,0.000143,0.0,0.000181,0.984883,0.036578,0.95193,0.0,0.060271,0.054125,0.053612,0.0,0.0,0.0,True,True,False,0.0,False,False,37.642
1172,58.6,4,distraction,distracted,0.983461,0.016204,0.000148,0.0,0.000187,0.983461,0.036716,0.952667,0.0,0.060273,0.054148,0.053597,0.0,0.0,0.0,True,True,False,0.0,False,False,37.722
1173,58.65,4,distraction,distracted,0.984044,0.015627,0.000146,0.0,0.000183,0.984044,0.036606,0.952819,0.0,0.060275,0.054144,0.053582,0.0,0.0,0.0,True,True,False,0.0,False,False,37.431
1174,58.7,4,distraction,distracted,0.984746,0.014927,0.000146,0.0,0.000182,0.984746,0.043355,0.951093,0.0,0.060312,0.054151,0.053574,0.0,0.0,0.0,True,True,False,0.0,False,False,38.071
1175,58.75,4,distraction,distracted,0.986708,0.012971,0.000144,0.0,0.000177,0.986708,0.280579,0.916759,0.0,0.061492,0.054542,0.053761,0.0,0.0,0.0,True,True,False,0.0,False,False,46.609
1176,58.8,4,distraction,distracted,0.983654,0.015989,0.000158,0.0,0.000199,0.983654,0.126746,0.942418,0.0,0.061937,0.054661,0.053823,0.0,0.0,0.0,True,True,False,0.0,False,False,37.864
1177,58.85,4,distraction,distracted,0.981936,0.017694,0.000159,0.0,0.00021,0.981936,0.068486,0.950052,0.0,0.062092,0.05472,0.053835,0.0,0.0,0.0,True,True,False,0.0,False,False,37.51
1178,58.9,4,distraction,distracted,0.98204,0.017588,0.000156,0.0,0.000216,0.98204,0.051464,0.952127,0.0,0.062162,0.054236,0.053833,0.0,0.0,0.0,True,True,False,0.0,False,False,37.917
1179,58.95,4,distraction,distracted,0.984422,0.015219,0.000149,0.0,0.00021,0.984422,0.048106,0.951986,0.0,0.062214,0.053825,0.053828,0.0,0.0,0.0,True,True,False,0.0,False,False,37.951
1180,59.0,4,distraction,distracted,0.987872,0.011792,0.000144,0.0,0.000193,0.987872,0.416469,0.888456,0.0,0.063994,0.054268,0.054116,0.0,0.0,0.0,True,True,False,0.0,False,False,46.385
1181,59.05,4,distraction,distracted,0.987853,0.011799,0.000149,0.0,0.000199,0.987853,0.367084,0.912158,0.0,0.065583,0.054768,0.054372,0.0,0.0,0.0,True,True,False,0.0,False,False,37.603
1182,59.1,4,distraction,distracted,0.988934,0.010734,0.000143,0.0,0.000189,0.988934,0.185253,0.936804,0.0,0.066311,0.054799,0.054481,0.0,0.0,0.0,True,True,False,0.0,False,False,37.769
1183,59.15,4,distraction,distracted,0.987525,0.012138,0.000145,0.0,0.000191,0.987525,0.075987,0.948728,0.0,0.066501,0.05421,0.0545,0.0,0.0,0.0,True,True,False,0.0,False,False,37.557
1184,59.2,4,distraction,distracted,0.988397,0.01128,0.00014,0.0,0.000183,0.988397,0.045022,0.953625,0.0,0.066537,0.053665,0.054491,0.0,0.0,0.0,True,True,False,0.0,False,False,37.831
1185,59.25,4,distraction,distracted,0.988266,0.011404,0.000144,0.0,0.000186,0.988266,0.039304,0.954376,0.0,0.066539,0.053393,0.054479,0.0,0.0,0.0,True,True,False,0.0,False,False,46.331
1186,59.3,4,distraction,distracted,0.989532,0.010149,0.000141,0.0,0.000178,0.989532,0.340287,0.901896,0.0,0.067453,0.053846,0.054708,0.0,0.0,0.0,True,True,False,0.0,False,False,37.779
1187,59.35,4,distraction,distracted,0.990177,0.009504,0.000144,0.0,0.000175,0.990177,0.490892,0.847139,0.0,0.068165,0.05447,0.055037,0.0,0.0,0.0,True,True,False,0.0,False,False,37.461
1188,59.4,4,distraction,distracted,0.989574,0.010095,0.000152,0.0,0.00018,0.989574,0.404038,0.901803,0.0,0.069414,0.055047,0.055317,0.0,0.0,0.0,True,True,False,0.0,False,False,38.753
1189,59.45,4,distraction,distracted,0.987344,0.012298,0.000165,0.0,0.000193,0.987344,0.220136,0.933137,0.0,0.070149,0.055347,0.055453,0.0,0.0,0.0,True,True,False,0.0,False,False,38.313
1190,59.5,4,distraction,distracted,0.98623,0.013413,0.000166,0.0,0.000191,0.98623,0.083015,0.948476,0.0,0.070322,0.055424,0.055477,0.0,0.0,0.0,True,True,False,0.0,False,False,47.182
1191,59.55,4,distraction,distracted,0.983864,0.015768,0.000171,0.0,0.000197,0.983864,0.046633,0.953982,0.0,0.070345,0.055409,0.055469,0.0,0.0,0.0,True,True,False,0.0,False,False,38.051
1192,59.6,4,distraction,distracted,0.983888,0.015757,0.000165,0.0,0.00019,0.983888,0.040923,0.954994,0.0,0.070347,0.055444,0.055457,0.0,0.0,0.0,True,True,False,0.0,False,False,38.175
1193,59.65,4,distraction,distracted,0.985241,0.014411,0.000161,0.0,0.000187,0.985241,0.038253,0.954391,0.0,0.070348,0.055441,0.055442,0.0,0.0,0.0,True,True,False,0.0,False,False,37.757
1194,59.7,4,distraction,distracted,0.984135,0.015506,0.000165,0.0,0.000194,0.984135,0.036965,0.953879,0.0,0.070327,0.055434,0.055427,0.0,0.0,0.0,True,True,False,0.0,False,False,37.602
1195,59.75,4,distraction,distracted,0.985107,0.014537,0.000162,0.0,0.000193,0.985107,0.036513,0.953366,0.0,0.070311,0.055431,0.055411,0.0,0.0,0.0,True,True,False,0.0,False,False,46.307
1196,59.8,4,distraction,distracted,0.984473,0.015166,0.000163,0.0,0.000198,0.984473,0.035881,0.95345,0.0,0.070289,0.055398,0.055394,0.0,0.0,0.0,True,True,False,0.0,False,False,37.796
1197,59.85,4,distraction,distracted,0.98568,0.013971,0.000157,0.0,0.000192,0.98568,0.036989,0.952957,0.0,0.070286,0.055423,0.055379,0.0,0.0,0.0,True,True,False,0.0,False,False,37.917
1198,59.9,4,distraction,distracted,0.984411,0.015228,0.000162,0.0,0.0002,0.984411,0.036752,0.952845,0.0,0.070271,0.055421,0.055363,0.0,0.0,0.0,True,True,False,0.0,False,False,38.003
1199,59.95,4,distraction,distracted,0.986627,0.013031,0.000153,0.0,0.000189,0.986627,0.038218,0.9523,0.0,0.07027,0.05542,0.055349,0.0,0.0,0.0,True,True,True,0.0,False,False,38.078
1200,60.0,4,distraction,distracted,0.986669,0.01299,0.000152,0.0,0.000189,0.986669,0.037685,0.952695,0.0,0.070268,0.055418,0.055196,0.0,0.0,0.0,True,True,True,0.0,False,False,46.489
1201,60.05,4,distraction,distracted,0.984549,0.015092,0.000157,0.0,0.000202,0.984549,0.037899,0.951798,0.0,0.070262,0.055389,0.055182,0.0,0.0,0.0,True,True,True,0.0,False,False,37.716
1202,60.1,4,distraction,distracted,0.983855,0.015784,0.000154,0.0,0.000207,0.983855,0.038068,0.952485,0.0,0.070267,0.055416,0.055108,0.0,0.0,0.0,True,True,True,0.0,False,False,37.825
1203,60.15,4,distraction,distracted,0.975015,0.024549,0.000176,0.0,0.000261,0.975015,0.038079,0.951518,0.0,0.070273,0.055416,0.055094,0.0,0.0,0.0,True,True,True,0.0,False,False,37.546
1204,60.2,4,distraction,distracted,0.971545,0.027996,0.000175,0.0,0.000283,0.971545,0.036964,0.952504,0.0,0.06856,0.055416,0.055097,0.0,0.0,0.0,True,True,True,0.0,False,False,37.698
1205,60.25,4,distraction,distracted,0.972045,0.027529,0.000169,0.0,0.000256,0.972045,0.036992,0.952333,0.0,0.06653,0.055416,0.055096,0.0,0.0,0.0,True,True,True,0.330212,False,False,46.633
1206,60.3,4,distraction,distracted,0.966577,0.032988,0.000181,0.0,0.000254,0.966577,0.038394,0.951668,0.0,0.064957,0.055388,0.055082,0.0,0.0,0.0,True,True,True,0.330212,False,False,37.849
1207,60.35,4,distraction,distracted,0.944217,0.055276,0.000214,0.0,0.000293,0.944217,0.038332,0.951496,0.0,0.064285,0.055416,0.055098,0.0,0.0,0.0,True,True,True,0.208389,False,False,37.824
1208,60.4,4,distraction,distracted,0.93701,0.062478,0.000222,0.0,0.00029,0.93701,0.040275,0.950854,0.0,0.064148,0.055418,0.055085,0.0,0.0,0.0,True,True,True,0.208389,False,False,37.919
1209,60.45,4,distraction,distracted,0.876332,0.123006,0.000288,0.0,0.000374,0.876332,0.039436,0.951309,0.0,0.064133,0.055418,0.055099,0.0,0.0,0.0,True,True,True,0.271203,False,False,37.769
1210,60.5,4,distraction,distracted,0.930373,0.0691,0.000241,0.0,0.000286,0.930373,0.0378,0.951989,0.0,0.064128,0.055409,0.055098,0.0,0.0,0.0,True,True,True,0.0,False,False,46.658
1211,60.55,4,distraction,distracted,0.932178,0.067299,0.000245,0.0,0.000279,0.932178,0.036528,0.952269,0.0,0.064125,0.055377,0.055083,0.0,0.0,0.0,True,True,True,0.0,False,False,37.635
1212,60.6,4,distraction,distracted,0.916801,0.082634,0.000267,0.0,0.000298,0.916801,0.036731,0.952289,0.0,0.064127,0.055389,0.055098,0.0,0.0,0.0,True,True,True,0.0,False,False,38.04
1213,60.65,4,distraction,distracted,0.882946,0.116416,0.000292,0.0,0.000345,0.882946,0.036267,0.952549,0.0,0.064129,0.055379,0.055082,0.0,0.0,0.0,True,True,True,0.0,False,False,38.035
1214,60.7,4,distraction,distracted,0.875544,0.123822,0.000284,0.0,0.00035,0.875544,0.036496,0.951777,0.0,0.064133,0.055371,0.055098,0.0,0.0,0.0,True,True,True,0.0,False,False,37.893
1215,60.75,4,distraction,distracted,0.858996,0.140344,0.000289,0.0,0.000371,0.858996,0.037026,0.952123,0.0,0.06414,0.055366,0.055097,0.0,0.0,0.0,True,True,True,0.0,False,False,46.558
1216,60.8,4,distraction,distracted,0.891931,0.107475,0.000262,0.0,0.000332,0.891931,0.038052,0.951925,0.0,0.064152,0.055337,0.055083,0.0,0.0,0.0,True,True,True,0.0,False,False,38.04
1217,60.85,4,distraction,distracted,0.932649,0.066853,0.000225,0.0,0.000273,0.932649,0.037653,0.951971,0.0,0.064158,0.055363,0.055094,0.0,0.0,0.0,True,True,True,0.0,False,False,38.447
1218,60.9,4,distraction,distracted,0.922682,0.076795,0.000234,0.0,0.000289,0.922682,0.037939,0.951605,0.0,0.064166,0.05536,0.05508,0.0,0.0,0.0,True,True,True,0.0,False,False,38.403
1219,60.95,4,distraction,distracted,0.903359,0.096073,0.000248,0.0,0.00032,0.903359,0.038336,0.951834,0.0,0.064176,0.055357,0.055094,0.0,0.0,0.0,True,True,True,0.0,False,False,37.939
1220,61.0,4,distraction,distracted,0.906978,0.092462,0.000244,0.0,0.000315,0.906978,0.038576,0.951706,0.0,0.064185,0.055356,0.055095,0.0,0.0,0.0,True,True,True,0.0,False,False,47.007
1221,61.05,4,distraction,distracted,0.882522,0.11687,0.000262,0.0,0.000346,0.882522,0.037866,0.951856,0.0,0.064185,0.055327,0.055081,0.0,0.0,0.0,True,True,True,0.0,False,False,38.104
1222,61.1,4,distraction,distracted,0.856778,0.142567,0.000277,0.0,0.000377,0.856778,0.037814,0.95198,0.0,0.064183,0.055347,0.055092,0.0,0.0,0.0,True,True,True,0.0,False,False,37.893
1223,61.15,4,distraction,distracted,0.889091,0.110315,0.00025,0.0,0.000343,0.889091,0.036615,0.952506,0.0,0.064182,0.055329,0.055077,0.0,0.0,0.0,True,True,True,0.0,False,False,38.548
1224,61.2,4,distraction,distracted,0.865893,0.133465,0.00026,0.0,0.000381,0.865893,0.036185,0.952666,0.0,0.064178,0.055314,0.055088,0.0,0.0,0.0,True,True,True,0.0,False,False,38.168
1225,61.25,4,distraction,distracted,0.894517,0.104897,0.00024,0.0,0.000346,0.894517,0.036534,0.952872,0.0,0.06417,0.055297,0.055087,0.0,0.0,0.0,True,True,True,0.0,False,False,46.892
1226,61.3,4,distraction,distracted,0.866424,0.132925,0.000262,0.0,0.000388,0.866424,0.037837,0.952698,0.0,0.064168,0.055268,0.055072,0.0,0.0,0.0,True,True,True,0.0,False,False,38.381
1227,61.35,4,distraction,distracted,0.909915,0.089526,0.000232,0.0,0.000326,0.909915,0.037168,0.952618,0.0,0.06417,0.055243,0.055086,0.0,0.0,0.0,True,True,True,0.0,False,False,37.906
1228,61.4,4,distraction,distracted,0.949683,0.049858,0.0002,0.0,0.000259,0.949683,0.03657,0.952598,0.0,0.064172,0.055224,0.055071,0.0,0.0,0.0,True,True,True,0.0,False,False,37.805
1229,61.45,4,distraction,distracted,0.965379,0.034214,0.000181,0.0,0.000225,0.965379,0.037163,0.952334,0.0,0.06418,0.055209,0.055087,0.0,0.0,0.0,True,True,True,0.0,False,False,37.807
1230,61.5,4,distraction,distracted,0.965732,0.033863,0.000181,0.0,0.000225,0.965732,0.036925,0.95232,0.0,0.064186,0.055191,0.055087,0.0,0.0,0.0,True,True,True,0.0,False,False,47.062
1231,61.55,4,distraction,distracted,0.964374,0.035218,0.000181,0.0,0.000226,0.964374,0.036463,0.952284,0.0,0.064183,0.055159,0.055072,0.0,0.0,0.0,True,True,True,0.0,False,False,37.939
1232,61.6,4,distraction,distracted,0.96273,0.036858,0.000183,0.0,0.000229,0.96273,0.036516,0.952536,0.0,0.064169,0.05516,0.055088,0.0,0.0,0.0,True,True,True,0.0,False,False,38.33
1233,61.65,4,distraction,distracted,0.950428,0.049114,0.000199,0.0,0.000259,0.950428,0.036217,0.952632,0.0,0.064156,0.055147,0.055072,0.0,0.0,0.0,True,True,True,0.0,False,False,37.804
1234,61.7,4,distraction,distracted,0.936601,0.062899,0.00021,0.0,0.00029,0.936601,0.036078,0.952676,0.0,0.064149,0.05514,0.055088,0.0,0.0,0.0,True,True,True,0.0,False,False,37.793
1235,61.75,4,distraction,distracted,0.890326,0.109047,0.000245,0.0,0.000383,0.890326,0.036076,0.952546,0.0,0.064147,0.055135,0.055088,0.0,0.0,0.0,True,True,True,0.0,False,False,46.466
1236,61.8,4,distraction,distracted,0.92134,0.078117,0.000213,0.0,0.000331,0.92134,0.036143,0.952655,0.0,0.064147,0.055103,0.055072,0.0,0.0,0.0,True,True,True,0.0,False,False,37.825
1237,61.85,4,distraction,distracted,0.935952,0.063544,0.000197,0.0,0.000308,0.935952,0.036126,0.95248,0.0,0.064144,0.055126,0.055088,0.0,0.0,0.0,True,True,True,0.0,False,False,37.754
1238,61.9,4,distraction,distracted,0.92033,0.079118,0.000204,0.0,0.000347,0.92033,0.035933,0.952757,0.0,0.064136,0.055122,0.055072,0.0,0.0,0.0,True,True,True,0.0,False,False,37.975
1239,61.95,4,distraction,distracted,0.911581,0.087847,0.000204,0.0,0.000367,0.911581,0.035941,0.952802,0.0,0.064129,0.055113,0.055089,0.0,0.0,0.0,True,True,True,0.0,False,False,38.104
1240,62.0,4,distraction,distracted,0.865304,0.134016,0.000228,0.0,0.000453,0.865304,0.036393,0.952602,0.0,0.06413,0.055103,0.055089,0.0,0.0,0.0,True,True,True,0.0,False,False,46.724
1241,62.05,4,distraction,distracted,0.817247,0.181964,0.000241,0.0,0.000548,0.817247,0.036148,0.952496,0.0,0.064121,0.055094,0.055073,0.0,0.0,0.0,True,True,True,0.0,False,False,38.492
1242,62.1,4,distraction,distracted,0.89189,0.107476,0.000204,0.0,0.00043,0.89189,0.037548,0.952204,0.0,0.064122,0.055085,0.055092,0.0,0.0,0.0,True,True,True,0.0,False,False,38.298
1243,62.15,4,distraction,distracted,0.9421,0.057408,0.000175,0.0,0.000316,0.9421,0.037015,0.952093,0.0,0.064125,0.055079,0.055076,0.0,0.0,0.0,True,True,True,0.0,False,False,38.617
1244,62.2,4,distraction,distracted,0.923238,0.076193,0.000193,0.0,0.000376,0.923238,0.036764,0.952744,0.0,0.064126,0.055071,0.055094,0.0,0.0,0.0,True,True,True,0.0,False,False,38.399
1245,62.25,4,distraction,distracted,0.908733,0.090654,0.000195,0.0,0.000418,0.908733,0.036435,0.952754,0.0,0.064122,0.055068,0.055095,0.0,0.0,0.0,True,True,True,0.0,False,False,47.472
1246,62.3,4,distraction,distracted,0.954264,0.045282,0.000161,0.0,0.000293,0.954264,0.035978,0.953148,0.0,0.064115,0.055065,0.055079,0.0,0.0,0.0,True,True,True,0.0,False,False,38.908
1247,62.35,4,distraction,distracted,0.964389,0.035203,0.000153,0.0,0.000254,0.964389,0.036174,0.952788,0.0,0.064112,0.055061,0.055094,0.0,0.0,0.0,True,True,True,0.0,False,False,37.974
1248,62.4,4,distraction,distracted,0.970043,0.029569,0.000149,0.0,0.000239,0.970043,0.03577,0.952787,0.0,0.064108,0.055059,0.055078,0.0,0.0,0.0,True,True,True,0.0,False,False,38.105
1249,62.45,4,distraction,distracted,0.969766,0.029841,0.00015,0.0,0.000244,0.969766,0.036371,0.952641,0.0,0.064104,0.055055,0.055091,0.0,0.0,0.0,True,True,True,0.0,False,False,37.76
1250,62.5,4,distraction,distracted,0.972244,0.027377,0.000145,0.0,0.000235,0.972244,0.035777,0.953153,0.0,0.064084,0.055051,0.05509,0.0,0.0,0.0,True,True,True,0.0,False,False,46.569
1251,62.55,4,distraction,distracted,0.970827,0.028788,0.000146,0.0,0.000239,0.970827,0.035628,0.953247,0.0,0.064079,0.055043,0.055073,0.0,0.0,0.0,True,True,True,0.0,False,False,39.33
1252,62.6,4,distraction,distracted,0.96365,0.035926,0.000155,0.0,0.000269,0.96365,0.035776,0.953088,0.0,0.064076,0.055038,0.055087,0.0,0.0,0.0,True,True,True,0.0,False,False,38.942
1253,62.65,4,distraction,distracted,0.966968,0.032629,0.000149,0.0,0.000253,0.966968,0.03593,0.952973,0.0,0.064074,0.055032,0.055071,0.0,0.0,0.0,True,True,True,0.0,False,False,39.453
1254,62.7,4,distraction,distracted,0.970051,0.029561,0.000147,0.0,0.000242,0.970051,0.035829,0.952803,0.0,0.064068,0.055027,0.055085,0.0,0.0,0.0,True,True,True,0.0,False,False,39.097
1255,62.75,4,distraction,distracted,0.97532,0.024315,0.000143,0.0,0.000222,0.97532,0.035833,0.95312,0.0,0.064062,0.055021,0.055085,0.0,0.0,0.0,True,True,True,0.0,False,False,46.351
1256,62.8,4,distraction,distracted,0.976829,0.022805,0.000144,0.0,0.000222,0.976829,0.036681,0.952728,0.0,0.064063,0.055019,0.055069,0.0,0.0,0.0,True,True,True,0.0,False,False,37.955
1257,62.85,4,distraction,distracted,0.982507,0.017158,0.000136,0.0,0.0002,0.982507,0.338047,0.898965,0.0,0.0655,0.055495,0.055323,0.0,0.0,0.0,True,True,True,0.0,False,False,37.383
1258,62.9,4,distraction,distracted,0.984198,0.015468,0.000139,0.0,0.000195,0.984198,0.222889,0.929784,0.0,0.066419,0.055795,0.05546,0.0,0.0,0.0,True,True,True,0.0,False,False,39.184
1259,62.95,4,distraction,distracted,0.978565,0.021038,0.000158,0.0,0.00024,0.978565,0.11251,0.947197,0.0,0.066804,0.055917,0.055537,0.0,0.0,0.0,True,True,True,0.0,False,False,37.72
1260,63.0,4,distraction,distracted,0.983146,0.016486,0.000147,0.0,0.000222,0.983146,0.060519,0.952949,0.0,0.066927,0.055954,0.055557,0.0,0.0,0.0,True,True,True,0.0,False,False,46.548
1261,63.05,4,distraction,distracted,0.981404,0.01822,0.000149,0.0,0.000227,0.981404,0.04385,0.954035,0.0,0.066964,0.055962,0.055547,0.0,0.0,0.0,True,True,True,0.039989,False,False,37.838
1262,63.1,4,distraction,distracted,0.966908,0.032627,0.00017,0.0,0.000295,0.966908,0.039066,0.954004,0.0,0.066977,0.055967,0.055562,0.0,0.0,0.0,True,True,True,0.0,False,False,38.051
1263,63.15,4,distraction,distracted,0.964603,0.034944,0.000161,0.0,0.000292,0.964603,0.037741,0.953926,0.0,0.066985,0.055969,0.055547,0.0,0.0,0.0,True,True,True,0.0,False,False,37.763
1264,63.2,4,distraction,distracted,0.965881,0.033693,0.000152,0.0,0.000274,0.965881,0.036946,0.953219,0.0,0.066989,0.05597,0.055559,0.0,0.0,0.0,True,True,True,0.0,False,False,37.874
1265,63.25,4,distraction,distracted,0.978637,0.021003,0.000139,0.0,0.00022,0.978637,0.037291,0.953337,0.0,0.066986,0.055968,0.055559,0.0,0.0,0.0,True,True,True,0.0,False,False,46.522
1266,63.3,4,distraction,distracted,0.980555,0.0191,0.000141,0.0,0.000203,0.980555,0.036182,0.952673,0.0,0.066978,0.055966,0.055543,0.0,0.0,0.0,True,True,True,0.0,False,False,37.867
1267,63.35,4,distraction,distracted,0.981062,0.018593,0.000146,0.0,0.000199,0.981062,0.036356,0.953287,0.0,0.066971,0.055966,0.055557,0.0,0.0,0.0,True,True,True,0.0,False,False,38.296
1268,63.4,4,distraction,distracted,0.981265,0.018395,0.000146,0.0,0.000194,0.981265,0.037323,0.952816,0.0,0.066968,0.055966,0.055541,0.0,0.0,0.0,True,True,True,0.0,False,False,38.09
1269,63.45,4,distraction,distracted,0.98157,0.018095,0.000145,0.0,0.00019,0.98157,0.036307,0.953228,0.0,0.066964,0.055965,0.055553,0.0,0.0,0.0,True,True,True,0.0,False,False,37.893
1270,63.5,4,distraction,distracted,0.980861,0.018786,0.000155,0.0,0.000198,0.980861,0.037299,0.953449,0.0,0.066969,0.055967,0.055552,0.0,0.0,0.0,True,True,True,0.0,False,False,46.609
1271,63.55,4,distraction,distracted,0.983071,0.016587,0.000153,0.0,0.00019,0.983071,0.037183,0.953395,0.0,0.066968,0.055968,0.055537,0.0,0.0,0.0,True,True,True,0.0,False,False,37.768
1272,63.6,4,distraction,distracted,0.979712,0.019924,0.000161,0.0,0.000203,0.979712,0.035965,0.953632,0.0,0.066967,0.055968,0.055551,0.0,0.0,0.0,True,True,True,0.0,False,False,37.913
1273,63.65,4,distraction,distracted,0.982652,0.017009,0.000149,0.0,0.00019,0.982652,0.035955,0.953637,0.0,0.066965,0.055968,0.055534,0.0,0.0,0.0,True,True,True,0.0,False,False,37.768
1274,63.7,4,distraction,distracted,0.985721,0.013957,0.000141,0.0,0.000181,0.985721,0.052362,0.948547,0.0,0.067042,0.055995,0.055419,0.0,0.0,0.0,True,True,True,0.0,False,False,37.818
1275,63.75,4,distraction,distracted,0.987439,0.012246,0.000139,0.0,0.000176,0.987439,0.063923,0.947731,0.0,0.067178,0.056039,0.055421,0.0,0.0,0.0,True,True,True,0.0,False,False,46.548
1276,63.8,4,distraction,distracted,0.987272,0.012406,0.000143,0.0,0.000179,0.987272,0.050364,0.951444,0.0,0.067251,0.056061,0.055416,0.0,0.0,0.0,True,True,True,0.0,False,False,38.017
1277,63.85,4,distraction,distracted,0.987602,0.012078,0.000142,0.0,0.000178,0.987602,0.045068,0.951416,0.0,0.067295,0.056074,0.055308,0.0,0.0,0.0,True,True,True,0.0,False,False,37.976
1278,63.9,4,distraction,distracted,0.98851,0.011172,0.000141,0.0,0.000177,0.98851,0.042081,0.952204,0.0,0.067327,0.056083,0.055296,0.0,0.0,0.0,True,True,True,0.0,False,False,38.687
1279,63.95,4,distraction,distracted,0.987774,0.011896,0.000149,0.0,0.000182,0.987774,0.041409,0.952564,0.0,0.067353,0.05609,0.054817,0.0,0.0,0.0,True,True,True,0.0,False,False,38.037
1280,64.0,4,distraction,distracted,0.987066,0.012592,0.000156,0.0,0.000187,0.987066,0.038644,0.953173,0.0,0.067363,0.056091,0.054756,0.0,0.0,0.0,True,True,True,0.0,False,False,47.196
1281,64.05,4,distraction,distracted,0.98667,0.012989,0.000155,0.0,0.000186,0.98667,0.038153,0.952668,0.0,0.067371,0.056091,0.054742,0.0,0.0,0.0,True,True,True,0.0,False,False,39.107
1282,64.1,4,distraction,distracted,0.98582,0.013836,0.000156,0.0,0.000188,0.98582,0.037488,0.953104,0.0,0.067221,0.05606,0.054726,0.0,0.0,0.0,True,True,True,0.0,False,False,38.162
1283,64.15,4,distraction,distracted,0.985699,0.013955,0.000156,0.0,0.000189,0.985699,0.040016,0.952098,0.0,0.067398,0.056094,0.054738,0.0,0.0,0.0,True,True,True,0.0,False,False,38.226
1284,64.2,4,distraction,distracted,0.983439,0.016195,0.000164,0.0,0.000202,0.983439,0.041247,0.951624,0.0,0.067422,0.056097,0.054742,0.0,0.0,0.0,True,True,True,0.0,False,False,38.542
1285,64.25,4,distraction,distracted,0.982592,0.017034,0.000165,0.0,0.000209,0.982592,0.039503,0.952012,0.0,0.067436,0.056099,0.054744,0.0,0.0,0.0,True,True,True,0.0,False,False,47.189
1286,64.3,4,distraction,distracted,0.981115,0.018505,0.000169,0.0,0.000211,0.981115,0.03744,0.953011,0.0,0.067442,0.056098,0.05473,0.0,0.0,0.0,True,True,True,0.0,False,False,38.285
1287,64.35,4,distraction,distracted,0.979595,0.020021,0.000174,0.0,0.00021,0.979595,0.037556,0.952584,0.0,0.067292,0.056067,0.054729,0.0,0.0,0.0,True,True,True,0.0,False,False,38.149
1288,64.4,4,distraction,distracted,0.973887,0.025689,0.000193,0.0,0.000231,0.973887,0.036703,0.953308,0.0,0.067446,0.056099,0.054739,0.0,0.0,0.0,True,True,True,0.0,False,False,38.145
1289,64.45,4,distraction,distracted,0.966856,0.032683,0.000212,0.0,0.00025,0.966856,0.035846,0.953239,0.0,0.067442,0.056097,0.054735,0.0,0.0,0.0,True,True,True,0.0,False,False,37.643
1290,64.5,4,distraction,distracted,0.96314,0.036382,0.000219,0.0,0.000258,0.96314,0.036503,0.953093,0.0,0.067431,0.056097,0.054731,0.0,0.0,0.0,True,True,True,0.0,False,False,46.941
1291,64.55,4,distraction,distracted,0.969521,0.030036,0.000207,0.0,0.000236,0.969521,0.036999,0.953095,0.0,0.066713,0.056094,0.054716,0.0,0.0,0.0,True,True,True,0.0,False,False,37.999
1292,64.6,4,distraction,distracted,0.972955,0.026619,0.000202,0.0,0.000224,0.972955,0.036736,0.952989,0.0,0.066564,0.056062,0.054712,0.0,0.0,0.0,True,True,True,0.0,False,False,38.042
1293,64.65,4,distraction,distracted,0.979554,0.02005,0.000187,0.0,0.000208,0.979554,0.037566,0.952265,0.0,0.066237,0.056082,0.054718,0.0,0.0,0.0,True,True,True,0.241119,False,False,37.82
1294,64.7,4,distraction,distracted,0.982414,0.017206,0.000179,0.0,0.000202,0.982414,0.037406,0.952706,0.0,0.0662,0.056078,0.054501,0.0,0.0,0.0,True,True,True,0.202896,False,False,37.809
1295,64.75,4,distraction,distracted,0.981253,0.018367,0.000176,0.0,0.000204,0.981253,0.037319,0.952534,0.0,0.06619,0.056078,0.054356,0.0,0.0,0.0,True,True,True,0.241119,False,False,46.584
1296,64.8,4,distraction,distracted,0.974815,0.024772,0.000185,0.0,0.000229,0.974815,0.036789,0.952304,0.0,0.06619,0.056078,0.054341,0.0,0.0,0.0,True,True,True,0.283806,False,False,37.867
1297,64.85,4,distraction,distracted,0.979933,0.019694,0.000167,0.0,0.000206,0.979933,0.037749,0.951907,0.0,0.066048,0.056047,0.054285,0.0,0.0,0.0,True,True,True,0.283806,False,False,37.832
1298,64.9,4,distraction,distracted,0.9818,0.017839,0.000162,0.0,0.000199,0.9818,0.037771,0.952402,0.0,0.065304,0.056082,0.054278,0.0,0.0,0.0,True,True,True,0.0,False,False,38.069
1299,64.95,4,distraction,distracted,0.979772,0.019858,0.000167,0.0,0.000204,0.979772,0.037575,0.952864,0.0,0.063288,0.056082,0.054277,0.0,0.0,0.0,True,True,True,0.0,False,False,38.041
1300,65.0,4,distraction,distracted,0.983528,0.016124,0.000159,0.0,0.00019,0.983528,0.037351,0.95256,0.0,0.061205,0.056082,0.054276,0.0,0.0,0.0,True,True,True,0.0,False,False,47.043
1301,65.05,4,distraction,distracted,0.981256,0.01838,0.000167,0.0,0.000196,0.981256,0.037077,0.952334,0.0,0.059232,0.05608,0.054262,0.0,0.0,0.0,True,True,True,0.0,False,False,38.238
1302,65.1,4,distraction,distracted,0.982531,0.017117,0.000163,0.0,0.000188,0.982531,0.036193,0.952843,0.0,0.059117,0.056047,0.05426,0.0,0.0,0.0,True,True,True,0.0,False,False,38.312
1303,65.15,4,distraction,distracted,0.983335,0.016321,0.000161,0.0,0.000183,0.983335,0.036742,0.952869,0.0,0.057293,0.056076,0.054272,0.0,0.0,0.0,True,True,True,0.0,False,False,37.61
1304,65.2,4,distraction,distracted,0.98238,0.017272,0.000165,0.0,0.000184,0.98238,0.037013,0.952423,0.0,0.056452,0.056075,0.054272,0.0,0.0,0.0,True,True,True,0.0,False,False,37.935
1305,65.25,4,distraction,distracted,0.983674,0.015986,0.000161,0.0,0.000179,0.983674,0.039309,0.951738,0.0,0.05469,0.056074,0.054274,0.0,0.0,0.0,True,True,True,0.0,False,False,46.836
1306,65.3,4,distraction,distracted,0.984451,0.015217,0.000156,0.0,0.000175,0.984451,0.038724,0.951836,0.0,0.053638,0.056071,0.054261,0.0,0.0,0.0,True,True,True,0.0,False,False,38.016
1307,65.35,4,distraction,distracted,0.981591,0.018066,0.00016,0.0,0.000183,0.981591,0.037293,0.952642,0.0,0.053557,0.05604,0.054261,0.0,0.0,0.0,True,True,True,0.0,False,False,37.775
1308,65.4,4,distraction,distracted,0.980235,0.019421,0.000159,0.0,0.000184,0.980235,0.037225,0.95282,0.0,0.053145,0.056065,0.054275,0.0,0.0,0.0,True,True,True,0.0,False,False,37.849
1309,65.45,4,distraction,distracted,0.980771,0.018889,0.000157,0.0,0.000182,0.980771,0.037837,0.952875,0.0,0.053129,0.056064,0.054275,0.0,0.0,0.0,True,True,True,0.0,False,False,37.859
1310,65.5,4,distraction,distracted,0.981955,0.017712,0.000154,0.0,0.000178,0.981955,0.039178,0.952055,0.0,0.053132,0.056067,0.054275,0.0,0.0,0.0,True,True,True,0.0,False,False,46.624
1311,65.55,4,distraction,distracted,0.979511,0.020144,0.000159,0.0,0.000186,0.979511,0.040235,0.95166,0.0,0.053148,0.05607,0.054263,0.0,0.0,0.0,True,True,True,0.0,False,False,37.639
1312,65.6,4,distraction,distracted,0.980274,0.019391,0.000155,0.0,0.00018,0.980274,0.038884,0.951907,0.0,0.053077,0.056042,0.054264,0.0,0.0,0.0,True,True,True,0.0,False,False,37.783
1313,65.65,4,distraction,distracted,0.981613,0.018058,0.000153,0.0,0.000176,0.981613,0.040624,0.951286,0.0,0.053175,0.05608,0.054283,0.0,0.0,0.0,True,True,True,0.0,False,False,38.437
1314,65.7,4,distraction,distracted,0.981599,0.018072,0.000153,0.0,0.000176,0.981599,0.040873,0.951127,0.0,0.053198,0.056087,0.054287,0.0,0.0,0.0,True,True,True,0.0,False,False,38.482
1315,65.75,4,distraction,distracted,0.982583,0.017093,0.000151,0.0,0.000173,0.982583,0.039205,0.951618,0.0,0.053212,0.056092,0.05429,0.0,0.0,0.0,True,True,True,0.0,False,False,46.949
1316,65.8,4,distraction,distracted,0.981121,0.018545,0.000156,0.0,0.000179,0.981121,0.038124,0.95217,0.0,0.053213,0.056095,0.054276,0.0,0.0,0.0,True,True,True,0.0,False,False,38.269
1317,65.85,4,distraction,distracted,0.980644,0.01902,0.000156,0.0,0.00018,0.980644,0.037609,0.952439,0.0,0.053135,0.056064,0.054278,0.0,0.0,0.0,True,True,True,0.0,False,False,38.543
1318,65.9,4,distraction,distracted,0.982919,0.016754,0.000152,0.0,0.000175,0.982919,0.03963,0.952015,0.0,0.053221,0.056103,0.054293,0.0,0.0,0.0,True,True,True,0.0,False,False,38.672
1319,65.95,4,distraction,distracted,0.981044,0.018618,0.000157,0.0,0.000181,0.981044,0.039954,0.952003,0.0,0.053233,0.056109,0.054294,0.0,0.0,0.0,True,True,True,0.0,False,False,38.812
1320,66.0,4,distraction,distracted,0.980616,0.019046,0.000156,0.0,0.000182,0.980616,0.039195,0.952075,0.0,0.053243,0.056115,0.054296,0.0,0.0,0.0,True,True,True,0.0,False,False,46.85
1321,66.05,4,distraction,distracted,0.981951,0.017715,0.000154,0.0,0.00018,0.981951,0.041108,0.951295,0.0,0.053265,0.056123,0.054285,0.0,0.0,0.0,True,True,True,0.0,False,False,37.865
1322,66.1,4,distraction,distracted,0.972,0.027619,0.000172,0.0,0.000209,0.972,0.039534,0.951815,0.0,0.053197,0.056096,0.054286,0.0,0.0,0.0,True,True,True,0.0,False,False,38.251
1323,66.15,4,distraction,distracted,0.973993,0.025645,0.000161,0.0,0.000201,0.973993,0.042641,0.951217,0.0,0.053317,0.056142,0.054306,0.0,0.0,0.0,True,True,True,0.0,False,False,38.286
1324,66.2,4,distraction,distracted,0.972169,0.027465,0.000163,0.0,0.000203,0.972169,0.039626,0.951959,0.0,0.053334,0.056148,0.054309,0.0,0.0,0.0,True,True,True,0.0,False,False,38.109
1325,66.25,4,distraction,distracted,0.966036,0.03358,0.000168,0.0,0.000215,0.966036,0.039181,0.952008,0.0,0.053346,0.056155,0.05431,0.0,0.0,0.0,True,True,True,0.0,False,False,46.582
1326,66.3,4,distraction,distracted,0.971174,0.028463,0.000161,0.0,0.000203,0.971174,0.039883,0.951725,0.0,0.053362,0.056162,0.054298,0.0,0.0,0.0,True,True,True,0.0,False,False,37.781
1327,66.35,4,distraction,distracted,0.972359,0.027281,0.00016,0.0,0.000201,0.972359,0.039884,0.951827,0.0,0.053294,0.056135,0.0543,0.0,0.0,0.0,True,True,True,0.0,False,False,37.756
1328,66.4,4,distraction,distracted,0.968445,0.031179,0.000165,0.0,0.000212,0.968445,0.042164,0.951306,0.0,0.053399,0.05618,0.054319,0.0,0.0,0.0,True,True,True,0.106651,False,False,37.994
1329,66.45,4,distraction,distracted,0.965215,0.0344,0.000167,0.0,0.000218,0.965215,0.04471,0.950088,0.0,0.053439,0.056196,0.054326,0.0,0.0,0.0,True,True,True,0.057785,False,False,37.752
1330,66.5,4,distraction,distracted,0.963785,0.035824,0.000166,0.0,0.000226,0.963785,0.043334,0.950576,0.0,0.053474,0.056208,0.054332,0.0,0.0,0.0,True,True,True,0.0,False,False,46.557
1331,66.55,4,distraction,distracted,0.954256,0.045322,0.000169,0.0,0.000253,0.954256,0.042381,0.950725,0.0,0.053504,0.056218,0.054322,0.0,0.0,0.0,True,True,True,0.0,False,False,37.71
1332,66.6,4,distraction,distracted,0.957323,0.042262,0.000161,0.0,0.000253,0.957323,0.039034,0.952274,0.0,0.053432,0.056189,0.054323,0.0,0.0,0.0,True,True,True,0.0,False,False,37.886
1333,66.65,4,distraction,distracted,0.970617,0.029015,0.000146,0.0,0.000222,0.970617,0.043069,0.949288,0.0,0.053544,0.05623,0.054341,0.0,0.0,0.0,True,True,True,0.0,False,False,38.071
1334,66.7,4,distraction,distracted,0.969912,0.029708,0.000149,0.0,0.000231,0.969912,0.040603,0.949931,0.0,0.053567,0.056236,0.054343,0.0,0.0,0.0,True,True,True,0.0,False,False,37.903
1335,66.75,4,distraction,distracted,0.971823,0.027804,0.000143,0.0,0.00023,0.971823,0.043665,0.948997,0.0,0.053606,0.056248,0.054349,0.0,0.0,0.0,True,True,True,0.0,False,False,46.686
1336,66.8,4,distraction,distracted,0.970804,0.028818,0.000144,0.0,0.000234,0.970804,0.04141,0.950467,0.0,0.053628,0.056255,0.054338,0.0,0.0,0.0,True,True,True,0.0,False,False,37.805
1337,66.85,4,distraction,distracted,0.971526,0.028104,0.000139,0.0,0.00023,0.971526,0.042848,0.949416,0.0,0.053574,0.056233,0.054342,0.0,0.0,0.0,True,True,True,0.0,False,False,37.785
1338,66.9,4,distraction,distracted,0.974036,0.025605,0.000136,0.0,0.000223,0.974036,0.045118,0.948418,0.0,0.05369,0.056279,0.054363,0.0,0.0,0.0,True,True,True,0.231335,False,False,38.257
1339,66.95,4,distraction,distracted,0.971217,0.0284,0.000141,0.0,0.000241,0.971217,0.044216,0.948934,0.0,0.053725,0.056292,0.05437,0.0,0.0,0.0,True,True,True,0.231049,False,False,37.874
1340,67.0,4,distraction,distracted,0.961745,0.037814,0.000153,0.0,0.000289,0.961745,0.043805,0.948213,0.0,0.053762,0.056304,0.054375,0.0,0.0,0.0,True,True,True,0.141556,False,False,47.159
1341,67.05,4,distraction,distracted,0.963965,0.035608,0.000145,0.0,0.000282,0.963965,0.041623,0.949334,0.0,0.053788,0.056312,0.054365,0.0,0.0,0.0,True,True,True,0.0,False,False,38.403
1342,67.1,4,distraction,distracted,0.960917,0.038638,0.000149,0.0,0.000296,0.960917,0.047575,0.947745,0.0,0.053757,0.056297,0.054374,0.0,0.0,0.0,True,True,True,0.141556,False,False,38.192
1343,67.15,4,distraction,distracted,0.969778,0.029823,0.000139,0.0,0.000261,0.969778,0.046684,0.947447,0.0,0.053899,0.056342,0.054395,0.0,0.0,0.0,True,True,True,0.129768,False,False,37.812
1344,67.2,4,distraction,distracted,0.980202,0.019457,0.000128,0.0,0.000213,0.980202,0.046439,0.946911,0.0,0.053952,0.056357,0.054401,0.0,0.0,0.0,True,True,True,0.129768,False,False,37.93
1345,67.25,4,distraction,distracted,0.968413,0.031159,0.00015,0.0,0.000278,0.968413,0.047544,0.947707,0.0,0.054009,0.056372,0.054407,0.0,0.0,0.0,True,True,True,0.152657,False,False,46.693
1346,67.3,4,distraction,distracted,0.972321,0.027266,0.000143,0.0,0.00027,0.972321,0.053325,0.946233,0.0,0.05409,0.056397,0.054406,0.0,0.0,0.0,True,True,True,0.0,False,False,38.11
1347,67.35,4,distraction,distracted,0.957612,0.04187,0.000164,0.0,0.000354,0.957612,0.057156,0.945548,0.0,0.054105,0.056398,0.054421,0.0,0.0,0.0,True,True,True,0.0,False,False,37.883
1348,67.4,4,distraction,distracted,0.961613,0.037871,0.000158,0.0,0.000358,0.961613,0.086325,0.940072,0.0,0.054436,0.056505,0.054477,0.0,0.0,0.0,True,True,True,0.0,False,False,38.037
1349,67.45,4,distraction,distracted,0.957564,0.041882,0.000167,0.0,0.000388,0.957564,0.071208,0.945548,0.0,0.054609,0.05656,0.054506,0.0,0.0,0.0,True,True,True,0.0,False,False,37.792
1350,67.5,4,distraction,distracted,0.960151,0.039307,0.000163,0.0,0.000379,0.960151,0.059417,0.947411,0.0,0.05472,0.056596,0.054525,0.0,0.0,0.0,True,True,True,0.0,False,False,46.753
1351,67.55,4,distraction,distracted,0.95047,0.048923,0.000173,0.0,0.000434,0.95047,0.051233,0.94933,0.0,0.054783,0.056617,0.054522,0.0,0.0,0.0,True,True,True,0.0,False,False,38.034
1352,67.6,4,distraction,distracted,0.935391,0.063925,0.000178,0.0,0.000505,0.935391,0.052539,0.946718,0.0,0.054772,0.056611,0.054536,0.0,0.0,0.0,True,True,True,0.0,False,False,38.091
1353,67.65,4,distraction,distracted,0.950859,0.04856,0.000157,0.0,0.000424,0.950859,0.049265,0.947005,0.0,0.054898,0.056658,0.054562,0.0,0.0,0.0,True,True,True,0.0,False,False,37.833
1354,67.7,4,distraction,distracted,0.93061,0.06872,0.000171,0.0,0.000499,0.93061,0.05315,0.945179,0.0,0.054967,0.056683,0.054576,0.0,0.0,0.0,True,True,True,0.0,False,False,38.018
1355,67.75,4,distraction,distracted,0.942878,0.056537,0.000155,0.0,0.00043,0.942878,0.051906,0.945022,0.0,0.055038,0.056707,0.05459,0.0,0.0,0.0,True,True,True,0.0,False,False,46.73
1356,67.8,4,distraction,distracted,0.950329,0.049126,0.000149,0.0,0.000396,0.950329,0.063927,0.941418,0.0,0.05515,0.056751,0.054597,0.0,0.0,0.0,True,True,True,0.0,False,False,38.106
1357,67.85,4,distraction,distracted,0.968924,0.030651,0.000131,0.0,0.000294,0.968924,0.075023,0.938663,0.0,0.055248,0.056781,0.054629,0.0,0.0,0.0,True,True,True,0.0,False,False,37.789
1358,67.9,4,distraction,distracted,0.973101,0.026509,0.000128,0.0,0.000262,0.973101,0.071988,0.939749,0.0,0.055485,0.056813,0.054673,0.0,0.0,0.0,True,True,True,0.274651,False,False,38.003
1359,67.95,4,distraction,distracted,0.975223,0.024407,0.000126,0.0,0.000244,0.975223,0.067298,0.940995,0.0,0.05563,0.056832,0.054697,0.0,0.0,0.0,True,True,True,0.274651,False,False,38.012
1360,68.0,4,distraction,distracted,0.975791,0.023844,0.000126,0.0,0.000238,0.975791,0.057403,0.94406,0.0,0.055721,0.05685,0.054714,0.0,0.0,0.0,True,True,True,0.165245,False,False,47.14
1361,68.05,4,distraction,distracted,0.959913,0.0396,0.00015,0.0,0.000337,0.959913,0.055714,0.944443,0.0,0.055803,0.056873,0.054715,0.0,0.0,0.0,True,True,True,0.0,False,False,38.546
1362,68.1,4,distraction,distracted,0.960148,0.03935,0.000146,0.0,0.000355,0.960148,0.059343,0.942649,0.0,0.055821,0.056878,0.054733,0.0,0.0,0.0,True,True,True,0.0,False,False,38.362
1363,68.15,4,distraction,distracted,0.949026,0.05041,0.000155,0.0,0.000409,0.949026,0.057655,0.944965,0.0,0.056008,0.056002,0.054764,0.0,0.0,0.0,True,True,True,0.219261,False,False,38.726
1364,68.2,4,distraction,distracted,0.951941,0.04754,0.000148,0.0,0.000371,0.951941,0.051876,0.947848,0.0,0.056076,0.055843,0.054776,0.0,0.0,0.0,True,True,True,0.219261,False,False,38.499
1365,68.25,4,distraction,distracted,0.963183,0.036365,0.000137,0.0,0.000315,0.963183,0.063583,0.945345,0.0,0.056204,0.055837,0.054798,0.0,0.0,0.0,True,True,True,0.0,False,False,47.587
1366,68.3,4,distraction,distracted,0.968572,0.031015,0.000132,0.0,0.000281,0.968572,0.059037,0.94612,0.0,0.056306,0.055857,0.054801,0.0,0.0,0.0,True,True,True,0.0,False,False,38.726
1367,68.35,4,distraction,distracted,0.975685,0.023945,0.000129,0.0,0.000241,0.975685,0.052625,0.948355,0.0,0.056287,0.055852,0.054813,0.0,0.0,0.0,True,True,True,0.0,False,False,38.115
1368,68.4,4,distraction,distracted,0.981882,0.017786,0.000126,0.0,0.000207,0.981882,0.048694,0.950092,0.0,0.056439,0.055895,0.054834,0.0,0.0,0.0,True,True,True,0.0,False,False,37.823
1369,68.45,4,distraction,distracted,0.980882,0.018775,0.000131,0.0,0.000212,0.980882,0.043895,0.951086,0.0,0.056468,0.055906,0.054839,0.0,0.0,0.0,True,True,True,0.0,False,False,38.226
1370,68.5,4,distraction,distracted,0.981984,0.017684,0.000128,0.0,0.000204,0.981984,0.045099,0.950497,0.0,0.056506,0.055917,0.054846,0.0,0.0,0.0,True,True,True,0.0,False,False,46.792
1371,68.55,4,distraction,distracted,0.978164,0.021484,0.000133,0.0,0.000219,0.978164,0.04323,0.951419,0.0,0.05654,0.055923,0.054836,0.0,0.0,0.0,True,True,True,0.0,False,False,37.94
1372,68.6,4,distraction,distracted,0.982119,0.017559,0.000125,0.0,0.000196,0.982119,0.043168,0.950489,0.0,0.056473,0.055902,0.05484,0.0,0.0,0.0,True,True,True,0.0,False,False,37.803
1373,68.65,4,distraction,distracted,0.981863,0.017811,0.000127,0.0,0.000198,0.981863,0.047886,0.950139,0.0,0.056629,0.055941,0.054863,0.0,0.0,0.0,True,True,True,0.0,False,False,38.26
1374,68.7,4,distraction,distracted,0.984566,0.015129,0.000123,0.0,0.000183,0.984566,0.042285,0.951536,0.0,0.056624,0.055943,0.054868,0.0,0.0,0.0,True,True,True,0.0,False,False,38.169
1375,68.75,4,distraction,distracted,0.986085,0.013616,0.000123,0.0,0.000176,0.986085,0.039999,0.951402,0.0,0.055459,0.055941,0.054872,0.0,0.0,0.0,True,True,True,0.0,False,False,46.808
1376,68.8,4,distraction,distracted,0.98721,0.012493,0.000124,0.0,0.000173,0.98721,0.04105,0.951391,0.0,0.055033,0.055943,0.05486,0.0,0.0,0.0,True,True,True,0.0,False,False,37.97
1377,68.85,4,distraction,distracted,0.986196,0.013502,0.000125,0.0,0.000177,0.986196,0.040411,0.952273,0.0,0.05496,0.055918,0.054864,0.0,0.0,0.0,True,True,True,0.0,False,False,37.579
1378,68.9,4,distraction,distracted,0.987218,0.01249,0.000121,0.0,0.00017,0.987218,0.044818,0.950273,0.0,0.054859,0.055628,0.054887,0.0,0.0,0.0,True,True,True,0.0,False,False,37.997
1379,68.95,4,distraction,distracted,0.987296,0.01241,0.000123,0.0,0.000171,0.987296,0.044604,0.950501,0.0,0.054841,0.055427,0.054893,0.0,0.0,0.0,True,True,True,0.0,False,False,37.965
1380,69.0,4,distraction,distracted,0.988109,0.011598,0.000124,0.0,0.000169,0.988109,0.039642,0.951863,0.0,0.053073,0.055338,0.054895,0.0,0.0,0.0,True,True,True,0.0,False,False,46.855
1381,69.05,4,distraction,distracted,0.987129,0.012576,0.000124,0.0,0.000171,0.987129,0.03957,0.951664,0.0,0.051497,0.055314,0.054882,0.0,0.0,0.0,True,True,True,0.0,False,False,38.325
1382,69.1,4,distraction,distracted,0.978004,0.021638,0.000141,0.0,0.000218,0.978004,0.037275,0.952518,0.0,0.051426,0.055284,0.054883,0.0,0.0,0.0,True,True,True,0.0,False,False,38.305
1383,69.15,4,distraction,distracted,0.982036,0.017648,0.000125,0.0,0.000192,0.982036,0.037015,0.952312,0.0,0.050571,0.055302,0.054899,0.0,0.0,0.0,True,True,True,0.0,False,False,38.239
1384,69.2,4,distraction,distracted,0.978343,0.021325,0.000131,0.0,0.000201,0.978343,0.038119,0.952436,0.0,0.050536,0.055303,0.054899,0.0,0.0,0.0,True,True,True,0.0,False,False,38.398
1385,69.25,4,distraction,distracted,0.982443,0.017255,0.000123,0.0,0.000179,0.982443,0.038222,0.951813,0.0,0.050531,0.055304,0.054899,0.0,0.0,0.0,True,True,True,0.0,False,False,47.141
1386,69.3,4,distraction,distracted,0.983512,0.016194,0.000123,0.0,0.00017,0.983512,0.039991,0.952396,0.0,0.049103,0.055304,0.054886,0.0,0.0,0.0,True,True,True,0.19397,False,False,38.547
1387,69.35,4,distraction,distracted,0.985635,0.014074,0.000125,0.0,0.000166,0.985635,0.039828,0.952124,0.0,0.049057,0.055278,0.054887,0.0,0.0,0.0,True,True,True,0.038788,False,False,38.271
1388,69.4,4,distraction,distracted,0.987076,0.012635,0.000126,0.0,0.000163,0.987076,0.038441,0.952238,0.0,0.045351,0.055305,0.054902,0.0,0.0,0.0,True,True,True,0.024597,False,False,39.521
1389,69.45,4,distraction,distracted,0.98728,0.01243,0.000127,0.0,0.000164,0.98728,0.03875,0.95251,0.0,0.04446,0.055308,0.0549,0.0,0.0,0.0,True,True,True,0.0,False,False,37.777
1390,69.5,4,distraction,distracted,0.986337,0.013365,0.000129,0.0,0.000169,0.986337,0.037737,0.952393,0.0,0.044234,0.055309,0.054899,0.0,0.0,0.0,True,True,True,0.024597,False,False,46.684
1391,69.55,4,distraction,distracted,0.986645,0.013057,0.000129,0.0,0.00017,0.986645,0.039239,0.951791,0.0,0.044197,0.055312,0.054886,0.0,0.0,0.0,True,True,True,0.0,False,False,37.76
1392,69.6,4,distraction,distracted,0.981915,0.017752,0.000138,0.0,0.000195,0.981915,0.038589,0.95174,0.0,0.044169,0.055284,0.054887,0.0,0.0,0.0,True,True,True,0.0,False,False,38.154
1393,69.65,4,distraction,distracted,0.979544,0.020115,0.000138,0.0,0.000203,0.979544,0.038281,0.952216,0.0,0.044186,0.055314,0.054896,0.0,0.0,0.0,True,True,True,0.0,False,False,37.717
1394,69.7,4,distraction,distracted,0.983389,0.016294,0.000132,0.0,0.000185,0.983389,0.037803,0.95243,0.0,0.04419,0.055312,0.054893,0.0,0.0,0.0,True,True,True,0.0,False,False,37.927
1395,69.75,4,distraction,distracted,0.984958,0.014732,0.000132,0.0,0.000178,0.984958,0.037429,0.952161,0.0,0.044195,0.055313,0.054891,0.0,0.0,0.0,True,True,True,0.0,False,False,46.551
1396,69.8,4,distraction,distracted,0.985185,0.014504,0.000134,0.0,0.000177,0.985185,0.038597,0.951238,0.0,0.044209,0.055315,0.054877,0.0,0.0,0.0,True,True,True,0.0,False,False,37.553
1397,69.85,4,distraction,distracted,0.985681,0.014012,0.000134,0.0,0.000174,0.985681,0.037509,0.951754,0.0,0.044175,0.055285,0.054876,0.0,0.0,0.0,True,True,True,0.0,False,False,37.83
1398,69.9,4,distraction,distracted,0.984992,0.014696,0.000136,0.0,0.000176,0.984992,0.037744,0.952254,0.0,0.044216,0.05532,0.05489,0.0,0.0,0.0,True,True,True,0.0,False,False,37.711
1399,69.95,4,distraction,distracted,0.985408,0.014281,0.000136,0.0,0.000174,0.985408,0.03733,0.952502,0.0,0.044212,0.055322,0.05489,0.0,0.0,0.0,True,True,True,0.0,False,False,37.774
1400,70.0,4,distraction,distracted,0.985905,0.013785,0.000137,0.0,0.000173,0.985905,0.036687,0.9522,0.0,0.044207,0.055324,0.054888,0.0,0.0,0.0,True,True,True,0.0,False,False,46.734
1401,70.05,4,distraction,distracted,0.985846,0.013839,0.00014,0.0,0.000175,0.985846,0.036818,0.951924,0.0,0.044201,0.055324,0.054873,0.0,0.0,0.0,True,True,True,0.0,False,False,38.074
1402,70.1,4,distraction,distracted,0.987368,0.012325,0.000138,0.0,0.000169,0.987368,0.037472,0.951867,0.0,0.044168,0.055294,0.054872,0.0,0.0,0.0,True,True,True,0.0,False,False,37.934
1403,70.15,4,distraction,distracted,0.988136,0.011559,0.000138,0.0,0.000167,0.988136,0.037481,0.951615,0.0,0.044195,0.055322,0.054885,0.0,0.0,0.0,True,True,True,0.0,False,False,37.552
1404,70.2,4,distraction,distracted,0.988598,0.011101,0.000137,0.0,0.000165,0.988598,0.04126,0.95053,0.0,0.044217,0.055329,0.054875,0.0,0.0,0.0,True,True,True,0.0,False,False,37.762
1405,70.25,4,distraction,distracted,0.988204,0.011487,0.00014,0.0,0.000168,0.988204,0.042472,0.950474,0.0,0.044244,0.055338,0.054873,0.0,0.0,0.0,True,True,True,0.0,False,False,46.45
1406,70.3,4,distraction,distracted,0.988942,0.010756,0.000137,0.0,0.000165,0.988942,0.040243,0.951269,0.0,0.044254,0.055342,0.054861,0.0,0.0,0.0,True,True,True,0.0,False,False,37.743
1407,70.35,4,distraction,distracted,0.988798,0.010896,0.000139,0.0,0.000167,0.988798,0.039296,0.95193,0.0,0.044229,0.055315,0.054858,0.0,0.0,0.0,True,True,True,0.0,False,False,37.83
1408,70.4,4,distraction,distracted,0.987979,0.01171,0.00014,0.0,0.000172,0.987979,0.038208,0.952664,0.0,0.044248,0.055349,0.054867,0.0,0.0,0.0,True,True,True,0.0,False,False,38.047
1409,70.45,4,distraction,distracted,0.988453,0.011241,0.000136,0.0,0.000169,0.988453,0.037243,0.952862,0.0,0.044237,0.05535,0.054865,0.0,0.0,0.0,True,True,True,0.0,False,False,37.658
1410,70.5,4,distraction,distracted,0.987511,0.012173,0.000141,0.0,0.000175,0.987511,0.039177,0.951804,0.0,0.044244,0.055353,0.054863,0.0,0.0,0.0,True,True,True,0.0,False,False,46.312
1411,70.55,4,distraction,distracted,0.988212,0.011476,0.00014,0.0,0.000173,0.988212,0.040858,0.951696,0.0,0.044266,0.055359,0.054851,0.0,0.0,0.0,True,True,True,0.0,False,False,37.822
1412,70.6,4,distraction,distracted,0.988749,0.010943,0.000138,0.0,0.00017,0.988749,0.038638,0.95227,0.0,0.044238,0.055331,0.054849,0.0,0.0,0.0,True,True,True,0.0,False,False,37.823
1413,70.65,4,distraction,distracted,0.988855,0.010838,0.000138,0.0,0.000169,0.988855,0.03783,0.9524,0.0,0.044283,0.055365,0.05486,0.0,0.0,0.0,True,True,True,0.0,False,False,37.77
1414,70.7,4,distraction,distracted,0.98916,0.010535,0.000137,0.0,0.000168,0.98916,0.039842,0.951656,0.0,0.0443,0.05537,0.05486,0.0,0.0,0.0,True,True,True,0.0,False,False,38.098
1415,70.75,4,distraction,distracted,0.989059,0.010629,0.00014,0.0,0.000172,0.989059,0.041149,0.951151,0.0,0.04432,0.055375,0.05486,0.0,0.0,0.0,True,True,True,0.0,False,False,46.427
1416,70.8,4,distraction,distracted,0.988109,0.011569,0.000143,0.0,0.000179,0.988109,0.039942,0.951648,0.0,0.04433,0.055377,0.054848,0.0,0.0,0.0,True,True,True,0.0,False,False,37.919
1417,70.85,4,distraction,distracted,0.986817,0.012848,0.000148,0.0,0.000187,0.986817,0.03869,0.952203,0.0,0.044302,0.055349,0.054848,0.0,0.0,0.0,True,True,True,0.0,False,False,37.783
1418,70.9,4,distraction,distracted,0.988661,0.01102,0.000141,0.0,0.000177,0.988661,0.366751,0.894468,0.0,0.045884,0.055896,0.05512,0.0,0.0,0.0,True,True,True,0.0,False,False,37.938
1419,70.95,4,distraction,distracted,0.990158,0.009533,0.00014,0.0,0.000169,0.990158,0.494865,0.846326,0.0,0.047922,0.056579,0.055462,0.0,0.0,0.0,True,True,True,0.0,False,False,37.826
1420,71.0,4,distraction,distracted,0.989877,0.009798,0.000149,0.0,0.000176,0.989877,0.397395,0.906687,0.0,0.049637,0.057151,0.055749,0.0,0.0,0.0,True,True,True,0.0,False,False,46.628
1421,71.05,4,distraction,distracted,0.989007,0.010657,0.000156,0.0,0.00018,0.989007,0.227452,0.933361,0.0,0.05057,0.057463,0.05589,0.0,0.0,0.0,True,True,True,0.0,False,False,37.969
1422,71.1,4,distraction,distracted,0.988957,0.010697,0.000164,0.0,0.000182,0.988957,0.467309,0.863068,0.0,0.052455,0.058083,0.056215,0.0,0.0,0.0,True,True,True,0.0,False,False,38.201
1423,71.15,4,distraction,distracted,0.988432,0.0112,0.000178,0.0,0.00019,0.988432,0.478902,0.863585,0.0,0.054549,0.058789,0.056563,0.0,0.0,0.0,True,True,True,0.0,False,False,37.69
1424,71.2,4,distraction,distracted,0.987826,0.011789,0.000182,0.0,0.000202,0.987826,0.382036,0.909543,0.0,0.056212,0.059342,0.056838,0.0,0.0,0.0,True,True,True,0.0,False,False,37.977
1425,71.25,4,distraction,distracted,0.986332,0.013272,0.000185,0.0,0.000211,0.986332,0.194523,0.935629,0.0,0.056993,0.059602,0.056966,0.0,0.0,0.0,True,True,True,0.0,False,False,46.589
1426,71.3,4,distraction,distracted,0.987555,0.012062,0.000182,0.0,0.000201,0.987555,0.416872,0.881334,0.0,0.058762,0.060192,0.057245,0.0,0.0,0.0,True,True,True,0.0,False,False,37.89
1427,71.35,4,distraction,distracted,0.987938,0.011674,0.000187,0.0,0.000201,0.987938,0.398499,0.901619,0.0,0.06037,0.060727,0.057528,0.0,0.0,0.0,True,True,True,0.0,False,False,37.544
1428,71.4,4,distraction,distracted,0.986623,0.012975,0.00019,0.0,0.000212,0.986623,0.228261,0.933754,0.0,0.061433,0.061077,0.057697,0.0,0.0,0.0,True,True,True,0.0,False,False,37.776
1429,71.45,4,distraction,distracted,0.984356,0.015204,0.000196,0.0,0.000244,0.984356,0.097579,0.948981,0.0,0.061736,0.061172,0.057746,0.0,0.0,0.0,True,True,True,0.0,False,False,38.133
1430,71.5,4,distraction,distracted,0.985097,0.014491,0.000179,0.0,0.000232,0.985097,0.049137,0.954741,0.0,0.061797,0.061188,0.057751,0.0,0.0,0.0,True,True,True,0.0,False,False,47.18
1431,71.55,4,distraction,distracted,0.986195,0.013408,0.000172,0.0,0.000225,0.986195,0.042316,0.955007,0.0,0.061826,0.061195,0.057738,0.0,0.0,0.0,True,True,True,0.0,False,False,38.101
1432,71.6,4,distraction,distracted,0.987435,0.012186,0.000165,0.0,0.000214,0.987435,0.039339,0.955324,0.0,0.061714,0.061158,0.057735,0.0,0.0,0.0,True,True,True,0.0,False,False,38.296
1433,71.65,4,distraction,distracted,0.987427,0.012197,0.000165,0.0,0.000211,0.987427,0.037857,0.954002,0.0,0.061848,0.061202,0.057739,0.0,0.0,0.0,True,True,True,0.0,False,False,38.113
1434,71.7,4,distraction,distracted,0.988188,0.011451,0.000159,0.0,0.000202,0.988188,0.036861,0.954031,0.0,0.061852,0.061203,0.057734,0.0,0.0,0.0,True,True,True,0.0,False,False,38.057
1435,71.75,4,distraction,distracted,0.989074,0.010576,0.000155,0.0,0.000195,0.989074,0.036587,0.954058,0.0,0.061854,0.061203,0.057731,0.0,0.0,0.0,True,True,True,0.0,False,False,46.636
1436,71.8,4,distraction,distracted,0.988199,0.011434,0.000162,0.0,0.000205,0.988199,0.036602,0.952904,0.0,0.061857,0.061203,0.057713,0.0,0.0,0.0,True,True,True,0.0,False,False,37.898
1437,71.85,4,distraction,distracted,0.987075,0.012541,0.000166,0.0,0.000219,0.987075,0.036449,0.952384,0.0,0.06173,0.061162,0.057711,0.0,0.0,0.0,True,True,True,0.0,False,False,37.591
1438,71.9,4,distraction,distracted,0.986363,0.013247,0.000164,0.0,0.000225,0.986363,0.036968,0.952817,0.0,0.061864,0.061205,0.057723,0.0,0.0,0.0,True,True,True,0.0,False,False,38.125
1439,71.95,4,distraction,distracted,0.9883,0.011342,0.000153,0.0,0.000206,0.9883,0.036152,0.953053,0.0,0.061865,0.061205,0.057717,0.0,0.0,0.0,True,True,True,0.0,False,False,37.634
1440,72.0,4,distraction,distracted,0.988884,0.010764,0.000153,0.0,0.000199,0.988884,0.036504,0.952652,0.0,0.061865,0.061205,0.057714,0.0,0.0,0.0,True,True,True,0.0,False,False,46.468
1441,72.05,4,distraction,distracted,0.98908,0.010569,0.000153,0.0,0.000198,0.98908,0.0365,0.952659,0.0,0.061867,0.061205,0.057696,0.0,0.0,0.0,True,True,True,0.0,False,False,37.744
1442,72.1,4,distraction,distracted,0.988124,0.011512,0.000159,0.0,0.000206,0.988124,0.036896,0.952281,0.0,0.061742,0.061165,0.057692,0.0,0.0,0.0,True,True,True,0.0,False,False,38.053
1443,72.15,4,distraction,distracted,0.987599,0.012033,0.000158,0.0,0.000209,0.987599,0.03754,0.952309,0.0,0.061866,0.061203,0.057707,0.0,0.0,0.0,True,True,True,0.0,False,False,37.902
1444,72.2,4,distraction,distracted,0.987256,0.012382,0.000156,0.0,0.000206,0.987256,0.036646,0.952357,0.0,0.061866,0.061202,0.057705,0.0,0.0,0.0,True,True,True,0.0,False,False,37.88
1445,72.25,4,distraction,distracted,0.987334,0.01231,0.000155,0.0,0.000201,0.987334,0.037011,0.952091,0.0,0.061869,0.061201,0.057704,0.0,0.0,0.0,True,True,True,0.0,False,False,46.484
1446,72.3,4,distraction,distracted,0.985596,0.014034,0.000161,0.0,0.000209,0.985596,0.036749,0.952309,0.0,0.061873,0.061198,0.057686,0.0,0.0,0.0,True,True,True,0.0,False,False,37.658
1447,72.35,4,distraction,distracted,0.984749,0.014871,0.000164,0.0,0.000216,0.984749,0.038797,0.951465,0.0,0.061757,0.061161,0.057683,0.0,0.0,0.0,True,True,True,0.0,False,False,37.631
1448,72.4,4,distraction,distracted,0.984349,0.015264,0.000164,0.0,0.000223,0.984349,0.039243,0.952075,0.0,0.061903,0.061204,0.057694,0.0,0.0,0.0,True,True,True,0.0,False,False,38.958
1449,72.45,4,distraction,distracted,0.985325,0.014296,0.000161,0.0,0.000219,0.985325,0.037713,0.952425,0.0,0.06191,0.061204,0.057692,0.0,0.0,0.0,True,True,True,0.0,False,False,37.939
1450,72.5,4,distraction,distracted,0.981521,0.018064,0.000174,0.0,0.000241,0.981521,0.036383,0.952541,0.0,0.061913,0.061201,0.05769,0.0,0.0,0.0,True,True,True,0.0,False,False,46.611
1451,72.55,4,distraction,distracted,0.983514,0.016096,0.000165,0.0,0.000225,0.983514,0.036741,0.952649,0.0,0.061919,0.061197,0.057672,0.0,0.0,0.0,True,True,True,0.0,False,False,38.247
1452,72.6,4,distraction,distracted,0.985969,0.013658,0.000159,0.0,0.000213,0.985969,0.038245,0.952334,0.0,0.061801,0.061159,0.057672,0.0,0.0,0.0,True,True,True,0.0,False,False,38.08
1453,72.65,4,distraction,distracted,0.986129,0.013499,0.00016,0.0,0.000212,0.986129,0.0376,0.95279,0.0,0.06194,0.061194,0.057687,0.0,0.0,0.0,True,True,True,0.0,False,False,37.671
1454,72.7,4,distraction,distracted,0.986287,0.013346,0.000157,0.0,0.00021,0.986287,0.037507,0.952273,0.0,0.061948,0.061194,0.057686,0.0,0.0,0.0,True,True,True,0.0,False,False,37.906
1455,72.75,4,distraction,distracted,0.985321,0.014309,0.000156,0.0,0.000214,0.985321,0.037323,0.952274,0.0,0.061956,0.061193,0.057685,0.0,0.0,0.0,True,True,True,0.0,False,False,46.739
1456,72.8,4,distraction,distracted,0.983811,0.015818,0.000156,0.0,0.000216,0.983811,0.036921,0.95232,0.0,0.061957,0.061192,0.057667,0.0,0.0,0.0,True,True,True,0.0,False,False,37.893
1457,72.85,4,distraction,distracted,0.985396,0.014258,0.000148,0.0,0.000199,0.985396,0.036397,0.952538,0.0,0.06183,0.061151,0.057662,0.0,0.0,0.0,True,True,True,0.0,False,False,37.559
1458,72.9,4,distraction,distracted,0.983347,0.016289,0.000156,0.0,0.000208,0.983347,0.036308,0.952312,0.0,0.059602,0.06119,0.057662,0.0,0.0,0.0,True,True,True,0.0,False,False,37.671
1459,72.95,4,distraction,distracted,0.981358,0.018261,0.000161,0.0,0.00022,0.981358,0.036968,0.951975,0.0,0.059224,0.061191,0.057656,0.0,0.0,0.0,True,True,True,0.0,False,False,37.524
1460,73.0,4,distraction,distracted,0.977709,0.021879,0.000168,0.0,0.000244,0.977709,0.037603,0.951939,0.0,0.059109,0.061194,0.05765,0.0,0.0,0.0,True,True,True,0.0,False,False,46.568
1461,73.05,4,distraction,distracted,0.974673,0.024891,0.000172,0.0,0.000264,0.974673,0.038004,0.95208,0.0,0.05908,0.061197,0.057633,0.0,0.0,0.0,True,True,True,0.0,False,False,37.765
1462,73.1,4,distraction,distracted,0.977801,0.02179,0.000161,0.0,0.000248,0.977801,0.038148,0.95201,0.0,0.058975,0.061159,0.057631,0.0,0.0,0.0,True,True,True,0.0,False,False,37.7
1463,73.15,4,distraction,distracted,0.979293,0.020309,0.000159,0.0,0.000239,0.979293,0.03777,0.952059,0.0,0.059076,0.061202,0.057643,0.0,0.0,0.0,True,True,True,0.0,False,False,37.716
1464,73.2,4,distraction,distracted,0.983689,0.01595,0.000149,0.0,0.000212,0.983689,0.03739,0.952094,0.0,0.059078,0.061203,0.057639,0.0,0.0,0.0,True,True,True,0.0,False,False,37.748
1465,73.25,4,distraction,distracted,0.98555,0.014105,0.000146,0.0,0.000199,0.98555,0.036046,0.952511,0.0,0.059072,0.061203,0.057634,0.0,0.0,0.0,True,True,True,0.0,False,False,46.31
1466,73.3,4,distraction,distracted,0.986005,0.01365,0.000147,0.0,0.000197,0.986005,0.036029,0.952549,0.0,0.059071,0.061202,0.057616,0.0,0.0,0.0,True,True,True,0.0,False,False,38.357
1467,73.35,4,distraction,distracted,0.986012,0.013641,0.000149,0.0,0.000198,0.986012,0.036089,0.952744,0.0,0.058956,0.06116,0.057611,0.0,0.0,0.0,True,True,True,0.0,False,False,37.961
1468,73.4,4,distraction,distracted,0.981654,0.017955,0.000164,0.0,0.000227,0.981654,0.036695,0.952976,0.0,0.059067,0.061198,0.057616,0.0,0.0,0.0,True,True,True,0.0,False,False,38.369
1469,73.45,4,distraction,distracted,0.979037,0.020554,0.000167,0.0,0.000242,0.979037,0.036974,0.953055,0.0,0.05907,0.061195,0.057613,0.0,0.0,0.0,True,True,True,0.0,False,False,38.721
1470,73.5,4,distraction,distracted,0.977138,0.022443,0.00017,0.0,0.000249,0.977138,0.03691,0.952359,0.0,0.059068,0.061189,0.05761,0.0,0.0,0.0,True,True,True,0.0,False,False,47.188
1471,73.55,4,distraction,distracted,0.976535,0.023054,0.000168,0.0,0.000242,0.976535,0.037501,0.951831,0.0,0.05907,0.061187,0.057593,0.0,0.0,0.0,True,True,True,0.0,False,False,38.597
1472,73.6,4,distraction,distracted,0.979861,0.019755,0.000161,0.0,0.000223,0.979861,0.03869,0.95163,0.0,0.058968,0.06115,0.057592,0.0,0.0,0.0,True,True,True,0.0,False,False,38.417
1473,73.65,4,distraction,distracted,0.976867,0.022723,0.000172,0.0,0.000238,0.976867,0.038402,0.952402,0.0,0.059097,0.061186,0.057604,0.0,0.0,0.0,True,True,True,0.0,False,False,37.682
1474,73.7,4,distraction,distracted,0.978345,0.021255,0.00017,0.0,0.00023,0.978345,0.036271,0.952448,0.0,0.059016,0.061181,0.057601,0.0,0.0,0.0,True,True,True,0.0,False,False,37.993
1475,73.75,4,distraction,distracted,0.977697,0.021899,0.000175,0.0,0.000229,0.977697,0.036492,0.953171,0.0,0.058878,0.061181,0.057598,0.0,0.0,0.0,True,True,True,0.0,False,False,47.477
1476,73.8,4,distraction,distracted,0.976094,0.02349,0.000182,0.0,0.000234,0.976094,0.03883,0.95317,0.0,0.05882,0.061182,0.057583,0.0,0.0,0.0,True,True,True,0.0,False,False,38.644
1477,73.85,4,distraction,distracted,0.97999,0.019626,0.00017,0.0,0.000214,0.97999,0.036724,0.95284,0.0,0.058709,0.061141,0.05758,0.0,0.0,0.0,True,True,True,0.0,False,False,38.304
1478,73.9,4,distraction,distracted,0.978536,0.021074,0.000173,0.0,0.000218,0.978536,0.037304,0.95249,0.0,0.058754,0.061168,0.057596,0.0,0.0,0.0,True,True,True,0.0,False,False,38.212
1479,73.95,4,distraction,distracted,0.979625,0.019991,0.00017,0.0,0.000213,0.979625,0.039146,0.952243,0.0,0.058742,0.061165,0.057596,0.0,0.0,0.0,True,True,True,0.0,False,False,38.59
1480,74.0,4,distraction,distracted,0.97678,0.022814,0.000182,0.0,0.000224,0.97678,0.039828,0.952536,0.0,0.058748,0.061168,0.057597,0.0,0.0,0.0,True,True,True,0.0,False,False,46.989
1481,74.05,4,distraction,distracted,0.969294,0.030257,0.000201,0.0,0.000248,0.969294,0.038972,0.952664,0.0,0.058753,0.061168,0.057582,0.0,0.0,0.0,True,True,True,0.0,False,False,38.169
1482,74.1,4,distraction,distracted,0.949782,0.049672,0.00024,0.0,0.000305,0.949782,0.03769,0.952442,0.0,0.058754,0.061129,0.057582,0.0,0.0,0.0,True,True,True,0.0,False,False,38.313
1483,74.15,4,distraction,distracted,0.956644,0.042851,0.000231,0.0,0.000275,0.956644,0.039472,0.95256,0.0,0.058751,0.061168,0.057597,0.0,0.0,0.0,True,True,True,0.0,False,False,38.017
1484,74.2,4,distraction,distracted,0.962236,0.037275,0.000232,0.0,0.000258,0.962236,0.03924,0.952712,0.0,0.058741,0.061171,0.057595,0.0,0.0,0.0,True,True,True,0.0,False,False,38.026
1485,74.25,4,distraction,distracted,0.97104,0.028514,0.000213,0.0,0.000233,0.97104,0.040586,0.951709,0.0,0.058746,0.061177,0.057595,0.0,0.0,0.0,True,True,True,0.0,False,False,46.475
1486,74.3,4,distraction,distracted,0.968005,0.031527,0.000224,0.0,0.000243,0.968005,0.040071,0.952017,0.0,0.058759,0.061176,0.05758,0.0,0.0,0.0,True,True,True,0.0,False,False,37.797
1487,74.35,4,distraction,distracted,0.963839,0.035667,0.000238,0.0,0.000256,0.963839,0.039146,0.952523,0.0,0.058767,0.06114,0.057578,0.0,0.0,0.0,True,True,True,0.0,False,False,37.486
1488,74.4,4,distraction,distracted,0.96841,0.031121,0.000228,0.0,0.000241,0.96841,0.037536,0.953001,0.0,0.058772,0.061179,0.057589,0.0,0.0,0.0,True,True,True,0.0,False,False,37.87
1489,74.45,4,distraction,distracted,0.967774,0.031748,0.000232,0.0,0.000246,0.967774,0.038036,0.953146,0.0,0.058783,0.061181,0.057588,0.0,0.0,0.0,True,True,True,0.0,False,False,37.639
1490,74.5,4,distraction,distracted,0.97495,0.024614,0.000213,0.0,0.000223,0.97495,0.036451,0.953214,0.0,0.058782,0.061179,0.057587,0.0,0.0,0.0,True,True,True,0.0,False,False,46.468
1491,74.55,4,distraction,distracted,0.981249,0.018349,0.000196,0.0,0.000207,0.981249,0.036813,0.953218,0.0,0.058781,0.061179,0.057569,0.0,0.0,0.0,True,True,True,0.0,False,False,37.729
1492,74.6,4,distraction,distracted,0.98435,0.015259,0.000189,0.0,0.000202,0.98435,0.040918,0.952561,0.0,0.058802,0.061145,0.057571,0.0,0.0,0.0,True,True,True,0.0,False,False,37.84
1493,74.65,4,distraction,distracted,0.985842,0.013773,0.000185,0.0,0.000199,0.985842,0.040343,0.952325,0.0,0.058816,0.061188,0.057585,0.0,0.0,0.0,True,True,True,0.0,False,False,37.935
1494,74.7,4,distraction,distracted,0.986039,0.013582,0.000182,0.0,0.000197,0.986039,0.03837,0.952571,0.0,0.058821,0.061191,0.057585,0.0,0.0,0.0,True,True,True,0.0,False,False,37.962
1495,74.75,4,distraction,distracted,0.985546,0.014067,0.000185,0.0,0.000201,0.985546,0.039002,0.952539,0.0,0.05883,0.061193,0.057585,0.0,0.0,0.0,True,True,True,0.0,False,False,46.323
1496,74.8,4,distraction,distracted,0.983475,0.016118,0.000195,0.0,0.000211,0.983475,0.037497,0.95289,0.0,0.058833,0.061193,0.057568,0.0,0.0,0.0,True,True,True,0.0,False,False,37.772
1497,74.85,4,distraction,distracted,0.982793,0.016795,0.000199,0.0,0.000214,0.982793,0.037241,0.952989,0.0,0.058831,0.061153,0.057567,0.0,0.0,0.0,True,True,True,0.0,False,False,37.806
1498,74.9,4,distraction,distracted,0.982941,0.016646,0.000199,0.0,0.000214,0.982941,0.037803,0.952717,0.0,0.058831,0.061194,0.057583,0.0,0.0,0.0,True,True,True,0.0,False,False,37.968
1499,74.95,4,distraction,distracted,0.981295,0.018278,0.000206,0.0,0.00022,0.981295,0.038854,0.952206,0.0,0.058837,0.061194,0.057584,0.0,0.0,0.0,True,True,True,0.0,False,False,37.629
1500,75.0,4,distraction,distracted,0.979299,0.020261,0.000213,0.0,0.000227,0.979299,0.038826,0.952414,0.0,0.058845,0.061193,0.057584,0.0,0.0,0.0,True,True,True,0.0,False,False,46.63
1501,75.05,4,distraction,distracted,0.979011,0.020547,0.000214,0.0,0.000228,0.979011,0.040291,0.951931,0.0,0.058861,0.061196,0.057569,0.0,0.0,0.0,True,True,True,0.0,False,False,37.943
1502,75.1,4,distraction,distracted,0.976755,0.022784,0.000224,0.0,0.000236,0.976755,0.042166,0.951471,0.0,0.058891,0.061164,0.057573,0.0,0.0,0.0,True,True,True,0.0,False,False,37.983
1503,75.15,4,distraction,distracted,0.973479,0.026042,0.000234,0.0,0.000245,0.973479,0.041241,0.951595,0.0,0.058914,0.061205,0.057593,0.0,0.0,0.0,True,True,True,0.0,False,False,37.867
1504,75.2,4,distraction,distracted,0.97429,0.025245,0.000228,0.0,0.000238,0.97429,0.039637,0.951922,0.0,0.058927,0.061207,0.057594,0.0,0.0,0.0,True,True,True,0.0,False,False,37.963
1505,75.25,4,distraction,distracted,0.973358,0.026173,0.000231,0.0,0.000239,0.973358,0.03857,0.951962,0.0,0.058923,0.061206,0.057593,0.0,0.0,0.0,True,True,True,0.0,False,False,46.461
1506,75.3,4,distraction,distracted,0.970372,0.029144,0.000237,0.0,0.000247,0.970372,0.037808,0.952374,0.0,0.058918,0.061205,0.057576,0.0,0.0,0.0,True,True,True,0.0,False,False,37.775
1507,75.35,4,distraction,distracted,0.96929,0.030222,0.000239,0.0,0.00025,0.96929,0.037937,0.952242,0.0,0.058922,0.061167,0.057574,0.0,0.0,0.0,True,True,True,0.0,False,False,37.716
1508,75.4,4,distraction,distracted,0.972522,0.027004,0.000231,0.0,0.000244,0.972522,0.03718,0.952757,0.0,0.058922,0.061198,0.057589,0.0,0.0,0.0,True,True,True,0.0,False,False,37.826
1509,75.45,4,distraction,distracted,0.97415,0.025378,0.000227,0.0,0.000244,0.97415,0.039102,0.952528,0.0,0.058928,0.061199,0.057589,0.0,0.0,0.0,True,True,True,0.0,False,False,37.857
1510,75.5,4,distraction,distracted,0.982248,0.017335,0.000203,0.0,0.000215,0.982248,0.146977,0.922392,0.0,0.059456,0.061374,0.057677,0.0,0.0,0.0,True,True,True,0.0,False,False,46.504
1511,75.55,4,distraction,distracted,0.985083,0.014523,0.000192,0.0,0.000202,0.985083,0.12924,0.935616,0.0,0.059896,0.061521,0.057736,0.0,0.0,0.0,True,True,True,0.0,False,False,37.944
1512,75.6,4,distraction,distracted,0.984982,0.014622,0.000193,0.0,0.000203,0.984982,0.06738,0.948404,0.0,0.060039,0.061531,0.057759,0.0,0.0,0.0,True,True,True,0.0,False,False,38.026
1513,75.65,4,distraction,distracted,0.984128,0.015466,0.000196,0.0,0.000209,0.984128,0.050551,0.951402,0.0,0.060089,0.061529,0.057786,0.0,0.0,0.0,True,True,True,0.0,False,False,37.939
1514,75.7,4,distraction,distracted,0.98438,0.015214,0.000195,0.0,0.00021,0.98438,0.044546,0.951957,0.0,0.060108,0.061308,0.05779,0.0,0.0,0.0,True,True,True,0.0,False,False,38.323
1515,75.75,4,distraction,distracted,0.982988,0.016593,0.000202,0.0,0.000218,0.982988,0.043297,0.95178,0.0,0.060128,0.061109,0.057794,0.0,0.0,0.0,True,True,True,0.0,False,False,46.828
1516,75.8,4,distraction,distracted,0.983332,0.016249,0.000201,0.0,0.000218,0.983332,0.041044,0.95213,0.0,0.060143,0.060808,0.05778,0.0,0.0,0.0,True,True,True,0.0,False,False,38.187
1517,75.85,4,distraction,distracted,0.982889,0.016685,0.000203,0.0,0.000222,0.982889,0.03903,0.95256,0.0,0.06015,0.060771,0.057781,0.0,0.0,0.0,True,True,True,0.0,False,False,38.322
1518,75.9,4,distraction,distracted,0.982298,0.017274,0.000204,0.0,0.000225,0.982298,0.038286,0.952881,0.0,0.060143,0.06055,0.057797,0.0,0.0,0.0,True,True,True,0.0,False,False,38.371
1519,75.95,4,distraction,distracted,0.983781,0.015804,0.000197,0.0,0.000217,0.983781,0.03867,0.952589,0.0,0.060137,0.060466,0.057797,0.0,0.0,0.0,True,True,True,0.0,False,False,38.6
1520,76.0,4,distraction,distracted,0.983964,0.015624,0.000196,0.0,0.000216,0.983964,0.039471,0.952054,0.0,0.060138,0.060338,0.057797,0.0,0.0,0.0,True,True,True,0.0,False,False,46.829
1521,76.05,4,distraction,distracted,0.983728,0.015863,0.000195,0.0,0.000214,0.983728,0.037283,0.952734,0.0,0.060119,0.060159,0.05778,0.0,0.0,0.0,True,True,True,0.0,False,False,38.114
1522,76.1,4,distraction,distracted,0.981277,0.018303,0.0002,0.0,0.000219,0.981277,0.037009,0.95274,0.0,0.060106,0.06012,0.057777,0.0,0.0,0.0,True,True,True,0.0,False,False,38.713
1523,76.15,4,distraction,distracted,0.979763,0.019814,0.000202,0.0,0.000221,0.979763,0.036665,0.952801,0.0,0.060076,0.059913,0.05779,0.0,0.0,0.0,True,True,True,0.0,False,False,38.411
1524,76.2,4,distraction,distracted,0.979154,0.020423,0.000203,0.0,0.00022,0.979154,0.036224,0.952846,0.0,0.060058,0.05984,0.057787,0.0,0.0,0.0,True,True,True,0.0,False,False,38.716
1525,76.25,4,distraction,distracted,0.980371,0.019214,0.000199,0.0,0.000216,0.980371,0.036502,0.952919,0.0,0.060045,0.059781,0.057786,0.0,0.0,0.0,True,True,True,0.0,False,False,46.5
1526,76.3,4,distraction,distracted,0.978382,0.021188,0.000206,0.0,0.000223,0.978382,0.036812,0.95258,0.0,0.060029,0.059758,0.057768,0.0,0.0,0.0,True,True,True,0.0,False,False,37.919
1527,76.35,4,distraction,distracted,0.979115,0.020468,0.000199,0.0,0.000218,0.979115,0.036794,0.952793,0.0,0.060014,0.059719,0.057765,0.0,0.0,0.0,True,True,True,0.0,False,False,37.984
1528,76.4,4,distraction,distracted,0.981077,0.018522,0.000192,0.0,0.000209,0.981077,0.048772,0.949513,0.0,0.060047,0.059765,0.057789,0.0,0.0,0.0,True,True,True,0.0,False,False,37.988
1529,76.45,4,distraction,distracted,0.982055,0.017553,0.000188,0.0,0.000203,0.982055,0.068134,0.944211,0.0,0.060164,0.059813,0.057812,0.0,0.0,0.0,True,True,True,0.0,False,False,37.581
1530,76.5,4,distraction,distracted,0.976444,0.023115,0.000211,0.0,0.00023,0.976444,0.083807,0.943948,0.0,0.060366,0.059892,0.05785,0.0,0.0,0.0,True,True,True,0.0,False,False,46.728
1531,76.55,4,distraction,distracted,0.980461,0.019132,0.000194,0.0,0.000214,0.980461,0.134296,0.934925,0.0,0.060821,0.060053,0.057913,0.0,0.0,0.0,True,True,True,0.0,False,False,37.754
1532,76.6,4,distraction,distracted,0.984011,0.015609,0.000183,0.0,0.000197,0.984011,0.474681,0.85646,0.0,0.062802,0.060676,0.058243,0.0,0.0,0.0,True,True,True,0.0,False,False,37.978
1533,76.65,4,distraction,distracted,0.98289,0.016721,0.000188,0.0,0.000201,0.98289,0.432262,0.896646,0.0,0.06465,0.061158,0.058573,0.0,0.0,0.0,True,True,True,0.0,False,False,37.829
1534,76.7,4,distraction,distracted,0.977219,0.022367,0.000198,0.0,0.000216,0.977219,0.318481,0.925706,0.0,0.066011,0.061467,0.058802,0.0,0.0,0.0,True,True,True,0.0,False,False,38.004
1535,76.75,4,distraction,distracted,0.98199,0.017645,0.000173,0.0,0.000192,0.98199,0.409366,0.903441,0.0,0.067761,0.061938,0.059098,0.0,0.0,0.0,True,True,True,0.0,False,False,46.536
1536,76.8,4,distraction,distracted,0.984895,0.014751,0.000168,0.0,0.000185,0.984895,0.517732,0.833728,0.0,0.069877,0.062544,0.059435,0.0,0.0,0.0,True,True,True,0.0,False,False,38.032
1537,76.85,4,distraction,distracted,0.984196,0.015436,0.000172,0.0,0.000196,0.984196,0.479138,0.875651,0.0,0.071907,0.063184,0.059776,0.0,0.0,0.0,True,True,True,0.0,False,False,37.861
1538,76.9,4,distraction,distracted,0.981848,0.017763,0.000176,0.0,0.000214,0.981848,0.361797,0.916727,0.0,0.073447,0.063335,0.060054,0.0,0.0,0.0,True,True,True,0.0,False,False,38.113
1539,76.95,4,distraction,distracted,0.982055,0.017548,0.000171,0.0,0.000226,0.982055,0.21653,0.935405,0.0,0.074301,0.063231,0.060197,0.0,0.0,0.0,True,True,True,0.0,False,False,38.212
1540,77.0,4,distraction,distracted,0.985762,0.013865,0.000161,0.0,0.000212,0.985762,0.399822,0.894432,0.0,0.075994,0.063598,0.060482,0.0,0.0,0.0,True,True,True,0.0,False,False,47.671
1541,77.05,4,distraction,distracted,0.986072,0.013549,0.000162,0.0,0.000218,0.986072,0.441129,0.889371,0.0,0.077885,0.064138,0.06078,0.0,0.0,0.0,True,True,True,0.0,False,False,38.3
1542,77.1,4,distraction,distracted,0.987596,0.012029,0.000159,0.0,0.000216,0.987596,0.362349,0.919609,0.0,0.079422,0.06462,0.06104,0.0,0.0,0.0,True,True,True,0.0,False,False,38.639
1543,77.15,4,distraction,distracted,0.987766,0.011862,0.000157,0.0,0.000215,0.987766,0.192112,0.941424,0.0,0.080148,0.064874,0.061182,0.0,0.0,0.0,True,True,True,0.0,False,False,38.01
1544,77.2,4,distraction,distracted,0.985902,0.013713,0.000161,0.0,0.000225,0.985902,0.081249,0.952511,0.0,0.080322,0.064943,0.06121,0.0,0.0,0.0,True,True,True,0.0,False,False,38.867
1545,77.25,4,distraction,distracted,0.984796,0.014816,0.000161,0.0,0.000227,0.984796,0.048702,0.954725,0.0,0.080327,0.064961,0.061213,0.0,0.0,0.0,True,True,True,0.0,False,False,47.315
1546,77.3,4,distraction,distracted,0.984934,0.014685,0.000158,0.0,0.000223,0.984934,0.04087,0.955034,0.0,0.080262,0.064967,0.061196,0.0,0.0,0.0,True,True,True,0.0,False,False,38.619
1547,77.35,4,distraction,distracted,0.98709,0.012561,0.000148,0.0,0.0002,0.98709,0.037899,0.955115,0.0,0.080164,0.064921,0.061194,0.0,0.0,0.0,True,True,True,0.0,False,False,37.731
1548,77.4,4,distraction,distracted,0.980217,0.019378,0.000171,0.0,0.000234,0.980217,0.037477,0.953973,0.0,0.079918,0.064966,0.061211,0.0,0.0,0.0,True,True,True,0.0,False,False,37.925
1549,77.45,4,distraction,distracted,0.982751,0.016884,0.000157,0.0,0.000208,0.982751,0.03673,0.953696,0.0,0.079744,0.064967,0.06121,0.0,0.0,0.0,True,True,True,0.0,False,False,37.455
1550,77.5,4,distraction,distracted,0.98263,0.017012,0.000157,0.0,0.000201,0.98263,0.036079,0.954024,0.0,0.079625,0.064966,0.061208,0.0,0.0,0.0,True,True,True,0.0,False,False,46.785
1551,77.55,4,distraction,distracted,0.978526,0.021091,0.000165,0.0,0.000218,0.978526,0.037369,0.952851,0.0,0.079555,0.064964,0.061188,0.0,0.0,0.0,True,True,True,0.0,False,False,37.906
1552,77.6,4,distraction,distracted,0.980336,0.019303,0.000153,0.0,0.000208,0.980336,0.036435,0.953144,0.0,0.079472,0.064916,0.061186,0.0,0.0,0.0,True,True,True,0.0,False,False,37.85
1553,77.65,4,distraction,distracted,0.97916,0.02047,0.000154,0.0,0.000215,0.97916,0.036694,0.953148,0.0,0.079408,0.064958,0.061204,0.0,0.0,0.0,True,True,True,0.0,False,False,37.709
1554,77.7,4,distraction,distracted,0.974325,0.025273,0.00016,0.0,0.000243,0.974325,0.038139,0.952703,0.0,0.079331,0.06496,0.061204,0.0,0.0,0.0,True,True,True,0.0,False,False,37.835
1555,77.75,4,distraction,distracted,0.979874,0.019756,0.000146,0.0,0.000224,0.979874,0.038594,0.95234,0.0,0.079263,0.064964,0.061203,0.0,0.0,0.0,True,True,True,0.0,False,False,46.553
1556,77.8,4,distraction,distracted,0.981761,0.017871,0.000145,0.0,0.000223,0.981761,0.038125,0.953099,0.0,0.079132,0.064968,0.061184,0.0,0.0,0.0,True,True,True,0.0,False,False,37.832
1557,77.85,4,distraction,distracted,0.982054,0.017579,0.000142,0.0,0.000225,0.982054,0.036368,0.953274,0.0,0.078937,0.06492,0.06118,0.0,0.0,0.0,True,True,True,0.0,False,False,37.987
1558,77.9,4,distraction,distracted,0.979804,0.019817,0.000142,0.0,0.000237,0.979804,0.037254,0.953543,0.0,0.078761,0.064964,0.061196,0.0,0.0,0.0,True,True,True,0.0,False,False,38.371
1559,77.95,4,distraction,distracted,0.983827,0.015815,0.000138,0.0,0.00022,0.983827,0.038997,0.952678,0.0,0.078618,0.064921,0.061194,0.0,0.0,0.0,True,True,True,0.0,False,False,38.086
1560,78.0,4,distraction,distracted,0.985927,0.013728,0.000135,0.0,0.00021,0.985927,0.038527,0.952771,0.0,0.078522,0.064875,0.061193,0.0,0.0,0.0,True,True,True,0.0,False,False,47.129
1561,78.05,4,distraction,distracted,0.981395,0.018208,0.000147,0.0,0.00025,0.981395,0.036882,0.952822,0.0,0.078426,0.064849,0.061173,0.0,0.0,0.0,True,True,True,0.0,False,False,37.998
1562,78.1,4,distraction,distracted,0.974458,0.025077,0.000158,0.0,0.000308,0.974458,0.036241,0.952874,0.0,0.078309,0.064801,0.06117,0.0,0.0,0.0,True,True,True,0.0,False,False,37.978
1563,78.15,4,distraction,distracted,0.974087,0.025431,0.000157,0.0,0.000325,0.974087,0.035793,0.953247,0.0,0.078197,0.064826,0.061185,0.0,0.0,0.0,True,True,True,0.0,False,False,37.506
1564,78.2,4,distraction,distracted,0.97606,0.023471,0.000154,0.0,0.000315,0.97606,0.035852,0.953327,0.0,0.078116,0.064821,0.061183,0.0,0.0,0.0,True,True,True,0.0,False,False,38.092
1565,78.25,4,distraction,distracted,0.981361,0.018257,0.000138,0.0,0.000244,0.981361,0.036005,0.953203,0.0,0.077976,0.064813,0.061181,0.0,0.0,0.0,True,True,True,0.0,False,False,46.861
1566,78.3,4,distraction,distracted,0.979829,0.019796,0.000143,0.0,0.000231,0.979829,0.037434,0.952544,0.0,0.077867,0.064808,0.061161,0.0,0.0,0.0,True,True,True,0.0,False,False,38.313
1567,78.35,4,distraction,distracted,0.981622,0.01803,0.00014,0.0,0.000208,0.981622,0.03751,0.952626,0.0,0.07779,0.064762,0.061159,0.0,0.0,0.0,True,True,True,0.0,False,False,37.888
1568,78.4,4,distraction,distracted,0.976273,0.023352,0.000149,0.0,0.000225,0.976273,0.037653,0.952916,0.0,0.077734,0.064802,0.061176,0.0,0.0,0.0,True,True,True,0.0,False,False,37.82
1569,78.45,4,distraction,distracted,0.980014,0.019642,0.000139,0.0,0.000205,0.980014,0.03606,0.952972,0.0,0.077694,0.064798,0.061173,0.0,0.0,0.0,True,True,True,0.0,False,False,37.723
1570,78.5,4,distraction,distracted,0.974136,0.025493,0.000148,0.0,0.000222,0.974136,0.036676,0.952754,0.0,0.077652,0.064796,0.061171,0.0,0.0,0.0,True,True,True,0.0,False,False,46.546
1571,78.55,4,distraction,distracted,0.970999,0.028621,0.000149,0.0,0.000231,0.970999,0.036564,0.952671,0.0,0.077618,0.064796,0.06115,0.0,0.0,0.0,True,True,True,0.0,False,False,37.64
1572,78.6,4,distraction,distracted,0.978425,0.021235,0.000136,0.0,0.000204,0.978425,0.083655,0.94256,0.0,0.077821,0.064827,0.061188,0.0,0.0,0.0,True,True,True,0.0,False,False,37.76
1573,78.65,4,distraction,distracted,0.978113,0.021547,0.000141,0.0,0.000199,0.978113,0.420897,0.892036,0.0,0.07959,0.065481,0.061508,0.0,0.0,0.0,True,True,True,0.0,False,False,37.554
1574,78.7,4,distraction,distracted,0.979521,0.020143,0.000142,0.0,0.000194,0.979521,0.320083,0.925254,0.0,0.080955,0.065945,0.061738,0.0,0.0,0.0,True,True,True,0.0,False,False,37.826
1575,78.75,4,distraction,distracted,0.980679,0.018977,0.000143,0.0,0.000201,0.980679,0.155084,0.944332,0.0,0.081531,0.066141,0.061834,0.0,0.0,0.0,True,True,True,0.0,False,False,46.499
1576,78.8,4,distraction,distracted,0.98391,0.015755,0.000139,0.0,0.000196,0.98391,0.069718,0.952556,0.0,0.081675,0.066195,0.061841,0.0,0.0,0.0,True,True,True,0.0,False,False,37.781
1577,78.85,4,distraction,distracted,0.982489,0.017149,0.000145,0.0,0.000217,0.982489,0.042163,0.954605,0.0,0.081683,0.066155,0.061842,0.0,0.0,0.0,True,True,True,0.0,False,False,37.637
1578,78.9,4,distraction,distracted,0.967734,0.031798,0.000173,0.0,0.000295,0.967734,0.038636,0.954881,0.0,0.081651,0.066205,0.06186,0.0,0.0,0.0,True,True,True,0.0,False,False,37.975
1579,78.95,4,distraction,distracted,0.977641,0.021973,0.000147,0.0,0.000238,0.977641,0.037319,0.954669,0.0,0.081614,0.066204,0.061856,0.0,0.0,0.0,True,True,True,0.0,False,False,37.723
1580,79.0,4,distraction,distracted,0.983853,0.015806,0.000137,0.0,0.000204,0.983853,0.036246,0.954135,0.0,0.081596,0.0662,0.061852,0.0,0.0,0.0,True,True,True,0.0,False,False,48.035
1581,79.05,4,distraction,distracted,0.982033,0.017612,0.000141,0.0,0.000214,0.982033,0.035925,0.953894,0.0,0.081577,0.066197,0.06183,0.0,0.0,0.0,True,True,True,0.0,False,False,38.992
1582,79.1,4,distraction,distracted,0.985854,0.013827,0.000132,0.0,0.000187,0.985854,0.036144,0.953864,0.0,0.081571,0.066146,0.061828,0.0,0.0,0.0,True,True,True,0.0,False,False,38.994
1583,79.15,4,distraction,distracted,0.986427,0.013258,0.000134,0.0,0.000181,0.986427,0.037033,0.953165,0.0,0.081571,0.066191,0.061847,0.0,0.0,0.0,True,True,True,0.17955,False,False,37.478
1584,79.2,4,distraction,distracted,0.986935,0.012748,0.000136,0.0,0.000181,0.986935,0.035938,0.953148,0.0,0.08156,0.066188,0.061846,0.0,0.0,0.0,True,True,True,0.17955,False,False,37.698
1585,79.25,4,distraction,distracted,0.986055,0.013609,0.000142,0.0,0.000193,0.986055,0.036373,0.953193,0.0,0.08155,0.066184,0.061844,0.0,0.0,0.0,True,True,True,0.0,False,False,47.909
1586,79.3,4,distraction,distracted,0.986876,0.012794,0.000138,0.0,0.000191,0.986876,0.037466,0.952788,0.0,0.081538,0.066005,0.061824,0.0,0.0,0.0,True,True,True,0.0,False,False,38.347
1587,79.35,4,distraction,distracted,0.987461,0.012207,0.000139,0.0,0.000193,0.987461,0.038652,0.952437,0.0,0.081532,0.065959,0.061825,0.0,0.0,0.0,True,True,True,0.0,False,False,38.515
1588,79.4,4,distraction,distracted,0.987716,0.011945,0.00014,0.0,0.000198,0.987716,0.037871,0.952182,0.0,0.081529,0.065396,0.061842,0.0,0.0,0.0,True,True,True,0.0,False,False,38.586
1589,79.45,4,distraction,distracted,0.987683,0.011973,0.000139,0.0,0.000205,0.987683,0.041327,0.95144,0.0,0.081542,0.065347,0.061844,0.0,0.0,0.0,True,True,True,0.0,False,False,38.143
1590,79.5,4,distraction,distracted,0.987829,0.011821,0.00014,0.0,0.000209,0.987829,0.040099,0.951538,0.0,0.081554,0.065333,0.061844,0.0,0.0,0.0,True,True,True,0.0,False,False,47.421
1591,79.55,4,distraction,distracted,0.987582,0.012064,0.00014,0.0,0.000214,0.987582,0.039773,0.95203,0.0,0.081557,0.065329,0.061826,0.0,0.0,0.0,True,True,True,0.0,False,False,38.331
1592,79.6,4,distraction,distracted,0.988173,0.01148,0.000137,0.0,0.000209,0.988173,0.038145,0.95242,0.0,0.081554,0.065284,0.061827,0.0,0.0,0.0,True,True,True,0.0,False,False,38.763
1593,79.65,4,distraction,distracted,0.989017,0.010653,0.000133,0.0,0.000197,0.989017,0.038006,0.952477,0.0,0.081553,0.065325,0.061838,0.0,0.0,0.0,True,True,True,0.0,False,False,38.417
1594,79.7,4,distraction,distracted,0.989228,0.010444,0.000135,0.0,0.000194,0.989228,0.03787,0.95256,0.0,0.081553,0.06532,0.061836,0.0,0.0,0.0,True,True,True,0.0,False,False,38.106
1595,79.75,4,distraction,distracted,0.989099,0.010567,0.000138,0.0,0.000195,0.989099,0.040271,0.952278,0.0,0.081567,0.065321,0.061837,0.0,0.0,0.0,True,True,True,0.0,False,False,46.679
1596,79.8,4,distraction,distracted,0.989351,0.010324,0.000136,0.0,0.000189,0.989351,0.037384,0.953175,0.0,0.081561,0.065316,0.061817,0.0,0.0,0.0,True,True,True,0.0,False,False,38.085
1597,79.85,4,distraction,distracted,0.989446,0.010227,0.000139,0.0,0.000189,0.989446,0.041545,0.952251,0.0,0.081581,0.065276,0.061819,0.0,0.0,0.0,True,True,True,0.0,False,False,37.892
1598,79.9,4,distraction,distracted,0.989533,0.010139,0.00014,0.0,0.000188,0.989533,0.038753,0.9523,0.0,0.081586,0.065321,0.061836,0.0,0.0,0.0,True,True,True,0.0,False,False,38.087
1599,79.95,4,distraction,distracted,0.989494,0.010181,0.000138,0.0,0.000186,0.989494,0.037707,0.952836,0.0,0.081588,0.06532,0.061834,0.0,0.0,0.0,True,True,True,0.0,False,False,37.932
1600,80.0,4,distraction,distracted,0.989002,0.010668,0.000139,0.0,0.000191,0.989002,0.037774,0.952187,0.0,0.081593,0.065319,0.061833,0.0,0.0,0.0,True,True,True,0.0,False,False,46.909
1601,80.05,4,distraction,distracted,0.988563,0.011091,0.000144,0.0,0.000202,0.988563,0.037049,0.953061,0.0,0.081594,0.065316,0.061812,0.0,0.0,0.0,True,True,True,0.0,False,False,38.164
1602,80.1,4,distraction,distracted,0.989167,0.010496,0.00014,0.0,0.000196,0.989167,0.037444,0.953205,0.0,0.081594,0.065269,0.06181,0.0,0.0,0.0,True,True,True,0.0,False,False,38.342
1603,80.15,4,distraction,distracted,0.989194,0.010474,0.000138,0.0,0.000194,0.989194,0.038635,0.953025,0.0,0.081599,0.065319,0.061828,0.0,0.0,0.0,True,True,True,0.0,False,False,38.143
1604,80.2,4,distraction,distracted,0.989312,0.010351,0.00014,0.0,0.000197,0.989312,0.03851,0.952891,0.0,0.081585,0.064752,0.061829,0.0,0.0,0.0,True,True,True,0.0,False,False,37.908
1605,80.25,4,distraction,distracted,0.989723,0.009943,0.00014,0.0,0.000194,0.989723,0.039495,0.952862,0.0,0.081569,0.06408,0.061831,0.0,0.0,0.0,True,True,True,0.0,False,False,46.635
1606,80.3,4,distraction,distracted,0.989878,0.009792,0.000138,0.0,0.000192,0.989878,0.03834,0.953099,0.0,0.081559,0.063555,0.061812,0.0,0.0,0.0,True,True,True,0.0,False,False,38.359
1607,80.35,4,distraction,distracted,0.989835,0.009839,0.000136,0.0,0.00019,0.989835,0.040844,0.952583,0.0,0.081567,0.063517,0.061815,0.0,0.0,0.0,True,True,True,0.0,False,False,37.654
1608,80.4,4,distraction,distracted,0.988074,0.011597,0.000134,0.0,0.000194,0.988074,0.041954,0.952143,0.0,0.081586,0.063293,0.061841,0.0,0.0,0.0,True,True,True,0.0,False,False,37.962
1609,80.45,4,distraction,distracted,0.988294,0.011392,0.000129,0.0,0.000185,0.988294,0.039677,0.952301,0.0,0.081598,0.063288,0.061843,0.0,0.0,0.0,True,True,True,0.0,False,False,37.664
1610,80.5,4,distraction,distracted,0.988689,0.011004,0.000127,0.0,0.00018,0.988689,0.104294,0.938055,0.0,0.081925,0.063397,0.061898,0.0,0.0,0.0,True,True,True,0.0,False,False,46.345
1611,80.55,4,distraction,distracted,0.989095,0.010592,0.00013,0.0,0.000183,0.989095,0.440011,0.883065,0.0,0.083804,0.064026,0.062193,0.0,0.0,0.0,True,True,True,0.0,False,False,37.82
1612,80.6,4,distraction,distracted,0.988165,0.011501,0.000133,0.0,0.0002,0.988165,0.333769,0.914919,0.0,0.085242,0.064459,0.062432,0.0,0.0,0.0,True,True,True,0.0,False,False,38.042
1613,80.65,4,distraction,distracted,0.988107,0.011548,0.000135,0.0,0.000209,0.988107,0.168155,0.938068,0.0,0.085893,0.064725,0.06256,0.0,0.0,0.0,True,True,True,0.0,False,False,37.796
1614,80.7,4,distraction,distracted,0.988078,0.011576,0.000134,0.0,0.000213,0.988078,0.073212,0.948364,0.0,0.086061,0.064787,0.06259,0.0,0.0,0.0,True,True,True,0.0,False,False,38.025
1615,80.75,4,distraction,distracted,0.986432,0.013203,0.000137,0.0,0.000229,0.986432,0.043659,0.953255,0.0,0.086073,0.064801,0.062595,0.0,0.0,0.0,True,True,True,0.0,False,False,46.322
1616,80.8,4,distraction,distracted,0.986358,0.013283,0.000133,0.0,0.000226,0.986358,0.038324,0.953694,0.0,0.086065,0.064805,0.062575,0.0,0.0,0.0,True,True,True,0.0,False,False,38.254
1617,80.85,4,distraction,distracted,0.987773,0.011898,0.000128,0.0,0.000201,0.987773,0.037644,0.953187,0.0,0.086059,0.06476,0.062575,0.0,0.0,0.0,True,True,True,0.0,False,False,37.795
1618,80.9,4,distraction,distracted,0.98751,0.012174,0.000127,0.0,0.000189,0.98751,0.039666,0.951964,0.0,0.084497,0.064813,0.0626,0.0,0.0,0.0,True,True,True,0.0,False,False,37.923
1619,80.95,4,distraction,distracted,0.987824,0.011863,0.000128,0.0,0.000185,0.987824,0.036903,0.952979,0.0,0.082421,0.064813,0.0626,0.0,0.0,0.0,True,True,True,0.0,False,False,37.928
1620,81.0,4,distraction,distracted,0.987939,0.011756,0.000126,0.0,0.000179,0.987939,0.037422,0.952985,0.0,0.080685,0.064814,0.062601,0.0,0.0,0.0,True,True,True,0.0,False,False,46.577
1621,81.05,4,distraction,distracted,0.985625,0.01405,0.000132,0.0,0.000193,0.985625,0.039316,0.952513,0.0,0.079752,0.064817,0.062581,0.0,0.0,0.0,True,True,True,0.0,False,False,38.13
1622,81.1,4,distraction,distracted,0.984438,0.015223,0.000133,0.0,0.000206,0.984438,0.037983,0.952712,0.0,0.077775,0.064772,0.062582,0.0,0.0,0.0,True,True,True,0.0,False,False,38.363
1623,81.15,4,distraction,distracted,0.985828,0.013842,0.00013,0.0,0.000199,0.985828,0.037374,0.95334,0.0,0.075742,0.064817,0.06201,0.0,0.0,0.0,True,True,True,0.0,False,False,37.751
1624,81.2,4,distraction,distracted,0.987083,0.012598,0.00013,0.0,0.000188,0.987083,0.037519,0.953337,0.0,0.074079,0.064818,0.061657,0.0,0.0,0.0,True,True,True,0.0,False,False,37.961
1625,81.25,4,distraction,distracted,0.986465,0.013208,0.000133,0.0,0.000194,0.986465,0.037489,0.953145,0.0,0.0733,0.064817,0.061302,0.0,0.0,0.0,True,True,True,0.0,False,False,46.733
1626,81.3,4,distraction,distracted,0.986949,0.012728,0.000131,0.0,0.000191,0.986949,0.036663,0.953399,0.0,0.071518,0.064814,0.061281,0.0,0.0,0.0,True,True,True,0.0,False,False,37.949
1627,81.35,4,distraction,distracted,0.987684,0.012002,0.000129,0.0,0.000185,0.987684,0.036524,0.953429,0.0,0.069786,0.064767,0.060956,0.0,0.0,0.0,True,True,True,0.0,False,False,37.754
1628,81.4,4,distraction,distracted,0.987482,0.012197,0.000132,0.0,0.000189,0.987482,0.036321,0.953385,0.0,0.068837,0.064814,0.06022,0.0,0.0,0.0,True,True,True,0.0,False,False,38.108
1629,81.45,4,distraction,distracted,0.987025,0.012646,0.000133,0.0,0.000196,0.987025,0.036136,0.953178,0.0,0.068529,0.064815,0.059848,0.0,0.0,0.0,True,True,True,0.0,False,False,37.87
1630,81.5,4,distraction,distracted,0.988195,0.011494,0.000127,0.0,0.000184,0.988195,0.036149,0.953031,0.0,0.068464,0.064816,0.059502,0.0,0.0,0.0,True,True,True,0.0,False,False,46.858
1631,81.55,4,distraction,distracted,0.981243,0.018391,0.000147,0.0,0.000219,0.981243,0.035912,0.953286,0.0,0.068432,0.064814,0.059482,0.0,0.0,0.0,True,True,True,0.0,False,False,38.03
1632,81.6,4,distraction,distracted,0.98003,0.019613,0.000143,0.0,0.000214,0.98003,0.036464,0.953026,0.0,0.068418,0.064767,0.059204,0.0,0.0,0.0,True,True,True,0.0,False,False,38.128
1633,81.65,4,distraction,distracted,0.981563,0.018089,0.000141,0.0,0.000206,0.981563,0.036412,0.95348,0.0,0.068411,0.064805,0.058498,0.0,0.0,0.0,True,True,True,0.0,False,False,39.413
1634,81.7,4,distraction,distracted,0.985703,0.013979,0.000132,0.0,0.000186,0.985703,0.036229,0.953188,0.0,0.068408,0.064803,0.058175,0.0,0.0,0.0,True,True,True,0.0,False,False,39.199
1635,81.75,4,distraction,distracted,0.988554,0.011149,0.000127,0.0,0.00017,0.988554,0.376665,0.897884,0.0,0.070028,0.065343,0.058241,0.0,0.0,0.0,True,True,True,0.18367,False,False,46.713
1636,81.8,4,distraction,distracted,0.990292,0.009422,0.000125,0.0,0.00016,0.990292,0.485461,0.862368,0.0,0.072088,0.066029,0.058565,0.0,0.0,0.0,True,True,True,0.0,False,False,38.422
1637,81.85,4,distraction,distracted,0.990735,0.008976,0.000128,0.0,0.000161,0.990735,0.407398,0.903914,0.0,0.073868,0.066571,0.058798,0.0,0.0,0.0,True,True,True,0.0,False,False,38.188
1638,81.9,4,distraction,distracted,0.990693,0.009012,0.00013,0.0,0.000165,0.990693,0.237356,0.930718,0.0,0.074857,0.066949,0.058965,0.0,0.0,0.0,True,True,True,0.0,False,False,38.313
1639,81.95,4,distraction,distracted,0.988613,0.011075,0.000134,0.0,0.000178,0.988613,0.102184,0.945988,0.0,0.075188,0.067057,0.059018,0.0,0.0,0.0,True,True,True,0.0,False,False,38.229
1640,82.0,4,distraction,distracted,0.98798,0.011711,0.000129,0.0,0.000179,0.98798,0.049814,0.952045,0.0,0.075255,0.06708,0.059029,0.0,0.0,0.0,True,True,True,0.0,False,False,46.587
1641,82.05,4,distraction,distracted,0.988384,0.01132,0.000124,0.0,0.000171,0.988384,0.039832,0.953689,0.0,0.075272,0.067083,0.059013,0.0,0.0,0.0,True,True,True,0.0,False,False,37.806
1642,82.1,4,distraction,distracted,0.989021,0.010689,0.000124,0.0,0.000166,0.989021,0.037575,0.953995,0.0,0.075275,0.067034,0.059013,0.0,0.0,0.0,True,True,True,0.0,False,False,38.146
1643,82.15,4,distraction,distracted,0.988803,0.010905,0.000126,0.0,0.000165,0.988803,0.036714,0.953628,0.0,0.07527,0.067084,0.059031,0.0,0.0,0.0,True,True,True,0.0,False,False,37.79
1644,82.2,4,distraction,distracted,0.988483,0.011228,0.000126,0.0,0.000162,0.988483,0.036951,0.952109,0.0,0.075272,0.067085,0.05903,0.0,0.0,0.0,True,True,True,0.0,False,False,38.099
1645,82.25,4,distraction,distracted,0.989125,0.010585,0.00013,0.0,0.00016,0.989125,0.038108,0.9524,0.0,0.075277,0.067086,0.059031,0.0,0.0,0.0,True,True,True,0.0,False,False,46.812
1646,82.3,4,distraction,distracted,0.989041,0.010662,0.000135,0.0,0.000161,0.989041,0.037495,0.952144,0.0,0.075281,0.067086,0.059013,0.0,0.0,0.0,True,True,True,0.0,False,False,38.124
1647,82.35,4,distraction,distracted,0.986786,0.012898,0.000145,0.0,0.00017,0.986786,0.037695,0.953104,0.0,0.075275,0.067037,0.059013,0.0,0.0,0.0,True,True,True,0.0,False,False,37.923
1648,82.4,4,distraction,distracted,0.987352,0.012333,0.000146,0.0,0.000168,0.987352,0.037429,0.952905,0.0,0.075266,0.067089,0.059031,0.0,0.0,0.0,True,True,True,0.0,False,False,38.331
1649,82.45,4,distraction,distracted,0.987216,0.012467,0.000148,0.0,0.000169,0.987216,0.038809,0.951702,0.0,0.075272,0.067092,0.059032,0.0,0.0,0.0,True,True,True,0.0,False,False,38.014
1650,82.5,4,distraction,distracted,0.987123,0.012548,0.000155,0.0,0.000174,0.987123,0.039005,0.951837,0.0,0.075285,0.067091,0.059034,0.0,0.0,0.0,True,True,True,0.0,False,False,46.788
1651,82.55,4,distraction,distracted,0.987065,0.012595,0.000161,0.0,0.000179,0.987065,0.038565,0.952275,0.0,0.075294,0.067094,0.059017,0.0,0.0,0.0,True,True,True,0.0,False,False,37.795
1652,82.6,4,distraction,distracted,0.986422,0.013231,0.000165,0.0,0.000183,0.986422,0.037491,0.952301,0.0,0.075291,0.067045,0.059016,0.0,0.0,0.0,True,True,True,0.0,False,False,38.149
1653,82.65,4,distraction,distracted,0.987347,0.01231,0.000163,0.0,0.00018,0.987347,0.037329,0.952303,0.0,0.075289,0.067098,0.059032,0.0,0.0,0.0,True,True,True,0.0,False,False,38.114
1654,82.7,4,distraction,distracted,0.986601,0.013053,0.000164,0.0,0.000182,0.986601,0.036318,0.952659,0.0,0.075283,0.067097,0.05903,0.0,0.0,0.0,True,True,True,0.0,False,False,38.375
1655,82.75,4,distraction,distracted,0.985302,0.014343,0.000166,0.0,0.000188,0.985302,0.036942,0.953119,0.0,0.075281,0.067097,0.059029,0.0,0.0,0.0,True,True,True,0.0,False,False,47.128
1656,82.8,4,distraction,distracted,0.986964,0.012694,0.00016,0.0,0.000182,0.986964,0.037087,0.952899,0.0,0.075282,0.067098,0.059011,0.0,0.0,0.0,True,True,True,0.0,False,False,38.954
1657,82.85,4,distraction,distracted,0.987115,0.012547,0.000157,0.0,0.00018,0.987115,0.036362,0.952888,0.0,0.075282,0.067046,0.059011,0.0,0.0,0.0,True,True,True,0.0,False,False,38.124
1658,82.9,4,distraction,distracted,0.987458,0.012205,0.000157,0.0,0.00018,0.987458,0.036112,0.952799,0.0,0.075281,0.067097,0.05903,0.0,0.0,0.0,True,True,True,0.0,False,False,38.4
1659,82.95,4,distraction,distracted,0.986973,0.012688,0.000158,0.0,0.000182,0.986973,0.035824,0.952501,0.0,0.075275,0.067097,0.059029,0.0,0.0,0.0,True,True,True,0.0,False,False,38.846
1660,83.0,4,distraction,distracted,0.985389,0.014258,0.000164,0.0,0.000189,0.985389,0.036569,0.952992,0.0,0.075269,0.067098,0.059029,0.0,0.0,0.0,True,True,True,0.0,False,False,47.502
1661,83.05,4,distraction,distracted,0.985393,0.014251,0.000166,0.0,0.00019,0.985393,0.036785,0.953153,0.0,0.075263,0.067098,0.059011,0.0,0.0,0.0,True,True,True,0.0,False,False,38.381
1662,83.1,4,distraction,distracted,0.985069,0.014569,0.000169,0.0,0.000192,0.985069,0.038489,0.952775,0.0,0.075264,0.067051,0.059012,0.0,0.0,0.0,True,True,True,0.0,False,False,38.293
1663,83.15,4,distraction,distracted,0.984332,0.015299,0.000172,0.0,0.000197,0.984332,0.039461,0.952606,0.0,0.075273,0.067108,0.059033,0.0,0.0,0.0,True,True,True,0.0,False,False,38.278
1664,83.2,4,distraction,distracted,0.983704,0.015924,0.000173,0.0,0.000199,0.983704,0.037706,0.953166,0.0,0.075274,0.06711,0.059034,0.0,0.0,0.0,True,True,True,0.0,False,False,38.469
1665,83.25,4,distraction,distracted,0.983581,0.01605,0.000172,0.0,0.000197,0.983581,0.036445,0.953243,0.0,0.075276,0.067108,0.059034,0.0,0.0,0.0,True,True,True,0.0,False,False,46.619
1666,83.3,4,distraction,distracted,0.984635,0.015001,0.00017,0.0,0.000194,0.984635,0.036689,0.953454,0.0,0.075279,0.067106,0.059015,0.0,0.0,0.0,True,True,True,0.0,False,False,37.828
1667,83.35,4,distraction,distracted,0.984616,0.015015,0.000172,0.0,0.000196,0.984616,0.037603,0.953138,0.0,0.075287,0.067056,0.059016,0.0,0.0,0.0,True,True,True,0.0,False,False,37.645
1668,83.4,4,distraction,distracted,0.98379,0.015838,0.000173,0.0,0.000199,0.98379,0.037678,0.952989,0.0,0.075292,0.067105,0.059034,0.0,0.0,0.0,True,True,True,0.0,False,False,37.988
1669,83.45,4,distraction,distracted,0.98221,0.017409,0.000177,0.0,0.000204,0.98221,0.037305,0.953067,0.0,0.075293,0.067105,0.059034,0.0,0.0,0.0,True,True,True,0.0,False,False,37.916
1670,83.5,4,distraction,distracted,0.980279,0.019336,0.000179,0.0,0.000206,0.980279,0.036968,0.952794,0.0,0.075294,0.067107,0.059034,0.0,0.0,0.0,True,True,True,0.0,False,False,46.818
1671,83.55,4,distraction,distracted,0.978597,0.021013,0.000181,0.0,0.000209,0.978597,0.036439,0.952853,0.0,0.075288,0.067105,0.059015,0.0,0.0,0.0,True,True,True,0.0,False,False,37.78
1672,83.6,4,distraction,distracted,0.978329,0.021283,0.000182,0.0,0.000206,0.978329,0.036014,0.952485,0.0,0.075274,0.067053,0.059012,0.0,0.0,0.0,True,True,True,0.0,False,False,37.961
1673,83.65,4,distraction,distracted,0.980158,0.019456,0.000183,0.0,0.000202,0.980158,0.036619,0.952476,0.0,0.075265,0.067106,0.059023,0.0,0.0,0.0,True,True,True,0.0,False,False,37.831
1674,83.7,4,distraction,distracted,0.97487,0.024719,0.000196,0.0,0.000216,0.97487,0.036782,0.952448,0.0,0.075268,0.067105,0.05902,0.0,0.0,0.0,True,True,True,0.229446,False,False,38.001
1675,83.75,4,distraction,distracted,0.976708,0.022895,0.00019,0.0,0.000207,0.976708,0.036427,0.952659,0.0,0.075268,0.067104,0.059014,0.0,0.0,0.0,True,True,True,0.229446,False,False,46.606
1676,83.8,4,distraction,distracted,0.979033,0.020587,0.000181,0.0,0.000199,0.979033,0.036029,0.953055,0.0,0.075254,0.067104,0.058995,0.0,0.0,0.0,True,True,True,0.0,False,False,37.996
1677,83.85,4,distraction,distracted,0.981799,0.017833,0.000174,0.0,0.000194,0.981799,0.03599,0.95336,0.0,0.07525,0.067052,0.058989,0.0,0.0,0.0,True,True,True,0.0,False,False,37.574
1678,83.9,4,distraction,distracted,0.981443,0.01819,0.000172,0.0,0.000195,0.981443,0.035634,0.953256,0.0,0.075241,0.067104,0.059001,0.0,0.0,0.0,True,True,True,0.039703,False,False,37.964
1679,83.95,4,distraction,distracted,0.979405,0.020218,0.000175,0.0,0.000202,0.979405,0.036773,0.953357,0.0,0.075229,0.067104,0.058998,0.0,0.0,0.0,True,True,True,0.0,False,False,37.993
1680,84.0,4,distraction,distracted,0.97297,0.026618,0.000188,0.0,0.000224,0.97297,0.036569,0.952608,0.0,0.075213,0.067104,0.058997,0.0,0.0,0.0,True,True,True,0.0,False,False,46.747
1681,84.05,4,distraction,distracted,0.971303,0.028282,0.000188,0.0,0.000226,0.971303,0.036625,0.952737,0.0,0.075201,0.067104,0.058978,0.0,0.0,0.0,True,True,True,0.0,False,False,38.138
1682,84.1,4,distraction,distracted,0.961092,0.038438,0.000211,0.0,0.000259,0.961092,0.036223,0.952954,0.0,0.075193,0.067053,0.058974,0.0,0.0,0.0,True,True,True,0.025055,False,False,38.269
1683,84.15,4,distraction,distracted,0.936335,0.06309,0.00025,0.0,0.000325,0.936335,0.036089,0.953116,0.0,0.075176,0.067105,0.058985,0.0,0.0,0.0,True,True,True,0.04245,False,False,38.648
1684,84.2,4,distraction,distracted,0.946072,0.053397,0.000232,0.0,0.0003,0.946072,0.037069,0.953044,0.0,0.075165,0.067106,0.05898,0.0,0.0,0.0,True,True,True,0.059845,False,False,38.507
1685,84.25,4,distraction,distracted,0.955702,0.043804,0.000219,0.0,0.000276,0.955702,0.036645,0.952996,0.0,0.075145,0.067106,0.058974,0.0,0.0,0.0,True,True,True,0.12027,False,False,47.043
1686,84.3,4,distraction,distracted,0.955495,0.044007,0.00022,0.0,0.000278,0.955495,0.037945,0.952937,0.0,0.075134,0.067108,0.058957,0.0,0.0,0.0,True,True,True,0.059845,False,False,38.467
1687,84.35,4,distraction,distracted,0.959805,0.039713,0.000215,0.0,0.000267,0.959805,0.038,0.952859,0.0,0.075129,0.06706,0.058952,0.0,0.0,0.0,True,True,True,0.027802,False,False,38.241
1688,84.4,4,distraction,distracted,0.933206,0.066195,0.00026,0.0,0.000339,0.933206,0.038805,0.95267,0.0,0.075135,0.067114,0.058965,0.0,0.0,0.0,True,True,True,0.0,False,False,38.495
1689,84.45,4,distraction,distracted,0.935465,0.063953,0.000252,0.0,0.00033,0.935465,0.039027,0.95283,0.0,0.07514,0.067118,0.058963,0.0,0.0,0.0,True,True,True,0.0,False,False,38.412
1690,84.5,4,distraction,distracted,0.934975,0.064438,0.000252,0.0,0.000334,0.934975,0.039701,0.952633,0.0,0.075157,0.06712,0.05896,0.0,0.0,0.0,True,True,True,0.0,False,False,46.891
1691,84.55,4,distraction,distracted,0.940143,0.059286,0.000243,0.0,0.000329,0.940143,0.039713,0.952575,0.0,0.075171,0.066885,0.058944,0.0,0.0,0.0,True,True,True,0.0,False,False,38.991
1692,84.6,4,distraction,distracted,0.925411,0.07396,0.000257,0.0,0.000371,0.925411,0.038992,0.952936,0.0,0.075161,0.066838,0.058941,0.0,0.0,0.0,True,True,True,0.0,False,False,38.416
1693,84.65,4,distraction,distracted,0.904254,0.095051,0.000273,0.0,0.000421,0.904254,0.038383,0.952866,0.0,0.075152,0.066731,0.058943,0.0,0.0,0.0,True,True,True,0.0,False,False,38.139
1694,84.7,4,distraction,distracted,0.903645,0.095658,0.000268,0.0,0.000429,0.903645,0.038463,0.95285,0.0,0.075152,0.066721,0.05894,0.0,0.0,0.0,True,True,True,0.0,False,False,39.288
1695,84.75,4,distraction,distracted,0.899693,0.099595,0.000272,0.0,0.00044,0.899693,0.037938,0.952281,0.0,0.075147,0.066718,0.058935,0.0,0.0,0.0,True,True,True,0.0,False,False,47.621
1696,84.8,4,distraction,distracted,0.928629,0.070759,0.000241,0.0,0.000371,0.928629,0.03968,0.951779,0.0,0.075158,0.066723,0.058919,0.0,0.0,0.0,True,True,True,0.037872,False,False,38.9
1697,84.85,4,distraction,distracted,0.947975,0.051472,0.000221,0.0,0.000331,0.947975,0.038814,0.952304,0.0,0.075166,0.066676,0.058913,0.0,0.0,0.0,True,True,True,0.037872,False,False,38.698
1698,84.9,4,distraction,distracted,0.955056,0.044415,0.000215,0.0,0.000315,0.955056,0.037766,0.952554,0.0,0.075166,0.066429,0.058904,0.0,0.0,0.0,True,True,True,0.0,False,False,38.369
1699,84.95,4,distraction,distracted,0.959541,0.03994,0.000213,0.0,0.000306,0.959541,0.03674,0.952816,0.0,0.075155,0.065755,0.058879,0.0,0.0,0.0,True,True,True,0.0,False,False,38.007
1700,85.0,4,distraction,distracted,0.96082,0.038661,0.000216,0.0,0.000303,0.96082,0.036669,0.953025,0.0,0.075144,0.065059,0.05886,0.0,0.0,0.0,True,True,True,0.0,False,False,46.944
1701,85.05,4,distraction,distracted,0.961479,0.038008,0.000217,0.0,0.000296,0.961479,0.038898,0.952967,0.0,0.075137,0.064403,0.058843,0.0,0.0,0.0,True,True,True,0.0,False,False,38.123
1702,85.1,4,distraction,distracted,0.959607,0.039876,0.000222,0.0,0.000295,0.959607,0.040207,0.952541,0.0,0.075127,0.064362,0.058828,0.0,0.0,0.0,True,True,True,0.0,False,False,38.102
1703,85.15,4,distraction,distracted,0.954902,0.044556,0.00023,0.0,0.000311,0.954902,0.040518,0.951956,0.0,0.075123,0.063768,0.058812,0.0,0.0,0.0,True,True,True,0.0,False,False,38.164
1704,85.2,4,distraction,distracted,0.948996,0.050418,0.000244,0.0,0.000342,0.948996,0.0384,0.95225,0.0,0.075117,0.063489,0.058691,0.0,0.0,0.0,True,True,True,0.0,False,False,38.178
1705,85.25,4,distraction,distracted,0.945037,0.054359,0.000251,0.0,0.000353,0.945037,0.037439,0.952402,0.0,0.075111,0.062897,0.058609,0.0,0.0,0.0,True,True,True,0.0,False,False,46.673
1706,85.3,4,distraction,distracted,0.951725,0.047715,0.000238,0.0,0.000322,0.951725,0.039258,0.952437,0.0,0.075118,0.062546,0.058593,0.0,0.0,0.0,True,True,True,0.0,False,False,37.848
1707,85.35,4,distraction,distracted,0.960595,0.03889,0.000223,0.0,0.000292,0.960595,0.041175,0.952145,0.0,0.075135,0.062511,0.058565,0.0,0.0,0.0,True,True,True,0.0,False,False,37.842
1708,85.4,4,distraction,distracted,0.951401,0.04802,0.000244,0.0,0.000335,0.951401,0.039937,0.951802,0.0,0.075149,0.062392,0.058564,0.0,0.0,0.0,True,True,True,0.0,False,False,37.821
1709,85.45,4,distraction,distracted,0.943511,0.055863,0.000256,0.0,0.000371,0.943511,0.038492,0.952284,0.0,0.075146,0.062388,0.058559,0.0,0.0,0.0,True,True,True,0.0,False,False,38.23
1710,85.5,4,distraction,distracted,0.944974,0.054408,0.000253,0.0,0.000365,0.944974,0.038592,0.952984,0.0,0.074612,0.062388,0.058549,0.0,0.0,0.0,True,True,True,0.0,False,False,47.033
1711,85.55,4,distraction,distracted,0.951657,0.047762,0.000239,0.0,0.000342,0.951657,0.038668,0.952972,0.0,0.074161,0.062391,0.058532,0.0,0.0,0.0,True,True,True,0.0,False,False,37.705
1712,85.6,4,distraction,distracted,0.958981,0.040488,0.000223,0.0,0.000307,0.958981,0.038699,0.952523,0.0,0.074017,0.062351,0.058524,0.0,0.0,0.0,True,True,True,0.0,False,False,38.327
1713,85.65,4,distraction,distracted,0.964971,0.034538,0.000212,0.0,0.000279,0.964971,0.037592,0.952457,0.0,0.073951,0.062395,0.058529,0.0,0.0,0.0,True,True,True,0.0,False,False,38.172
1714,85.7,4,distraction,distracted,0.97004,0.0295,0.000201,0.0,0.000259,0.97004,0.037209,0.952644,0.0,0.073914,0.062396,0.058505,0.0,0.0,0.0,True,True,True,0.0,False,False,37.981
1715,85.75,4,distraction,distracted,0.970958,0.028587,0.000199,0.0,0.000255,0.970958,0.036633,0.952828,0.0,0.073881,0.062397,0.058495,0.0,0.0,0.0,True,True,True,0.0,False,False,46.608
1716,85.8,4,distraction,distracted,0.97831,0.021284,0.00018,0.0,0.000226,0.97831,0.037213,0.952724,0.0,0.073861,0.062395,0.058477,0.0,0.0,0.0,True,True,True,0.0,False,False,38.062
1717,85.85,4,distraction,distracted,0.976257,0.023314,0.000186,0.0,0.000242,0.976257,0.037603,0.95273,0.0,0.073854,0.062354,0.058463,0.0,0.0,0.0,True,True,True,0.0,False,False,37.802
1718,85.9,4,distraction,distracted,0.96793,0.031579,0.000203,0.0,0.000288,0.96793,0.038569,0.952602,0.0,0.073856,0.062396,0.058422,0.0,0.0,0.0,True,True,True,0.0,False,False,37.851
1719,85.95,4,distraction,distracted,0.972837,0.026708,0.000185,0.0,0.000269,0.972837,0.038136,0.952303,0.0,0.073853,0.062397,0.058383,0.0,0.0,0.0,True,True,True,0.0,False,False,37.504
1720,86.0,4,distraction,distracted,0.977141,0.022437,0.000174,0.0,0.000248,0.977141,0.037266,0.952701,0.0,0.073842,0.062397,0.058366,0.0,0.0,0.0,True,True,True,0.0,False,False,46.672
1721,86.05,4,distraction,distracted,0.980087,0.019513,0.000168,0.0,0.000232,0.980087,0.037339,0.952471,0.0,0.073842,0.062398,0.058349,0.0,0.0,0.0,True,True,True,0.0,False,False,37.808
1722,86.1,4,distraction,distracted,0.980662,0.01894,0.000169,0.0,0.000229,0.980662,0.036965,0.952495,0.0,0.073842,0.062356,0.05834,0.0,0.0,0.0,True,True,True,0.0,False,False,38.322
1723,86.15,4,distraction,distracted,0.979654,0.019936,0.000175,0.0,0.000234,0.979654,0.036618,0.952725,0.0,0.073842,0.062401,0.05835,0.0,0.0,0.0,True,True,True,0.0,False,False,37.528
1724,86.2,4,distraction,distracted,0.982204,0.01741,0.000168,0.0,0.000218,0.982204,0.036423,0.952676,0.0,0.073843,0.062401,0.058348,0.0,0.0,0.0,True,True,True,0.0,False,False,37.885
1725,86.25,4,distraction,distracted,0.984388,0.015242,0.000163,0.0,0.000207,0.984388,0.036414,0.952721,0.0,0.073842,0.062401,0.058346,0.0,0.0,0.0,True,True,True,0.0,False,False,46.846
1726,86.3,4,distraction,distracted,0.98545,0.014187,0.000162,0.0,0.000202,0.98545,0.040019,0.952594,0.0,0.073859,0.062406,0.05833,0.0,0.0,0.0,True,True,True,0.0,False,False,37.827
1727,86.35,4,distraction,distracted,0.987427,0.012227,0.000155,0.0,0.00019,0.987427,0.121014,0.935517,0.0,0.074278,0.062502,0.058398,0.0,0.0,0.0,True,True,True,0.0,False,False,38.094
1728,86.4,4,distraction,distracted,0.986012,0.013619,0.000165,0.0,0.000204,0.986012,0.077853,0.947021,0.0,0.074424,0.062613,0.058449,0.0,0.0,0.0,True,True,True,0.0,False,False,37.937
1729,86.45,4,distraction,distracted,0.983516,0.016087,0.000175,0.0,0.000222,0.983516,0.054093,0.95063,0.0,0.074353,0.062641,0.058464,0.0,0.0,0.0,True,True,True,0.0,False,False,37.684
1730,86.5,4,distraction,distracted,0.980706,0.01887,0.000184,0.0,0.00024,0.980706,0.048059,0.951768,0.0,0.074174,0.062661,0.058474,0.0,0.0,0.0,True,True,True,0.0,False,False,46.573
1731,86.55,4,distraction,distracted,0.975247,0.02429,0.000197,0.0,0.000266,0.975247,0.042214,0.95271,0.0,0.073716,0.062671,0.058461,0.0,0.0,0.0,True,True,True,0.0,False,False,37.708
1732,86.6,4,distraction,distracted,0.976368,0.023196,0.000186,0.0,0.00025,0.976368,0.039879,0.952608,0.0,0.071734,0.062633,0.058462,0.0,0.0,0.0,True,True,True,0.0,False,False,37.906
1733,86.65,4,distraction,distracted,0.981312,0.018294,0.000172,0.0,0.000222,0.981312,0.039717,0.952544,0.0,0.069868,0.06268,0.058481,0.0,0.0,0.0,True,True,True,0.0,False,False,37.604
1734,86.7,4,distraction,distracted,0.979243,0.02035,0.000179,0.0,0.000229,0.979243,0.039852,0.95247,0.0,0.068504,0.062686,0.058484,0.0,0.0,0.0,True,True,True,0.0,False,False,37.812
1735,86.75,4,distraction,distracted,0.969606,0.029923,0.000203,0.0,0.000269,0.969606,0.040312,0.952296,0.0,0.066738,0.062693,0.058485,0.0,0.0,0.0,True,True,True,0.0,False,False,46.502
1736,86.8,4,distraction,distracted,0.970426,0.029114,0.000196,0.0,0.000263,0.970426,0.040756,0.951974,0.0,0.064627,0.0627,0.05847,0.0,0.0,0.0,True,True,True,0.0,False,False,37.964
1737,86.85,4,distraction,distracted,0.967452,0.032073,0.000204,0.0,0.000272,0.967452,0.038882,0.952408,0.0,0.062586,0.06266,0.058472,0.0,0.0,0.0,True,True,True,0.0,False,False,37.983
1738,86.9,4,distraction,distracted,0.973452,0.02611,0.000192,0.0,0.000246,0.973452,0.037207,0.952169,0.0,0.061014,0.062701,0.058433,0.0,0.0,0.0,True,True,True,0.0,False,False,38.118
1739,86.95,4,distraction,distracted,0.973928,0.025629,0.000196,0.0,0.000247,0.973928,0.037253,0.952809,0.0,0.060129,0.062701,0.058418,0.0,0.0,0.0,True,True,True,0.0,False,False,37.769
1740,87.0,4,distraction,distracted,0.976719,0.022846,0.000192,0.0,0.000243,0.976719,0.037542,0.952752,0.0,0.058416,0.062702,0.058413,0.0,0.0,0.0,True,True,True,0.0,False,False,46.844
1741,87.05,4,distraction,distracted,0.979204,0.020369,0.000186,0.0,0.00024,0.979204,0.037952,0.952895,0.0,0.056522,0.062705,0.058396,0.0,0.0,0.0,True,True,True,0.0,False,False,37.643
1742,87.1,4,distraction,distracted,0.973647,0.025875,0.000202,0.0,0.000276,0.973647,0.037244,0.952951,0.0,0.054946,0.062662,0.058393,0.0,0.0,0.0,True,True,True,0.0,False,False,37.908
1743,87.15,4,distraction,distracted,0.973175,0.026346,0.0002,0.0,0.000279,0.973175,0.037569,0.952414,0.0,0.05418,0.062709,0.058409,0.0,0.0,0.0,True,True,True,0.0,False,False,37.691
1744,87.2,4,distraction,distracted,0.97803,0.021534,0.000187,0.0,0.00025,0.97803,0.037423,0.952517,0.0,0.05396,0.062712,0.058409,0.0,0.0,0.0,True,True,True,0.0,False,False,38.163
1745,87.25,4,distraction,distracted,0.979214,0.020362,0.000183,0.0,0.00024,0.979214,0.038488,0.952402,0.0,0.053909,0.062716,0.058411,0.0,0.0,0.0,True,True,True,0.0,False,False,47.27
1746,87.3,4,distraction,distracted,0.97834,0.021236,0.000185,0.0,0.000239,0.97834,0.03857,0.952179,0.0,0.053897,0.062718,0.058394,0.0,0.0,0.0,True,True,True,0.0,False,False,38.229
1747,87.35,4,distraction,distracted,0.967607,0.0319,0.000212,0.0,0.000281,0.967607,0.038942,0.951591,0.0,0.053903,0.062678,0.058396,0.0,0.0,0.0,True,True,True,0.0,False,False,38.421
1748,87.4,4,distraction,distracted,0.962255,0.037234,0.000219,0.0,0.000291,0.962255,0.037328,0.952178,0.0,0.053902,0.062722,0.058412,0.0,0.0,0.0,True,True,True,0.0,False,False,38.277
1749,87.45,4,distraction,distracted,0.956653,0.042813,0.000232,0.0,0.000302,0.956653,0.036681,0.952499,0.0,0.053902,0.062722,0.058412,0.0,0.0,0.0,True,True,True,0.0,False,False,38.538
1750,87.5,4,distraction,distracted,0.968772,0.030764,0.000209,0.0,0.000256,0.968772,0.036671,0.95264,0.0,0.053905,0.062721,0.058411,0.0,0.0,0.0,True,True,True,0.0,False,False,46.881
1751,87.55,4,distraction,distracted,0.972482,0.027071,0.000205,0.0,0.000242,0.972482,0.036216,0.952809,0.0,0.0539,0.062717,0.058393,0.0,0.0,0.0,True,True,True,0.0,False,False,38.231
1752,87.6,4,distraction,distracted,0.968797,0.030731,0.000219,0.0,0.000253,0.968797,0.036493,0.952845,0.0,0.0539,0.062673,0.058393,0.0,0.0,0.0,True,True,True,0.0,False,False,38.513
1753,87.65,4,distraction,distracted,0.953108,0.046338,0.000258,0.0,0.000296,0.953108,0.036551,0.952497,0.0,0.053899,0.062707,0.058408,0.0,0.0,0.0,True,True,True,0.0,False,False,38.856
1754,87.7,4,distraction,distracted,0.960481,0.039012,0.000238,0.0,0.000268,0.960481,0.037088,0.952282,0.0,0.053894,0.062703,0.058407,0.0,0.0,0.0,True,True,True,0.0,False,False,38.287
1755,87.75,4,distraction,distracted,0.967388,0.032137,0.000226,0.0,0.000249,0.967388,0.037582,0.952404,0.0,0.053889,0.062703,0.058407,0.0,0.0,0.0,True,True,True,0.0,False,False,47.173
1756,87.8,4,distraction,distracted,0.954089,0.045364,0.000259,0.0,0.000287,0.954089,0.03815,0.952496,0.0,0.053889,0.062697,0.05839,0.0,0.0,0.0,True,True,True,0.0,False,False,38.005
1757,87.85,4,distraction,distracted,0.95304,0.046419,0.000256,0.0,0.000286,0.95304,0.037977,0.952239,0.0,0.053897,0.062656,0.05839,0.0,0.0,0.0,True,True,True,0.0,False,False,37.605
1758,87.9,4,distraction,distracted,0.961934,0.037565,0.000238,0.0,0.000263,0.961934,0.038011,0.952659,0.0,0.053901,0.062691,0.058408,0.0,0.0,0.0,True,True,True,0.0,False,False,37.874
1759,87.95,4,distraction,distracted,0.956511,0.042963,0.000251,0.0,0.000275,0.956511,0.03788,0.953083,0.0,0.053895,0.06269,0.058409,0.0,0.0,0.0,True,True,True,0.0,False,False,37.632
1760,88.0,4,distraction,distracted,0.964615,0.034903,0.000231,0.0,0.000252,0.964615,0.037664,0.952922,0.0,0.053891,0.062687,0.058411,0.0,0.0,0.0,True,True,True,0.0,False,False,46.487
1761,88.05,4,distraction,distracted,0.970678,0.028868,0.000218,0.0,0.000237,0.970678,0.037025,0.953198,0.0,0.053892,0.062683,0.058393,0.0,0.0,0.0,True,True,True,0.0,False,False,37.795
1762,88.1,4,distraction,distracted,0.963705,0.035797,0.000237,0.0,0.000261,0.963705,0.036254,0.953247,0.0,0.053892,0.062639,0.058393,0.0,0.0,0.0,True,True,True,0.0,False,False,37.815
1763,88.15,4,distraction,distracted,0.963141,0.036365,0.000232,0.0,0.000262,0.963141,0.035519,0.95347,0.0,0.05389,0.062676,0.058411,0.0,0.0,0.0,True,True,True,0.0,False,False,37.931
1764,88.2,4,distraction,distracted,0.965499,0.034022,0.000225,0.0,0.000253,0.965499,0.036122,0.953648,0.0,0.053892,0.062672,0.058409,0.0,0.0,0.0,True,True,True,0.0,False,False,37.848
1765,88.25,4,distraction,distracted,0.964895,0.034626,0.000226,0.0,0.000254,0.964895,0.036682,0.952795,0.0,0.053895,0.06267,0.058409,0.0,0.0,0.0,True,True,True,0.0,False,False,46.616
1766,88.3,4,distraction,distracted,0.969317,0.030225,0.000216,0.0,0.000242,0.969317,0.041636,0.951801,0.0,0.053916,0.062675,0.058395,0.0,0.0,0.0,True,True,True,0.0,False,False,37.649
1767,88.35,4,distraction,distracted,0.977427,0.022166,0.000195,0.0,0.000212,0.977427,0.361084,0.894674,0.0,0.055445,0.063143,0.058651,0.0,0.0,0.0,True,True,True,0.0,False,False,40.781
1768,88.4,4,distraction,distracted,0.979356,0.02023,0.000206,0.0,0.000208,0.979356,0.499547,0.846905,0.0,0.057515,0.063879,0.059012,0.0,0.0,0.0,True,True,True,0.048172,False,False,38.336
1769,88.45,4,distraction,distracted,0.977049,0.022499,0.000231,0.0,0.000222,0.977049,0.524855,0.810523,0.0,0.059619,0.06458,0.059362,0.0,0.0,0.0,True,True,True,0.0,False,False,37.898
1770,88.5,4,distraction,distracted,0.980124,0.019425,0.000234,0.0,0.000217,0.980124,0.489323,0.873369,0.0,0.061713,0.065277,0.059709,0.0,0.0,0.0,True,True,True,0.0,False,False,46.833
1771,88.55,4,distraction,distracted,0.979524,0.019991,0.000256,0.0,0.000228,0.979524,0.438475,0.900468,0.0,0.063628,0.065916,0.060009,0.0,0.0,0.0,True,True,True,0.0,False,False,37.861
1772,88.6,4,distraction,distracted,0.982578,0.016929,0.000266,0.0,0.000226,0.982578,0.544238,0.841073,0.0,0.065662,0.066623,0.060384,0.0,0.0,0.0,True,True,True,0.0,False,False,37.974
1773,88.65,4,distraction,distracted,0.9848,0.01469,0.000284,0.0,0.000226,0.9848,0.568599,0.812173,0.0,0.066145,0.067441,0.060783,0.0,0.0,0.0,True,True,True,0.0,False,False,37.629
1774,88.7,4,distraction,distracted,0.985084,0.014393,0.000292,0.0,0.000231,0.985084,0.496392,0.871997,0.0,0.066886,0.068139,0.061135,0.0,0.0,0.0,True,True,True,0.0,False,False,37.835
1775,88.75,4,distraction,distracted,0.984723,0.014765,0.000276,0.0,0.000236,0.984723,0.410015,0.907363,0.0,0.06809,0.068343,0.061432,0.0,0.0,0.0,True,True,True,0.0,False,False,46.556
1776,88.8,4,distraction,distracted,0.98648,0.013066,0.000234,0.0,0.00022,0.98648,0.27357,0.927071,0.0,0.069088,0.068581,0.061605,0.0,0.0,0.0,True,True,True,0.0,False,False,37.851
1777,88.85,4,distraction,distracted,0.989142,0.010447,0.000209,0.0,0.000201,0.989142,0.504384,0.829646,0.0,0.071133,0.069216,0.061946,0.0,0.0,0.0,True,True,True,0.0,False,False,37.726
1778,88.9,4,distraction,distracted,0.98991,0.009683,0.000208,0.0,0.000199,0.98991,0.523649,0.816024,0.0,0.07325,0.0699,0.062054,0.0,0.0,0.0,True,True,True,0.0,False,False,37.912
1779,88.95,4,distraction,distracted,0.986126,0.013429,0.000223,0.0,0.000222,0.986126,0.439448,0.892564,0.0,0.075161,0.070517,0.062156,0.0,0.0,0.0,True,True,True,0.0,False,False,37.676
1780,89.0,4,distraction,distracted,0.980867,0.018669,0.000225,0.0,0.000239,0.980867,0.274327,0.925457,0.0,0.076333,0.070308,0.062274,0.0,0.0,0.0,True,True,True,0.0,False,False,46.648
1781,89.05,4,distraction,distracted,0.983583,0.016001,0.000196,0.0,0.00022,0.983583,0.105135,0.947451,0.0,0.076681,0.06989,0.06231,0.0,0.0,0.0,True,True,True,0.0,False,False,37.778
1782,89.1,4,distraction,distracted,0.98262,0.016962,0.000193,0.0,0.000225,0.98262,0.048739,0.955335,0.0,0.076745,0.069854,0.062302,0.0,0.0,0.0,True,True,True,0.0,False,False,37.771
1783,89.15,4,distraction,distracted,0.980989,0.018588,0.00019,0.0,0.000233,0.980989,0.041349,0.955151,0.0,0.076766,0.069606,0.061894,0.0,0.0,0.0,True,True,True,0.0,False,False,37.896
1784,89.2,4,distraction,distracted,0.976647,0.022899,0.000196,0.0,0.000258,0.976647,0.038381,0.955406,0.0,0.076778,0.069594,0.061615,0.0,0.0,0.0,True,True,True,0.0,False,False,37.747
1785,89.25,4,distraction,distracted,0.977088,0.022471,0.000186,0.0,0.000255,0.977088,0.037268,0.953131,0.0,0.076782,0.069591,0.061477,0.0,0.0,0.0,True,True,True,0.0,False,False,46.686
1786,89.3,4,distraction,distracted,0.975796,0.023772,0.000181,0.0,0.000251,0.975796,0.037392,0.953432,0.0,0.076782,0.069107,0.061457,0.0,0.0,0.0,True,True,True,0.0,False,False,37.844
1787,89.35,4,distraction,distracted,0.981819,0.017794,0.000166,0.0,0.000221,0.981819,0.038803,0.952633,0.0,0.076783,0.069056,0.061423,0.0,0.0,0.0,True,True,True,0.0,False,False,38.032
1788,89.4,4,distraction,distracted,0.979536,0.020063,0.000176,0.0,0.000225,0.979536,0.038643,0.952842,0.0,0.076786,0.067845,0.061437,0.0,0.0,0.0,True,True,True,0.0,False,False,37.822
1789,89.45,4,distraction,distracted,0.980734,0.018879,0.000175,0.0,0.000212,0.980734,0.037011,0.952981,0.0,0.076764,0.067543,0.061436,0.0,0.0,0.0,True,True,True,0.0,False,False,37.774
1790,89.5,4,distraction,distracted,0.979161,0.020439,0.000183,0.0,0.000217,0.979161,0.037333,0.952968,0.0,0.07675,0.067467,0.061437,0.0,0.0,0.0,True,True,True,0.0,False,False,46.918
1791,89.55,4,distraction,distracted,0.9793,0.020303,0.000184,0.0,0.000214,0.9793,0.03675,0.953626,0.0,0.076734,0.06745,0.061416,0.0,0.0,0.0,True,True,True,0.0,False,False,37.78
1792,89.6,4,distraction,distracted,0.977804,0.021789,0.000188,0.0,0.000219,0.977804,0.036544,0.953001,0.0,0.076726,0.067398,0.061416,0.0,0.0,0.0,True,True,True,0.0,False,False,38.012
1793,89.65,4,distraction,distracted,0.98008,0.019527,0.000181,0.0,0.000212,0.98008,0.036425,0.953627,0.0,0.076718,0.06744,0.061432,0.0,0.0,0.0,True,True,True,0.0,False,False,37.641
1794,89.7,4,distraction,distracted,0.975862,0.023709,0.000194,0.0,0.000234,0.975862,0.037304,0.95294,0.0,0.076715,0.06744,0.061429,0.0,0.0,0.0,True,True,True,0.0,False,False,38.201
1795,89.75,4,distraction,distracted,0.976547,0.023038,0.000182,0.0,0.000233,0.976547,0.03844,0.95261,0.0,0.076706,0.067444,0.061429,0.0,0.0,0.0,True,True,True,0.0,False,False,46.543
1796,89.8,4,distraction,distracted,0.973701,0.025867,0.000185,0.0,0.000247,0.973701,0.038271,0.952489,0.0,0.07671,0.067448,0.061409,0.0,0.0,0.0,True,True,True,0.0,False,False,37.781
1797,89.85,4,distraction,distracted,0.976799,0.022797,0.000174,0.0,0.000229,0.976799,0.038608,0.952718,0.0,0.076696,0.067399,0.06141,0.0,0.0,0.0,True,True,True,0.0,False,False,37.51
1798,89.9,4,distraction,distracted,0.979136,0.020487,0.000166,0.0,0.000211,0.979136,0.037458,0.953018,0.0,0.076689,0.067452,0.061428,0.0,0.0,0.0,True,True,True,0.237172,False,False,37.818
1799,89.95,4,distraction,distracted,0.97933,0.020298,0.000166,0.0,0.000207,0.97933,0.036914,0.952687,0.0,0.076685,0.067449,0.061426,0.0,0.0,0.0,True,True,True,0.254109,False,False,37.629
