frame_id,timestamp,state_id,state,predicted_driver_state,confidence,p_alert,p_drowsy,p_microsleep,p_yawning,p_distraction,closed_probability,ocular_reliability,closure_duration_seconds,perclos_10s,perclos_30s,perclos_60s,slow_perclos_10s,slow_perclos_30s,slow_perclos_60s,perclos_10s_reliable,perclos_30s_reliable,perclos_60s_reliable,nod_probability,microsleep_active,drowsy_episode_active,latency_ms
0,0.0,3,yawning,yawning,0.431036,0.245741,0.141062,0.0,0.431036,0.182161,0.327744,0.73092,0.0,0.327744,0.327744,0.327744,0.0,0.0,0.0,False,False,False,0.0,False,False,49.738
1,0.05,3,yawning,yawning,0.756612,0.140535,0.036752,0.0,0.756612,0.066102,0.226929,0.85697,0.0,0.273335,0.273335,0.273335,0.0,0.0,0.0,False,False,False,0.0,False,False,38.827
2,0.1,3,yawning,yawning,0.909145,0.064915,0.007428,0.0,0.909145,0.018512,0.103579,0.924456,0.0,0.21087,0.21087,0.21087,0.0,0.0,0.0,False,False,False,0.0,False,False,38.222
3,0.15,3,yawning,yawning,0.966033,0.026915,0.001889,0.0,0.966033,0.005163,0.062113,0.943562,0.0,0.170255,0.170255,0.170255,0.0,0.0,0.0,False,False,False,0.0,False,False,37.516
4,0.2,3,yawning,yawning,0.978367,0.018234,0.000866,0.0,0.978367,0.002534,0.042964,0.950964,0.0,0.142787,0.142787,0.142787,0.0,0.0,0.0,False,False,False,0.0,False,False,37.405
5,0.25,3,yawning,yawning,0.982399,0.015373,0.00055,0.0,0.982399,0.001678,0.041301,0.951752,0.0,0.124762,0.124762,0.124762,0.0,0.0,0.0,False,False,False,0.0,False,False,46.592
6,0.3,3,yawning,yawning,0.983623,0.014571,0.000431,0.0,0.983623,0.001375,0.038321,0.952966,0.0,0.11171,0.11171,0.11171,0.0,0.0,0.0,False,False,False,0.0,False,False,38.009
7,0.35,3,yawning,yawning,0.982025,0.01626,0.000385,0.0,0.982025,0.00133,0.038613,0.952985,0.0,0.102121,0.102121,0.102121,0.0,0.0,0.0,False,False,False,0.0,False,False,37.869
8,0.4,3,yawning,yawning,0.981202,0.017122,0.000351,0.0,0.981202,0.001324,0.037281,0.952779,0.0,0.094603,0.094603,0.094603,0.0,0.0,0.0,False,False,False,0.0,False,False,37.591
9,0.45,3,yawning,yawning,0.980884,0.017474,0.000326,0.0,0.980884,0.001317,0.039505,0.951921,0.0,0.088883,0.088883,0.088883,0.0,0.0,0.0,False,False,False,0.0,False,False,38.234
10,0.5,3,yawning,yawning,0.978865,0.019413,0.000318,0.0,0.978865,0.001404,0.03758,0.952586,0.0,0.084055,0.084055,0.084055,0.0,0.0,0.0,False,False,False,0.0,False,False,46.511
11,0.55,3,yawning,yawning,0.971593,0.026262,0.000344,0.0,0.971593,0.001801,0.036947,0.952968,0.0,0.080001,0.080001,0.080001,0.0,0.0,0.0,False,False,False,0.0,False,False,37.873
12,0.6,3,yawning,yawning,0.962835,0.034555,0.000373,0.0,0.962835,0.002237,0.036917,0.953589,0.0,0.076586,0.076586,0.076586,0.0,0.0,0.0,False,False,False,0.0,False,False,37.692
13,0.65,3,yawning,yawning,0.954844,0.042163,0.00039,0.0,0.954844,0.002603,0.036802,0.953486,0.0,0.073664,0.073664,0.073664,0.0,0.0,0.0,False,False,False,0.0,False,False,38.307
14,0.7,3,yawning,yawning,0.941293,0.055139,0.000418,0.0,0.941293,0.003149,0.037926,0.953012,0.0,0.07122,0.07122,0.07122,0.0,0.0,0.0,False,False,False,0.0,False,False,37.169
15,0.75,3,yawning,yawning,0.922666,0.072987,0.000455,0.0,0.922666,0.003892,0.03855,0.952792,0.0,0.069129,0.069129,0.069129,0.0,0.0,0.0,False,False,False,0.0,False,False,46.174
16,0.8,3,yawning,yawning,0.88805,0.106276,0.000519,0.0,0.88805,0.005155,0.03863,0.952651,0.0,0.067295,0.067295,0.067295,0.0,0.0,0.0,False,False,False,0.0,False,False,37.274
17,0.85,3,yawning,yawning,0.849258,0.143423,0.000584,0.0,0.849258,0.006735,0.039173,0.952481,0.0,0.0657,0.0657,0.0657,0.0,0.0,0.0,False,False,False,0.0,False,False,37.597
18,0.9,3,yawning,yawning,0.782473,0.206895,0.000681,0.0,0.782473,0.009951,0.039203,0.952754,0.0,0.064277,0.064277,0.064277,0.0,0.0,0.0,False,False,False,0.0,False,False,37.226
19,0.95,3,yawning,yawning,0.703035,0.283264,0.000741,0.0,0.703035,0.01296,0.039037,0.952606,0.0,0.062991,0.062991,0.062991,0.0,0.0,0.0,False,False,False,0.0,False,False,37.234
20,1.0,3,yawning,yawning,0.565968,0.416665,0.000802,0.0,0.565968,0.016564,0.039155,0.95259,0.0,0.061836,0.061836,0.061836,0.0,0.0,0.0,False,False,False,0.0,False,False,46.059
21,1.05,0,alert,alert,0.532736,0.532736,0.000814,0.0,0.44692,0.01953,0.03927,0.952516,0.0,0.060792,0.060792,0.060792,0.0,0.0,0.0,False,False,False,0.0,False,False,37.267
22,1.1,0,alert,alert,0.635436,0.635436,0.000795,0.0,0.340454,0.023314,0.039506,0.952008,0.0,0.059852,0.059852,0.059852,0.0,0.0,0.0,False,False,False,0.0,False,False,37.121
23,1.15,0,alert,alert,0.675898,0.675898,0.00076,0.0,0.297363,0.025979,0.038711,0.952082,0.0,0.058958,0.058958,0.058958,0.0,0.0,0.0,False,False,False,0.0,False,False,37.159
24,1.2,0,alert,alert,0.730333,0.730333,0.000709,0.0,0.239429,0.029529,0.037885,0.952116,0.0,0.058103,0.058103,0.058103,0.0,0.0,0.0,False,False,False,0.0,False,False,37.225
25,1.25,0,alert,alert,0.778301,0.778301,0.000651,0.0,0.190004,0.031044,0.037177,0.952357,0.0,0.057286,0.057286,0.057286,0.0,0.0,0.0,False,False,False,0.0,False,False,45.971
26,1.3,0,alert,alert,0.830198,0.830198,0.000578,0.0,0.139114,0.03011,0.037909,0.952607,0.0,0.056559,0.056559,0.056559,0.0,0.0,0.0,False,False,False,0.0,False,False,37.375
27,1.35,0,alert,alert,0.885749,0.885749,0.000501,0.0,0.084497,0.029252,0.039182,0.952285,0.0,0.05593,0.05593,0.05593,0.0,0.0,0.0,False,False,False,0.0,False,False,37.221
28,1.4,0,alert,alert,0.920305,0.920305,0.000435,0.0,0.051092,0.028169,0.037247,0.952833,0.0,0.055277,0.055277,0.055277,0.0,0.0,0.0,False,False,False,0.0,False,False,37.389
29,1.45,0,alert,alert,0.937596,0.937596,0.00038,0.0,0.034016,0.028008,0.037113,0.953009,0.0,0.054664,0.054664,0.054664,0.0,0.0,0.0,False,False,False,0.0,False,False,37.518
30,1.5,0,alert,alert,0.945522,0.945522,0.000341,0.0,0.02552,0.028617,0.037697,0.953288,0.0,0.054109,0.054109,0.054109,0.0,0.0,0.0,False,False,False,0.0,False,False,46.267
31,1.55,0,alert,alert,0.94231,0.94231,0.000328,0.0,0.025376,0.031986,0.036782,0.952836,0.0,0.053561,0.053561,0.053561,0.0,0.0,0.0,False,False,False,0.0,False,False,37.077
32,1.6,0,alert,alert,0.914317,0.914317,0.000378,0.0,0.020163,0.065143,0.435131,0.866212,0.0,0.064225,0.064225,0.064225,0.0,0.0,0.0,False,False,False,0.0,False,False,37.089
33,1.65,0,alert,alert,0.828639,0.828639,0.000596,0.0,0.01565,0.155114,0.516164,0.817868,0.0,0.075844,0.075844,0.075844,0.0,0.0,0.0,False,False,False,0.0,False,False,37.022
34,1.7,0,alert,alert,0.863363,0.863363,0.000562,0.0,0.015106,0.120969,0.515766,0.836402,0.0,0.087114,0.087114,0.087114,0.0,0.0,0.0,False,False,False,0.0,False,False,37.366
35,1.75,0,alert,alert,0.898391,0.898391,0.000469,0.0,0.014084,0.087056,0.477445,0.881782,0.0,0.097378,0.097378,0.097378,0.0,0.0,0.0,False,False,False,0.0,False,False,45.98
36,1.8,0,alert,alert,0.921784,0.921784,0.000396,0.0,0.015954,0.061866,0.38681,0.908449,0.0,0.105013,0.105013,0.105013,0.0,0.0,0.0,False,False,False,0.0,False,False,37.233
37,1.85,0,alert,alert,0.930768,0.930768,0.000345,0.0,0.01714,0.051748,0.229873,0.930148,0.0,0.108297,0.108297,0.108297,0.0,0.0,0.0,False,False,False,0.0,False,False,37.555
38,1.9,0,alert,alert,0.939582,0.939582,0.000307,0.0,0.01781,0.042301,0.089649,0.947763,0.0,0.10781,0.10781,0.10781,0.0,0.0,0.0,False,False,False,0.0,False,False,38.672
39,1.95,0,alert,alert,0.943473,0.943473,0.000288,0.0,0.018924,0.037316,0.046229,0.954007,0.0,0.106234,0.106234,0.106234,0.0,0.0,0.0,False,False,False,0.0,False,False,37.535
40,2.0,0,alert,alert,0.941819,0.941819,0.000287,0.0,0.022369,0.035525,0.040511,0.955134,0.0,0.104592,0.104592,0.104592,0.0,0.0,0.0,False,False,False,0.0,False,False,47.617
41,2.05,0,alert,alert,0.939667,0.939667,0.000291,0.0,0.02465,0.035392,0.037628,0.954593,0.0,0.10296,0.10296,0.10296,0.0,0.0,0.0,False,False,False,0.0,False,False,38.755
42,2.1,0,alert,alert,0.936219,0.936219,0.0003,0.0,0.026434,0.037046,0.036687,0.95393,0.0,0.101385,0.101385,0.101385,0.0,0.0,0.0,False,False,False,0.0,False,False,38.653
43,2.15,0,alert,alert,0.930629,0.930629,0.000314,0.0,0.030987,0.038071,0.038295,0.953214,0.0,0.099921,0.099921,0.099921,0.0,0.0,0.0,False,False,False,0.0,False,False,37.646
44,2.2,0,alert,alert,0.92768,0.92768,0.00032,0.0,0.032517,0.039483,0.04061,0.952467,0.0,0.098578,0.098578,0.098578,0.0,0.0,0.0,False,False,False,0.0,False,False,37.492
45,2.25,0,alert,alert,0.911003,0.911003,0.000354,0.0,0.041771,0.046872,0.040293,0.952368,0.0,0.097286,0.097286,0.097286,0.0,0.0,0.0,False,False,False,0.0,False,False,46.199
46,2.3,0,alert,alert,0.893373,0.893373,0.000389,0.0,0.052727,0.05351,0.039368,0.952326,0.0,0.096031,0.096031,0.096031,0.0,0.0,0.0,False,False,False,0.0,False,False,37.392
47,2.35,0,alert,alert,0.882803,0.882803,0.000409,0.0,0.061656,0.055133,0.040673,0.95225,0.0,0.094857,0.094857,0.094857,0.0,0.0,0.0,False,False,False,0.0,False,False,37.255
48,2.4,0,alert,alert,0.885102,0.885102,0.000405,0.0,0.060241,0.054252,0.040632,0.952224,0.0,0.093731,0.093731,0.093731,0.0,0.0,0.0,False,False,False,0.0,False,False,37.579
49,2.45,0,alert,alert,0.883206,0.883206,0.000413,0.0,0.065013,0.051368,0.041581,0.952008,0.0,0.09267,0.09267,0.09267,0.0,0.0,0.0,False,False,False,0.0,False,False,37.508
50,2.5,0,alert,alert,0.869196,0.869196,0.000445,0.0,0.078305,0.052053,0.040967,0.952017,0.0,0.091639,0.091639,0.091639,0.0,0.0,0.0,False,False,False,0.0,False,False,46.077
51,2.55,0,alert,alert,0.858546,0.858546,0.000462,0.0,0.090198,0.050794,0.040883,0.95151,0.0,0.090648,0.090648,0.090648,0.0,0.0,0.0,False,False,False,0.0,False,False,37.537
52,2.6,0,alert,alert,0.865016,0.865016,0.00045,0.0,0.086228,0.048305,0.040941,0.951438,0.0,0.089695,0.089695,0.089695,0.0,0.0,0.0,False,False,False,0.0,False,False,38.049
53,2.65,0,alert,alert,0.845719,0.845719,0.00048,0.0,0.102865,0.050936,0.038244,0.952289,0.0,0.088727,0.088727,0.088727,0.0,0.0,0.0,False,False,False,0.0,False,False,37.502
54,2.7,0,alert,alert,0.853561,0.853561,0.00047,0.0,0.09476,0.05121,0.03835,0.952167,0.0,0.087797,0.087797,0.087797,0.0,0.0,0.0,False,False,False,0.0,False,False,37.916
55,2.75,0,alert,alert,0.858297,0.858297,0.000466,0.0,0.090594,0.050643,0.037557,0.95231,0.0,0.086886,0.086886,0.086886,0.0,0.0,0.0,False,False,False,0.083906,False,False,46.085
56,2.8,0,alert,alert,0.844386,0.844386,0.000493,0.0,0.103267,0.051854,0.037104,0.95247,0.0,0.085999,0.085999,0.085999,0.0,0.0,0.0,False,False,False,0.0,False,False,37.699
57,2.85,0,alert,alert,0.834203,0.834203,0.000502,0.0,0.110519,0.054776,0.037604,0.95205,0.0,0.085152,0.085152,0.085152,0.0,0.0,0.0,False,False,False,0.0,False,False,37.317
58,2.9,0,alert,alert,0.817141,0.817141,0.000525,0.0,0.123485,0.05885,0.037109,0.952348,0.0,0.084326,0.084326,0.084326,0.0,0.0,0.0,False,False,False,0.0,False,False,37.418
59,2.95,0,alert,alert,0.826355,0.826355,0.00051,0.0,0.113094,0.060041,0.036604,0.952586,0.0,0.083519,0.083519,0.083519,0.0,0.0,0.0,False,False,False,0.0,False,False,38.088
60,3.0,0,alert,alert,0.831087,0.831087,0.000504,0.0,0.110329,0.05808,0.036914,0.952504,0.0,0.082744,0.082744,0.082744,0.0,0.0,0.0,False,False,False,0.0,False,False,46.915
61,3.05,0,alert,alert,0.842202,0.842202,0.000485,0.0,0.103854,0.053458,0.036585,0.952346,0.0,0.081989,0.081989,0.081989,0.0,0.0,0.0,False,False,False,0.0,False,False,37.465
62,3.1,0,alert,alert,0.849159,0.849159,0.000472,0.0,0.099324,0.051045,0.036466,0.952431,0.0,0.081256,0.081256,0.081256,0.0,0.0,0.0,False,False,False,0.0,False,False,37.574
63,3.15,0,alert,alert,0.852187,0.852187,0.000461,0.0,0.098156,0.049196,0.036834,0.95218,0.0,0.080553,0.080553,0.080553,0.0,0.0,0.0,False,False,False,0.0,False,False,37.586
64,3.2,0,alert,alert,0.852683,0.852683,0.000456,0.0,0.099747,0.047114,0.037225,0.951859,0.0,0.079878,0.079878,0.079878,0.0,0.0,0.0,False,False,False,0.0,False,False,37.904
65,3.25,0,alert,alert,0.878737,0.878737,0.00042,0.0,0.075764,0.045079,0.036852,0.952035,0.0,0.079217,0.079217,0.079217,0.0,0.0,0.0,False,False,False,0.0,False,False,46.614
66,3.3,0,alert,alert,0.899448,0.899448,0.000385,0.0,0.05608,0.044087,0.036403,0.95254,0.0,0.07857,0.07857,0.07857,0.0,0.0,0.0,False,False,False,0.0,False,False,37.599
67,3.35,0,alert,alert,0.922295,0.922295,0.000337,0.0,0.036242,0.041126,0.03731,0.952222,0.0,0.077956,0.077956,0.077956,0.0,0.0,0.0,False,False,False,0.0,False,False,37.638
68,3.4,0,alert,alert,0.928498,0.928498,0.000324,0.0,0.030963,0.040215,0.038945,0.951603,0.0,0.077384,0.077384,0.077384,0.0,0.0,0.0,False,False,False,0.0,False,False,37.391
69,3.45,0,alert,alert,0.936224,0.936224,0.000305,0.0,0.022519,0.040952,0.039737,0.951162,0.0,0.07684,0.07684,0.07684,0.0,0.0,0.0,False,False,False,0.0,False,False,37.398
70,3.5,0,alert,alert,0.943024,0.943024,0.000287,0.0,0.016596,0.040093,0.040352,0.950802,0.0,0.07632,0.07632,0.07632,0.0,0.0,0.0,False,False,False,0.0,False,False,46.351
71,3.55,0,alert,alert,0.951816,0.951816,0.00026,0.0,0.010881,0.037043,0.04221,0.950487,0.0,0.075842,0.075842,0.075842,0.0,0.0,0.0,False,False,False,0.0,False,False,37.849
72,3.6,0,alert,alert,0.96094,0.96094,0.000239,0.0,0.008002,0.030819,0.040713,0.951439,0.0,0.075355,0.075355,0.075355,0.0,0.0,0.0,False,False,False,0.0,False,False,37.862
73,3.65,0,alert,alert,0.962983,0.962983,0.000242,0.0,0.008812,0.027964,0.040176,0.95175,0.0,0.074874,0.074874,0.074874,0.0,0.0,0.0,False,False,False,0.0,False,False,37.834
74,3.7,0,alert,alert,0.959393,0.959393,0.000255,0.0,0.011426,0.028926,0.039696,0.951543,0.0,0.0744,0.0744,0.0744,0.0,0.0,0.0,False,False,False,0.0,False,False,37.542
75,3.75,0,alert,alert,0.958223,0.958223,0.000253,0.0,0.012029,0.029495,0.039775,0.951761,0.0,0.07394,0.07394,0.07394,0.0,0.0,0.0,False,False,False,0.0,False,False,46.467
76,3.8,0,alert,alert,0.95462,0.95462,0.000265,0.0,0.014495,0.03062,0.038107,0.952147,0.0,0.073469,0.073469,0.073469,0.0,0.0,0.0,False,False,False,0.0,False,False,37.984
77,3.85,0,alert,alert,0.950654,0.950654,0.000273,0.0,0.016794,0.03228,0.03869,0.95199,0.0,0.073018,0.073018,0.073018,0.0,0.0,0.0,False,False,False,0.0,False,False,37.552
78,3.9,0,alert,alert,0.945161,0.945161,0.000283,0.0,0.020286,0.03427,0.039386,0.951776,0.0,0.072588,0.072588,0.072588,0.0,0.0,0.0,False,False,False,0.0,False,False,37.367
79,3.95,0,alert,alert,0.943455,0.943455,0.000279,0.0,0.019456,0.03681,0.038821,0.951882,0.0,0.072162,0.072162,0.072162,0.0,0.0,0.0,False,False,False,0.0,False,False,37.18
80,4.0,0,alert,alert,0.941488,0.941488,0.000279,0.0,0.019659,0.038574,0.038647,0.95201,0.0,0.071744,0.071744,0.071744,0.0,0.0,0.0,False,False,False,0.0,False,False,46.489
81,4.05,0,alert,alert,0.93418,0.93418,0.000294,0.0,0.023867,0.04166,0.038212,0.952325,0.0,0.07133,0.07133,0.07133,0.0,0.0,0.0,False,False,False,0.0,False,False,37.625
82,4.1,0,alert,alert,0.932907,0.932907,0.000298,0.0,0.025199,0.041595,0.038186,0.952443,0.0,0.070927,0.070927,0.070927,0.0,0.0,0.0,False,False,False,0.0,False,False,37.187
83,4.15,0,alert,alert,0.928268,0.928268,0.000312,0.0,0.028042,0.043379,0.038926,0.952307,0.0,0.070542,0.070542,0.070542,0.0,0.0,0.0,False,False,False,0.0,False,False,37.391
84,4.2,0,alert,alert,0.926231,0.926231,0.000317,0.0,0.029318,0.044134,0.040226,0.951927,0.0,0.070182,0.070182,0.070182,0.0,0.0,0.0,False,False,False,0.0,False,False,37.473
85,4.25,0,alert,alert,0.932391,0.932391,0.000301,0.0,0.024063,0.043245,0.040213,0.951813,0.0,0.06983,0.06983,0.06983,0.0,0.0,0.0,False,False,False,0.0,False,False,46.357
86,4.3,0,alert,alert,0.929329,0.929329,0.000305,0.0,0.025445,0.044921,0.040016,0.952063,0.0,0.069484,0.069484,0.069484,0.0,0.0,0.0,False,False,False,0.0,False,False,37.502
87,4.35,0,alert,alert,0.929728,0.929728,0.0003,0.0,0.02681,0.043162,0.044906,0.950728,0.0,0.069202,0.069202,0.069202,0.0,0.0,0.0,False,False,False,0.0,False,False,38.521
88,4.4,0,alert,alert,0.91841,0.91841,0.000321,0.0,0.026312,0.054958,0.442017,0.870352,0.0,0.073072,0.073072,0.073072,0.0,0.0,0.0,False,False,False,0.0,False,False,38.247
89,4.45,0,alert,alert,0.930385,0.930385,0.000298,0.0,0.016559,0.052758,0.477959,0.863712,0.0,0.0772,0.0772,0.0772,0.0,0.0,0.0,False,False,False,0.0,False,False,38.571
90,4.5,0,alert,alert,0.94266,0.94266,0.000273,0.0,0.014188,0.042879,0.378185,0.910817,0.0,0.080402,0.080402,0.080402,0.0,0.0,0.0,False,False,False,0.0,False,False,46.454
91,4.55,0,alert,alert,0.947972,0.947972,0.00027,0.0,0.015713,0.036045,0.244162,0.931371,0.0,0.082164,0.082164,0.082164,0.0,0.0,0.0,False,False,False,0.0,False,False,37.655
92,4.6,0,alert,alert,0.933731,0.933731,0.000317,0.0,0.026943,0.039009,0.113275,0.947202,0.0,0.082501,0.082501,0.082501,0.0,0.0,0.0,False,False,False,0.0,False,False,37.249
93,4.65,0,alert,alert,0.909741,0.909741,0.000382,0.0,0.049043,0.040834,0.056188,0.954796,0.0,0.082217,0.082217,0.082217,0.0,0.0,0.0,False,False,False,0.0,False,False,37.274
94,4.7,0,alert,alert,0.887688,0.887688,0.000425,0.0,0.071009,0.040877,0.041386,0.955699,0.0,0.081781,0.081781,0.081781,0.0,0.0,0.0,False,False,False,0.0,False,False,37.349
95,4.75,0,alert,alert,0.893527,0.893527,0.000423,0.0,0.067445,0.038605,0.039624,0.954523,0.0,0.081335,0.081335,0.081335,0.0,0.0,0.0,False,False,False,0.0,False,False,46.219
96,4.8,0,alert,alert,0.90656,0.90656,0.000399,0.0,0.05852,0.034521,0.038189,0.95392,0.0,0.080885,0.080885,0.080885,0.0,0.0,0.0,False,False,False,0.0,False,False,37.188
97,4.85,0,alert,alert,0.906181,0.906181,0.0004,0.0,0.058237,0.035183,0.037566,0.953368,0.0,0.080437,0.080437,0.080437,0.0,0.0,0.0,False,False,False,0.0,False,False,37.51
98,4.9,0,alert,alert,0.923221,0.923221,0.00037,0.0,0.042626,0.033783,0.03771,0.952988,0.0,0.08,0.08,0.08,0.0,0.0,0.0,False,False,False,0.0,False,False,37.192
99,4.95,0,alert,alert,0.940965,0.940965,0.000325,0.0,0.025104,0.033607,0.037884,0.952382,0.0,0.079574,0.079574,0.079574,0.0,0.0,0.0,False,False,False,0.0,False,False,37.331
100,5.0,0,alert,alert,0.947678,0.947678,0.00029,0.0,0.017691,0.034341,0.038454,0.95225,0.0,0.079163,0.079163,0.079163,0.0,0.0,0.0,False,False,False,0.0,False,False,47.327
101,5.05,0,alert,alert,0.955678,0.955678,0.000262,0.0,0.012608,0.031453,0.037991,0.952197,0.0,0.078755,0.078755,0.078755,0.0,0.0,0.0,False,False,False,0.0,False,False,37.837
102,5.1,0,alert,alert,0.962536,0.962536,0.000235,0.0,0.008684,0.028545,0.038487,0.951957,0.0,0.07836,0.07836,0.07836,0.0,0.0,0.0,False,False,False,0.0,False,False,37.769
103,5.15,0,alert,alert,0.963513,0.963513,0.000229,0.0,0.00828,0.027978,0.038381,0.951703,0.0,0.077971,0.077971,0.077971,0.0,0.0,0.0,False,False,False,0.0,False,False,37.79
104,5.2,0,alert,alert,0.965029,0.965029,0.000221,0.0,0.008021,0.026728,0.038359,0.951535,0.0,0.07759,0.07759,0.07759,0.0,0.0,0.0,False,False,False,0.0,False,False,38.126
105,5.25,0,alert,alert,0.968124,0.968124,0.000211,0.0,0.00694,0.024725,0.038031,0.951939,0.0,0.077213,0.077213,0.077213,0.0,0.0,0.0,False,False,False,0.0,False,False,46.627
106,5.3,0,alert,alert,0.971175,0.971175,0.0002,0.0,0.005762,0.022863,0.038296,0.951917,0.0,0.076846,0.076846,0.076846,0.0,0.0,0.0,False,False,False,0.0,False,False,38.223
107,5.35,0,alert,alert,0.972496,0.972496,0.000196,0.0,0.005195,0.022113,0.03857,0.951907,0.0,0.076488,0.076488,0.076488,0.0,0.0,0.0,False,False,False,0.0,False,False,38.084
108,5.4,0,alert,alert,0.974351,0.974351,0.000191,0.0,0.004559,0.020899,0.041867,0.951002,0.0,0.076168,0.076168,0.076168,0.0,0.0,0.0,False,False,False,0.0,False,False,37.903
109,5.45,0,alert,alert,0.974163,0.974163,0.00019,0.0,0.00411,0.021537,0.303911,0.912556,0.0,0.078173,0.078173,0.078173,0.0,0.0,0.0,False,False,False,0.0,False,False,37.082
110,5.5,0,alert,alert,0.953017,0.953017,0.000285,0.0,0.004811,0.041887,0.494619,0.841889,0.0,0.081528,0.081528,0.081528,0.0,0.0,0.0,False,False,False,0.0,False,False,46.118
111,5.55,0,alert,alert,0.933354,0.933354,0.000434,0.0,0.005108,0.061104,0.527382,0.797137,0.0,0.084903,0.084903,0.084903,0.0,0.0,0.0,False,False,False,0.0,False,False,37.303
112,5.6,0,alert,alert,0.956816,0.956816,0.000361,0.0,0.004266,0.038557,0.483434,0.871657,0.0,0.088175,0.088175,0.088175,0.0,0.0,0.0,False,False,False,0.0,False,False,37.38
113,5.65,0,alert,alert,0.967832,0.967832,0.0003,0.0,0.004514,0.027354,0.397747,0.904859,0.0,0.090791,0.090791,0.090791,0.0,0.0,0.0,False,False,False,0.0,False,False,37.195
114,5.7,0,alert,alert,0.972694,0.972694,0.00026,0.0,0.004314,0.022732,0.243007,0.929455,0.0,0.092101,0.092101,0.092101,0.0,0.0,0.0,False,False,False,0.0,False,False,37.203
115,5.75,0,alert,alert,0.970896,0.970896,0.000256,0.0,0.005833,0.023016,0.095443,0.949437,0.0,0.092131,0.092131,0.092131,0.0,0.0,0.0,False,False,False,0.0,False,False,46.315
116,5.8,0,alert,alert,0.96733,0.96733,0.000262,0.0,0.007491,0.024917,0.048868,0.956051,0.0,0.091754,0.091754,0.091754,0.0,0.0,0.0,False,False,False,0.051934,False,False,37.437
117,5.85,0,alert,alert,0.968637,0.968637,0.000247,0.0,0.007472,0.023644,0.040085,0.956764,0.0,0.091308,0.091308,0.091308,0.0,0.0,0.0,False,False,False,0.052392,False,False,37.395
118,5.9,0,alert,alert,0.968553,0.968553,0.000235,0.0,0.007448,0.023764,0.038297,0.95475,0.0,0.090856,0.090856,0.090856,0.0,0.0,0.0,False,False,False,0.072763,False,False,37.698
119,5.95,0,alert,alert,0.969451,0.969451,0.00022,0.0,0.006958,0.023372,0.039238,0.953038,0.0,0.090419,0.090419,0.090419,0.0,0.0,0.0,False,False,False,0.084207,False,False,37.601
120,6.0,0,alert,alert,0.967879,0.967879,0.000224,0.0,0.008305,0.023592,0.038948,0.952771,0.0,0.089988,0.089988,0.089988,0.0,0.0,0.0,False,False,False,0.0,False,False,46.286
121,6.05,0,alert,alert,0.962635,0.962635,0.000244,0.0,0.011471,0.02565,0.039487,0.952212,0.0,0.089569,0.089569,0.089569,0.0,0.0,0.0,False,False,False,0.0,False,False,37.423
122,6.1,0,alert,alert,0.963936,0.963936,0.000232,0.0,0.010711,0.025121,0.039761,0.952374,0.0,0.089159,0.089159,0.089159,0.0,0.0,0.0,False,False,False,0.0,False,False,37.417
123,6.15,0,alert,alert,0.963449,0.963449,0.000225,0.0,0.009022,0.027304,0.148495,0.93043,0.0,0.089632,0.089632,0.089632,0.0,0.0,0.0,False,False,False,0.304902,False,False,37.509
124,6.2,0,alert,alert,0.954861,0.954861,0.000276,0.0,0.009289,0.035575,0.474993,0.854318,0.0,0.092436,0.092436,0.092436,0.0,0.0,0.0,False,False,False,0.420895,False,False,37.439
125,6.25,0,alert,alert,0.939151,0.939151,0.000375,0.0,0.012874,0.047599,0.522539,0.823624,0.0,0.095432,0.095432,0.095432,0.0,0.0,0.0,False,False,False,0.420895,False,False,46.173
126,6.3,0,alert,alert,0.925024,0.925024,0.000477,0.0,0.020912,0.053587,0.522572,0.821219,0.0,0.098379,0.098379,0.098379,0.0,0.0,0.0,False,False,False,0.332019,False,False,37.511
127,6.35,0,alert,alert,0.926924,0.926924,0.000471,0.0,0.027098,0.045506,0.467704,0.88659,0.0,0.101109,0.101109,0.101109,0.0,0.0,0.0,False,False,False,0.220806,False,False,37.076
128,6.4,0,alert,alert,0.925561,0.925561,0.000451,0.0,0.034679,0.03931,0.356045,0.913247,0.0,0.103035,0.103035,0.103035,0.0,0.0,0.0,False,False,False,0.171082,False,False,37.191
129,6.45,0,alert,alert,0.89374,0.89374,0.000518,0.0,0.06477,0.040972,0.160321,0.939172,0.0,0.103477,0.103477,0.103477,0.0,0.0,0.0,False,False,False,0.129294,False,False,37.626
130,6.5,0,alert,alert,0.891456,0.891456,0.000488,0.0,0.066193,0.041863,0.062758,0.952828,0.0,0.103161,0.103161,0.103161,0.0,0.0,0.0,False,False,False,0.167517,False,False,46.209
131,6.55,0,alert,alert,0.905109,0.905109,0.000435,0.0,0.053243,0.041213,0.043188,0.955772,0.0,0.102697,0.102697,0.102697,0.0,0.0,0.0,False,False,False,0.22222,False,False,37.711
132,6.6,0,alert,alert,0.924128,0.924128,0.000377,0.0,0.035763,0.039732,0.038924,0.955376,0.0,0.102208,0.102208,0.102208,0.0,0.0,0.0,False,False,False,0.167517,False,False,37.758
133,6.65,0,alert,alert,0.937946,0.937946,0.000335,0.0,0.026265,0.035454,0.036921,0.954437,0.0,0.101712,0.101712,0.101712,0.0,0.0,0.0,False,False,False,0.085349,False,False,37.321
134,6.7,0,alert,alert,0.950588,0.950588,0.000299,0.0,0.01756,0.031552,0.036021,0.953662,0.0,0.101217,0.101217,0.101217,0.0,0.0,0.0,False,False,False,0.087883,False,False,37.524
135,6.75,0,alert,alert,0.956431,0.956431,0.000282,0.0,0.013028,0.030259,0.036714,0.952848,0.0,0.100735,0.100735,0.100735,0.0,0.0,0.0,False,False,False,0.093491,False,False,46.123
136,6.8,0,alert,alert,0.955718,0.955718,0.000281,0.0,0.013042,0.03096,0.037166,0.952796,0.0,0.100264,0.100264,0.100264,0.0,0.0,0.0,False,False,False,0.093491,False,False,37.311
137,6.85,0,alert,alert,0.953456,0.953456,0.000283,0.0,0.014731,0.03153,0.03892,0.952289,0.0,0.099813,0.099813,0.099813,0.0,0.0,0.0,False,False,False,0.0,False,False,37.355
138,6.9,0,alert,alert,0.955704,0.955704,0.00027,0.0,0.01251,0.031516,0.039294,0.951924,0.0,0.099371,0.099371,0.099371,0.0,0.0,0.0,False,False,False,0.0,False,False,37.082
139,6.95,0,alert,alert,0.954548,0.954548,0.000259,0.0,0.012221,0.032971,0.041654,0.951009,0.0,0.098953,0.098953,0.098953,0.0,0.0,0.0,False,False,False,0.0,False,False,37.382
140,7.0,0,alert,alert,0.954342,0.954342,0.000239,0.0,0.010618,0.034801,0.041293,0.951079,0.0,0.098538,0.098538,0.098538,0.0,0.0,0.0,False,False,False,0.505347,False,False,46.213
141,7.05,0,alert,alert,0.953139,0.953139,0.000218,0.0,0.00835,0.038293,0.039814,0.951791,0.0,0.098119,0.098119,0.098119,0.0,0.0,0.0,False,False,False,0.381751,False,False,37.357
142,7.1,0,alert,alert,0.955304,0.955304,0.000199,0.0,0.007337,0.037159,0.039758,0.951876,0.0,0.097705,0.097705,0.097705,0.0,0.0,0.0,False,False,False,0.368933,False,False,37.419
143,7.15,0,alert,alert,0.934493,0.934493,0.000227,0.0,0.011173,0.054108,0.421518,0.888934,0.0,0.099836,0.099836,0.099836,0.0,0.0,0.0,False,False,False,0.143485,False,False,37.882
144,7.2,0,alert,alert,0.88609,0.88609,0.00031,0.0,0.015522,0.098078,0.516592,0.830516,0.0,0.102383,0.102383,0.102383,0.0,0.0,0.0,False,False,False,0.0,False,False,37.427
145,7.25,0,alert,alert,0.738878,0.738878,0.000478,0.0,0.020008,0.240636,0.566564,0.815978,0.0,0.105153,0.105153,0.105153,0.0,0.0,0.0,False,False,False,0.0,False,False,46.37
146,7.3,0,alert,alert,0.578045,0.578045,0.000584,0.0,0.015557,0.405815,0.627003,0.823705,0.0,0.108278,0.108278,0.108278,0.0,0.0,0.0,False,False,False,0.0,False,False,37.999
147,7.35,0,alert,alert,0.685054,0.685054,0.000472,0.0,0.010732,0.303742,0.533649,0.88068,0.0,0.110985,0.110985,0.110985,0.0,0.0,0.0,False,False,False,0.0,False,False,37.75
148,7.4,0,alert,alert,0.810534,0.810534,0.000341,0.0,0.008542,0.180583,0.474742,0.897321,0.0,0.113327,0.113327,0.113327,0.0,0.0,0.0,False,False,False,0.0,False,False,37.371
149,7.45,0,alert,alert,0.888424,0.888424,0.000259,0.0,0.007519,0.103799,0.381009,0.917272,0.0,0.115078,0.115078,0.115078,0.0,0.0,0.0,False,False,False,0.0,False,False,37.288
150,7.5,0,alert,alert,0.910741,0.910741,0.000218,0.0,0.005394,0.083647,0.230049,0.932101,0.0,0.115837,0.115837,0.115837,0.0,0.0,0.0,False,False,False,0.0,False,False,45.864
151,7.55,0,alert,alert,0.923779,0.923779,0.0002,0.0,0.004771,0.07125,0.113277,0.943608,0.0,0.11582,0.11582,0.11582,0.0,0.0,0.0,False,False,False,0.0,False,False,37.492
152,7.6,0,alert,alert,0.92833,0.92833,0.000184,0.0,0.00391,0.067576,0.072041,0.949437,0.0,0.11553,0.11553,0.11553,0.0,0.0,0.0,False,False,False,0.0,False,False,37.37
153,7.65,0,alert,alert,0.928815,0.928815,0.000175,0.0,0.003505,0.067505,0.103154,0.944458,0.0,0.115449,0.115449,0.115449,0.0,0.0,0.0,False,False,False,0.0,False,False,37.592
154,7.7,0,alert,alert,0.932212,0.932212,0.000168,0.0,0.002793,0.064828,0.216856,0.926637,0.0,0.116097,0.116097,0.116097,0.0,0.0,0.0,False,False,False,0.0,False,False,37.3
155,7.75,0,alert,alert,0.938957,0.938957,0.000162,0.0,0.002254,0.058628,0.17771,0.935936,0.0,0.116492,0.116492,0.116492,0.0,0.0,0.0,False,False,False,0.0,False,False,46.166
156,7.8,0,alert,alert,0.944609,0.944609,0.000161,0.0,0.001805,0.053425,0.19056,0.935739,0.0,0.116964,0.116964,0.116964,0.0,0.0,0.0,False,False,False,0.0,False,False,37.607
157,7.85,0,alert,alert,0.946326,0.946326,0.000163,0.0,0.001453,0.052057,0.14309,0.941743,0.0,0.117131,0.117131,0.117131,0.0,0.0,0.0,False,False,False,0.0,False,False,37.561
158,7.9,0,alert,alert,0.950345,0.950345,0.000161,0.0,0.00133,0.048164,0.113226,0.945211,0.0,0.117106,0.117106,0.117106,0.0,0.0,0.0,False,False,False,0.0,False,False,37.447
159,7.95,0,alert,alert,0.950022,0.950022,0.000166,0.0,0.001297,0.048515,0.078626,0.950926,0.0,0.116862,0.116862,0.116862,0.0,0.0,0.0,False,False,False,0.0,False,False,37.525
160,8.0,0,alert,alert,0.944288,0.944288,0.000182,0.0,0.00124,0.05429,0.073796,0.950463,0.0,0.11659,0.11659,0.11659,0.0,0.0,0.0,False,False,False,0.0,False,False,46.428
161,8.05,0,alert,alert,0.947334,0.947334,0.000179,0.0,0.001292,0.051195,0.257277,0.924892,0.0,0.117449,0.117449,0.117449,0.0,0.0,0.0,False,False,False,0.0,False,False,37.381
162,8.1,0,alert,alert,0.944768,0.944768,0.000183,0.0,0.001369,0.05368,0.437286,0.894074,0.0,0.119325,0.119325,0.119325,0.0,0.0,0.0,False,False,False,0.0,False,False,37.246
163,8.15,0,alert,alert,0.946422,0.946422,0.000184,0.0,0.001585,0.051809,0.435053,0.90229,0.0,0.121183,0.121183,0.121183,0.0,0.0,0.0,False,False,False,0.0,False,False,37.49
164,8.2,0,alert,alert,0.94945,0.94945,0.000182,0.0,0.001855,0.048513,0.382417,0.916313,0.0,0.122735,0.122735,0.122735,0.0,0.0,0.0,False,False,False,0.0,False,False,37.706
165,8.25,0,alert,alert,0.951652,0.951652,0.000176,0.0,0.002426,0.045747,0.28148,0.928443,0.0,0.123685,0.123685,0.123685,0.0,0.0,0.0,False,False,False,0.0,False,False,46.742
166,8.3,0,alert,alert,0.951513,0.951513,0.000175,0.0,0.003093,0.045219,0.192009,0.938532,0.0,0.124096,0.124096,0.124096,0.0,0.0,0.0,False,False,False,0.0,False,False,38.139
167,8.35,0,alert,alert,0.952021,0.952021,0.00017,0.0,0.003447,0.044361,0.123286,0.946033,0.0,0.124091,0.124091,0.124091,0.0,0.0,0.0,False,False,False,0.0,False,False,37.189
168,8.4,0,alert,alert,0.95569,0.95569,0.00016,0.0,0.002976,0.041174,0.083443,0.950581,0.0,0.123846,0.123846,0.123846,0.0,0.0,0.0,False,False,False,0.0,False,False,37.796
169,8.45,0,alert,alert,0.960599,0.960599,0.000151,0.0,0.002386,0.036863,0.078856,0.950041,0.0,0.123577,0.123577,0.123577,0.0,0.0,0.0,False,False,False,0.0,False,False,37.817
170,8.5,0,alert,alert,0.92767,0.92767,0.000217,0.0,0.002465,0.069648,0.448011,0.865556,0.0,0.125334,0.125334,0.125334,0.0,0.0,0.0,False,False,False,0.0,False,False,46.816
171,8.55,0,alert,alert,0.882421,0.882421,0.000317,0.0,0.002502,0.11476,0.522534,0.829458,0.0,0.127385,0.127385,0.127385,0.0,0.0,0.0,False,False,False,0.0,False,False,37.911
172,8.6,0,alert,alert,0.87989,0.87989,0.000335,0.0,0.003307,0.116468,0.521898,0.848662,0.0,0.129459,0.129459,0.129459,0.0,0.0,0.0,False,False,False,0.0,False,False,37.268
173,8.65,0,alert,alert,0.882127,0.882127,0.000325,0.0,0.004666,0.112883,0.493174,0.886262,0.0,0.131444,0.131444,0.131444,0.0,0.0,0.0,False,False,False,0.0,False,False,37.32
174,8.7,0,alert,alert,0.854536,0.854536,0.000325,0.0,0.004699,0.14044,0.458273,0.901486,0.0,0.133248,0.133248,0.133248,0.0,0.0,0.0,False,False,False,0.0,False,False,37.284
175,8.75,0,alert,alert,0.845789,0.845789,0.000317,0.0,0.004295,0.149599,0.414743,0.909712,0.0,0.134808,0.134808,0.134808,0.0,0.0,0.0,False,False,False,0.0,False,False,45.964
176,8.8,0,alert,alert,0.863806,0.863806,0.000299,0.0,0.004539,0.131356,0.320778,0.923867,0.0,0.135849,0.135849,0.135849,0.0,0.0,0.0,False,False,False,0.0,False,False,37.824
177,8.85,0,alert,alert,0.885297,0.885297,0.000282,0.0,0.006201,0.10822,0.244644,0.931676,0.0,0.136459,0.136459,0.136459,0.0,0.0,0.0,False,False,False,0.0,False,False,37.226
178,8.9,0,alert,alert,0.90027,0.90027,0.00026,0.0,0.007781,0.091689,0.181692,0.939634,0.0,0.136714,0.136714,0.136714,0.0,0.0,0.0,False,False,False,0.0,False,False,37.563
179,8.95,0,alert,alert,0.91986,0.91986,0.000218,0.0,0.007455,0.072467,0.166752,0.940508,0.0,0.136882,0.136882,0.136882,0.0,0.0,0.0,False,False,False,0.0,False,False,37.11
180,9.0,0,alert,alert,0.933547,0.933547,0.000206,0.0,0.007527,0.05872,0.106368,0.948969,0.0,0.13671,0.13671,0.13671,0.0,0.0,0.0,False,False,False,0.0,False,False,46.18
181,9.05,0,alert,alert,0.944913,0.944913,0.000192,0.0,0.006322,0.048574,0.087195,0.949378,0.0,0.136433,0.136433,0.136433,0.0,0.0,0.0,False,False,False,0.0,False,False,37.169
182,9.1,0,alert,alert,0.94875,0.94875,0.000193,0.0,0.006563,0.044494,0.087069,0.947955,0.0,0.136159,0.136159,0.136159,0.0,0.0,0.0,False,False,False,0.0,False,False,37.462
183,9.15,0,alert,alert,0.944955,0.944955,0.000205,0.0,0.007823,0.047017,0.068545,0.950984,0.0,0.135785,0.135785,0.135785,0.0,0.0,0.0,False,False,False,0.0,False,False,37.272
184,9.2,0,alert,alert,0.942419,0.942419,0.000203,0.0,0.006766,0.050612,0.054199,0.952372,0.0,0.135335,0.135335,0.135335,0.0,0.0,0.0,False,False,False,0.0,False,False,37.43
185,9.25,0,alert,alert,0.942932,0.942932,0.000193,0.0,0.005206,0.051669,0.063643,0.950391,0.0,0.134943,0.134943,0.134943,0.0,0.0,0.0,False,False,False,0.0,False,False,45.993
186,9.3,0,alert,alert,0.947984,0.947984,0.000183,0.0,0.00346,0.048373,0.071584,0.948998,0.0,0.134598,0.134598,0.134598,0.0,0.0,0.0,False,False,False,0.0,False,False,37.473
187,9.35,0,alert,alert,0.954098,0.954098,0.000182,0.0,0.002527,0.043193,0.070228,0.949568,0.0,0.13425,0.13425,0.13425,0.0,0.0,0.0,False,False,False,0.0,False,False,37.448
188,9.4,0,alert,alert,0.959295,0.959295,0.00019,0.0,0.002035,0.038479,0.062991,0.950654,0.0,0.133866,0.133866,0.133866,0.0,0.0,0.0,False,False,False,0.0,False,False,37.446
189,9.45,0,alert,alert,0.959482,0.959482,0.000206,0.0,0.001916,0.038396,0.084767,0.946891,0.0,0.133604,0.133604,0.133604,0.0,0.0,0.0,False,False,False,0.0,False,False,37.4
190,9.5,0,alert,alert,0.965132,0.965132,0.000195,0.0,0.002127,0.032547,0.08172,0.947202,0.0,0.133328,0.133328,0.133328,0.0,0.0,0.0,False,False,False,0.0,False,False,46.482
191,9.55,0,alert,alert,0.964585,0.964585,0.000193,0.0,0.002929,0.032293,0.062061,0.950756,0.0,0.132951,0.132951,0.132951,0.0,0.0,0.0,False,False,False,0.0,False,False,37.952
192,9.6,0,alert,alert,0.956708,0.956708,0.000205,0.0,0.004871,0.038216,0.073234,0.946093,0.0,0.132637,0.132637,0.132637,0.0,0.0,0.0,False,False,False,0.0,False,False,38.49
193,9.65,0,alert,alert,0.947707,0.947707,0.000212,0.0,0.007191,0.044889,0.076701,0.946355,0.0,0.132345,0.132345,0.132345,0.0,0.0,0.0,False,False,False,0.0,False,False,37.772
194,9.7,0,alert,alert,0.944157,0.944157,0.000212,0.0,0.009794,0.045837,0.073649,0.945577,0.0,0.13204,0.13204,0.13204,0.0,0.0,0.0,False,False,False,0.0,False,False,38.433
195,9.75,0,alert,alert,0.95336,0.95336,0.000187,0.0,0.008016,0.038438,0.073217,0.945644,0.0,0.131737,0.131737,0.131737,0.0,0.0,0.0,False,False,False,0.0,False,False,47.662
196,9.8,0,alert,alert,0.963668,0.963668,0.000167,0.0,0.005209,0.030956,0.064406,0.947707,0.0,0.13139,0.13139,0.13139,0.0,0.0,0.0,False,False,False,0.0,False,False,37.801
197,9.85,0,alert,alert,0.969237,0.969237,0.000156,0.0,0.003569,0.027038,0.058628,0.947696,0.0,0.131017,0.131017,0.131017,0.0,0.0,0.0,False,False,False,0.0,False,False,37.355
198,9.9,0,alert,alert,0.973609,0.973609,0.00015,0.0,0.002796,0.023445,0.068499,0.946255,0.0,0.130699,0.130699,0.130699,0.0,0.0,0.0,False,False,False,0.0,False,False,37.479
199,9.95,0,alert,alert,0.972934,0.972934,0.000155,0.0,0.002768,0.024143,0.064397,0.947474,0.0,0.130363,0.130363,0.130363,0.0,0.0,0.0,True,False,False,0.0,False,False,37.3
200,10.0,0,alert,alert,0.970033,0.970033,0.000166,0.0,0.003675,0.026126,0.061658,0.947664,0.0,0.129244,0.130016,0.130016,0.0,0.0,0.0,True,False,False,0.0,False,False,46.623
201,10.05,0,alert,alert,0.966516,0.966516,0.000175,0.0,0.005438,0.027871,0.058893,0.94848,0.0,0.12844,0.129659,0.129659,0.0,0.0,0.0,True,False,False,0.0,False,False,37.455
202,10.1,0,alert,alert,0.963148,0.963148,0.000175,0.0,0.006764,0.029913,0.062861,0.946485,0.0,0.12811,0.129326,0.129326,0.0,0.0,0.0,True,False,False,0.0,False,False,37.556
203,10.15,0,alert,alert,0.960808,0.960808,0.000177,0.0,0.008088,0.030927,0.057559,0.94816,0.0,0.128207,0.128969,0.128969,0.0,0.0,0.0,True,False,False,0.0,False,False,37.362
204,10.2,0,alert,alert,0.959368,0.959368,0.000182,0.0,0.009479,0.030972,0.062264,0.947567,0.0,0.127875,0.128639,0.128639,0.0,0.0,0.0,True,False,False,0.0,False,False,37.702
205,10.25,0,alert,alert,0.961515,0.961515,0.000174,0.0,0.008158,0.030153,0.065481,0.94675,0.0,0.128431,0.128328,0.128328,0.0,0.0,0.0,True,False,False,0.0,False,False,46.343
206,10.3,0,alert,alert,0.96749,0.96749,0.000158,0.0,0.005563,0.026788,0.054423,0.950015,0.0,0.128514,0.127966,0.127966,0.0,0.0,0.0,True,False,False,0.0,False,False,37.532
207,10.35,0,alert,alert,0.973133,0.973133,0.000148,0.0,0.003734,0.022985,0.047824,0.950978,0.0,0.128106,0.127574,0.127574,0.0,0.0,0.0,True,False,False,0.0,False,False,37.917
208,10.4,0,alert,alert,0.974142,0.974142,0.000146,0.0,0.003341,0.022371,0.049015,0.949977,0.0,0.128622,0.127192,0.127192,0.0,0.0,0.0,True,False,False,0.0,False,False,37.772
209,10.45,0,alert,alert,0.975505,0.975505,0.000145,0.0,0.002795,0.021556,0.047708,0.950705,0.0,0.128213,0.126807,0.126807,0.0,0.0,0.0,True,False,False,0.0,False,False,37.874
210,10.5,0,alert,alert,0.975695,0.975695,0.000147,0.0,0.002647,0.021511,0.04738,0.951157,0.0,0.128715,0.126424,0.126424,0.0,0.0,0.0,True,False,False,0.0,False,False,46.487
211,10.55,0,alert,alert,0.972973,0.972973,0.000152,0.0,0.002618,0.024258,0.042907,0.952028,0.0,0.128746,0.126023,0.126023,0.0,0.0,0.0,True,False,False,0.0,False,False,37.723
212,10.6,0,alert,alert,0.974873,0.974873,0.000148,0.0,0.002596,0.022383,0.04374,0.951776,0.0,0.128316,0.12563,0.12563,0.0,0.0,0.0,True,False,False,0.0,False,False,37.487
213,10.65,0,alert,alert,0.974113,0.974113,0.000149,0.0,0.0033,0.022438,0.043422,0.951491,0.0,0.128816,0.125239,0.125239,0.0,0.0,0.0,True,False,False,0.0,False,False,37.677
214,10.7,0,alert,alert,0.967707,0.967707,0.000164,0.0,0.005438,0.026692,0.043908,0.950722,0.0,0.128387,0.124855,0.124855,0.0,0.0,0.0,True,False,False,0.0,False,False,38.042
215,10.75,0,alert,alert,0.960322,0.960322,0.000174,0.0,0.008208,0.031296,0.044651,0.950888,0.0,0.128879,0.124478,0.124478,0.0,0.0,0.0,True,False,False,0.0,False,False,46.506
216,10.8,0,alert,alert,0.946294,0.946294,0.000203,0.0,0.014476,0.039028,0.044323,0.949634,0.0,0.12891,0.124103,0.124103,0.0,0.0,0.0,True,False,False,0.0,False,False,37.972
217,10.85,0,alert,alert,0.928113,0.928113,0.000248,0.0,0.023216,0.048423,0.044551,0.949801,0.0,0.128484,0.123732,0.123732,0.0,0.0,0.0,True,False,False,0.0,False,False,37.812
218,10.9,0,alert,alert,0.902205,0.902205,0.000296,0.0,0.038457,0.059042,0.04498,0.948662,0.0,0.12897,0.123368,0.123368,0.0,0.0,0.0,True,False,False,0.0,False,False,38.064
219,10.95,0,alert,alert,0.861525,0.861525,0.000357,0.0,0.058765,0.079354,0.04298,0.949812,0.0,0.128535,0.122997,0.122997,0.0,0.0,0.0,True,False,False,0.0,False,False,37.686
220,11.0,0,alert,alert,0.835243,0.835243,0.000395,0.0,0.076911,0.08745,0.04402,0.949168,0.0,0.129017,0.122634,0.122634,0.0,0.0,0.0,True,False,False,0.0,False,False,46.743
221,11.05,0,alert,alert,0.827558,0.827558,0.000414,0.0,0.083269,0.088759,0.041313,0.950229,0.0,0.129029,0.122262,0.122262,0.0,0.0,0.0,True,False,False,0.0,False,False,38.022
222,11.1,0,alert,alert,0.80332,0.80332,0.000456,0.0,0.090505,0.105719,0.040085,0.9507,0.0,0.128579,0.121888,0.121888,0.0,0.0,0.0,True,False,False,0.0,False,False,37.789
223,11.15,0,alert,alert,0.799603,0.799603,0.000451,0.0,0.070361,0.129586,0.039432,0.950859,0.0,0.129037,0.121514,0.121514,0.0,0.0,0.0,True,False,False,0.0,False,False,37.704
224,11.2,0,alert,alert,0.813651,0.813651,0.000418,0.0,0.048417,0.137513,0.038323,0.951017,0.0,0.128578,0.121139,0.121139,0.0,0.0,0.0,True,False,False,0.0,False,False,37.479
225,11.25,0,alert,alert,0.83244,0.83244,0.000394,0.0,0.040963,0.126202,0.038009,0.951166,0.0,0.129044,0.120765,0.120765,0.0,0.0,0.0,True,False,False,0.0,False,False,46.723
226,11.3,0,alert,alert,0.8514,0.8514,0.000383,0.0,0.042105,0.106111,0.038503,0.951163,0.0,0.129048,0.120397,0.120397,0.0,0.0,0.0,True,False,False,0.0,False,False,37.569
227,11.35,0,alert,alert,0.872994,0.872994,0.000352,0.0,0.027144,0.09951,0.03861,0.951065,0.0,0.128591,0.120032,0.120032,0.0,0.0,0.0,True,False,False,0.0,False,False,37.766
228,11.4,0,alert,alert,0.890203,0.890203,0.000336,0.0,0.025271,0.08419,0.039192,0.951229,0.0,0.129056,0.119674,0.119674,0.0,0.0,0.0,True,False,False,0.0,False,False,37.562
229,11.45,0,alert,alert,0.886898,0.886898,0.000355,0.0,0.033133,0.079614,0.040837,0.950523,0.0,0.12861,0.119326,0.119326,0.0,0.0,0.0,True,False,False,0.0,False,False,37.432
230,11.5,0,alert,alert,0.873958,0.873958,0.000385,0.0,0.049151,0.076506,0.040388,0.950553,0.0,0.129091,0.118979,0.118979,0.0,0.0,0.0,True,False,False,0.0,False,False,46.103
231,11.55,0,alert,alert,0.853437,0.853437,0.000427,0.0,0.068694,0.077441,0.039256,0.951566,0.0,0.129104,0.11863,0.11863,0.0,0.0,0.0,True,False,False,0.0,False,False,37.88
232,11.6,0,alert,alert,0.84944,0.84944,0.000421,0.0,0.078809,0.07133,0.0392,0.951674,0.0,0.12865,0.118284,0.118284,0.0,0.0,0.0,True,False,False,0.0,False,False,38.086
233,11.65,0,alert,alert,0.870349,0.870349,0.000371,0.0,0.061868,0.067413,0.0395,0.952378,0.0,0.125088,0.117941,0.117941,0.0,0.0,0.0,True,False,False,0.0,False,False,37.886
234,11.7,0,alert,alert,0.898785,0.898785,0.000301,0.0,0.033151,0.067762,0.041905,0.951562,0.0,0.124668,0.117613,0.117613,0.0,0.0,0.0,True,False,False,0.0,False,False,37.898
235,11.75,0,alert,alert,0.918907,0.918907,0.000256,0.0,0.021665,0.059173,0.041632,0.952312,0.0,0.120844,0.117285,0.117285,0.0,0.0,0.0,True,False,False,0.0,False,False,46.75
236,11.8,0,alert,alert,0.933333,0.933333,0.000229,0.0,0.016118,0.05032,0.058352,0.948787,0.0,0.11924,0.117034,0.117034,0.0,0.0,0.0,True,False,False,0.0,False,False,37.588
237,11.85,0,alert,alert,0.945592,0.945592,0.000198,0.0,0.010636,0.043573,0.047465,0.95107,0.0,0.118878,0.116737,0.116737,0.0,0.0,0.0,True,False,False,0.0,False,False,37.813
238,11.9,0,alert,alert,0.954221,0.954221,0.000178,0.0,0.006247,0.039355,0.044311,0.951367,0.0,0.118098,0.116429,0.116429,0.0,0.0,0.0,True,False,False,0.0,False,False,38.224
239,11.95,0,alert,alert,0.913441,0.913441,0.000242,0.0,0.005062,0.081255,0.426915,0.870208,0.0,0.119523,0.117631,0.117631,0.0,0.0,0.0,True,False,False,0.0,False,False,38.314
240,12.0,0,alert,alert,0.876431,0.876431,0.000375,0.0,0.004496,0.118697,0.520106,0.832907,0.0,0.122079,0.119117,0.119117,0.0,0.0,0.0,True,False,False,0.0,False,False,47.669
241,12.05,0,alert,alert,0.874788,0.874788,0.000546,0.0,0.005366,0.119299,0.565851,0.811676,0.0,0.124433,0.120718,0.120718,0.0,0.0,0.0,True,False,False,0.0,False,False,37.725
242,12.1,0,alert,alert,0.902985,0.902985,0.000622,0.0,0.006965,0.089429,0.567212,0.814056,0.0,0.126349,0.122317,0.122317,0.0,0.0,0.0,True,False,False,0.0,False,False,37.507
243,12.15,0,alert,alert,0.928467,0.928467,0.000517,0.0,0.006895,0.064121,0.51993,0.856287,0.0,0.129057,0.123809,0.123809,0.0,0.0,0.0,True,False,False,0.821278,False,False,37.423
244,12.2,0,alert,alert,0.950708,0.950708,0.000363,0.0,0.004213,0.044715,0.471893,0.89297,0.0,0.130686,0.125167,0.125167,0.0,0.0,0.0,True,False,False,0.704176,False,False,37.468
245,12.25,0,alert,alert,0.964204,0.964204,0.000268,0.0,0.002769,0.032759,0.366884,0.918024,0.0,0.132765,0.126132,0.126132,0.0,0.0,0.0,True,False,False,0.505249,False,False,46.535
246,12.3,0,alert,alert,0.97104,0.97104,0.000229,0.0,0.002013,0.026717,0.198926,0.937849,0.0,0.133573,0.126427,0.126427,0.0,0.0,0.0,True,False,False,0.331528,False,False,37.522
247,12.35,0,alert,alert,0.976476,0.976476,0.000201,0.0,0.001712,0.021611,0.082147,0.953264,0.0,0.133312,0.126245,0.126245,0.0,0.0,0.0,True,False,False,0.0,False,False,37.47
248,12.4,0,alert,alert,0.977607,0.977607,0.000197,0.0,0.0016,0.020596,0.054153,0.956183,0.0,0.133851,0.125949,0.125949,0.0,0.0,0.0,True,False,False,0.0,False,False,37.546
249,12.45,0,alert,alert,0.980107,0.980107,0.000186,0.0,0.001528,0.018179,0.04218,0.955851,0.0,0.133384,0.125606,0.125606,0.0,0.0,0.0,True,False,False,0.0,False,False,38.039
250,12.5,0,alert,alert,0.982025,0.982025,0.000175,0.0,0.001476,0.016325,0.039043,0.954509,0.0,0.133841,0.125254,0.125254,0.0,0.0,0.0,True,False,False,0.0,False,False,46.715
251,12.55,0,alert,alert,0.982809,0.982809,0.00017,0.0,0.001515,0.015506,0.038637,0.953449,0.0,0.133829,0.124904,0.124904,0.0,0.0,0.0,True,False,False,0.0,False,False,37.51
252,12.6,0,alert,alert,0.982741,0.982741,0.000168,0.0,0.001498,0.015592,0.03981,0.952443,0.0,0.133352,0.124561,0.124561,0.0,0.0,0.0,True,False,False,0.0,False,False,37.235
253,12.65,0,alert,alert,0.982274,0.982274,0.000169,0.0,0.001454,0.016102,0.039003,0.95231,0.0,0.133826,0.124218,0.124218,0.0,0.0,0.0,True,False,False,0.0,False,False,37.421
254,12.7,0,alert,alert,0.981837,0.981837,0.000171,0.0,0.001587,0.016405,0.038848,0.952638,0.0,0.133345,0.123878,0.123878,0.0,0.0,0.0,True,False,False,0.0,False,False,37.401
255,12.75,0,alert,alert,0.98154,0.98154,0.000167,0.0,0.001474,0.016819,0.038158,0.952523,0.0,0.133831,0.123537,0.123537,0.0,0.0,0.0,True,False,False,0.0,False,False,46.268
256,12.8,0,alert,alert,0.98144,0.98144,0.000161,0.0,0.001434,0.016964,0.04084,0.95144,0.0,0.133851,0.123209,0.123209,0.0,0.0,0.0,True,False,False,0.0,False,False,37.601
257,12.85,0,alert,alert,0.980441,0.980441,0.000164,0.0,0.001324,0.018071,0.039838,0.951605,0.0,0.133375,0.122881,0.122881,0.0,0.0,0.0,True,False,False,0.0,False,False,37.359
258,12.9,0,alert,alert,0.979724,0.979724,0.000168,0.0,0.001245,0.018863,0.039236,0.951987,0.0,0.133874,0.122552,0.122552,0.0,0.0,0.0,True,False,False,0.0,False,False,37.737
259,12.95,0,alert,alert,0.979737,0.979737,0.00017,0.0,0.001193,0.018899,0.040226,0.952021,0.0,0.133399,0.12223,0.12223,0.0,0.0,0.0,True,False,False,0.0,False,False,37.616
260,13.0,0,alert,alert,0.979677,0.979677,0.000175,0.0,0.001186,0.018961,0.042356,0.951943,0.0,0.13392,0.121918,0.121918,0.0,0.0,0.0,True,False,False,0.0,False,False,46.553
261,13.05,0,alert,alert,0.980449,0.980449,0.000177,0.0,0.001154,0.01822,0.040498,0.952747,0.0,0.13394,0.121602,0.121602,0.0,0.0,0.0,True,False,False,0.0,False,False,37.753
262,13.1,0,alert,alert,0.976736,0.976736,0.000211,0.0,0.001371,0.021682,0.343668,0.901944,0.0,0.134947,0.122416,0.122416,0.0,0.0,0.0,True,False,False,0.0,False,False,37.691
263,13.15,0,alert,alert,0.970517,0.970517,0.000323,0.0,0.001684,0.027476,0.501513,0.840715,0.0,0.137599,0.123707,0.123707,0.0,0.0,0.0,True,False,False,0.0,False,False,37.861
264,13.2,0,alert,alert,0.961738,0.961738,0.000576,0.0,0.002123,0.035563,0.530126,0.819434,0.0,0.139314,0.125051,0.125051,0.0,0.0,0.0,True,False,False,0.0,False,False,38.067
265,13.25,0,alert,alert,0.956286,0.956286,0.000965,0.0,0.003178,0.039571,0.524164,0.818832,0.0,0.142047,0.126366,0.126366,0.0,0.0,0.0,True,False,False,0.0,False,False,46.781
266,13.3,0,alert,alert,0.96914,0.96914,0.000696,0.0,0.003959,0.026204,0.46858,0.885406,0.0,0.144137,0.127581,0.127581,0.0,0.0,0.0,True,False,False,0.0,False,False,38.251
267,13.35,0,alert,alert,0.975841,0.975841,0.000502,0.0,0.004286,0.01937,0.352254,0.915075,0.0,0.145154,0.128402,0.128402,0.0,0.0,0.0,True,False,False,0.0,False,False,37.999
268,13.4,0,alert,alert,0.969939,0.969939,0.000444,0.0,0.007316,0.022301,0.160712,0.938168,0.0,0.146325,0.128522,0.128522,0.0,0.0,0.0,True,False,False,0.0,False,False,37.534
269,13.45,0,alert,alert,0.962208,0.962208,0.000381,0.0,0.009774,0.027637,0.060419,0.951646,0.0,0.145889,0.128265,0.128265,0.0,0.0,0.0,True,False,False,0.0,False,False,38.378
270,13.5,0,alert,alert,0.965474,0.965474,0.0003,0.0,0.008316,0.02591,0.041984,0.955685,0.0,0.146436,0.12794,0.12794,0.0,0.0,0.0,True,False,False,0.0,False,False,46.589
271,13.55,0,alert,alert,0.969354,0.969354,0.000247,0.0,0.006499,0.023899,0.038125,0.955899,0.0,0.146412,0.127602,0.127602,0.0,0.0,0.0,True,False,False,0.0,False,False,38.603
272,13.6,0,alert,alert,0.970842,0.970842,0.000218,0.0,0.004731,0.024209,0.036567,0.955172,0.0,0.145852,0.127261,0.127261,0.0,0.0,0.0,True,False,False,0.0,False,False,37.82
273,13.65,0,alert,alert,0.972408,0.972408,0.0002,0.0,0.00371,0.023682,0.035913,0.954706,0.0,0.146365,0.126921,0.126921,0.0,0.0,0.0,True,False,False,0.0,False,False,37.592
274,13.7,0,alert,alert,0.973638,0.973638,0.000189,0.0,0.002996,0.023177,0.036448,0.95372,0.0,0.145806,0.126585,0.126585,0.0,0.0,0.0,True,False,False,0.0,False,False,37.23
275,13.75,0,alert,alert,0.974297,0.974297,0.000183,0.0,0.002655,0.022864,0.037032,0.953497,0.0,0.146332,0.126254,0.126254,0.0,0.0,0.0,True,False,False,0.0,False,False,46.486
276,13.8,0,alert,alert,0.976974,0.976974,0.000173,0.0,0.002203,0.02065,0.038101,0.95299,0.0,0.146332,0.125929,0.125929,0.0,0.0,0.0,True,False,False,0.0,False,False,37.586
277,13.85,0,alert,alert,0.97877,0.97877,0.000168,0.0,0.001912,0.01915,0.039004,0.952808,0.0,0.145786,0.125611,0.125611,0.0,0.0,0.0,True,False,False,0.0,False,False,37.36
278,13.9,0,alert,alert,0.980299,0.980299,0.000168,0.0,0.001591,0.017942,0.042558,0.951717,0.0,0.146349,0.125308,0.125308,0.0,0.0,0.0,True,False,False,0.0,False,False,37.483
279,13.95,0,alert,alert,0.981206,0.981206,0.000169,0.0,0.001477,0.017148,0.045235,0.950865,0.0,0.145836,0.125017,0.125017,0.0,0.0,0.0,True,False,False,0.0,False,False,37.643
280,14.0,0,alert,alert,0.981874,0.981874,0.000174,0.0,0.00141,0.016542,0.042032,0.951851,0.0,0.1464,0.124716,0.124716,0.0,0.0,0.0,True,False,False,0.0,False,False,46.155
281,14.05,0,alert,alert,0.982333,0.982333,0.000181,0.0,0.001398,0.016089,0.041579,0.951429,0.0,0.146417,0.124416,0.124416,0.0,0.0,0.0,True,False,False,0.0,False,False,37.356
282,14.1,0,alert,alert,0.982387,0.982387,0.000192,0.0,0.001349,0.016072,0.041097,0.951038,0.0,0.146433,0.124117,0.124117,0.0,0.0,0.0,True,False,False,0.0,False,False,37.443
283,14.15,0,alert,alert,0.982713,0.982713,0.000203,0.0,0.001336,0.015748,0.040249,0.951411,0.0,0.14644,0.123816,0.123816,0.0,0.0,0.0,True,False,False,0.0,False,False,37.287
284,14.2,0,alert,alert,0.983693,0.983693,0.000202,0.0,0.00129,0.014815,0.043403,0.951002,0.0,0.145917,0.123529,0.123529,0.0,0.0,0.0,True,False,False,0.0,False,False,37.581
285,14.25,0,alert,alert,0.983931,0.983931,0.0002,0.0,0.001321,0.014549,0.042012,0.951296,0.0,0.146467,0.12324,0.12324,0.0,0.0,0.0,True,False,False,0.0,False,False,46.147
286,14.3,0,alert,alert,0.984406,0.984406,0.000197,0.0,0.001515,0.013882,0.044293,0.950669,0.0,0.146489,0.12296,0.12296,0.0,0.0,0.0,True,False,False,0.0,False,False,38.057
287,14.35,0,alert,alert,0.98432,0.98432,0.000195,0.0,0.001848,0.013637,0.04393,0.950748,0.0,0.146484,0.122681,0.122681,0.0,0.0,0.0,True,False,False,0.0,False,False,38.081
288,14.4,0,alert,alert,0.984648,0.984648,0.000196,0.0,0.00197,0.013187,0.042436,0.951112,0.0,0.144574,0.122399,0.122399,0.0,0.0,0.0,True,False,False,0.0,False,False,38.358
289,14.45,0,alert,alert,0.984788,0.984788,0.000197,0.0,0.00208,0.012934,0.044205,0.95057,0.0,0.144065,0.122125,0.122125,0.0,0.0,0.0,True,False,False,0.0,False,False,38.232
290,14.5,0,alert,alert,0.983069,0.983069,0.00021,0.0,0.002496,0.014225,0.040675,0.951683,0.0,0.14085,0.12184,0.12184,0.0,0.0,0.0,True,False,False,0.0,False,False,46.815
291,14.55,0,alert,alert,0.981586,0.981586,0.000219,0.0,0.002923,0.015272,0.040259,0.95221,0.0,0.139822,0.121556,0.121556,0.0,0.0,0.0,True,False,False,0.0,False,False,38.442
292,14.6,0,alert,alert,0.978928,0.978928,0.000238,0.0,0.003973,0.01686,0.041001,0.951747,0.0,0.139453,0.121276,0.121276,0.0,0.0,0.0,True,False,False,0.0,False,False,38.113
293,14.65,0,alert,alert,0.977567,0.977567,0.000239,0.0,0.004776,0.017418,0.040005,0.951707,0.0,0.139371,0.120995,0.120995,0.0,0.0,0.0,True,False,False,0.0,False,False,38.509
294,14.7,0,alert,alert,0.974386,0.974386,0.000241,0.0,0.005848,0.019525,0.039176,0.951663,0.0,0.138863,0.120713,0.120713,0.0,0.0,0.0,True,False,False,0.0,False,False,37.788
295,14.75,0,alert,alert,0.969747,0.969747,0.000242,0.0,0.007935,0.022076,0.038086,0.952357,0.0,0.139356,0.120429,0.120429,0.0,0.0,0.0,True,False,False,0.0,False,False,46.337
296,14.8,0,alert,alert,0.966391,0.966391,0.000237,0.0,0.009343,0.024028,0.037336,0.952667,0.0,0.139352,0.120144,0.120144,0.0,0.0,0.0,True,False,False,0.0,False,False,37.592
297,14.85,0,alert,alert,0.966757,0.966757,0.00022,0.0,0.009008,0.024014,0.037316,0.952534,0.0,0.139351,0.119861,0.119861,0.0,0.0,0.0,True,False,False,0.0,False,False,37.416
298,14.9,0,alert,alert,0.961725,0.961725,0.000223,0.0,0.008386,0.029666,0.424211,0.879174,0.0,0.141213,0.120817,0.120817,0.0,0.0,0.0,True,False,False,0.0,False,False,37.233
299,14.95,0,alert,alert,0.955941,0.955941,0.00028,0.0,0.00577,0.03801,0.511667,0.828985,0.0,0.142851,0.121972,0.121972,0.0,0.0,0.0,True,False,False,0.0,False,False,37.223
300,15.0,0,alert,alert,0.958035,0.958035,0.000348,0.0,0.004422,0.037195,0.522698,0.825192,0.0,0.145604,0.123147,0.123147,0.0,0.0,0.0,True,False,False,0.0,False,False,46.405
301,15.05,0,alert,alert,0.967849,0.967849,0.000324,0.0,0.003909,0.027917,0.469203,0.886386,0.0,0.147694,0.124233,0.124233,0.0,0.0,0.0,True,False,False,0.0,False,False,37.445
302,15.1,0,alert,alert,0.971993,0.971993,0.000299,0.0,0.004508,0.023201,0.345847,0.918557,0.0,0.14923,0.124952,0.124952,0.0,0.0,0.0,True,False,False,0.0,False,False,37.664
303,15.15,0,alert,alert,0.972949,0.972949,0.000274,0.0,0.00539,0.021388,0.161039,0.941214,0.0,0.149856,0.125072,0.125072,0.0,0.0,0.0,True,False,False,0.0,False,False,37.337
304,15.2,0,alert,alert,0.9739,0.9739,0.000254,0.0,0.005795,0.020051,0.065338,0.953465,0.0,0.149425,0.124872,0.124872,0.0,0.0,0.0,True,False,False,0.0,False,False,37.582
305,15.25,0,alert,alert,0.971262,0.971262,0.000252,0.0,0.007343,0.021144,0.044003,0.956665,0.0,0.150021,0.124601,0.124601,0.0,0.0,0.0,True,False,False,0.0,False,False,46.053
306,15.3,0,alert,alert,0.972107,0.972107,0.000236,0.0,0.00638,0.021277,0.039361,0.956352,0.0,0.150023,0.124318,0.124318,0.0,0.0,0.0,True,False,False,0.0,False,False,37.524
307,15.35,0,alert,alert,0.973149,0.973149,0.000223,0.0,0.005053,0.021575,0.037399,0.955279,0.0,0.150015,0.124029,0.124029,0.0,0.0,0.0,True,False,False,0.0,False,False,37.181
308,15.4,0,alert,alert,0.973967,0.973967,0.000215,0.0,0.004559,0.02126,0.036295,0.954026,0.0,0.149985,0.12374,0.12374,0.0,0.0,0.0,True,False,False,0.0,False,False,37.32
309,15.45,0,alert,alert,0.97277,0.97277,0.000215,0.0,0.005183,0.021832,0.036758,0.953347,0.0,0.149408,0.123454,0.123454,0.0,0.0,0.0,True,False,False,0.0,False,False,37.653
310,15.5,0,alert,alert,0.968179,0.968179,0.000226,0.0,0.006922,0.024672,0.036298,0.953003,0.0,0.146514,0.123168,0.123168,0.0,0.0,0.0,True,False,False,0.0,False,False,46.671
311,15.55,0,alert,alert,0.964221,0.964221,0.000234,0.0,0.00857,0.026974,0.036994,0.952383,0.0,0.144328,0.122887,0.122887,0.0,0.0,0.0,True,False,False,0.0,False,False,37.358
312,15.6,0,alert,alert,0.955754,0.955754,0.000251,0.0,0.012688,0.031308,0.037673,0.952018,0.0,0.1422,0.12261,0.12261,0.0,0.0,0.0,True,False,False,0.0,False,False,37.377
313,15.65,0,alert,alert,0.949724,0.949724,0.000258,0.0,0.015455,0.034562,0.037493,0.952291,0.0,0.140427,0.122334,0.122334,0.0,0.0,0.0,True,False,False,0.0,False,False,37.013
314,15.7,0,alert,alert,0.951103,0.951103,0.000243,0.0,0.014334,0.03432,0.03884,0.951865,0.0,0.139911,0.122064,0.122064,0.0,0.0,0.0,True,False,False,0.0,False,False,37.462
315,15.75,0,alert,alert,0.953231,0.953231,0.000226,0.0,0.010734,0.035808,0.040406,0.951869,0.0,0.139117,0.121801,0.121801,0.0,0.0,0.0,True,False,False,0.0,False,False,46.464
316,15.8,0,alert,alert,0.949627,0.949627,0.000233,0.0,0.010852,0.039287,0.038918,0.951843,0.0,0.139068,0.121535,0.121535,0.0,0.0,0.0,True,False,False,0.0,False,False,37.523
317,15.85,0,alert,alert,0.960332,0.960332,0.000199,0.0,0.005529,0.03394,0.042103,0.950496,0.0,0.139082,0.121281,0.121281,0.0,0.0,0.0,True,False,False,0.0,False,False,37.372
318,15.9,0,alert,alert,0.970425,0.970425,0.00018,0.0,0.002801,0.026594,0.053182,0.948003,0.0,0.139161,0.121065,0.121065,0.0,0.0,0.0,True,False,False,0.0,False,False,37.277
319,15.95,0,alert,alert,0.964831,0.964831,0.000251,0.0,0.002468,0.03245,0.437361,0.869891,0.0,0.140544,0.121984,0.121984,0.0,0.0,0.0,True,False,False,0.0,False,False,37.16
320,16.0,0,alert,alert,0.96139,0.96139,0.000466,0.0,0.002642,0.035502,0.516436,0.833852,0.0,0.143262,0.12308,0.12308,0.0,0.0,0.0,True,False,False,0.0,False,False,46.461
321,16.05,0,alert,alert,0.968745,0.968745,0.000646,0.0,0.002739,0.027871,0.512279,0.847216,0.0,0.14547,0.124175,0.124175,0.0,0.0,0.0,True,False,False,0.0,False,False,37.805
322,16.1,0,alert,alert,0.975191,0.975191,0.000826,0.0,0.00297,0.021013,0.489845,0.872844,0.0,0.147624,0.125232,0.125232,0.0,0.0,0.0,True,False,False,0.0,False,False,37.534
323,16.15,0,alert,alert,0.980646,0.980646,0.000805,0.0,0.003244,0.015304,0.440581,0.898972,0.0,0.149031,0.126169,0.126169,0.0,0.0,0.0,True,False,False,0.0,False,False,37.345
324,16.2,0,alert,alert,0.983051,0.983051,0.000769,0.0,0.003368,0.012812,0.354267,0.918659,0.0,0.150041,0.126858,0.126858,0.0,0.0,0.0,True,False,False,0.0,False,False,37.329
325,16.25,0,alert,alert,0.984,0.984,0.00072,0.0,0.003922,0.011358,0.209561,0.937121,0.0,0.147205,0.127113,0.127113,0.0,0.0,0.0,True,False,False,0.0,False,False,46.745
326,16.3,0,alert,alert,0.983965,0.983965,0.000671,0.0,0.004586,0.010778,0.097423,0.949097,0.0,0.145299,0.127021,0.127021,0.0,0.0,0.0,True,False,False,0.0,False,False,38.214
327,16.35,0,alert,alert,0.982362,0.982362,0.000687,0.0,0.00583,0.01112,0.054086,0.954244,0.0,0.143301,0.126794,0.126794,0.0,0.0,0.0,True,False,False,0.0,False,False,38.086
328,16.4,0,alert,alert,0.982235,0.982235,0.000667,0.0,0.006117,0.010981,0.050902,0.952295,0.0,0.142832,0.126559,0.126559,0.0,0.0,0.0,True,False,False,0.0,False,False,37.672
329,16.45,0,alert,alert,0.982827,0.982827,0.000613,0.0,0.005845,0.010716,0.043355,0.953497,0.0,0.141289,0.126301,0.126301,0.0,0.0,0.0,True,False,False,0.205428,False,False,38.115
330,16.5,0,alert,alert,0.983263,0.983263,0.000581,0.0,0.005536,0.01062,0.044668,0.952116,0.0,0.141101,0.12605,0.12605,0.0,0.0,0.0,True,False,False,0.205428,False,False,46.971
331,16.55,0,alert,alert,0.983787,0.983787,0.000552,0.0,0.005418,0.010244,0.058757,0.949532,0.0,0.141184,0.125844,0.125844,0.0,0.0,0.0,True,False,False,0.0,False,False,37.605
332,16.6,0,alert,alert,0.984072,0.984072,0.000528,0.0,0.00549,0.00991,0.05433,0.950018,0.0,0.141265,0.125626,0.125626,0.0,0.0,0.0,True,False,False,0.0,False,False,37.561
333,16.65,0,alert,alert,0.984254,0.984254,0.000508,0.0,0.005523,0.009714,0.051141,0.95013,0.0,0.140809,0.1254,0.1254,0.0,0.0,0.0,True,False,False,0.0,False,False,38.038
334,16.7,0,alert,alert,0.984225,0.984225,0.000517,0.0,0.005459,0.009799,0.048834,0.950566,0.0,0.140871,0.125167,0.125167,0.0,0.0,0.0,True,False,False,0.156969,False,False,38.409
335,16.75,0,alert,alert,0.984466,0.984466,0.000508,0.0,0.00532,0.009707,0.046984,0.950224,0.0,0.141461,0.124931,0.124931,0.0,0.0,0.0,True,False,False,0.156969,False,False,47.151
336,16.8,0,alert,alert,0.984989,0.984989,0.000486,0.0,0.004992,0.009533,0.047459,0.950372,0.0,0.141514,0.124697,0.124697,0.0,0.0,0.0,True,False,False,0.121649,False,False,37.821
337,16.85,0,alert,alert,0.985851,0.985851,0.000454,0.0,0.004712,0.008984,0.045022,0.950848,0.0,0.141546,0.124457,0.124457,0.0,0.0,0.0,True,False,False,0.11341,False,False,38.248
338,16.9,0,alert,alert,0.986101,0.986101,0.000444,0.0,0.004759,0.008696,0.046949,0.949816,0.0,0.141067,0.124225,0.124225,0.0,0.0,0.0,True,False,False,0.079535,False,False,38.058
339,16.95,0,alert,alert,0.985646,0.985646,0.000438,0.0,0.005181,0.008734,0.042869,0.950973,0.0,0.141086,0.123982,0.123982,0.0,0.0,0.0,True,False,False,0.11341,False,False,38.525
340,17.0,0,alert,alert,0.985107,0.985107,0.000434,0.0,0.005513,0.008946,0.042798,0.950882,0.0,0.1416,0.12374,0.12374,0.0,0.0,0.0,True,False,False,0.079535,False,False,46.328
341,17.05,0,alert,alert,0.984126,0.984126,0.000441,0.0,0.006025,0.009408,0.041329,0.951105,0.0,0.141608,0.123495,0.123495,0.0,0.0,0.0,True,False,False,0.0,False,False,38.443
342,17.1,0,alert,alert,0.984048,0.984048,0.000427,0.0,0.00568,0.009846,0.040577,0.951079,0.0,0.141613,0.123249,0.123249,0.0,0.0,0.0,True,False,False,0.0,False,False,38.319
343,17.15,0,alert,alert,0.984459,0.984459,0.000424,0.0,0.005345,0.009772,0.041489,0.951164,0.0,0.141105,0.123007,0.123007,0.0,0.0,0.0,True,False,False,0.054923,False,False,38.504
344,17.2,0,alert,alert,0.98366,0.98366,0.000426,0.0,0.00572,0.010193,0.042571,0.951532,0.0,0.139277,0.12277,0.12277,0.0,0.0,0.0,True,False,False,0.0,False,False,37.946
345,17.25,0,alert,alert,0.980462,0.980462,0.000442,0.0,0.007864,0.011232,0.041268,0.951662,0.0,0.135238,0.122531,0.122531,0.0,0.0,0.0,True,False,False,0.0,False,False,46.764
346,17.3,0,alert,alert,0.96957,0.96957,0.000515,0.0,0.016402,0.013513,0.040072,0.952154,0.0,0.132588,0.122289,0.122289,0.0,0.0,0.0,True,False,False,0.0,False,False,37.695
347,17.35,0,alert,alert,0.94565,0.94565,0.000616,0.0,0.036249,0.017486,0.039131,0.952281,0.0,0.130226,0.122045,0.122045,0.0,0.0,0.0,True,False,False,0.0,False,False,37.236
348,17.4,0,alert,alert,0.87569,0.87569,0.000804,0.0,0.097524,0.025982,0.040175,0.951791,0.0,0.12977,0.121807,0.121807,0.0,0.0,0.0,True,False,False,0.0,False,False,37.664
349,17.45,0,alert,alert,0.706339,0.706339,0.000978,0.0,0.260134,0.032549,0.073718,0.944841,0.0,0.127844,0.121668,0.121668,0.0,0.0,0.0,True,False,False,0.0,False,False,37.565
350,17.5,3,yawning,yawning,0.544187,0.422796,0.001029,0.0,0.544187,0.031988,0.460496,0.865803,0.0,0.127633,0.122562,0.122562,0.0,0.0,0.0,True,False,False,0.0,False,False,46.556
351,17.55,3,yawning,yawning,0.73861,0.235564,0.000926,0.0,0.73861,0.0249,0.522799,0.810586,0.0,0.129418,0.123547,0.123547,0.0,0.0,0.0,True,False,False,0.036446,False,False,37.609
352,17.6,3,yawning,yawning,0.853242,0.131844,0.000708,0.0,0.853242,0.014206,0.479039,0.87956,0.0,0.131354,0.124495,0.124495,0.0,0.0,0.0,True,False,False,0.000511,False,False,37.437
353,17.65,3,yawning,yawning,0.911247,0.079526,0.000559,0.0,0.911247,0.008668,0.403701,0.910355,0.0,0.132673,0.125263,0.125263,0.0,0.0,0.0,True,False,False,0.0,False,False,37.611
354,17.7,3,yawning,yawning,0.936674,0.056683,0.000473,0.0,0.936674,0.00617,0.268607,0.93088,0.0,0.133495,0.125665,0.125665,0.0,0.0,0.0,True,False,False,0.0,False,False,37.693
355,17.75,3,yawning,yawning,0.946496,0.047999,0.000427,0.0,0.946496,0.005077,0.113685,0.948084,0.0,0.13276,0.12563,0.12563,0.0,0.0,0.0,True,False,False,0.0,False,False,46.086
356,17.8,3,yawning,yawning,0.953887,0.041414,0.000395,0.0,0.953887,0.004304,0.055785,0.954341,0.0,0.132078,0.125431,0.125431,0.0,0.0,0.0,True,False,False,0.0,False,False,37.534
357,17.85,3,yawning,yawning,0.956628,0.039023,0.000377,0.0,0.956628,0.003972,0.041568,0.955576,0.0,0.13156,0.125191,0.125191,0.0,0.0,0.0,True,False,False,0.0,False,False,37.352
358,17.9,3,yawning,yawning,0.962526,0.033568,0.000352,0.0,0.962526,0.003555,0.040191,0.954455,0.0,0.131096,0.12495,0.12495,0.0,0.0,0.0,True,False,False,0.0,False,False,37.622
359,17.95,3,yawning,yawning,0.968355,0.028265,0.000329,0.0,0.968355,0.003052,0.039942,0.952734,0.0,0.130724,0.124709,0.124709,0.0,0.0,0.0,True,False,False,0.0,False,False,37.464
360,18.0,3,yawning,yawning,0.972852,0.024198,0.000312,0.0,0.972852,0.002637,0.04223,0.951949,0.0,0.130828,0.124477,0.124477,0.0,0.0,0.0,True,False,False,0.0,False,False,45.879
361,18.05,3,yawning,yawning,0.977733,0.019793,0.000292,0.0,0.977733,0.002182,0.045237,0.950756,0.0,0.129767,0.124254,0.124254,0.0,0.0,0.0,True,False,False,0.0,False,False,37.337
362,18.1,3,yawning,yawning,0.981714,0.016203,0.000275,0.0,0.981714,0.001808,0.05292,0.949885,0.0,0.127907,0.124054,0.124054,0.0,0.0,0.0,True,False,False,0.0,False,False,37.476
363,18.15,3,yawning,yawning,0.985004,0.01323,0.000261,0.0,0.985004,0.001506,0.051146,0.951138,0.0,0.127519,0.123851,0.123851,0.0,0.0,0.0,True,False,False,0.0,False,False,38.816
364,18.2,3,yawning,yawning,0.986884,0.011536,0.000253,0.0,0.986884,0.001326,0.04516,0.952232,0.0,0.12437,0.123631,0.123631,0.0,0.0,0.0,True,False,False,0.0,False,False,37.801
365,18.25,3,yawning,yawning,0.988447,0.010115,0.000246,0.0,0.988447,0.001192,0.042642,0.952911,0.0,0.123175,0.123406,0.123406,0.0,0.0,0.0,True,False,False,0.0,False,False,46.335
366,18.3,3,yawning,yawning,0.990231,0.008495,0.000232,0.0,0.990231,0.001042,0.048639,0.951563,0.0,0.122451,0.123199,0.123199,0.0,0.0,0.0,True,False,False,0.0,False,False,37.744
367,18.35,3,yawning,yawning,0.991895,0.006996,0.000212,0.0,0.991895,0.000897,0.045332,0.952071,0.0,0.122054,0.122983,0.122983,0.0,0.0,0.0,True,False,False,0.0,False,False,37.631
368,18.4,3,yawning,yawning,0.992639,0.006324,0.000207,0.0,0.992639,0.00083,0.043849,0.952342,0.0,0.121659,0.122765,0.122765,0.0,0.0,0.0,True,False,False,0.0,False,False,37.347
369,18.45,3,yawning,yawning,0.993506,0.005521,0.000202,0.0,0.993506,0.000771,0.044215,0.952328,0.0,0.121676,0.122549,0.122549,0.0,0.0,0.0,True,False,False,0.0,False,False,37.459
370,18.5,3,yawning,yawning,0.993889,0.005177,0.000201,0.0,0.993889,0.000734,0.048337,0.951259,0.0,0.119795,0.122345,0.122345,0.0,0.0,0.0,True,False,False,0.0,False,False,46.387
371,18.55,3,yawning,yawning,0.994324,0.004796,0.0002,0.0,0.994324,0.000679,0.044021,0.951169,0.0,0.117629,0.122131,0.122131,0.0,0.0,0.0,True,False,False,0.0,False,False,37.369
372,18.6,3,yawning,yawning,0.994828,0.004368,0.000199,0.0,0.994828,0.000606,0.042891,0.951406,0.0,0.11542,0.121915,0.121915,0.0,0.0,0.0,True,False,False,0.0,False,False,37.344
373,18.65,3,yawning,yawning,0.99536,0.003897,0.000199,0.0,0.99536,0.000544,0.040539,0.951765,0.0,0.115042,0.121694,0.121694,0.0,0.0,0.0,True,False,False,0.0,False,False,37.379
374,18.7,3,yawning,yawning,0.995749,0.003566,0.000198,0.0,0.995749,0.000487,0.040325,0.952171,0.0,0.111228,0.121473,0.121473,0.0,0.0,0.0,True,False,False,0.0,False,False,37.483
375,18.75,3,yawning,yawning,0.995974,0.003361,0.000201,0.0,0.995974,0.000464,0.03917,0.952328,0.0,0.109391,0.121251,0.121251,0.0,0.0,0.0,True,False,False,0.0,False,False,46.262
376,18.8,3,yawning,yawning,0.996216,0.003142,0.000201,0.0,0.996216,0.000441,0.040123,0.951455,0.0,0.108,0.121032,0.121032,0.0,0.0,0.0,True,False,False,0.0,False,False,37.534
377,18.85,3,yawning,yawning,0.996299,0.003074,0.000201,0.0,0.996299,0.000426,0.039405,0.952373,0.0,0.106974,0.120812,0.120812,0.0,0.0,0.0,True,False,False,0.0,False,False,37.299
378,18.9,3,yawning,yawning,0.996314,0.003063,0.000201,0.0,0.996314,0.000421,0.038401,0.952782,0.0,0.106627,0.120591,0.120591,0.0,0.0,0.0,True,False,False,0.0,False,False,37.4
379,18.95,3,yawning,yawning,0.996387,0.003013,0.000196,0.0,0.996387,0.000403,0.038311,0.952532,0.0,0.105604,0.12037,0.12037,0.0,0.0,0.0,True,False,False,0.0,False,False,37.572
380,19.0,3,yawning,yawning,0.996311,0.003095,0.000194,0.0,0.996311,0.000401,0.037653,0.952319,0.0,0.105255,0.12015,0.12015,0.0,0.0,0.0,True,False,False,0.0,False,False,46.436
381,19.05,3,yawning,yawning,0.996583,0.002808,0.000198,0.0,0.996583,0.000412,0.430247,0.868552,0.0,0.106851,0.120903,0.120903,0.0,0.0,0.0,True,False,False,0.0,False,False,37.343
382,19.1,3,yawning,yawning,0.997026,0.00237,0.000202,0.0,0.997026,0.000402,0.513727,0.82168,0.0,0.108733,0.121804,0.121804,0.0,0.0,0.0,True,False,False,0.0,False,False,37.54
383,19.15,3,yawning,yawning,0.997383,0.002056,0.000204,0.0,0.997383,0.000357,0.518584,0.837412,0.0,0.110555,0.122729,0.122729,0.0,0.0,0.0,True,False,False,0.0,False,False,37.54
384,19.2,3,yawning,yawning,0.997597,0.001886,0.000201,0.0,0.997597,0.000316,0.468752,0.884856,0.0,0.112746,0.123579,0.123579,0.0,0.0,0.0,True,False,False,0.0,False,False,37.549
385,19.25,3,yawning,yawning,0.997682,0.001826,0.0002,0.0,0.997682,0.000292,0.376607,0.911234,0.0,0.114279,0.124218,0.124218,0.0,0.0,0.0,True,False,False,0.0,False,False,46.348
386,19.3,3,yawning,yawning,0.997713,0.001809,0.000201,0.0,0.997713,0.000277,0.213223,0.93427,0.0,0.114988,0.124448,0.124448,0.0,0.0,0.0,True,False,False,0.0,False,False,37.543
387,19.35,3,yawning,yawning,0.997722,0.00181,0.0002,0.0,0.997722,0.000268,0.082272,0.951209,0.0,0.115049,0.124337,0.124337,0.0,0.0,0.0,True,False,False,0.0,False,False,37.311
388,19.4,3,yawning,yawning,0.997705,0.001827,0.000201,0.0,0.997705,0.000267,0.04466,0.956778,0.0,0.114691,0.124128,0.124128,0.0,0.0,0.0,True,False,False,0.0,False,False,37.305
389,19.45,3,yawning,yawning,0.997641,0.00189,0.000201,0.0,0.997641,0.000268,0.039196,0.956447,0.0,0.11472,0.123905,0.123905,0.0,0.0,0.0,True,False,False,0.0,False,False,37.214
390,19.5,3,yawning,yawning,0.997498,0.002026,0.000201,0.0,0.997498,0.000275,0.037113,0.955055,0.0,0.114491,0.123678,0.123678,0.0,0.0,0.0,True,False,False,0.0,False,False,46.377
391,19.55,3,yawning,yawning,0.997358,0.00216,0.0002,0.0,0.997358,0.000282,0.036145,0.95386,0.0,0.114358,0.123451,0.123451,0.0,0.0,0.0,True,False,False,0.0,False,False,37.626
392,19.6,3,yawning,yawning,0.99715,0.002357,0.0002,0.0,0.99715,0.000293,0.036752,0.953451,0.0,0.114171,0.123226,0.123226,0.0,0.0,0.0,True,False,False,0.0,False,False,37.627
393,19.65,3,yawning,yawning,0.996999,0.002506,0.000197,0.0,0.996999,0.000299,0.037326,0.952946,0.0,0.113782,0.123004,0.123004,0.0,0.0,0.0,True,False,False,0.0,False,False,37.253
394,19.7,3,yawning,yawning,0.996813,0.002677,0.000196,0.0,0.996813,0.000314,0.036991,0.952997,0.0,0.113781,0.122782,0.122782,0.0,0.0,0.0,True,False,False,0.0,False,False,37.497
395,19.75,3,yawning,yawning,0.996534,0.002934,0.000196,0.0,0.996534,0.000337,0.037897,0.952819,0.0,0.1136,0.122563,0.122563,0.0,0.0,0.0,True,False,False,0.0,False,False,46.375
396,19.8,3,yawning,yawning,0.996145,0.003296,0.000196,0.0,0.996145,0.000363,0.038104,0.952831,0.0,0.113465,0.122347,0.122347,0.0,0.0,0.0,True,False,False,0.0,False,False,37.433
397,19.85,3,yawning,yawning,0.996136,0.003301,0.000191,0.0,0.996136,0.000371,0.040064,0.952095,0.0,0.113369,0.122136,0.122136,0.0,0.0,0.0,True,False,False,0.0,False,False,37.78
398,19.9,3,yawning,yawning,0.995987,0.003433,0.000191,0.0,0.995987,0.000389,0.038547,0.952549,0.0,0.112991,0.121923,0.121923,0.0,0.0,0.0,True,False,False,0.0,False,False,37.502
399,19.95,3,yawning,yawning,0.995623,0.003752,0.000194,0.0,0.995623,0.000432,0.037976,0.952871,0.0,0.11308,0.121709,0.121709,0.0,0.0,0.0,True,False,False,0.0,False,False,37.686
400,20.0,3,yawning,yawning,0.995327,0.00404,0.000191,0.0,0.995327,0.000443,0.040663,0.951864,0.0,0.112972,0.121504,0.121504,0.0,0.0,0.0,True,False,False,0.0,False,False,47.004
401,20.05,3,yawning,yawning,0.99479,0.004525,0.000195,0.0,0.99479,0.000489,0.042792,0.951147,0.0,0.11289,0.121305,0.121305,0.0,0.0,0.0,True,False,False,0.0,False,False,38.134
402,20.1,3,yawning,yawning,0.993571,0.005645,0.000206,0.0,0.993571,0.000578,0.041024,0.952057,0.0,0.112777,0.121102,0.121102,0.0,0.0,0.0,True,False,False,0.0,False,False,37.747
403,20.15,3,yawning,yawning,0.991394,0.007676,0.000222,0.0,0.991394,0.000708,0.0412,0.951999,0.0,0.112415,0.120901,0.120901,0.0,0.0,0.0,True,False,False,0.0,False,False,38.016
404,20.2,3,yawning,yawning,0.989,0.009958,0.00023,0.0,0.989,0.000812,0.04117,0.951327,0.0,0.112585,0.120701,0.120701,0.0,0.0,0.0,True,False,False,0.0,False,False,37.782
405,20.25,3,yawning,yawning,0.985868,0.012923,0.000247,0.0,0.985868,0.000962,0.041657,0.951352,0.0,0.112463,0.120503,0.120503,0.0,0.0,0.0,True,False,False,0.0,False,False,46.889
406,20.3,3,yawning,yawning,0.983644,0.015009,0.000259,0.0,0.983644,0.001088,0.04257,0.951174,0.0,0.112402,0.120308,0.120308,0.0,0.0,0.0,True,False,False,0.0,False,False,39.429
407,20.35,3,yawning,yawning,0.983452,0.015151,0.000254,0.0,0.983452,0.001143,0.040414,0.95191,0.0,0.112364,0.120109,0.120109,0.0,0.0,0.0,True,False,False,0.0,False,False,38.79
408,20.4,3,yawning,yawning,0.980854,0.017606,0.000264,0.0,0.980854,0.001276,0.042714,0.951521,0.0,0.112012,0.119917,0.119917,0.0,0.0,0.0,True,False,False,0.0,False,False,38.083
409,20.45,3,yawning,yawning,0.974258,0.023826,0.000291,0.0,0.974258,0.001625,0.041838,0.951796,0.0,0.112302,0.119723,0.119723,0.0,0.0,0.0,True,False,False,0.0,False,False,37.883
410,20.5,3,yawning,yawning,0.973267,0.02484,0.000279,0.0,0.973267,0.001614,0.040814,0.952182,0.0,0.112268,0.119528,0.119528,0.0,0.0,0.0,True,False,False,0.215485,False,False,47.515
411,20.55,3,yawning,yawning,0.970353,0.027604,0.000288,0.0,0.970353,0.001755,0.041924,0.952086,0.0,0.112263,0.119336,0.119336,0.0,0.0,0.0,True,False,False,0.0,False,False,37.901
412,20.6,3,yawning,yawning,0.969919,0.027973,0.00029,0.0,0.969919,0.001818,0.039599,0.952559,0.0,0.112242,0.11914,0.11914,0.0,0.0,0.0,True,False,False,0.0,False,False,37.403
413,20.65,3,yawning,yawning,0.959814,0.037636,0.000319,0.0,0.959814,0.002232,0.040083,0.951642,0.0,0.111877,0.118946,0.118946,0.0,0.0,0.0,True,False,False,0.0,False,False,38.651
414,20.7,3,yawning,yawning,0.934782,0.061581,0.000391,0.0,0.934782,0.003246,0.040053,0.951962,0.0,0.112204,0.118753,0.118753,0.0,0.0,0.0,True,False,False,0.0,False,False,38.87
415,20.75,3,yawning,yawning,0.885476,0.109117,0.000507,0.0,0.885476,0.0049,0.040746,0.951795,0.0,0.112184,0.118562,0.118562,0.0,0.0,0.0,True,False,False,0.0,False,False,46.121
416,20.8,3,yawning,yawning,0.798099,0.193836,0.000652,0.0,0.798099,0.007413,0.043201,0.950972,0.0,0.112178,0.118379,0.118379,0.0,0.0,0.0,True,False,False,0.0,False,False,37.315
417,20.85,3,yawning,yawning,0.707571,0.281936,0.000754,0.0,0.707571,0.009739,0.042918,0.951787,0.0,0.112169,0.118195,0.118195,0.0,0.0,0.0,True,False,False,0.0,False,False,37.252
418,20.9,3,yawning,yawning,0.523148,0.462314,0.00089,0.0,0.523148,0.013649,0.047094,0.950377,0.0,0.111841,0.118023,0.118023,0.0,0.0,0.0,True,False,False,0.0,False,False,37.475
419,20.95,0,alert,alert,0.643409,0.643409,0.000919,0.0,0.338514,0.017158,0.043532,0.951086,0.0,0.112182,0.117843,0.117843,0.0,0.0,0.0,True,False,False,0.0,False,False,37.488
420,21.0,0,alert,alert,0.749822,0.749822,0.000879,0.0,0.230292,0.019006,0.045119,0.951031,0.0,0.112186,0.117667,0.117667,0.0,0.0,0.0,True,False,False,0.0,False,False,46.258
421,21.05,0,alert,alert,0.790371,0.790371,0.000833,0.0,0.187077,0.021718,0.04542,0.950961,0.0,0.112207,0.117493,0.117493,0.0,0.0,0.0,True,False,False,0.0,False,False,37.65
422,21.1,0,alert,alert,0.883193,0.883193,0.000683,0.0,0.09322,0.022903,0.042734,0.951723,0.0,0.11222,0.117314,0.117314,0.0,0.0,0.0,True,False,False,0.0,False,False,37.349
423,21.15,0,alert,alert,0.934667,0.934667,0.000518,0.0,0.042817,0.021998,0.042728,0.951623,0.0,0.111869,0.117135,0.117135,0.0,0.0,0.0,True,False,False,0.0,False,False,38.568
424,21.2,0,alert,alert,0.957674,0.957674,0.000389,0.0,0.019908,0.022029,0.041372,0.951573,0.0,0.112252,0.116954,0.116954,0.0,0.0,0.0,True,False,False,0.0,False,False,38.773
425,21.25,0,alert,alert,0.96732,0.96732,0.000307,0.0,0.010829,0.021544,0.041986,0.951326,0.0,0.112272,0.116775,0.116775,0.0,0.0,0.0,True,False,False,0.0,False,False,47.803
426,21.3,0,alert,alert,0.971635,0.971635,0.000255,0.0,0.006828,0.021282,0.042694,0.950899,0.0,0.112293,0.116599,0.116599,0.0,0.0,0.0,True,False,False,0.0,False,False,37.919
427,21.35,0,alert,alert,0.973723,0.973723,0.000225,0.0,0.004779,0.021273,0.04099,0.951471,0.0,0.112305,0.11642,0.11642,0.0,0.0,0.0,True,False,False,0.0,False,False,38.845
428,21.4,0,alert,alert,0.973399,0.973399,0.000215,0.0,0.003693,0.022693,0.04059,0.951607,0.0,0.111943,0.11624,0.11624,0.0,0.0,0.0,True,False,False,0.0,False,False,38.855
429,21.45,0,alert,alert,0.97346,0.97346,0.000205,0.0,0.003396,0.022938,0.042164,0.951308,0.0,0.112319,0.116065,0.116065,0.0,0.0,0.0,True,False,False,0.0,False,False,38.666
430,21.5,0,alert,alert,0.955398,0.955398,0.000274,0.0,0.003834,0.040494,0.439181,0.864959,0.0,0.114192,0.116758,0.116758,0.0,0.0,0.0,True,False,False,0.0,False,False,47.313
431,21.55,0,alert,alert,0.928522,0.928522,0.000459,0.0,0.003769,0.06725,0.519551,0.819617,0.0,0.116348,0.117574,0.117574,0.0,0.0,0.0,True,False,False,0.0,False,False,38.642
432,21.6,0,alert,alert,0.883466,0.883466,0.00114,0.0,0.003857,0.111537,0.574919,0.814533,0.0,0.118737,0.118493,0.118493,0.0,0.0,0.0,True,False,False,0.0,False,False,37.574
433,21.65,0,alert,alert,0.846737,0.846737,0.002843,0.0,0.006613,0.143807,0.66405,0.825573,0.0,0.121132,0.119602,0.119602,0.0,0.0,0.0,True,False,False,0.0,False,False,37.64
434,21.7,0,alert,alert,0.786212,0.786212,0.007594,0.0,0.017283,0.188911,0.74387,0.814949,0.0,0.124668,0.120852,0.120852,0.0,0.0,0.0,True,False,False,0.0,False,False,38.772
435,21.75,0,alert,alert,0.69183,0.69183,0.02214,0.0,0.054759,0.231271,0.796163,0.791041,0.0,0.127937,0.122162,0.122162,0.0,0.0,0.0,True,False,False,0.0,False,False,47.314
436,21.8,0,alert,alert,0.562126,0.562126,0.066741,0.0,0.141451,0.229682,0.821602,0.774272,0.0,0.131171,0.123487,0.123487,0.0,0.0,0.0,True,False,False,0.0,False,False,37.571
437,21.85,0,alert,alert,0.368914,0.368914,0.184253,0.0,0.26674,0.180093,0.834706,0.759868,0.05,0.134468,0.124808,0.124808,0.0,0.0,0.0,True,False,False,0.0,False,False,38.929
438,21.9,1,drowsy,drowsy,0.517716,0.151363,0.517716,0.0,0.232863,0.098058,0.843589,0.751411,0.1,0.137317,0.126125,0.126125,0.0,0.0,0.0,True,False,False,0.0,False,False,38.684
439,21.95,1,drowsy,drowsy,0.840992,0.035896,0.840992,0.0,0.09425,0.028861,0.853109,0.743827,0.15,0.1393,0.127441,0.127441,0.0,0.0,0.0,True,False,False,0.431534,False,False,37.466
440,22.0,1,drowsy,drowsy,0.952146,0.008639,0.952146,0.0,0.031121,0.008094,0.854714,0.738416,0.2,0.140436,0.128746,0.128746,0.0,0.0,0.0,True,False,False,0.0,False,False,46.193
441,22.05,1,drowsy,drowsy,0.982983,0.003007,0.982983,0.0,0.010774,0.003236,0.858884,0.732604,0.25,0.14141,0.130044,0.130044,0.0,0.0,0.0,True,False,False,0.0,False,False,37.698
442,22.1,1,drowsy,drowsy,0.989184,0.001846,0.989184,0.0,0.006775,0.002196,0.859415,0.728012,0.3,0.142358,0.131329,0.131329,0.033433,0.015034,0.015034,True,False,False,0.0,False,False,37.746
443,22.15,1,drowsy,drowsy,0.99023,0.001555,0.99023,0.0,0.00615,0.002065,0.852523,0.725554,0.35,0.145122,0.132594,0.132594,0.03662,0.016503,0.016503,True,False,False,0.0,False,False,37.538
444,22.2,1,drowsy,drowsy,1.0,0.0,1.0,0.0,0.0,0.0,0.740979,0.772871,0.4,0.144301,0.133728,0.133728,0.039901,0.017854,0.017854,True,False,False,0.020533,False,True,38.988
445,22.25,1,drowsy,drowsy,1.0,0.0,1.0,0.0,0.0,0.0,0.601429,0.822047,0.45,0.145226,0.134654,0.134654,0.042589,0.019009,0.019009,True,False,False,0.044263,False,True,46.659
446,22.3,1,drowsy,drowsy,1.0,0.0,1.0,0.0,0.0,0.0,0.505045,0.861337,0.0,0.146627,0.135421,0.135421,0.044954,0.020015,0.020015,True,False,False,0.0,False,True,38.178
447,22.35,1,drowsy,drowsy,1.0,0.0,1.0,0.0,0.0,0.0,0.40902,0.901144,0.0,0.148235,0.136012,0.136012,0.046956,0.020855,0.020855,True,False,False,0.015195,False,True,38.541
448,22.4,1,drowsy,drowsy,1.0,0.0,1.0,0.0,0.0,0.0,0.346591,0.911043,0.0,0.149206,0.136471,0.136471,0.048423,0.021565,0.021565,True,False,False,0.0,False,True,38.022
449,22.45,1,drowsy,drowsy,1.0,0.0,1.0,0.0,0.0,0.0,0.198895,0.932715,0.0,0.150499,0.13661,0.13661,0.048679,0.021517,0.021517,True,False,False,0.0,False,True,39.543
450,22.5,3,yawning,yawning,0.934027,0.041308,0.014441,0.0,0.934027,0.010224,0.077846,0.947771,0.0,0.150702,0.136477,0.136477,0.04868,0.021469,0.021469,True,False,False,0.0,False,False,48.943
451,22.55,3,yawning,yawning,0.967447,0.025815,0.002569,0.0,0.967447,0.004169,0.043196,0.954449,0.0,0.150725,0.136266,0.136266,0.04868,0.02142,0.02142,True,False,False,0.0,False,False,39.647
452,22.6,1,drowsy,drowsy,1.0,0.0,1.0,0.0,0.0,0.0,0.038877,0.954764,0.0,0.150719,0.136045,0.136045,0.04868,0.021371,0.021371,True,False,False,0.0,False,True,38.415
453,22.65,1,drowsy,drowsy,1.0,0.0,1.0,0.0,0.0,0.0,0.036795,0.953579,0.0,0.150135,0.135821,0.135821,0.04843,0.021323,0.021323,True,False,False,0.0,False,True,37.985
454,22.7,1,drowsy,drowsy,1.0,0.0,1.0,0.0,0.0,0.0,0.038602,0.952911,0.0,0.150705,0.135603,0.135603,0.048679,0.021275,0.021275,True,False,False,0.0,False,True,38.387
455,22.75,1,drowsy,drowsy,1.0,0.0,1.0,0.0,0.0,0.0,0.03949,0.952351,0.0,0.150712,0.135387,0.135387,0.048679,0.021228,0.021228,True,False,False,0.0,False,True,46.498
456,22.8,1,drowsy,drowsy,1.0,0.0,1.0,0.0,0.0,0.0,0.040219,0.951847,0.0,0.150709,0.135174,0.135174,0.048679,0.02118,0.02118,True,False,False,0.0,False,True,37.941
457,22.85,1,drowsy,drowsy,1.0,0.0,1.0,0.0,0.0,0.0,0.040267,0.951673,0.0,0.150711,0.134962,0.134962,0.048679,0.021133,0.021133,True,False,False,0.0,False,True,38.505
458,22.9,1,drowsy,drowsy,1.0,0.0,1.0,0.0,0.0,0.0,0.043651,0.949995,0.0,0.150164,0.134759,0.134759,0.048431,0.021086,0.021086,True,False,False,0.0,False,True,39.343
459,22.95,0,alert,alert,0.627729,0.627729,0.001073,0.0,0.356557,0.014641,0.042197,0.951285,0.0,0.150745,0.134554,0.134554,0.04868,0.021039,0.021039,True,False,False,0.0,False,False,39.678
460,23.0,1,drowsy,drowsy,1.0,0.0,1.0,0.0,0.0,0.0,0.040431,0.951998,0.0,0.150735,0.134345,0.134345,0.04868,0.020992,0.020992,True,False,False,0.111929,False,True,47.832
461,23.05,1,drowsy,drowsy,1.0,0.0,1.0,0.0,0.0,0.0,0.040457,0.951592,0.0,0.150736,0.134138,0.134138,0.04868,0.020946,0.020946,True,False,False,0.169149,False,True,37.457
462,23.1,1,drowsy,drowsy,1.0,0.0,1.0,0.0,0.0,0.0,0.043515,0.950357,0.0,0.149246,0.133938,0.133938,0.048667,0.0209,0.0209,True,False,False,0.169149,False,True,37.549
463,23.15,1,drowsy,drowsy,1.0,0.0,1.0,0.0,0.0,0.0,0.042715,0.950254,0.0,0.148702,0.133737,0.133737,0.048419,0.020854,0.020854,True,False,False,0.0,False,True,38.305
464,23.2,1,drowsy,drowsy,1.0,0.0,1.0,0.0,0.0,0.0,0.043136,0.950072,0.0,0.144877,0.133539,0.133539,0.048604,0.020808,0.020808,True,False,False,0.28771,False,True,37.587
465,23.25,1,drowsy,drowsy,1.0,0.0,1.0,0.0,0.0,0.0,0.04177,0.951532,0.0,0.142675,0.133338,0.133338,0.04857,0.020763,0.020763,True,False,False,0.28771,False,True,46.504
466,23.3,1,drowsy,drowsy,1.0,0.0,1.0,0.0,0.0,0.0,0.040822,0.950772,0.0,0.140599,0.133135,0.133135,0.048552,0.020717,0.020717,True,False,False,0.299383,False,True,38.802
467,23.35,1,drowsy,drowsy,1.0,0.0,1.0,0.0,0.0,0.0,0.042491,0.95057,0.0,0.139054,0.132938,0.132938,0.048543,0.020672,0.020672,True,False,False,0.237127,False,True,37.485
468,23.4,1,drowsy,drowsy,1.0,0.0,1.0,0.0,0.0,0.0,0.045777,0.949583,0.0,0.138579,0.132748,0.132748,0.048296,0.020627,0.020627,True,False,False,0.299383,False,True,37.763
469,23.45,1,drowsy,drowsy,1.0,0.0,1.0,0.0,0.0,0.0,0.043716,0.950552,0.0,0.138382,0.132555,0.132555,0.048541,0.020582,0.020582,True,False,False,0.0,False,True,37.875
470,23.5,1,drowsy,drowsy,1.0,0.0,1.0,0.0,0.0,0.0,0.041126,0.951269,0.0,0.13838,0.132357,0.132357,0.048542,0.020538,0.020538,True,False,False,0.0,False,True,45.95
471,23.55,1,drowsy,drowsy,1.0,0.0,1.0,0.0,0.0,0.0,0.043261,0.95136,0.0,0.138409,0.132164,0.132164,0.048543,0.020493,0.020493,True,False,False,0.0,False,True,37.743
472,23.6,1,drowsy,drowsy,1.0,0.0,1.0,0.0,0.0,0.0,0.040095,0.951739,0.0,0.138429,0.131966,0.131966,0.048544,0.020449,0.020449,True,False,False,0.0,False,True,37.699
473,23.65,1,drowsy,drowsy,1.0,0.0,1.0,0.0,0.0,0.0,0.039603,0.951655,0.0,0.137925,0.131767,0.131767,0.048296,0.020405,0.020405,True,False,False,0.0,False,True,37.5
474,23.7,1,drowsy,drowsy,1.0,0.0,1.0,0.0,0.0,0.0,0.038412,0.952131,0.0,0.138461,0.131566,0.131566,0.048545,0.020361,0.020361,True,False,False,0.0,False,True,37.579
475,23.75,1,drowsy,drowsy,1.0,0.0,1.0,0.0,0.0,0.0,0.039387,0.952107,0.0,0.138473,0.131368,0.131368,0.048545,0.020317,0.020317,True,False,False,0.0,False,True,47.658
476,23.8,1,drowsy,drowsy,1.0,0.0,1.0,0.0,0.0,0.0,0.039116,0.952161,0.0,0.138479,0.13117,0.13117,0.048546,0.020274,0.020274,True,False,False,0.0,False,True,38.817
477,23.85,1,drowsy,drowsy,1.0,0.0,1.0,0.0,0.0,0.0,0.038183,0.95257,0.0,0.138475,0.130972,0.130972,0.048546,0.020231,0.020231,True,False,False,0.0,False,True,37.462
478,23.9,1,drowsy,drowsy,1.0,0.0,1.0,0.0,0.0,0.0,0.03841,0.952473,0.0,0.137964,0.130774,0.130774,0.048298,0.020187,0.020187,True,False,False,0.0,False,True,37.612
479,23.95,1,drowsy,drowsy,1.0,0.0,1.0,0.0,0.0,0.0,0.038457,0.952455,0.0,0.138418,0.130578,0.130578,0.048545,0.020144,0.020144,True,False,False,0.0,False,True,37.617
480,24.0,1,drowsy,drowsy,1.0,0.0,1.0,0.0,0.0,0.0,0.038671,0.95263,0.0,0.1384,0.130382,0.130382,0.048545,0.020102,0.020102,True,False,False,0.0,False,True,46.125
481,24.05,1,drowsy,drowsy,1.0,0.0,1.0,0.0,0.0,0.0,0.037921,0.952551,0.0,0.138381,0.130186,0.130186,0.048544,0.020059,0.020059,True,False,False,0.0,False,True,38.978
482,24.1,1,drowsy,drowsy,1.0,0.0,1.0,0.0,0.0,0.0,0.038788,0.952218,0.0,0.138368,0.129993,0.129993,0.048544,0.020017,0.020017,True,False,False,0.0,False,True,37.577
483,24.15,1,drowsy,drowsy,1.0,0.0,1.0,0.0,0.0,0.0,0.040969,0.951366,0.0,0.137872,0.129806,0.129806,0.048297,0.019974,0.019974,True,False,False,0.0,False,True,37.747
484,24.2,1,drowsy,drowsy,1.0,0.0,1.0,0.0,0.0,0.0,0.043523,0.95048,0.0,0.138373,0.129624,0.129624,0.048544,0.019932,0.019932,True,False,False,0.0,False,True,38.782
485,24.25,1,drowsy,drowsy,1.0,0.0,1.0,0.0,0.0,0.0,0.041705,0.951259,0.0,0.138371,0.12944,0.12944,0.048544,0.019891,0.019891,True,False,False,0.0,False,True,46.962
486,24.3,1,drowsy,drowsy,1.0,0.0,1.0,0.0,0.0,0.0,0.041817,0.951528,0.0,0.138358,0.129256,0.129256,0.048544,0.019849,0.019849,True,False,False,0.0,False,True,37.823
487,24.35,1,drowsy,drowsy,1.0,0.0,1.0,0.0,0.0,0.0,0.040042,0.952254,0.0,0.138337,0.129069,0.129069,0.048544,0.019807,0.019807,True,False,False,0.0,False,True,37.453
488,24.4,1,drowsy,drowsy,1.0,0.0,1.0,0.0,0.0,0.0,0.040254,0.951723,0.0,0.137837,0.128884,0.128884,0.048296,0.019766,0.019766,True,False,False,0.0,False,True,37.524
489,24.45,1,drowsy,drowsy,1.0,0.0,1.0,0.0,0.0,0.0,0.040776,0.951206,0.0,0.138308,0.128701,0.128701,0.048543,0.019725,0.019725,True,False,False,0.0,False,True,37.442
490,24.5,1,drowsy,drowsy,1.0,0.0,1.0,0.0,0.0,0.0,0.041405,0.951137,0.0,0.138312,0.128519,0.128519,0.048544,0.019684,0.019684,True,False,False,0.0,False,True,47.52
491,24.55,1,drowsy,drowsy,1.0,0.0,1.0,0.0,0.0,0.0,0.040603,0.951654,0.0,0.138314,0.128337,0.128337,0.048544,0.019643,0.019643,True,False,False,0.0,False,True,37.537
492,24.6,1,drowsy,drowsy,1.0,0.0,1.0,0.0,0.0,0.0,0.040296,0.951882,0.0,0.13831,0.128155,0.128155,0.048544,0.019602,0.019602,True,False,False,0.0,False,True,39.488
493,24.65,1,drowsy,drowsy,1.0,0.0,1.0,0.0,0.0,0.0,0.040958,0.951823,0.0,0.137814,0.127975,0.127975,0.048296,0.019562,0.019562,True,False,False,0.0,False,True,37.77
494,24.7,1,drowsy,drowsy,1.0,0.0,1.0,0.0,0.0,0.0,0.039503,0.952154,0.0,0.138317,0.127792,0.127792,0.048543,0.019522,0.019522,True,False,False,0.0,False,True,38.076
495,24.75,0,alert,alert,0.902756,0.902756,0.000563,0.0,0.06733,0.029351,0.039073,0.952294,0.0,0.138322,0.12761,0.12761,0.048544,0.019481,0.019481,True,False,False,0.0,False,False,47.035
496,24.8,1,drowsy,drowsy,1.0,0.0,1.0,0.0,0.0,0.0,0.039239,0.951986,0.0,0.138332,0.127428,0.127428,0.048544,0.019441,0.019441,True,False,False,0.0,False,True,38.104
497,24.85,1,drowsy,drowsy,1.0,0.0,1.0,0.0,0.0,0.0,0.039199,0.95218,0.0,0.138342,0.127247,0.127247,0.048544,0.019402,0.019402,True,False,False,0.0,False,True,39.851
498,24.9,1,drowsy,drowsy,1.0,0.0,1.0,0.0,0.0,0.0,0.038844,0.952329,0.0,0.137834,0.127067,0.127067,0.048296,0.019362,0.019362,True,False,False,0.0,False,True,40.092
499,24.95,1,drowsy,drowsy,1.0,0.0,1.0,0.0,0.0,0.0,0.041291,0.951985,0.0,0.134318,0.126891,0.126891,0.048493,0.019322,0.019322,True,False,False,0.0,False,True,37.732
500,25.0,1,drowsy,drowsy,1.0,0.0,1.0,0.0,0.0,0.0,0.041635,0.9521,0.0,0.132121,0.126718,0.126718,0.048459,0.019283,0.019283,True,False,False,0.0,False,True,46.9
501,25.05,1,drowsy,drowsy,1.0,0.0,1.0,0.0,0.0,0.0,0.04793,0.950101,0.0,0.130085,0.126558,0.126558,0.048443,0.019244,0.019244,True,False,False,0.0,False,True,38.442
502,25.1,1,drowsy,drowsy,1.0,0.0,1.0,0.0,0.0,0.0,0.438334,0.869507,0.0,0.130461,0.127136,0.127136,0.048456,0.019208,0.019208,True,False,False,0.0,False,True,38.432
503,25.15,1,drowsy,drowsy,1.0,0.0,1.0,0.0,0.0,0.0,0.518178,0.827336,0.0,0.132177,0.127824,0.127824,0.048241,0.019174,0.019174,True,False,False,0.0,False,True,37.967
504,25.2,1,drowsy,drowsy,1.0,0.0,1.0,0.0,0.0,0.0,0.572785,0.827787,0.0,0.134337,0.128606,0.128606,0.048518,0.019141,0.019141,True,False,False,0.0,False,True,38.981
505,25.25,1,drowsy,drowsy,1.0,0.0,1.0,0.0,0.0,0.0,0.655344,0.838056,0.0,0.137154,0.129542,0.129542,0.048549,0.019107,0.019107,True,False,False,0.0,False,True,47.483
506,25.3,1,drowsy,drowsy,1.0,0.0,1.0,0.0,0.0,0.0,0.732075,0.827826,0.0,0.140313,0.130597,0.130597,0.048583,0.019073,0.019073,True,False,False,0.0,False,True,37.721
507,25.35,1,drowsy,drowsy,1.0,0.0,1.0,0.0,0.0,0.0,0.77788,0.807195,0.0,0.143619,0.131701,0.131701,0.048622,0.019041,0.019041,True,False,False,0.0,False,True,37.702
508,25.4,1,drowsy,drowsy,1.0,0.0,1.0,0.0,0.0,0.0,0.808233,0.786071,0.0,0.146425,0.132822,0.132822,0.048416,0.019009,0.019009,True,False,False,0.0,False,True,37.787
509,25.45,1,drowsy,drowsy,1.0,0.0,1.0,0.0,0.0,0.0,0.822656,0.768817,0.0,0.150367,0.133939,0.133939,0.048714,0.018978,0.018978,True,False,False,0.0,False,True,37.694
510,25.5,1,drowsy,drowsy,1.0,0.0,1.0,0.0,0.0,0.0,0.832354,0.754484,0.05,0.153739,0.135047,0.135047,0.048766,0.018948,0.018948,True,False,False,0.0,False,True,46.111
511,25.55,1,drowsy,drowsy,1.0,0.0,1.0,0.0,0.0,0.0,0.839748,0.746734,0.1,0.157116,0.136151,0.136151,0.048821,0.018919,0.018919,True,False,False,0.0,False,True,37.68
512,25.6,1,drowsy,drowsy,1.0,0.0,1.0,0.0,0.0,0.0,0.839098,0.743487,0.15,0.160482,0.137246,0.137246,0.048876,0.018889,0.018889,True,False,False,0.0,False,True,37.608
513,25.65,1,drowsy,drowsy,1.0,0.0,1.0,0.0,0.0,0.0,0.847707,0.737169,0.2,0.163218,0.138342,0.138342,0.048681,0.01886,0.01886,True,False,False,0.0,False,True,37.735
514,25.7,1,drowsy,drowsy,1.0,0.0,1.0,0.0,0.0,0.0,0.850347,0.729132,0.25,0.167235,0.139427,0.139427,0.082553,0.031731,0.031731,True,False,False,0.0,False,True,38.433
515,25.75,1,drowsy,drowsy,1.0,0.0,1.0,0.0,0.0,0.0,0.855968,0.722919,0.3,0.170601,0.140507,0.140507,0.086023,0.032974,0.032974,True,False,False,0.0,False,True,46.595
516,25.8,1,drowsy,drowsy,1.0,0.0,1.0,0.0,0.0,0.0,0.797396,0.767671,0.35,0.173905,0.141557,0.141557,0.089444,0.034196,0.034196,True,False,False,0.0,False,True,37.815
517,25.85,1,drowsy,drowsy,1.0,0.0,1.0,0.0,0.0,0.0,0.60929,0.852129,0.4,0.17661,0.142386,0.142386,0.092321,0.035215,0.035215,True,False,False,0.0,False,True,37.851
518,25.9,1,drowsy,drowsy,1.0,0.0,1.0,0.0,0.0,0.0,0.4221,0.906168,0.0,0.177817,0.142912,0.142912,0.093942,0.035942,0.035942,True,False,False,0.0,False,True,37.83
519,25.95,1,drowsy,drowsy,1.0,0.0,1.0,0.0,0.0,0.0,0.232705,0.935389,0.0,0.17751,0.143086,0.143086,0.094394,0.035873,0.035873,True,False,False,0.0,False,True,37.897
520,26.0,1,drowsy,drowsy,1.0,0.0,1.0,0.0,0.0,0.0,0.089142,0.951658,0.0,0.175513,0.14298,0.14298,0.094333,0.035802,0.035802,True,False,False,0.0,False,True,46.893
521,26.05,1,drowsy,drowsy,1.0,0.0,1.0,0.0,0.0,0.0,0.048725,0.956941,0.0,0.173299,0.142794,0.142794,0.094277,0.035732,0.035732,True,False,False,0.0,False,True,38.294
522,26.1,1,drowsy,drowsy,1.0,0.0,1.0,0.0,0.0,0.0,0.040757,0.956188,0.0,0.171107,0.142593,0.142593,0.094234,0.035661,0.035661,True,False,False,0.0,False,True,37.864
523,26.15,1,drowsy,drowsy,1.0,0.0,1.0,0.0,0.0,0.0,0.039643,0.95408,0.0,0.169107,0.142391,0.142391,0.094206,0.035591,0.035591,True,False,False,0.0,False,True,37.49
524,26.2,1,drowsy,drowsy,1.0,0.0,1.0,0.0,0.0,0.0,0.038104,0.953736,0.0,0.167503,0.142187,0.142187,0.094188,0.035522,0.035522,True,False,False,0.0,False,True,37.708
525,26.25,1,drowsy,drowsy,1.0,0.0,1.0,0.0,0.0,0.0,0.037464,0.953653,0.0,0.166614,0.141983,0.141983,0.09418,0.035452,0.035452,True,False,False,0.0,False,True,46.579
526,26.3,1,drowsy,drowsy,1.0,0.0,1.0,0.0,0.0,0.0,0.038313,0.952976,0.0,0.166307,0.141781,0.141781,0.094178,0.035383,0.035383,True,False,False,0.0,False,True,37.775
527,26.35,1,drowsy,drowsy,1.0,0.0,1.0,0.0,0.0,0.0,0.039508,0.952511,0.0,0.166232,0.141582,0.141582,0.094179,0.035315,0.035315,True,False,False,0.0,False,True,37.605
528,26.4,1,drowsy,drowsy,1.0,0.0,1.0,0.0,0.0,0.0,0.039003,0.952664,0.0,0.16617,0.141383,0.141383,0.094178,0.035246,0.035246,True,False,False,0.0,False,True,37.392
529,26.45,1,drowsy,drowsy,1.0,0.0,1.0,0.0,0.0,0.0,0.03877,0.95232,0.0,0.166147,0.141185,0.141185,0.094179,0.035178,0.035178,True,False,False,0.0,False,True,37.535
530,26.5,1,drowsy,drowsy,1.0,0.0,1.0,0.0,0.0,0.0,0.037998,0.952669,0.0,0.166112,0.140986,0.140986,0.094179,0.03511,0.03511,True,False,False,0.0,False,True,46.301
531,26.55,1,drowsy,drowsy,1.0,0.0,1.0,0.0,0.0,0.0,0.037483,0.95277,0.0,0.166,0.140786,0.140786,0.094177,0.035042,0.035042,True,False,False,0.0,False,True,37.658
532,26.6,1,drowsy,drowsy,1.0,0.0,1.0,0.0,0.0,0.0,0.03719,0.952532,0.0,0.16591,0.140587,0.140587,0.094176,0.034975,0.034975,True,False,False,0.0,False,True,37.616
533,26.65,1,drowsy,drowsy,1.0,0.0,1.0,0.0,0.0,0.0,0.037803,0.952396,0.0,0.16584,0.140389,0.140389,0.094175,0.034908,0.034908,True,False,False,0.0,False,True,37.771
534,26.7,1,drowsy,drowsy,1.0,0.0,1.0,0.0,0.0,0.0,0.037536,0.952873,0.0,0.16578,0.140192,0.140192,0.094173,0.034841,0.034841,True,False,False,0.0,False,True,37.287
535,26.75,1,drowsy,drowsy,1.0,0.0,1.0,0.0,0.0,0.0,0.037965,0.952692,0.0,0.165731,0.139997,0.139997,0.094172,0.034774,0.034774,True,False,False,0.0,False,True,46.021
536,26.8,1,drowsy,drowsy,1.0,0.0,1.0,0.0,0.0,0.0,0.036978,0.952903,0.0,0.165675,0.1398,0.1398,0.094171,0.034708,0.034708,True,False,False,0.0,False,True,37.663
537,26.85,1,drowsy,drowsy,1.0,0.0,1.0,0.0,0.0,0.0,0.036244,0.953439,0.0,0.165628,0.139603,0.139603,0.09417,0.034642,0.034642,True,False,False,0.0,False,True,37.73
538,26.9,1,drowsy,drowsy,1.0,0.0,1.0,0.0,0.0,0.0,0.036865,0.953203,0.0,0.165574,0.139407,0.139407,0.094168,0.034576,0.034576,True,False,False,0.0,False,True,37.62
539,26.95,1,drowsy,drowsy,1.0,0.0,1.0,0.0,0.0,0.0,0.038038,0.95297,0.0,0.165547,0.139215,0.139215,0.094167,0.03451,0.03451,True,False,False,0.0,False,True,37.594
540,27.0,1,drowsy,drowsy,1.0,0.0,1.0,0.0,0.0,0.0,0.038086,0.952766,0.0,0.165522,0.139023,0.139023,0.094166,0.034445,0.034445,True,False,False,0.0,False,True,46.127
541,27.05,1,drowsy,drowsy,1.0,0.0,1.0,0.0,0.0,0.0,0.038085,0.952708,0.0,0.165504,0.138832,0.138832,0.094165,0.03438,0.03438,True,False,False,0.0,False,True,38.11
542,27.1,1,drowsy,drowsy,1.0,0.0,1.0,0.0,0.0,0.0,0.039197,0.952362,0.0,0.165496,0.138644,0.138644,0.094164,0.034315,0.034315,True,False,False,0.0,False,True,38.042
543,27.15,1,drowsy,drowsy,1.0,0.0,1.0,0.0,0.0,0.0,0.039772,0.952379,0.0,0.165486,0.138458,0.138458,0.094164,0.03425,0.03425,True,False,False,0.0,False,True,38.388
544,27.2,1,drowsy,drowsy,1.0,0.0,1.0,0.0,0.0,0.0,0.039867,0.952409,0.0,0.165471,0.138273,0.138273,0.094163,0.034186,0.034186,True,False,False,0.0,False,True,38.45
545,27.25,1,drowsy,drowsy,1.0,0.0,1.0,0.0,0.0,0.0,0.042553,0.951925,0.0,0.165478,0.138093,0.138093,0.094163,0.034122,0.034122,True,False,False,0.0,False,True,46.888
546,27.3,1,drowsy,drowsy,1.0,0.0,1.0,0.0,0.0,0.0,0.040765,0.952324,0.0,0.165481,0.137911,0.137911,0.094163,0.034058,0.034058,True,False,False,0.0,False,True,37.943
547,27.35,1,drowsy,drowsy,1.0,0.0,1.0,0.0,0.0,0.0,0.041711,0.951976,0.0,0.165495,0.137731,0.137731,0.094163,0.033994,0.033994,True,False,False,0.0,False,True,38.659
548,27.4,1,drowsy,drowsy,1.0,0.0,1.0,0.0,0.0,0.0,0.042855,0.951863,0.0,0.165509,0.137554,0.137554,0.094163,0.033931,0.033931,True,False,False,0.157525,False,True,38.003
549,27.45,1,drowsy,drowsy,1.0,0.0,1.0,0.0,0.0,0.0,0.040661,0.952449,0.0,0.165334,0.137374,0.137374,0.094159,0.033868,0.033868,True,False,False,0.109688,False,True,38.533
550,27.5,1,drowsy,drowsy,1.0,0.0,1.0,0.0,0.0,0.0,0.040472,0.952542,0.0,0.163299,0.137194,0.137194,0.094115,0.033805,0.033805,True,False,False,0.0,False,True,46.646
551,27.55,1,drowsy,drowsy,1.0,0.0,1.0,0.0,0.0,0.0,0.040361,0.952319,0.0,0.161081,0.137014,0.137014,0.094042,0.033742,0.033742,True,False,False,0.0,False,True,37.832
552,27.6,1,drowsy,drowsy,1.0,0.0,1.0,0.0,0.0,0.0,0.040029,0.952199,0.0,0.158938,0.136835,0.136835,0.094005,0.033679,0.033679,True,False,False,0.0,False,True,37.558
553,27.65,1,drowsy,drowsy,1.0,0.0,1.0,0.0,0.0,0.0,0.042632,0.951103,0.0,0.157129,0.136661,0.136661,0.093985,0.033617,0.033617,True,False,False,0.0,False,True,37.652
554,27.7,1,drowsy,drowsy,1.0,0.0,1.0,0.0,0.0,0.0,0.042515,0.951307,0.0,0.155974,0.136487,0.136487,0.093974,0.033555,0.033555,True,False,False,0.0,False,True,37.662
555,27.75,1,drowsy,drowsy,1.0,0.0,1.0,0.0,0.0,0.0,0.042074,0.951401,0.0,0.155604,0.136314,0.136314,0.093972,0.033494,0.033494,True,False,False,0.0,False,True,46.191
556,27.8,1,drowsy,drowsy,1.0,0.0,1.0,0.0,0.0,0.0,0.043683,0.951442,0.0,0.155543,0.136143,0.136143,0.093974,0.033432,0.033432,True,False,False,0.0,False,True,37.601
557,27.85,1,drowsy,drowsy,1.0,0.0,1.0,0.0,0.0,0.0,0.046607,0.950347,0.0,0.155572,0.13598,0.13598,0.093977,0.033371,0.033371,True,False,False,0.0,False,True,38.86
558,27.9,1,drowsy,drowsy,1.0,0.0,1.0,0.0,0.0,0.0,0.051326,0.949037,0.0,0.155633,0.135825,0.135825,0.093979,0.03331,0.03331,True,False,False,0.0,False,True,37.294
559,27.95,1,drowsy,drowsy,1.0,0.0,1.0,0.0,0.0,0.0,0.05791,0.947083,0.0,0.155729,0.135683,0.135683,0.093982,0.033249,0.033249,True,False,False,0.0,False,True,38.74
560,28.0,1,drowsy,drowsy,1.0,0.0,1.0,0.0,0.0,0.0,0.273038,0.918417,0.0,0.1569,0.135925,0.135925,0.093999,0.033191,0.033191,True,False,False,0.0,False,True,46.052
561,28.05,1,drowsy,drowsy,1.0,0.0,1.0,0.0,0.0,0.0,0.499758,0.833324,0.0,0.159028,0.136505,0.136505,0.094059,0.033138,0.033138,True,False,False,0.0,False,True,37.835
562,28.1,1,drowsy,drowsy,1.0,0.0,1.0,0.0,0.0,0.0,0.548622,0.814067,0.0,0.161299,0.137146,0.137146,0.094129,0.033086,0.033086,True,False,False,0.0,False,True,37.56
563,28.15,1,drowsy,drowsy,1.0,0.0,1.0,0.0,0.0,0.0,0.586618,0.831992,0.0,0.163793,0.137859,0.137859,0.09419,0.033034,0.033034,True,False,False,0.0,False,True,38.846
564,28.2,1,drowsy,drowsy,1.0,0.0,1.0,0.0,0.0,0.0,0.592633,0.850719,0.0,0.166392,0.138596,0.138596,0.094242,0.03298,0.03298,True,False,False,0.0,False,True,38.602
565,28.25,1,drowsy,drowsy,1.0,0.0,1.0,0.0,0.0,0.0,0.522763,0.884652,0.0,0.16875,0.139242,0.139242,0.094277,0.032925,0.032925,True,False,False,0.0,False,True,47.814
566,28.3,1,drowsy,drowsy,1.0,0.0,1.0,0.0,0.0,0.0,0.48776,0.89507,0.0,0.170927,0.139834,0.139834,0.094306,0.032869,0.032869,True,False,False,0.0,False,True,38.954
567,28.35,1,drowsy,drowsy,1.0,0.0,1.0,0.0,0.0,0.0,0.461676,0.90175,0.0,0.173006,0.140384,0.140384,0.094332,0.032813,0.032813,True,False,False,0.0,False,True,38.152
568,28.4,1,drowsy,drowsy,1.0,0.0,1.0,0.0,0.0,0.0,0.399985,0.919312,0.0,0.174813,0.140835,0.140835,0.094349,0.032756,0.032756,True,False,False,0.0,False,True,37.868
569,28.45,1,drowsy,drowsy,1.0,0.0,1.0,0.0,0.0,0.0,0.306377,0.930588,0.0,0.176157,0.141126,0.141126,0.09436,0.032698,0.032698,True,False,False,0.0,False,True,37.841
570,28.5,1,drowsy,drowsy,1.0,0.0,1.0,0.0,0.0,0.0,0.202724,0.942761,0.0,0.176956,0.141235,0.141235,0.094364,0.03264,0.03264,True,False,False,0.0,False,True,47.706
571,28.55,1,drowsy,drowsy,1.0,0.0,1.0,0.0,0.0,0.0,0.097784,0.950897,0.0,0.177235,0.141157,0.141157,0.094364,0.032582,0.032582,True,False,False,0.0,False,True,38.889
572,28.6,1,drowsy,drowsy,1.0,0.0,1.0,0.0,0.0,0.0,0.066675,0.951624,0.0,0.177358,0.141024,0.141024,0.094364,0.032524,0.032524,True,False,False,0.0,False,True,37.574
573,28.65,1,drowsy,drowsy,1.0,0.0,1.0,0.0,0.0,0.0,0.077649,0.948339,0.0,0.177552,0.140912,0.140912,0.094366,0.032466,0.032466,True,False,False,0.0,False,True,37.722
574,28.7,1,drowsy,drowsy,1.0,0.0,1.0,0.0,0.0,0.0,0.083037,0.945311,0.0,0.177777,0.140809,0.140809,0.094369,0.032408,0.032408,True,False,False,0.0,False,True,37.667
575,28.75,1,drowsy,drowsy,1.0,0.0,1.0,0.0,0.0,0.0,0.133641,0.937009,0.0,0.178271,0.140797,0.140797,0.094377,0.032352,0.032352,True,False,False,0.0,False,True,46.594
576,28.8,1,drowsy,drowsy,1.0,0.0,1.0,0.0,0.0,0.0,0.135537,0.93679,0.0,0.178769,0.140788,0.140788,0.094385,0.032295,0.032295,True,False,False,0.0,False,True,37.739
577,28.85,1,drowsy,drowsy,1.0,0.0,1.0,0.0,0.0,0.0,0.10832,0.940334,0.0,0.179131,0.140731,0.140731,0.094391,0.032239,0.032239,True,False,False,0.0,False,True,39.004
578,28.9,1,drowsy,drowsy,1.0,0.0,1.0,0.0,0.0,0.0,0.097327,0.941974,0.0,0.179442,0.140655,0.140655,0.094397,0.032182,0.032182,True,False,False,0.0,False,True,38.813
579,28.95,1,drowsy,drowsy,1.0,0.0,1.0,0.0,0.0,0.0,0.164945,0.932167,0.0,0.180101,0.140697,0.140697,0.094407,0.032127,0.032127,True,False,False,0.0,False,True,38.761
580,29.0,1,drowsy,drowsy,1.0,0.0,1.0,0.0,0.0,0.0,0.150309,0.935086,0.0,0.180689,0.140713,0.140713,0.094416,0.032071,0.032071,True,False,False,0.0,False,True,46.309
581,29.05,1,drowsy,drowsy,1.0,0.0,1.0,0.0,0.0,0.0,0.085801,0.942883,0.0,0.17902,0.140618,0.140618,0.094378,0.032015,0.032015,True,False,False,0.0,False,True,37.746
582,29.1,1,drowsy,drowsy,1.0,0.0,1.0,0.0,0.0,0.0,0.06235,0.945974,0.0,0.176922,0.140481,0.140481,0.094314,0.031959,0.031959,True,False,False,0.0,False,True,37.746
583,29.15,1,drowsy,drowsy,1.0,0.0,1.0,0.0,0.0,0.0,0.053014,0.947322,0.0,0.174726,0.140328,0.140328,0.094257,0.031903,0.031903,True,False,False,0.0,False,True,39.641
584,29.2,1,drowsy,drowsy,1.0,0.0,1.0,0.0,0.0,0.0,0.048786,0.948191,0.0,0.172661,0.140169,0.140169,0.094225,0.031848,0.031848,True,False,False,0.0,False,True,39.073
585,29.25,1,drowsy,drowsy,1.0,0.0,1.0,0.0,0.0,0.0,0.046406,0.94854,0.0,0.170999,0.140006,0.140006,0.094206,0.031792,0.031792,True,False,False,0.0,False,True,47.971
586,29.3,1,drowsy,drowsy,1.0,0.0,1.0,0.0,0.0,0.0,0.050473,0.947809,0.0,0.170164,0.13985,0.13985,0.094199,0.031737,0.031737,True,False,False,0.0,False,True,39.381
587,29.35,1,drowsy,drowsy,1.0,0.0,1.0,0.0,0.0,0.0,0.052968,0.94736,0.0,0.170014,0.1397,0.1397,0.094201,0.031682,0.031682,True,False,False,0.0,False,True,37.594
588,29.4,1,drowsy,drowsy,1.0,0.0,1.0,0.0,0.0,0.0,0.071939,0.942391,0.0,0.170164,0.139583,0.139583,0.094208,0.031628,0.031628,True,False,False,0.0,False,True,37.472
589,29.45,1,drowsy,drowsy,1.0,0.0,1.0,0.0,0.0,0.0,0.08219,0.941002,0.0,0.170395,0.139485,0.139485,0.094216,0.031573,0.031573,True,False,False,0.0,False,True,37.662
590,29.5,1,drowsy,drowsy,1.0,0.0,1.0,0.0,0.0,0.0,0.071248,0.944542,0.0,0.170578,0.139367,0.139367,0.094222,0.031519,0.031519,True,False,False,0.0,False,True,47.353
591,29.55,1,drowsy,drowsy,1.0,0.0,1.0,0.0,0.0,0.0,0.066862,0.945599,0.0,0.170742,0.139243,0.139243,0.094226,0.031465,0.031465,True,False,False,0.0,False,True,39.135
592,29.6,1,drowsy,drowsy,1.0,0.0,1.0,0.0,0.0,0.0,0.064638,0.944862,0.0,0.170892,0.139115,0.139115,0.09423,0.031411,0.031411,True,False,False,0.0,False,True,37.513
593,29.65,1,drowsy,drowsy,1.0,0.0,1.0,0.0,0.0,0.0,0.067896,0.943437,0.0,0.171056,0.138993,0.138993,0.094235,0.031357,0.031357,True,False,False,0.0,False,True,37.709
594,29.7,1,drowsy,drowsy,1.0,0.0,1.0,0.0,0.0,0.0,0.073089,0.943172,0.0,0.171248,0.138881,0.138881,0.09424,0.031304,0.031304,True,False,False,0.0,False,True,37.507
595,29.75,1,drowsy,drowsy,1.0,0.0,1.0,0.0,0.0,0.0,0.05928,0.946111,0.0,0.171363,0.138745,0.138745,0.094244,0.031251,0.031251,True,False,False,0.0,False,True,46.76
596,29.8,1,drowsy,drowsy,1.0,0.0,1.0,0.0,0.0,0.0,0.234444,0.914799,0.0,0.172368,0.138903,0.138903,0.094263,0.031199,0.031199,True,False,False,0.0,False,True,37.96
597,29.85,1,drowsy,drowsy,1.0,0.0,1.0,0.0,0.0,0.0,0.351352,0.89678,0.0,0.173927,0.139245,0.139245,0.094291,0.031149,0.031149,True,False,False,0.0,False,True,38.978
598,29.9,1,drowsy,drowsy,1.0,0.0,1.0,0.0,0.0,0.0,0.258941,0.915355,0.0,0.175053,0.139442,0.139442,0.094311,0.031098,0.031098,True,False,False,0.0,False,True,37.749
599,29.95,1,drowsy,drowsy,1.0,0.0,1.0,0.0,0.0,0.0,0.1574,0.929407,0.0,0.175675,0.139472,0.139472,0.094323,0.031046,0.031046,True,True,False,0.0,False,True,37.716
600,30.0,1,drowsy,drowsy,1.0,0.0,1.0,0.0,0.0,0.0,0.086254,0.940171,0.0,0.175917,0.139136,0.139382,0.094329,0.031034,0.030994,True,True,False,0.0,False,True,46.149
601,30.05,1,drowsy,drowsy,1.0,0.0,1.0,0.0,0.0,0.0,0.074648,0.942189,0.0,0.176087,0.138892,0.139273,0.094333,0.031029,0.030941,True,True,False,0.0,False,True,37.471
602,30.1,1,drowsy,drowsy,1.0,0.0,1.0,0.0,0.0,0.0,0.066042,0.943243,0.0,0.176222,0.138828,0.13915,0.094338,0.031028,0.030889,True,True,False,0.0,False,True,37.445
603,30.15,1,drowsy,drowsy,1.0,0.0,1.0,0.0,0.0,0.0,0.066344,0.944192,0.0,0.176357,0.138705,0.139028,0.094342,0.030976,0.030837,True,True,False,0.0,False,True,37.662
604,30.2,1,drowsy,drowsy,1.0,0.0,1.0,0.0,0.0,0.0,0.135446,0.929271,0.0,0.176851,0.138829,0.139022,0.094353,0.030977,0.030786,True,True,False,0.0,False,True,38.831
605,30.25,1,drowsy,drowsy,1.0,0.0,1.0,0.0,0.0,0.0,0.12816,0.933087,0.0,0.177304,0.139141,0.139004,0.094362,0.031031,0.030736,True,True,False,0.0,False,True,47.943
606,30.3,1,drowsy,drowsy,1.0,0.0,1.0,0.0,0.0,0.0,0.108963,0.938098,0.0,0.177653,0.139262,0.138954,0.094369,0.031031,0.030684,True,True,False,0.0,False,True,39.662
607,30.35,1,drowsy,drowsy,1.0,0.0,1.0,0.0,0.0,0.0,0.113383,0.937314,0.0,0.178036,0.139391,0.138912,0.094377,0.031032,0.030634,True,True,False,0.0,False,True,37.66
608,30.4,1,drowsy,drowsy,1.0,0.0,1.0,0.0,0.0,0.0,0.115777,0.940626,0.0,0.178419,0.139351,0.138873,0.094382,0.03098,0.030583,True,True,False,0.0,False,True,38.853
609,30.45,1,drowsy,drowsy,1.0,0.0,1.0,0.0,0.0,0.0,0.130183,0.939514,0.0,0.17888,0.139509,0.138859,0.094389,0.030981,0.030532,True,True,False,0.0,False,True,39.133
610,30.5,1,drowsy,drowsy,1.0,0.0,1.0,0.0,0.0,0.0,0.171523,0.935957,0.0,0.179559,0.139908,0.138913,0.094397,0.031035,0.030482,True,True,False,0.0,False,True,47.849
611,30.55,1,drowsy,drowsy,1.0,0.0,1.0,0.0,0.0,0.0,0.21398,0.932561,0.0,0.180448,0.140207,0.139036,0.094407,0.031036,0.030432,True,True,False,0.0,False,True,38.952
612,30.6,1,drowsy,drowsy,1.0,0.0,1.0,0.0,0.0,0.0,0.496825,0.851242,0.0,0.182649,0.140928,0.13957,0.094459,0.031041,0.030386,True,True,False,0.0,False,True,37.658
613,30.65,1,drowsy,drowsy,1.0,0.0,1.0,0.0,0.0,0.0,0.545332,0.822677,0.0,0.185017,0.141523,0.140155,0.094526,0.030996,0.030343,True,True,False,0.0,False,True,37.62
614,30.7,1,drowsy,drowsy,1.0,0.0,1.0,0.0,0.0,0.0,0.593022,0.842155,0.0,0.187647,0.142382,0.140822,0.094582,0.031002,0.030298,True,True,False,0.0,False,True,38.75
615,30.75,1,drowsy,drowsy,1.0,0.0,1.0,0.0,0.0,0.0,0.626774,0.854925,0.0,0.190462,0.143481,0.141547,0.094632,0.03106,0.030253,True,True,False,0.0,False,True,47.52
616,30.8,1,drowsy,drowsy,1.0,0.0,1.0,0.0,0.0,0.0,0.666508,0.860232,0.0,0.193466,0.144467,0.142335,0.094679,0.031065,0.030207,True,True,False,0.0,False,True,38.937
617,30.85,1,drowsy,drowsy,1.0,0.0,1.0,0.0,0.0,0.0,0.583288,0.880434,0.0,0.196126,0.14534,0.143011,0.094716,0.031069,0.030161,True,True,False,0.0,False,True,37.4
618,30.9,1,drowsy,drowsy,1.0,0.0,1.0,0.0,0.0,0.0,0.514975,0.898024,0.0,0.198467,0.145934,0.143592,0.094743,0.031019,0.030114,True,True,False,0.0,False,True,38.878
619,30.95,1,drowsy,drowsy,1.0,0.0,1.0,0.0,0.0,0.0,0.552988,0.882438,0.0,0.200985,0.14676,0.144219,0.094779,0.031023,0.030068,True,True,False,0.0,False,True,39.02
620,31.0,1,drowsy,drowsy,1.0,0.0,1.0,0.0,0.0,0.0,0.67511,0.855081,0.0,0.204016,0.147938,0.145006,0.094829,0.031082,0.030023,True,True,False,0.0,False,True,47.569
621,31.05,1,drowsy,drowsy,1.0,0.0,1.0,0.0,0.0,0.0,0.729211,0.823703,0.0,0.207212,0.148983,0.145839,0.094895,0.031089,0.02998,True,True,False,0.0,False,True,37.678
622,31.1,1,drowsy,drowsy,1.0,0.0,1.0,0.0,0.0,0.0,0.554776,0.855874,0.0,0.209701,0.149794,0.146443,0.094945,0.031094,0.029936,True,True,False,0.0,False,True,38.914
623,31.15,1,drowsy,drowsy,1.0,0.0,1.0,0.0,0.0,0.0,0.456004,0.905069,0.0,0.211794,0.150291,0.146927,0.094969,0.031044,0.029889,True,True,False,0.0,False,True,38.864
624,31.2,1,drowsy,drowsy,1.0,0.0,1.0,0.0,0.0,0.0,0.300517,0.930592,0.0,0.213136,0.150732,0.147173,0.121949,0.03986,0.038315,True,True,False,0.0,False,True,38.33
625,31.25,1,drowsy,drowsy,1.0,0.0,1.0,0.0,0.0,0.0,0.151148,0.943406,0.0,0.213708,0.151119,0.14718,0.121954,0.039929,0.038252,True,True,False,0.073227,False,True,46.556
626,31.3,1,drowsy,drowsy,1.0,0.0,1.0,0.0,0.0,0.0,0.062154,0.953131,0.0,0.213808,0.151161,0.14704,0.121952,0.039929,0.03819,True,True,False,0.094742,False,True,37.858
627,31.35,1,drowsy,drowsy,1.0,0.0,1.0,0.0,0.0,0.0,0.041135,0.955922,0.0,0.213804,0.151163,0.146867,0.121949,0.039929,0.038127,True,True,False,0.0,False,True,37.712
628,31.4,1,drowsy,drowsy,1.0,0.0,1.0,0.0,0.0,0.0,0.038239,0.954917,0.0,0.213789,0.15097,0.146689,0.121947,0.03986,0.038065,True,True,False,0.0,False,True,37.651
629,31.45,1,drowsy,drowsy,1.0,0.0,1.0,0.0,0.0,0.0,0.037717,0.954423,0.0,0.213763,0.150971,0.146512,0.121945,0.03986,0.038003,True,True,False,0.0,False,True,37.571
630,31.5,1,drowsy,drowsy,1.0,0.0,1.0,0.0,0.0,0.0,0.037933,0.953378,0.0,0.211775,0.151166,0.146335,0.121886,0.039928,0.037941,True,True,False,0.0,False,True,46.319
631,31.55,1,drowsy,drowsy,1.0,0.0,1.0,0.0,0.0,0.0,0.039601,0.952394,0.0,0.209496,0.151171,0.146162,0.121797,0.039928,0.037879,True,True,False,0.0,False,True,37.592
632,31.6,1,drowsy,drowsy,1.0,0.0,1.0,0.0,0.0,0.0,0.042521,0.951582,0.0,0.206998,0.150544,0.145994,0.121706,0.039922,0.037818,True,True,False,0.0,False,True,37.592
633,31.65,1,drowsy,drowsy,1.0,0.0,1.0,0.0,0.0,0.0,0.041485,0.951836,0.0,0.204073,0.150358,0.145825,0.118624,0.039854,0.037757,True,True,False,0.0,False,True,37.504
634,31.7,1,drowsy,drowsy,1.0,0.0,1.0,0.0,0.0,0.0,0.041671,0.95127,0.0,0.200824,0.149636,0.145657,0.115223,0.039845,0.037696,True,True,False,0.0,False,True,37.657
635,31.75,1,drowsy,drowsy,1.0,0.0,1.0,0.0,0.0,0.0,0.041285,0.95103,0.0,0.197425,0.148384,0.145489,0.111684,0.039899,0.037635,True,True,False,0.0,False,True,48.405
636,31.8,1,drowsy,drowsy,1.0,0.0,1.0,0.0,0.0,0.0,0.038871,0.952029,0.0,0.193965,0.147808,0.145318,0.108106,0.039896,0.037575,True,True,False,0.0,False,True,38.449
637,31.85,1,drowsy,drowsy,1.0,0.0,1.0,0.0,0.0,0.0,0.041178,0.950503,0.0,0.190521,0.147489,0.145151,0.104537,0.039895,0.037515,True,True,False,0.0,False,True,38.146
638,31.9,1,drowsy,drowsy,1.0,0.0,1.0,0.0,0.0,0.0,0.04007,0.95156,0.0,0.187071,0.147306,0.144982,0.100973,0.039827,0.037455,True,True,False,0.0,False,True,38.194
639,31.95,1,drowsy,drowsy,1.0,0.0,1.0,0.0,0.0,0.0,0.039169,0.952351,0.0,0.183612,0.14722,0.144813,0.097409,0.039827,0.037395,True,True,False,0.0,False,True,38.004
640,32.0,1,drowsy,drowsy,1.0,0.0,1.0,0.0,0.0,0.0,0.039722,0.952345,0.0,0.180176,0.147392,0.144645,0.093868,0.039895,0.037335,True,True,False,0.0,False,True,46.547
641,32.05,1,drowsy,drowsy,1.0,0.0,1.0,0.0,0.0,0.0,0.042554,0.951355,0.0,0.179469,0.147213,0.144482,0.093386,0.039827,0.037275,True,True,False,0.0,False,True,38.445
642,32.1,1,drowsy,drowsy,1.0,0.0,1.0,0.0,0.0,0.0,0.043561,0.950996,0.0,0.173391,0.147413,0.144322,0.086845,0.039895,0.037216,True,True,False,0.0,False,True,37.786
643,32.15,1,drowsy,drowsy,1.0,0.0,1.0,0.0,0.0,0.0,0.042182,0.951258,0.0,0.170049,0.147234,0.144159,0.083392,0.039827,0.037157,True,True,False,0.0,False,True,37.817
644,32.2,1,drowsy,drowsy,1.0,0.0,1.0,0.0,0.0,0.0,0.041285,0.951549,0.0,0.167002,0.147421,0.143996,0.080216,0.039896,0.037098,True,True,False,0.0,False,True,38.024
645,32.25,1,drowsy,drowsy,1.0,0.0,1.0,0.0,0.0,0.0,0.038536,0.951833,0.0,0.164412,0.147418,0.143829,0.077489,0.039896,0.037039,True,True,False,0.0,False,True,46.485
646,32.3,1,drowsy,drowsy,1.0,0.0,1.0,0.0,0.0,0.0,0.038141,0.952022,0.0,0.163766,0.147232,0.143662,0.077093,0.039828,0.03698,True,True,False,0.0,False,True,37.728
647,32.35,1,drowsy,drowsy,1.0,0.0,1.0,0.0,0.0,0.0,0.038424,0.952279,0.0,0.160342,0.147412,0.143495,0.073092,0.039896,0.036922,True,True,False,0.0,False,True,38.452
648,32.4,1,drowsy,drowsy,1.0,0.0,1.0,0.0,0.0,0.0,0.039818,0.951904,0.0,0.158807,0.147229,0.143332,0.071372,0.039828,0.036864,True,True,False,0.0,False,True,37.603
649,32.45,1,drowsy,drowsy,1.0,0.0,1.0,0.0,0.0,0.0,0.038921,0.951847,0.0,0.15799,0.147407,0.143167,0.071365,0.039896,0.036806,True,True,False,0.0,False,True,37.762
650,32.5,1,drowsy,drowsy,1.0,0.0,1.0,0.0,0.0,0.0,0.038729,0.952384,0.0,0.157787,0.147403,0.143003,0.071363,0.039896,0.036748,True,True,False,0.0,False,True,46.623
651,32.55,1,drowsy,drowsy,1.0,0.0,1.0,0.0,0.0,0.0,0.037174,0.952725,0.0,0.15717,0.147215,0.142836,0.070998,0.039828,0.03669,True,True,False,0.0,False,True,37.721
652,32.6,1,drowsy,drowsy,1.0,0.0,1.0,0.0,0.0,0.0,0.03665,0.953076,0.0,0.157747,0.147389,0.14267,0.071364,0.039895,0.036632,True,True,False,0.0,False,True,37.594
653,32.65,1,drowsy,drowsy,1.0,0.0,1.0,0.0,0.0,0.0,0.03621,0.953139,0.0,0.157744,0.147199,0.142503,0.071365,0.039827,0.036575,True,True,False,0.0,False,True,37.425
654,32.7,1,drowsy,drowsy,1.0,0.0,1.0,0.0,0.0,0.0,0.03638,0.953195,0.0,0.157732,0.147381,0.142337,0.071364,0.039895,0.036518,True,True,False,0.0,False,True,37.357
655,32.75,1,drowsy,drowsy,1.0,0.0,1.0,0.0,0.0,0.0,0.035756,0.953577,0.0,0.157712,0.147378,0.14217,0.071364,0.039895,0.036461,True,True,False,0.0,False,True,46.335
656,32.8,1,drowsy,drowsy,1.0,0.0,1.0,0.0,0.0,0.0,0.035603,0.953441,0.0,0.157087,0.147187,0.142004,0.070999,0.039827,0.036404,True,True,False,0.0,False,True,37.762
657,32.85,1,drowsy,drowsy,1.0,0.0,1.0,0.0,0.0,0.0,0.03607,0.953577,0.0,0.157665,0.147372,0.141839,0.071363,0.039895,0.036347,True,True,False,0.0,False,True,37.542
658,32.9,1,drowsy,drowsy,1.0,0.0,1.0,0.0,0.0,0.0,0.036221,0.953211,0.0,0.157624,0.147183,0.141674,0.071361,0.039827,0.03629,True,True,False,0.0,False,True,37.844
659,32.95,1,drowsy,drowsy,1.0,0.0,1.0,0.0,0.0,0.0,0.036608,0.952696,0.0,0.157595,0.147371,0.141511,0.071361,0.039895,0.036234,True,True,False,0.0,False,True,37.892
660,33.0,1,drowsy,drowsy,1.0,0.0,1.0,0.0,0.0,0.0,0.038033,0.952257,0.0,0.157582,0.147373,0.141351,0.071361,0.039895,0.036178,True,True,False,0.0,False,True,46.483
661,33.05,1,drowsy,drowsy,1.0,0.0,1.0,0.0,0.0,0.0,0.422071,0.873529,0.0,0.158823,0.147802,0.141749,0.071026,0.039833,0.036127,True,True,False,0.0,False,True,37.563
662,33.1,1,drowsy,drowsy,1.0,0.0,1.0,0.0,0.0,0.0,0.511803,0.830587,0.0,0.161607,0.148725,0.142248,0.071437,0.039909,0.036078,True,True,False,0.0,False,True,37.51
663,33.15,1,drowsy,drowsy,1.0,0.0,1.0,0.0,0.0,0.0,0.56601,0.812828,0.0,0.163995,0.149333,0.142806,0.07149,0.039851,0.03603,True,True,False,0.0,False,True,37.427
664,33.2,1,drowsy,drowsy,1.0,0.0,1.0,0.0,0.0,0.0,0.639455,0.82475,0.0,0.166737,0.150443,0.143469,0.071539,0.039928,0.035982,True,True,False,0.006973,False,True,37.446
665,33.25,1,drowsy,drowsy,1.0,0.0,1.0,0.0,0.0,0.0,0.731697,0.822267,0.0,0.169895,0.151495,0.14425,0.071589,0.039938,0.035935,True,True,False,0.0,False,True,46.48
666,33.3,1,drowsy,drowsy,1.0,0.0,1.0,0.0,0.0,0.0,0.794931,0.796592,0.0,0.172578,0.152414,0.145087,0.071281,0.039881,0.035888,True,True,False,0.0,False,True,37.55
667,33.35,1,drowsy,drowsy,1.0,0.0,1.0,0.0,0.0,0.0,0.817337,0.77538,0.0,0.176639,0.153736,0.145927,0.071716,0.039962,0.035844,True,True,False,0.0,False,True,37.296
668,33.4,1,drowsy,drowsy,1.0,0.0,1.0,0.0,0.0,0.0,0.829574,0.761403,0.0,0.180012,0.15466,0.146765,0.07179,0.039907,0.0358,True,True,False,0.0,False,True,37.565
669,33.45,1,drowsy,drowsy,1.0,0.0,1.0,0.0,0.0,0.0,0.837351,0.753132,0.05,0.183406,0.155979,0.147601,0.071867,0.03999,0.035756,True,True,False,0.0,False,True,37.888
670,33.5,1,drowsy,drowsy,1.0,0.0,1.0,0.0,0.0,0.0,0.846601,0.746446,0.1,0.186835,0.157104,0.148439,0.071947,0.040004,0.035713,True,True,False,0.0,False,True,46.729
671,33.55,1,drowsy,drowsy,1.0,0.0,1.0,0.0,0.0,0.0,0.850598,0.739536,0.15,0.189495,0.158025,0.149272,0.071659,0.039951,0.035671,True,True,False,0.0,False,True,37.651
672,33.6,1,drowsy,drowsy,1.0,0.0,1.0,0.0,0.0,0.0,0.851768,0.735343,0.2,0.193684,0.159342,0.150099,0.072115,0.040035,0.035629,True,True,False,0.0,False,True,37.72
673,33.65,1,drowsy,drowsy,1.0,0.0,1.0,0.0,0.0,0.0,0.854568,0.733451,0.25,0.197131,0.160259,0.150926,0.105897,0.051079,0.045464,True,True,False,0.0,False,True,38.258
674,33.7,1,drowsy,drowsy,1.0,0.0,1.0,0.0,0.0,0.0,0.696919,0.795813,0.3,0.20013,0.161441,0.15162,0.109017,0.05218,0.046293,True,True,False,0.0,False,True,37.78
675,33.75,1,drowsy,drowsy,1.0,0.0,1.0,0.0,0.0,0.0,0.53292,0.85421,0.0,0.202521,0.162221,0.15214,0.111564,0.053009,0.046956,True,True,False,0.0,False,True,46.691
676,33.8,1,drowsy,drowsy,1.0,0.0,1.0,0.0,0.0,0.0,0.429473,0.897198,0.0,0.203628,0.162653,0.152537,0.113116,0.053617,0.047503,True,True,False,0.0,False,True,37.707
677,33.85,1,drowsy,drowsy,1.0,0.0,1.0,0.0,0.0,0.0,0.294054,0.922369,0.0,0.205803,0.163297,0.152744,0.113724,0.053712,0.047433,True,True,False,0.0,False,True,37.276
678,33.9,1,drowsy,drowsy,1.0,0.0,1.0,0.0,0.0,0.0,0.130849,0.941329,0.0,0.206289,0.163242,0.152712,0.113731,0.053621,0.047362,True,True,False,0.0,False,True,37.37
679,33.95,1,drowsy,drowsy,1.0,0.0,1.0,0.0,0.0,0.0,0.055778,0.953071,0.0,0.206379,0.163484,0.152565,0.11373,0.053712,0.047291,True,True,False,0.0,False,True,37.84
680,34.0,1,drowsy,drowsy,1.0,0.0,1.0,0.0,0.0,0.0,0.041628,0.955534,0.0,0.206392,0.163488,0.152397,0.113728,0.053712,0.047219,True,True,False,0.0,False,True,46.356
681,34.05,1,drowsy,drowsy,1.0,0.0,1.0,0.0,0.0,0.0,0.038013,0.955276,0.0,0.205517,0.163272,0.152224,0.113137,0.05362,0.047148,True,True,False,0.0,False,True,37.306
682,34.1,1,drowsy,drowsy,1.0,0.0,1.0,0.0,0.0,0.0,0.03675,0.954181,0.0,0.206377,0.163484,0.15205,0.113726,0.053712,0.047077,True,True,False,0.0,False,True,37.402
683,34.15,1,drowsy,drowsy,1.0,0.0,1.0,0.0,0.0,0.0,0.038978,0.952771,0.0,0.206366,0.163271,0.15188,0.113725,0.05362,0.047006,True,True,False,0.0,False,True,37.584
684,34.2,1,drowsy,drowsy,1.0,0.0,1.0,0.0,0.0,0.0,0.039021,0.952438,0.0,0.20634,0.163482,0.151711,0.113723,0.053712,0.046935,True,True,False,0.0,False,True,37.587
685,34.25,1,drowsy,drowsy,1.0,0.0,1.0,0.0,0.0,0.0,0.039032,0.95257,0.0,0.206325,0.16348,0.151542,0.113723,0.053711,0.046865,True,True,False,0.0,False,True,46.168
686,34.3,1,drowsy,drowsy,1.0,0.0,1.0,0.0,0.0,0.0,0.041448,0.951883,0.0,0.205471,0.163271,0.151378,0.113134,0.05362,0.046795,True,True,False,0.0,False,True,37.395
687,34.35,1,drowsy,drowsy,1.0,0.0,1.0,0.0,0.0,0.0,0.041953,0.952017,0.0,0.206333,0.163477,0.151215,0.113723,0.053711,0.046725,True,True,False,0.0,False,True,37.458
688,34.4,1,drowsy,drowsy,1.0,0.0,1.0,0.0,0.0,0.0,0.041334,0.951989,0.0,0.206339,0.163268,0.151051,0.113722,0.053619,0.046656,True,True,False,0.0,False,True,37.787
689,34.45,1,drowsy,drowsy,1.0,0.0,1.0,0.0,0.0,0.0,0.040539,0.952463,0.0,0.206336,0.16213,0.150886,0.113722,0.053695,0.046586,True,True,False,0.0,False,True,37.739
690,34.5,1,drowsy,drowsy,1.0,0.0,1.0,0.0,0.0,0.0,0.042942,0.951793,0.0,0.206344,0.161572,0.150726,0.113721,0.053691,0.046517,True,True,False,0.0,False,True,46.596
691,34.55,1,drowsy,drowsy,1.0,0.0,1.0,0.0,0.0,0.0,0.042611,0.951443,0.0,0.205496,0.161368,0.150566,0.113133,0.053599,0.046448,True,True,False,0.0,False,True,37.539
692,34.6,1,drowsy,drowsy,1.0,0.0,1.0,0.0,0.0,0.0,0.041069,0.951938,0.0,0.206358,0.161105,0.150404,0.113721,0.053689,0.046379,True,True,False,0.0,False,True,37.395
693,34.65,1,drowsy,drowsy,1.0,0.0,1.0,0.0,0.0,0.0,0.041365,0.952024,0.0,0.20636,0.1609,0.150242,0.113721,0.053597,0.046311,True,True,False,0.0,False,True,37.899
694,34.7,1,drowsy,drowsy,1.0,0.0,1.0,0.0,0.0,0.0,0.042228,0.95194,0.0,0.206375,0.161082,0.150083,0.113721,0.053689,0.046242,True,True,False,0.0,False,True,38.597
695,34.75,1,drowsy,drowsy,1.0,0.0,1.0,0.0,0.0,0.0,0.040804,0.952629,0.0,0.206383,0.161085,0.149921,0.113721,0.053689,0.046174,True,True,False,0.0,False,True,46.754
696,34.8,1,drowsy,drowsy,1.0,0.0,1.0,0.0,0.0,0.0,0.04081,0.952549,0.0,0.205525,0.160879,0.149761,0.113132,0.053597,0.046106,True,True,False,0.0,False,True,37.624
697,34.85,1,drowsy,drowsy,1.0,0.0,1.0,0.0,0.0,0.0,0.045561,0.951212,0.0,0.206425,0.161104,0.149608,0.113721,0.05369,0.046038,True,True,False,0.0,False,True,37.518
698,34.9,1,drowsy,drowsy,1.0,0.0,1.0,0.0,0.0,0.0,0.046454,0.951064,0.0,0.206466,0.160908,0.149456,0.113722,0.053598,0.045971,True,True,False,0.0,False,True,37.41
699,34.95,1,drowsy,drowsy,1.0,0.0,1.0,0.0,0.0,0.0,0.048143,0.950555,0.0,0.206503,0.161137,0.149308,0.113723,0.05369,0.045903,True,True,False,0.0,False,True,37.776
700,35.0,1,drowsy,drowsy,1.0,0.0,1.0,0.0,0.0,0.0,0.047615,0.95069,0.0,0.206535,0.161153,0.149159,0.113724,0.05369,0.045836,True,True,False,0.0,False,True,46.471
701,35.05,1,drowsy,drowsy,1.0,0.0,1.0,0.0,0.0,0.0,0.043678,0.951627,0.0,0.205692,0.160952,0.149005,0.113135,0.053598,0.045769,True,True,False,0.0,False,True,37.644
702,35.1,1,drowsy,drowsy,1.0,0.0,1.0,0.0,0.0,0.0,0.04359,0.951492,0.0,0.204562,0.161172,0.148851,0.113672,0.05369,0.045702,True,True,False,0.0,False,True,37.416
703,35.15,1,drowsy,drowsy,1.0,0.0,1.0,0.0,0.0,0.0,0.044113,0.951555,0.0,0.202311,0.160972,0.148699,0.113595,0.053598,0.045636,True,True,False,0.0,False,True,37.444
704,35.2,1,drowsy,drowsy,1.0,0.0,1.0,0.0,0.0,0.0,0.044919,0.950747,0.0,0.199819,0.161193,0.148548,0.113519,0.05369,0.04557,True,True,False,0.0,False,True,37.977
705,35.25,1,drowsy,drowsy,1.0,0.0,1.0,0.0,0.0,0.0,0.046008,0.950847,0.0,0.196939,0.161207,0.148399,0.110452,0.053691,0.045503,True,True,False,0.0,False,True,47.039
706,35.3,1,drowsy,drowsy,1.0,0.0,1.0,0.0,0.0,0.0,0.052487,0.949256,0.0,0.196194,0.161022,0.14826,0.109883,0.053599,0.045438,True,True,False,0.0,False,True,38.336
707,35.35,1,drowsy,drowsy,1.0,0.0,1.0,0.0,0.0,0.0,0.04892,0.951007,0.0,0.190456,0.16125,0.148117,0.10357,0.053691,0.045372,True,True,False,0.0,False,True,37.642
708,35.4,1,drowsy,drowsy,1.0,0.0,1.0,0.0,0.0,0.0,0.045927,0.951961,0.0,0.187064,0.161052,0.147969,0.100018,0.053599,0.045306,True,True,False,0.0,False,True,39.653
709,35.45,1,drowsy,drowsy,1.0,0.0,1.0,0.0,0.0,0.0,0.045546,0.951824,0.0,0.183674,0.160824,0.147821,0.096479,0.053687,0.045241,True,True,False,0.0,False,True,39.534
710,35.5,1,drowsy,drowsy,1.0,0.0,1.0,0.0,0.0,0.0,0.042777,0.952102,0.0,0.180287,0.160115,0.147669,0.092965,0.053676,0.045175,True,True,False,0.0,False,True,48.473
711,35.55,1,drowsy,drowsy,1.0,0.0,1.0,0.0,0.0,0.0,0.042608,0.951915,0.0,0.179579,0.159914,0.147518,0.092486,0.053584,0.04511,True,True,False,0.0,False,True,38.264
712,35.6,1,drowsy,drowsy,1.0,0.0,1.0,0.0,0.0,0.0,0.042613,0.952196,0.0,0.173543,0.158678,0.147367,0.085976,0.053654,0.045045,True,True,False,0.0,False,True,37.68
713,35.65,1,drowsy,drowsy,1.0,0.0,1.0,0.0,0.0,0.0,0.043897,0.95214,0.0,0.170184,0.158482,0.147218,0.082493,0.053562,0.044981,True,True,False,0.0,False,True,38.97
714,35.7,1,drowsy,drowsy,1.0,0.0,1.0,0.0,0.0,0.0,0.047193,0.95114,0.0,0.16687,0.15776,0.147075,0.079042,0.053647,0.044916,True,True,False,0.0,False,True,37.914
715,35.75,1,drowsy,drowsy,1.0,0.0,1.0,0.0,0.0,0.0,0.05625,0.948645,0.0,0.163613,0.157694,0.146945,0.075604,0.053647,0.044852,True,True,False,0.0,False,True,46.82
716,35.8,1,drowsy,drowsy,1.0,0.0,1.0,0.0,0.0,0.0,0.054825,0.948542,0.0,0.163059,0.157518,0.146814,0.075219,0.053556,0.044788,True,True,False,0.0,False,True,37.468
717,35.85,1,drowsy,drowsy,1.0,0.0,1.0,0.0,0.0,0.0,0.060029,0.947683,0.0,0.157856,0.157741,0.14669,0.069391,0.053649,0.044724,True,True,False,0.0,False,True,38.968
718,35.9,1,drowsy,drowsy,1.0,0.0,1.0,0.0,0.0,0.0,0.05782,0.949212,0.0,0.156053,0.157571,0.146564,0.067312,0.053557,0.044661,True,True,False,0.0,False,True,38.812
719,35.95,1,drowsy,drowsy,1.0,0.0,1.0,0.0,0.0,0.0,0.050972,0.950777,0.0,0.155128,0.157796,0.146428,0.067307,0.053649,0.044597,True,True,False,0.0,False,True,37.427
720,36.0,1,drowsy,drowsy,1.0,0.0,1.0,0.0,0.0,0.0,0.052645,0.950605,0.0,0.154941,0.15782,0.146295,0.067307,0.05365,0.044534,True,True,False,0.0,False,True,46.557
721,36.05,1,drowsy,drowsy,1.0,0.0,1.0,0.0,0.0,0.0,0.067373,0.946364,0.0,0.154497,0.157666,0.146183,0.066966,0.053558,0.044471,True,True,False,0.0,False,True,38.839
722,36.1,1,drowsy,drowsy,1.0,0.0,1.0,0.0,0.0,0.0,0.048554,0.950864,0.0,0.155086,0.157884,0.146045,0.067313,0.05365,0.044408,True,True,False,0.0,False,True,38.757
723,36.15,1,drowsy,drowsy,1.0,0.0,1.0,0.0,0.0,0.0,0.049204,0.949815,0.0,0.155137,0.157699,0.145908,0.067315,0.053559,0.044345,True,True,False,0.0,False,True,38.462
724,36.2,1,drowsy,drowsy,1.0,0.0,1.0,0.0,0.0,0.0,0.051492,0.949003,0.0,0.155209,0.157045,0.145775,0.067316,0.053639,0.044283,True,True,False,0.0,False,True,38.895
725,36.25,1,drowsy,drowsy,1.0,0.0,1.0,0.0,0.0,0.0,0.051367,0.9487,0.0,0.155283,0.156323,0.145642,0.067318,0.053627,0.044221,True,True,False,0.0,False,True,46.99
726,36.3,1,drowsy,drowsy,1.0,0.0,1.0,0.0,0.0,0.0,0.053477,0.947948,0.0,0.154766,0.156148,0.145513,0.066976,0.053536,0.044158,True,True,False,0.0,False,True,39.374
727,36.35,1,drowsy,drowsy,1.0,0.0,1.0,0.0,0.0,0.0,0.055551,0.947349,0.0,0.155449,0.154939,0.145387,0.067322,0.053609,0.044097,True,True,False,0.0,False,True,38.137
728,36.4,1,drowsy,drowsy,1.0,0.0,1.0,0.0,0.0,0.0,0.044812,0.951179,0.0,0.15548,0.154751,0.145246,0.067322,0.053518,0.044035,True,True,False,0.0,False,True,37.768
729,36.45,1,drowsy,drowsy,1.0,0.0,1.0,0.0,0.0,0.0,0.045095,0.950862,0.0,0.155513,0.154223,0.145105,0.067323,0.053604,0.043973,True,True,False,0.0,False,True,37.538
730,36.5,1,drowsy,drowsy,1.0,0.0,1.0,0.0,0.0,0.0,0.047772,0.950903,0.0,0.155564,0.154198,0.144969,0.067323,0.053604,0.043911,True,True,False,0.0,False,True,46.077
731,36.55,1,drowsy,drowsy,1.0,0.0,1.0,0.0,0.0,0.0,0.059182,0.948116,0.0,0.155074,0.154036,0.144849,0.066981,0.053513,0.04385,True,True,False,0.0,False,True,37.774
732,36.6,1,drowsy,drowsy,1.0,0.0,1.0,0.0,0.0,0.0,0.056633,0.948058,0.0,0.15578,0.154258,0.144726,0.067327,0.053606,0.043789,True,True,False,0.0,False,True,37.664
733,36.65,1,drowsy,drowsy,1.0,0.0,1.0,0.0,0.0,0.0,0.045812,0.950884,0.0,0.155823,0.154073,0.144588,0.067327,0.053514,0.043728,True,True,False,0.0,False,True,37.576
734,36.7,1,drowsy,drowsy,1.0,0.0,1.0,0.0,0.0,0.0,0.044849,0.95121,0.0,0.155861,0.15429,0.144449,0.067328,0.053607,0.043667,True,True,False,0.0,False,True,37.538
735,36.75,1,drowsy,drowsy,1.0,0.0,1.0,0.0,0.0,0.0,0.041493,0.951401,0.0,0.15588,0.154298,0.144306,0.067328,0.053607,0.043606,True,True,False,0.0,False,True,46.383
736,36.8,1,drowsy,drowsy,1.0,0.0,1.0,0.0,0.0,0.0,0.044224,0.950766,0.0,0.15531,0.15411,0.144167,0.066985,0.053515,0.043546,True,True,False,0.0,False,True,37.733
737,36.85,1,drowsy,drowsy,1.0,0.0,1.0,0.0,0.0,0.0,0.047062,0.951265,0.0,0.155975,0.154325,0.144032,0.06733,0.053607,0.043485,True,True,False,0.0,False,True,37.597
738,36.9,1,drowsy,drowsy,1.0,0.0,1.0,0.0,0.0,0.0,0.04372,0.951962,0.0,0.156011,0.154136,0.143893,0.06733,0.053515,0.043425,True,True,False,0.0,False,True,38.901
739,36.95,1,drowsy,drowsy,1.0,0.0,1.0,0.0,0.0,0.0,0.046081,0.950991,0.0,0.156054,0.15434,0.143758,0.067331,0.053607,0.043365,True,True,False,0.0,False,True,37.852
740,37.0,1,drowsy,drowsy,1.0,0.0,1.0,0.0,0.0,0.0,0.050194,0.950071,0.0,0.156118,0.154355,0.143629,0.067332,0.053607,0.043305,True,True,False,0.0,False,True,48.256
741,37.05,1,drowsy,drowsy,1.0,0.0,1.0,0.0,0.0,0.0,0.049416,0.950615,0.0,0.155573,0.154176,0.143499,0.066989,0.053516,0.043245,True,True,False,0.0,False,True,37.587
742,37.1,1,drowsy,drowsy,1.0,0.0,1.0,0.0,0.0,0.0,0.0491,0.950377,0.0,0.156229,0.154388,0.143369,0.067334,0.053607,0.043186,True,True,False,0.0,False,True,37.67
743,37.15,1,drowsy,drowsy,1.0,0.0,1.0,0.0,0.0,0.0,0.043968,0.951105,0.0,0.156251,0.1542,0.143232,0.067334,0.053516,0.043126,True,True,False,0.0,False,True,37.509
744,37.2,1,drowsy,drowsy,1.0,0.0,1.0,0.0,0.0,0.0,0.039494,0.952207,0.0,0.15625,0.153035,0.143089,0.067334,0.05359,0.043067,True,True,False,0.0,False,True,37.435
745,37.25,1,drowsy,drowsy,1.0,0.0,1.0,0.0,0.0,0.0,0.03972,0.952077,0.0,0.156235,0.152235,0.142947,0.067334,0.053576,0.043008,True,True,False,0.0,False,True,46.447
746,37.3,1,drowsy,drowsy,1.0,0.0,1.0,0.0,0.0,0.0,0.038208,0.952691,0.0,0.155632,0.15204,0.142803,0.06699,0.053485,0.042949,True,True,False,0.0,False,True,37.531
747,37.35,1,drowsy,drowsy,1.0,0.0,1.0,0.0,0.0,0.0,0.041232,0.951935,0.0,0.156219,0.150543,0.142664,0.067334,0.053557,0.04289,True,True,False,0.0,False,True,37.305
748,37.4,1,drowsy,drowsy,1.0,0.0,1.0,0.0,0.0,0.0,0.043695,0.951177,0.0,0.156224,0.150361,0.142529,0.067334,0.053466,0.042831,True,True,False,0.0,False,True,37.405
749,37.45,1,drowsy,drowsy,1.0,0.0,1.0,0.0,0.0,0.0,0.437085,0.878289,0.0,0.158149,0.149911,0.1429,0.067361,0.053556,0.042777,True,True,False,0.0,False,True,37.502
750,37.5,1,drowsy,drowsy,1.0,0.0,1.0,0.0,0.0,0.0,0.50291,0.830466,0.0,0.160299,0.150303,0.143329,0.067406,0.053566,0.042726,True,True,False,0.0,False,True,46.671
751,37.55,1,drowsy,drowsy,1.0,0.0,1.0,0.0,0.0,0.0,0.476641,0.873436,0.0,0.161784,0.150815,0.143746,0.067089,0.053482,0.042673,True,True,False,0.0,False,True,37.461
752,37.6,1,drowsy,drowsy,1.0,0.0,1.0,0.0,0.0,0.0,0.396452,0.908528,0.0,0.164187,0.151414,0.144074,0.06745,0.053576,0.042617,True,True,False,0.0,False,True,37.352
753,37.65,1,drowsy,drowsy,1.0,0.0,1.0,0.0,0.0,0.0,0.22944,0.933114,0.0,0.16514,0.151544,0.144188,0.067457,0.053487,0.042561,True,True,False,0.0,False,True,37.456
754,37.7,1,drowsy,drowsy,1.0,0.0,1.0,0.0,0.0,0.0,0.096443,0.948439,0.0,0.165418,0.151424,0.144123,0.067458,0.053575,0.042503,True,True,False,0.0,False,True,37.724
755,37.75,1,drowsy,drowsy,1.0,0.0,1.0,0.0,0.0,0.0,0.056602,0.953332,0.0,0.165492,0.151217,0.144004,0.067457,0.053574,0.042445,True,True,False,0.0,False,True,46.559
756,37.8,1,drowsy,drowsy,1.0,0.0,1.0,0.0,0.0,0.0,0.04471,0.954111,0.0,0.164873,0.151035,0.143869,0.067111,0.053482,0.042388,True,True,False,0.0,False,True,38.035
757,37.85,1,drowsy,drowsy,1.0,0.0,1.0,0.0,0.0,0.0,0.041526,0.953088,0.0,0.165468,0.150794,0.143731,0.067455,0.053571,0.04233,True,True,False,0.0,False,True,37.745
758,37.9,1,drowsy,drowsy,1.0,0.0,1.0,0.0,0.0,0.0,0.039899,0.953242,0.0,0.165406,0.150605,0.143591,0.067454,0.053479,0.042273,True,True,False,0.0,False,True,37.372
759,37.95,1,drowsy,drowsy,1.0,0.0,1.0,0.0,0.0,0.0,0.039654,0.952829,0.0,0.165309,0.150601,0.14345,0.067451,0.05357,0.042216,True,True,False,0.0,False,True,37.504
760,38.0,1,drowsy,drowsy,1.0,0.0,1.0,0.0,0.0,0.0,0.040465,0.952435,0.0,0.164132,0.150544,0.143312,0.067439,0.05357,0.042159,True,True,False,0.0,False,True,46.402
761,38.05,1,drowsy,drowsy,1.0,0.0,1.0,0.0,0.0,0.0,0.041394,0.952079,0.0,0.163504,0.150357,0.143174,0.067094,0.053478,0.042103,True,True,False,0.0,False,True,37.57
762,38.1,1,drowsy,drowsy,1.0,0.0,1.0,0.0,0.0,0.0,0.041639,0.952147,0.0,0.159676,0.149533,0.143038,0.067346,0.053561,0.042046,True,True,False,0.0,False,True,37.632
763,38.15,1,drowsy,drowsy,1.0,0.0,1.0,0.0,0.0,0.0,0.040714,0.952168,0.0,0.157151,0.149347,0.142901,0.067302,0.05347,0.04199,True,True,False,0.0,False,True,37.539
764,38.2,1,drowsy,drowsy,1.0,0.0,1.0,0.0,0.0,0.0,0.044244,0.950592,0.0,0.154577,0.14832,0.142769,0.067266,0.053553,0.041933,True,True,False,0.0,False,True,37.714
765,38.25,1,drowsy,drowsy,1.0,0.0,1.0,0.0,0.0,0.0,0.046947,0.949966,0.0,0.152272,0.147925,0.142641,0.067242,0.053551,0.041878,True,True,False,0.0,False,True,46.22
766,38.3,1,drowsy,drowsy,1.0,0.0,1.0,0.0,0.0,0.0,0.044245,0.951473,0.0,0.151721,0.147748,0.14251,0.066899,0.05346,0.041822,True,True,False,0.0,False,True,37.518
767,38.35,1,drowsy,drowsy,1.0,0.0,1.0,0.0,0.0,0.0,0.043634,0.951442,0.0,0.148044,0.147537,0.142378,0.067204,0.053549,0.041766,True,True,False,0.0,False,True,37.455
768,38.4,1,drowsy,drowsy,1.0,0.0,1.0,0.0,0.0,0.0,0.045417,0.951276,0.0,0.146273,0.147363,0.142249,0.067192,0.053458,0.04171,True,True,False,0.0,False,True,37.644
769,38.45,1,drowsy,drowsy,1.0,0.0,1.0,0.0,0.0,0.0,0.041595,0.952031,0.0,0.144935,0.147408,0.142115,0.067184,0.053549,0.041655,True,True,False,0.0,False,True,37.543
770,38.5,1,drowsy,drowsy,1.0,0.0,1.0,0.0,0.0,0.0,0.040345,0.952298,0.0,0.144106,0.146758,0.14198,0.067181,0.053541,0.041599,True,True,False,0.0,False,True,46.396
771,38.55,1,drowsy,drowsy,1.0,0.0,1.0,0.0,0.0,0.0,0.03938,0.952393,0.0,0.143572,0.146574,0.141843,0.066839,0.053449,0.041544,True,True,False,0.0,False,True,37.631
772,38.6,1,drowsy,drowsy,1.0,0.0,1.0,0.0,0.0,0.0,0.038229,0.952704,0.0,0.14366,0.145257,0.141706,0.06718,0.053519,0.041489,True,True,False,0.0,False,True,37.371
773,38.65,1,drowsy,drowsy,1.0,0.0,1.0,0.0,0.0,0.0,0.037718,0.952796,0.0,0.143453,0.145074,0.141568,0.067178,0.053428,0.041434,True,True,False,0.0,False,True,37.687
774,38.7,1,drowsy,drowsy,1.0,0.0,1.0,0.0,0.0,0.0,0.039776,0.952163,0.0,0.14323,0.143833,0.141434,0.067176,0.053508,0.041379,True,True,False,0.0,False,True,38.091
775,38.75,1,drowsy,drowsy,1.0,0.0,1.0,0.0,0.0,0.0,0.040612,0.952037,0.0,0.142752,0.143214,0.141301,0.067171,0.053504,0.041325,True,True,False,0.0,False,True,46.586
776,38.8,0,alert,alert,0.856364,0.856364,0.001722,0.0,0.130454,0.01146,0.246427,0.906012,0.0,0.143255,0.143382,0.141433,0.066845,0.053417,0.041273,True,True,False,0.0,False,False,38.734
777,38.85,0,alert,alert,0.742904,0.742904,0.002167,0.0,0.235855,0.019075,0.387091,0.888708,0.0,0.144637,0.143307,0.141735,0.0672,0.05351,0.041222,True,True,False,0.0,False,False,38.318
778,38.9,0,alert,alert,0.724772,0.724772,0.002019,0.0,0.246928,0.026281,0.408298,0.896427,0.0,0.14615,0.143733,0.142065,0.067217,0.053424,0.041171,True,True,False,0.0,False,False,37.713
779,38.95,0,alert,alert,0.787431,0.787431,0.001583,0.0,0.184032,0.026954,0.461621,0.887422,0.0,0.147563,0.144136,0.142456,0.067233,0.053519,0.041121,True,True,False,0.0,False,False,38.171
780,39.0,0,alert,alert,0.787919,0.787919,0.001151,0.0,0.189886,0.021044,0.334289,0.926183,0.0,0.14848,0.144517,0.142701,0.067236,0.053521,0.041068,True,True,False,0.0,False,False,47.717
781,39.05,0,alert,alert,0.786693,0.786693,0.000906,0.0,0.193711,0.01869,0.155139,0.94515,0.0,0.148514,0.144535,0.142717,0.066896,0.05343,0.041015,True,True,False,0.0,False,False,38.044
782,39.1,0,alert,alert,0.784054,0.784054,0.000757,0.0,0.197639,0.01755,0.066934,0.954124,0.0,0.148852,0.144598,0.142617,0.067232,0.053521,0.040961,True,True,False,0.0,False,False,38.224
783,39.15,0,alert,alert,0.781838,0.781838,0.000682,0.0,0.199188,0.018292,0.04752,0.956163,0.0,0.148819,0.144431,0.142493,0.067229,0.053429,0.040907,True,True,False,0.0,False,False,38.411
784,39.2,0,alert,alert,0.790172,0.790172,0.000625,0.0,0.189704,0.0195,0.041417,0.955346,0.0,0.148777,0.144538,0.14236,0.067227,0.05352,0.040854,True,True,False,0.0,False,False,37.787
785,39.25,0,alert,alert,0.768101,0.768101,0.000614,0.0,0.210303,0.020982,0.039324,0.953778,0.0,0.148738,0.144496,0.142226,0.067225,0.05352,0.0408,True,True,False,0.0,False,False,46.452
786,39.3,0,alert,alert,0.734599,0.734599,0.000619,0.0,0.241918,0.022864,0.043956,0.951855,0.0,0.148204,0.144325,0.142098,0.066882,0.053428,0.040747,True,True,False,0.0,False,False,37.63
787,39.35,0,alert,alert,0.753733,0.753733,0.000579,0.0,0.222248,0.02344,0.044946,0.951797,0.0,0.148659,0.144405,0.141972,0.067222,0.053519,0.040694,True,True,False,0.0,False,False,37.671
788,39.4,0,alert,alert,0.795654,0.795654,0.000525,0.0,0.179301,0.024519,0.059213,0.949011,0.0,0.148592,0.14426,0.141865,0.067219,0.053428,0.040642,True,True,False,0.0,False,False,37.526
789,39.45,0,alert,alert,0.825973,0.825973,0.000491,0.0,0.148394,0.025142,0.051367,0.950906,0.0,0.14843,0.144341,0.141747,0.067216,0.053519,0.040589,True,True,False,0.0,False,False,37.797
790,39.5,0,alert,alert,0.811857,0.811857,0.000508,0.0,0.160445,0.02719,0.046501,0.951665,0.0,0.1483,0.144281,0.141624,0.067213,0.053519,0.040537,True,True,False,0.0,False,False,46.664
791,39.55,0,alert,alert,0.779555,0.779555,0.000543,0.0,0.189883,0.030019,0.043125,0.952201,0.0,0.147764,0.144108,0.141497,0.06687,0.053427,0.040484,True,True,False,0.0,False,False,38.583
792,39.6,0,alert,alert,0.739764,0.739764,0.000577,0.0,0.228053,0.031605,0.042782,0.951902,0.0,0.148061,0.144195,0.141369,0.067208,0.053518,0.040432,True,True,False,0.0,False,False,38.035
793,39.65,0,alert,alert,0.709915,0.709915,0.000593,0.0,0.258168,0.031324,0.049673,0.9499,0.0,0.147965,0.144034,0.141251,0.067206,0.053427,0.04038,True,True,False,0.0,False,False,37.891
794,39.7,0,alert,alert,0.707232,0.707232,0.000589,0.0,0.261117,0.031062,0.050699,0.949905,0.0,0.147848,0.144109,0.141135,0.067203,0.053517,0.040328,True,True,False,0.0,False,False,38.028
795,39.75,0,alert,alert,0.733182,0.733182,0.000565,0.0,0.236141,0.030111,0.050978,0.949567,0.0,0.147804,0.144071,0.141019,0.067202,0.053517,0.040276,True,True,False,0.0,False,False,46.974
796,39.8,0,alert,alert,0.775279,0.775279,0.000532,0.0,0.194752,0.029437,0.047463,0.950251,0.0,0.147293,0.143906,0.140899,0.06686,0.053426,0.040225,True,True,False,0.0,False,False,38.225
797,39.85,0,alert,alert,0.805879,0.805879,0.000503,0.0,0.16365,0.029969,0.044745,0.951776,0.0,0.145355,0.144017,0.140776,0.06717,0.053516,0.040173,True,True,False,0.0,False,False,38.156
798,39.9,0,alert,alert,0.854058,0.854058,0.000441,0.0,0.115858,0.029644,0.054839,0.950155,0.0,0.144333,0.143865,0.140666,0.067157,0.053425,0.040122,True,True,False,0.0,False,False,38.089
799,39.95,0,alert,alert,0.886874,0.886874,0.000392,0.0,0.081115,0.031618,0.046517,0.949698,0.0,0.143768,0.143963,0.140546,0.06715,0.053515,0.04007,True,True,False,0.0,False,False,38.377
800,40.0,0,alert,alert,0.913969,0.913969,0.000338,0.0,0.054025,0.031668,0.042893,0.951035,0.0,0.143543,0.14393,0.140421,0.067146,0.053515,0.040019,True,True,False,0.0,False,False,46.386
801,40.05,0,alert,alert,0.930149,0.930149,0.000298,0.0,0.037176,0.032376,0.043291,0.951127,0.0,0.143033,0.143758,0.140297,0.066804,0.053424,0.039968,True,True,False,0.0,False,False,38.367
802,40.1,0,alert,alert,0.923092,0.923092,0.000305,0.0,0.037779,0.038824,0.195547,0.924628,0.0,0.144031,0.144126,0.140366,0.067149,0.053517,0.039919,True,True,False,0.0,False,False,38.211
803,40.15,0,alert,alert,0.939105,0.939105,0.000251,0.0,0.023204,0.03744,0.32477,0.908947,0.0,0.145309,0.144421,0.14059,0.067162,0.05343,0.03987,True,True,False,0.0,False,False,38.453
804,40.2,0,alert,alert,0.936337,0.936337,0.000237,0.0,0.016951,0.046475,0.333292,0.919516,0.0,0.146288,0.14502,0.140827,0.067165,0.053523,0.039821,True,True,False,0.0,False,False,38.368
805,40.25,0,alert,alert,0.947974,0.947974,0.000208,0.0,0.013131,0.038687,0.171875,0.941913,0.0,0.146509,0.145201,0.140866,0.067162,0.053524,0.039771,True,True,False,0.0,False,False,46.598
806,40.3,0,alert,alert,0.943708,0.943708,0.000215,0.0,0.014054,0.042023,0.073724,0.952401,0.0,0.146138,0.145079,0.14078,0.06682,0.053433,0.039721,True,True,False,0.0,False,False,37.724
807,40.35,0,alert,alert,0.936659,0.936659,0.000233,0.0,0.015218,0.04789,0.051994,0.954572,0.0,0.146007,0.14524,0.140668,0.067151,0.053523,0.03967,True,True,False,0.0,False,False,37.713
808,40.4,0,alert,alert,0.922138,0.922138,0.000274,0.0,0.020933,0.056654,0.0453,0.95371,0.0,0.145644,0.145069,0.140547,0.067146,0.053432,0.03962,True,True,False,0.0,False,False,37.407
809,40.45,0,alert,alert,0.903097,0.903097,0.000328,0.0,0.033901,0.062673,0.041227,0.95305,0.0,0.145186,0.145221,0.140421,0.067141,0.053523,0.03957,True,True,False,0.0,False,False,37.503
810,40.5,0,alert,alert,0.883009,0.883009,0.000366,0.0,0.052669,0.063956,0.03999,0.952979,0.0,0.144515,0.145209,0.140294,0.067135,0.053523,0.03952,True,True,False,0.0,False,False,46.427
811,40.55,0,alert,alert,0.869759,0.869759,0.000382,0.0,0.067519,0.06234,0.040257,0.952213,0.0,0.143984,0.145029,0.140168,0.066793,0.053431,0.03947,True,True,False,0.0,False,False,37.355
812,40.6,0,alert,alert,0.866409,0.866409,0.000378,0.0,0.072443,0.06077,0.040046,0.952148,0.0,0.141487,0.145198,0.140042,0.067092,0.053523,0.03942,True,True,False,0.693161,False,False,37.61
813,40.65,0,alert,alert,0.846633,0.846633,0.000406,0.0,0.092088,0.060873,0.045151,0.950314,0.0,0.139212,0.145027,0.139923,0.067046,0.053431,0.039371,True,True,False,0.0,False,False,37.574
814,40.7,0,alert,alert,0.836815,0.836815,0.000421,0.0,0.101531,0.061233,0.04134,0.951663,0.0,0.136661,0.145196,0.139799,0.067006,0.053523,0.039321,True,True,False,0.0,False,False,37.544
815,40.75,0,alert,alert,0.850195,0.850195,0.000398,0.0,0.091508,0.057899,0.039288,0.951871,0.0,0.133916,0.145187,0.139673,0.064097,0.053522,0.039272,True,True,False,0.0,False,False,46.593
816,40.8,0,alert,alert,0.867998,0.867998,0.000371,0.0,0.079393,0.052239,0.039357,0.951824,0.0,0.133436,0.145006,0.139547,0.063772,0.053431,0.039223,True,True,False,0.0,False,False,37.588
817,40.85,0,alert,alert,0.899409,0.899409,0.00032,0.0,0.052324,0.047947,0.039109,0.95185,0.0,0.128375,0.145168,0.139422,0.058216,0.053522,0.039174,True,True,False,0.0,False,False,37.629
818,40.9,0,alert,alert,0.920161,0.920161,0.000279,0.0,0.035471,0.044089,0.041384,0.951203,0.0,0.126072,0.144991,0.139299,0.055722,0.053431,0.039125,True,True,False,0.0,False,False,37.45
819,40.95,0,alert,alert,0.937835,0.937835,0.00024,0.0,0.022798,0.039127,0.042343,0.951494,0.0,0.123627,0.14516,0.139178,0.053088,0.053522,0.039076,True,True,False,0.0,False,False,37.592
820,41.0,0,alert,alert,0.95148,0.95148,0.000204,0.0,0.01393,0.034386,0.041961,0.951165,0.0,0.120687,0.145156,0.139057,0.049971,0.053521,0.039027,True,True,False,0.0,False,False,46.202
821,41.05,1,drowsy,drowsy,1.0,0.0,1.0,0.0,0.0,0.0,0.041527,0.951671,0.0,0.120286,0.14498,0.138936,0.049718,0.05343,0.038979,True,True,False,0.0,False,True,37.61
822,41.1,0,alert,alert,0.961509,0.961509,0.000179,0.0,0.008585,0.029727,0.042195,0.951791,0.0,0.115219,0.14516,0.138816,0.044161,0.053521,0.03893,True,True,False,0.0,False,False,37.637
823,41.15,0,alert,alert,0.963191,0.963191,0.000177,0.0,0.007639,0.028993,0.043123,0.951558,0.0,0.113204,0.144986,0.138697,0.041944,0.05343,0.038882,True,True,False,0.0,False,False,37.64
824,41.2,0,alert,alert,0.963436,0.963436,0.000177,0.0,0.007454,0.028933,0.046162,0.950914,0.0,0.111931,0.145179,0.138582,0.040445,0.053521,0.038834,True,True,False,0.0,False,False,37.746
825,41.25,0,alert,alert,0.964263,0.964263,0.000176,0.0,0.0073,0.028261,0.04787,0.950903,0.0,0.111408,0.145196,0.13847,0.040443,0.053521,0.038786,True,True,False,0.0,False,False,46.58
826,41.3,0,alert,alert,0.963046,0.963046,0.00018,0.0,0.00759,0.029185,0.048695,0.950975,0.0,0.111091,0.145032,0.138359,0.040239,0.05343,0.038738,True,True,False,0.0,False,False,37.825
827,41.35,0,alert,alert,0.96178,0.96178,0.000186,0.0,0.008248,0.029785,0.046215,0.951316,0.0,0.111368,0.145227,0.138245,0.040445,0.053521,0.03869,True,True,False,0.0,False,False,37.47
828,41.4,0,alert,alert,0.959936,0.959936,0.000192,0.0,0.009252,0.03062,0.047199,0.950819,0.0,0.111415,0.14506,0.138133,0.040446,0.05343,0.038642,True,True,False,0.0,False,False,37.988
829,41.45,0,alert,alert,0.940554,0.940554,0.000233,0.0,0.013511,0.045702,0.431952,0.882514,0.0,0.113303,0.145873,0.138469,0.040461,0.053528,0.038598,True,True,False,0.0,False,False,37.488
830,41.5,0,alert,alert,0.914517,0.914517,0.000277,0.0,0.019205,0.066001,0.509237,0.813176,0.0,0.115411,0.146584,0.138859,0.040492,0.053541,0.038558,True,True,False,0.0,False,False,46.516
831,41.55,0,alert,alert,0.923954,0.923954,0.000259,0.0,0.020471,0.055316,0.47863,0.872368,0.0,0.117098,0.147103,0.139242,0.040303,0.053457,0.038514,True,True,False,0.0,False,False,37.377
832,41.6,0,alert,alert,0.933452,0.933452,0.000237,0.0,0.019202,0.047109,0.395128,0.907218,0.0,0.119224,0.147877,0.139541,0.040519,0.053553,0.038469,True,True,False,0.0,False,False,37.539
833,41.65,0,alert,alert,0.939343,0.939343,0.000227,0.0,0.018701,0.041729,0.231936,0.932257,0.0,0.120183,0.148017,0.139652,0.040523,0.053463,0.038423,True,True,False,0.0,False,False,37.43
834,41.7,0,alert,alert,0.940298,0.940298,0.000229,0.0,0.020476,0.038997,0.101958,0.948629,0.0,0.12049,0.148306,0.139606,0.040523,0.053555,0.038376,True,True,False,0.0,False,False,37.785
835,41.75,0,alert,alert,0.941575,0.941575,0.000226,0.0,0.019331,0.038867,0.05517,0.955348,0.0,0.120559,0.148328,0.139503,0.040522,0.053555,0.038329,True,True,False,0.393555,False,False,46.524
836,41.8,0,alert,alert,0.943559,0.943559,0.000224,0.0,0.017981,0.038236,0.043317,0.955821,0.0,0.120166,0.148148,0.139385,0.040316,0.053463,0.038282,True,True,False,0.487167,False,False,37.563
837,41.85,0,alert,alert,0.948439,0.948439,0.000213,0.0,0.016052,0.035295,0.042161,0.954283,0.0,0.120584,0.148292,0.139266,0.040521,0.053554,0.038235,True,True,False,0.487167,False,False,37.515
838,41.9,1,drowsy,drowsy,1.0,0.0,1.0,0.0,0.0,0.0,0.041556,0.952917,0.0,0.120591,0.148109,0.139146,0.040521,0.053462,0.038188,True,True,False,0.0,False,True,37.8
839,41.95,1,drowsy,drowsy,1.0,0.0,1.0,0.0,0.0,0.0,0.041694,0.951616,0.0,0.120604,0.147669,0.139028,0.040521,0.053546,0.038142,True,True,False,0.0,False,True,38.19
840,42.0,1,drowsy,drowsy,1.0,0.0,1.0,0.0,0.0,0.0,0.042676,0.950969,0.0,0.12062,0.146933,0.138911,0.040521,0.053534,0.038095,True,True,False,0.0,False,True,46.777
841,42.05,1,drowsy,drowsy,1.0,0.0,1.0,0.0,0.0,0.0,0.041133,0.952133,0.0,0.120612,0.146752,0.138792,0.040521,0.053443,0.038049,True,True,False,0.0,False,True,37.92
842,42.1,0,alert,alert,0.944564,0.944564,0.000248,0.0,0.016904,0.038284,0.04017,0.951758,0.0,0.120594,0.145345,0.138672,0.040521,0.053508,0.038003,True,True,False,0.0,False,False,38.365
843,42.15,1,drowsy,drowsy,1.0,0.0,1.0,0.0,0.0,0.0,0.038495,0.952164,0.0,0.120575,0.145162,0.138551,0.04052,0.053416,0.037957,True,True,False,0.0,False,True,37.984
844,42.2,1,drowsy,drowsy,1.0,0.0,1.0,0.0,0.0,0.0,0.039089,0.952072,0.0,0.120564,0.143882,0.13843,0.04052,0.053493,0.037911,True,True,False,0.0,False,True,38.063
845,42.25,1,drowsy,drowsy,1.0,0.0,1.0,0.0,0.0,0.0,0.038293,0.952365,0.0,0.120562,0.143334,0.138309,0.04052,0.05349,0.037865,True,True,False,0.0,False,True,46.986
846,42.3,1,drowsy,drowsy,1.0,0.0,1.0,0.0,0.0,0.0,0.048041,0.950764,0.0,0.120613,0.143172,0.1382,0.04052,0.053398,0.037819,True,True,False,0.0,False,True,37.73
847,42.35,1,drowsy,drowsy,1.0,0.0,1.0,0.0,0.0,0.0,0.04622,0.951959,0.0,0.120653,0.143016,0.138089,0.040521,0.053488,0.037774,True,True,False,0.373041,False,True,38.115
848,42.4,1,drowsy,drowsy,1.0,0.0,1.0,0.0,0.0,0.0,0.045917,0.951514,0.0,0.120684,0.142851,0.137978,0.040521,0.053397,0.037728,True,True,False,0.0,False,True,38.375
849,42.45,1,drowsy,drowsy,1.0,0.0,1.0,0.0,0.0,0.0,0.045505,0.951178,0.0,0.120718,0.14301,0.137867,0.040521,0.053489,0.037683,True,True,False,0.079615,False,True,38.189
850,42.5,1,drowsy,drowsy,1.0,0.0,1.0,0.0,0.0,0.0,0.041056,0.952422,0.0,0.12073,0.143014,0.13775,0.040521,0.05349,0.037637,True,True,False,0.079615,False,True,47.206
851,42.55,1,drowsy,drowsy,1.0,0.0,1.0,0.0,0.0,0.0,0.039772,0.952528,0.0,0.120743,0.142837,0.137633,0.040521,0.053398,0.037592,True,True,False,0.192682,False,True,37.803
852,42.6,1,drowsy,drowsy,1.0,0.0,1.0,0.0,0.0,0.0,0.039385,0.952595,0.0,0.120758,0.143015,0.137515,0.040521,0.05349,0.037547,True,True,False,0.0,False,True,37.601
853,42.65,1,drowsy,drowsy,1.0,0.0,1.0,0.0,0.0,0.0,0.043268,0.951796,0.0,0.120794,0.142845,0.137402,0.040521,0.053398,0.037502,True,True,False,0.0,False,True,37.772
854,42.7,1,drowsy,drowsy,1.0,0.0,1.0,0.0,0.0,0.0,0.039796,0.952746,0.0,0.120812,0.143024,0.137285,0.040521,0.05349,0.037457,True,True,False,0.0,False,True,37.519
855,42.75,1,drowsy,drowsy,1.0,0.0,1.0,0.0,0.0,0.0,0.039746,0.952577,0.0,0.120833,0.143027,0.137169,0.040522,0.05349,0.037412,True,True,False,0.0,False,True,46.544
856,42.8,1,drowsy,drowsy,1.0,0.0,1.0,0.0,0.0,0.0,0.03944,0.952745,0.0,0.120853,0.14285,0.137052,0.040522,0.053398,0.037368,True,True,False,0.0,False,True,37.61
857,42.85,1,drowsy,drowsy,1.0,0.0,1.0,0.0,0.0,0.0,0.039123,0.952692,0.0,0.120868,0.143022,0.136935,0.040522,0.053489,0.037323,True,True,False,0.100912,False,True,37.634
858,42.9,1,drowsy,drowsy,1.0,0.0,1.0,0.0,0.0,0.0,0.039936,0.952302,0.0,0.120888,0.142847,0.136819,0.040522,0.053398,0.037279,True,True,False,0.100912,False,True,37.718
859,42.95,1,drowsy,drowsy,1.0,0.0,1.0,0.0,0.0,0.0,0.041744,0.951821,0.0,0.120914,0.143026,0.136706,0.040522,0.053489,0.037234,True,True,False,0.171465,False,True,37.416
860,43.0,1,drowsy,drowsy,1.0,0.0,1.0,0.0,0.0,0.0,0.043273,0.951756,0.0,0.120941,0.143028,0.136595,0.040522,0.053489,0.03719,True,True,False,0.078596,False,True,46.408
861,43.05,1,drowsy,drowsy,1.0,0.0,1.0,0.0,0.0,0.0,0.043466,0.951859,0.0,0.119139,0.142858,0.136485,0.040505,0.053398,0.037146,True,True,False,0.0,False,True,37.853
862,43.1,1,drowsy,drowsy,1.0,0.0,1.0,0.0,0.0,0.0,0.042626,0.951579,0.0,0.117005,0.142537,0.136374,0.040479,0.053485,0.037102,True,True,False,0.0,False,True,38.406
863,43.15,1,drowsy,drowsy,1.0,0.0,1.0,0.0,0.0,0.0,0.048071,0.949987,0.0,0.114704,0.142376,0.13627,0.040449,0.053394,0.037058,True,True,False,0.0,False,True,37.889
864,43.2,1,drowsy,drowsy,1.0,0.0,1.0,0.0,0.0,0.0,0.04324,0.951617,0.0,0.112029,0.141096,0.13616,0.037605,0.053462,0.037014,True,True,False,0.0,False,True,37.944
865,43.25,1,drowsy,drowsy,1.0,0.0,1.0,0.0,0.0,0.0,0.041426,0.952256,0.0,0.10895,0.140363,0.136048,0.034367,0.053449,0.036971,True,True,False,0.0,False,True,46.748
866,43.3,1,drowsy,drowsy,1.0,0.0,1.0,0.0,0.0,0.0,0.039936,0.9526,0.0,0.105685,0.140192,0.135934,0.030962,0.053358,0.036927,True,True,False,0.104326,False,True,37.617
867,43.35,1,drowsy,drowsy,1.0,0.0,1.0,0.0,0.0,0.0,0.038369,0.952929,0.0,0.102403,0.139149,0.135819,0.027556,0.053439,0.036884,True,True,False,0.077081,False,True,37.582
868,43.4,1,drowsy,drowsy,1.0,0.0,1.0,0.0,0.0,0.0,0.25534,0.916775,0.0,0.100202,0.139339,0.135955,0.02417,0.053351,0.036842,True,True,False,0.0,False,True,37.45
869,43.45,1,drowsy,drowsy,1.0,0.0,1.0,0.0,0.0,0.0,0.488374,0.85,0.0,0.099004,0.13997,0.136325,0.020802,0.05345,0.036803,True,True,False,0.0,False,True,37.472
870,43.5,1,drowsy,drowsy,1.0,0.0,1.0,0.0,0.0,0.0,0.447432,0.896448,0.0,0.097697,0.140632,0.136668,0.017425,0.053456,0.036762,True,True,False,0.0,False,True,46.312
871,43.55,1,drowsy,drowsy,1.0,0.0,1.0,0.0,0.0,0.0,0.324302,0.926184,0.0,0.095855,0.140937,0.136883,0.014067,0.053368,0.036721,True,True,False,0.0,False,True,37.297
872,43.6,1,drowsy,drowsy,1.0,0.0,1.0,0.0,0.0,0.0,0.156203,0.943209,0.0,0.093207,0.141318,0.136905,0.010728,0.05346,0.036678,True,True,False,0.0,False,True,37.449
873,43.65,1,drowsy,drowsy,1.0,0.0,1.0,0.0,0.0,0.0,0.060189,0.954276,0.0,0.090081,0.141179,0.136815,0.007394,0.053369,0.036635,True,True,False,0.0,False,True,37.877
874,43.7,1,drowsy,drowsy,1.0,0.0,1.0,0.0,0.0,0.0,0.041149,0.955876,0.0,0.087276,0.141367,0.136703,0.004451,0.05346,0.036592,True,True,False,0.0,False,True,37.8
875,43.75,1,drowsy,drowsy,1.0,0.0,1.0,0.0,0.0,0.0,0.038023,0.955318,0.0,0.085013,0.141368,0.136587,0.002039,0.05346,0.036549,True,True,False,0.0,False,True,46.374
876,43.8,1,drowsy,drowsy,1.0,0.0,1.0,0.0,0.0,0.0,0.036605,0.954749,0.0,0.083133,0.141189,0.13647,-0.0,0.053368,0.036506,True,True,False,0.0,False,True,37.449
877,43.85,1,drowsy,drowsy,1.0,0.0,1.0,0.0,0.0,0.0,0.037085,0.953743,0.0,0.081872,0.141362,0.136354,-0.0,0.05346,0.036464,True,True,False,0.0,False,True,37.565
878,43.9,1,drowsy,drowsy,1.0,0.0,1.0,0.0,0.0,0.0,0.037389,0.953298,0.0,0.081403,0.141184,0.136239,-0.0,0.053368,0.036421,True,True,False,0.0,False,True,37.6
879,43.95,1,drowsy,drowsy,1.0,0.0,1.0,0.0,0.0,0.0,0.037207,0.953011,0.0,0.08131,0.141339,0.136124,-0.0,0.053459,0.036379,True,True,False,0.0,False,True,37.759
880,44.0,1,drowsy,drowsy,1.0,0.0,1.0,0.0,0.0,0.0,0.037916,0.952738,0.0,0.081292,0.141332,0.13601,-0.0,0.053459,0.036337,True,True,False,0.102099,False,True,46.875
881,44.05,1,drowsy,drowsy,1.0,0.0,1.0,0.0,0.0,0.0,0.037096,0.952845,0.0,0.081288,0.141154,0.135895,-0.0,0.053368,0.036294,True,True,False,0.051798,False,True,37.96
882,44.1,1,drowsy,drowsy,1.0,0.0,1.0,0.0,0.0,0.0,0.037709,0.952687,0.0,0.081293,0.141318,0.135781,-0.0,0.053459,0.036252,True,True,False,0.051798,False,True,37.871
883,44.15,1,drowsy,drowsy,1.0,0.0,1.0,0.0,0.0,0.0,0.038505,0.952362,0.0,0.081291,0.141142,0.135669,-0.0,0.053368,0.03621,True,True,False,0.051798,False,True,38.132
884,44.2,1,drowsy,drowsy,1.0,0.0,1.0,0.0,0.0,0.0,0.037659,0.952617,0.0,0.081284,0.141304,0.135555,-0.0,0.053459,0.036169,True,True,False,0.040994,False,True,37.783
885,44.25,1,drowsy,drowsy,1.0,0.0,1.0,0.0,0.0,0.0,0.037674,0.952831,0.0,0.081277,0.141297,0.135442,-0.0,0.053458,0.036127,True,True,False,0.0,False,True,47.285
886,44.3,1,drowsy,drowsy,1.0,0.0,1.0,0.0,0.0,0.0,0.03822,0.952747,0.0,0.08126,0.141121,0.13533,-0.0,0.053367,0.036085,True,True,False,0.0,False,True,37.867
887,44.35,1,drowsy,drowsy,1.0,0.0,1.0,0.0,0.0,0.0,0.038342,0.952805,0.0,0.081242,0.141276,0.135219,-0.0,0.053458,0.036044,True,True,False,0.0,False,True,38.028
888,44.4,1,drowsy,drowsy,1.0,0.0,1.0,0.0,0.0,0.0,0.038424,0.952724,0.0,0.081227,0.141101,0.135107,-0.0,0.053367,0.036002,True,True,False,0.055625,False,True,38.07
889,44.45,1,drowsy,drowsy,1.0,0.0,1.0,0.0,0.0,0.0,0.037667,0.95279,0.0,0.081213,0.141257,0.134995,-0.0,0.053458,0.035961,True,True,False,0.0,False,True,37.755
890,44.5,1,drowsy,drowsy,1.0,0.0,1.0,0.0,0.0,0.0,0.038375,0.952315,0.0,0.081189,0.141253,0.134884,-0.0,0.053458,0.035919,True,True,False,0.0,False,True,46.308
891,44.55,0,alert,alert,0.891153,0.891153,0.000607,0.0,0.06816,0.040079,0.038906,0.952109,0.0,0.081171,0.141079,0.134774,-0.0,0.053366,0.035878,True,True,False,0.0,False,False,37.63
892,44.6,1,drowsy,drowsy,1.0,0.0,1.0,0.0,0.0,0.0,0.039087,0.952339,0.0,0.081161,0.141248,0.134665,-0.0,0.053458,0.035837,True,True,False,0.0,False,True,37.626
893,44.65,0,alert,alert,0.802103,0.802103,0.000737,0.0,0.148077,0.049082,0.07862,0.941407,0.0,0.081348,0.141142,0.134601,-0.0,0.053367,0.035797,True,True,False,0.079191,False,False,39.468
894,44.7,0,alert,alert,0.629131,0.629131,0.000862,0.0,0.321542,0.048465,0.122983,0.933998,0.0,0.081751,0.141458,0.134588,-0.0,0.05346,0.035757,True,True,False,0.079191,False,False,37.602
895,44.75,0,alert,alert,0.517127,0.517127,0.000853,0.0,0.440698,0.041322,0.080748,0.9453,0.0,0.081952,0.141532,0.134527,-0.0,0.053461,0.035716,True,True,False,0.0,False,False,46.525
896,44.8,3,yawning,yawning,0.579352,0.388884,0.000808,0.0,0.579352,0.030956,0.066322,0.947968,0.0,0.082081,0.141404,0.13445,-0.0,0.05337,0.035676,True,True,False,0.0,False,False,37.397
897,44.85,1,drowsy,drowsy,1.0,0.0,1.0,0.0,0.0,0.0,0.047247,0.951814,0.0,0.08209,0.141599,0.134351,-0.0,0.053461,0.035635,True,True,False,0.0,False,True,37.548
898,44.9,1,drowsy,drowsy,1.0,0.0,1.0,0.0,0.0,0.0,0.04464,0.951794,0.0,0.08208,0.141434,0.134249,-0.0,0.05337,0.035594,True,True,False,0.0,False,True,37.644
899,44.95,1,drowsy,drowsy,1.0,0.0,1.0,0.0,0.0,0.0,0.040187,0.953022,0.0,0.08204,0.140265,0.134142,-0.0,0.053443,0.035554,True,True,False,0.0,False,True,38.242
900,45.0,1,drowsy,drowsy,1.0,0.0,1.0,0.0,0.0,0.0,0.0396,0.95314,0.0,0.081999,0.139527,0.134034,-0.0,0.05343,0.035514,True,True,False,0.0,False,True,46.713
901,45.05,3,yawning,yawning,0.568422,0.40806,0.000832,0.0,0.568422,0.022686,0.037869,0.952979,0.0,0.081969,0.139354,0.133925,-0.0,0.053339,0.035473,True,True,False,0.059802,False,False,38.2
902,45.1,3,yawning,yawning,0.560316,0.415477,0.000836,0.0,0.560316,0.023371,0.039716,0.952194,0.0,0.08195,0.13832,0.133819,-0.0,0.053421,0.035433,True,True,False,0.059802,False,False,38.582
903,45.15,3,yawning,yawning,0.571682,0.404508,0.00082,0.0,0.571682,0.02299,0.03757,0.952764,0.0,0.081917,0.138148,0.13371,-0.0,0.05333,0.035393,True,True,False,0.0,False,False,37.961
904,45.2,3,yawning,yawning,0.522115,0.45125,0.00084,0.0,0.522115,0.025795,0.036897,0.953034,0.0,0.081876,0.138061,0.1336,-0.0,0.05342,0.035353,True,True,False,0.0,False,False,37.896
905,45.25,0,alert,alert,0.502083,0.502083,0.000855,0.0,0.46832,0.028742,0.036898,0.953668,0.0,0.081829,0.138049,0.133491,-0.0,0.05342,0.035313,True,True,False,0.0,False,False,46.519
906,45.3,0,alert,alert,0.531626,0.531626,0.000849,0.0,0.437337,0.030188,0.036956,0.9535,0.0,0.08175,0.137877,0.133382,-0.0,0.053329,0.035273,True,True,False,0.0,False,False,38.156
907,45.35,0,alert,alert,0.587006,0.587006,0.000824,0.0,0.380537,0.031633,0.037719,0.953094,0.0,0.081693,0.138047,0.133274,-0.0,0.05342,0.035234,True,True,False,0.0,False,False,37.942
908,45.4,0,alert,alert,0.617377,0.617377,0.000804,0.0,0.349387,0.032432,0.038274,0.952883,0.0,0.081655,0.137877,0.133168,-0.0,0.053329,0.035194,True,True,False,0.0,False,False,37.871
909,45.45,0,alert,alert,0.662748,0.662748,0.000778,0.0,0.302591,0.033883,0.038481,0.952709,0.0,0.081619,0.138053,0.133061,-0.0,0.053421,0.035154,True,True,False,0.0,False,False,37.487
910,45.5,0,alert,alert,0.699668,0.699668,0.000757,0.0,0.263415,0.036161,0.039652,0.952315,0.0,0.081603,0.138059,0.132956,-0.0,0.053421,0.035115,True,True,False,0.0,False,False,46.236
911,45.55,0,alert,alert,0.758898,0.758898,0.00072,0.0,0.198196,0.042186,0.039445,0.952654,0.0,0.081587,0.137891,0.132852,-0.0,0.05333,0.035076,True,True,False,0.0,False,False,37.661
912,45.6,0,alert,alert,0.806675,0.806675,0.000651,0.0,0.148627,0.044047,0.039138,0.952559,0.0,0.081569,0.138066,0.132747,-0.0,0.053421,0.035036,True,True,False,0.0,False,False,37.518
913,45.65,0,alert,alert,0.866262,0.866262,0.000544,0.0,0.091642,0.041552,0.039236,0.952574,0.0,0.081546,0.137897,0.132642,-0.0,0.05333,0.034997,True,True,False,0.0,False,False,37.645
914,45.7,0,alert,alert,0.895069,0.895069,0.000476,0.0,0.064012,0.040443,0.039224,0.952536,0.0,0.081505,0.138069,0.132538,-0.0,0.053421,0.034958,True,True,False,0.0,False,False,37.805
915,45.75,0,alert,alert,0.903482,0.903482,0.00044,0.0,0.052699,0.043378,0.039347,0.952002,0.0,0.08142,0.138067,0.132434,-0.0,0.053421,0.034919,True,True,False,0.0,False,False,46.593
916,45.8,0,alert,alert,0.898468,0.898468,0.000431,0.0,0.052978,0.048123,0.038575,0.95203,0.0,0.081338,0.137898,0.132329,-0.0,0.05333,0.03488,True,True,False,0.0,False,False,38.31
917,45.85,0,alert,alert,0.891525,0.891525,0.000429,0.0,0.0571,0.050947,0.038873,0.951901,0.0,0.081231,0.138061,0.132225,-0.0,0.05342,0.034841,True,True,False,0.0,False,False,37.968
918,45.9,0,alert,alert,0.888434,0.888434,0.000414,0.0,0.056487,0.054665,0.037819,0.952276,0.0,0.081129,0.13789,0.13212,-0.0,0.053329,0.034803,True,True,False,0.0,False,False,37.601
919,45.95,0,alert,alert,0.888451,0.888451,0.000401,0.0,0.053083,0.058065,0.037987,0.952479,0.0,0.081064,0.137397,0.132016,-0.0,0.053412,0.034764,True,True,False,0.0,False,False,37.97
920,46.0,1,drowsy,drowsy,1.0,0.0,1.0,0.0,0.0,0.0,0.039054,0.95225,0.0,0.080995,0.136663,0.131913,-0.0,0.053401,0.034725,True,True,False,0.0,False,True,45.893
921,46.05,0,alert,alert,0.919731,0.919731,0.000328,0.0,0.029414,0.050526,0.039487,0.952374,0.0,0.080854,0.136497,0.13181,-0.0,0.05331,0.034687,True,True,False,0.0,False,False,37.881
922,46.1,0,alert,alert,0.928187,0.928187,0.000303,0.0,0.023849,0.04766,0.038324,0.95271,0.0,0.080802,0.135207,0.131707,-0.0,0.053383,0.034648,True,True,False,0.0,False,False,37.52
923,46.15,0,alert,alert,0.927238,0.927238,0.000301,0.0,0.022786,0.049675,0.038564,0.952696,0.0,0.080748,0.134551,0.131604,-0.0,0.053378,0.03461,True,True,False,0.0,False,False,37.469
924,46.2,0,alert,alert,0.92016,0.92016,0.000314,0.0,0.026522,0.053005,0.036928,0.952706,0.0,0.080674,0.134023,0.131499,-0.0,0.053375,0.034572,True,True,False,0.0,False,False,38.228
925,46.25,0,alert,alert,0.881192,0.881192,0.000366,0.0,0.030495,0.087947,0.329826,0.906412,0.0,0.082016,0.134214,0.131707,-0.0,0.053378,0.034536,True,True,False,0.0,False,False,46.602
926,46.3,1,drowsy,drowsy,1.0,0.0,1.0,0.0,0.0,0.0,0.501486,0.834103,0.0,0.084011,0.134762,0.132064,-0.0,0.053298,0.034502,True,True,False,0.0,False,True,38.038
927,46.35,0,alert,alert,0.618044,0.618044,0.000611,0.0,0.017933,0.363412,0.544696,0.825037,0.0,0.086167,0.135569,0.132458,-0.0,0.053401,0.034469,True,True,False,0.0,False,False,37.671
928,46.4,1,drowsy,drowsy,1.0,0.0,1.0,0.0,0.0,0.0,0.494455,0.879724,0.0,0.088279,0.136279,0.132826,-0.0,0.053408,0.034434,True,True,False,0.0,False,True,37.947
929,46.45,0,alert,alert,0.849354,0.849354,0.000415,0.0,0.011941,0.13829,0.415084,0.907745,0.0,0.090069,0.136891,0.133121,-0.0,0.053412,0.034398,True,True,False,0.0,False,False,37.393
930,46.5,1,drowsy,drowsy,1.0,0.0,1.0,0.0,0.0,0.0,0.263541,0.928926,0.0,0.091136,0.13726,0.133261,-0.0,0.053414,0.034361,True,True,False,0.24913,False,True,46.352
931,46.55,1,drowsy,drowsy,1.0,0.0,1.0,0.0,0.0,0.0,0.105149,0.946418,0.0,0.091367,0.137205,0.133231,-0.0,0.053324,0.034324,True,True,False,0.026428,False,True,37.826
932,46.6,1,drowsy,drowsy,1.0,0.0,1.0,0.0,0.0,0.0,0.049949,0.953673,0.0,0.091332,0.137331,0.133139,-0.0,0.053414,0.034286,True,True,False,0.0,False,True,37.437
933,46.65,0,alert,alert,0.932195,0.932195,0.000271,0.0,0.015146,0.052388,0.040935,0.954515,0.0,0.091307,0.137312,0.133038,-0.0,0.053414,0.034249,True,True,False,0.0,False,False,37.403
934,46.7,1,drowsy,drowsy,1.0,0.0,1.0,0.0,0.0,0.0,0.037914,0.954523,0.0,0.091271,0.137293,0.132934,-0.0,0.053414,0.034211,True,True,False,0.0,False,True,37.512
935,46.75,1,drowsy,drowsy,1.0,0.0,1.0,0.0,0.0,0.0,0.037046,0.953921,0.0,0.091248,0.137276,0.132829,-0.0,0.053413,0.034174,True,True,False,0.0,False,True,46.714
936,46.8,0,alert,alert,0.917374,0.917374,0.000324,0.0,0.030209,0.052093,0.038408,0.953212,0.0,0.091218,0.137107,0.132726,-0.0,0.053322,0.034136,True,True,False,0.0,False,False,37.421
937,46.85,1,drowsy,drowsy,1.0,0.0,1.0,0.0,0.0,0.0,0.040826,0.952428,0.0,0.091186,0.137252,0.132626,-0.0,0.053413,0.034099,True,True,False,0.0,False,True,37.621
938,46.9,0,alert,alert,0.888097,0.888097,0.000386,0.0,0.049631,0.061886,0.040339,0.952346,0.0,0.091169,0.137241,0.132525,-0.0,0.053413,0.034062,True,True,False,0.0,False,False,37.452
939,46.95,0,alert,alert,0.866403,0.866403,0.000428,0.0,0.065088,0.06808,0.039341,0.952319,0.0,0.091134,0.137234,0.132424,-0.0,0.053412,0.034025,True,True,False,0.0,False,False,37.489
940,47.0,0,alert,alert,0.852399,0.852399,0.000456,0.0,0.079362,0.067784,0.040839,0.952175,0.0,0.091087,0.137231,0.132325,-0.0,0.053412,0.033988,True,True,False,0.0,False,False,46.085
941,47.05,1,drowsy,drowsy,1.0,0.0,1.0,0.0,0.0,0.0,0.040838,0.95216,0.0,0.091043,0.137067,0.132225,-0.0,0.053321,0.033951,True,True,False,0.0,False,True,37.705
942,47.1,1,drowsy,drowsy,1.0,0.0,1.0,0.0,0.0,0.0,0.041617,0.951957,0.0,0.091005,0.137231,0.132127,-0.0,0.053412,0.033915,True,True,False,0.0,False,True,37.794
943,47.15,0,alert,alert,0.810372,0.810372,0.000537,0.0,0.129542,0.059549,0.041063,0.951986,0.0,0.09099,0.13723,0.132029,-0.0,0.053412,0.033878,True,True,False,0.0,False,False,37.495
944,47.2,0,alert,alert,0.79201,0.79201,0.000559,0.0,0.151531,0.055901,0.040657,0.951547,0.0,0.090996,0.137227,0.13193,-0.0,0.053412,0.033841,True,True,False,0.0,False,False,37.76
945,47.25,1,drowsy,drowsy,1.0,0.0,1.0,0.0,0.0,0.0,0.040916,0.951437,0.0,0.091002,0.137227,0.131832,-0.0,0.053412,0.033805,True,True,False,0.0,False,True,46.611
946,47.3,0,alert,alert,0.764745,0.764745,0.000587,0.0,0.18207,0.052598,0.038199,0.952237,0.0,0.091002,0.137058,0.131731,-0.0,0.053321,0.033768,True,True,False,0.0,False,False,37.693
947,47.35,1,drowsy,drowsy,1.0,0.0,1.0,0.0,0.0,0.0,0.038352,0.952122,0.0,0.090988,0.137222,0.13163,-0.0,0.053412,0.033732,True,True,False,0.0,False,True,37.444
948,47.4,1,drowsy,drowsy,1.0,0.0,1.0,0.0,0.0,0.0,0.0377,0.952383,0.0,0.090957,0.137218,0.131529,-0.0,0.053412,0.033696,True,True,False,0.288212,False,True,37.52
949,47.45,0,alert,alert,0.8049,0.8049,0.000556,0.0,0.143314,0.051229,0.037204,0.952531,0.0,0.089076,0.137155,0.131428,-0.0,0.053411,0.033659,True,True,False,0.284092,False,False,37.576
950,47.5,0,alert,alert,0.803806,0.803806,0.000551,0.0,0.142584,0.053059,0.037688,0.952027,0.0,0.086997,0.136483,0.131327,-0.0,0.053403,0.033623,True,True,False,0.0,False,False,46.109
951,47.55,0,alert,alert,0.788967,0.788967,0.000567,0.0,0.153512,0.056955,0.037116,0.952365,0.0,0.084944,0.136314,0.131226,-0.0,0.053312,0.033587,True,True,False,0.0,False,False,37.669
952,47.6,1,drowsy,drowsy,1.0,0.0,1.0,0.0,0.0,0.0,0.036606,0.952679,0.0,0.083203,0.135043,0.131124,-0.0,0.053382,0.033551,True,True,False,0.0,False,True,37.616
953,47.65,0,alert,alert,0.800915,0.800915,0.00055,0.0,0.141333,0.057201,0.036962,0.952558,0.0,0.082248,0.134438,0.131023,-0.0,0.053378,0.033515,True,True,False,0.0,False,False,37.445
954,47.7,0,alert,alert,0.807052,0.807052,0.000537,0.0,0.139304,0.053107,0.036576,0.9524,0.0,0.081947,0.134047,0.130922,-0.0,0.053376,0.033479,True,True,False,0.0,False,False,37.785
955,47.75,0,alert,alert,0.809782,0.809782,0.000529,0.0,0.138541,0.051148,0.036541,0.952384,0.0,0.081846,0.133916,0.130822,-0.0,0.053376,0.033444,True,True,False,0.0,False,False,46.554
956,47.8,0,alert,alert,0.806689,0.806689,0.000525,0.0,0.143239,0.049547,0.036825,0.95219,0.0,0.081807,0.13375,0.130721,-0.0,0.053285,0.033408,True,True,False,0.0,False,False,37.638
957,47.85,0,alert,alert,0.801572,0.801572,0.000524,0.0,0.150665,0.047238,0.037189,0.951909,0.0,0.081785,0.133877,0.130622,-0.0,0.053377,0.033372,True,True,False,0.0,False,False,37.353
958,47.9,1,drowsy,drowsy,1.0,0.0,1.0,0.0,0.0,0.0,0.036829,0.952012,0.0,0.08177,0.133871,0.130522,-0.0,0.053377,0.033337,True,True,False,0.0,False,True,37.688
959,47.95,1,drowsy,drowsy,1.0,0.0,1.0,0.0,0.0,0.0,0.036377,0.952515,0.0,0.081754,0.133865,0.130422,-0.0,0.053377,0.033301,True,True,False,0.085766,False,True,38.186
960,48.0,1,drowsy,drowsy,1.0,0.0,1.0,0.0,0.0,0.0,0.037168,0.952179,0.0,0.081737,0.133857,0.130322,-0.0,0.053377,0.033266,True,True,False,0.085766,False,True,46.894
961,48.05,1,drowsy,drowsy,1.0,0.0,1.0,0.0,0.0,0.0,0.038955,0.95148,0.0,0.081725,0.133695,0.130226,-0.0,0.053286,0.033231,True,True,False,0.06119,False,True,38.421
962,48.1,1,drowsy,drowsy,1.0,0.0,1.0,0.0,0.0,0.0,0.041033,0.950714,0.0,0.081722,0.133825,0.130131,-0.0,0.053377,0.033195,True,True,False,0.060045,False,True,38.35
963,48.15,1,drowsy,drowsy,1.0,0.0,1.0,0.0,0.0,0.0,0.04087,0.950594,0.0,0.081723,0.133808,0.130037,-0.0,0.053377,0.03316,True,True,False,0.0,False,True,37.744
964,48.2,1,drowsy,drowsy,1.0,0.0,1.0,0.0,0.0,0.0,0.039657,0.951276,0.0,0.0817,0.133799,0.129941,-0.0,0.053377,0.033125,True,True,False,0.0,False,True,38.492
965,48.25,1,drowsy,drowsy,1.0,0.0,1.0,0.0,0.0,0.0,0.039892,0.951732,0.0,0.081664,0.133794,0.129846,-0.0,0.053377,0.03309,True,True,False,0.0,False,True,47.213
966,48.3,1,drowsy,drowsy,1.0,0.0,1.0,0.0,0.0,0.0,0.038762,0.951996,0.0,0.081636,0.133633,0.12975,-0.0,0.053286,0.033055,True,True,False,0.0,False,True,38.259
967,48.35,1,drowsy,drowsy,1.0,0.0,1.0,0.0,0.0,0.0,0.039026,0.951694,0.0,0.081613,0.133767,0.129654,-0.0,0.053377,0.03302,True,True,False,0.0,False,True,38.314
968,48.4,0,alert,alert,0.936938,0.936938,0.000359,0.0,0.031103,0.0316,0.038252,0.952314,0.0,0.081577,0.133757,0.129558,-0.0,0.053377,0.032986,True,True,False,0.0,False,False,38.524
969,48.45,1,drowsy,drowsy,1.0,0.0,1.0,0.0,0.0,0.0,0.037715,0.952252,0.0,0.081557,0.133746,0.129461,-0.0,0.053377,0.032951,True,True,False,0.0,False,True,37.975
970,48.5,1,drowsy,drowsy,1.0,0.0,1.0,0.0,0.0,0.0,0.038379,0.952225,0.0,0.081547,0.133729,0.129365,-0.0,0.053377,0.032916,True,True,False,0.0,False,True,46.812
971,48.55,0,alert,alert,0.895864,0.895864,0.000433,0.0,0.066536,0.037167,0.03954,0.951805,0.0,0.081548,0.133569,0.129271,-0.0,0.053286,0.032882,True,True,False,0.022592,False,False,38.046
972,48.6,1,drowsy,drowsy,1.0,0.0,1.0,0.0,0.0,0.0,0.039373,0.951613,0.0,0.081554,0.133715,0.129177,-0.0,0.053377,0.032847,True,True,False,0.073976,False,True,37.709
973,48.65,0,alert,alert,0.891237,0.891237,0.000427,0.0,0.068919,0.039417,0.038884,0.95184,0.0,0.08156,0.133712,0.129082,-0.0,0.053377,0.032813,True,True,False,0.0,False,False,37.592
974,48.7,0,alert,alert,0.879347,0.879347,0.000446,0.0,0.079915,0.040292,0.038806,0.952109,0.0,0.081556,0.13371,0.128988,-0.0,0.053377,0.032778,True,True,False,0.0,False,False,37.439
975,48.75,0,alert,alert,0.871022,0.871022,0.00046,0.0,0.08777,0.040748,0.038496,0.952289,0.0,0.081545,0.133709,0.128893,-0.0,0.053377,0.032744,True,True,False,0.0,False,False,46.369
976,48.8,0,alert,alert,0.867481,0.867481,0.000467,0.0,0.088826,0.043226,0.038792,0.952256,0.0,0.080539,0.133547,0.128799,-0.0,0.053286,0.03271,True,True,False,0.0,False,False,37.583
977,48.85,0,alert,alert,0.860751,0.860751,0.000477,0.0,0.094406,0.044366,0.040431,0.951927,0.0,0.078897,0.133708,0.128707,-0.0,0.053377,0.032676,True,True,False,0.0,False,False,37.509
978,48.9,0,alert,alert,0.873053,0.873053,0.000463,0.0,0.081865,0.044619,0.040466,0.951892,0.0,0.077143,0.133712,0.128615,-0.0,0.053377,0.032642,True,True,False,0.0,False,False,38.3
979,48.95,0,alert,alert,0.864711,0.864711,0.000473,0.0,0.088425,0.046391,0.04023,0.952095,0.0,0.075154,0.133715,0.128523,-0.0,0.053377,0.032608,True,True,False,0.0,False,False,37.991
980,49.0,0,alert,alert,0.850146,0.850146,0.000485,0.0,0.104463,0.044906,0.044498,0.950845,0.0,0.073732,0.133727,0.128435,-0.0,0.053377,0.032574,True,True,False,0.0,False,False,46.627
981,49.05,0,alert,alert,0.823336,0.823336,0.000532,0.0,0.123396,0.052736,0.440059,0.87189,0.0,0.075014,0.134205,0.128732,-0.0,0.053294,0.032543,True,True,False,0.0,False,False,37.813
982,49.1,0,alert,alert,0.85167,0.85167,0.000517,0.0,0.095292,0.052522,0.468947,0.870912,0.0,0.076868,0.133708,0.129055,-0.0,0.053372,0.032512,True,True,False,0.0,False,False,37.682
983,49.15,0,alert,alert,0.868671,0.868671,0.000486,0.0,0.084713,0.04613,0.360607,0.914837,0.0,0.07839,0.133502,0.129286,-0.0,0.053365,0.03248,True,True,False,0.0,False,False,37.504
984,49.2,0,alert,alert,0.870997,0.870997,0.000486,0.0,0.088813,0.039704,0.214365,0.935464,0.0,0.079249,0.133107,0.129373,-0.0,0.05336,0.032446,True,True,False,0.0,False,False,37.411
985,49.25,0,alert,alert,0.809724,0.809724,0.000573,0.0,0.14877,0.040933,0.101516,0.948872,0.0,0.079563,0.132656,0.129344,-0.0,0.053356,0.032413,True,True,False,0.0,False,False,46.335
986,49.3,0,alert,alert,0.713647,0.713647,0.000661,0.0,0.246874,0.038818,0.053069,0.955207,0.0,0.079608,0.13252,0.129265,-0.0,0.053265,0.032379,True,True,False,0.0,False,False,37.555
987,49.35,0,alert,alert,0.645163,0.645163,0.000696,0.0,0.318486,0.035655,0.04097,0.955541,0.0,0.079587,0.132314,0.129173,-0.0,0.053354,0.032346,True,True,False,0.0,False,False,37.406
988,49.4,0,alert,alert,0.667123,0.667123,0.000701,0.0,0.297985,0.03419,0.040086,0.954267,0.0,0.07949,0.132307,0.129081,-0.0,0.053354,0.032312,True,True,False,0.0,False,False,37.464
989,49.45,0,alert,alert,0.705355,0.705355,0.00068,0.0,0.262294,0.03167,0.038421,0.953748,0.0,0.079424,0.132306,0.128987,-0.0,0.053354,0.032279,True,True,False,0.0,False,False,37.671
990,49.5,0,alert,alert,0.71544,0.71544,0.000677,0.0,0.251854,0.032029,0.037917,0.953178,0.0,0.079381,0.132307,0.128893,-0.0,0.053354,0.032246,True,True,False,0.0,False,False,46.357
991,49.55,0,alert,alert,0.791279,0.791279,0.000643,0.0,0.175644,0.032434,0.037846,0.9529,0.0,0.079354,0.132147,0.1288,-0.0,0.053264,0.032212,True,True,False,0.0,False,False,38.026
992,49.6,0,alert,alert,0.869468,0.869468,0.000561,0.0,0.096271,0.0337,0.037852,0.952357,0.0,0.079329,0.132313,0.128706,-0.0,0.053355,0.032179,True,True,False,0.0,False,False,37.46
993,49.65,0,alert,alert,0.895873,0.895873,0.000496,0.0,0.068354,0.035276,0.038418,0.952287,0.0,0.079272,0.132315,0.128613,-0.0,0.053355,0.032146,True,True,False,0.0,False,False,37.507
994,49.7,0,alert,alert,0.920446,0.920446,0.000432,0.0,0.046294,0.032828,0.037872,0.952258,0.0,0.079207,0.132316,0.12852,-0.0,0.053355,0.032113,True,True,False,0.0,False,False,37.639
995,49.75,0,alert,alert,0.941503,0.941503,0.000369,0.0,0.028068,0.03006,0.038446,0.952008,0.0,0.079144,0.132317,0.128428,-0.0,0.053355,0.03208,True,True,False,0.0,False,False,46.053
996,49.8,0,alert,alert,0.945816,0.945816,0.000345,0.0,0.024502,0.029337,0.038238,0.951762,0.0,0.079097,0.132157,0.128336,-0.0,0.053264,0.032048,True,True,False,0.0,False,False,37.687
997,49.85,0,alert,alert,0.949038,0.949038,0.000324,0.0,0.022449,0.028189,0.038241,0.951632,0.0,0.079064,0.132315,0.128244,-0.0,0.053355,0.032015,True,True,False,0.0,False,False,37.488
998,49.9,0,alert,alert,0.955792,0.955792,0.000298,0.0,0.01789,0.02602,0.038168,0.951871,0.0,0.07898,0.132314,0.128152,-0.0,0.053355,0.031982,True,True,False,0.0,False,False,37.543
999,49.95,0,alert,alert,0.962192,0.962192,0.00027,0.0,0.013652,0.023886,0.038459,0.951831,0.0,0.078939,0.132315,0.12806,-0.0,0.053355,0.031949,True,True,False,0.0,False,False,37.542
1000,50.0,0,alert,alert,0.964922,0.964922,0.000257,0.0,0.011632,0.023189,0.038619,0.951932,0.0,0.078918,0.132312,0.127969,-0.0,0.053355,0.031917,True,True,False,0.0,False,False,46.291
1001,50.05,0,alert,alert,0.967569,0.967569,0.000241,0.0,0.009378,0.022813,0.038973,0.951693,0.0,0.078896,0.132153,0.127878,-0.0,0.053264,0.031884,True,True,False,0.0,False,False,37.61
1002,50.1,0,alert,alert,0.968159,0.968159,0.000232,0.0,0.008049,0.023559,0.288991,0.914034,0.0,0.079341,0.132717,0.128036,-0.0,0.053359,0.031853,True,True,False,0.0,False,False,37.482
1003,50.15,0,alert,alert,0.957493,0.957493,0.000316,0.0,0.009045,0.033146,0.494171,0.838995,0.0,0.080002,0.133416,0.128364,-0.0,0.053369,0.031825,True,True,False,0.0,False,False,37.398
1004,50.2,0,alert,alert,0.941927,0.941927,0.000502,0.0,0.011149,0.046422,0.527446,0.795294,0.0,0.080653,0.134134,0.128702,-0.0,0.053384,0.031798,True,True,False,0.0,False,False,37.486
1005,50.25,0,alert,alert,0.951529,0.951529,0.000496,0.0,0.010742,0.037233,0.507166,0.852674,0.0,0.082124,0.134862,0.129046,-0.0,0.053394,0.031769,True,True,False,0.0,False,False,46.522
1006,50.3,0,alert,alert,0.958762,0.958762,0.000438,0.0,0.012904,0.027896,0.443997,0.89535,0.0,0.083883,0.135357,0.129347,-0.0,0.053308,0.031739,True,True,False,0.0,False,False,37.516
1007,50.35,0,alert,alert,0.961947,0.961947,0.000386,0.0,0.01373,0.023937,0.320346,0.919776,0.0,0.085197,0.135982,0.129533,-0.0,0.053402,0.031707,True,True,False,0.0,False,False,37.539
1008,50.4,0,alert,alert,0.954664,0.954664,0.000389,0.0,0.01992,0.025027,0.140417,0.94387,0.0,0.085675,0.136148,0.129544,-0.0,0.053403,0.031676,True,True,False,0.0,False,False,37.531
1009,50.45,0,alert,alert,0.955775,0.955775,0.000354,0.0,0.020045,0.023827,0.062579,0.955077,0.0,0.085783,0.136183,0.129476,-0.0,0.053403,0.031644,True,True,False,0.0,False,False,37.585
1010,50.5,0,alert,alert,0.958326,0.958326,0.000329,0.0,0.018853,0.022492,0.042382,0.957298,0.0,0.085794,0.136185,0.129388,-0.0,0.053402,0.031611,True,True,False,0.0,False,False,46.427
1011,50.55,0,alert,alert,0.957729,0.957729,0.000319,0.0,0.019598,0.022355,0.038407,0.956057,0.0,0.085784,0.136018,0.129296,-0.0,0.053311,0.031579,True,True,False,0.0,False,False,37.95
1012,50.6,0,alert,alert,0.958551,0.958551,0.0003,0.0,0.018788,0.022362,0.038495,0.953899,0.0,0.085775,0.136176,0.129204,-0.0,0.053402,0.031548,True,True,False,0.0,False,False,37.634
1013,50.65,0,alert,alert,0.960463,0.960463,0.000285,0.0,0.016722,0.02253,0.038266,0.95291,0.0,0.08574,0.136173,0.129113,-0.0,0.053402,0.031516,True,True,False,0.086305,False,False,37.921
1014,50.7,0,alert,alert,0.953125,0.953125,0.000309,0.0,0.022024,0.024541,0.039194,0.952358,0.0,0.085729,0.136171,0.129022,-0.0,0.053401,0.031484,True,True,False,0.131778,False,False,37.542
1015,50.75,0,alert,alert,0.952737,0.952737,0.000306,0.0,0.02226,0.024697,0.040402,0.952312,0.0,0.085735,0.136171,0.128933,-0.0,0.053401,0.031452,True,True,False,0.112878,False,False,46.497
1016,50.8,0,alert,alert,0.953486,0.953486,0.000299,0.0,0.019639,0.026576,0.143678,0.93147,0.0,0.086255,0.136183,0.128948,-0.0,0.053312,0.031422,True,True,False,0.172719,False,False,37.809
1017,50.85,0,alert,alert,0.937333,0.937333,0.000384,0.0,0.027722,0.034562,0.468778,0.859022,0.0,0.088235,0.137012,0.129255,-0.0,0.053412,0.031393,True,True,False,0.158325,False,False,37.403
1018,50.9,0,alert,alert,0.906415,0.906415,0.000548,0.0,0.047545,0.045492,0.519265,0.819246,0.0,0.090345,0.137727,0.129591,-0.0,0.053425,0.031366,True,True,False,0.158325,False,False,37.356
1019,50.95,0,alert,alert,0.852229,0.852229,0.000747,0.0,0.096899,0.050125,0.520381,0.818675,0.0,0.092457,0.138449,0.129928,-0.0,0.053437,0.031339,True,True,False,0.081832,False,False,37.403
1020,51.0,0,alert,alert,0.818837,0.818837,0.00079,0.0,0.137548,0.042825,0.467282,0.885508,0.0,0.094475,0.13913,0.130241,-0.0,0.053444,0.03131,True,True,False,0.081832,False,False,46.133
1021,51.05,0,alert,alert,0.787468,0.787468,0.000778,0.0,0.175072,0.036681,0.359491,0.912071,0.0,0.096027,0.13949,0.130461,-0.0,0.053356,0.03128,True,True,False,0.0,False,False,37.867
1022,51.1,0,alert,alert,0.674049,0.674049,0.000841,0.0,0.290753,0.034357,0.162937,0.938627,0.0,0.096633,0.139855,0.130493,-0.0,0.053449,0.031249,True,True,False,0.0,False,False,37.496
1023,51.15,0,alert,alert,0.664313,0.664313,0.000811,0.0,0.300904,0.033972,0.063673,0.952674,0.0,0.096737,0.139891,0.130426,-0.0,0.053449,0.031218,True,True,False,0.0,False,False,37.571
1024,51.2,0,alert,alert,0.70352,0.70352,0.000764,0.0,0.261244,0.034472,0.043257,0.955703,0.0,0.096721,0.139893,0.130339,-0.0,0.053448,0.031187,True,True,False,0.0,False,False,37.573
1025,51.25,0,alert,alert,0.782601,0.782601,0.000699,0.0,0.180156,0.036545,0.03889,0.955387,0.0,0.096674,0.139887,0.130248,-0.0,0.053448,0.031156,True,True,False,0.0,False,False,46.32
1026,51.3,0,alert,alert,0.83993,0.83993,0.000621,0.0,0.125167,0.034282,0.036942,0.954462,0.0,0.096614,0.139711,0.130155,-0.0,0.053356,0.031125,True,True,False,0.0,False,False,38.455
1027,51.35,0,alert,alert,0.88837,0.88837,0.000543,0.0,0.079683,0.031404,0.03603,0.953695,0.0,0.096562,0.139868,0.130061,-0.0,0.053447,0.031094,True,True,False,0.0,False,False,38.148
1028,51.4,0,alert,alert,0.916038,0.916038,0.000492,0.0,0.053485,0.029985,0.036892,0.952853,0.0,0.096509,0.139861,0.129968,-0.0,0.053447,0.031063,True,True,False,0.0,False,False,38.186
1029,51.45,0,alert,alert,0.919047,0.919047,0.000477,0.0,0.050251,0.030224,0.037229,0.952783,0.0,0.094637,0.139853,0.129876,-0.0,0.053447,0.031032,True,True,False,0.034569,False,False,37.736
1030,51.5,0,alert,alert,0.910726,0.910726,0.000484,0.0,0.057956,0.030834,0.038771,0.952311,0.0,0.092565,0.139216,0.129786,-0.0,0.053439,0.031001,True,True,False,0.0,False,False,46.424
1031,51.55,0,alert,alert,0.920882,0.920882,0.000454,0.0,0.04773,0.030934,0.039154,0.951947,0.0,0.090509,0.139045,0.129697,-0.0,0.053348,0.030971,True,True,False,0.0,False,False,37.752
1032,51.6,0,alert,alert,0.919534,0.919534,0.000436,0.0,0.047358,0.032672,0.041539,0.951029,0.0,0.088796,0.137684,0.12961,-0.0,0.053413,0.03094,True,True,False,0.0,False,False,37.539
1033,51.65,0,alert,alert,0.922835,0.922835,0.000404,0.0,0.043127,0.033634,0.041241,0.951092,0.0,0.087849,0.136741,0.129522,-0.0,0.052419,0.030909,True,True,False,0.18792,False,False,37.654
1034,51.7,0,alert,alert,0.927855,0.927855,0.000366,0.0,0.035833,0.035946,0.039888,0.951758,0.0,0.087536,0.13569,0.129434,-0.0,0.05132,0.030879,True,True,False,0.18792,False,False,37.553
1035,51.75,0,alert,alert,0.933026,0.933026,0.000332,0.0,0.031615,0.035027,0.039806,0.951859,0.0,0.087459,0.134591,0.129346,-0.0,0.050178,0.030849,True,True,False,0.147866,False,False,46.581
1036,51.8,0,alert,alert,0.899358,0.899358,0.000389,0.0,0.051091,0.049162,0.421531,0.888912,0.0,0.089258,0.135047,0.129614,-0.0,0.050098,0.03082,True,True,False,0.052193,False,False,37.789
1037,51.85,0,alert,alert,0.841642,0.841642,0.00054,0.0,0.073228,0.08459,0.516678,0.83031,0.0,0.09138,0.133711,0.129946,-0.0,0.047887,0.030794,True,True,False,0.0,False,False,37.367
1038,51.9,0,alert,alert,0.728396,0.728396,0.000836,0.0,0.106676,0.164091,0.56706,0.818856,0.0,0.093702,0.133392,0.130316,-0.0,0.046747,0.030768,True,True,False,0.0,False,False,37.27
1039,51.95,0,alert,alert,0.632829,0.632829,0.001145,0.0,0.105289,0.260737,0.629557,0.823546,0.0,0.096311,0.133165,0.13074,-0.0,0.045604,0.030742,True,True,False,0.0,False,False,37.336
1040,52.0,0,alert,alert,0.694273,0.694273,0.000987,0.0,0.077572,0.227168,0.530191,0.882695,0.0,0.098618,0.132839,0.131103,-0.0,0.044464,0.030714,True,True,False,0.0,False,False,46.252
1041,52.05,0,alert,alert,0.776622,0.776622,0.000742,0.0,0.067088,0.155547,0.468213,0.899667,0.0,0.100678,0.133378,0.131415,-0.0,0.044392,0.030685,True,True,False,0.0,False,False,37.733
1042,52.1,0,alert,alert,0.822228,0.822228,0.0006,0.0,0.070969,0.106203,0.413568,0.906982,0.0,0.102494,0.131937,0.131679,-0.0,0.042192,0.030657,True,True,False,0.0,False,False,37.684
1043,52.15,0,alert,alert,0.874518,0.874518,0.000461,0.0,0.046016,0.079005,0.271449,0.926519,0.0,0.103652,0.131233,0.131812,-0.0,0.041072,0.030627,True,True,False,0.0,False,False,37.498
1044,52.2,0,alert,alert,0.913743,0.913743,0.000356,0.0,0.026588,0.059313,0.14763,0.939041,0.0,0.104199,0.130419,0.131827,-0.0,0.040036,0.030598,True,True,False,0.0,False,False,37.942
1045,52.25,0,alert,alert,0.927976,0.927976,0.000299,0.0,0.017552,0.054173,0.085185,0.947374,0.0,0.104437,0.12965,0.131782,-0.0,0.039144,0.030568,True,True,False,0.0,False,False,46.672
1046,52.3,0,alert,alert,0.930806,0.930806,0.00028,0.0,0.01587,0.053044,0.079358,0.9488,0.0,0.104595,0.129565,0.131731,-0.0,0.039078,0.030538,True,True,False,0.0,False,False,37.699
1047,52.35,0,alert,alert,0.936315,0.936315,0.000253,0.0,0.011193,0.052238,0.196733,0.92827,0.0,0.105346,0.128649,0.131792,-0.0,0.037701,0.030509,True,True,False,0.0,False,False,37.858
1048,52.4,0,alert,alert,0.939373,0.939373,0.000245,0.0,0.009498,0.050884,0.186317,0.933949,0.0,0.10605,0.128391,0.131844,-0.0,0.037135,0.03048,True,True,False,0.0,False,False,38.418
1049,52.45,0,alert,alert,0.947444,0.947444,0.000222,0.0,0.006191,0.046143,0.194213,0.935862,0.0,0.106796,0.128383,0.131904,-0.0,0.037135,0.030451,True,True,False,0.0,False,False,37.97
1050,52.5,0,alert,alert,0.952036,0.952036,0.000208,0.0,0.00366,0.044096,0.15971,0.94157,0.0,0.107394,0.128522,0.131931,-0.0,0.037136,0.030422,True,True,False,0.0,False,False,46.625
1051,52.55,0,alert,alert,0.956325,0.956325,0.000196,0.0,0.002726,0.040754,0.128202,0.944629,0.0,0.107842,0.128521,0.131927,-0.0,0.037073,0.030393,True,True,False,0.0,False,False,37.807
1052,52.6,0,alert,alert,0.95709,0.95709,0.0002,0.0,0.002321,0.040389,0.090264,0.9499,0.0,0.1081,0.128754,0.131887,-0.0,0.037137,0.030363,True,True,False,0.0,False,False,37.571
1053,52.65,0,alert,alert,0.949055,0.949055,0.000223,0.0,0.002057,0.048664,0.078626,0.950277,0.0,0.10828,0.128826,0.131835,-0.0,0.037137,0.030334,True,True,False,0.0,False,False,37.593
1054,52.7,0,alert,alert,0.949542,0.949542,0.00023,0.0,0.00187,0.048357,0.12918,0.940479,0.0,0.108732,0.12898,0.131833,-0.0,0.037138,0.030305,True,True,False,0.0,False,False,37.979
1055,52.75,0,alert,alert,0.94977,0.94977,0.000233,0.0,0.001952,0.048046,0.40105,0.902637,0.0,0.110487,0.129571,0.13208,-0.0,0.037141,0.030277,True,True,False,0.0,False,False,46.142
1056,52.8,0,alert,alert,0.952239,0.952239,0.000235,0.0,0.002154,0.045372,0.466144,0.88474,0.0,0.112524,0.130102,0.13238,-0.0,0.037082,0.03025,True,True,False,0.0,False,False,37.953
1057,52.85,0,alert,alert,0.954389,0.954389,0.000236,0.0,0.00271,0.042666,0.415424,0.908562,0.0,0.114363,0.130871,0.13264,-0.0,0.037148,0.030222,True,True,False,0.0,False,False,37.969
1058,52.9,0,alert,alert,0.95759,0.95759,0.000232,0.0,0.003721,0.038457,0.353861,0.916743,0.0,0.115911,0.131384,0.132846,-0.0,0.03715,0.030194,True,True,False,0.0,False,False,38.059
1059,52.95,0,alert,alert,0.955682,0.955682,0.000241,0.0,0.005501,0.038576,0.260637,0.929976,0.0,0.117005,0.13175,0.132966,-0.0,0.037152,0.030165,True,True,False,0.0,False,False,37.701
1060,53.0,0,alert,alert,0.953245,0.953245,0.000244,0.0,0.00762,0.038891,0.161352,0.941381,0.0,0.117601,0.131956,0.132993,-0.0,0.037153,0.030137,True,True,False,0.0,False,False,46.721
1061,53.05,0,alert,alert,0.956008,0.956008,0.000229,0.0,0.007178,0.036584,0.095777,0.949233,0.0,0.117867,0.131894,0.132957,-0.0,0.03709,0.030108,True,True,False,0.0,False,False,37.687
1062,53.1,0,alert,alert,0.961439,0.961439,0.000211,0.0,0.005729,0.032621,0.080807,0.950488,0.0,0.118061,0.132113,0.132907,-0.0,0.037153,0.030079,True,True,False,0.0,False,False,37.444
1063,53.15,0,alert,alert,0.934303,0.934303,0.000296,0.0,0.005604,0.059797,0.446331,0.865719,0.0,0.119931,0.132751,0.133181,-0.0,0.037158,0.030053,True,True,False,0.0,False,False,37.549
1064,53.2,0,alert,alert,0.894279,0.894279,0.000442,0.0,0.005596,0.099684,0.522289,0.83053,0.0,0.122104,0.133481,0.133506,-0.0,0.037166,0.030028,True,True,False,0.0,False,False,38.011
1065,53.25,0,alert,alert,0.884955,0.884955,0.000494,0.0,0.008562,0.105989,0.51609,0.854281,0.0,0.124312,0.134222,0.133835,-0.0,0.037173,0.030002,True,True,False,0.17337,False,False,47.092
1066,53.3,0,alert,alert,0.873787,0.873787,0.000513,0.0,0.014421,0.111279,0.485327,0.890508,0.0,0.126458,0.13478,0.13415,-0.0,0.037114,0.029975,True,True,False,0.0,False,False,37.621
1067,53.35,0,alert,alert,0.839902,0.839902,0.000507,0.0,0.014292,0.145299,0.449438,0.903958,0.0,0.128467,0.135605,0.134437,-0.0,0.03718,0.029948,True,True,False,0.149109,False,False,38.23
1068,53.4,0,alert,alert,0.819737,0.819737,0.000481,0.0,0.011686,0.168097,0.409872,0.910679,0.0,0.129214,0.136204,0.134688,-0.0,0.037182,0.02992,True,True,False,0.0,False,False,38.132
1069,53.45,0,alert,alert,0.833972,0.833972,0.000446,0.0,0.011994,0.153587,0.313316,0.92481,0.0,0.128493,0.136654,0.134854,-0.0,0.037184,0.029893,True,True,False,0.0,False,False,37.805
1070,53.5,0,alert,alert,0.853374,0.853374,0.000428,0.0,0.017484,0.128714,0.242369,0.931989,0.0,0.127533,0.136993,0.134954,-0.0,0.037185,0.029865,True,True,False,0.0,False,False,46.285
1071,53.55,0,alert,alert,0.866789,0.866789,0.000398,0.0,0.023515,0.109298,0.18541,0.939203,0.0,0.12685,0.137074,0.135002,-0.0,0.037123,0.029837,True,True,False,0.0,False,False,37.835
1072,53.6,0,alert,alert,0.888122,0.888122,0.000334,0.0,0.024115,0.087429,0.168215,0.940537,0.0,0.12691,0.137451,0.135033,-0.0,0.037187,0.029808,True,True,False,0.0,False,False,37.639
1073,53.65,0,alert,alert,0.907941,0.907941,0.000296,0.0,0.021727,0.070036,0.112686,0.947956,0.0,0.127178,0.137576,0.135012,-0.0,0.037187,0.02978,True,True,False,0.0,False,False,37.364
1074,53.7,0,alert,alert,0.928711,0.928711,0.000253,0.0,0.014591,0.056445,0.089803,0.948853,0.0,0.127428,0.137664,0.134969,-0.0,0.037187,0.029752,True,True,False,0.0,False,False,37.864
1075,53.75,0,alert,alert,0.935674,0.935674,0.000247,0.0,0.014346,0.049734,0.089314,0.947539,0.0,0.127691,0.137749,0.134926,-0.0,0.037188,0.029724,True,True,False,0.0,False,False,46.83
1076,53.8,0,alert,alert,0.929669,0.929669,0.000264,0.0,0.018059,0.052008,0.068435,0.951019,0.0,0.127855,0.137631,0.134863,-0.0,0.037125,0.029696,True,True,False,0.0,False,False,38.069
1077,53.85,0,alert,alert,0.929055,0.929055,0.000255,0.0,0.015027,0.055663,0.054599,0.952392,0.0,0.127944,0.137827,0.134787,-0.0,0.037188,0.029668,True,True,False,0.0,False,False,38.492
1078,53.9,0,alert,alert,0.92915,0.92915,0.000236,0.0,0.01068,0.059934,0.060218,0.951055,0.0,0.128061,0.137864,0.134716,-0.0,0.037188,0.02964,True,True,False,0.0,False,False,38.041
1079,53.95,0,alert,alert,0.936981,0.936981,0.000213,0.0,0.005889,0.056917,0.06546,0.949993,0.0,0.128206,0.137911,0.134651,-0.0,0.037188,0.029612,True,True,False,0.0,False,False,38.354
1080,54.0,0,alert,alert,0.947197,0.947197,0.000202,0.0,0.003703,0.048897,0.068447,0.949578,0.0,0.128363,0.137962,0.134589,-0.0,0.037188,0.029584,True,True,False,0.0,False,False,47.13
1081,54.05,0,alert,alert,0.954569,0.954569,0.000206,0.0,0.002696,0.04253,0.06135,0.950751,0.0,0.128487,0.137832,0.13452,-0.0,0.037125,0.029556,True,True,False,0.0,False,False,38.843
1082,54.1,0,alert,alert,0.955282,0.955282,0.000219,0.0,0.002431,0.042067,0.080977,0.94741,0.0,0.128708,0.138074,0.134469,-0.0,0.037189,0.029528,True,True,False,0.0,False,False,38.199
1083,54.15,0,alert,alert,0.959977,0.959977,0.00021,0.0,0.002728,0.037085,0.078536,0.947623,0.0,0.128913,0.138139,0.134417,-0.0,0.037189,0.0295,True,True,False,0.0,False,False,37.89
1084,54.2,0,alert,alert,0.957867,0.957867,0.000212,0.0,0.003893,0.038028,0.061487,0.950701,0.0,0.129035,0.138169,0.134348,-0.0,0.037189,0.029473,True,True,False,0.0,False,False,37.492
1085,54.25,0,alert,alert,0.951025,0.951025,0.000236,0.0,0.007909,0.04083,0.063822,0.949556,0.0,0.129169,0.138207,0.134282,-0.0,0.037189,0.029445,True,True,False,0.0,False,False,46.418
1086,54.3,0,alert,alert,0.937882,0.937882,0.000254,0.0,0.013378,0.048486,0.072434,0.947709,0.0,0.129345,0.138096,0.134224,-0.0,0.037126,0.029417,True,True,False,0.0,False,False,37.74
1087,54.35,0,alert,alert,0.937273,0.937273,0.000241,0.0,0.015677,0.046809,0.080089,0.945117,0.0,0.129559,0.138329,0.134174,-0.0,0.03719,0.02939,True,True,False,0.0,False,False,37.466
1088,54.4,0,alert,alert,0.947689,0.947689,0.000213,0.0,0.012741,0.039357,0.075779,0.945624,0.0,0.129752,0.13839,0.134119,-0.0,0.03719,0.029363,True,True,False,0.0,False,False,37.872
1089,54.45,0,alert,alert,0.95947,0.95947,0.000187,0.0,0.007771,0.032572,0.067724,0.947665,0.0,0.129906,0.138436,0.134058,-0.0,0.03719,0.029335,True,True,False,0.0,False,False,37.742
1090,54.5,0,alert,alert,0.966425,0.966425,0.000171,0.0,0.005172,0.028232,0.059386,0.947745,0.0,0.130015,0.138467,0.133988,-0.0,0.037191,0.029308,True,True,False,0.0,False,False,46.496
1091,54.55,0,alert,alert,0.970272,0.970272,0.000166,0.0,0.003609,0.025953,0.075654,0.944088,0.0,0.130204,0.138361,0.133934,-0.0,0.037128,0.029281,True,True,False,0.0,False,False,37.481
1092,54.6,0,alert,alert,0.970887,0.970887,0.000169,0.0,0.003535,0.025408,0.067471,0.946877,0.0,0.13035,0.138575,0.133872,-0.0,0.037191,0.029254,True,True,False,0.0,False,False,37.736
1093,54.65,0,alert,alert,0.971057,0.971057,0.000172,0.0,0.003948,0.024824,0.059025,0.948715,0.0,0.130249,0.138606,0.133802,-0.0,0.037192,0.029226,True,True,False,0.0,False,False,37.555
1094,54.7,0,alert,alert,0.967237,0.967237,0.000185,0.0,0.00611,0.026467,0.058085,0.94875,0.0,0.12992,0.138638,0.133732,-0.0,0.037192,0.029199,True,True,False,0.0,False,False,37.534
1095,54.75,0,alert,alert,0.960158,0.960158,0.000204,0.0,0.009796,0.029842,0.06068,0.947287,0.0,0.129817,0.138675,0.133664,-0.0,0.037192,0.029172,True,True,False,0.0,False,False,46.938
1096,54.8,0,alert,alert,0.953932,0.953932,0.000215,0.0,0.013867,0.031986,0.056797,0.948386,0.0,0.129769,0.138537,0.133593,-0.0,0.037129,0.029145,True,True,False,0.0,False,False,37.818
1097,54.85,0,alert,alert,0.942989,0.942989,0.000239,0.0,0.021614,0.035159,0.065511,0.946713,0.0,0.129864,0.138751,0.13353,-0.0,0.037193,0.029118,True,True,False,0.0,False,False,37.852
1098,54.9,0,alert,alert,0.946745,0.946745,0.000224,0.0,0.018976,0.034055,0.067141,0.946737,0.0,0.12998,0.1388,0.133469,-0.0,0.037193,0.029091,True,True,False,0.0,False,False,37.728
1099,54.95,0,alert,alert,0.955267,0.955267,0.000202,0.0,0.014011,0.030519,0.053857,0.949841,0.0,0.130051,0.138822,0.133395,-0.0,0.037193,0.029064,True,True,False,0.0,False,False,37.588
1100,55.0,0,alert,alert,0.96621,0.96621,0.000178,0.0,0.008105,0.025508,0.047383,0.951014,0.0,0.130091,0.138832,0.133315,-0.0,0.037193,0.029037,True,True,False,0.0,False,False,46.548
1101,55.05,0,alert,alert,0.97309,0.97309,0.000158,0.0,0.004438,0.022314,0.043389,0.951708,0.0,0.13012,0.13867,0.133232,-0.0,0.03713,0.02901,True,True,False,0.0,False,False,38.375
1102,55.1,0,alert,alert,0.97567,0.97567,0.000151,0.0,0.003243,0.020935,0.045788,0.951161,0.0,0.130151,0.1382,0.133151,-0.0,0.037188,0.028984,True,True,False,0.0,False,False,38.043
1103,55.15,0,alert,alert,0.976231,0.976231,0.000152,0.0,0.002882,0.020735,0.046344,0.951376,0.0,0.130197,0.137482,0.133071,-0.0,0.03718,0.028957,True,True,False,0.0,False,False,37.95
1104,55.2,0,alert,alert,0.97354,0.97354,0.000156,0.0,0.002824,0.02348,0.042462,0.952183,0.0,0.130225,0.136676,0.132987,-0.0,0.037171,0.02893,True,True,False,0.0,False,False,37.934
1105,55.25,0,alert,alert,0.974867,0.974867,0.000153,0.0,0.002937,0.022043,0.043666,0.951778,0.0,0.130261,0.135741,0.132905,-0.0,0.036182,0.028903,True,True,False,0.0,False,False,47.97
1106,55.3,0,alert,alert,0.973216,0.973216,0.000157,0.0,0.003956,0.022672,0.043316,0.951526,0.0,0.130294,0.135584,0.132822,-0.0,0.036121,0.028877,True,True,False,0.0,False,False,37.823
1107,55.35,0,alert,alert,0.965466,0.965466,0.000174,0.0,0.006896,0.027464,0.044242,0.950713,0.0,0.130328,0.13362,0.132741,-0.0,0.033961,0.02885,True,True,False,0.0,False,False,38.036
1108,55.4,0,alert,alert,0.956352,0.956352,0.000188,0.0,0.010679,0.032781,0.04477,0.950866,0.0,0.130362,0.132522,0.13266,-0.0,0.032816,0.028824,True,True,False,0.0,False,False,37.747
1109,55.45,0,alert,alert,0.940392,0.940392,0.000219,0.0,0.018626,0.040763,0.044337,0.949634,0.0,0.130393,0.131425,0.132579,-0.0,0.031676,0.028797,True,True,False,0.0,False,False,39.098
1110,55.5,0,alert,alert,0.919423,0.919423,0.000269,0.0,0.029868,0.05044,0.044468,0.949822,0.0,0.130419,0.130334,0.132498,-0.0,0.030544,0.028771,True,True,False,0.0,False,False,46.345
1111,55.55,0,alert,alert,0.889331,0.889331,0.000322,0.0,0.049295,0.061052,0.044997,0.948739,0.0,0.130449,0.13019,0.132418,-0.0,0.030493,0.028744,True,True,False,0.0,False,False,37.7
1112,55.6,0,alert,alert,0.845439,0.845439,0.000385,0.0,0.07325,0.080926,0.043478,0.949613,0.0,0.130473,0.128158,0.132337,-0.0,0.028291,0.028718,True,True,False,0.0,False,False,37.523
1113,55.65,0,alert,alert,0.816749,0.816749,0.000424,0.0,0.096337,0.08649,0.044281,0.948995,0.0,0.1305,0.127071,0.132256,-0.0,0.027166,0.028692,True,True,False,0.0,False,False,37.568
1114,55.7,0,alert,alert,0.805899,0.805899,0.000445,0.0,0.107335,0.086321,0.041283,0.950245,0.0,0.130511,0.125986,0.132173,-0.0,0.026051,0.028666,True,True,False,0.0,False,False,37.676
1115,55.75,0,alert,alert,0.777226,0.777226,0.000491,0.0,0.117473,0.104811,0.039997,0.95072,0.0,0.130515,0.1249,0.132089,-0.0,0.024938,0.028639,True,True,False,0.0,False,False,46.436
1116,55.8,0,alert,alert,0.772423,0.772423,0.000491,0.0,0.089944,0.137141,0.039529,0.950895,0.0,0.130521,0.124756,0.132004,-0.0,0.024896,0.028613,True,True,False,0.0,False,False,37.704
1117,55.85,0,alert,alert,0.789489,0.789489,0.000455,0.0,0.062329,0.147726,0.03861,0.950965,0.0,0.13052,0.122955,0.131919,-0.0,0.022911,0.028587,True,True,False,0.0,False,False,37.732
1118,55.9,0,alert,alert,0.815383,0.815383,0.000424,0.0,0.052549,0.131644,0.037947,0.951317,0.0,0.130521,0.122329,0.131833,-0.0,0.022228,0.028561,True,True,False,0.0,False,False,37.822
1119,55.95,0,alert,alert,0.837226,0.837226,0.000411,0.0,0.054047,0.108315,0.038673,0.951046,0.0,0.130525,0.122003,0.131749,-0.0,0.022228,0.028535,True,True,False,0.0,False,False,37.832
1120,56.0,0,alert,alert,0.860188,0.860188,0.000383,0.0,0.03509,0.104339,0.038954,0.950873,0.0,0.130525,0.121918,0.131664,-0.0,0.022228,0.028509,True,True,False,0.0,False,False,46.495
1121,56.05,0,alert,alert,0.879376,0.879376,0.000364,0.0,0.032347,0.087914,0.039244,0.951171,0.0,0.130525,0.121779,0.13158,-0.0,0.02219,0.028483,True,True,False,0.0,False,False,37.639
1122,56.1,0,alert,alert,0.873578,0.873578,0.000386,0.0,0.0424,0.083636,0.040842,0.950514,0.0,0.130539,0.121904,0.131498,-0.0,0.022228,0.028457,True,True,False,0.0,False,False,39.022
1123,56.15,0,alert,alert,0.856821,0.856821,0.00042,0.0,0.063606,0.079153,0.040366,0.950669,0.0,0.130549,0.121906,0.131415,-0.0,0.022228,0.028432,True,True,False,0.0,False,False,38.783
1124,56.2,0,alert,alert,0.827658,0.827658,0.000474,0.0,0.091663,0.080205,0.039428,0.95153,0.0,0.130562,0.121908,0.131332,-0.0,0.022228,0.028406,True,True,False,0.0,False,False,38.889
1125,56.25,0,alert,alert,0.815853,0.815853,0.000474,0.0,0.110806,0.072866,0.039271,0.951655,0.0,0.129133,0.121912,0.131248,-0.0,0.022229,0.02838,True,True,False,0.0,False,False,47.36
1126,56.3,0,alert,alert,0.804552,0.804552,0.000486,0.0,0.125516,0.069445,0.039688,0.95231,0.0,0.12702,0.121772,0.131166,-0.0,0.022191,0.028354,True,True,False,0.0,False,False,39.045
1127,56.35,0,alert,alert,0.845037,0.845037,0.000418,0.0,0.08412,0.070425,0.041775,0.951431,0.0,0.124749,0.121918,0.131085,-0.0,0.022229,0.028329,True,True,False,0.0,False,False,38.043
1128,56.4,0,alert,alert,0.890639,0.890639,0.000336,0.0,0.045343,0.063683,0.040982,0.952147,0.0,0.122589,0.121921,0.131003,-0.0,0.022229,0.028303,True,True,False,0.0,False,False,39.461
1129,56.45,0,alert,alert,0.918507,0.918507,0.00028,0.0,0.028505,0.052708,0.059348,0.948655,0.0,0.120854,0.121957,0.130939,-0.0,0.022229,0.028278,True,True,False,0.0,False,False,37.807
1130,56.5,0,alert,alert,0.929435,0.929435,0.000264,0.0,0.023229,0.047072,0.054517,0.950043,0.0,0.119811,0.121985,0.13087,-0.0,0.022229,0.028252,True,True,False,0.0,False,False,46.7
1131,56.55,0,alert,alert,0.943282,0.943282,0.000227,0.0,0.013383,0.043108,0.046494,0.951123,0.0,0.119514,0.121858,0.130794,-0.0,0.022191,0.028227,True,True,False,1.0,False,False,37.643
1132,56.6,0,alert,alert,0.949589,0.949589,0.000203,0.0,0.008348,0.04186,0.087431,0.942881,0.0,0.119706,0.122086,0.130755,-0.0,0.022229,0.028202,True,True,False,1.0,False,False,37.539
1133,56.65,0,alert,alert,0.927126,0.927126,0.000246,0.0,0.007249,0.06538,0.454247,0.864567,0.0,0.12165,0.122741,0.13102,-0.0,0.022233,0.028179,True,True,False,1.0,False,False,37.44
1134,56.7,0,alert,alert,0.903514,0.903514,0.000337,0.0,0.007576,0.088573,0.526951,0.825492,0.0,0.123862,0.12348,0.131328,-0.0,0.022238,0.028157,True,True,False,0.938637,False,False,38.75
1135,56.75,0,alert,alert,0.914707,0.914707,0.000381,0.0,0.008249,0.076664,0.542008,0.815297,0.0,0.126126,0.124233,0.131644,-0.0,0.022243,0.028135,True,True,False,0.908539,False,False,46.912
1136,56.8,0,alert,alert,0.929406,0.929406,0.00036,0.0,0.010333,0.059902,0.521956,0.847709,0.0,0.128366,0.124832,0.131956,-0.0,0.02221,0.028112,True,True,False,0.818045,False,False,37.858
1137,56.85,0,alert,alert,0.945469,0.945469,0.00028,0.0,0.006019,0.048232,0.477684,0.890321,0.0,0.130474,0.125692,0.132247,-0.0,0.02225,0.028089,True,True,False,0.691273,False,False,38.521
1138,56.9,0,alert,alert,0.961568,0.961568,0.000221,0.0,0.003671,0.034539,0.387398,0.915236,0.0,0.132191,0.12627,0.132466,-0.0,0.022252,0.028065,True,True,False,0.390579,False,False,39.416
1139,56.95,0,alert,alert,0.969503,0.969503,0.0002,0.0,0.0024,0.027897,0.223707,0.935227,0.0,0.133121,0.126582,0.132547,-0.0,0.022252,0.02804,True,True,False,0.0,False,False,39.785
1140,57.0,0,alert,alert,0.974716,0.974716,0.000188,0.0,0.001838,0.023258,0.092825,0.9516,0.0,0.133386,0.126675,0.132511,-0.0,0.022252,0.028015,True,True,False,0.0,False,False,46.918
1141,57.05,0,alert,alert,0.976919,0.976919,0.000188,0.0,0.001658,0.021235,0.057543,0.955556,0.0,0.13347,0.126557,0.132444,-0.0,0.022214,0.02799,True,True,False,0.0,False,False,38.451
1142,57.1,0,alert,alert,0.979704,0.979704,0.000187,0.0,0.001468,0.018642,0.0486,0.955009,0.0,0.133504,0.126723,0.132369,-0.0,0.022252,0.027965,True,True,False,0.0,False,False,37.94
1143,57.15,0,alert,alert,0.982318,0.982318,0.000177,0.0,0.001419,0.016086,0.041182,0.954389,0.0,0.133503,0.126725,0.132287,-0.0,0.022252,0.02794,True,True,False,0.0,False,False,39.357
1144,57.2,0,alert,alert,0.983291,0.983291,0.000174,0.0,0.00149,0.015045,0.039367,0.953518,0.0,0.133496,0.126724,0.132204,-0.0,0.022252,0.027915,True,True,False,0.0,False,False,39.363
1145,57.25,0,alert,alert,0.983378,0.983378,0.000173,0.0,0.001523,0.014927,0.039995,0.952522,0.0,0.133491,0.12672,0.132122,-0.0,0.022252,0.02789,True,True,False,0.0,False,False,46.314
1146,57.3,0,alert,alert,0.98297,0.98297,0.000173,0.0,0.001515,0.015341,0.039141,0.952375,0.0,0.133495,0.126571,0.132039,-0.0,0.022214,0.027865,True,True,False,0.0,False,False,37.966
1147,57.35,0,alert,alert,0.982465,0.982465,0.000174,0.0,0.001718,0.015643,0.038905,0.952734,0.0,0.133498,0.126712,0.131956,-0.0,0.022252,0.02784,True,True,False,0.0,False,False,37.925
1148,57.4,0,alert,alert,0.982204,0.982204,0.00017,0.0,0.001582,0.016045,0.038402,0.952547,0.0,0.133501,0.126705,0.131873,-0.0,0.022252,0.027815,True,True,False,0.0,False,False,38.042
1149,57.45,0,alert,alert,0.98194,0.98194,0.000165,0.0,0.001536,0.01636,0.041135,0.951341,0.0,0.133522,0.126705,0.131793,-0.0,0.022252,0.027791,True,True,False,0.0,False,False,37.539
1150,57.5,0,alert,alert,0.981131,0.981131,0.000166,0.0,0.001414,0.01729,0.039873,0.951627,0.0,0.133533,0.126705,0.131711,-0.0,0.022252,0.027766,True,True,False,0.0,False,False,46.608
1151,57.55,0,alert,alert,0.98061,0.98061,0.000169,0.0,0.001331,0.017889,0.039145,0.952052,0.0,0.133544,0.126556,0.131629,-0.0,0.022214,0.027742,True,True,False,0.0,False,False,37.744
1152,57.6,0,alert,alert,0.980641,0.980641,0.000171,0.0,0.00127,0.017919,0.040072,0.951964,0.0,0.133562,0.126703,0.131548,-0.0,0.022252,0.027717,True,True,False,0.0,False,False,37.691
1153,57.65,0,alert,alert,0.980548,0.980548,0.000175,0.0,0.001273,0.018003,0.042056,0.951912,0.0,0.133588,0.126702,0.131469,-0.0,0.022252,0.027692,True,True,False,0.0,False,False,37.725
1154,57.7,0,alert,alert,0.981193,0.981193,0.000177,0.0,0.001238,0.017392,0.040235,0.952693,0.0,0.133606,0.126698,0.131388,-0.0,0.022252,0.027668,True,True,False,0.0,False,False,37.734
1155,57.75,0,alert,alert,0.977349,0.977349,0.000213,0.0,0.00149,0.020948,0.339408,0.902556,0.0,0.135094,0.127183,0.131562,-0.0,0.022254,0.027645,True,True,False,0.0,False,False,47.914
1156,57.8,0,alert,alert,0.97103,0.97103,0.000327,0.0,0.001854,0.026789,0.500939,0.840702,0.0,0.137241,0.127742,0.13185,-0.0,0.02222,0.027623,True,True,False,0.0,False,False,37.639
1157,57.85,0,alert,alert,0.961672,0.961672,0.000601,0.0,0.002379,0.035349,0.529733,0.818371,0.0,0.139472,0.128609,0.132152,-0.0,0.022263,0.027602,True,True,False,0.0,False,False,37.541
1158,57.9,0,alert,alert,0.95543,0.95543,0.001037,0.0,0.003644,0.03989,0.524006,0.818712,0.0,0.141683,0.129317,0.132449,-0.0,0.022269,0.027581,True,True,False,0.0,False,False,37.686
1159,57.95,0,alert,alert,0.968245,0.968245,0.000752,0.0,0.00457,0.026433,0.467873,0.885623,0.0,0.14377,0.129973,0.132723,-0.0,0.022271,0.027559,True,True,False,0.0,False,False,38.153
1160,58.0,0,alert,alert,0.974737,0.974737,0.000546,0.0,0.005081,0.019636,0.34801,0.915525,0.0,0.145317,0.130094,0.132905,-0.0,0.022271,0.027536,True,True,False,0.0,False,False,46.662
1161,58.05,0,alert,alert,0.967395,0.967395,0.000491,0.0,0.009251,0.022863,0.157414,0.938597,0.0,0.145921,0.13014,0.132927,-0.0,0.022234,0.027512,True,True,False,0.0,False,False,38.83
1162,58.1,0,alert,alert,0.957482,0.957482,0.000429,0.0,0.013329,0.028761,0.059622,0.951748,0.0,0.146015,0.128864,0.132862,-0.0,0.022261,0.027488,True,True,False,0.0,False,False,39.017
1163,58.15,0,alert,alert,0.961474,0.961474,0.000334,0.0,0.011267,0.026925,0.04189,0.95573,0.0,0.146017,0.128037,0.132782,-0.0,0.022257,0.027463,True,True,False,0.0,False,False,37.709
1164,58.2,0,alert,alert,0.966713,0.966713,0.000269,0.0,0.008517,0.024502,0.038097,0.955917,0.0,0.146007,0.127179,0.132699,-0.0,0.022252,0.027439,True,True,False,0.0,False,False,37.654
1165,58.25,0,alert,alert,0.969351,0.969351,0.000232,0.0,0.00582,0.024597,0.036558,0.955162,0.0,0.145988,0.126401,0.132614,-0.0,0.02225,0.027415,True,True,False,0.0,False,False,46.503
1166,58.3,0,alert,alert,0.971736,0.971736,0.000209,0.0,0.004309,0.023747,0.035917,0.954713,0.0,0.145971,0.126248,0.13253,-0.0,0.022212,0.027391,True,True,False,0.0,False,False,37.974
1167,58.35,0,alert,alert,0.97447,0.97447,0.000193,0.0,0.003019,0.022318,0.036831,0.953562,0.0,0.145959,0.12498,0.132446,-0.0,0.022245,0.027367,True,True,False,0.0,False,False,37.748
1168,58.4,0,alert,alert,0.975767,0.975767,0.000185,0.0,0.002604,0.021444,0.03723,0.953448,0.0,0.145953,0.124381,0.132362,-0.0,0.022244,0.027343,True,True,False,0.0,False,False,37.718
1169,58.45,0,alert,alert,0.976898,0.976898,0.000174,0.0,0.002143,0.020785,0.037177,0.953646,0.0,0.14595,0.123931,0.132279,-0.0,0.022243,0.027319,True,True,False,0.0,False,False,37.635
1170,58.5,0,alert,alert,0.979077,0.979077,0.000167,0.0,0.001852,0.018904,0.038777,0.953084,0.0,0.145951,0.123654,0.132198,-0.0,0.022243,0.027295,True,True,False,0.0,False,False,46.482
1171,58.55,0,alert,alert,0.980763,0.980763,0.000165,0.0,0.001605,0.017467,0.04079,0.952568,0.0,0.145957,0.123514,0.132118,-0.0,0.022205,0.027272,True,True,False,0.0,False,False,37.734
1172,58.6,0,alert,alert,0.981341,0.981341,0.000167,0.0,0.001511,0.016981,0.044508,0.951207,0.0,0.145984,0.12352,0.132042,-0.0,0.022242,0.027248,True,True,False,0.0,False,False,37.685
1173,58.65,0,alert,alert,0.981855,0.981855,0.000171,0.0,0.001459,0.016515,0.045251,0.951082,0.0,0.146017,0.123465,0.131966,-0.0,0.022242,0.027224,True,True,False,0.0,False,False,37.792
1174,58.7,0,alert,alert,0.982456,0.982456,0.000175,0.0,0.001451,0.015917,0.043421,0.950948,0.0,0.146041,0.123397,0.13189,-0.0,0.022242,0.027201,True,True,False,0.0,False,False,37.917
1175,58.75,0,alert,alert,0.982953,0.982953,0.000179,0.0,0.001421,0.015447,0.04311,0.951098,0.0,0.146065,0.123244,0.131813,-0.0,0.022242,0.027177,True,True,False,0.0,False,False,47.587
1176,58.8,0,alert,alert,0.982828,0.982828,0.000191,0.0,0.001403,0.015579,0.0411,0.951383,0.0,0.146077,0.123105,0.131734,-0.0,0.022204,0.027153,True,True,False,0.0,False,False,38.055
1177,58.85,0,alert,alert,0.983606,0.983606,0.000193,0.0,0.001377,0.014824,0.039911,0.951988,0.0,0.146075,0.122968,0.131654,-0.0,0.022241,0.02713,True,True,False,0.0,False,False,38.088
1178,58.9,0,alert,alert,0.983954,0.983954,0.000192,0.0,0.001403,0.014451,0.040238,0.951798,0.0,0.146073,0.122871,0.131575,-0.0,0.02224,0.027106,True,True,False,0.0,False,False,38.129
1179,58.95,0,alert,alert,0.984571,0.984571,0.000187,0.0,0.00143,0.013812,0.040586,0.951999,0.0,0.146075,0.122661,0.131497,-0.0,0.022239,0.027083,True,True,False,0.0,False,False,37.743
1180,59.0,0,alert,alert,0.984539,0.984539,0.000188,0.0,0.001726,0.013548,0.042367,0.951372,0.0,0.146064,0.122479,0.13142,-0.0,0.022239,0.02706,True,True,False,0.0,False,False,46.564
1181,59.05,0,alert,alert,0.983837,0.983837,0.00019,0.0,0.00219,0.013783,0.042174,0.950971,0.0,0.144161,0.122343,0.131343,-0.0,0.022201,0.027036,True,True,False,0.0,False,False,37.891
1182,59.1,0,alert,alert,0.98396,0.98396,0.00019,0.0,0.00235,0.0135,0.043744,0.950686,0.0,0.142133,0.122373,0.131267,-0.0,0.022238,0.027013,True,True,False,0.0,False,False,37.982
1183,59.15,0,alert,alert,0.983555,0.983555,0.000201,0.0,0.002438,0.013806,0.03944,0.951737,0.0,0.140539,0.122349,0.131188,-0.0,0.022238,0.02699,True,True,False,0.0,False,False,37.818
1184,59.2,0,alert,alert,0.982567,0.982567,0.000212,0.0,0.002764,0.014457,0.039379,0.952268,0.0,0.139653,0.122333,0.131109,-0.0,0.022238,0.026966,True,True,False,0.0,False,False,38.006
1185,59.25,0,alert,alert,0.979848,0.979848,0.000233,0.0,0.003816,0.016102,0.040529,0.951777,0.0,0.139342,0.122322,0.131031,-0.0,0.022238,0.026943,True,True,False,0.0,False,False,46.798
1186,59.3,0,alert,alert,0.978187,0.978187,0.000237,0.0,0.004731,0.016845,0.03975,0.951711,0.0,0.139275,0.122183,0.130953,-0.0,0.0222,0.02692,True,True,False,0.0,False,False,38.033
1187,59.35,0,alert,alert,0.974559,0.974559,0.000242,0.0,0.006016,0.019183,0.039038,0.951658,0.0,0.139268,0.12228,0.130874,-0.0,0.022237,0.026897,True,True,False,0.0,False,False,38.106
1188,59.4,0,alert,alert,0.968904,0.968904,0.000248,0.0,0.008495,0.022353,0.038042,0.952271,0.0,0.139258,0.122221,0.130794,-0.0,0.022237,0.026874,True,True,False,0.0,False,False,37.917
1189,59.45,0,alert,alert,0.964908,0.964908,0.000243,0.0,0.010283,0.024565,0.037237,0.952628,0.0,0.139253,0.122144,0.130714,-0.0,0.022237,0.026851,True,True,False,0.0,False,False,38.094
1190,59.5,0,alert,alert,0.965306,0.965306,0.000225,0.0,0.009741,0.024728,0.03737,0.952455,0.0,0.13925,0.122086,0.130634,-0.0,0.022236,0.026828,True,True,False,0.0,False,False,46.801
1191,59.55,0,alert,alert,0.960321,0.960321,0.000224,0.0,0.009255,0.030201,0.421123,0.881044,0.0,0.141099,0.122554,0.130864,-0.0,0.022201,0.026807,True,True,False,0.0,False,False,37.812
1192,59.6,0,alert,alert,0.953769,0.953769,0.000278,0.0,0.00648,0.039473,0.511143,0.829977,0.0,0.143273,0.12332,0.131147,-0.0,0.022243,0.026787,True,True,False,0.0,False,False,37.743
1193,59.65,0,alert,alert,0.955602,0.955602,0.000341,0.0,0.005012,0.039045,0.521983,0.825769,0.0,0.145487,0.124,0.131437,-0.0,0.022248,0.026767,True,True,False,0.0,False,False,37.913
1194,59.7,0,alert,alert,0.965824,0.965824,0.000319,0.0,0.004474,0.029383,0.469308,0.886096,0.0,0.147577,0.124631,0.131706,-0.0,0.02225,0.026745,True,True,False,0.0,False,False,37.863
1195,59.75,0,alert,alert,0.970035,0.970035,0.0003,0.0,0.005248,0.024418,0.347505,0.918171,0.0,0.149121,0.125106,0.131884,-0.0,0.022251,0.026723,True,True,False,0.0,False,False,46.751
1196,59.8,0,alert,alert,0.970508,0.970508,0.000283,0.0,0.006495,0.022714,0.162465,0.94097,0.0,0.149755,0.125168,0.131909,-0.0,0.022214,0.026701,True,True,False,0.0,False,False,38.009
1197,59.85,0,alert,alert,0.971493,0.971493,0.000267,0.0,0.007046,0.021193,0.065823,0.953341,0.0,0.149895,0.124528,0.131853,-0.0,0.022248,0.026678,True,True,False,0.0,False,False,37.837
1198,59.9,0,alert,alert,0.968437,0.968437,0.000268,0.0,0.008991,0.022304,0.044078,0.956639,0.0,0.149923,0.124172,0.131778,-0.0,0.022246,0.026655,True,True,False,0.0,False,False,37.837
1199,59.95,0,alert,alert,0.970231,0.970231,0.000249,0.0,0.007794,0.021725,0.039423,0.956339,0.0,0.149925,0.123972,0.131699,-0.0,0.022245,0.026632,True,True,True,0.0,False,False,37.868
1200,60.0,0,alert,alert,0.972457,0.972457,0.000233,0.0,0.006208,0.021102,0.037409,0.955209,0.0,0.149917,0.123888,0.13149,-0.0,0.022245,0.026627,True,True,True,0.0,False,False,47.126
1201,60.05,0,alert,alert,0.973427,0.973427,0.000224,0.0,0.00587,0.020479,0.036309,0.95398,0.0,0.149902,0.123739,0.131409,-0.0,0.022207,0.026604,True,True,True,0.0,False,False,38.589
1202,60.1,0,alert,alert,0.971419,0.971419,0.000228,0.0,0.00711,0.021242,0.036667,0.953282,0.0,0.14864,0.123771,0.131279,-0.0,0.022244,0.026624,True,True,True,0.0,False,False,38.078
1203,60.15,0,alert,alert,0.965552,0.965552,0.000245,0.0,0.009894,0.024309,0.036297,0.952996,0.0,0.14651,0.123719,0.131198,-0.0,0.022244,0.026601,True,True,True,0.0,False,False,38.176
1204,60.2,0,alert,alert,0.960278,0.960278,0.000256,0.0,0.012827,0.02664,0.037072,0.952374,0.0,0.144328,0.123553,0.131251,-0.0,0.022243,0.026624,True,True,True,0.0,False,False,38.298
1205,60.25,0,alert,alert,0.94935,0.94935,0.000277,0.0,0.01927,0.031103,0.037785,0.951985,0.0,0.142127,0.123399,0.131248,-0.0,0.022242,0.026624,True,True,True,0.0,False,False,47.004
1206,60.3,0,alert,alert,0.941129,0.941129,0.000289,0.0,0.024303,0.034279,0.037515,0.952241,0.0,0.140146,0.123254,0.131168,-0.0,0.022204,0.026601,True,True,True,0.0,False,False,38.03
1207,60.35,0,alert,alert,0.94236,0.94236,0.000272,0.0,0.023264,0.034105,0.038834,0.951848,0.0,0.138743,0.123151,0.131248,-0.0,0.022241,0.026624,True,True,True,0.0,False,False,37.807
1208,60.4,0,alert,alert,0.947964,0.947964,0.000249,0.0,0.016589,0.035198,0.04058,0.951826,0.0,0.138234,0.123024,0.131171,-0.0,0.02224,0.026601,True,True,True,0.0,False,False,38.025
1209,60.45,0,alert,alert,0.944653,0.944653,0.000255,0.0,0.016615,0.038477,0.03882,0.951872,0.0,0.138114,0.122869,0.13125,-0.0,0.02224,0.026624,True,True,True,0.0,False,False,38.188
1210,60.5,0,alert,alert,0.94906,0.94906,0.000238,0.0,0.012778,0.037924,0.041921,0.951461,0.0,0.138115,0.122651,0.131254,-0.0,0.022239,0.026624,True,True,True,0.0,False,False,47.005
1211,60.55,0,alert,alert,0.965696,0.965696,0.0002,0.0,0.005678,0.028426,0.052392,0.948388,0.0,0.13819,0.122532,0.131187,-0.0,0.022202,0.026601,True,True,True,0.0,False,False,38.006
1212,60.6,0,alert,alert,0.96853,0.96853,0.000226,0.0,0.003607,0.027637,0.429643,0.881469,0.0,0.140075,0.122295,0.131582,-0.0,0.022237,0.026626,True,True,True,0.0,False,False,37.924
1213,60.65,0,alert,alert,0.967607,0.967607,0.000368,0.0,0.003335,0.02869,0.513862,0.835369,0.0,0.142269,0.122258,0.131867,-0.0,0.022237,0.026606,True,True,True,0.0,False,False,37.875
1214,60.7,0,alert,alert,0.968425,0.968425,0.00072,0.0,0.003713,0.027142,0.536449,0.823146,0.0,0.144536,0.122159,0.132326,-0.0,0.022238,0.026632,True,True,True,0.0,False,False,37.929
1215,60.75,0,alert,alert,0.974029,0.974029,0.001074,0.0,0.004153,0.020744,0.504302,0.860875,0.0,0.14673,0.121976,0.132692,-0.0,0.021283,0.026634,True,True,True,0.0,False,False,46.546
1216,60.8,0,alert,alert,0.977614,0.977614,0.00124,0.0,0.004716,0.01643,0.479148,0.882953,0.0,0.148321,0.122537,0.132965,-0.0,0.02125,0.026613,True,True,True,0.0,False,False,37.872
1217,60.85,0,alert,alert,0.980619,0.980619,0.001187,0.0,0.004968,0.013226,0.420951,0.907677,0.0,0.148172,0.121464,0.133359,-0.0,0.019346,0.026637,True,True,True,0.0,False,False,37.744
1218,60.9,0,alert,alert,0.982258,0.982258,0.001057,0.0,0.004972,0.011713,0.285598,0.929177,0.0,0.147226,0.121106,0.133485,-0.0,0.018521,0.026614,True,True,True,0.0,False,False,37.828
1219,60.95,0,alert,alert,0.983227,0.983227,0.000895,0.0,0.00527,0.010607,0.138443,0.945313,0.0,0.145544,0.120457,0.13365,-0.0,0.01765,0.026637,True,True,True,0.0,False,False,37.919
1220,61.0,0,alert,alert,0.982889,0.982889,0.000812,0.0,0.005936,0.010363,0.06153,0.954622,0.0,0.143588,0.119512,0.133669,-0.0,0.016619,0.026637,True,True,True,0.0,False,False,46.509
1221,61.05,0,alert,alert,0.983021,0.983021,0.000756,0.0,0.006217,0.010006,0.050435,0.953187,0.0,0.142058,0.119395,0.133598,-0.0,0.016591,0.026615,True,True,True,0.0,False,False,37.926
1222,61.1,0,alert,alert,0.983332,0.983332,0.000699,0.0,0.006272,0.009697,0.042236,0.954093,0.0,0.141443,0.117707,0.13368,-0.0,0.014699,0.026637,True,True,True,0.077894,False,False,38.014
1223,61.15,0,alert,alert,0.983522,0.983522,0.000664,0.0,0.006353,0.009461,0.043182,0.952624,0.0,0.141338,0.117036,0.133604,-0.0,0.013963,0.026615,True,True,True,0.077894,False,False,37.787
1224,61.2,0,alert,alert,0.98349,0.98349,0.000627,0.0,0.006841,0.009043,0.048962,0.951651,0.0,0.141369,0.116617,0.133694,-0.0,0.013465,0.026637,True,True,True,0.0,False,False,37.996
1225,61.25,0,alert,alert,0.983231,0.983231,0.000602,0.0,0.007356,0.008811,0.049749,0.950694,0.0,0.141427,0.116446,0.133705,-0.0,0.013465,0.026637,True,True,True,0.0,False,False,46.511
1226,61.3,0,alert,alert,0.982246,0.982246,0.000582,0.0,0.008486,0.008687,0.051179,0.94942,0.0,0.141502,0.116336,0.133635,-0.0,0.013442,0.026615,True,True,True,0.0,False,False,37.85
1227,61.35,0,alert,alert,0.982103,0.982103,0.000587,0.0,0.008611,0.008698,0.048909,0.950244,0.0,0.14157,0.116442,0.133725,-0.0,0.013465,0.026637,True,True,True,0.032238,False,False,37.735
1228,61.4,0,alert,alert,0.982687,0.982687,0.000577,0.0,0.008211,0.008524,0.047833,0.949863,0.0,0.141627,0.116459,0.133652,-0.0,0.013465,0.026615,True,True,True,0.032238,False,False,37.505
1229,61.45,0,alert,alert,0.983556,0.983556,0.00056,0.0,0.007592,0.008292,0.048803,0.949877,0.0,0.141688,0.116478,0.133744,-0.0,0.013465,0.026638,True,True,True,0.0,False,False,37.835
1230,61.5,0,alert,alert,0.984561,0.984561,0.000526,0.0,0.00717,0.007742,0.045765,0.950722,0.0,0.141724,0.116492,0.133751,-0.0,0.013465,0.026638,True,True,True,0.0,False,False,48.165
1231,61.55,0,alert,alert,0.984659,0.984659,0.000522,0.0,0.007374,0.007445,0.04816,0.949624,0.0,0.141771,0.116376,0.133678,-0.0,0.013443,0.026615,True,True,True,0.0,False,False,38.325
1232,61.6,0,alert,alert,0.983746,0.983746,0.000526,0.0,0.008264,0.007464,0.043408,0.950936,0.0,0.141781,0.116508,0.133451,-0.0,0.013465,0.026636,True,True,True,0.0,False,False,37.847
1233,61.65,0,alert,alert,0.982801,0.982801,0.000532,0.0,0.008982,0.007685,0.043206,0.950833,0.0,0.141791,0.116511,0.133374,-0.0,0.013465,0.026613,True,True,True,0.0,False,False,37.896
1234,61.7,0,alert,alert,0.981382,0.981382,0.000547,0.0,0.009939,0.008132,0.041353,0.951092,0.0,0.141799,0.11651,0.132731,-0.0,0.013465,0.02663,True,True,True,0.0,False,False,37.748
1235,61.75,0,alert,alert,0.981738,0.981738,0.000525,0.0,0.009277,0.00846,0.040652,0.951117,0.0,0.141804,0.116509,0.132381,-0.0,0.013465,0.026628,True,True,True,0.0,False,False,46.412
1236,61.8,0,alert,alert,0.982497,0.982497,0.00052,0.0,0.00858,0.008403,0.041466,0.951246,0.0,0.139961,0.116383,0.132304,-0.0,0.013443,0.026605,True,True,True,0.0,False,False,37.603
1237,61.85,0,alert,alert,0.981382,0.981382,0.000525,0.0,0.009302,0.008792,0.042356,0.951639,0.0,0.13779,0.116516,0.13194,-0.0,0.013465,0.026627,True,True,True,0.0,False,False,37.599
1238,61.9,0,alert,alert,0.976521,0.976521,0.000554,0.0,0.013083,0.009842,0.04124,0.951644,0.0,0.135419,0.116518,0.131863,-0.0,0.013465,0.026604,True,True,True,0.0,False,False,37.788
1239,61.95,0,alert,alert,0.958418,0.958418,0.00067,0.0,0.028759,0.012154,0.040279,0.952108,0.0,0.13276,0.11652,0.131893,-0.0,0.013465,0.026627,True,True,True,0.0,False,False,37.871
1240,62.0,0,alert,alert,0.915582,0.915582,0.00082,0.0,0.067766,0.015831,0.039099,0.952392,0.0,0.130409,0.116519,0.131892,-0.0,0.013465,0.026627,True,True,True,0.0,False,False,47.809
1241,62.05,0,alert,alert,0.789688,0.789688,0.00105,0.0,0.186847,0.022415,0.040273,0.951832,0.0,0.128328,0.116515,0.131815,-0.0,0.013465,0.026604,True,True,True,0.0,False,False,39.185
1242,62.1,0,alert,alert,0.539748,0.539748,0.001116,0.0,0.434893,0.024243,0.071801,0.945209,0.0,0.126661,0.116563,0.131925,-0.0,0.013466,0.026627,True,True,True,0.0,False,False,39.04
1243,62.15,3,yawning,yawning,0.711239,0.268307,0.000953,0.0,0.711239,0.019501,0.459581,0.866055,0.0,0.127485,0.117217,0.132179,-0.0,0.013468,0.026606,True,True,True,0.0,False,False,37.686
1244,62.2,3,yawning,yawning,0.848794,0.13708,0.000756,0.0,0.848794,0.01337,0.521833,0.810745,0.0,0.129093,0.11793,0.132619,-0.0,0.013471,0.026632,True,True,True,0.0,False,False,38.131
1245,62.25,3,yawning,yawning,0.916409,0.075549,0.000559,0.0,0.916409,0.007482,0.47893,0.879093,0.0,0.13096,0.11863,0.132969,-0.0,0.013473,0.026634,True,True,True,0.0,False,False,47.791
1246,62.3,3,yawning,yawning,0.949585,0.045546,0.000436,0.0,0.949585,0.004433,0.404334,0.910082,0.0,0.132552,0.119229,0.13319,-0.0,0.013474,0.026612,True,True,True,0.0,False,False,39.419
1247,62.35,3,yawning,yawning,0.965386,0.03126,0.000364,0.0,0.965386,0.002989,0.274878,0.929946,0.0,0.132941,0.119624,0.133466,-0.0,0.013474,0.026636,True,True,True,0.0,False,False,39.155
1248,62.4,3,yawning,yawning,0.972069,0.025248,0.000325,0.0,0.972069,0.002358,0.117518,0.947681,0.0,0.132596,0.119755,0.133453,-0.0,0.013474,0.026613,True,True,True,0.0,False,False,37.751
1249,62.45,3,yawning,yawning,0.976574,0.021156,0.000299,0.0,0.976574,0.001971,0.056781,0.95419,0.0,0.131901,0.119785,0.133544,-0.0,0.013474,0.026636,True,True,True,0.0,False,False,39.079
1250,62.5,3,yawning,yawning,0.97868,0.019242,0.000284,0.0,0.97868,0.001793,0.041711,0.955585,0.0,0.1313,0.11979,0.133545,-0.0,0.013474,0.026636,True,True,True,0.0,False,False,47.819
1251,62.55,3,yawning,yawning,0.981036,0.017028,0.00027,0.0,0.981036,0.001666,0.040249,0.954138,0.0,0.130852,0.119795,0.133465,-0.0,0.013474,0.026613,True,True,True,0.0,False,False,37.846
1252,62.6,3,yawning,yawning,0.983502,0.014752,0.000257,0.0,0.983502,0.001489,0.039854,0.95253,0.0,0.130594,0.119801,0.133543,-0.0,0.013474,0.026635,True,True,True,0.0,False,False,38.014
1253,62.65,3,yawning,yawning,0.985509,0.01289,0.000249,0.0,0.985509,0.001351,0.043366,0.951699,0.0,0.130415,0.119813,0.133466,-0.0,0.013474,0.026613,True,True,True,0.0,False,False,37.756
1254,62.7,3,yawning,yawning,0.98743,0.011109,0.000243,0.0,0.98743,0.001218,0.04607,0.950539,0.0,0.129992,0.11983,0.133554,-0.0,0.013474,0.026636,True,True,True,0.028833,False,False,37.677
1255,62.75,3,yawning,yawning,0.988578,0.01004,0.000242,0.0,0.988578,0.001141,0.051101,0.949801,0.0,0.128284,0.119856,0.133566,-0.0,0.013474,0.026636,True,True,True,0.028833,False,False,46.573
1256,62.8,3,yawning,yawning,0.9899,0.008811,0.000238,0.0,0.9899,0.001051,0.050244,0.951031,0.0,0.12629,0.119881,0.133495,-0.0,0.013474,0.026613,True,True,True,0.0,False,False,39.246
1257,62.85,3,yawning,yawning,0.991147,0.00767,0.000232,0.0,0.991147,0.000951,0.049158,0.951036,0.0,0.124495,0.119904,0.133587,-0.0,0.013475,0.026636,True,True,True,0.0,False,False,39.367
1258,62.9,3,yawning,yawning,0.992357,0.006581,0.00022,0.0,0.992357,0.000842,0.044258,0.952477,0.0,0.122964,0.119918,0.133511,-0.0,0.013475,0.026613,True,True,True,0.0,False,False,38.969
1259,62.95,3,yawning,yawning,0.993316,0.00573,0.000205,0.0,0.993316,0.00075,0.041764,0.952897,0.0,0.121868,0.119926,0.133597,-0.0,0.013475,0.026636,True,True,True,0.0,False,False,39.181
1260,63.0,3,yawning,yawning,0.994202,0.004945,0.000193,0.0,0.994202,0.00066,0.042884,0.952421,0.0,0.121267,0.119935,0.133603,-0.0,0.013475,0.026636,True,True,True,0.0,False,False,48.159
1261,63.05,3,yawning,yawning,0.994802,0.004419,0.000191,0.0,0.994802,0.000588,0.043158,0.952471,0.0,0.120999,0.119334,0.133526,-0.0,0.013473,0.026613,True,True,True,0.0,False,False,37.795
1262,63.1,3,yawning,yawning,0.995317,0.003959,0.000192,0.0,0.995317,0.000532,0.043542,0.952347,0.0,0.120809,0.118626,0.133614,-0.0,0.01347,0.026636,True,True,True,0.0,False,False,37.971
1263,63.15,3,yawning,yawning,0.995468,0.003831,0.000196,0.0,0.995468,0.000505,0.047633,0.950211,0.0,0.118934,0.117859,0.133541,-0.0,0.013466,0.026613,True,True,True,0.0,False,False,39.505
1264,63.2,3,yawning,yawning,0.995754,0.003584,0.000195,0.0,0.995754,0.000467,0.044355,0.950714,0.0,0.116769,0.116969,0.13363,-0.0,0.012525,0.026636,True,True,True,0.0,False,False,39.426
1265,63.25,3,yawning,yawning,0.995942,0.003421,0.000194,0.0,0.995942,0.000443,0.040457,0.952023,0.0,0.114564,0.11594,0.133633,-0.0,0.011452,0.026636,True,True,True,0.0,False,False,48.062
1266,63.3,3,yawning,yawning,0.996199,0.003178,0.000194,0.0,0.996199,0.000428,0.039693,0.951956,0.0,0.112424,0.114849,0.133553,-0.0,0.010323,0.026613,True,True,True,0.0,False,False,37.905
1267,63.35,3,yawning,yawning,0.996399,0.003,0.000194,0.0,0.996399,0.000408,0.039943,0.951723,0.0,0.110434,0.113754,0.133638,-0.0,0.009193,0.026636,True,True,True,0.0,False,False,37.817
1268,63.4,3,yawning,yawning,0.996558,0.002859,0.000194,0.0,0.996558,0.00039,0.038902,0.952318,0.0,0.108619,0.112659,0.133557,-0.0,0.008068,0.026613,True,True,True,0.0,False,False,37.886
1269,63.45,3,yawning,yawning,0.996802,0.002645,0.000191,0.0,0.996802,0.000362,0.03997,0.951559,0.0,0.107262,0.111567,0.133638,-0.0,0.006944,0.026636,True,True,True,0.0,False,False,38.01
1270,63.5,3,yawning,yawning,0.996978,0.002492,0.000188,0.0,0.996978,0.000342,0.039453,0.952439,0.0,0.106248,0.110471,0.133637,-0.0,0.00582,0.026636,True,True,True,0.0,False,False,46.455
1271,63.55,3,yawning,yawning,0.997095,0.002389,0.000187,0.0,0.997095,0.000329,0.038493,0.952889,0.0,0.105508,0.109377,0.133556,-0.0,0.004701,0.026613,True,True,True,0.0,False,False,38.659
1272,63.6,3,yawning,yawning,0.997209,0.002299,0.000182,0.0,0.997209,0.00031,0.038304,0.952685,0.0,0.104853,0.108288,0.133631,-0.0,0.003588,0.026636,True,True,True,0.0,False,False,39.36
1273,63.65,3,yawning,yawning,0.997231,0.00229,0.000179,0.0,0.997231,0.0003,0.037602,0.95233,0.0,0.104473,0.107198,0.13355,-0.0,0.002475,0.026613,True,True,True,0.0,False,False,39.626
1274,63.7,3,yawning,yawning,0.997456,0.002062,0.000181,0.0,0.997456,0.000301,0.430636,0.868644,0.0,0.106056,0.106864,0.13394,-0.0,0.001491,0.026638,True,True,True,0.0,False,False,38.031
1275,63.75,3,yawning,yawning,0.997734,0.001785,0.000185,0.0,0.997734,0.000296,0.514086,0.822404,0.0,0.107929,0.106813,0.134299,-0.0,0.000683,0.026641,True,True,True,0.0,False,False,46.229
1276,63.8,3,yawning,yawning,0.997927,0.001612,0.000189,0.0,0.997927,0.000273,0.521812,0.831251,0.0,0.109965,0.106911,0.134587,-0.0,-0.0,0.026621,True,True,True,0.0,False,False,37.856
1277,63.85,3,yawning,yawning,0.998025,0.001534,0.000188,0.0,0.998025,0.000252,0.47293,0.882588,0.0,0.111955,0.107178,0.135018,-0.0,-0.0,0.026645,True,True,True,0.0,False,False,37.651
1278,63.9,3,yawning,yawning,0.998045,0.001526,0.000188,0.0,0.998045,0.000241,0.383683,0.909856,0.0,0.113537,0.107585,0.13522,-0.0,-0.0,0.026623,True,True,True,0.0,False,False,37.685
1279,63.95,3,yawning,yawning,0.998036,0.001541,0.000189,0.0,0.998036,0.000235,0.222607,0.932989,0.0,0.114324,0.107863,0.135456,-0.0,-0.0,0.026647,True,True,True,0.0,False,False,37.619
1280,64.0,3,yawning,yawning,0.997995,0.001579,0.00019,0.0,0.997995,0.000236,0.086363,0.950617,0.0,0.114415,0.107939,0.135497,-0.0,-0.0,0.026647,True,True,True,0.0,False,False,47.026
1281,64.05,3,yawning,yawning,0.997942,0.001625,0.000192,0.0,0.997942,0.00024,0.045201,0.956703,0.0,0.11433,0.107951,0.13542,-0.0,-0.0,0.026624,True,True,True,0.0,False,False,38.028
1282,64.1,3,yawning,yawning,0.997865,0.001699,0.000193,0.0,0.997865,0.000244,0.039403,0.956544,0.0,0.11395,0.107835,0.13542,-0.0,-0.0,0.026624,True,True,True,0.0,False,False,37.886
1283,64.15,3,yawning,yawning,0.997771,0.00179,0.000191,0.0,0.997771,0.000248,0.037196,0.955075,0.0,0.113905,0.107952,0.135501,-0.0,-0.0,0.026646,True,True,True,0.0,False,False,38.1
1284,64.2,3,yawning,yawning,0.997688,0.00187,0.00019,0.0,0.997688,0.000252,0.036185,0.953837,0.0,0.113775,0.107947,0.135498,-0.0,-0.0,0.026646,True,True,True,0.0,False,False,38.144
1285,64.25,3,yawning,yawning,0.997509,0.002038,0.00019,0.0,0.997509,0.000262,0.036859,0.953418,0.0,0.113637,0.107943,0.135495,-0.0,-0.0,0.026646,True,True,True,0.0,False,False,46.546
1286,64.3,3,yawning,yawning,0.997363,0.002181,0.000188,0.0,0.997363,0.000268,0.037732,0.952927,0.0,0.113459,0.107936,0.135411,-0.0,-0.0,0.026624,True,True,True,0.0,False,False,37.762
1287,64.35,3,yawning,yawning,0.997185,0.002346,0.000187,0.0,0.997185,0.000281,0.03713,0.952979,0.0,0.113073,0.107817,0.135409,-0.0,-0.0,0.026624,True,True,True,0.0,False,False,39.012
1288,64.4,3,yawning,yawning,0.997003,0.002516,0.000185,0.0,0.997003,0.000295,0.038039,0.952817,0.0,0.113046,0.107923,0.135164,-0.0,-0.0,0.026644,True,True,True,0.0,False,False,39.231
1289,64.45,3,yawning,yawning,0.99675,0.002752,0.000186,0.0,0.99675,0.000312,0.038395,0.952844,0.0,0.112896,0.107919,0.134817,-0.0,-0.0,0.026642,True,True,True,0.0,False,False,39.205
1290,64.5,3,yawning,yawning,0.996777,0.002723,0.000181,0.0,0.996777,0.000319,0.03985,0.952157,0.0,0.112795,0.107914,0.134538,-0.0,-0.0,0.026641,True,True,True,0.0,False,False,46.47
1291,64.55,3,yawning,yawning,0.996684,0.002801,0.000181,0.0,0.996684,0.000334,0.038402,0.952613,0.0,0.112604,0.107906,0.134457,-0.0,-0.0,0.026618,True,True,True,0.0,False,False,38.864
1292,64.6,3,yawning,yawning,0.996567,0.002908,0.000181,0.0,0.996567,0.000344,0.037937,0.953098,0.0,0.112226,0.107788,0.134283,-0.0,-0.0,0.026618,True,True,True,0.0,False,False,38.19
1293,64.65,3,yawning,yawning,0.996435,0.003035,0.000178,0.0,0.996435,0.000351,0.040645,0.951922,0.0,0.112358,0.1079,0.134288,-0.0,-0.0,0.026641,True,True,True,0.0,False,False,37.649
1294,64.7,3,yawning,yawning,0.996208,0.003252,0.000177,0.0,0.996208,0.000362,0.040765,0.951724,0.0,0.112269,0.107897,0.134288,-0.0,-0.0,0.026641,True,True,True,0.0,False,False,37.66
1295,64.75,3,yawning,yawning,0.995546,0.00385,0.000186,0.0,0.995546,0.000418,0.040347,0.952206,0.0,0.112165,0.107897,0.134289,-0.0,-0.0,0.026641,True,True,True,0.0,False,False,46.716
1296,64.8,3,yawning,yawning,0.994973,0.004378,0.000188,0.0,0.994973,0.000461,0.040625,0.951706,0.0,0.112082,0.107896,0.134209,-0.0,-0.0,0.026618,True,True,True,0.0,False,False,37.579
1297,64.85,3,yawning,yawning,0.993974,0.005328,0.000192,0.0,0.993974,0.000506,0.041,0.951283,0.0,0.111723,0.107784,0.134212,-0.0,-0.0,0.026618,True,True,True,0.0,False,False,38.942
1298,64.9,3,yawning,yawning,0.99276,0.00648,0.000199,0.0,0.99276,0.000562,0.040673,0.951408,0.0,0.111821,0.107879,0.134297,-0.0,-0.0,0.026641,True,True,True,0.0,False,False,38.834
1299,64.95,3,yawning,yawning,0.991601,0.007555,0.000209,0.0,0.991601,0.000636,0.041657,0.951363,0.0,0.111758,0.107868,0.1343,-0.0,-0.0,0.026641,True,True,True,0.0,False,False,38.934
1300,65.0,3,yawning,yawning,0.991583,0.007588,0.000202,0.0,0.991583,0.000628,0.043845,0.950819,0.0,0.11174,0.107861,0.134305,-0.0,-0.0,0.026641,True,True,True,0.0,False,False,47.306
1301,65.05,3,yawning,yawning,0.990565,0.008546,0.000208,0.0,0.990565,0.000681,0.044413,0.950924,0.0,0.111746,0.107863,0.134228,-0.0,-0.0,0.026618,True,True,True,0.0,False,False,38.984
1302,65.1,3,yawning,yawning,0.987696,0.011224,0.000226,0.0,0.987696,0.000855,0.044816,0.951259,0.0,0.111408,0.107757,0.134234,-0.0,-0.0,0.026618,True,True,True,0.0,False,False,39.185
1303,65.15,3,yawning,yawning,0.986478,0.012396,0.000225,0.0,0.986478,0.000902,0.041769,0.951953,0.0,0.111717,0.107861,0.134319,-0.0,-0.0,0.026641,True,True,True,0.0,False,False,37.317
1304,65.2,3,yawning,yawning,0.985383,0.013371,0.00023,0.0,0.985383,0.001016,0.042297,0.950978,0.0,0.111717,0.107856,0.134322,-0.0,-0.0,0.026641,True,True,True,0.0,False,False,38.828
1305,65.25,3,yawning,yawning,0.985398,0.013369,0.000229,0.0,0.985398,0.001004,0.039987,0.952045,0.0,0.111698,0.107846,0.134324,-0.0,-0.0,0.026641,True,True,True,0.0,False,False,46.167
1306,65.3,3,yawning,yawning,0.979042,0.019432,0.000265,0.0,0.979042,0.001261,0.038728,0.951755,0.0,0.111675,0.107823,0.134242,-0.0,-0.0,0.026618,True,True,True,0.552885,False,False,37.913
1307,65.35,3,yawning,yawning,0.971823,0.02636,0.000292,0.0,0.971823,0.001525,0.039258,0.95206,0.0,0.111309,0.107707,0.134243,-0.0,-0.0,0.026618,True,True,True,0.552885,False,False,38.984
1308,65.4,3,yawning,yawning,0.944477,0.05255,0.000402,0.0,0.944477,0.002571,0.038156,0.952339,0.0,0.111615,0.107793,0.134321,-0.0,-0.0,0.026641,True,True,True,0.0,False,False,38.937
1309,65.45,3,yawning,yawning,0.892994,0.102266,0.000541,0.0,0.892994,0.004199,0.043148,0.950815,0.0,0.111609,0.107789,0.134105,-0.0,-0.0,0.02664,True,True,True,0.0,False,False,38.741
1310,65.5,3,yawning,yawning,0.852629,0.141642,0.000607,0.0,0.852629,0.005121,0.043119,0.95162,0.0,0.111601,0.10779,0.133757,-0.0,-0.0,0.026637,True,True,True,0.0,False,False,47.849
1311,65.55,3,yawning,yawning,0.759064,0.232987,0.000738,0.0,0.759064,0.007211,0.046946,0.950369,0.0,0.11161,0.107797,0.133683,-0.0,-0.0,0.026615,True,True,True,0.0,False,False,38.851
1312,65.6,3,yawning,yawning,0.645929,0.343499,0.00084,0.0,0.645929,0.009731,0.043797,0.95103,0.0,0.111268,0.107689,0.133327,-0.0,-0.0,0.026611,True,True,True,0.0,False,False,38.782
1313,65.65,3,yawning,yawning,0.541519,0.445495,0.000905,0.0,0.541519,0.012081,0.044953,0.951011,0.0,0.111614,0.107801,0.132765,-0.0,-0.0,0.026631,True,True,True,0.0,False,False,38.984
1314,65.7,3,yawning,yawning,0.505502,0.479555,0.000908,0.0,0.505502,0.014035,0.045149,0.950923,0.0,0.111633,0.107798,0.132599,-0.0,-0.0,0.02663,True,True,True,0.0,False,False,37.779
1315,65.75,0,alert,alert,0.660591,0.660591,0.00092,0.0,0.321036,0.017453,0.042584,0.951708,0.0,0.111646,0.107774,0.132554,-0.0,-0.0,0.02663,True,True,True,0.0,False,False,48.14
1316,65.8,0,alert,alert,0.817347,0.817347,0.00081,0.0,0.163098,0.018746,0.042575,0.951619,0.0,0.111661,0.107754,0.132478,-0.0,-0.0,0.026608,True,True,True,0.0,False,False,37.701
1317,65.85,0,alert,alert,0.903626,0.903626,0.000651,0.0,0.076319,0.019404,0.041534,0.951472,0.0,0.111307,0.107642,0.132472,-0.0,-0.0,0.026608,True,True,True,0.0,False,False,37.539
1318,65.9,0,alert,alert,0.942618,0.942618,0.000511,0.0,0.038141,0.01873,0.042574,0.951175,0.0,0.1117,0.107696,0.132555,-0.0,-0.0,0.026631,True,True,True,0.0,False,False,37.412
1319,65.95,0,alert,alert,0.960058,0.960058,0.000402,0.0,0.02142,0.018121,0.042823,0.950879,0.0,0.111721,0.107682,0.132558,-0.0,-0.0,0.026631,True,True,True,0.0,False,False,37.693
1320,66.0,0,alert,alert,0.969766,0.969766,0.000318,0.0,0.012522,0.017394,0.041306,0.951427,0.0,0.111732,0.107663,0.13256,-0.0,-0.0,0.026631,True,True,True,0.0,False,False,46.603
1321,66.05,0,alert,alert,0.974051,0.974051,0.000269,0.0,0.007803,0.017876,0.040718,0.951583,0.0,0.11174,0.107618,0.132482,-0.0,-0.0,0.026608,True,True,True,0.0,False,False,37.615
1322,66.1,0,alert,alert,0.975205,0.975205,0.00024,0.0,0.006421,0.018133,0.042221,0.951289,0.0,0.111389,0.107508,0.132484,-0.0,-0.0,0.026608,True,True,True,0.0,False,False,37.464
1323,66.15,0,alert,alert,0.964116,0.964116,0.000299,0.0,0.006465,0.029121,0.439911,0.864462,0.0,0.113622,0.108215,0.132788,-0.0,-0.0,0.026632,True,True,True,0.0,False,False,38.88
1324,66.2,0,alert,alert,0.949515,0.949515,0.00049,0.0,0.006102,0.043893,0.519975,0.81863,0.0,0.115776,0.108909,0.13281,-0.0,-0.0,0.026633,True,True,True,0.0,False,False,39.181
1325,66.25,0,alert,alert,0.922034,0.922034,0.001293,0.0,0.006759,0.069914,0.575449,0.814544,0.0,0.118166,0.10968,0.132845,-0.0,-0.0,0.026633,True,True,True,0.0,False,False,46.777
1326,66.3,0,alert,alert,0.886273,0.886273,0.003823,0.0,0.014766,0.095138,0.665367,0.825413,0.0,0.120981,0.110589,0.133237,-0.0,-0.0,0.026614,True,True,True,0.0,False,False,38.31
1327,66.35,0,alert,alert,0.807707,0.807707,0.012438,0.0,0.052816,0.127038,0.744078,0.814947,0.0,0.123685,0.111505,0.133396,-0.0,-0.0,0.026614,True,True,True,0.0,False,False,37.856
1328,66.4,0,alert,alert,0.63242,0.63242,0.037263,0.0,0.194613,0.135704,0.7964,0.790286,0.0,0.127371,0.112673,0.133418,-0.0,-0.0,0.026638,True,True,True,0.0,False,False,37.659
1329,66.45,3,yawning,yawning,0.429908,0.385642,0.086623,0.0,0.429908,0.097827,0.821363,0.773525,0.0,0.130595,0.113761,0.133871,-0.0,-0.0,0.026642,True,True,True,0.0,False,False,37.702
1330,66.5,3,yawning,yawning,0.576454,0.194392,0.172504,0.0,0.576454,0.05665,0.835105,0.761723,0.05,0.133863,0.114849,0.134409,-0.0,-0.0,0.026646,True,True,True,0.0,False,False,46.397
1331,66.55,1,drowsy,drowsy,0.443162,0.085992,0.443162,0.0,0.438019,0.032827,0.843518,0.752387,0.1,0.137178,0.115918,0.134886,-0.0,-0.0,0.026628,True,True,True,0.0,False,False,37.47
1332,66.6,1,drowsy,drowsy,0.77181,0.028233,0.77181,0.0,0.186212,0.013745,0.852929,0.744168,0.15,0.140028,0.116892,0.135441,-0.0,-0.0,0.026633,True,True,True,0.0,False,False,37.655
1333,66.65,1,drowsy,drowsy,0.926206,0.008834,0.926206,0.0,0.059529,0.005431,0.855572,0.738551,0.2,0.141677,0.118085,0.136084,-0.0,-0.0,0.026661,True,True,True,0.0,False,False,37.62
1334,66.7,1,drowsy,drowsy,0.976229,0.003317,0.976229,0.0,0.017856,0.002597,0.860085,0.732776,0.25,0.142799,0.119177,0.136644,-0.0,-0.0,0.026667,True,True,True,0.244734,False,False,37.653
1335,66.75,1,drowsy,drowsy,1.0,0.0,1.0,0.0,0.0,0.0,0.863712,0.726803,0.3,0.143868,0.120272,0.137202,0.033484,0.011069,0.032234,True,True,True,0.0,False,True,47.299
1336,66.8,1,drowsy,drowsy,0.990915,0.001449,0.990915,0.0,0.006061,0.001575,0.855714,0.722927,0.35,0.144915,0.121348,0.137666,0.036841,0.012176,0.032766,True,True,True,0.0,False,False,37.854
1337,66.85,1,drowsy,drowsy,0.989417,0.001445,0.989417,0.0,0.007349,0.001788,0.81887,0.735066,0.4,0.147575,0.12226,0.1382,0.039928,0.013231,0.033311,True,True,True,0.0,False,False,38.583
1338,66.9,1,drowsy,drowsy,1.0,0.0,1.0,0.0,0.0,0.0,0.665096,0.798092,0.45,0.147033,0.123294,0.138745,0.043011,0.014204,0.033819,True,True,True,0.0,False,True,38.235
1339,66.95,1,drowsy,drowsy,1.0,0.0,1.0,0.0,0.0,0.0,0.533953,0.843886,0.0,0.148409,0.124043,0.139127,0.045466,0.01501,0.034226,True,True,True,0.0,False,True,38.153
1340,67.0,1,drowsy,drowsy,1.0,0.0,1.0,0.0,0.0,0.0,0.432186,0.892206,0.0,0.150063,0.124658,0.139444,0.047564,0.015699,0.034573,True,True,True,0.0,False,True,47.058
1341,67.05,1,drowsy,drowsy,1.0,0.0,1.0,0.0,0.0,0.0,0.343426,0.90903,0.0,0.151491,0.12514,0.13961,0.049263,0.016257,0.034824,True,True,True,0.0,False,True,38.114
1342,67.1,1,drowsy,drowsy,1.0,0.0,1.0,0.0,0.0,0.0,0.191484,0.931607,0.0,0.151691,0.12525,0.139738,0.049016,0.01623,0.034825,True,True,True,0.0,False,True,37.675
1343,67.15,1,drowsy,drowsy,1.0,0.0,1.0,0.0,0.0,0.0,0.109414,0.944177,0.0,0.152578,0.12549,0.139573,0.049272,0.016258,0.034853,True,True,True,0.0,False,True,37.649
1344,67.2,3,yawning,yawning,0.974282,0.02024,0.002898,0.0,0.974282,0.00258,0.051496,0.953632,0.0,0.15264,0.125511,0.139218,0.049272,0.016258,0.034849,True,True,True,0.0,False,False,37.541
1345,67.25,3,yawning,yawning,0.985982,0.011824,0.000869,0.0,0.985982,0.001325,0.039131,0.955157,0.0,0.152634,0.125509,0.13882,0.049271,0.016258,0.034845,True,True,True,0.0,False,False,46.551
1346,67.3,1,drowsy,drowsy,1.0,0.0,1.0,0.0,0.0,0.0,0.037001,0.953774,0.0,0.152622,0.125507,0.138733,0.049271,0.016257,0.034815,True,True,True,0.0,False,True,37.771
1347,67.35,1,drowsy,drowsy,1.0,0.0,1.0,0.0,0.0,0.0,0.037812,0.953314,0.0,0.152033,0.125358,0.138287,0.049018,0.01623,0.034811,True,True,True,0.002907,False,True,37.591
1348,67.4,1,drowsy,drowsy,1.0,0.0,1.0,0.0,0.0,0.0,0.038932,0.952586,0.0,0.152619,0.125493,0.137621,0.04927,0.016257,0.034836,True,True,True,0.020935,False,True,37.63
1349,67.45,1,drowsy,drowsy,1.0,0.0,1.0,0.0,0.0,0.0,0.042214,0.951387,0.0,0.152624,0.124863,0.13734,0.04927,0.016255,0.034835,True,True,True,0.037904,False,True,37.744
1350,67.5,1,drowsy,drowsy,1.0,0.0,1.0,0.0,0.0,0.0,0.040715,0.951515,0.0,0.152629,0.124161,0.13718,0.04927,0.016252,0.034835,True,True,True,0.020935,False,True,46.531
1351,67.55,1,drowsy,drowsy,1.0,0.0,1.0,0.0,0.0,0.0,0.039802,0.951641,0.0,0.152632,0.123469,0.137097,0.049271,0.01625,0.034805,True,True,True,0.0,False,True,37.681
1352,67.6,3,yawning,yawning,0.747956,0.243817,0.000916,0.0,0.747956,0.00731,0.040765,0.951876,0.0,0.15206,0.123329,0.137035,0.049018,0.016222,0.034805,True,True,True,0.0,False,False,37.624
1353,67.65,1,drowsy,drowsy,1.0,0.0,1.0,0.0,0.0,0.0,0.039845,0.952394,0.0,0.152624,0.122568,0.137037,0.04927,0.016248,0.034834,True,True,True,0.064021,False,True,37.525
1354,67.7,1,drowsy,drowsy,1.0,0.0,1.0,0.0,0.0,0.0,0.040298,0.951913,0.0,0.152625,0.122473,0.136888,0.049271,0.016248,0.034833,True,True,True,0.064021,False,True,37.394
1355,67.75,1,drowsy,drowsy,1.0,0.0,1.0,0.0,0.0,0.0,0.042932,0.95057,0.0,0.151151,0.12245,0.136774,0.049258,0.016248,0.034833,True,True,True,0.064021,False,True,46.492
1356,67.8,1,drowsy,drowsy,1.0,0.0,1.0,0.0,0.0,0.0,0.0423,0.950363,0.0,0.149004,0.122446,0.136693,0.049229,0.016248,0.034803,True,True,True,0.167246,False,True,37.69
1357,67.85,1,drowsy,drowsy,1.0,0.0,1.0,0.0,0.0,0.0,0.042865,0.950271,0.0,0.148462,0.122312,0.136569,0.048977,0.01622,0.034803,True,True,True,0.133601,False,True,37.508
1358,67.9,1,drowsy,drowsy,1.0,0.0,1.0,0.0,0.0,0.0,0.041547,0.95146,0.0,0.144572,0.122452,0.136502,0.049158,0.016248,0.034832,True,True,True,0.133601,False,True,37.679
1359,67.95,1,drowsy,drowsy,1.0,0.0,1.0,0.0,0.0,0.0,0.040655,0.950738,0.0,0.142496,0.122454,0.13647,0.049141,0.016248,0.034832,True,True,True,0.133601,False,True,37.789
1360,68.0,1,drowsy,drowsy,1.0,0.0,1.0,0.0,0.0,0.0,0.042424,0.950477,0.0,0.140969,0.122458,0.136443,0.049132,0.016248,0.034832,True,True,True,0.0,False,True,46.76
1361,68.05,1,drowsy,drowsy,1.0,0.0,1.0,0.0,0.0,0.0,0.045466,0.949566,0.0,0.140398,0.122465,0.136366,0.049129,0.016248,0.034803,True,True,True,0.0,False,True,37.988
1362,68.1,1,drowsy,drowsy,1.0,0.0,1.0,0.0,0.0,0.0,0.043727,0.950476,0.0,0.139905,0.122332,0.136187,0.048879,0.016221,0.034802,True,True,True,0.0,False,True,37.815
1363,68.15,1,drowsy,drowsy,1.0,0.0,1.0,0.0,0.0,0.0,0.041232,0.951274,0.0,0.140316,0.12247,0.135624,0.04913,0.016248,0.034828,True,True,True,0.0,False,True,37.598
1364,68.2,1,drowsy,drowsy,1.0,0.0,1.0,0.0,0.0,0.0,0.043029,0.951379,0.0,0.140343,0.122468,0.135343,0.049132,0.016248,0.034827,True,True,True,0.0,False,True,37.889
1365,68.25,1,drowsy,drowsy,1.0,0.0,1.0,0.0,0.0,0.0,0.040016,0.951749,0.0,0.140363,0.122456,0.13514,0.049133,0.016248,0.034826,True,True,True,0.0,False,True,46.636
1366,68.3,1,drowsy,drowsy,1.0,0.0,1.0,0.0,0.0,0.0,0.039514,0.951732,0.0,0.140383,0.122448,0.135059,0.049133,0.016248,0.034797,True,True,True,0.0,False,True,37.829
1367,68.35,1,drowsy,drowsy,1.0,0.0,1.0,0.0,0.0,0.0,0.038426,0.952141,0.0,0.139863,0.122305,0.134929,0.048883,0.016221,0.034796,True,True,True,0.0,False,True,37.753
1368,68.4,1,drowsy,drowsy,1.0,0.0,1.0,0.0,0.0,0.0,0.039017,0.952224,0.0,0.140402,0.122428,0.134901,0.049134,0.016248,0.034826,True,True,True,0.0,False,True,37.795
1369,68.45,1,drowsy,drowsy,1.0,0.0,1.0,0.0,0.0,0.0,0.038912,0.952207,0.0,0.140412,0.122423,0.134867,0.049134,0.016248,0.034826,True,True,True,0.0,False,True,37.64
1370,68.5,1,drowsy,drowsy,1.0,0.0,1.0,0.0,0.0,0.0,0.037973,0.95262,0.0,0.140408,0.122419,0.134542,0.049135,0.016248,0.034823,True,True,True,0.0,False,True,46.559
1371,68.55,1,drowsy,drowsy,1.0,0.0,1.0,0.0,0.0,0.0,0.038354,0.952524,0.0,0.140395,0.122417,0.13446,0.049135,0.016248,0.034793,True,True,True,0.0,False,True,37.896
1372,68.6,1,drowsy,drowsy,1.0,0.0,1.0,0.0,0.0,0.0,0.038679,0.952418,0.0,0.139876,0.122275,0.134091,0.048884,0.01622,0.034789,True,True,True,0.0,False,True,37.906
1373,68.65,1,drowsy,drowsy,1.0,0.0,1.0,0.0,0.0,0.0,0.038715,0.952625,0.0,0.14033,0.12242,0.13343,0.049134,0.016248,0.034814,True,True,True,0.0,False,True,37.722
1374,68.7,1,drowsy,drowsy,1.0,0.0,1.0,0.0,0.0,0.0,0.03771,0.952635,0.0,0.1403,0.122416,0.133087,0.049133,0.016248,0.034812,True,True,True,0.0,False,True,37.643
1375,68.75,1,drowsy,drowsy,1.0,0.0,1.0,0.0,0.0,0.0,0.038947,0.952226,0.0,0.140278,0.122413,0.132777,0.049133,0.016248,0.034811,True,True,True,0.0,False,True,46.799
1376,68.8,1,drowsy,drowsy,1.0,0.0,1.0,0.0,0.0,0.0,0.04051,0.952078,0.0,0.140275,0.122074,0.132699,0.049133,0.016247,0.034781,True,True,True,0.0,False,True,37.836
1377,68.85,1,drowsy,drowsy,1.0,0.0,1.0,0.0,0.0,0.0,0.043448,0.950778,0.0,0.139781,0.121941,0.132468,0.048882,0.016219,0.03478,True,True,True,0.0,False,True,37.574
1378,68.9,1,drowsy,drowsy,1.0,0.0,1.0,0.0,0.0,0.0,0.041781,0.951508,0.0,0.140302,0.120928,0.132256,0.049133,0.016243,0.034809,True,True,True,0.0,False,True,37.62
1379,68.95,1,drowsy,drowsy,1.0,0.0,1.0,0.0,0.0,0.0,0.041615,0.951561,0.0,0.140307,0.120255,0.13215,0.049133,0.016241,0.034809,True,True,True,0.0,False,True,37.94
1380,69.0,1,drowsy,drowsy,1.0,0.0,1.0,0.0,0.0,0.0,0.04088,0.951476,0.0,0.1403,0.119767,0.132094,0.049133,0.016241,0.034808,True,True,True,0.0,False,True,46.522
1381,69.05,1,drowsy,drowsy,1.0,0.0,1.0,0.0,0.0,0.0,0.040587,0.951586,0.0,0.140291,0.119573,0.132016,0.049133,0.016241,0.034779,True,True,True,0.0,False,True,37.609
1382,69.1,1,drowsy,drowsy,1.0,0.0,1.0,0.0,0.0,0.0,0.040393,0.951599,0.0,0.139781,0.119439,0.131976,0.048883,0.016213,0.034779,True,True,True,0.0,False,True,37.959
1383,69.15,1,drowsy,drowsy,1.0,0.0,1.0,0.0,0.0,0.0,0.041298,0.951186,0.0,0.140283,0.119519,0.131991,0.049133,0.016241,0.034808,True,True,True,0.0,False,True,37.422
1384,69.2,1,drowsy,drowsy,1.0,0.0,1.0,0.0,0.0,0.0,0.04225,0.950849,0.0,0.140299,0.119521,0.131981,0.049134,0.016241,0.034808,True,True,True,0.0,False,True,37.92
1385,69.25,1,drowsy,drowsy,1.0,0.0,1.0,0.0,0.0,0.0,0.040973,0.95156,0.0,0.140301,0.119524,0.131962,0.049134,0.016241,0.034808,True,True,True,0.0,False,True,46.66
1386,69.3,1,drowsy,drowsy,1.0,0.0,1.0,0.0,0.0,0.0,0.041375,0.951432,0.0,0.14031,0.119519,0.131885,0.049134,0.016241,0.034779,True,True,True,0.0,False,True,37.781
1387,69.35,1,drowsy,drowsy,1.0,0.0,1.0,0.0,0.0,0.0,0.039787,0.951983,0.0,0.139796,0.119384,0.131857,0.048883,0.016213,0.034779,True,True,True,0.0,False,True,37.648
1388,69.4,1,drowsy,drowsy,1.0,0.0,1.0,0.0,0.0,0.0,0.04004,0.951983,0.0,0.140324,0.119478,0.13189,0.049134,0.016241,0.034808,True,True,True,0.0,False,True,37.857
1389,69.45,1,drowsy,drowsy,1.0,0.0,1.0,0.0,0.0,0.0,0.0396,0.95192,0.0,0.140336,0.119458,0.131852,0.049134,0.016241,0.034808,True,True,True,0.0,False,True,37.765
1390,69.5,1,drowsy,drowsy,1.0,0.0,1.0,0.0,0.0,0.0,0.039246,0.951954,0.0,0.140346,0.119445,0.131815,0.049134,0.016241,0.034808,True,True,True,0.0,False,True,46.707
1391,69.55,1,drowsy,drowsy,1.0,0.0,1.0,0.0,0.0,0.0,0.038941,0.95224,0.0,0.138493,0.119438,0.131736,0.049115,0.016241,0.034778,True,True,True,0.0,False,True,39.401
1392,69.6,1,drowsy,drowsy,1.0,0.0,1.0,0.0,0.0,0.0,0.039072,0.952427,0.0,0.137985,0.119302,0.131716,0.048864,0.016213,0.034778,True,True,True,0.0,False,True,38.82
1393,69.65,1,drowsy,drowsy,1.0,0.0,1.0,0.0,0.0,0.0,0.040708,0.952255,0.0,0.134114,0.119416,0.131735,0.049049,0.016241,0.034807,True,True,True,0.0,False,True,37.23
1394,69.7,1,drowsy,drowsy,1.0,0.0,1.0,0.0,0.0,0.0,0.047212,0.950195,0.0,0.132072,0.11941,0.131712,0.049032,0.016241,0.034807,True,True,True,0.0,False,True,37.609
1395,69.75,1,drowsy,drowsy,1.0,0.0,1.0,0.0,0.0,0.0,0.437809,0.869459,0.0,0.132438,0.120019,0.132,0.049045,0.016243,0.03481,True,True,True,0.0,False,True,48.604
1396,69.8,1,drowsy,drowsy,1.0,0.0,1.0,0.0,0.0,0.0,0.518136,0.827334,0.0,0.134004,0.120729,0.132285,0.049075,0.016247,0.034784,True,True,True,0.0,False,True,39.272
1397,69.85,1,drowsy,drowsy,1.0,0.0,1.0,0.0,0.0,0.0,0.573451,0.827466,0.0,0.135953,0.121396,0.132669,0.048858,0.016223,0.034788,True,True,True,0.0,False,True,37.956
1398,69.9,1,drowsy,drowsy,1.0,0.0,1.0,0.0,0.0,0.0,0.656744,0.837358,0.0,0.139138,0.122438,0.133179,0.04914,0.016253,0.03482,True,True,True,0.0,False,True,38.166
1399,69.95,1,drowsy,drowsy,1.0,0.0,1.0,0.0,0.0,0.0,0.729834,0.828031,0.0,0.142291,0.123464,0.133679,0.049174,0.016257,0.034824,True,True,True,0.0,False,True,37.98
1400,70.0,1,drowsy,drowsy,1.0,0.0,1.0,0.0,0.0,0.0,0.776465,0.807222,0.0,0.145596,0.124541,0.134204,0.049213,0.016261,0.034829,True,True,True,0.0,False,True,46.408
1401,70.05,1,drowsy,drowsy,1.0,0.0,1.0,0.0,0.0,0.0,0.806548,0.787103,0.0,0.148971,0.125637,0.134678,0.049258,0.016266,0.034804,True,True,True,0.0,False,True,37.858
1402,70.1,1,drowsy,drowsy,1.0,0.0,1.0,0.0,0.0,0.0,0.821921,0.768819,0.0,0.151755,0.126591,0.135214,0.049054,0.016244,0.03481,True,True,True,0.0,False,True,37.789
1403,70.15,1,drowsy,drowsy,1.0,0.0,1.0,0.0,0.0,0.0,0.832063,0.753989,0.05,0.155722,0.127105,0.135812,0.04936,0.016275,0.034845,True,True,True,0.0,False,True,37.663
1404,70.2,1,drowsy,drowsy,1.0,0.0,1.0,0.0,0.0,0.0,0.83947,0.746098,0.1,0.1591,0.127715,0.136345,0.049415,0.01628,0.034851,True,True,True,0.0,False,True,37.893
1405,70.25,1,drowsy,drowsy,1.0,0.0,1.0,0.0,0.0,0.0,0.839341,0.743247,0.15,0.162471,0.128586,0.136873,0.049471,0.016286,0.034858,True,True,True,0.0,False,True,46.436
1406,70.3,1,drowsy,drowsy,1.0,0.0,1.0,0.0,0.0,0.0,0.847944,0.736837,0.2,0.165862,0.129627,0.137341,0.049529,0.016292,0.034835,True,True,True,0.0,False,True,37.718
1407,70.35,1,drowsy,drowsy,1.0,0.0,1.0,0.0,0.0,0.0,0.850572,0.728909,0.25,0.168563,0.130565,0.137877,0.082727,0.027284,0.040365,True,True,True,0.0,False,True,38.512
1408,70.4,1,drowsy,drowsy,1.0,0.0,1.0,0.0,0.0,0.0,0.856114,0.722832,0.3,0.172606,0.131783,0.138495,0.08663,0.028449,0.040962,True,True,True,0.0,False,True,174.796
1409,70.45,1,drowsy,drowsy,1.0,0.0,1.0,0.0,0.0,0.0,0.802113,0.763239,0.35,0.175921,0.132853,0.139026,0.090057,0.029554,0.041518,True,True,True,0.0,False,True,37.901
1410,70.5,1,drowsy,drowsy,1.0,0.0,1.0,0.0,0.0,0.0,0.614685,0.849644,0.4,0.17865,0.133744,0.139467,0.092956,0.030494,0.04199,True,True,True,0.0,False,True,46.83
1411,70.55,1,drowsy,drowsy,1.0,0.0,1.0,0.0,0.0,0.0,0.425462,0.904952,0.0,0.180522,0.134375,0.139698,0.095079,0.031186,0.0423,True,True,True,0.0,False,True,38.003
1412,70.6,1,drowsy,drowsy,1.0,0.0,1.0,0.0,0.0,0.0,0.23537,0.934898,0.0,0.180801,0.134544,0.139861,0.094597,0.031134,0.042301,True,True,True,0.0,False,True,37.862
1413,70.65,1,drowsy,drowsy,1.0,0.0,1.0,0.0,0.0,0.0,0.090598,0.951465,0.0,0.17762,0.134782,0.139983,0.094992,0.031187,0.042337,True,True,True,0.0,False,True,37.822
1414,70.7,1,drowsy,drowsy,1.0,0.0,1.0,0.0,0.0,0.0,0.048874,0.956976,0.0,0.17534,0.134794,0.139987,0.094922,0.031187,0.042337,True,True,True,0.0,False,True,38.05
1415,70.75,1,drowsy,drowsy,1.0,0.0,1.0,0.0,0.0,0.0,0.040814,0.9561,0.0,0.173097,0.134796,0.139983,0.094873,0.031187,0.042337,True,True,True,0.0,False,True,47.026
1416,70.8,1,drowsy,drowsy,1.0,0.0,1.0,0.0,0.0,0.0,0.039703,0.954093,0.0,0.170934,0.134797,0.139898,0.094836,0.031186,0.0423,True,True,True,0.0,False,True,38.072
1417,70.85,1,drowsy,drowsy,1.0,0.0,1.0,0.0,0.0,0.0,0.039797,0.953228,0.0,0.170257,0.134635,0.139893,0.094347,0.031133,0.0423,True,True,True,0.0,False,True,38.043
1418,70.9,1,drowsy,drowsy,1.0,0.0,1.0,0.0,0.0,0.0,0.038139,0.953532,0.0,0.16775,0.134792,0.139968,0.0948,0.031186,0.042336,True,True,True,0.0,False,True,38.055
1419,70.95,1,drowsy,drowsy,1.0,0.0,1.0,0.0,0.0,0.0,0.038152,0.95334,0.0,0.167229,0.134784,0.139964,0.094796,0.031186,0.042336,True,True,True,0.0,False,True,37.774
1420,71.0,1,drowsy,drowsy,1.0,0.0,1.0,0.0,0.0,0.0,0.039545,0.952576,0.0,0.167116,0.13478,0.13996,0.094797,0.031186,0.042336,True,True,True,0.0,False,True,46.125
1421,71.05,1,drowsy,drowsy,1.0,0.0,1.0,0.0,0.0,0.0,0.04086,0.952008,0.0,0.167067,0.134779,0.139875,0.094798,0.031186,0.0423,True,True,True,0.0,False,True,37.783
1422,71.1,1,drowsy,drowsy,1.0,0.0,1.0,0.0,0.0,0.0,0.039379,0.952195,0.0,0.166409,0.134616,0.139873,0.094309,0.031133,0.0423,True,True,True,0.0,False,True,37.705
1423,71.15,1,drowsy,drowsy,1.0,0.0,1.0,0.0,0.0,0.0,0.038271,0.952465,0.0,0.167028,0.134765,0.139957,0.094799,0.031186,0.042336,True,True,True,0.0,False,True,37.689
1424,71.2,1,drowsy,drowsy,1.0,0.0,1.0,0.0,0.0,0.0,0.037499,0.952696,0.0,0.166968,0.13475,0.139957,0.094798,0.031186,0.042336,True,True,True,0.0,False,True,37.573
1425,71.25,1,drowsy,drowsy,1.0,0.0,1.0,0.0,0.0,0.0,0.037792,0.952518,0.0,0.166905,0.134733,0.139956,0.094797,0.031186,0.042336,True,True,True,0.0,False,True,46.292
1426,71.3,1,drowsy,drowsy,1.0,0.0,1.0,0.0,0.0,0.0,0.038412,0.952103,0.0,0.166837,0.134715,0.13987,0.094796,0.031186,0.042299,True,True,True,0.0,False,True,37.836
1427,71.35,1,drowsy,drowsy,1.0,0.0,1.0,0.0,0.0,0.0,0.037123,0.952789,0.0,0.166168,0.134549,0.139868,0.094307,0.031133,0.042299,True,True,True,0.0,False,True,37.66
1428,71.4,1,drowsy,drowsy,1.0,0.0,1.0,0.0,0.0,0.0,0.037764,0.952642,0.0,0.166721,0.134683,0.139953,0.094793,0.031185,0.042335,True,True,True,0.0,False,True,37.617
1429,71.45,1,drowsy,drowsy,1.0,0.0,1.0,0.0,0.0,0.0,0.037497,0.952891,0.0,0.16666,0.134048,0.13995,0.094792,0.031182,0.042335,True,True,True,0.0,False,True,37.956
1430,71.5,1,drowsy,drowsy,1.0,0.0,1.0,0.0,0.0,0.0,0.036478,0.953442,0.0,0.16661,0.133335,0.139947,0.09479,0.031174,0.042335,True,True,True,0.0,False,True,46.459
1431,71.55,1,drowsy,drowsy,1.0,0.0,1.0,0.0,0.0,0.0,0.036648,0.953391,0.0,0.166548,0.132632,0.139858,0.094788,0.031169,0.042299,True,True,True,0.0,False,True,37.817
1432,71.6,1,drowsy,drowsy,1.0,0.0,1.0,0.0,0.0,0.0,0.03809,0.953053,0.0,0.165885,0.132471,0.139857,0.094299,0.031116,0.042299,True,True,True,0.0,False,True,37.834
1433,71.65,1,drowsy,drowsy,1.0,0.0,1.0,0.0,0.0,0.0,0.037826,0.953339,0.0,0.166489,0.131717,0.139942,0.094786,0.031165,0.042335,True,True,True,0.0,False,True,37.93
1434,71.7,1,drowsy,drowsy,1.0,0.0,1.0,0.0,0.0,0.0,0.038036,0.952708,0.0,0.166471,0.131608,0.139938,0.094785,0.031165,0.042335,True,True,True,0.0,False,True,37.635
1435,71.75,1,drowsy,drowsy,1.0,0.0,1.0,0.0,0.0,0.0,0.039026,0.952338,0.0,0.166462,0.131581,0.139936,0.094785,0.031165,0.042335,True,True,True,0.0,False,True,46.192
1436,71.8,1,drowsy,drowsy,1.0,0.0,1.0,0.0,0.0,0.0,0.039884,0.952322,0.0,0.166453,0.131576,0.139851,0.094784,0.031166,0.042299,True,True,True,0.0,False,True,37.604
1437,71.85,1,drowsy,drowsy,1.0,0.0,1.0,0.0,0.0,0.0,0.039872,0.952373,0.0,0.1658,0.13142,0.139835,0.094295,0.031113,0.042299,True,True,True,0.0,False,True,37.838
1438,71.9,1,drowsy,drowsy,1.0,0.0,1.0,0.0,0.0,0.0,0.042557,0.951904,0.0,0.166446,0.131574,0.139912,0.094783,0.031166,0.042335,True,True,True,0.0,False,True,38.404
1439,71.95,1,drowsy,drowsy,1.0,0.0,1.0,0.0,0.0,0.0,0.040877,0.952286,0.0,0.166449,0.131573,0.139603,0.094783,0.031166,0.042332,True,True,True,0.0,False,True,37.975
1440,72.0,1,drowsy,drowsy,1.0,0.0,1.0,0.0,0.0,0.0,0.041412,0.952075,0.0,0.166461,0.13157,0.139236,0.094784,0.031166,0.042327,True,True,True,0.0,False,True,46.842
1441,72.05,1,drowsy,drowsy,1.0,0.0,1.0,0.0,0.0,0.0,0.043476,0.9518,0.0,0.166478,0.131574,0.139154,0.094784,0.031166,0.042291,True,True,True,0.0,False,True,37.888
1442,72.1,1,drowsy,drowsy,1.0,0.0,1.0,0.0,0.0,0.0,0.040747,0.952426,0.0,0.16583,0.13142,0.13876,0.094295,0.031113,0.042286,True,True,True,0.0,False,True,37.926
1443,72.15,1,drowsy,drowsy,1.0,0.0,1.0,0.0,0.0,0.0,0.040429,0.95253,0.0,0.16428,0.131578,0.138071,0.094735,0.031166,0.042313,True,True,True,0.0,False,True,37.523
1444,72.2,1,drowsy,drowsy,1.0,0.0,1.0,0.0,0.0,0.0,0.040362,0.952339,0.0,0.162064,0.131581,0.137721,0.094662,0.031166,0.042311,True,True,True,0.0,False,True,37.378
1445,72.25,1,drowsy,drowsy,1.0,0.0,1.0,0.0,0.0,0.0,0.039819,0.952236,0.0,0.159919,0.131583,0.137449,0.094625,0.031166,0.042309,True,True,True,0.0,False,True,46.253
1446,72.3,1,drowsy,drowsy,1.0,0.0,1.0,0.0,0.0,0.0,0.042335,0.951156,0.0,0.158104,0.131573,0.137368,0.094604,0.031166,0.042273,True,True,True,0.0,False,True,37.716
1447,72.35,1,drowsy,drowsy,1.0,0.0,1.0,0.0,0.0,0.0,0.042149,0.951346,0.0,0.157509,0.131421,0.137235,0.094118,0.031113,0.042273,True,True,True,0.0,False,True,37.449
1448,72.4,1,drowsy,drowsy,1.0,0.0,1.0,0.0,0.0,0.0,0.042085,0.951418,0.0,0.156526,0.13156,0.137272,0.094591,0.031166,0.042309,True,True,True,0.0,False,True,37.596
1449,72.45,1,drowsy,drowsy,1.0,0.0,1.0,0.0,0.0,0.0,0.043652,0.951459,0.0,0.156459,0.131557,0.137274,0.094592,0.031166,0.042309,True,True,True,0.0,False,True,37.76
1450,72.5,1,drowsy,drowsy,1.0,0.0,1.0,0.0,0.0,0.0,0.046079,0.950427,0.0,0.156485,0.131566,0.13728,0.094595,0.031166,0.042309,True,True,True,0.0,False,True,46.203
1451,72.55,1,drowsy,drowsy,1.0,0.0,1.0,0.0,0.0,0.0,0.051013,0.949092,0.0,0.156544,0.131585,0.137207,0.094597,0.031166,0.042274,True,True,True,0.0,False,True,38.048
1452,72.6,1,drowsy,drowsy,1.0,0.0,1.0,0.0,0.0,0.0,0.056826,0.947221,0.0,0.156033,0.131459,0.137223,0.094113,0.031113,0.042274,True,True,True,0.0,False,True,37.673
1453,72.65,1,drowsy,drowsy,1.0,0.0,1.0,0.0,0.0,0.0,0.265215,0.918778,0.0,0.157761,0.131986,0.137495,0.094617,0.031168,0.042311,True,True,True,0.0,False,True,38.062
1454,72.7,1,drowsy,drowsy,1.0,0.0,1.0,0.0,0.0,0.0,0.498412,0.834173,0.0,0.159882,0.13269,0.137849,0.094677,0.031175,0.042316,True,True,True,0.0,False,True,37.975
1455,72.75,1,drowsy,drowsy,1.0,0.0,1.0,0.0,0.0,0.0,0.54696,0.814347,0.0,0.162158,0.133452,0.138233,0.094747,0.031182,0.042321,True,True,True,0.0,False,True,46.335
1456,72.8,1,drowsy,drowsy,1.0,0.0,1.0,0.0,0.0,0.0,0.588403,0.828867,0.0,0.16466,0.134287,0.138567,0.09481,0.031189,0.042289,True,True,True,0.0,False,True,37.928
1457,72.85,1,drowsy,drowsy,1.0,0.0,1.0,0.0,0.0,0.0,0.589775,0.850055,0.0,0.166617,0.134979,0.138994,0.094373,0.031142,0.042293,True,True,True,0.0,False,True,37.713
1458,72.9,1,drowsy,drowsy,1.0,0.0,1.0,0.0,0.0,0.0,0.522064,0.884757,0.0,0.169573,0.135918,0.139467,0.094897,0.031199,0.042332,True,True,True,0.0,False,True,37.569
1459,72.95,1,drowsy,drowsy,1.0,0.0,1.0,0.0,0.0,0.0,0.48532,0.895653,0.0,0.171777,0.136639,0.139829,0.094926,0.031202,0.042334,True,True,True,0.0,False,True,37.688
1460,73.0,1,drowsy,drowsy,1.0,0.0,1.0,0.0,0.0,0.0,0.484505,0.897556,0.0,0.173976,0.137357,0.14019,0.094955,0.031205,0.042336,True,True,True,0.0,False,True,46.06
1461,73.05,1,drowsy,drowsy,1.0,0.0,1.0,0.0,0.0,0.0,0.424596,0.916901,0.0,0.175908,0.137989,0.140423,0.094973,0.031207,0.042301,True,True,True,0.0,False,True,37.973
1462,73.1,1,drowsy,drowsy,1.0,0.0,1.0,0.0,0.0,0.0,0.380398,0.923304,0.0,0.176932,0.138389,0.140707,0.094498,0.031155,0.042302,True,True,True,0.0,False,True,37.481
1463,73.15,1,drowsy,drowsy,1.0,0.0,1.0,0.0,0.0,0.0,0.286045,0.936388,0.0,0.178851,0.138954,0.140393,0.094995,0.031209,0.042333,True,True,True,0.0,False,True,37.764
1464,73.2,1,drowsy,drowsy,1.0,0.0,1.0,0.0,0.0,0.0,0.148623,0.94823,0.0,0.179392,0.139134,0.140114,0.094997,0.031209,0.042328,True,True,True,0.0,False,True,38.584
1465,73.25,1,drowsy,drowsy,1.0,0.0,1.0,0.0,0.0,0.0,0.081634,0.951516,0.0,0.179606,0.139202,0.139782,0.094997,0.031209,0.042323,True,True,True,0.0,False,True,46.689
1466,73.3,1,drowsy,drowsy,1.0,0.0,1.0,0.0,0.0,0.0,0.086212,0.949174,0.0,0.179849,0.139282,0.139737,0.094998,0.03121,0.042287,True,True,True,0.0,False,True,38.2
1467,73.35,1,drowsy,drowsy,1.0,0.0,1.0,0.0,0.0,0.0,0.084683,0.946814,0.0,0.17936,0.139189,0.139429,0.09451,0.031157,0.042285,True,True,True,0.0,False,True,38.098
1468,73.4,1,drowsy,drowsy,1.0,0.0,1.0,0.0,0.0,0.0,0.08036,0.94484,0.0,0.180303,0.139071,0.139187,0.095005,0.031208,0.042319,True,True,True,0.0,False,True,37.929
1469,73.45,1,drowsy,drowsy,1.0,0.0,1.0,0.0,0.0,0.0,0.102786,0.940477,0.0,0.180634,0.138478,0.139224,0.09501,0.031203,0.04232,True,True,True,0.0,False,True,37.57
1470,73.5,1,drowsy,drowsy,1.0,0.0,1.0,0.0,0.0,0.0,0.081362,0.943968,0.0,0.180856,0.137886,0.139258,0.095015,0.031201,0.04232,True,True,True,0.0,False,True,46.656
1471,73.55,1,drowsy,drowsy,1.0,0.0,1.0,0.0,0.0,0.0,0.082023,0.943422,0.0,0.181087,0.137482,0.139209,0.09502,0.0312,0.042284,True,True,True,0.0,False,True,37.901
1472,73.6,1,drowsy,drowsy,1.0,0.0,1.0,0.0,0.0,0.0,0.09842,0.941538,0.0,0.180665,0.137416,0.139262,0.094534,0.031147,0.042285,True,True,True,0.0,False,True,37.775
1473,73.65,1,drowsy,drowsy,1.0,0.0,1.0,0.0,0.0,0.0,0.115318,0.939127,0.0,0.181813,0.137479,0.139418,0.095032,0.031201,0.042322,True,True,True,0.0,False,True,37.826
1474,73.7,1,drowsy,drowsy,1.0,0.0,1.0,0.0,0.0,0.0,0.078441,0.944224,0.0,0.180102,0.137544,0.139454,0.094993,0.031201,0.042322,True,True,True,0.0,False,True,38.169
1475,73.75,1,drowsy,drowsy,1.0,0.0,1.0,0.0,0.0,0.0,0.061113,0.946227,0.0,0.177993,0.137585,0.139475,0.094929,0.031202,0.042322,True,True,True,0.0,False,True,46.334
1476,73.8,1,drowsy,drowsy,1.0,0.0,1.0,0.0,0.0,0.0,0.050644,0.947941,0.0,0.175779,0.13761,0.1394,0.094869,0.031202,0.042286,True,True,True,0.0,False,True,37.39
1477,73.85,1,drowsy,drowsy,1.0,0.0,1.0,0.0,0.0,0.0,0.048007,0.948175,0.0,0.175123,0.137458,0.139409,0.094382,0.031149,0.042287,True,True,True,0.0,False,True,37.845
1478,73.9,1,drowsy,drowsy,1.0,0.0,1.0,0.0,0.0,0.0,0.046378,0.94858,0.0,0.171995,0.137646,0.139498,0.094815,0.031203,0.042323,True,True,True,0.0,False,True,37.329
1479,73.95,1,drowsy,drowsy,1.0,0.0,1.0,0.0,0.0,0.0,0.051028,0.947742,0.0,0.171115,0.13767,0.139503,0.094807,0.031203,0.042323,True,True,True,0.0,False,True,37.808
1480,74.0,1,drowsy,drowsy,1.0,0.0,1.0,0.0,0.0,0.0,0.053511,0.947429,0.0,0.170947,0.137698,0.139513,0.094809,0.031203,0.042323,True,True,True,0.0,False,True,46.567
1481,74.05,1,drowsy,drowsy,1.0,0.0,1.0,0.0,0.0,0.0,0.068918,0.943153,0.0,0.171078,0.137753,0.139454,0.094816,0.031204,0.042287,True,True,True,0.0,False,True,37.728
1482,74.1,1,drowsy,drowsy,1.0,0.0,1.0,0.0,0.0,0.0,0.087736,0.940274,0.0,0.171337,0.137669,0.139494,0.094824,0.031152,0.042288,True,True,True,0.0,False,True,37.755
1483,74.15,1,drowsy,drowsy,1.0,0.0,1.0,0.0,0.0,0.0,0.07367,0.94441,0.0,0.171532,0.137901,0.139606,0.09483,0.031205,0.042324,True,True,True,0.0,False,True,37.722
1484,74.2,1,drowsy,drowsy,1.0,0.0,1.0,0.0,0.0,0.0,0.065502,0.945882,0.0,0.171689,0.137949,0.139625,0.094834,0.031205,0.042324,True,True,True,0.0,False,True,37.956
1485,74.25,1,drowsy,drowsy,1.0,0.0,1.0,0.0,0.0,0.0,0.062859,0.945106,0.0,0.171829,0.137993,0.139644,0.094838,0.031206,0.042325,True,True,True,0.0,False,True,46.174
1486,74.3,1,drowsy,drowsy,1.0,0.0,1.0,0.0,0.0,0.0,0.067706,0.943353,0.0,0.17199,0.138044,0.139583,0.094843,0.031206,0.042289,True,True,True,0.0,False,True,37.924
1487,74.35,1,drowsy,drowsy,1.0,0.0,1.0,0.0,0.0,0.0,0.072073,0.943303,0.0,0.172176,0.137933,0.139607,0.094848,0.031154,0.042289,True,True,True,0.0,False,True,38.026
1488,74.4,1,drowsy,drowsy,1.0,0.0,1.0,0.0,0.0,0.0,0.058057,0.946455,0.0,0.172284,0.138138,0.139702,0.094851,0.031207,0.042325,True,True,True,0.0,False,True,38.565
1489,74.45,1,drowsy,drowsy,1.0,0.0,1.0,0.0,0.0,0.0,0.211421,0.918641,0.0,0.173174,0.13843,0.139843,0.094869,0.031209,0.042326,True,True,True,0.0,False,True,38.005
1490,74.5,1,drowsy,drowsy,1.0,0.0,1.0,0.0,0.0,0.0,0.345203,0.898813,0.0,0.174708,0.138933,0.140093,0.094897,0.031212,0.042328,True,True,True,0.0,False,True,46.236
1491,74.55,1,drowsy,drowsy,1.0,0.0,1.0,0.0,0.0,0.0,0.25366,0.916359,0.0,0.175809,0.139292,0.140186,0.094915,0.031214,0.042294,True,True,True,0.0,False,True,38.329
1492,74.6,1,drowsy,drowsy,1.0,0.0,1.0,0.0,0.0,0.0,0.14046,0.932032,0.0,0.176346,0.139294,0.140271,0.094926,0.031162,0.042294,True,True,True,0.0,False,True,38.055
1493,74.65,1,drowsy,drowsy,1.0,0.0,1.0,0.0,0.0,0.0,0.082593,0.940653,0.0,0.176569,0.139472,0.140393,0.094932,0.031215,0.042331,True,True,True,0.0,False,True,37.685
1494,74.7,1,drowsy,drowsy,1.0,0.0,1.0,0.0,0.0,0.0,0.072331,0.942596,0.0,0.176738,0.139386,0.140422,0.094937,0.031215,0.042331,True,True,True,0.0,False,True,37.749
1495,74.75,1,drowsy,drowsy,1.0,0.0,1.0,0.0,0.0,0.0,0.062269,0.944072,0.0,0.176857,0.139355,0.140443,0.094941,0.031215,0.042332,True,True,True,0.0,False,True,46.418
1496,74.8,1,drowsy,drowsy,1.0,0.0,1.0,0.0,0.0,0.0,0.064786,0.944318,0.0,0.176987,0.139353,0.140379,0.094945,0.031215,0.042296,True,True,True,0.0,False,True,37.624
1497,74.85,1,drowsy,drowsy,1.0,0.0,1.0,0.0,0.0,0.0,0.124442,0.930994,0.0,0.177425,0.139328,0.140453,0.094955,0.031163,0.042297,True,True,True,0.0,False,True,37.848
1498,74.9,1,drowsy,drowsy,1.0,0.0,1.0,0.0,0.0,0.0,0.120485,0.933945,0.0,0.177844,0.139615,0.140301,0.094964,0.031217,0.042331,True,True,True,0.0,False,True,37.67
1499,74.95,1,drowsy,drowsy,1.0,0.0,1.0,0.0,0.0,0.0,0.091914,0.940361,0.0,0.17811,0.139704,0.139985,0.09497,0.031218,0.042326,True,True,True,0.0,False,True,37.627
1500,75.0,1,drowsy,drowsy,1.0,0.0,1.0,0.0,0.0,0.0,0.102823,0.938125,0.0,0.178421,0.139813,0.13967,0.094977,0.031219,0.042322,True,True,True,0.0,False,True,46.296
1501,75.05,1,drowsy,drowsy,1.0,0.0,1.0,0.0,0.0,0.0,0.133012,0.935277,0.0,0.178884,0.139976,0.139665,0.094985,0.03122,0.042287,True,True,True,0.0,False,True,37.677
1502,75.1,1,drowsy,drowsy,1.0,0.0,1.0,0.0,0.0,0.0,0.134889,0.937929,0.0,0.179354,0.139967,0.139399,0.094992,0.031168,0.042285,True,True,True,0.0,False,True,37.613
1503,75.15,1,drowsy,drowsy,1.0,0.0,1.0,0.0,0.0,0.0,0.14939,0.937879,0.0,0.179915,0.140329,0.139219,0.094999,0.031222,0.04232,True,True,True,0.0,False,True,37.713
1504,75.2,1,drowsy,drowsy,1.0,0.0,1.0,0.0,0.0,0.0,0.196148,0.932532,0.0,0.180711,0.140599,0.13933,0.095009,0.031223,0.042321,True,True,True,0.0,False,True,37.613
1505,75.25,1,drowsy,drowsy,1.0,0.0,1.0,0.0,0.0,0.0,0.479672,0.864637,0.0,0.182852,0.141302,0.139676,0.095054,0.031228,0.042324,True,True,True,0.0,False,True,46.609
1506,75.3,1,drowsy,drowsy,1.0,0.0,1.0,0.0,0.0,0.0,0.537175,0.822436,0.0,0.185192,0.142064,0.139968,0.095121,0.031235,0.042293,True,True,True,0.0,False,True,37.648
1507,75.35,1,drowsy,drowsy,1.0,0.0,1.0,0.0,0.0,0.0,0.577808,0.830539,0.0,0.187732,0.142712,0.14038,0.095184,0.031189,0.042298,True,True,True,0.0,False,True,37.528
1508,75.4,1,drowsy,drowsy,1.0,0.0,1.0,0.0,0.0,0.0,0.612534,0.852605,0.0,0.190491,0.143788,0.140918,0.095236,0.031247,0.042338,True,True,True,0.0,False,True,37.599
1509,75.45,1,drowsy,drowsy,1.0,0.0,1.0,0.0,0.0,0.0,0.686015,0.849214,0.0,0.193558,0.144794,0.141422,0.095289,0.031253,0.042342,True,True,True,0.0,False,True,37.611
1510,75.5,1,drowsy,drowsy,1.0,0.0,1.0,0.0,0.0,0.0,0.585435,0.876626,0.0,0.196221,0.145666,0.141861,0.095328,0.031258,0.042345,True,True,True,0.0,False,True,46.666
1511,75.55,1,drowsy,drowsy,1.0,0.0,1.0,0.0,0.0,0.0,0.487648,0.909415,0.0,0.198448,0.146406,0.142143,0.095349,0.03126,0.04231,True,True,True,0.0,False,True,37.778
1512,75.6,1,drowsy,drowsy,1.0,0.0,1.0,0.0,0.0,0.0,0.52771,0.890572,0.0,0.200858,0.147014,0.14254,0.095381,0.03121,0.042312,True,True,True,0.0,False,True,37.55
1513,75.65,1,drowsy,drowsy,1.0,0.0,1.0,0.0,0.0,0.0,0.630639,0.85187,0.0,0.203675,0.148122,0.143092,0.095433,0.031269,0.042352,True,True,True,0.0,False,True,37.832
1514,75.7,1,drowsy,drowsy,1.0,0.0,1.0,0.0,0.0,0.0,0.707291,0.826645,0.0,0.206783,0.149138,0.143599,0.095498,0.031276,0.042357,True,True,True,0.0,False,True,37.468
1515,75.75,1,drowsy,drowsy,1.0,0.0,1.0,0.0,0.0,0.0,0.738127,0.817919,0.0,0.210024,0.150191,0.144124,0.095568,0.031284,0.042362,True,True,True,0.0,False,True,45.968
1516,75.8,1,drowsy,drowsy,1.0,0.0,1.0,0.0,0.0,0.0,0.548671,0.884632,0.0,0.212542,0.151014,0.144444,0.095603,0.031287,0.042329,True,True,True,0.0,False,True,37.421
1517,75.85,1,drowsy,drowsy,1.0,0.0,1.0,0.0,0.0,0.0,0.413097,0.91922,0.0,0.214447,0.151446,0.144756,0.12373,0.040419,0.04692,True,True,True,0.0,False,True,38.464
1518,75.9,1,drowsy,drowsy,1.0,0.0,1.0,0.0,0.0,0.0,0.258991,0.93481,0.0,0.215573,0.152014,0.145017,0.123741,0.040489,0.046961,True,True,True,0.0,False,True,37.841
1519,75.95,1,drowsy,drowsy,1.0,0.0,1.0,0.0,0.0,0.0,0.10163,0.948443,0.0,0.215881,0.152123,0.144752,0.123743,0.040489,0.046958,True,True,True,0.0,False,True,38.021
1520,76.0,1,drowsy,drowsy,1.0,0.0,1.0,0.0,0.0,0.0,0.048965,0.955194,0.0,0.215918,0.152139,0.144392,0.12374,0.040489,0.046953,True,True,True,0.0,False,True,46.395
1521,76.05,1,drowsy,drowsy,1.0,0.0,1.0,0.0,0.0,0.0,0.039939,0.95585,0.0,0.215909,0.152139,0.144302,0.123737,0.040489,0.046912,True,True,True,0.0,False,True,37.641
1522,76.1,1,drowsy,drowsy,1.0,0.0,1.0,0.0,0.0,0.0,0.037378,0.955528,0.0,0.21588,0.151943,0.143931,0.123734,0.040419,0.046908,True,True,True,0.0,False,True,37.834
1523,76.15,1,drowsy,drowsy,1.0,0.0,1.0,0.0,0.0,0.0,0.036538,0.954101,0.0,0.213879,0.152133,0.14333,0.123673,0.040488,0.046942,True,True,True,0.0,False,True,37.661
1524,76.2,1,drowsy,drowsy,1.0,0.0,1.0,0.0,0.0,0.0,0.038371,0.952867,0.0,0.211589,0.152136,0.143066,0.123582,0.040488,0.046941,True,True,True,0.0,False,True,37.98
1525,76.25,1,drowsy,drowsy,1.0,0.0,1.0,0.0,0.0,0.0,0.041493,0.951984,0.0,0.209079,0.151658,0.142924,0.123489,0.040485,0.04694,True,True,True,0.0,False,True,45.96
1526,76.3,1,drowsy,drowsy,1.0,0.0,1.0,0.0,0.0,0.0,0.041119,0.952029,0.0,0.206142,0.150945,0.142837,0.120398,0.040476,0.0469,True,True,True,0.0,False,True,37.338
1527,76.35,1,drowsy,drowsy,1.0,0.0,1.0,0.0,0.0,0.0,0.041484,0.951386,0.0,0.202888,0.150758,0.142789,0.116992,0.040407,0.0469,True,True,True,0.0,False,True,37.655
1528,76.4,1,drowsy,drowsy,1.0,0.0,1.0,0.0,0.0,0.0,0.041417,0.950931,0.0,0.199485,0.149446,0.142857,0.11345,0.040462,0.04694,True,True,True,0.0,False,True,37.536
1529,76.45,1,drowsy,drowsy,1.0,0.0,1.0,0.0,0.0,0.0,0.039112,0.951987,0.0,0.196026,0.148824,0.142854,0.109871,0.040459,0.04694,True,True,True,0.0,False,True,37.826
1530,76.5,1,drowsy,drowsy,1.0,0.0,1.0,0.0,0.0,0.0,0.04105,0.950648,0.0,0.192568,0.148449,0.142851,0.106288,0.040457,0.04694,True,True,True,0.0,False,True,46.457
1531,76.55,1,drowsy,drowsy,1.0,0.0,1.0,0.0,0.0,0.0,0.039952,0.95156,0.0,0.189108,0.148338,0.142763,0.102715,0.040457,0.0469,True,True,True,0.0,False,True,37.736
1532,76.6,1,drowsy,drowsy,1.0,0.0,1.0,0.0,0.0,0.0,0.039395,0.952359,0.0,0.185644,0.148152,0.142746,0.099145,0.040388,0.0469,True,True,True,0.0,False,True,38.123
1533,76.65,1,drowsy,drowsy,1.0,0.0,1.0,0.0,0.0,0.0,0.039478,0.95244,0.0,0.182199,0.148318,0.142811,0.095596,0.040457,0.04694,True,True,True,0.0,False,True,38.062
1534,76.7,1,drowsy,drowsy,1.0,0.0,1.0,0.0,0.0,0.0,0.042137,0.951488,0.0,0.178778,0.148325,0.142806,0.092061,0.040457,0.04694,True,True,True,0.0,False,True,38.246
1535,76.75,1,drowsy,drowsy,1.0,0.0,1.0,0.0,0.0,0.0,0.043193,0.951038,0.0,0.17538,0.148337,0.142802,0.088545,0.040458,0.04694,True,True,True,0.0,False,True,47.116
1536,76.8,1,drowsy,drowsy,1.0,0.0,1.0,0.0,0.0,0.0,0.041753,0.951344,0.0,0.172028,0.148343,0.142716,0.085085,0.040458,0.0469,True,True,True,0.0,False,True,38.208
1537,76.85,1,drowsy,drowsy,1.0,0.0,1.0,0.0,0.0,0.0,0.04112,0.951494,0.0,0.168783,0.14816,0.142711,0.08173,0.040389,0.0469,True,True,True,0.0,False,True,38.277
1538,76.9,1,drowsy,drowsy,1.0,0.0,1.0,0.0,0.0,0.0,0.038336,0.95187,0.0,0.165971,0.14834,0.142786,0.078793,0.040458,0.04694,True,True,True,0.0,False,True,38.948
1539,76.95,1,drowsy,drowsy,1.0,0.0,1.0,0.0,0.0,0.0,0.038008,0.952065,0.0,0.163635,0.148338,0.142782,0.076313,0.040458,0.04694,True,True,True,0.0,False,True,38.327
1540,77.0,1,drowsy,drowsy,1.0,0.0,1.0,0.0,0.0,0.0,0.038351,0.952239,0.0,0.161697,0.148333,0.142778,0.074207,0.040458,0.04694,True,True,True,0.0,False,True,47.482
1541,77.05,1,drowsy,drowsy,1.0,0.0,1.0,0.0,0.0,0.0,0.039665,0.951874,0.0,0.160178,0.148332,0.14269,0.072504,0.040458,0.0469,True,True,True,0.0,False,True,38.511
1542,77.1,1,drowsy,drowsy,1.0,0.0,1.0,0.0,0.0,0.0,0.038867,0.951987,0.0,0.159398,0.148145,0.142688,0.072496,0.040389,0.0469,True,True,True,0.0,False,True,37.963
1543,77.15,1,drowsy,drowsy,1.0,0.0,1.0,0.0,0.0,0.0,0.038761,0.952591,0.0,0.159032,0.148323,0.142773,0.072493,0.040458,0.04694,True,True,True,0.0,False,True,38.842
1544,77.2,1,drowsy,drowsy,1.0,0.0,1.0,0.0,0.0,0.0,0.036889,0.952841,0.0,0.158957,0.148316,0.142768,0.072493,0.040458,0.04694,True,True,True,0.0,False,True,38.178
1545,77.25,1,drowsy,drowsy,1.0,0.0,1.0,0.0,0.0,0.0,0.036617,0.953084,0.0,0.158946,0.148308,0.142764,0.072494,0.040458,0.046939,True,True,True,0.0,False,True,46.929
1546,77.3,1,drowsy,drowsy,1.0,0.0,1.0,0.0,0.0,0.0,0.036512,0.953238,0.0,0.158944,0.148305,0.142673,0.072494,0.040458,0.046899,True,True,True,0.0,False,True,39.067
1547,77.35,1,drowsy,drowsy,1.0,0.0,1.0,0.0,0.0,0.0,0.036639,0.953093,0.0,0.158938,0.148115,0.14267,0.072494,0.040389,0.046899,True,True,True,0.0,False,True,38.235
1548,77.4,1,drowsy,drowsy,1.0,0.0,1.0,0.0,0.0,0.0,0.036671,0.953251,0.0,0.158926,0.1483,0.142755,0.072494,0.040457,0.046939,True,True,True,0.0,False,True,38.314
1549,77.45,1,drowsy,drowsy,1.0,0.0,1.0,0.0,0.0,0.0,0.035997,0.953324,0.0,0.158893,0.148298,0.142722,0.072493,0.040457,0.046939,True,True,True,0.0,False,True,38.98
1550,77.5,1,drowsy,drowsy,1.0,0.0,1.0,0.0,0.0,0.0,0.035866,0.953413,0.0,0.158866,0.148295,0.142384,0.072492,0.040457,0.046935,True,True,True,0.0,False,True,46.604
1551,77.55,1,drowsy,drowsy,1.0,0.0,1.0,0.0,0.0,0.0,0.036189,0.953222,0.0,0.158847,0.148293,0.142294,0.072492,0.040457,0.046895,True,True,True,0.0,False,True,37.668
1552,77.6,1,drowsy,drowsy,1.0,0.0,1.0,0.0,0.0,0.0,0.036312,0.952883,0.0,0.158823,0.148102,0.141927,0.072491,0.040388,0.046889,True,True,True,0.0,False,True,37.655
1553,77.65,1,drowsy,drowsy,1.0,0.0,1.0,0.0,0.0,0.0,0.038056,0.952261,0.0,0.158814,0.148294,0.141359,0.072491,0.040457,0.046924,True,True,True,0.0,False,True,37.737
1554,77.7,1,drowsy,drowsy,1.0,0.0,1.0,0.0,0.0,0.0,0.125624,0.9366,0.0,0.159255,0.148447,0.14124,0.072497,0.040458,0.046924,True,True,True,0.0,False,True,38.0
1555,77.75,1,drowsy,drowsy,1.0,0.0,1.0,0.0,0.0,0.0,0.463588,0.866297,0.0,0.161276,0.149128,0.141513,0.07253,0.040465,0.046928,True,True,True,0.0,False,True,46.39
1556,77.8,1,drowsy,drowsy,1.0,0.0,1.0,0.0,0.0,0.0,0.533028,0.828016,0.0,0.163551,0.149891,0.141804,0.072578,0.040474,0.046893,True,True,True,0.0,False,True,37.61
1557,77.85,1,drowsy,drowsy,1.0,0.0,1.0,0.0,0.0,0.0,0.591364,0.827027,0.0,0.166084,0.150545,0.14221,0.072627,0.040414,0.046898,True,True,True,0.0,False,True,37.702
1558,77.9,1,drowsy,drowsy,1.0,0.0,1.0,0.0,0.0,0.0,0.670749,0.83169,0.0,0.168996,0.151711,0.142778,0.072674,0.040491,0.046944,True,True,True,0.0,False,True,37.782
1559,77.95,1,drowsy,drowsy,1.0,0.0,1.0,0.0,0.0,0.0,0.759243,0.817267,0.0,0.172269,0.1528,0.143318,0.072726,0.040501,0.046949,True,True,True,0.0,False,True,37.739
1560,78.0,1,drowsy,drowsy,1.0,0.0,1.0,0.0,0.0,0.0,0.799415,0.791633,0.0,0.175629,0.153918,0.14387,0.072789,0.040513,0.046956,True,True,True,0.0,False,True,46.254
1561,78.05,1,drowsy,drowsy,1.0,0.0,1.0,0.0,0.0,0.0,0.820904,0.771668,0.0,0.179001,0.155039,0.144338,0.072859,0.040526,0.046924,True,True,True,0.0,False,True,38.128
1562,78.1,1,drowsy,drowsy,1.0,0.0,1.0,0.0,0.0,0.0,0.83209,0.759643,0.05,0.182393,0.155963,0.144891,0.072935,0.040471,0.046932,True,True,True,0.0,False,True,37.255
1563,78.15,1,drowsy,drowsy,1.0,0.0,1.0,0.0,0.0,0.0,0.84296,0.750031,0.1,0.185816,0.157283,0.145519,0.073015,0.040555,0.04698,True,True,True,0.0,False,True,37.606
1564,78.2,1,drowsy,drowsy,1.0,0.0,1.0,0.0,0.0,0.0,0.848208,0.741863,0.15,0.18923,0.158406,0.146073,0.073098,0.04057,0.046989,True,True,True,0.0,False,True,37.944
1565,78.25,1,drowsy,drowsy,1.0,0.0,1.0,0.0,0.0,0.0,0.848912,0.738007,0.2,0.192657,0.159527,0.146627,0.073183,0.040586,0.046998,True,True,True,0.0,False,True,46.5
1566,78.3,1,drowsy,drowsy,1.0,0.0,1.0,0.0,0.0,0.0,0.85131,0.737525,0.25,0.196102,0.160653,0.147093,0.073268,0.040601,0.046967,True,True,True,0.0,False,True,37.662
1567,78.35,1,drowsy,drowsy,1.0,0.0,1.0,0.0,0.0,0.0,0.68998,0.801071,0.3,0.199082,0.161415,0.147567,0.106881,0.051593,0.052487,True,True,True,0.0,False,True,38.594
1568,78.4,1,drowsy,drowsy,1.0,0.0,1.0,0.0,0.0,0.0,0.528948,0.857273,0.0,0.201459,0.162404,0.148037,0.109414,0.052508,0.052944,True,True,True,0.0,False,True,37.963
1569,78.45,1,drowsy,drowsy,1.0,0.0,1.0,0.0,0.0,0.0,0.426409,0.898902,0.0,0.20341,0.163045,0.148351,0.11154,0.053203,0.05329,True,True,True,0.0,False,True,38.075
1570,78.5,1,drowsy,drowsy,1.0,0.0,1.0,0.0,0.0,0.0,0.290586,0.923221,0.0,0.204711,0.163472,0.148554,0.111558,0.053206,0.053292,True,True,True,0.0,False,True,46.773
1571,78.55,1,drowsy,drowsy,1.0,0.0,1.0,0.0,0.0,0.0,0.129773,0.941608,0.0,0.205191,0.163627,0.148538,0.111565,0.053207,0.053247,True,True,True,0.0,False,True,37.807
1572,78.6,1,drowsy,drowsy,1.0,0.0,1.0,0.0,0.0,0.0,0.056168,0.953117,0.0,0.205282,0.163443,0.148548,0.111564,0.053116,0.053247,True,True,True,0.0,False,True,37.879
1573,78.65,1,drowsy,drowsy,1.0,0.0,1.0,0.0,0.0,0.0,0.041515,0.955442,0.0,0.205294,0.163659,0.148639,0.111563,0.053207,0.053292,True,True,True,0.0,False,True,37.899
1574,78.7,1,drowsy,drowsy,1.0,0.0,1.0,0.0,0.0,0.0,0.037943,0.95513,0.0,0.205293,0.163657,0.148637,0.111561,0.053206,0.053292,True,True,True,0.0,False,True,38.267
1575,78.75,1,drowsy,drowsy,1.0,0.0,1.0,0.0,0.0,0.0,0.036872,0.954191,0.0,0.20528,0.163654,0.148635,0.11156,0.053206,0.053292,True,True,True,0.0,False,True,47.062
1576,78.8,1,drowsy,drowsy,1.0,0.0,1.0,0.0,0.0,0.0,0.038779,0.952837,0.0,0.205271,0.163654,0.148541,0.11156,0.053206,0.053246,True,True,True,0.0,False,True,38.256
1577,78.85,1,drowsy,drowsy,1.0,0.0,1.0,0.0,0.0,0.0,0.038979,0.952484,0.0,0.205246,0.16344,0.14854,0.111558,0.053115,0.053246,True,True,True,0.0,False,True,38.206
1578,78.9,1,drowsy,drowsy,1.0,0.0,1.0,0.0,0.0,0.0,0.038901,0.952636,0.0,0.20523,0.163648,0.148633,0.111558,0.053206,0.053292,True,True,True,0.0,False,True,37.907
1579,78.95,1,drowsy,drowsy,1.0,0.0,1.0,0.0,0.0,0.0,0.041643,0.951863,0.0,0.20523,0.163651,0.148636,0.111558,0.053206,0.053292,True,True,True,0.0,False,True,37.877
1580,79.0,1,drowsy,drowsy,1.0,0.0,1.0,0.0,0.0,0.0,0.042013,0.951982,0.0,0.205235,0.163646,0.14864,0.111557,0.053206,0.053292,True,True,True,0.0,False,True,46.388
1581,79.05,1,drowsy,drowsy,1.0,0.0,1.0,0.0,0.0,0.0,0.041405,0.952032,0.0,0.205239,0.163002,0.148549,0.111557,0.053198,0.053246,True,True,True,0.0,False,True,38.045
1582,79.1,1,drowsy,drowsy,1.0,0.0,1.0,0.0,0.0,0.0,0.040549,0.952481,0.0,0.205239,0.162792,0.148237,0.111556,0.053107,0.053242,True,True,True,0.0,False,True,37.718
1583,79.15,1,drowsy,drowsy,1.0,0.0,1.0,0.0,0.0,0.0,0.043253,0.951736,0.0,0.205249,0.161781,0.147599,0.111556,0.053187,0.053276,True,True,True,0.0,False,True,37.645
1584,79.2,1,drowsy,drowsy,1.0,0.0,1.0,0.0,0.0,0.0,0.042785,0.95142,0.0,0.205251,0.161489,0.147254,0.111556,0.053185,0.053273,True,True,True,0.0,False,True,37.804
1585,79.25,1,drowsy,drowsy,1.0,0.0,1.0,0.0,0.0,0.0,0.042339,0.951481,0.0,0.205258,0.161387,0.146977,0.111556,0.053185,0.053271,True,True,True,0.0,False,True,46.419
1586,79.3,1,drowsy,drowsy,1.0,0.0,1.0,0.0,0.0,0.0,0.041766,0.951916,0.0,0.20526,0.161368,0.146887,0.111556,0.053185,0.053225,True,True,True,0.0,False,True,37.624
1587,79.35,1,drowsy,drowsy,1.0,0.0,1.0,0.0,0.0,0.0,0.040509,0.952325,0.0,0.205263,0.161161,0.146741,0.111555,0.053094,0.053224,True,True,True,0.0,False,True,37.685
1588,79.4,1,drowsy,drowsy,1.0,0.0,1.0,0.0,0.0,0.0,0.040077,0.952822,0.0,0.205263,0.161369,0.146792,0.111555,0.053186,0.05327,True,True,True,0.0,False,True,37.819
1589,79.45,1,drowsy,drowsy,1.0,0.0,1.0,0.0,0.0,0.0,0.040327,0.952534,0.0,0.205266,0.161372,0.146794,0.111554,0.053186,0.05327,True,True,True,0.0,False,True,38.309
1590,79.5,1,drowsy,drowsy,1.0,0.0,1.0,0.0,0.0,0.0,0.045323,0.951249,0.0,0.205298,0.161385,0.146801,0.111555,0.053186,0.053271,True,True,True,0.0,False,True,46.687
1591,79.55,1,drowsy,drowsy,1.0,0.0,1.0,0.0,0.0,0.0,0.045847,0.951162,0.0,0.205335,0.161399,0.146715,0.111556,0.053186,0.053225,True,True,True,0.0,False,True,37.866
1592,79.6,1,drowsy,drowsy,1.0,0.0,1.0,0.0,0.0,0.0,0.047903,0.950571,0.0,0.205383,0.161205,0.146725,0.111557,0.053095,0.053225,True,True,True,0.0,False,True,37.794
1593,79.65,1,drowsy,drowsy,1.0,0.0,1.0,0.0,0.0,0.0,0.0467,0.950578,0.0,0.205415,0.161432,0.146827,0.111558,0.053187,0.053271,True,True,True,0.0,False,True,37.676
1594,79.7,1,drowsy,drowsy,1.0,0.0,1.0,0.0,0.0,0.0,0.043271,0.9516,0.0,0.205393,0.161441,0.146833,0.111557,0.053187,0.053271,True,True,True,0.0,False,True,37.782
1595,79.75,1,drowsy,drowsy,1.0,0.0,1.0,0.0,0.0,0.0,0.042176,0.951735,0.0,0.203441,0.161447,0.146837,0.111507,0.053187,0.053271,True,True,True,0.0,False,True,46.508
1596,79.8,1,drowsy,drowsy,1.0,0.0,1.0,0.0,0.0,0.0,0.043942,0.951561,0.0,0.201191,0.161457,0.146749,0.111431,0.053187,0.053226,True,True,True,0.0,False,True,37.878
1597,79.85,1,drowsy,drowsy,1.0,0.0,1.0,0.0,0.0,0.0,0.04326,0.951441,0.0,0.198691,0.161255,0.146753,0.111356,0.053096,0.053226,True,True,True,0.0,False,True,37.663
1598,79.9,1,drowsy,drowsy,1.0,0.0,1.0,0.0,0.0,0.0,0.045373,0.951003,0.0,0.195805,0.161478,0.146851,0.108289,0.053187,0.053271,True,True,True,0.0,False,True,37.544
1599,79.95,1,drowsy,drowsy,1.0,0.0,1.0,0.0,0.0,0.0,0.050395,0.949602,0.0,0.192644,0.161499,0.146862,0.104924,0.053187,0.053271,True,True,True,0.0,False,True,37.492
1600,80.0,1,drowsy,drowsy,1.0,0.0,1.0,0.0,0.0,0.0,0.047899,0.951086,0.0,0.189329,0.161515,0.146868,0.10143,0.053187,0.053271,True,True,True,0.0,False,True,46.378
1601,80.05,1,drowsy,drowsy,1.0,0.0,1.0,0.0,0.0,0.0,0.04631,0.951959,0.0,0.185946,0.161528,0.146782,0.097886,0.053187,0.053226,True,True,True,0.0,False,True,37.794
1602,80.1,1,drowsy,drowsy,1.0,0.0,1.0,0.0,0.0,0.0,0.045632,0.951868,0.0,0.182563,0.16133,0.146784,0.094355,0.053096,0.053226,True,True,True,0.0,False,True,37.77
1603,80.15,1,drowsy,drowsy,1.0,0.0,1.0,0.0,0.0,0.0,0.043093,0.952057,0.0,0.179184,0.160414,0.146876,0.090849,0.053173,0.053271,True,True,True,0.0,False,True,37.751
1604,80.2,1,drowsy,drowsy,1.0,0.0,1.0,0.0,0.0,0.0,0.042837,0.951895,0.0,0.17581,0.159687,0.146878,0.087351,0.053158,0.053271,True,True,True,0.0,False,True,38.458
1605,80.25,1,drowsy,drowsy,1.0,0.0,1.0,0.0,0.0,0.0,0.042824,0.952167,0.0,0.172453,0.158953,0.146879,0.083874,0.053148,0.053271,True,True,True,0.0,False,True,46.888
1606,80.3,1,drowsy,drowsy,1.0,0.0,1.0,0.0,0.0,0.0,0.044062,0.952102,0.0,0.1691,0.158297,0.146791,0.080397,0.053143,0.053226,True,True,True,0.0,False,True,38.235
1607,80.35,1,drowsy,drowsy,1.0,0.0,1.0,0.0,0.0,0.0,0.047057,0.95114,0.0,0.165789,0.158107,0.146795,0.07695,0.053052,0.053226,True,True,True,0.0,False,True,37.874
1608,80.4,1,drowsy,drowsy,1.0,0.0,1.0,0.0,0.0,0.0,0.055748,0.9487,0.0,0.162533,0.157694,0.146897,0.073517,0.053139,0.053271,True,True,True,0.0,False,True,37.624
1609,80.45,1,drowsy,drowsy,1.0,0.0,1.0,0.0,0.0,0.0,0.055006,0.948537,0.0,0.159351,0.157682,0.146908,0.070144,0.05314,0.053272,True,True,True,0.0,False,True,37.713
1610,80.5,1,drowsy,drowsy,1.0,0.0,1.0,0.0,0.0,0.0,0.060159,0.947676,0.0,0.15676,0.157714,0.146925,0.067293,0.053141,0.053272,True,True,True,0.0,False,True,46.404
1611,80.55,1,drowsy,drowsy,1.0,0.0,1.0,0.0,0.0,0.0,0.0579,0.949209,0.0,0.154945,0.157749,0.146849,0.065203,0.053141,0.053226,True,True,True,0.0,False,True,37.666
1612,80.6,1,drowsy,drowsy,1.0,0.0,1.0,0.0,0.0,0.0,0.051007,0.950774,0.0,0.154008,0.157567,0.146857,0.065197,0.053051,0.053226,True,True,True,0.0,False,True,37.646
1613,80.65,1,drowsy,drowsy,1.0,0.0,1.0,0.0,0.0,0.0,0.053106,0.950588,0.0,0.153816,0.157797,0.14696,0.065197,0.053142,0.053272,True,True,True,0.0,False,True,37.839
1614,80.7,1,drowsy,drowsy,1.0,0.0,1.0,0.0,0.0,0.0,0.068183,0.946262,0.0,0.153921,0.157848,0.146985,0.065201,0.053143,0.053272,True,True,True,0.0,False,True,37.523
1615,80.75,1,drowsy,drowsy,1.0,0.0,1.0,0.0,0.0,0.0,0.048039,0.950837,0.0,0.153961,0.157861,0.146991,0.065203,0.053143,0.053272,True,True,True,0.0,False,True,46.512
1616,80.8,1,drowsy,drowsy,1.0,0.0,1.0,0.0,0.0,0.0,0.049554,0.94951,0.0,0.154014,0.1577,0.146908,0.065204,0.053141,0.053227,True,True,True,0.0,False,True,37.735
1617,80.85,1,drowsy,drowsy,1.0,0.0,1.0,0.0,0.0,0.0,0.051463,0.948853,0.0,0.154076,0.157519,0.146915,0.065206,0.05305,0.053227,True,True,True,0.0,False,True,37.719
1618,80.9,1,drowsy,drowsy,1.0,0.0,1.0,0.0,0.0,0.0,0.050898,0.948569,0.0,0.154145,0.156323,0.147008,0.065208,0.05312,0.053273,True,True,True,0.0,False,True,37.688
1619,80.95,1,drowsy,drowsy,1.0,0.0,1.0,0.0,0.0,0.0,0.053421,0.947781,0.0,0.154226,0.155611,0.147016,0.06521,0.053108,0.053273,True,True,True,0.0,False,True,37.833
1620,81.0,1,drowsy,drowsy,1.0,0.0,1.0,0.0,0.0,0.0,0.055536,0.947312,0.0,0.154311,0.154944,0.147025,0.065212,0.053102,0.053273,True,True,True,0.0,False,True,46.409
1621,81.05,1,drowsy,drowsy,1.0,0.0,1.0,0.0,0.0,0.0,0.044893,0.951158,0.0,0.154332,0.154421,0.146938,0.065212,0.053098,0.053228,True,True,True,0.0,False,True,38.416
1622,81.1,1,drowsy,drowsy,1.0,0.0,1.0,0.0,0.0,0.0,0.044518,0.951044,0.0,0.154359,0.154233,0.146938,0.065212,0.053007,0.053228,True,True,True,0.0,False,True,38.078
1623,81.15,1,drowsy,drowsy,1.0,0.0,1.0,0.0,0.0,0.0,0.047246,0.950889,0.0,0.154406,0.15419,0.147031,0.065213,0.053097,0.053273,True,True,True,0.0,False,True,38.111
1624,81.2,1,drowsy,drowsy,1.0,0.0,1.0,0.0,0.0,0.0,0.060351,0.947841,0.0,0.154526,0.154221,0.147047,0.065215,0.053098,0.053273,True,True,True,0.0,False,True,38.425
1625,81.25,1,drowsy,drowsy,1.0,0.0,1.0,0.0,0.0,0.0,0.057177,0.947898,0.0,0.154628,0.154254,0.14706,0.065216,0.053099,0.053273,True,True,True,0.0,False,True,46.991
1626,81.3,1,drowsy,drowsy,1.0,0.0,1.0,0.0,0.0,0.0,0.050478,0.949292,0.0,0.154691,0.154278,0.146978,0.065217,0.053099,0.053228,True,True,True,0.0,False,True,37.761
1627,81.35,1,drowsy,drowsy,1.0,0.0,1.0,0.0,0.0,0.0,0.046626,0.950604,0.0,0.154741,0.154094,0.146981,0.065218,0.053008,0.053228,True,True,True,0.0,False,True,37.778
1628,81.4,1,drowsy,drowsy,1.0,0.0,1.0,0.0,0.0,0.0,0.044687,0.950985,0.0,0.154778,0.154311,0.147076,0.065218,0.053099,0.053274,True,True,True,0.0,False,True,37.448
1629,81.45,1,drowsy,drowsy,1.0,0.0,1.0,0.0,0.0,0.0,0.045441,0.95059,0.0,0.15482,0.154325,0.147078,0.065219,0.0531,0.053274,True,True,True,0.0,False,True,37.769
1630,81.5,1,drowsy,drowsy,1.0,0.0,1.0,0.0,0.0,0.0,0.051995,0.949199,0.0,0.154902,0.154348,0.146771,0.065221,0.0531,0.05327,True,True,True,0.0,False,True,46.727
1631,81.55,1,drowsy,drowsy,1.0,0.0,1.0,0.0,0.0,0.0,0.045547,0.951452,0.0,0.154949,0.154359,0.146684,0.065221,0.0531,0.053224,True,True,True,0.0,False,True,37.806
1632,81.6,1,drowsy,drowsy,1.0,0.0,1.0,0.0,0.0,0.0,0.045962,0.951688,0.0,0.15499,0.154174,0.146324,0.065222,0.053009,0.053218,True,True,True,0.0,False,True,37.894
1633,81.65,1,drowsy,drowsy,1.0,0.0,1.0,0.0,0.0,0.0,0.050709,0.950288,0.0,0.155058,0.154383,0.145546,0.065223,0.0531,0.052759,True,True,True,0.0,False,True,37.9
1634,81.7,1,drowsy,drowsy,1.0,0.0,1.0,0.0,0.0,0.0,0.054776,0.948691,0.0,0.155146,0.154409,0.145031,0.065224,0.0531,0.052208,True,True,True,0.0,False,True,37.739
1635,81.75,1,drowsy,drowsy,1.0,0.0,1.0,0.0,0.0,0.0,0.051006,0.949895,0.0,0.155209,0.154429,0.144489,0.065225,0.053101,0.051636,True,True,True,0.0,False,True,46.765
1636,81.8,1,drowsy,drowsy,1.0,0.0,1.0,0.0,0.0,0.0,0.04405,0.950994,0.0,0.155231,0.153813,0.144403,0.065226,0.053095,0.051592,True,True,True,0.0,False,True,37.709
1637,81.85,1,drowsy,drowsy,1.0,0.0,1.0,0.0,0.0,0.0,0.039501,0.952132,0.0,0.155229,0.153618,0.143843,0.065226,0.053004,0.051013,True,True,True,0.0,False,True,37.649
1638,81.9,1,drowsy,drowsy,1.0,0.0,1.0,0.0,0.0,0.0,0.038482,0.952277,0.0,0.155208,0.15227,0.142811,0.065226,0.05307,0.049902,True,True,True,0.0,False,True,37.535
1639,81.95,1,drowsy,drowsy,1.0,0.0,1.0,0.0,0.0,0.0,0.037638,0.952746,0.0,0.155191,0.151368,0.142248,0.065226,0.053058,0.049324,True,True,True,0.0,False,True,37.668
1640,82.0,1,drowsy,drowsy,1.0,0.0,1.0,0.0,0.0,0.0,0.039219,0.95215,0.0,0.15518,0.150575,0.141688,0.065226,0.053051,0.048748,True,True,True,0.0,False,True,46.648
1641,82.05,1,drowsy,drowsy,1.0,0.0,1.0,0.0,0.0,0.0,0.043048,0.951113,0.0,0.155178,0.149878,0.141604,0.065226,0.053046,0.048707,True,True,True,0.0,False,True,37.681
1642,82.1,1,drowsy,drowsy,1.0,0.0,1.0,0.0,0.0,0.0,0.113536,0.932859,0.0,0.155556,0.149817,0.14111,0.065233,0.052958,0.048135,True,True,True,0.0,False,True,37.421
1643,82.15,1,drowsy,drowsy,1.0,0.0,1.0,0.0,0.0,0.0,0.452431,0.873466,0.0,0.157546,0.14966,0.140423,0.06526,0.053049,0.047045,True,True,True,0.0,False,True,37.533
1644,82.2,1,drowsy,drowsy,1.0,0.0,1.0,0.0,0.0,0.0,0.414224,0.903178,0.0,0.159398,0.150093,0.140228,0.065278,0.053052,0.046526,True,True,True,0.0,False,True,38.114
1645,82.25,1,drowsy,drowsy,1.0,0.0,1.0,0.0,0.0,0.0,0.292264,0.92921,0.0,0.160678,0.15044,0.140015,0.065286,0.053054,0.046079,True,True,True,0.0,False,True,46.81
1646,82.3,1,drowsy,drowsy,1.0,0.0,1.0,0.0,0.0,0.0,0.134294,0.945768,0.0,0.16115,0.150534,0.140011,0.065288,0.053054,0.04604,True,True,True,0.0,False,True,38.106
1647,82.35,1,drowsy,drowsy,1.0,0.0,1.0,0.0,0.0,0.0,0.065046,0.952783,0.0,0.161267,0.150388,0.139665,0.065287,0.052964,0.045647,True,True,True,0.0,False,True,38.084
1648,82.4,1,drowsy,drowsy,1.0,0.0,1.0,0.0,0.0,0.0,0.052199,0.953145,0.0,0.161318,0.150082,0.139204,0.065287,0.05305,0.045069,True,True,True,0.0,False,True,39.749
1649,82.45,1,drowsy,drowsy,1.0,0.0,1.0,0.0,0.0,0.0,0.047878,0.952461,0.0,0.161339,0.149833,0.139077,0.065286,0.053049,0.045068,True,True,True,0.0,False,True,39.696
1650,82.5,1,drowsy,drowsy,1.0,0.0,1.0,0.0,0.0,0.0,0.044856,0.951776,0.0,0.161332,0.149637,0.139048,0.065286,0.053048,0.045068,True,True,True,0.0,False,True,47.558
1651,82.55,1,drowsy,drowsy,1.0,0.0,1.0,0.0,0.0,0.0,0.042055,0.952413,0.0,0.161284,0.149489,0.138966,0.065285,0.053047,0.04503,True,True,True,0.0,False,True,37.766
1652,82.6,1,drowsy,drowsy,1.0,0.0,1.0,0.0,0.0,0.0,0.04092,0.952273,0.0,0.161199,0.149304,0.138964,0.065283,0.052956,0.04503,True,True,True,0.0,False,True,37.765
1653,82.65,1,drowsy,drowsy,1.0,0.0,1.0,0.0,0.0,0.0,0.041102,0.952151,0.0,0.160067,0.14934,0.139053,0.065271,0.053047,0.045068,True,True,True,0.0,False,True,37.812
1654,82.7,1,drowsy,drowsy,1.0,0.0,1.0,0.0,0.0,0.0,0.041656,0.951869,0.0,0.157939,0.14919,0.139056,0.06523,0.053045,0.045068,True,True,True,0.0,False,True,37.678
1655,82.75,1,drowsy,drowsy,1.0,0.0,1.0,0.0,0.0,0.0,0.041848,0.952057,0.0,0.155638,0.148598,0.139058,0.065181,0.053041,0.045068,True,True,True,0.0,False,True,46.449
1656,82.8,1,drowsy,drowsy,1.0,0.0,1.0,0.0,0.0,0.0,0.040616,0.952144,0.0,0.153118,0.147909,0.138974,0.065138,0.053034,0.04503,True,True,True,0.0,False,True,37.84
1657,82.85,1,drowsy,drowsy,1.0,0.0,1.0,0.0,0.0,0.0,0.04405,0.950636,0.0,0.150564,0.147732,0.138977,0.065103,0.052944,0.04503,True,True,True,0.0,False,True,37.849
1658,82.9,1,drowsy,drowsy,1.0,0.0,1.0,0.0,0.0,0.0,0.046721,0.949995,0.0,0.148266,0.146784,0.139064,0.06508,0.053027,0.045068,True,True,True,0.0,False,True,37.429
1659,82.95,1,drowsy,drowsy,1.0,0.0,1.0,0.0,0.0,0.0,0.044346,0.951453,0.0,0.146112,0.146418,0.139066,0.065061,0.053025,0.045068,True,True,True,0.0,False,True,38.237
1660,83.0,1,drowsy,drowsy,1.0,0.0,1.0,0.0,0.0,0.0,0.04372,0.951464,0.0,0.143957,0.146218,0.139069,0.065042,0.053024,0.045068,True,True,True,0.0,False,True,46.538
1661,83.05,1,drowsy,drowsy,1.0,0.0,1.0,0.0,0.0,0.0,0.045247,0.951311,0.0,0.14207,0.146131,0.138989,0.06503,0.053024,0.04503,True,True,True,0.0,False,True,37.877
1662,83.1,1,drowsy,drowsy,1.0,0.0,1.0,0.0,0.0,0.0,0.041614,0.952067,0.0,0.140374,0.145953,0.13899,0.06502,0.052933,0.04503,True,True,True,0.0,False,True,37.707
1663,83.15,1,drowsy,drowsy,1.0,0.0,1.0,0.0,0.0,0.0,0.040096,0.952406,0.0,0.139129,0.145416,0.139069,0.065014,0.053016,0.045068,True,True,True,0.0,False,True,37.479
1664,83.2,1,drowsy,drowsy,1.0,0.0,1.0,0.0,0.0,0.0,0.039377,0.952449,0.0,0.13857,0.144673,0.139065,0.065013,0.053004,0.045068,True,True,True,0.0,False,True,37.774
1665,83.25,1,drowsy,drowsy,1.0,0.0,1.0,0.0,0.0,0.0,0.03825,0.952688,0.0,0.138348,0.143922,0.139062,0.065012,0.052995,0.045068,True,True,True,0.0,False,True,46.649
1666,83.3,1,drowsy,drowsy,1.0,0.0,1.0,0.0,0.0,0.0,0.037617,0.952766,0.0,0.138098,0.143194,0.138976,0.065011,0.052989,0.04503,True,True,True,0.0,False,True,37.884
1667,83.35,1,drowsy,drowsy,1.0,0.0,1.0,0.0,0.0,0.0,0.037229,0.952954,0.0,0.137853,0.143013,0.138972,0.065009,0.052898,0.04503,True,True,True,0.0,False,True,39.552
1668,83.4,1,drowsy,drowsy,1.0,0.0,1.0,0.0,0.0,0.0,0.039759,0.952145,0.0,0.137643,0.141904,0.139049,0.065006,0.05298,0.045068,True,True,True,0.0,False,True,39.628
1669,83.45,1,drowsy,drowsy,1.0,0.0,1.0,0.0,0.0,0.0,0.039498,0.952495,0.0,0.137317,0.141444,0.139046,0.065002,0.052977,0.045068,True,True,True,0.0,False,True,38.581
1670,83.5,0,alert,alert,0.852786,0.852786,0.001223,0.0,0.136304,0.009687,0.067789,0.940585,0.0,0.13725,0.141151,0.139069,0.065003,0.052977,0.045068,True,True,True,0.0,False,False,46.885
1671,83.55,0,alert,alert,0.789083,0.789083,0.001133,0.0,0.198571,0.011214,0.065198,0.942368,0.0,0.137165,0.140948,0.139007,0.065004,0.052976,0.04503,True,True,True,0.0,False,False,38.557
1672,83.6,0,alert,alert,0.81646,0.81646,0.000928,0.0,0.171765,0.010847,0.108553,0.933865,0.0,0.137217,0.140894,0.139063,0.065006,0.052888,0.045031,True,True,True,0.0,False,False,38.049
1673,83.65,0,alert,alert,0.798432,0.798432,0.000824,0.0,0.190001,0.010743,0.081257,0.943925,0.0,0.137044,0.140795,0.139183,0.065005,0.052977,0.04507,True,True,True,0.0,False,False,38.482
1674,83.7,0,alert,alert,0.780032,0.780032,0.000761,0.0,0.207486,0.011722,0.051712,0.950703,0.0,0.136906,0.14073,0.139194,0.065002,0.052977,0.04507,True,True,True,0.0,False,False,37.905
1675,83.75,0,alert,alert,0.699807,0.699807,0.000743,0.0,0.287244,0.012206,0.04505,0.952451,0.0,0.136821,0.140654,0.139199,0.065,0.052977,0.04507,True,True,True,0.0,False,False,46.808
1676,83.8,0,alert,alert,0.605633,0.605633,0.000731,0.0,0.380597,0.013039,0.04414,0.952405,0.0,0.136786,0.140612,0.139118,0.064999,0.052977,0.045031,True,True,True,0.0,False,False,37.707
1677,83.85,3,yawning,yawning,0.496132,0.490227,0.000706,0.0,0.496132,0.012936,0.046293,0.951735,0.0,0.136775,0.140451,0.139124,0.064997,0.052886,0.045031,True,True,True,0.0,False,False,37.505
1678,83.9,3,yawning,yawning,0.560148,0.426354,0.000672,0.0,0.560148,0.012826,0.048774,0.950559,0.0,0.136786,0.140579,0.139219,0.064997,0.052977,0.04507,True,True,True,0.0,False,False,37.676
1679,83.95,3,yawning,yawning,0.587909,0.398628,0.000655,0.0,0.587909,0.012809,0.044389,0.951582,0.0,0.136751,0.140542,0.139225,0.064995,0.052977,0.04507,True,True,True,0.0,False,False,37.903
1680,84.0,3,yawning,yawning,0.559538,0.426349,0.000648,0.0,0.559538,0.013465,0.045738,0.951611,0.0,0.136709,0.140503,0.139231,0.064994,0.052976,0.04507,True,True,True,0.0,False,False,46.621
1681,84.05,0,alert,alert,0.494181,0.494181,0.000653,0.0,0.490658,0.014508,0.046129,0.951574,0.0,0.13659,0.140477,0.139151,0.064991,0.052976,0.045032,True,True,True,0.0,False,False,37.971
1682,84.1,0,alert,alert,0.52565,0.52565,0.000659,0.0,0.457916,0.015776,0.046593,0.951462,0.0,0.136377,0.140317,0.139159,0.064987,0.052886,0.045032,True,True,True,0.0,False,False,37.757
1683,84.15,0,alert,alert,0.537255,0.537255,0.000665,0.0,0.445005,0.017076,0.044821,0.951834,0.0,0.136227,0.14036,0.139248,0.064984,0.052975,0.04507,True,True,True,0.0,False,False,37.688
1684,84.2,0,alert,alert,0.515483,0.515483,0.000672,0.0,0.465963,0.017882,0.042197,0.952228,0.0,0.136105,0.140327,0.139246,0.064982,0.052975,0.04507,True,True,True,0.0,False,False,37.84
1685,84.25,3,yawning,yawning,0.510196,0.471234,0.000678,0.0,0.510196,0.017892,0.042741,0.951839,0.0,0.136,0.140291,0.139247,0.06498,0.052975,0.04507,True,True,True,0.0,False,False,47.062
1686,84.3,3,yawning,yawning,0.547605,0.434565,0.000673,0.0,0.547605,0.017157,0.048625,0.95024,0.0,0.1359,0.14025,0.13917,0.064977,0.052975,0.045032,True,True,True,0.0,False,False,37.831
1687,84.35,3,yawning,yawning,0.544851,0.437175,0.000671,0.0,0.544851,0.017303,0.052938,0.949295,0.0,0.1358,0.140101,0.13918,0.064975,0.052885,0.045032,True,True,True,0.0,False,False,37.832
1688,84.4,3,yawning,yawning,0.500776,0.480861,0.000671,0.0,0.500776,0.017692,0.052842,0.949133,0.0,0.135773,0.140164,0.139275,0.064974,0.052974,0.04507,True,True,True,0.0,False,False,38.241
1689,84.45,0,alert,alert,0.563094,0.563094,0.000673,0.0,0.417349,0.018884,0.049109,0.949858,0.0,0.134958,0.140132,0.139283,0.064963,0.052974,0.04507,True,True,True,0.0,False,False,38.377
1690,84.5,0,alert,alert,0.619121,0.619121,0.000667,0.0,0.360104,0.020108,0.044841,0.951738,0.0,0.133484,0.140106,0.139285,0.064945,0.052974,0.04507,True,True,True,0.0,False,False,46.503
1691,84.55,0,alert,alert,0.704746,0.704746,0.000626,0.0,0.273493,0.021136,0.054918,0.950184,0.0,0.132492,0.14007,0.139214,0.064933,0.052973,0.045032,True,True,True,0.0,False,False,38.771
1692,84.6,0,alert,alert,0.773568,0.773568,0.000582,0.0,0.202326,0.023523,0.046202,0.949779,0.0,0.132013,0.139911,0.139219,0.064927,0.052883,0.045032,True,True,True,0.0,False,False,38.234
1693,84.65,0,alert,alert,0.837963,0.837963,0.000513,0.0,0.136854,0.02467,0.042606,0.951153,0.0,0.131806,0.140005,0.139304,0.064923,0.052972,0.04507,True,True,True,0.0,False,False,37.877
1694,84.7,0,alert,alert,0.88283,0.88283,0.000447,0.0,0.090849,0.025874,0.043179,0.951192,0.0,0.131655,0.139979,0.139308,0.06492,0.052972,0.04507,True,True,True,0.0,False,False,38.106
1695,84.75,0,alert,alert,0.886239,0.886239,0.000433,0.0,0.083945,0.029383,0.174425,0.927968,0.0,0.132219,0.140172,0.139422,0.064926,0.052974,0.045071,True,True,True,0.0,False,False,47.972
1696,84.8,0,alert,alert,0.923776,0.923776,0.000344,0.0,0.046663,0.029217,0.346804,0.903153,0.0,0.1336,0.140648,0.13959,0.06494,0.052978,0.045035,True,True,True,0.0,False,False,38.366
1697,84.85,0,alert,alert,0.933561,0.933561,0.000314,0.0,0.03275,0.033375,0.28464,0.925514,0.0,0.134396,0.140887,0.139796,0.064942,0.052891,0.045036,True,True,True,0.0,False,False,38.743
1698,84.9,0,alert,alert,0.9413,0.9413,0.000288,0.0,0.02766,0.030752,0.139136,0.944515,0.0,0.13449,0.141137,0.139967,0.064939,0.052981,0.045075,True,True,True,0.0,False,False,38.498
1699,84.95,0,alert,alert,0.933805,0.933805,0.000304,0.0,0.030957,0.034934,0.066496,0.95241,0.0,0.134357,0.141158,0.139988,0.064934,0.05298,0.045075,True,True,True,0.0,False,False,37.832
1700,85.0,0,alert,alert,0.933821,0.933821,0.000305,0.0,0.030506,0.035368,0.050137,0.954002,0.0,0.134085,0.141163,0.139996,0.064929,0.05298,0.045075,True,True,True,0.0,False,False,47.779
1701,85.05,0,alert,alert,0.921504,0.921504,0.000339,0.0,0.039274,0.038883,0.044776,0.953316,0.0,0.133634,0.141165,0.139914,0.064923,0.05298,0.045036,True,True,True,0.0,False,False,37.951
1702,85.1,0,alert,alert,0.893343,0.893343,0.000402,0.0,0.063148,0.043107,0.041492,0.952612,0.0,0.133157,0.140995,0.139909,0.064917,0.05289,0.045036,True,True,True,0.0,False,False,37.584
1703,85.15,0,alert,alert,0.838878,0.838878,0.000483,0.0,0.111466,0.049173,0.039628,0.95312,0.0,0.132597,0.141145,0.13931,0.064912,0.05298,0.045066,True,True,True,0.0,False,False,37.941
1704,85.2,0,alert,alert,0.776556,0.776556,0.000546,0.0,0.170958,0.05194,0.040354,0.952315,0.0,0.131808,0.141142,0.138905,0.064905,0.05298,0.045061,True,True,True,0.0,False,False,38.062
1705,85.25,0,alert,alert,0.768359,0.768359,0.000527,0.0,0.182825,0.048289,0.040248,0.952202,0.0,0.129729,0.141136,0.138433,0.064875,0.05298,0.044565,True,True,True,0.0,False,False,46.815
1706,85.3,0,alert,alert,0.734118,0.734118,0.000538,0.0,0.219461,0.045883,0.046024,0.950207,0.0,0.127508,0.141141,0.138354,0.06483,0.05298,0.044527,True,True,True,0.0,False,False,37.689
1707,85.35,0,alert,alert,0.728628,0.728628,0.00054,0.0,0.225809,0.045024,0.041698,0.951713,0.0,0.125069,0.140971,0.137832,0.064788,0.052889,0.04398,True,True,True,0.0,False,False,37.822
1708,85.4,0,alert,alert,0.744596,0.744596,0.000528,0.0,0.208492,0.046384,0.039508,0.951925,0.0,0.12241,0.141127,0.136815,0.06196,0.052979,0.042874,True,True,True,0.0,False,False,37.574
1709,85.45,0,alert,alert,0.764552,0.764552,0.000512,0.0,0.189309,0.045627,0.039761,0.951712,0.0,0.11943,0.141119,0.13626,0.058811,0.052979,0.042301,True,True,True,0.0,False,False,37.643
1710,85.5,0,alert,alert,0.828074,0.828074,0.000448,0.0,0.129417,0.04206,0.039841,0.951644,0.0,0.116842,0.141111,0.135708,0.056045,0.052979,0.041732,True,True,True,0.0,False,False,46.658
1711,85.55,0,alert,alert,0.874794,0.874794,0.000383,0.0,0.085833,0.038991,0.041719,0.951165,0.0,0.114659,0.141105,0.135628,0.053663,0.052979,0.041697,True,True,True,0.0,False,False,37.83
1712,85.6,0,alert,alert,0.917693,0.917693,0.00031,0.0,0.047768,0.034229,0.043721,0.950542,0.0,0.112333,0.140939,0.13508,0.051135,0.052889,0.041128,True,True,True,0.0,False,False,37.9
1713,85.65,0,alert,alert,0.943345,0.943345,0.000252,0.0,0.025784,0.030619,0.042625,0.950858,0.0,0.109622,0.141102,0.134064,0.04824,0.052979,0.040031,True,True,True,0.0,False,False,38.415
1714,85.7,1,drowsy,drowsy,1.0,0.0,1.0,0.0,0.0,0.0,0.042068,0.951539,0.0,0.106643,0.141103,0.133519,0.045088,0.052978,0.039469,True,True,True,0.0,False,True,38.002
1715,85.75,0,alert,alert,0.964202,0.964202,0.000187,0.0,0.00973,0.025881,0.042258,0.951898,0.0,0.103563,0.141106,0.132974,0.041837,0.052978,0.038908,True,True,True,0.0,False,False,47.406
1716,85.8,1,drowsy,drowsy,1.0,0.0,1.0,0.0,0.0,0.0,0.041951,0.952029,0.0,0.101152,0.14111,0.132897,0.039235,0.052978,0.038875,True,True,True,0.0,False,True,38.094
1717,85.85,0,alert,alert,0.969117,0.969117,0.000173,0.0,0.006884,0.023826,0.045206,0.951212,0.0,0.09934,0.140947,0.132367,0.037205,0.052888,0.038322,True,True,True,0.0,False,False,38.02
1718,85.9,0,alert,alert,0.968129,0.968129,0.000175,0.0,0.007027,0.024669,0.045386,0.951562,0.0,0.098271,0.141134,0.131695,0.037202,0.052978,0.037544,True,True,True,0.0,False,False,37.71
1719,85.95,0,alert,alert,0.965985,0.965985,0.00018,0.0,0.007684,0.026151,0.047627,0.951278,0.0,0.097998,0.141149,0.131539,0.037201,0.052978,0.037543,True,True,True,0.0,False,False,37.745
1720,86.0,0,alert,alert,0.96325,0.96325,0.000189,0.0,0.009243,0.027318,0.048586,0.950744,0.0,0.097997,0.141166,0.131505,0.037202,0.052978,0.037543,True,True,True,0.0,False,False,46.564
1721,86.05,0,alert,alert,0.960641,0.960641,0.000195,0.0,0.010629,0.028535,0.047894,0.950667,0.0,0.098039,0.141181,0.131434,0.037203,0.052978,0.037511,True,True,True,0.0,False,False,38.198
1722,86.1,0,alert,alert,0.95987,0.95987,0.000192,0.0,0.010079,0.029859,0.049645,0.950802,0.0,0.098103,0.141025,0.131435,0.037204,0.052888,0.037511,True,True,True,0.0,False,False,38.132
1723,86.15,0,alert,alert,0.94025,0.94025,0.00023,0.0,0.014167,0.045354,0.444781,0.872935,0.0,0.100029,0.141843,0.131835,0.03722,0.052986,0.037546,True,True,True,0.0,False,False,38.216
1724,86.2,0,alert,alert,0.927579,0.927579,0.000261,0.0,0.020772,0.051389,0.493784,0.850772,0.0,0.102129,0.142556,0.13219,0.037241,0.052995,0.03755,True,True,True,0.0,False,False,37.962
1725,86.25,0,alert,alert,0.932311,0.932311,0.000252,0.0,0.022449,0.044988,0.421865,0.902921,0.0,0.103977,0.143185,0.132505,0.03725,0.053,0.037551,True,True,True,0.0,False,False,46.71
1726,86.3,0,alert,alert,0.932661,0.932661,0.000253,0.0,0.026361,0.040725,0.288547,0.927564,0.0,0.10521,0.143604,0.132634,0.037255,0.053002,0.03752,True,True,True,0.0,False,False,37.716
1727,86.35,0,alert,alert,0.929759,0.929759,0.000261,0.0,0.031633,0.038347,0.13321,0.945543,0.0,0.105675,0.143586,0.132715,0.037256,0.052912,0.037521,True,True,True,0.0,False,False,37.555
1728,86.4,0,alert,alert,0.929812,0.929812,0.000261,0.0,0.031959,0.037968,0.06585,0.954275,0.0,0.105798,0.143802,0.132817,0.037256,0.053003,0.037552,True,True,True,0.0,False,False,37.939
1729,86.45,0,alert,alert,0.930869,0.930869,0.000262,0.0,0.031578,0.037292,0.046516,0.95584,0.0,0.105834,0.143779,0.132823,0.037255,0.053002,0.037552,True,True,True,0.0,False,False,37.551
1730,86.5,0,alert,alert,0.935615,0.935615,0.000253,0.0,0.029381,0.034751,0.042885,0.954557,0.0,0.105842,0.143758,0.132827,0.037254,0.053001,0.037552,True,True,True,0.0,False,False,46.704
1731,86.55,1,drowsy,drowsy,1.0,0.0,1.0,0.0,0.0,0.0,0.041364,0.953245,0.0,0.105849,0.143749,0.132749,0.037254,0.053001,0.03752,True,True,True,0.0,False,True,37.783
1732,86.6,1,drowsy,drowsy,1.0,0.0,1.0,0.0,0.0,0.0,0.041275,0.951923,0.0,0.105859,0.143574,0.132753,0.037254,0.052911,0.03752,True,True,True,0.0,False,True,37.691
1733,86.65,1,drowsy,drowsy,1.0,0.0,1.0,0.0,0.0,0.0,0.042369,0.951296,0.0,0.105874,0.143015,0.132838,0.037254,0.052992,0.037552,True,True,True,0.0,False,True,37.575
1734,86.7,1,drowsy,drowsy,1.0,0.0,1.0,0.0,0.0,0.0,0.041075,0.952348,0.0,0.105868,0.142272,0.132841,0.037254,0.05298,0.037552,True,True,True,0.0,False,True,37.813
1735,86.75,0,alert,alert,0.937013,0.937013,0.000278,0.0,0.026532,0.036177,0.040138,0.951774,0.0,0.105852,0.141513,0.132843,0.037254,0.052967,0.037552,True,True,True,0.0,False,False,46.609
1736,86.8,1,drowsy,drowsy,1.0,0.0,1.0,0.0,0.0,0.0,0.038538,0.952095,0.0,0.105836,0.140759,0.132763,0.037254,0.052957,0.03752,True,True,True,0.318189,False,True,37.623
1737,86.85,1,drowsy,drowsy,1.0,0.0,1.0,0.0,0.0,0.0,0.039084,0.952009,0.0,0.105825,0.140585,0.132765,0.037254,0.052867,0.03752,True,True,True,0.318189,False,True,37.771
1738,86.9,1,drowsy,drowsy,1.0,0.0,1.0,0.0,0.0,0.0,0.038322,0.952318,0.0,0.105825,0.139467,0.132848,0.037254,0.052948,0.037552,True,True,True,0.445447,False,True,38.061
1739,86.95,1,drowsy,drowsy,1.0,0.0,1.0,0.0,0.0,0.0,0.048181,0.950553,0.0,0.105877,0.13917,0.132857,0.037254,0.052946,0.037553,True,True,True,0.0,False,True,37.869
1740,87.0,1,drowsy,drowsy,1.0,0.0,1.0,0.0,0.0,0.0,0.046214,0.951891,0.0,0.105917,0.139091,0.132864,0.037254,0.052946,0.037553,True,True,True,0.485272,False,True,46.513
1741,87.05,1,drowsy,drowsy,1.0,0.0,1.0,0.0,0.0,0.0,0.046015,0.95151,0.0,0.10595,0.139072,0.13279,0.037254,0.052947,0.037521,True,True,True,0.0,False,True,37.838
1742,87.1,1,drowsy,drowsy,1.0,0.0,1.0,0.0,0.0,0.0,0.045525,0.951181,0.0,0.105984,0.138913,0.132797,0.037254,0.052857,0.037521,True,True,True,0.417066,False,True,37.894
1743,87.15,1,drowsy,drowsy,1.0,0.0,1.0,0.0,0.0,0.0,0.041034,0.952399,0.0,0.105995,0.139067,0.132877,0.037254,0.052947,0.037553,True,True,True,0.178113,False,True,38.136
1744,87.2,1,drowsy,drowsy,1.0,0.0,1.0,0.0,0.0,0.0,0.039699,0.95254,0.0,0.10601,0.139068,0.132877,0.037254,0.052947,0.037553,True,True,True,0.178113,False,True,37.85
1745,87.25,1,drowsy,drowsy,1.0,0.0,1.0,0.0,0.0,0.0,0.039694,0.952583,0.0,0.106026,0.139068,0.132875,0.037254,0.052947,0.037553,True,True,True,0.0,False,True,46.594
1746,87.3,1,drowsy,drowsy,1.0,0.0,1.0,0.0,0.0,0.0,0.044556,0.951391,0.0,0.106067,0.139077,0.1328,0.037255,0.052947,0.037521,True,True,True,0.0,False,True,37.997
1747,87.35,1,drowsy,drowsy,1.0,0.0,1.0,0.0,0.0,0.0,0.040358,0.952653,0.0,0.106086,0.138909,0.132799,0.037255,0.052857,0.037521,True,True,True,0.0,False,True,37.866
1748,87.4,1,drowsy,drowsy,1.0,0.0,1.0,0.0,0.0,0.0,0.040022,0.952492,0.0,0.106103,0.139082,0.132874,0.037255,0.052947,0.037553,True,True,True,0.0,False,True,38.419
1749,87.45,1,drowsy,drowsy,1.0,0.0,1.0,0.0,0.0,0.0,0.039965,0.952654,0.0,0.106124,0.13908,0.132874,0.037255,0.052947,0.037553,True,True,True,0.0,False,True,38.639
1750,87.5,1,drowsy,drowsy,1.0,0.0,1.0,0.0,0.0,0.0,0.039259,0.952726,0.0,0.106141,0.139079,0.132873,0.037255,0.052947,0.037553,True,True,True,0.053094,False,True,46.693
1751,87.55,1,drowsy,drowsy,1.0,0.0,1.0,0.0,0.0,0.0,0.038835,0.952771,0.0,0.106155,0.139078,0.132793,0.037255,0.052947,0.037521,True,True,True,0.116265,False,True,38.086
1752,87.6,1,drowsy,drowsy,1.0,0.0,1.0,0.0,0.0,0.0,0.041262,0.9521,0.0,0.10618,0.138911,0.132794,0.037255,0.052857,0.037521,True,True,True,0.128911,False,True,38.13
1753,87.65,1,drowsy,drowsy,1.0,0.0,1.0,0.0,0.0,0.0,0.040757,0.952451,0.0,0.106194,0.139078,0.132871,0.037255,0.052947,0.037553,True,True,True,0.128911,False,True,38.262
1754,87.7,1,drowsy,drowsy,1.0,0.0,1.0,0.0,0.0,0.0,0.042535,0.952079,0.0,0.105774,0.139082,0.132871,0.037252,0.052947,0.037552,True,True,True,0.0,False,True,38.204
1755,87.75,1,drowsy,drowsy,1.0,0.0,1.0,0.0,0.0,0.0,0.042525,0.951781,0.0,0.103799,0.138593,0.132871,0.037235,0.052942,0.037552,True,True,True,0.0,False,True,46.476
1756,87.8,1,drowsy,drowsy,1.0,0.0,1.0,0.0,0.0,0.0,0.047889,0.95004,0.0,0.101622,0.137892,0.132799,0.037211,0.052932,0.037521,True,True,True,0.0,False,True,37.799
1757,87.85,1,drowsy,drowsy,1.0,0.0,1.0,0.0,0.0,0.0,0.042537,0.951631,0.0,0.099166,0.13773,0.132798,0.037186,0.052842,0.037521,True,True,True,0.0,False,True,37.656
1758,87.9,1,drowsy,drowsy,1.0,0.0,1.0,0.0,0.0,0.0,0.041362,0.952231,0.0,0.096342,0.136424,0.132862,0.034193,0.052907,0.037552,True,True,True,0.0,False,True,37.884
1759,87.95,1,drowsy,drowsy,1.0,0.0,1.0,0.0,0.0,0.0,0.040095,0.952423,0.0,0.093176,0.135734,0.132847,0.030869,0.0529,0.037552,True,True,True,0.0,False,True,38.014
1760,88.0,1,drowsy,drowsy,1.0,0.0,1.0,0.0,0.0,0.0,0.038303,0.952957,0.0,0.089927,0.135219,0.132651,0.027479,0.052897,0.037551,True,True,True,0.0,False,True,46.75
1761,88.05,1,drowsy,drowsy,1.0,0.0,1.0,0.0,0.0,0.0,0.038013,0.953067,0.0,0.08667,0.135016,0.132571,0.024089,0.052896,0.037519,True,True,True,0.218733,False,True,37.909
1762,88.1,1,drowsy,drowsy,1.0,0.0,1.0,0.0,0.0,0.0,0.434241,0.876893,0.0,0.085282,0.135485,0.132534,0.020721,0.052813,0.037518,True,True,True,0.218733,False,True,38.13
1763,88.15,1,drowsy,drowsy,1.0,0.0,1.0,0.0,0.0,0.0,0.47735,0.875014,0.0,0.084088,0.136311,0.132163,0.017355,0.05291,0.037543,True,True,True,0.0,False,True,37.821
1764,88.2,1,drowsy,drowsy,1.0,0.0,1.0,0.0,0.0,0.0,0.38192,0.91642,0.0,0.082531,0.136883,0.132018,0.014005,0.052914,0.037541,True,True,True,0.0,False,True,37.612
1765,88.25,1,drowsy,drowsy,1.0,0.0,1.0,0.0,0.0,0.0,0.217667,0.936914,0.0,0.080208,0.13719,0.13178,0.010675,0.052916,0.03754,True,True,True,0.0,False,True,46.561
1766,88.3,1,drowsy,drowsy,1.0,0.0,1.0,0.0,0.0,0.0,0.080313,0.952052,0.0,0.077203,0.137266,0.131737,0.007344,0.052916,0.037508,True,True,True,0.0,False,True,37.956
1767,88.35,1,drowsy,drowsy,1.0,0.0,1.0,0.0,0.0,0.0,0.044148,0.955875,0.0,0.074443,0.137107,0.131377,0.004419,0.052826,0.037506,True,True,True,0.0,False,True,37.517
1768,88.4,1,drowsy,drowsy,1.0,0.0,1.0,0.0,0.0,0.0,0.039093,0.955728,0.0,0.072208,0.137281,0.130812,0.002023,0.052916,0.037535,True,True,True,0.0,False,True,37.837
1769,88.45,1,drowsy,drowsy,1.0,0.0,1.0,0.0,0.0,0.0,0.037145,0.955102,0.0,0.070351,0.137281,0.130586,0.0,0.052915,0.037534,True,True,True,0.0,False,True,37.546
1770,88.5,1,drowsy,drowsy,1.0,0.0,1.0,0.0,0.0,0.0,0.036688,0.954024,0.0,0.069109,0.137277,0.130445,0.0,0.052915,0.037533,True,True,True,0.0,False,True,46.694
1771,88.55,1,drowsy,drowsy,1.0,0.0,1.0,0.0,0.0,0.0,0.037093,0.953527,0.0,0.068647,0.137271,0.130366,0.0,0.052915,0.037501,True,True,True,0.0,False,True,37.796
1772,88.6,1,drowsy,drowsy,1.0,0.0,1.0,0.0,0.0,0.0,0.036986,0.953186,0.0,0.06855,0.1371,0.130314,0.0,0.052825,0.037501,True,True,True,0.0,False,True,37.962
1773,88.65,1,drowsy,drowsy,1.0,0.0,1.0,0.0,0.0,0.0,0.037727,0.952905,0.0,0.068531,0.137244,0.130334,0.0,0.052915,0.037533,True,True,True,0.0,False,True,37.801
1774,88.7,1,drowsy,drowsy,1.0,0.0,1.0,0.0,0.0,0.0,0.03708,0.952986,0.0,0.068527,0.137233,0.130295,0.0,0.052915,0.037533,True,True,True,0.0,False,True,38.024
1775,88.75,1,drowsy,drowsy,1.0,0.0,1.0,0.0,0.0,0.0,0.037662,0.952784,0.0,0.068532,0.137223,0.130213,0.0,0.052915,0.037532,True,True,True,0.07052,False,True,46.67
1776,88.8,1,drowsy,drowsy,1.0,0.0,1.0,0.0,0.0,0.0,0.038468,0.952436,0.0,0.06853,0.137219,0.130135,0.0,0.052914,0.0375,True,True,True,0.07052,False,True,37.906
1777,88.85,1,drowsy,drowsy,1.0,0.0,1.0,0.0,0.0,0.0,0.037606,0.952714,0.0,0.068523,0.137049,0.130052,0.0,0.052824,0.0375,True,True,True,0.02017,False,True,37.55
1778,88.9,1,drowsy,drowsy,1.0,0.0,1.0,0.0,0.0,0.0,0.037631,0.952868,0.0,0.068517,0.13721,0.130019,0.0,0.052914,0.037531,True,True,True,0.0,False,True,37.634
1779,88.95,1,drowsy,drowsy,1.0,0.0,1.0,0.0,0.0,0.0,0.038268,0.952772,0.0,0.0685,0.137206,0.129912,0.0,0.052914,0.03753,True,True,True,0.0,False,True,37.651
1780,89.0,1,drowsy,drowsy,1.0,0.0,1.0,0.0,0.0,0.0,0.038517,0.952771,0.0,0.068482,0.137199,0.129817,0.0,0.052914,0.03753,True,True,True,0.111444,False,True,46.575
1781,89.05,1,drowsy,drowsy,1.0,0.0,1.0,0.0,0.0,0.0,0.0385,0.952722,0.0,0.068467,0.137193,0.129739,0.0,0.052914,0.037498,True,True,True,0.111444,False,True,37.804
1782,89.1,1,drowsy,drowsy,1.0,0.0,1.0,0.0,0.0,0.0,0.037698,0.952778,0.0,0.068453,0.137023,0.129698,0.0,0.052824,0.037497,True,True,True,0.026396,False,True,37.558
1783,89.15,1,drowsy,drowsy,1.0,0.0,1.0,0.0,0.0,0.0,0.038418,0.952276,0.0,0.068429,0.13718,0.129742,0.0,0.052914,0.037529,True,True,True,0.0,False,True,37.812
1784,89.2,0,alert,alert,0.831659,0.831659,0.000806,0.0,0.135169,0.032366,0.03879,0.952079,0.0,0.068408,0.137179,0.129733,0.0,0.052914,0.037529,True,True,True,0.0,False,False,38.212
1785,89.25,1,drowsy,drowsy,1.0,0.0,1.0,0.0,0.0,0.0,0.039141,0.952381,0.0,0.068392,0.137177,0.129727,0.0,0.052914,0.037529,True,True,True,0.0,False,True,47.001
1786,89.3,0,alert,alert,0.704843,0.704843,0.000913,0.0,0.256867,0.037377,0.080971,0.940831,0.0,0.068588,0.137248,0.129686,0.0,0.052915,0.037497,True,True,True,0.0,False,False,38.684
1787,89.35,0,alert,alert,0.497895,0.497895,0.000943,0.0,0.468132,0.03303,0.120301,0.934752,0.0,0.068985,0.13722,0.129745,0.0,0.052826,0.037498,True,True,True,0.0,False,False,37.96
1788,89.4,3,yawning,yawning,0.573854,0.397296,0.000883,0.0,0.573854,0.027968,0.077249,0.945746,0.0,0.069171,0.137455,0.129814,0.0,0.052917,0.037529,True,True,True,0.0,False,False,38.575
1789,89.45,3,yawning,yawning,0.677765,0.300075,0.000798,0.0,0.677765,0.021362,0.064344,0.948342,0.0,0.069292,0.137502,0.129799,0.0,0.052917,0.037529,True,True,True,0.0,False,False,38.073
1790,89.5,1,drowsy,drowsy,1.0,0.0,1.0,0.0,0.0,0.0,0.046757,0.951812,0.0,0.069299,0.137518,0.129778,0.0,0.052917,0.037529,True,True,True,0.0,False,True,47.142
1791,89.55,1,drowsy,drowsy,1.0,0.0,1.0,0.0,0.0,0.0,0.044467,0.951761,0.0,0.069292,0.136911,0.129705,0.0,0.052911,0.037497,True,True,True,0.0,False,True,37.602
1792,89.6,1,drowsy,drowsy,1.0,0.0,1.0,0.0,0.0,0.0,0.04073,0.952658,0.0,0.069256,0.136747,0.129683,0.0,0.05282,0.037497,True,True,True,0.0,False,True,37.918
1793,89.65,1,drowsy,drowsy,1.0,0.0,1.0,0.0,0.0,0.0,0.039728,0.953065,0.0,0.06922,0.135456,0.129713,0.0,0.052887,0.037528,True,True,True,0.0,False,True,37.782
1794,89.7,3,yawning,yawning,0.592215,0.388387,0.000805,0.0,0.592215,0.018592,0.041467,0.951603,0.0,0.069211,0.134766,0.129686,0.0,0.052881,0.037528,True,True,True,0.0,False,False,37.57
1795,89.75,3,yawning,yawning,0.587186,0.392472,0.000804,0.0,0.587186,0.019539,0.040839,0.951755,0.0,0.069205,0.134256,0.12967,0.0,0.052878,0.037528,True,True,True,0.0,False,False,46.67
1796,89.8,3,yawning,yawning,0.594534,0.385189,0.000792,0.0,0.594534,0.019485,0.03974,0.952175,0.0,0.069183,0.134047,0.129593,0.0,0.052877,0.037496,True,True,True,0.0,False,False,37.638
1797,89.85,3,yawning,yawning,0.538504,0.438104,0.000819,0.0,0.538504,0.022573,0.037627,0.952808,0.0,0.069155,0.133883,0.129429,0.0,0.052786,0.037494,True,True,True,0.0,False,False,37.908
1798,89.9,0,alert,alert,0.509735,0.509735,0.00084,0.0,0.463522,0.025903,0.037842,0.953139,0.0,0.069117,0.133989,0.129068,0.0,0.052877,0.037523,True,True,True,0.0,False,False,37.831
1799,89.95,0,alert,alert,0.540466,0.540466,0.000835,0.0,0.431177,0.027522,0.037255,0.953327,0.0,0.06905,0.133986,0.128966,0.0,0.052877,0.037522,True,True,True,0.0,False,False,37.755
