frame_id,timestamp,state_id,state,predicted_driver_state,confidence,p_alert,p_drowsy,p_microsleep,p_yawning,p_distraction,closed_probability,ocular_reliability,closure_duration_seconds,perclos_10s,perclos_30s,perclos_60s,slow_perclos_10s,slow_perclos_30s,slow_perclos_60s,perclos_10s_reliable,perclos_30s_reliable,perclos_60s_reliable,nod_probability,microsleep_active,drowsy_episode_active,latency_ms
0,0.0,0,alert,alert,0.361267,0.361267,0.130552,0.0,0.303446,0.204734,0.260418,0.745371,0.0,0.260418,0.260418,0.260418,0.0,0.0,0.0,False,False,False,0.0,False,False,50.76
1,0.05,0,alert,alert,0.568351,0.568351,0.037518,0.0,0.269751,0.124379,0.115939,0.881848,0.0,0.182119,0.182119,0.182119,0.0,0.0,0.0,False,False,False,0.0,False,False,38.192
2,0.1,0,alert,alert,0.733788,0.733788,0.009599,0.0,0.180053,0.07656,0.070808,0.927682,0.0,0.141702,0.141702,0.141702,0.0,0.0,0.0,False,False,False,0.0,False,False,37.693
3,0.15,0,alert,alert,0.870998,0.870998,0.002662,0.0,0.083746,0.042595,0.066634,0.939139,0.0,0.121525,0.121525,0.121525,0.0,0.0,0.0,False,False,False,0.0,False,False,38.581
4,0.2,0,alert,alert,0.923278,0.923278,0.001174,0.0,0.040583,0.034965,0.061085,0.943828,0.0,0.108671,0.108671,0.108671,0.0,0.0,0.0,False,False,False,0.0,False,False,37.886
5,0.25,0,alert,alert,0.942062,0.942062,0.000721,0.0,0.025764,0.031453,0.074563,0.942043,0.0,0.102699,0.102699,0.102699,0.0,0.0,0.0,False,False,False,0.0,False,False,46.717
6,0.3,0,alert,alert,0.92609,0.92609,0.000666,0.0,0.019119,0.054125,0.059124,0.946287,0.0,0.096181,0.096181,0.096181,0.0,0.0,0.0,False,False,False,0.0,False,False,38.061
7,0.35,0,alert,alert,0.932775,0.932775,0.000479,0.0,0.010162,0.056584,0.057979,0.946738,0.0,0.091208,0.091208,0.091208,0.0,0.0,0.0,False,False,False,0.0,False,False,37.162
8,0.4,0,alert,alert,0.956227,0.956227,0.00031,0.0,0.004999,0.038464,0.058462,0.94579,0.0,0.087439,0.087439,0.087439,0.0,0.0,0.0,False,False,False,0.0,False,False,36.955
9,0.45,0,alert,alert,0.96459,0.96459,0.000238,0.0,0.003032,0.032141,0.068829,0.942559,0.0,0.085525,0.085525,0.085525,0.0,0.0,0.0,False,False,False,0.0,False,False,37.163
10,0.5,0,alert,alert,0.966725,0.966725,0.000212,0.0,0.002213,0.03085,0.091964,0.938173,0.0,0.086123,0.086123,0.086123,0.0,0.0,0.0,False,False,False,0.0,False,False,45.948
11,0.55,0,alert,alert,0.973875,0.973875,0.000184,0.0,0.001674,0.024266,0.089727,0.939506,0.0,0.08643,0.08643,0.08643,0.0,0.0,0.0,False,False,False,0.0,False,False,37.69
12,0.6,0,alert,alert,0.972176,0.972176,0.000215,0.0,0.001511,0.026098,0.448148,0.850557,0.0,0.112306,0.112306,0.112306,0.0,0.0,0.0,False,False,False,0.0,False,False,37.509
13,0.65,0,alert,alert,0.973558,0.973558,0.000255,0.0,0.001426,0.02476,0.492696,0.850982,0.0,0.137714,0.137714,0.137714,0.0,0.0,0.0,False,False,False,0.0,False,False,37.25
14,0.7,0,alert,alert,0.980948,0.980948,0.000237,0.0,0.001364,0.017451,0.416072,0.901868,0.0,0.156116,0.156116,0.156116,0.0,0.0,0.0,False,False,False,0.0,False,False,37.167
15,0.75,0,alert,alert,0.985138,0.985138,0.000212,0.0,0.001404,0.013246,0.309272,0.924342,0.0,0.165834,0.165834,0.165834,0.0,0.0,0.0,False,False,False,0.0,False,False,46.37
16,0.8,0,alert,alert,0.986197,0.986197,0.000205,0.0,0.001365,0.012234,0.164387,0.936492,0.0,0.165747,0.165747,0.165747,0.0,0.0,0.0,False,False,False,0.0,False,False,37.141
17,0.85,0,alert,alert,0.984531,0.984531,0.000219,0.0,0.001412,0.013838,0.109415,0.939828,0.0,0.162527,0.162527,0.162527,0.0,0.0,0.0,False,False,False,0.0,False,False,37.296
18,0.9,0,alert,alert,0.984776,0.984776,0.000219,0.0,0.001375,0.01363,0.069358,0.944635,0.0,0.157465,0.157465,0.157465,0.0,0.0,0.0,False,False,False,0.0,False,False,36.97
19,0.95,0,alert,alert,0.985516,0.985516,0.00022,0.0,0.001445,0.01282,0.061588,0.945835,0.0,0.152519,0.152519,0.152519,0.0,0.0,0.0,False,False,False,0.0,False,False,37.007
20,1.0,0,alert,alert,0.983007,0.983007,0.000239,0.0,0.00181,0.014944,0.069497,0.943557,0.0,0.148455,0.148455,0.148455,0.0,0.0,0.0,False,False,False,0.0,False,False,46.132
21,1.05,0,alert,alert,0.973306,0.973306,0.000299,0.0,0.002352,0.024043,0.074609,0.942546,0.0,0.145013,0.145013,0.145013,0.0,0.0,0.0,False,False,False,0.0,False,False,37.333
22,1.1,0,alert,alert,0.955587,0.955587,0.000383,0.0,0.002921,0.041109,0.072781,0.943334,0.0,0.141793,0.141793,0.141793,0.0,0.0,0.0,False,False,False,0.0,False,False,37.004
23,1.15,0,alert,alert,0.93969,0.93969,0.000418,0.0,0.003122,0.05677,0.061785,0.946097,0.0,0.13837,0.13837,0.13837,0.0,0.0,0.0,False,False,False,0.0,False,False,37.34
24,1.2,0,alert,alert,0.925709,0.925709,0.000474,0.0,0.003245,0.070572,0.067197,0.94438,0.0,0.135454,0.135454,0.135454,0.0,0.0,0.0,False,False,False,0.0,False,False,37.321
25,1.25,0,alert,alert,0.952103,0.952103,0.000377,0.0,0.00252,0.045,0.066534,0.945595,0.0,0.132738,0.132738,0.132738,0.0,0.0,0.0,False,False,False,0.0,False,False,45.709
26,1.3,0,alert,alert,0.957828,0.957828,0.000358,0.0,0.002242,0.039572,0.06376,0.946328,0.0,0.130122,0.130122,0.130122,0.0,0.0,0.0,False,False,False,0.0,False,False,37.228
27,1.35,0,alert,alert,0.965433,0.965433,0.000343,0.0,0.002146,0.032078,0.068971,0.944993,0.0,0.12789,0.12789,0.12789,0.0,0.0,0.0,False,False,False,0.0,False,False,37.507
28,1.4,0,alert,alert,0.965951,0.965951,0.000495,0.0,0.002579,0.030975,0.401476,0.873283,0.0,0.136817,0.136817,0.136817,0.0,0.0,0.0,False,False,False,0.0,False,False,37.178
29,1.45,0,alert,alert,0.959333,0.959333,0.001118,0.0,0.003564,0.035985,0.514167,0.806311,0.0,0.147853,0.147853,0.147853,0.0,0.0,0.0,False,False,False,0.0,False,False,37.073
30,1.5,0,alert,alert,0.946316,0.946316,0.004166,0.0,0.006724,0.042794,0.561376,0.817073,0.0,0.159755,0.159755,0.159755,0.0,0.0,0.0,False,False,False,0.0,False,False,46.157
31,1.55,0,alert,alert,0.90469,0.90469,0.022868,0.0,0.01742,0.055023,0.592967,0.835242,0.0,0.172137,0.172137,0.172137,0.0,0.0,0.0,False,False,False,0.0,False,False,37.116
32,1.6,0,alert,alert,0.689764,0.689764,0.188312,0.0,0.052023,0.069901,0.698797,0.827346,0.0,0.186638,0.186638,0.186638,0.0,0.0,0.0,False,False,False,0.0,False,False,37.156
33,1.65,1,drowsy,drowsy,0.707869,0.192077,0.707869,0.0,0.0639,0.036154,0.765458,0.812105,0.0,0.201869,0.201869,0.201869,0.0,0.0,0.0,False,False,False,0.0,False,False,37.29
34,1.7,1,drowsy,drowsy,0.923114,0.032016,0.923114,0.0,0.034108,0.010763,0.756635,0.818431,0.0,0.216201,0.216201,0.216201,0.0,0.0,0.0,False,False,False,0.0,False,False,37.216
35,1.75,1,drowsy,drowsy,0.974689,0.007405,0.974689,0.0,0.013997,0.003908,0.801855,0.798439,0.0,0.230598,0.230598,0.230598,0.0,0.0,0.0,False,False,False,0.0,False,False,45.73
36,1.8,1,drowsy,drowsy,0.987646,0.003007,0.987646,0.0,0.007199,0.002149,0.813661,0.785942,0.0,0.244375,0.244375,0.244375,0.0,0.0,0.0,False,False,False,0.0,False,False,37.241
37,1.85,1,drowsy,drowsy,0.992039,0.001848,0.992039,0.0,0.004535,0.001579,0.8262,0.772515,0.05,0.25758,0.25758,0.25758,0.0,0.0,0.0,False,False,False,0.0,False,False,37.147
38,1.9,1,drowsy,drowsy,0.993936,0.001426,0.993936,0.0,0.003288,0.001349,0.834774,0.766752,0.1,0.270296,0.270296,0.270296,0.0,0.0,0.0,False,False,False,0.0,False,False,37.026
39,1.95,1,drowsy,drowsy,0.9948,0.001227,0.9948,0.0,0.002715,0.001259,0.839448,0.760984,0.15,0.282474,0.282474,0.282474,0.0,0.0,0.0,False,False,False,0.0,False,False,37.215
40,2.0,1,drowsy,drowsy,0.995028,0.001163,0.995028,0.0,0.002552,0.001257,0.803131,0.785875,0.2,0.29373,0.29373,0.29373,0.0,0.0,0.0,False,False,False,0.0,False,False,46.129
41,2.05,1,drowsy,drowsy,0.995113,0.001134,0.995113,0.0,0.002488,0.001265,0.809898,0.783216,0.25,0.304617,0.304617,0.304617,0.169155,0.169155,0.169155,False,False,False,0.0,False,False,37.425
42,2.1,1,drowsy,drowsy,0.995159,0.001125,0.995159,0.0,0.002437,0.001279,0.822193,0.773226,0.3,0.315175,0.315175,0.315175,0.182475,0.182475,0.182475,False,False,False,0.0,False,False,36.995
43,2.15,1,drowsy,drowsy,0.995269,0.001113,0.995269,0.0,0.002331,0.001287,0.838537,0.756589,0.35,0.325416,0.325416,0.325416,0.195313,0.195313,0.195313,False,False,False,0.0,False,False,37.2
44,2.2,1,drowsy,drowsy,0.995406,0.001084,0.995406,0.0,0.002223,0.001287,0.843506,0.743682,0.4,0.335193,0.335193,0.335193,0.207546,0.207546,0.207546,False,False,False,0.0,False,False,37.269
45,2.25,1,drowsy,drowsy,0.995207,0.001124,0.995207,0.0,0.002311,0.001358,0.821791,0.751403,0.45,0.344298,0.344298,0.344298,0.219039,0.219039,0.219039,False,False,False,0.0,False,False,46.224
46,2.3,1,drowsy,drowsy,0.995015,0.001156,0.995015,0.0,0.002403,0.001425,0.791511,0.766834,0.5,0.352677,0.352677,0.352677,0.229765,0.229765,0.229765,False,False,False,0.0,False,False,37.479
47,2.35,1,drowsy,drowsy,0.994873,0.001179,0.994873,0.0,0.002473,0.001476,0.753761,0.790146,0.55,0.360274,0.360274,0.360274,0.239691,0.239691,0.239691,False,False,False,0.0,False,False,39.509
48,2.4,1,drowsy,drowsy,0.994636,0.001235,0.994636,0.0,0.002585,0.001544,0.727402,0.808416,0.6,0.367254,0.367254,0.367254,0.248962,0.248962,0.248962,False,False,False,0.0,False,False,37.694
49,2.45,1,drowsy,drowsy,0.99388,0.001323,0.99388,0.0,0.00309,0.001707,0.629125,0.846703,0.65,0.372366,0.372366,0.372366,0.256384,0.256384,0.256384,False,False,False,0.0,False,False,37.726
50,2.5,1,drowsy,drowsy,1.0,0.0,1.0,0.0,0.0,0.0,0.575641,0.876272,0.7,0.376392,0.376392,0.376392,0.262707,0.262707,0.262707,False,False,False,0.0,False,True,46.927
51,2.55,1,drowsy,drowsy,1.0,0.0,1.0,0.0,0.0,0.0,0.551977,0.886925,0.0,0.379842,0.379842,0.379842,0.268391,0.268391,0.268391,False,False,False,0.0,False,True,37.564
52,2.6,1,drowsy,drowsy,1.0,0.0,1.0,0.0,0.0,0.0,0.539251,0.894911,0.0,0.382942,0.382942,0.382942,0.273657,0.273657,0.273657,False,False,False,0.0,False,True,37.293
53,2.65,1,drowsy,drowsy,1.0,0.0,1.0,0.0,0.0,0.0,0.649531,0.85936,0.0,0.387828,0.387828,0.387828,0.280546,0.280546,0.280546,False,False,False,0.0,False,True,38.541
54,2.7,1,drowsy,drowsy,1.0,0.0,1.0,0.0,0.0,0.0,0.728528,0.823471,0.0,0.393708,0.393708,0.393708,0.288278,0.288278,0.288278,False,False,False,0.050203,False,True,38.482
55,2.75,1,drowsy,drowsy,1.0,0.0,1.0,0.0,0.0,0.0,0.763151,0.80001,0.0,0.3998,0.3998,0.3998,0.296109,0.296109,0.296109,False,False,False,0.0,False,True,46.877
56,2.8,1,drowsy,drowsy,1.0,0.0,1.0,0.0,0.0,0.0,0.796396,0.780813,0.0,0.406083,0.406083,0.406083,0.304034,0.304034,0.304034,False,False,False,0.0,False,True,39.006
57,2.85,1,drowsy,drowsy,1.0,0.0,1.0,0.0,0.0,0.0,0.822364,0.75734,0.0,0.412382,0.412382,0.412382,0.311877,0.311877,0.311877,False,False,False,0.0,False,True,38.716
58,2.9,1,drowsy,drowsy,1.0,0.0,1.0,0.0,0.0,0.0,0.845189,0.734444,0.05,0.418641,0.418641,0.418641,0.31959,0.31959,0.31959,False,False,False,0.0,False,True,37.11
59,2.95,1,drowsy,drowsy,1.0,0.0,1.0,0.0,0.0,0.0,0.851887,0.71903,0.1,0.424689,0.424689,0.424689,0.327021,0.327021,0.327021,False,False,False,0.0,False,True,37.173
60,3.0,1,drowsy,drowsy,1.0,0.0,1.0,0.0,0.0,0.0,0.864793,0.700382,0.15,0.430594,0.430594,0.430594,0.334236,0.334236,0.334236,False,False,False,0.0,False,True,46.488
61,3.05,1,drowsy,drowsy,1.0,0.0,1.0,0.0,0.0,0.0,0.859752,0.704159,0.2,0.436306,0.436306,0.436306,0.34123,0.34123,0.34123,False,False,False,0.0,False,True,38.608
62,3.1,1,drowsy,drowsy,1.0,0.0,1.0,0.0,0.0,0.0,0.847515,0.707313,0.25,0.44173,0.44173,0.44173,0.347909,0.347909,0.347909,False,False,False,0.0,False,True,38.336
63,3.15,1,drowsy,drowsy,1.0,0.0,1.0,0.0,0.0,0.0,0.837506,0.712071,0.3,0.446918,0.446918,0.446918,0.354326,0.354326,0.354326,False,False,False,0.0,False,True,38.799
64,3.2,1,drowsy,drowsy,1.0,0.0,1.0,0.0,0.0,0.0,0.842214,0.709853,0.35,0.452016,0.452016,0.452016,0.360619,0.360619,0.360619,False,False,False,0.0,False,True,37.352
65,3.25,1,drowsy,drowsy,1.0,0.0,1.0,0.0,0.0,0.0,0.830356,0.707937,0.4,0.456821,0.456821,0.456821,0.366585,0.366585,0.366585,False,False,False,0.0,False,True,47.812
66,3.3,1,drowsy,drowsy,1.0,0.0,1.0,0.0,0.0,0.0,0.835569,0.706144,0.45,0.461559,0.461559,0.461559,0.372451,0.372451,0.372451,False,False,False,0.0,False,True,38.853
67,3.35,1,drowsy,drowsy,1.0,0.0,1.0,0.0,0.0,0.0,0.830024,0.706786,0.5,0.466115,0.466115,0.466115,0.378109,0.378109,0.378109,False,False,False,0.0,False,True,39.649
68,3.4,1,drowsy,drowsy,0.989748,0.002109,0.989748,0.0,0.005708,0.002436,0.844117,0.69993,0.55,0.470688,0.470688,0.470688,0.383747,0.383747,0.383747,False,False,False,0.0,False,False,37.968
69,3.45,1,drowsy,drowsy,0.990052,0.002097,0.990052,0.0,0.005312,0.002539,0.848026,0.697455,0.6,0.475182,0.475182,0.475182,0.389277,0.389277,0.389277,False,False,False,0.0,False,False,39.378
70,3.5,1,drowsy,drowsy,1.0,0.0,1.0,0.0,0.0,0.0,0.8632,0.68231,0.65,0.479652,0.479652,0.479652,0.394735,0.394735,0.394735,False,False,False,0.0,False,True,48.77
71,3.55,1,drowsy,drowsy,0.991298,0.001898,0.991298,0.0,0.004343,0.002461,0.859888,0.677186,0.7,0.483949,0.483949,0.483949,0.399993,0.399993,0.399993,False,False,False,0.0,False,False,38.289
72,3.6,1,drowsy,drowsy,1.0,0.0,1.0,0.0,0.0,0.0,0.843323,0.692259,0.75,0.488054,0.488054,0.488054,0.405056,0.405056,0.405056,False,False,False,0.0,False,True,37.834
73,3.65,1,drowsy,drowsy,0.990916,0.001967,0.990916,0.0,0.004406,0.002712,0.686804,0.757155,0.8,0.490506,0.490506,0.490506,0.408533,0.408533,0.408533,False,False,False,0.0,False,False,39.34
74,3.7,1,drowsy,drowsy,1.0,0.0,1.0,0.0,0.0,0.0,0.511579,0.836371,0.85,0.49079,0.49079,0.49079,0.409918,0.409918,0.409918,False,False,False,0.0,False,True,39.251
75,3.75,1,drowsy,drowsy,1.0,0.0,1.0,0.0,0.0,0.0,0.451769,0.866897,0.0,0.490253,0.490253,0.490253,0.410494,0.410494,0.410494,False,False,False,0.0,False,True,46.489
76,3.8,1,drowsy,drowsy,1.0,0.0,1.0,0.0,0.0,0.0,0.385035,0.89337,0.0,0.488784,0.488784,0.488784,0.410138,0.410138,0.410138,False,False,False,0.0,False,True,38.225
77,3.85,1,drowsy,drowsy,1.0,0.0,1.0,0.0,0.0,0.0,0.281199,0.916577,0.0,0.485851,0.485851,0.485851,0.404344,0.404344,0.404344,False,False,False,0.0,False,True,37.955
78,3.9,1,drowsy,drowsy,1.0,0.0,1.0,0.0,0.0,0.0,0.180199,0.92973,0.0,0.481533,0.481533,0.481533,0.398631,0.398631,0.398631,False,False,False,0.0,False,True,38.136
79,3.95,1,drowsy,drowsy,1.0,0.0,1.0,0.0,0.0,0.0,0.118136,0.935703,0.0,0.476438,0.476438,0.476438,0.393043,0.393043,0.393043,False,False,False,0.0,False,True,37.638
80,4.0,1,drowsy,drowsy,1.0,0.0,1.0,0.0,0.0,0.0,0.08932,0.939261,0.0,0.471066,0.471066,0.471066,0.387588,0.387588,0.387588,False,False,False,0.0,False,True,46.48
81,4.05,1,drowsy,drowsy,1.0,0.0,1.0,0.0,0.0,0.0,0.097292,0.938452,0.0,0.465954,0.465954,0.465954,0.382288,0.382288,0.382288,False,False,False,0.0,False,True,37.431
82,4.1,1,drowsy,drowsy,1.0,0.0,1.0,0.0,0.0,0.0,0.119606,0.933697,0.0,0.461305,0.461305,0.461305,0.377156,0.377156,0.377156,False,False,False,0.0,False,True,37.015
83,4.15,1,drowsy,drowsy,1.0,0.0,1.0,0.0,0.0,0.0,0.127421,0.93184,0.0,0.456891,0.456891,0.456891,0.37217,0.37217,0.37217,False,False,False,0.0,False,True,37.466
84,4.2,1,drowsy,drowsy,1.0,0.0,1.0,0.0,0.0,0.0,0.108901,0.935704,0.0,0.452332,0.452332,0.452332,0.367294,0.367294,0.367294,False,False,False,0.0,False,True,38.677
85,4.25,1,drowsy,drowsy,1.0,0.0,1.0,0.0,0.0,0.0,0.098159,0.936841,0.0,0.447746,0.447746,0.447746,0.362538,0.362538,0.362538,False,False,False,0.0,False,True,47.253
86,4.3,1,drowsy,drowsy,1.0,0.0,1.0,0.0,0.0,0.0,0.114485,0.93319,0.0,0.443503,0.443503,0.443503,0.357922,0.357922,0.357922,False,False,False,0.0,False,True,37.373
87,4.35,3,yawning,yawning,0.57059,0.045225,0.371553,0.0,0.57059,0.012632,0.100417,0.934038,0.0,0.439186,0.439186,0.439186,0.353418,0.353418,0.353418,False,False,False,0.0,False,False,37.344
88,4.4,1,drowsy,drowsy,1.0,0.0,1.0,0.0,0.0,0.0,0.094006,0.935342,0.0,0.43489,0.43489,0.43489,0.34902,0.34902,0.34902,False,False,False,0.0,False,True,38.419
89,4.45,1,drowsy,drowsy,1.0,0.0,1.0,0.0,0.0,0.0,0.100643,0.934329,0.0,0.430786,0.430786,0.430786,0.344735,0.344735,0.344735,False,False,False,0.0,False,True,38.379
90,4.5,1,drowsy,drowsy,1.0,0.0,1.0,0.0,0.0,0.0,0.415277,0.857132,0.0,0.430613,0.430613,0.430613,0.340895,0.340895,0.340895,False,False,False,0.0,False,True,45.711
91,4.55,1,drowsy,drowsy,1.0,0.0,1.0,0.0,0.0,0.0,0.521011,0.814607,0.0,0.43156,0.43156,0.43156,0.337324,0.337324,0.337324,False,False,False,0.0,False,True,37.094
92,4.6,1,drowsy,drowsy,1.0,0.0,1.0,0.0,0.0,0.0,0.51471,0.868071,0.0,0.432478,0.432478,0.432478,0.3336,0.3336,0.3336,False,False,False,0.033781,False,True,37.024
93,4.65,1,drowsy,drowsy,1.0,0.0,1.0,0.0,0.0,0.0,0.450053,0.895836,0.0,0.432676,0.432676,0.432676,0.329843,0.329843,0.329843,False,False,False,0.0,False,True,38.596
94,4.7,1,drowsy,drowsy,1.0,0.0,1.0,0.0,0.0,0.0,0.347913,0.918549,0.0,0.431708,0.431708,0.431708,0.326077,0.326077,0.326077,False,False,False,0.0,False,True,38.379
95,4.75,1,drowsy,drowsy,1.0,0.0,1.0,0.0,0.0,0.0,0.21968,0.930555,0.0,0.429284,0.429284,0.429284,0.322348,0.322348,0.322348,False,False,False,0.0,False,True,46.206
96,4.8,1,drowsy,drowsy,1.0,0.0,1.0,0.0,0.0,0.0,0.128157,0.940351,0.0,0.425844,0.425844,0.425844,0.318666,0.318666,0.318666,False,False,False,0.0,False,True,37.108
97,4.85,1,drowsy,drowsy,1.0,0.0,1.0,0.0,0.0,0.0,0.087894,0.946323,0.0,0.422003,0.422003,0.422003,0.315044,0.315044,0.315044,False,False,False,0.0,False,True,37.228
98,4.9,1,drowsy,drowsy,1.0,0.0,1.0,0.0,0.0,0.0,0.082224,0.945466,0.0,0.418188,0.418188,0.418188,0.311507,0.311507,0.311507,False,False,False,0.0,False,True,36.921
99,4.95,1,drowsy,drowsy,1.0,0.0,1.0,0.0,0.0,0.0,0.078845,0.945231,0.0,0.414422,0.414422,0.414422,0.30805,0.30805,0.30805,False,False,False,0.0,False,True,37.445
100,5.0,1,drowsy,drowsy,1.0,0.0,1.0,0.0,0.0,0.0,0.076677,0.94394,0.0,0.410719,0.410719,0.410719,0.304673,0.304673,0.304673,False,False,False,0.0,False,True,46.02
101,5.05,1,drowsy,drowsy,1.0,0.0,1.0,0.0,0.0,0.0,0.065936,0.945711,0.0,0.406973,0.406973,0.406973,0.301362,0.301362,0.301362,False,False,False,0.0,False,True,37.333
102,5.1,1,drowsy,drowsy,1.0,0.0,1.0,0.0,0.0,0.0,0.07307,0.944687,0.0,0.403389,0.403389,0.403389,0.298127,0.298127,0.298127,False,False,False,0.0,False,True,37.459
103,5.15,1,drowsy,drowsy,1.0,0.0,1.0,0.0,0.0,0.0,0.06931,0.945052,0.0,0.399839,0.399839,0.399839,0.294959,0.294959,0.294959,False,False,False,0.0,False,True,37.291
104,5.2,1,drowsy,drowsy,1.0,0.0,1.0,0.0,0.0,0.0,0.063892,0.946995,0.0,0.396299,0.396299,0.396299,0.291852,0.291852,0.291852,False,False,False,0.0,False,True,37.071
105,5.25,1,drowsy,drowsy,1.0,0.0,1.0,0.0,0.0,0.0,0.068322,0.945544,0.0,0.392885,0.392885,0.392885,0.288813,0.288813,0.288813,False,False,False,0.0,False,True,45.975
106,5.3,1,drowsy,drowsy,1.0,0.0,1.0,0.0,0.0,0.0,0.074618,0.945364,0.0,0.389606,0.389606,0.389606,0.285838,0.285838,0.285838,False,False,False,0.0,False,True,37.31
107,5.35,1,drowsy,drowsy,1.0,0.0,1.0,0.0,0.0,0.0,0.084382,0.943668,0.0,0.3865,0.3865,0.3865,0.282929,0.282929,0.282929,False,False,False,0.0,False,True,37.33
108,5.4,1,drowsy,drowsy,1.0,0.0,1.0,0.0,0.0,0.0,0.120443,0.936972,0.0,0.383838,0.383838,0.383838,0.280099,0.280099,0.280099,False,False,False,0.0,False,True,37.238
109,5.45,1,drowsy,drowsy,1.0,0.0,1.0,0.0,0.0,0.0,0.215567,0.924098,0.0,0.382194,0.382194,0.382194,0.277362,0.277362,0.277362,False,False,False,0.0,False,True,37.151
110,5.5,1,drowsy,drowsy,1.0,0.0,1.0,0.0,0.0,0.0,0.41475,0.894643,0.0,0.382499,0.382499,0.382499,0.274763,0.274763,0.274763,False,False,False,0.0,False,True,46.28
111,5.55,1,drowsy,drowsy,1.0,0.0,1.0,0.0,0.0,0.0,0.505824,0.852455,0.0,0.383591,0.383591,0.383591,0.272331,0.272331,0.272331,False,False,False,0.0,False,True,37.48
112,5.6,1,drowsy,drowsy,1.0,0.0,1.0,0.0,0.0,0.0,0.514079,0.867293,0.0,0.384755,0.384755,0.384755,0.269901,0.269901,0.269901,False,False,False,0.0,False,True,37.075
113,5.65,1,drowsy,drowsy,1.0,0.0,1.0,0.0,0.0,0.0,0.499895,0.886243,0.0,0.385795,0.385795,0.385795,0.267462,0.267462,0.267462,False,False,False,0.0,False,True,36.901
114,5.7,1,drowsy,drowsy,1.0,0.0,1.0,0.0,0.0,0.0,0.501005,0.882578,0.0,0.386823,0.386823,0.386823,0.265077,0.265077,0.265077,False,False,False,0.0,False,True,37.967
115,5.75,1,drowsy,drowsy,1.0,0.0,1.0,0.0,0.0,0.0,0.469825,0.902827,0.0,0.387573,0.387573,0.387573,0.262681,0.262681,0.262681,False,False,False,0.0,False,True,46.383
116,5.8,1,drowsy,drowsy,1.0,0.0,1.0,0.0,0.0,0.0,0.4022,0.92065,0.0,0.387707,0.387707,0.387707,0.260281,0.260281,0.260281,False,False,False,0.0,False,True,37.433
117,5.85,1,drowsy,drowsy,1.0,0.0,1.0,0.0,0.0,0.0,0.320587,0.931437,0.0,0.387092,0.387092,0.387092,0.257898,0.257898,0.257898,False,False,False,0.0,False,True,37.483
118,5.9,1,drowsy,drowsy,1.0,0.0,1.0,0.0,0.0,0.0,0.210503,0.941972,0.0,0.385472,0.385472,0.385472,0.255531,0.255531,0.255531,False,False,False,0.0,False,True,36.991
119,5.95,1,drowsy,drowsy,1.0,0.0,1.0,0.0,0.0,0.0,0.156782,0.943815,0.0,0.383388,0.383388,0.383388,0.253204,0.253204,0.253204,False,False,False,0.0,False,True,36.956
120,6.0,1,drowsy,drowsy,1.0,0.0,1.0,0.0,0.0,0.0,0.12963,0.943362,0.0,0.381099,0.381099,0.381099,0.250919,0.250919,0.250919,False,False,False,0.0,False,True,45.816
121,6.05,1,drowsy,drowsy,1.0,0.0,1.0,0.0,0.0,0.0,0.120768,0.940613,0.0,0.378777,0.378777,0.378777,0.248681,0.248681,0.248681,False,False,False,0.0,False,True,37.244
122,6.1,3,yawning,yawning,0.951896,0.019703,0.02522,0.0,0.951896,0.003181,0.12126,0.939063,0.0,0.376505,0.376505,0.376505,0.246487,0.246487,0.246487,False,False,False,0.0,False,False,37.076
123,6.15,1,drowsy,drowsy,1.0,0.0,1.0,0.0,0.0,0.0,0.103266,0.940461,0.0,0.374112,0.374112,0.374112,0.244328,0.244328,0.244328,False,False,False,0.0,False,True,37.09
124,6.2,1,drowsy,drowsy,1.0,0.0,1.0,0.0,0.0,0.0,0.09319,0.939285,0.0,0.371676,0.371676,0.371676,0.242209,0.242209,0.242209,False,False,False,0.0,False,True,37.036
125,6.25,1,drowsy,drowsy,1.0,0.0,1.0,0.0,0.0,0.0,0.091392,0.940389,0.0,0.369263,0.369263,0.369263,0.240124,0.240124,0.240124,False,False,False,0.0,False,True,46.269
126,6.3,1,drowsy,drowsy,1.0,0.0,1.0,0.0,0.0,0.0,0.086456,0.940223,0.0,0.36685,0.36685,0.36685,0.238075,0.238075,0.238075,False,False,False,0.0,False,True,37.426
127,6.35,1,drowsy,drowsy,1.0,0.0,1.0,0.0,0.0,0.0,0.083776,0.940595,0.0,0.364454,0.364454,0.364454,0.23606,0.23606,0.23606,False,False,False,0.0,False,True,37.121
128,6.4,1,drowsy,drowsy,1.0,0.0,1.0,0.0,0.0,0.0,0.092394,0.940198,0.0,0.362171,0.362171,0.362171,0.23408,0.23408,0.23408,False,False,False,0.0,False,True,37.614
129,6.45,1,drowsy,drowsy,1.0,0.0,1.0,0.0,0.0,0.0,0.098533,0.939802,0.0,0.359979,0.359979,0.359979,0.232133,0.232133,0.232133,False,False,False,0.0,False,True,37.694
130,6.5,3,yawning,yawning,0.968744,0.024375,0.003878,0.0,0.968744,0.003003,0.089907,0.940874,0.0,0.357749,0.357749,0.357749,0.230216,0.230216,0.230216,False,False,False,0.0,False,False,46.762
131,6.55,1,drowsy,drowsy,1.0,0.0,1.0,0.0,0.0,0.0,0.081516,0.942436,0.0,0.355483,0.355483,0.355483,0.228328,0.228328,0.228328,False,False,False,0.0,False,True,37.57
132,6.6,1,drowsy,drowsy,1.0,0.0,1.0,0.0,0.0,0.0,0.094116,0.940304,0.0,0.353361,0.353361,0.353361,0.226474,0.226474,0.226474,False,False,False,0.0,False,True,37.2
133,6.65,1,drowsy,drowsy,1.0,0.0,1.0,0.0,0.0,0.0,0.089589,0.940737,0.0,0.351236,0.351236,0.351236,0.22465,0.22465,0.22465,False,False,False,0.0,False,True,37.197
134,6.7,1,drowsy,drowsy,1.0,0.0,1.0,0.0,0.0,0.0,0.102372,0.937822,0.0,0.349253,0.349253,0.349253,0.22286,0.22286,0.22286,False,False,False,0.0,False,True,37.321
135,6.75,1,drowsy,drowsy,1.0,0.0,1.0,0.0,0.0,0.0,0.087749,0.939705,0.0,0.347182,0.347182,0.347182,0.221095,0.221095,0.221095,False,False,False,0.0,False,True,46.203
136,6.8,3,yawning,yawning,0.953106,0.040722,0.001876,0.0,0.953106,0.004295,0.130703,0.931182,0.0,0.345497,0.345497,0.345497,0.219373,0.219373,0.219373,False,False,False,0.0,False,False,37.276
137,6.85,3,yawning,yawning,0.952354,0.040434,0.001932,0.0,0.952354,0.00528,0.123626,0.93472,0.0,0.343776,0.343776,0.343776,0.217672,0.217672,0.217672,False,False,False,0.0,False,False,37.189
138,6.9,1,drowsy,drowsy,1.0,0.0,1.0,0.0,0.0,0.0,0.120133,0.9364,0.0,0.342051,0.342051,0.342051,0.215994,0.215994,0.215994,False,False,False,0.0,False,True,37.033
139,6.95,1,drowsy,drowsy,1.0,0.0,1.0,0.0,0.0,0.0,0.094662,0.939199,0.0,0.340153,0.340153,0.340153,0.214336,0.214336,0.214336,False,False,False,0.0,False,True,37.318
140,7.0,3,yawning,yawning,0.949317,0.039056,0.003322,0.0,0.949317,0.008305,0.457256,0.847428,0.0,0.340958,0.340958,0.340958,0.212862,0.212862,0.212862,False,False,False,0.0,False,False,46.192
141,7.05,1,drowsy,drowsy,1.0,0.0,1.0,0.0,0.0,0.0,0.51054,0.835103,0.0,0.3421,0.3421,0.3421,0.21143,0.21143,0.21143,False,False,False,0.0,False,True,37.428
142,7.1,3,yawning,yawning,0.950062,0.028596,0.011226,0.0,0.950062,0.010116,0.505624,0.866135,0.0,0.343233,0.343233,0.343233,0.209964,0.209964,0.209964,False,False,False,0.0,False,False,37.93
143,7.15,1,drowsy,drowsy,1.0,0.0,1.0,0.0,0.0,0.0,0.458358,0.895061,0.0,0.344052,0.344052,0.344052,0.20847,0.20847,0.20847,False,False,False,0.0,False,True,37.61
144,7.2,3,yawning,yawning,0.950872,0.025499,0.014606,0.0,0.950872,0.009022,0.358576,0.917131,0.0,0.344157,0.344157,0.344157,0.206962,0.206962,0.206962,False,False,False,0.0,False,False,37.668
145,7.25,1,drowsy,drowsy,1.0,0.0,1.0,0.0,0.0,0.0,0.212162,0.936501,0.0,0.343189,0.343189,0.343189,0.205444,0.205444,0.205444,False,False,False,0.0,False,True,46.428
146,7.3,1,drowsy,drowsy,1.0,0.0,1.0,0.0,0.0,0.0,0.10882,0.948513,0.0,0.341461,0.341461,0.341461,0.203929,0.203929,0.203929,False,False,False,0.0,False,True,37.522
147,7.35,1,drowsy,drowsy,1.0,0.0,1.0,0.0,0.0,0.0,0.083967,0.950135,0.0,0.339573,0.339573,0.339573,0.202434,0.202434,0.202434,False,False,False,0.0,False,True,37.133
148,7.4,1,drowsy,drowsy,1.0,0.0,1.0,0.0,0.0,0.0,0.074985,0.949788,0.0,0.337648,0.337648,0.337648,0.200961,0.200961,0.200961,False,False,False,0.0,False,True,36.95
149,7.45,1,drowsy,drowsy,1.0,0.0,1.0,0.0,0.0,0.0,0.077298,0.948332,0.0,0.33577,0.33577,0.33577,0.199512,0.199512,0.199512,False,False,False,0.0,False,True,37.311
150,7.5,1,drowsy,drowsy,1.0,0.0,1.0,0.0,0.0,0.0,0.078926,0.946631,0.0,0.333934,0.333934,0.333934,0.198086,0.198086,0.198086,False,False,False,0.0,False,True,46.051
151,7.55,1,drowsy,drowsy,1.0,0.0,1.0,0.0,0.0,0.0,0.069667,0.948101,0.0,0.332056,0.332056,0.332056,0.196677,0.196677,0.196677,False,False,False,0.0,False,True,37.357
152,7.6,1,drowsy,drowsy,1.0,0.0,1.0,0.0,0.0,0.0,0.067125,0.947718,0.0,0.330187,0.330187,0.330187,0.19529,0.19529,0.19529,False,False,False,0.0,False,True,37.423
153,7.65,1,drowsy,drowsy,1.0,0.0,1.0,0.0,0.0,0.0,0.069058,0.947453,0.0,0.328358,0.328358,0.328358,0.193922,0.193922,0.193922,False,False,False,0.0,False,True,37.297
154,7.7,1,drowsy,drowsy,1.0,0.0,1.0,0.0,0.0,0.0,0.059101,0.949166,0.0,0.326482,0.326482,0.326482,0.192571,0.192571,0.192571,False,False,False,0.0,False,True,37.064
155,7.75,1,drowsy,drowsy,1.0,0.0,1.0,0.0,0.0,0.0,0.056547,0.949174,0.0,0.324614,0.324614,0.324614,0.191238,0.191238,0.191238,False,False,False,0.0,False,True,46.182
156,7.8,1,drowsy,drowsy,1.0,0.0,1.0,0.0,0.0,0.0,0.05951,0.948226,0.0,0.322794,0.322794,0.322794,0.189926,0.189926,0.189926,False,False,False,0.0,False,True,37.808
157,7.85,1,drowsy,drowsy,1.0,0.0,1.0,0.0,0.0,0.0,0.060455,0.948496,0.0,0.321005,0.321005,0.321005,0.18863,0.18863,0.18863,False,False,False,0.0,False,True,38.109
158,7.9,1,drowsy,drowsy,1.0,0.0,1.0,0.0,0.0,0.0,0.064758,0.94806,0.0,0.31927,0.31927,0.31927,0.187353,0.187353,0.187353,False,False,False,0.0,False,True,37.405
159,7.95,1,drowsy,drowsy,1.0,0.0,1.0,0.0,0.0,0.0,0.394795,0.878808,0.0,0.319741,0.319741,0.319741,0.186184,0.186184,0.186184,False,False,False,0.0,False,True,37.313
160,8.0,1,drowsy,drowsy,1.0,0.0,1.0,0.0,0.0,0.0,0.517009,0.813224,0.0,0.320873,0.320873,0.320873,0.185116,0.185116,0.185116,False,False,False,0.0,False,True,46.17
161,8.05,1,drowsy,drowsy,1.0,0.0,1.0,0.0,0.0,0.0,0.56841,0.807015,0.0,0.322274,0.322274,0.322274,0.184068,0.184068,0.184068,False,False,False,0.0,False,True,37.359
162,8.1,1,drowsy,drowsy,1.0,0.0,1.0,0.0,0.0,0.0,0.632448,0.80995,0.0,0.324027,0.324027,0.324027,0.183028,0.183028,0.183028,False,False,False,0.0,False,True,37.184
163,8.15,1,drowsy,drowsy,1.0,0.0,1.0,0.0,0.0,0.0,0.709846,0.795265,0.0,0.326156,0.326156,0.326156,0.182018,0.182018,0.182018,False,False,False,0.0,False,True,37.057
164,8.2,1,drowsy,drowsy,1.0,0.0,1.0,0.0,0.0,0.0,0.774042,0.780485,0.0,0.328569,0.328569,0.328569,0.181037,0.181037,0.181037,False,False,False,0.0,False,True,36.892
165,8.25,1,drowsy,drowsy,1.0,0.0,1.0,0.0,0.0,0.0,0.800881,0.763415,0.0,0.331044,0.331044,0.331044,0.180088,0.180088,0.180088,False,False,False,0.0,False,True,46.047
166,8.3,1,drowsy,drowsy,1.0,0.0,1.0,0.0,0.0,0.0,0.820709,0.750774,0.05,0.333555,0.333555,0.333555,0.179165,0.179165,0.179165,False,False,False,0.0,False,True,37.285
167,8.35,1,drowsy,drowsy,1.0,0.0,1.0,0.0,0.0,0.0,0.83822,0.740016,0.1,0.336093,0.336093,0.336093,0.178264,0.178264,0.178264,False,False,False,0.0,False,True,37.176
168,8.4,1,drowsy,drowsy,1.0,0.0,1.0,0.0,0.0,0.0,0.846036,0.734687,0.15,0.338626,0.338626,0.338626,0.177378,0.177378,0.177378,False,False,False,0.0,False,True,37.164
169,8.45,1,drowsy,drowsy,1.0,0.0,1.0,0.0,0.0,0.0,0.85263,0.730476,0.2,0.341152,0.341152,0.341152,0.176507,0.176507,0.176507,False,False,False,0.0,False,True,37.409
170,8.5,1,drowsy,drowsy,1.0,0.0,1.0,0.0,0.0,0.0,0.862485,0.720422,0.25,0.343667,0.343667,0.343667,0.175655,0.175655,0.175655,False,False,False,0.0,False,True,45.945
171,8.55,1,drowsy,drowsy,1.0,0.0,1.0,0.0,0.0,0.0,0.869809,0.711594,0.3,0.346162,0.346162,0.346162,0.214897,0.214897,0.214897,False,False,False,0.0,False,True,37.541
172,8.6,1,drowsy,drowsy,1.0,0.0,1.0,0.0,0.0,0.0,0.872846,0.703599,0.35,0.34862,0.34862,0.34862,0.217968,0.217968,0.217968,False,False,False,0.0,False,True,37.546
173,8.65,1,drowsy,drowsy,1.0,0.0,1.0,0.0,0.0,0.0,0.881856,0.690318,0.4,0.351051,0.351051,0.351051,0.220994,0.220994,0.220994,False,False,False,0.0,False,True,37.397
174,8.7,1,drowsy,drowsy,1.0,0.0,1.0,0.0,0.0,0.0,0.886511,0.682449,0.45,0.353453,0.353453,0.353453,0.22398,0.22398,0.22398,False,False,False,0.0,False,True,38.749
175,8.75,1,drowsy,drowsy,1.0,0.0,1.0,0.0,0.0,0.0,0.885967,0.677954,0.5,0.355815,0.355815,0.355815,0.226917,0.226917,0.226917,False,False,False,0.0,False,True,48.455
176,8.8,1,drowsy,drowsy,1.0,0.0,1.0,0.0,0.0,0.0,0.885503,0.6729,0.55,0.358138,0.358138,0.358138,0.229804,0.229804,0.229804,False,False,False,0.0,False,True,37.399
177,8.85,1,drowsy,drowsy,1.0,0.0,1.0,0.0,0.0,0.0,0.885155,0.666608,0.6,0.360417,0.360417,0.360417,0.232638,0.232638,0.232638,False,False,False,0.0,False,True,37.572
178,8.9,1,drowsy,drowsy,1.0,0.0,1.0,0.0,0.0,0.0,0.889899,0.660742,0.65,0.362677,0.362677,0.362677,0.235443,0.235443,0.235443,False,False,False,0.0,False,True,37.792
179,8.95,1,drowsy,drowsy,1.0,0.0,1.0,0.0,0.0,0.0,0.886831,0.659741,0.7,0.364901,0.364901,0.364901,0.238208,0.238208,0.238208,False,False,False,0.148633,False,True,37.849
180,9.0,1,drowsy,drowsy,1.0,0.0,1.0,0.0,0.0,0.0,0.884691,0.660379,0.75,0.367099,0.367099,0.367099,0.240942,0.240942,0.240942,False,False,False,0.148633,False,True,46.257
181,9.05,1,drowsy,drowsy,1.0,0.0,1.0,0.0,0.0,0.0,0.885191,0.657291,0.8,0.369271,0.369271,0.369271,0.243643,0.243643,0.243643,False,False,False,0.148633,False,True,37.469
182,9.1,1,drowsy,drowsy,1.0,0.0,1.0,0.0,0.0,0.0,0.885756,0.660749,0.85,0.371439,0.371439,0.371439,0.246338,0.246338,0.246338,False,False,False,0.150516,False,True,37.361
183,9.15,1,drowsy,drowsy,1.0,0.0,1.0,0.0,0.0,0.0,0.887643,0.658359,0.9,0.373588,0.373588,0.373588,0.249008,0.249008,0.249008,False,False,False,0.153931,False,True,37.7
184,9.2,1,drowsy,drowsy,1.0,0.0,1.0,0.0,0.0,0.0,0.888666,0.656734,0.95,0.375719,0.375719,0.375719,0.251654,0.251654,0.251654,False,False,False,0.0,False,True,38.087
185,9.25,1,drowsy,drowsy,1.0,0.0,1.0,0.0,0.0,0.0,0.888566,0.653037,1.0,0.37782,0.37782,0.37782,0.254263,0.254263,0.254263,False,False,False,0.0,False,True,47.301
186,9.3,1,drowsy,drowsy,1.0,0.0,1.0,0.0,0.0,0.0,0.890737,0.650293,1.05,0.379904,0.379904,0.379904,0.256849,0.256849,0.256849,False,False,False,0.0,False,True,37.742
187,9.35,1,drowsy,drowsy,1.0,0.0,1.0,0.0,0.0,0.0,0.889648,0.649213,1.1,0.381963,0.381963,0.381963,0.259405,0.259405,0.259405,False,False,False,0.0,False,True,38.088
188,9.4,1,drowsy,drowsy,1.0,0.0,1.0,0.0,0.0,0.0,0.89131,0.648324,1.15,0.384009,0.384009,0.384009,0.261944,0.261944,0.261944,False,False,False,0.068771,False,True,38.173
189,9.45,1,drowsy,drowsy,1.0,0.0,1.0,0.0,0.0,0.0,0.890655,0.64991,1.2,0.386042,0.386042,0.386042,0.264466,0.264466,0.264466,False,False,False,0.077011,False,True,38.174
190,9.5,1,drowsy,drowsy,1.0,0.0,1.0,0.0,0.0,0.0,0.89045,0.650534,1.25,0.388059,0.388059,0.388059,0.266969,0.266969,0.266969,False,False,False,0.077011,False,True,46.84
191,9.55,1,drowsy,drowsy,1.0,0.0,1.0,0.0,0.0,0.0,0.890498,0.650652,1.3,0.390061,0.390061,0.390061,0.269454,0.269454,0.269454,False,False,False,0.070374,False,True,37.601
192,9.6,1,drowsy,drowsy,1.0,0.0,1.0,0.0,0.0,0.0,0.891151,0.647929,1.35,0.392041,0.392041,0.392041,0.27191,0.27191,0.27191,False,False,False,0.0,False,True,37.347
193,9.65,1,drowsy,drowsy,1.0,0.0,1.0,0.0,0.0,0.0,0.891137,0.647112,1.4,0.394003,0.394003,0.394003,0.274345,0.274345,0.274345,False,False,False,0.070374,False,True,37.423
194,9.7,1,drowsy,drowsy,1.0,0.0,1.0,0.0,0.0,0.0,0.889845,0.647132,1.45,0.395945,0.395945,0.395945,0.276755,0.276755,0.276755,False,False,False,0.037643,False,True,37.255
195,9.75,1,drowsy,drowsy,1.0,0.0,1.0,0.0,0.0,0.0,0.890289,0.648099,1.5,0.397876,0.397876,0.397876,0.279152,0.279152,0.279152,False,False,False,0.131027,False,True,46.897
196,9.8,1,drowsy,drowsy,1.0,0.0,1.0,0.0,0.0,0.0,0.888874,0.647169,1.55,0.399784,0.399784,0.399784,0.281521,0.281521,0.281521,False,False,False,0.138351,False,True,37.669
197,9.85,1,drowsy,drowsy,1.0,0.0,1.0,0.0,0.0,0.0,0.889745,0.646739,1.6,0.401679,0.401679,0.401679,0.283874,0.283874,0.283874,False,False,False,0.138351,False,True,37.796
198,9.9,1,drowsy,drowsy,1.0,0.0,1.0,0.0,0.0,0.0,0.889697,0.647916,1.65,0.403563,0.403563,0.403563,0.286212,0.286212,0.286212,False,False,False,0.139496,False,True,37.685
199,9.95,1,drowsy,drowsy,1.0,0.0,1.0,0.0,0.0,0.0,0.890709,0.64844,1.7,0.405437,0.405437,0.405437,0.288539,0.288539,0.288539,True,False,False,0.12233,False,True,37.525
200,10.0,1,drowsy,drowsy,1.0,0.0,1.0,0.0,0.0,0.0,0.890254,0.646932,1.75,0.407942,0.407292,0.407292,0.292127,0.29084,0.29084,True,False,False,0.0,False,True,46.241
201,10.05,1,drowsy,drowsy,1.0,0.0,1.0,0.0,0.0,0.0,0.887938,0.64736,1.8,0.411321,0.409124,0.409124,0.295953,0.293117,0.293117,True,False,False,0.0,False,True,38.219
202,10.1,1,drowsy,drowsy,1.0,0.0,1.0,0.0,0.0,0.0,0.888455,0.647923,1.85,0.413152,0.410946,0.410946,0.298227,0.29538,0.29538,True,False,False,0.0,False,True,37.428
203,10.15,1,drowsy,drowsy,1.0,0.0,1.0,0.0,0.0,0.0,0.887922,0.649624,1.9,0.418829,0.412758,0.412758,0.303835,0.29763,0.29763,True,False,False,0.0,False,True,37.374
204,10.2,1,drowsy,drowsy,1.0,0.0,1.0,0.0,0.0,0.0,0.888035,0.650625,1.95,0.420644,0.414558,0.414558,0.306094,0.299866,0.299866,True,False,False,0.0,False,True,37.466
205,10.25,2,microsleep,microsleep,1.0,0.0,0.0,1.0,0.0,0.0,0.887622,0.648357,2.0,0.426441,0.416337,0.416337,0.311808,0.302077,0.302077,True,False,False,0.0,True,True,46.186
206,10.3,2,microsleep,microsleep,1.0,0.0,0.0,1.0,0.0,0.0,0.887227,0.647706,2.05,0.430316,0.4181,0.4181,0.315814,0.304267,0.304267,True,False,False,0.0,True,True,37.276
207,10.35,2,microsleep,microsleep,1.0,0.0,0.0,1.0,0.0,0.0,0.886936,0.648161,2.1,0.432085,0.41985,0.41985,0.318026,0.306442,0.306442,True,False,False,0.0,True,True,37.47
208,10.4,2,microsleep,microsleep,1.0,0.0,0.0,1.0,0.0,0.0,0.888006,0.648595,2.15,0.438124,0.421591,0.421591,0.323874,0.308606,0.308606,True,False,False,0.0,True,True,37.171
209,10.45,2,microsleep,microsleep,1.0,0.0,0.0,1.0,0.0,0.0,0.887688,0.64937,2.2,0.439875,0.423321,0.423321,0.32607,0.310755,0.310755,True,False,False,0.0,True,True,37.51
210,10.5,2,microsleep,microsleep,1.0,0.0,0.0,1.0,0.0,0.0,0.886538,0.645699,2.25,0.445702,0.425024,0.425024,0.331961,0.312871,0.312871,True,False,False,0.0,True,True,46.127
211,10.55,2,microsleep,microsleep,1.0,0.0,0.0,1.0,0.0,0.0,0.886103,0.648318,2.3,0.449454,0.42672,0.42672,0.336023,0.31498,0.31498,True,False,False,0.0,True,True,37.181
212,10.6,2,microsleep,microsleep,1.0,0.0,0.0,1.0,0.0,0.0,0.886447,0.651462,2.35,0.45117,0.428413,0.428413,0.338184,0.317084,0.317084,True,False,False,0.0,True,True,37.309
213,10.65,2,microsleep,microsleep,1.0,0.0,0.0,1.0,0.0,0.0,0.88646,0.652429,2.4,0.452694,0.430096,0.430096,0.343846,0.319176,0.319176,True,False,False,0.0,True,True,37.383
214,10.7,2,microsleep,microsleep,1.0,0.0,0.0,1.0,0.0,0.0,0.885908,0.650515,2.45,0.454397,0.431759,0.431759,0.345976,0.321244,0.321244,True,False,False,0.0,True,True,37.539
215,10.75,2,microsleep,microsleep,1.0,0.0,0.0,1.0,0.0,0.0,0.873026,0.655061,2.5,0.457093,0.433375,0.433375,0.351923,0.323265,0.323265,True,False,False,0.0,True,True,46.34
216,10.8,2,microsleep,microsleep,1.0,0.0,0.0,1.0,0.0,0.0,0.870196,0.65468,2.55,0.460413,0.434968,0.434968,0.356,0.325259,0.325259,True,False,False,0.0,True,True,37.078
217,10.85,2,microsleep,microsleep,1.0,0.0,0.0,1.0,0.0,0.0,0.864496,0.654645,2.6,0.462019,0.436529,0.436529,0.358022,0.327218,0.327218,True,False,False,0.0,True,True,37.268
218,10.9,2,microsleep,microsleep,1.0,0.0,0.0,1.0,0.0,0.0,0.871159,0.655284,2.65,0.467956,0.438103,0.438103,0.364206,0.329189,0.329189,True,False,False,0.002567,True,True,37.199
219,10.95,2,microsleep,microsleep,1.0,0.0,0.0,1.0,0.0,0.0,0.865217,0.653354,2.7,0.469537,0.439641,0.439641,0.366201,0.331119,0.331119,True,False,False,0.002567,True,True,37.318
220,11.0,2,microsleep,microsleep,1.0,0.0,0.0,1.0,0.0,0.0,0.867272,0.652746,2.75,0.475818,0.441173,0.441173,0.372457,0.33304,0.33304,True,False,False,0.0,True,True,46.348
221,11.05,2,microsleep,microsleep,1.0,0.0,0.0,1.0,0.0,0.0,0.877025,0.654081,2.8,0.479758,0.442733,0.442733,0.376646,0.334987,0.334987,True,False,False,0.0,True,True,37.301
222,11.1,2,microsleep,microsleep,1.0,0.0,0.0,1.0,0.0,0.0,0.877905,0.654887,2.85,0.481355,0.444286,0.444286,0.378657,0.336925,0.336925,True,False,False,0.0,True,True,37.394
223,11.15,2,microsleep,microsleep,1.0,0.0,0.0,1.0,0.0,0.0,0.879344,0.657476,2.9,0.487799,0.44584,0.44584,0.385105,0.338862,0.338862,True,False,False,0.0,True,True,37.562
224,11.2,2,microsleep,microsleep,1.0,0.0,0.0,1.0,0.0,0.0,0.87755,0.656725,2.95,0.489373,0.447374,0.447374,0.387093,0.340776,0.340776,True,False,False,0.0,True,True,37.117
225,11.25,2,microsleep,microsleep,1.0,0.0,0.0,1.0,0.0,0.0,0.879592,0.661007,3.0,0.495917,0.448915,0.448915,0.393641,0.342697,0.342697,True,False,False,0.0,True,True,46.333
226,11.3,2,microsleep,microsleep,1.0,0.0,0.0,1.0,0.0,0.0,0.878366,0.663483,3.05,0.500029,0.450446,0.450446,0.397948,0.344607,0.344607,True,False,False,0.0,True,True,37.137
227,11.35,2,microsleep,microsleep,1.0,0.0,0.0,1.0,0.0,0.0,0.882071,0.660249,3.1,0.501588,0.451972,0.451972,0.399924,0.346507,0.346507,True,False,False,0.0,True,True,37.103
228,11.4,2,microsleep,microsleep,1.0,0.0,0.0,1.0,0.0,0.0,0.881872,0.660981,3.15,0.506241,0.453488,0.453488,0.406433,0.348395,0.348395,True,False,False,0.0,True,True,37.405
229,11.45,2,microsleep,microsleep,1.0,0.0,0.0,1.0,0.0,0.0,0.883796,0.660619,3.2,0.507787,0.454999,0.454999,0.408387,0.350275,0.350275,True,False,False,0.0,True,True,37.691
230,11.5,2,microsleep,microsleep,1.0,0.0,0.0,1.0,0.0,0.0,0.883979,0.66002,3.25,0.50903,0.456499,0.456499,0.414479,0.352141,0.352141,True,False,False,0.0,True,True,46.488
231,11.55,2,microsleep,microsleep,1.0,0.0,0.0,1.0,0.0,0.0,0.883398,0.656328,3.3,0.510127,0.457979,0.457979,0.418562,0.353982,0.353982,True,False,False,0.0,True,True,37.591
232,11.6,2,microsleep,microsleep,1.0,0.0,0.0,1.0,0.0,0.0,0.887389,0.656857,3.35,0.511668,0.459463,0.459463,0.420477,0.355826,0.355826,True,False,False,0.0,True,True,37.382
233,11.65,2,microsleep,microsleep,1.0,0.0,0.0,1.0,0.0,0.0,0.885999,0.653752,3.4,0.510941,0.460925,0.460925,0.419187,0.357643,0.357643,True,False,False,0.0,True,True,37.649
234,11.7,2,microsleep,microsleep,1.0,0.0,0.0,1.0,0.0,0.0,0.886863,0.655392,3.45,0.512476,0.462384,0.462384,0.421097,0.359456,0.359456,True,False,False,0.0,True,True,37.331
235,11.75,2,microsleep,microsleep,1.0,0.0,0.0,1.0,0.0,0.0,0.886464,0.654975,3.5,0.51131,0.46383,0.46383,0.419381,0.361253,0.361253,True,False,False,0.0,True,True,46.083
236,11.8,2,microsleep,microsleep,1.0,0.0,0.0,1.0,0.0,0.0,0.885768,0.655573,3.55,0.511359,0.465266,0.465266,0.419355,0.363038,0.363038,True,False,False,0.0,True,True,37.427
237,11.85,2,microsleep,microsleep,1.0,0.0,0.0,1.0,0.0,0.0,0.888332,0.656,3.6,0.512904,0.466701,0.466701,0.421277,0.364821,0.364821,True,False,False,0.0,True,True,37.31
238,11.9,2,microsleep,microsleep,1.0,0.0,0.0,1.0,0.0,0.0,0.888327,0.655295,3.65,0.511379,0.468126,0.468126,0.419243,0.366589,0.366589,True,False,False,0.090973,True,True,37.514
239,11.95,2,microsleep,microsleep,1.0,0.0,0.0,1.0,0.0,0.0,0.887876,0.651626,3.7,0.512914,0.469531,0.469531,0.421153,0.368334,0.368334,True,False,False,0.0,True,True,37.662
240,12.0,2,microsleep,microsleep,1.0,0.0,0.0,1.0,0.0,0.0,0.888044,0.649046,3.75,0.511447,0.470922,0.470922,0.419168,0.370061,0.370061,True,False,False,0.0,True,True,46.878
241,12.05,2,microsleep,microsleep,1.0,0.0,0.0,1.0,0.0,0.0,0.889075,0.648411,3.8,0.511517,0.472306,0.472306,0.41916,0.371779,0.371779,True,False,False,0.0,True,True,37.475
242,12.1,2,microsleep,microsleep,1.0,0.0,0.0,1.0,0.0,0.0,0.890829,0.64939,3.85,0.513062,0.473688,0.473688,0.421081,0.373494,0.373494,True,False,False,0.0,True,True,37.911
243,12.15,2,microsleep,microsleep,1.0,0.0,0.0,1.0,0.0,0.0,0.890643,0.650414,3.9,0.511551,0.475063,0.475063,0.419059,0.375199,0.375199,True,False,False,0.070602,True,True,37.859
244,12.2,2,microsleep,microsleep,1.0,0.0,0.0,1.0,0.0,0.0,0.891458,0.650305,3.95,0.513102,0.476432,0.476432,0.420989,0.376896,0.376896,True,False,False,0.070602,True,True,37.868
245,12.25,2,microsleep,microsleep,1.0,0.0,0.0,1.0,0.0,0.0,0.89014,0.651011,4.0,0.511636,0.477788,0.477788,0.419032,0.378578,0.378578,True,False,False,0.084335,True,True,46.163
246,12.3,2,microsleep,microsleep,1.0,0.0,0.0,1.0,0.0,0.0,0.89022,0.647417,4.05,0.511829,0.479129,0.479129,0.419154,0.380241,0.380241,True,False,False,0.055725,True,True,37.568
247,12.35,2,microsleep,microsleep,1.0,0.0,0.0,1.0,0.0,0.0,0.890528,0.64728,4.1,0.513371,0.480461,0.480461,0.421074,0.381894,0.381894,True,False,False,0.084335,True,True,37.438
248,12.4,2,microsleep,microsleep,1.0,0.0,0.0,1.0,0.0,0.0,0.889999,0.647986,4.15,0.512618,0.481785,0.481785,0.419766,0.383537,0.383537,True,False,False,0.055725,True,True,37.486
249,12.45,2,microsleep,microsleep,1.0,0.0,0.0,1.0,0.0,0.0,0.889761,0.647113,4.2,0.514157,0.483098,0.483098,0.421684,0.385165,0.385165,True,False,False,0.046341,True,True,37.656
250,12.5,2,microsleep,microsleep,1.0,0.0,0.0,1.0,0.0,0.0,0.889942,0.646066,4.25,0.514738,0.4844,0.4844,0.421633,0.386782,0.386782,True,False,False,0.046341,True,True,46.328
251,12.55,2,microsleep,microsleep,1.0,0.0,0.0,1.0,0.0,0.0,0.888457,0.646454,4.3,0.516064,0.485691,0.485691,0.422816,0.388384,0.388384,True,False,False,0.190994,True,True,37.672
252,12.6,2,microsleep,microsleep,1.0,0.0,0.0,1.0,0.0,0.0,0.890091,0.645753,4.35,0.517594,0.486977,0.486977,0.424727,0.389979,0.389979,True,False,False,0.190994,True,True,37.178
253,12.65,2,microsleep,microsleep,1.0,0.0,0.0,1.0,0.0,0.0,0.889666,0.647719,4.4,0.518284,0.488257,0.488257,0.424762,0.391568,0.391568,True,False,False,0.124847,True,True,37.48
254,12.7,2,microsleep,microsleep,1.0,0.0,0.0,1.0,0.0,0.0,0.890725,0.647361,4.45,0.519815,0.489532,0.489532,0.426677,0.393149,0.393149,True,False,False,0.0,True,True,37.249
255,12.75,2,microsleep,microsleep,1.0,0.0,0.0,1.0,0.0,0.0,0.890034,0.646956,4.5,0.519003,0.490796,0.490796,0.425285,0.394717,0.394717,True,False,False,0.0,True,True,46.478
256,12.8,2,microsleep,microsleep,1.0,0.0,0.0,1.0,0.0,0.0,0.8885,0.648293,4.55,0.51915,0.49205,0.49205,0.425352,0.396274,0.396274,True,False,False,0.0,True,True,37.142
257,12.85,2,microsleep,microsleep,1.0,0.0,0.0,1.0,0.0,0.0,0.888072,0.648036,4.6,0.520673,0.493294,0.493294,0.427262,0.397819,0.397819,True,False,False,0.006973,True,True,37.243
258,12.9,2,microsleep,microsleep,1.0,0.0,0.0,1.0,0.0,0.0,0.888377,0.650035,4.65,0.519214,0.494534,0.494534,0.4253,0.399359,0.399359,True,False,False,0.006973,True,True,37.358
259,12.95,2,microsleep,microsleep,1.0,0.0,0.0,1.0,0.0,0.0,0.888373,0.649004,4.7,0.520742,0.495766,0.495766,0.427216,0.400888,0.400888,True,False,False,0.0,True,True,37.404
260,13.0,2,microsleep,microsleep,1.0,0.0,0.0,1.0,0.0,0.0,0.778004,0.725578,4.75,0.518869,0.496749,0.496749,0.424927,0.402202,0.402202,True,False,False,0.0,True,False,46.414
261,13.05,2,microsleep,microsleep,1.0,0.0,0.0,1.0,0.0,0.0,0.851861,0.698796,4.8,0.518822,0.497936,0.497936,0.424877,0.403705,0.403705,True,False,False,0.0,True,False,37.604
262,13.1,2,microsleep,microsleep,1.0,0.0,0.0,1.0,0.0,0.0,0.79818,0.719241,4.85,0.520103,0.498965,0.498965,0.426589,0.405058,0.405058,True,False,False,0.0,True,False,37.403
263,13.15,2,microsleep,microsleep,1.0,0.0,0.0,1.0,0.0,0.0,0.608698,0.792914,4.9,0.517623,0.499379,0.499379,0.423735,0.405825,0.405825,True,False,False,0.0,True,False,37.457
264,13.2,1,drowsy,drowsy,1.0,0.0,1.0,0.0,0.0,0.0,0.447752,0.868883,0.0,0.517237,0.499166,0.499166,0.423867,0.405997,0.405997,True,False,False,0.0,False,True,37.21
265,13.25,1,drowsy,drowsy,1.0,0.0,1.0,0.0,0.0,0.0,0.274985,0.917936,0.0,0.512928,0.498197,0.498197,0.417648,0.404242,0.404242,True,False,False,0.0,False,True,45.916
266,13.3,1,drowsy,drowsy,1.0,0.0,1.0,0.0,0.0,0.0,0.132894,0.943415,0.0,0.509189,0.496581,0.496581,0.413254,0.402453,0.402453,True,False,False,0.0,False,True,37.28
267,13.35,1,drowsy,drowsy,1.0,0.0,1.0,0.0,0.0,0.0,0.065231,0.95273,0.0,0.506508,0.494663,0.494663,0.410758,0.400664,0.400664,True,False,False,0.028717,False,True,37.281
268,13.4,3,yawning,yawning,0.995592,0.002978,0.000676,0.0,0.995592,0.000754,0.046207,0.954731,0.0,0.500759,0.492673,0.492673,0.404454,0.398886,0.398886,True,False,False,0.039246,False,False,37.35
269,13.45,1,drowsy,drowsy,1.0,0.0,1.0,0.0,0.0,0.0,0.040708,0.953163,0.0,0.497988,0.49068,0.49068,0.402018,0.397127,0.397127,True,False,False,0.039474,False,True,38.187
270,13.5,1,drowsy,drowsy,1.0,0.0,1.0,0.0,0.0,0.0,0.038787,0.95272,0.0,0.492091,0.488697,0.488697,0.395627,0.395384,0.395384,True,False,False,0.047943,False,True,46.623
271,13.55,3,yawning,yawning,0.990076,0.008816,0.000356,0.0,0.990076,0.000752,0.039581,0.95218,0.0,0.487791,0.486735,0.486735,0.391256,0.393657,0.393657,True,False,False,0.0,False,False,37.653
272,13.6,1,drowsy,drowsy,1.0,0.0,1.0,0.0,0.0,0.0,0.039272,0.952104,0.0,0.485107,0.48479,0.48479,0.388915,0.391946,0.391946,True,False,False,0.0,False,True,37.697
273,13.65,1,drowsy,drowsy,1.0,0.0,1.0,0.0,0.0,0.0,0.040657,0.95134,0.0,0.479913,0.482869,0.482869,0.383175,0.39025,0.39025,True,False,False,0.0,False,True,37.411
274,13.7,3,yawning,yawning,0.958767,0.03826,0.000441,0.0,0.958767,0.002531,0.042947,0.95066,0.0,0.477309,0.480976,0.480976,0.380892,0.388571,0.388571,True,False,False,0.0,False,False,37.068
275,13.75,3,yawning,yawning,0.938239,0.058412,0.000464,0.0,0.938239,0.002885,0.049743,0.948722,0.0,0.474713,0.479131,0.479131,0.37754,0.386909,0.386909,True,False,False,0.0,False,False,46.036
276,13.8,1,drowsy,drowsy,1.0,0.0,1.0,0.0,0.0,0.0,0.055702,0.947709,0.0,0.472718,0.47733,0.47733,0.375246,0.385263,0.385263,True,False,False,0.0,False,True,37.36
277,13.85,1,drowsy,drowsy,1.0,0.0,1.0,0.0,0.0,0.0,0.067473,0.945427,0.0,0.47032,0.475598,0.475598,0.373025,0.383635,0.383635,True,False,False,0.0,False,True,37.65
278,13.9,1,drowsy,drowsy,1.0,0.0,1.0,0.0,0.0,0.0,0.083414,0.942222,0.0,0.470814,0.473953,0.473953,0.375148,0.382026,0.382026,True,False,False,0.0,False,True,37.863
279,13.95,1,drowsy,drowsy,1.0,0.0,1.0,0.0,0.0,0.0,0.076672,0.943791,0.0,0.468486,0.472292,0.472292,0.372932,0.380428,0.380428,True,False,False,0.0,False,True,37.712
280,14.0,1,drowsy,drowsy,1.0,0.0,1.0,0.0,0.0,0.0,0.066997,0.945796,0.0,0.470401,0.4706,0.4706,0.375113,0.37884,0.37884,True,False,False,0.0,False,True,46.695
281,14.05,1,drowsy,drowsy,1.0,0.0,1.0,0.0,0.0,0.0,0.058118,0.947328,0.0,0.470147,0.468882,0.468882,0.375092,0.377263,0.377263,True,False,False,0.0,False,True,37.56
282,14.1,1,drowsy,drowsy,1.0,0.0,1.0,0.0,0.0,0.0,0.058672,0.946031,0.0,0.469757,0.467183,0.467183,0.375063,0.3757,0.3757,True,False,False,0.0,False,True,37.449
283,14.15,1,drowsy,drowsy,1.0,0.0,1.0,0.0,0.0,0.0,0.059625,0.945477,0.0,0.469324,0.465504,0.465504,0.375031,0.374152,0.374152,True,False,False,0.0,False,True,37.492
284,14.2,1,drowsy,drowsy,1.0,0.0,1.0,0.0,0.0,0.0,0.06686,0.94331,0.0,0.466949,0.463871,0.463871,0.372818,0.37262,0.37262,True,False,False,0.0,False,True,37.372
285,14.25,1,drowsy,drowsy,1.0,0.0,1.0,0.0,0.0,0.0,0.092414,0.937905,0.0,0.469021,0.462365,0.462365,0.375011,0.371109,0.371109,True,False,False,0.0,False,True,46.547
286,14.3,1,drowsy,drowsy,1.0,0.0,1.0,0.0,0.0,0.0,0.438338,0.856731,0.0,0.470938,0.462276,0.462276,0.375191,0.369739,0.369739,True,False,False,0.0,False,True,37.389
287,14.35,1,drowsy,drowsy,1.0,0.0,1.0,0.0,0.0,0.0,0.522919,0.811626,0.0,0.473384,0.462487,0.462487,0.375481,0.368451,0.368451,True,False,False,0.0,False,True,37.526
288,14.4,1,drowsy,drowsy,1.0,0.0,1.0,0.0,0.0,0.0,0.470101,0.87926,0.0,0.475602,0.462516,0.462516,0.375613,0.367065,0.367065,True,False,False,0.0,False,True,37.292
289,14.45,1,drowsy,drowsy,1.0,0.0,1.0,0.0,0.0,0.0,0.378706,0.913,0.0,0.475048,0.46219,0.46219,0.373464,0.365638,0.365638,True,False,False,0.0,False,True,37.178
290,14.5,1,drowsy,drowsy,1.0,0.0,1.0,0.0,0.0,0.0,0.223857,0.932174,0.0,0.4761,0.461247,0.461247,0.375486,0.364191,0.364191,True,False,False,0.0,False,True,46.497
291,14.55,1,drowsy,drowsy,1.0,0.0,1.0,0.0,0.0,0.0,0.113523,0.940566,0.0,0.473722,0.459865,0.459865,0.375188,0.362744,0.362744,True,False,False,0.0,False,True,37.254
292,14.6,1,drowsy,drowsy,1.0,0.0,1.0,0.0,0.0,0.0,0.084469,0.942445,0.0,0.47119,0.458376,0.458376,0.375013,0.361305,0.361305,True,False,False,0.0,False,True,37.34
293,14.65,1,drowsy,drowsy,1.0,0.0,1.0,0.0,0.0,0.0,0.061809,0.946077,0.0,0.468873,0.456803,0.456803,0.374894,0.359872,0.359872,True,False,False,0.0,False,True,37.37
294,14.7,1,drowsy,drowsy,1.0,0.0,1.0,0.0,0.0,0.0,0.060807,0.946733,0.0,0.466457,0.455237,0.455237,0.372675,0.358449,0.358449,True,False,False,0.0,False,True,37.473
295,14.75,1,drowsy,drowsy,1.0,0.0,1.0,0.0,0.0,0.0,0.070163,0.943198,0.0,0.466236,0.453726,0.453726,0.374798,0.357042,0.357042,True,False,False,0.0,False,True,46.706
296,14.8,1,drowsy,drowsy,1.0,0.0,1.0,0.0,0.0,0.0,0.070495,0.943541,0.0,0.465887,0.452228,0.452228,0.374791,0.355646,0.355646,True,False,False,0.0,False,True,37.238
297,14.85,0,alert,alert,0.940597,0.940597,0.001176,0.0,0.038495,0.019732,0.07106,0.943936,0.0,0.465792,0.450743,0.450743,0.374796,0.354261,0.354261,True,False,False,0.0,False,False,37.237
298,14.9,1,drowsy,drowsy,1.0,0.0,1.0,0.0,0.0,0.0,0.064074,0.946229,0.0,0.465682,0.449239,0.449239,0.374794,0.352883,0.352883,True,False,False,0.0,False,True,37.344
299,14.95,0,alert,alert,0.910263,0.910263,0.001747,0.0,0.054139,0.033851,0.067564,0.94504,0.0,0.46333,0.447762,0.447762,0.37258,0.351517,0.351517,True,False,False,0.0,False,False,37.456
300,15.0,1,drowsy,drowsy,1.0,0.0,1.0,0.0,0.0,0.0,0.068781,0.945196,0.0,0.465566,0.4463,0.4463,0.374792,0.350161,0.350161,True,False,False,0.0,False,True,46.071
301,15.05,1,drowsy,drowsy,1.0,0.0,1.0,0.0,0.0,0.0,0.064802,0.946227,0.0,0.465558,0.444833,0.444833,0.374791,0.348815,0.348815,True,False,False,0.0,False,True,37.45
302,15.1,1,drowsy,drowsy,1.0,0.0,1.0,0.0,0.0,0.0,0.067422,0.945234,0.0,0.465523,0.443389,0.443389,0.374789,0.34748,0.34748,True,False,False,0.0,False,True,37.112
303,15.15,1,drowsy,drowsy,1.0,0.0,1.0,0.0,0.0,0.0,0.415833,0.865755,0.0,0.467608,0.443293,0.443293,0.374976,0.346266,0.346266,True,False,False,0.0,False,True,37.346
304,15.2,1,drowsy,drowsy,1.0,0.0,1.0,0.0,0.0,0.0,0.513748,0.805373,0.0,0.467841,0.443521,0.443521,0.373086,0.345145,0.345145,True,False,False,0.0,False,True,37.31
305,15.25,1,drowsy,drowsy,1.0,0.0,1.0,0.0,0.0,0.0,0.549973,0.811907,0.0,0.473053,0.443867,0.443867,0.375627,0.344022,0.344022,True,False,False,0.0,False,True,46.213
306,15.3,1,drowsy,drowsy,1.0,0.0,1.0,0.0,0.0,0.0,0.579925,0.826377,0.0,0.475986,0.444316,0.444316,0.375909,0.342886,0.342886,True,False,False,0.0,False,True,37.173
307,15.35,1,drowsy,drowsy,1.0,0.0,1.0,0.0,0.0,0.0,0.682591,0.824728,0.0,0.479394,0.445099,0.445099,0.376191,0.34176,0.34176,True,False,False,0.0,False,True,37.328
308,15.4,1,drowsy,drowsy,1.0,0.0,1.0,0.0,0.0,0.0,0.753213,0.814594,0.0,0.482927,0.446095,0.446095,0.376482,0.340655,0.340655,True,False,False,0.0,False,True,37.189
309,15.45,1,drowsy,drowsy,0.921794,0.015597,0.921794,0.0,0.058208,0.004401,0.766496,0.813193,0.0,0.484377,0.447126,0.447126,0.374558,0.339559,0.339559,True,False,False,0.0,False,False,37.401
310,15.5,1,drowsy,drowsy,1.0,0.0,1.0,0.0,0.0,0.0,0.804092,0.795089,0.0,0.48795,0.448245,0.448245,0.376983,0.338495,0.338495,True,False,False,0.0,False,True,46.041
311,15.55,1,drowsy,drowsy,1.0,0.0,1.0,0.0,0.0,0.0,0.815021,0.783952,0.0,0.489476,0.449376,0.449376,0.377146,0.337451,0.337451,True,False,False,0.0,False,True,37.409
312,15.6,1,drowsy,drowsy,1.0,0.0,1.0,0.0,0.0,0.0,0.826969,0.771295,0.05,0.490989,0.450517,0.450517,0.377376,0.336431,0.336431,True,False,False,0.0,False,True,36.973
313,15.65,1,drowsy,drowsy,1.0,0.0,1.0,0.0,0.0,0.0,0.835264,0.765967,0.1,0.49261,0.451669,0.451669,0.377663,0.335424,0.335424,True,False,False,0.0,False,True,37.032
314,15.7,1,drowsy,drowsy,1.0,0.0,1.0,0.0,0.0,0.0,0.839787,0.760485,0.15,0.494275,0.452819,0.452819,0.375852,0.33443,0.33443,True,False,False,0.0,False,True,37.367
315,15.75,1,drowsy,drowsy,1.0,0.0,1.0,0.0,0.0,0.0,0.803598,0.785526,0.2,0.49592,0.453889,0.453889,0.378237,0.33341,0.33341,True,False,False,0.0,False,True,46.104
316,15.8,1,drowsy,drowsy,1.0,0.0,1.0,0.0,0.0,0.0,0.810286,0.782936,0.25,0.498031,0.45497,0.45497,0.418331,0.356642,0.356642,True,False,False,0.0,False,True,37.878
317,15.85,1,drowsy,drowsy,1.0,0.0,1.0,0.0,0.0,0.0,0.824807,0.771598,0.3,0.500685,0.456072,0.456072,0.422803,0.358037,0.358037,True,False,False,0.0,False,True,37.61
318,15.9,1,drowsy,drowsy,1.0,0.0,1.0,0.0,0.0,0.0,0.839273,0.755892,0.35,0.504055,0.457187,0.457187,0.427343,0.359437,0.359437,True,False,False,0.0,False,True,37.351
319,15.95,1,drowsy,drowsy,1.0,0.0,1.0,0.0,0.0,0.0,0.832901,0.747428,0.4,0.505612,0.458265,0.458265,0.429263,0.360796,0.360796,True,False,False,0.0,False,True,37.605
320,16.0,1,drowsy,drowsy,1.0,0.0,1.0,0.0,0.0,0.0,0.815518,0.755959,0.45,0.511472,0.459299,0.459299,0.436296,0.362111,0.362111,True,False,False,0.0,False,True,46.117
321,16.05,1,drowsy,drowsy,1.0,0.0,1.0,0.0,0.0,0.0,0.789639,0.774796,0.5,0.515196,0.460275,0.460275,0.440667,0.363376,0.363376,True,False,False,0.0,False,True,37.764
322,16.1,1,drowsy,drowsy,1.0,0.0,1.0,0.0,0.0,0.0,0.749021,0.794091,0.55,0.518749,0.461148,0.461148,0.444879,0.364541,0.364541,True,False,False,0.0,False,True,37.186
323,16.15,1,drowsy,drowsy,1.0,0.0,1.0,0.0,0.0,0.0,0.691648,0.8285,0.6,0.51966,0.461872,0.461872,0.446179,0.365569,0.365569,True,False,False,0.0,False,True,37.192
324,16.2,1,drowsy,drowsy,1.0,0.0,1.0,0.0,0.0,0.0,0.605983,0.859665,0.65,0.522624,0.462341,0.462341,0.449724,0.36635,0.36635,True,False,False,0.0,False,True,37.698
325,16.25,1,drowsy,drowsy,1.0,0.0,1.0,0.0,0.0,0.0,0.564783,0.881517,0.0,0.528043,0.462681,0.462681,0.455787,0.367009,0.367009,True,False,False,0.0,False,True,46.6
326,16.3,1,drowsy,drowsy,1.0,0.0,1.0,0.0,0.0,0.0,0.544901,0.890679,0.0,0.530799,0.462956,0.462956,0.459041,0.367604,0.367604,True,False,False,0.0,False,True,37.411
327,16.35,1,drowsy,drowsy,0.987923,0.002248,0.987923,0.0,0.007279,0.00255,0.623065,0.861128,0.0,0.534003,0.463472,0.463472,0.462714,0.368428,0.368428,True,False,False,0.0,False,False,37.489
328,16.4,1,drowsy,drowsy,1.0,0.0,1.0,0.0,0.0,0.0,0.712857,0.826816,0.0,0.534946,0.464241,0.464241,0.464033,0.36949,0.36949,True,False,False,0.0,False,True,37.458
329,16.45,1,drowsy,drowsy,1.0,0.0,1.0,0.0,0.0,0.0,0.770483,0.800758,0.0,0.538805,0.465154,0.465154,0.468383,0.370685,0.370685,True,False,False,0.0,False,True,37.596
330,16.5,1,drowsy,drowsy,1.0,0.0,1.0,0.0,0.0,0.0,0.792529,0.781932,0.0,0.545454,0.466104,0.466104,0.475673,0.371909,0.371909,True,False,False,0.0,False,True,46.521
331,16.55,1,drowsy,drowsy,1.0,0.0,1.0,0.0,0.0,0.0,0.811144,0.764621,0.0,0.549574,0.46708,0.46708,0.480208,0.373151,0.373151,True,False,False,0.0,False,True,37.489
332,16.6,1,drowsy,drowsy,1.0,0.0,1.0,0.0,0.0,0.0,0.835924,0.742433,0.05,0.553703,0.46809,0.46809,0.484818,0.374419,0.374419,True,False,False,0.0,False,True,37.278
333,16.65,1,drowsy,drowsy,0.978419,0.002914,0.978419,0.0,0.015224,0.003443,0.840873,0.73011,0.1,0.555047,0.469091,0.469091,0.486485,0.375672,0.375672,True,False,False,0.0,False,False,37.386
334,16.7,1,drowsy,drowsy,1.0,0.0,1.0,0.0,0.0,0.0,0.852825,0.713993,0.15,0.559224,0.470097,0.470097,0.491104,0.376922,0.376922,True,False,False,0.0,False,True,37.425
335,16.75,1,drowsy,drowsy,1.0,0.0,1.0,0.0,0.0,0.0,0.862738,0.701192,0.2,0.56624,0.471104,0.471104,0.498756,0.378169,0.378169,True,False,False,0.0,False,True,46.327
336,16.8,1,drowsy,drowsy,1.0,0.0,1.0,0.0,0.0,0.0,0.857628,0.704534,0.25,0.570198,0.472099,0.472099,0.503403,0.379402,0.379402,True,False,False,0.0,False,True,37.265
337,16.85,1,drowsy,drowsy,1.0,0.0,1.0,0.0,0.0,0.0,0.855606,0.70298,0.3,0.574209,0.47308,0.47308,0.508064,0.380621,0.380621,True,False,False,0.0,False,True,37.408
338,16.9,1,drowsy,drowsy,1.0,0.0,1.0,0.0,0.0,0.0,0.841988,0.70862,0.35,0.575435,0.47403,0.47403,0.509592,0.381809,0.381809,True,False,False,0.0,False,True,37.362
339,16.95,1,drowsy,drowsy,1.0,0.0,1.0,0.0,0.0,0.0,0.831551,0.716023,0.4,0.57938,0.474957,0.474957,0.514171,0.382975,0.382975,True,False,False,0.0,False,True,37.616
340,17.0,1,drowsy,drowsy,1.0,0.0,1.0,0.0,0.0,0.0,0.824449,0.711736,0.45,0.584156,0.475856,0.475856,0.521594,0.384111,0.384111,True,False,False,0.0,False,True,46.206
341,17.05,1,drowsy,drowsy,1.0,0.0,1.0,0.0,0.0,0.0,0.82755,0.710364,0.5,0.585684,0.476757,0.476757,0.525851,0.385246,0.385246,True,False,False,0.0,False,True,37.935
342,17.1,1,drowsy,drowsy,1.0,0.0,1.0,0.0,0.0,0.0,0.822979,0.712464,0.55,0.58724,0.477643,0.477643,0.530205,0.386367,0.386367,True,False,False,0.0,False,True,37.417
343,17.15,1,drowsy,drowsy,0.98954,0.002151,0.98954,0.0,0.005724,0.002584,0.822518,0.716579,0.6,0.588335,0.478529,0.478529,0.531565,0.387488,0.387488,True,False,False,0.0,False,False,37.609
344,17.2,1,drowsy,drowsy,0.989937,0.002126,0.989937,0.0,0.005273,0.002664,0.841256,0.704119,0.65,0.59025,0.479443,0.479443,0.536078,0.388631,0.388631,True,False,False,0.0,False,False,37.676
345,17.25,1,drowsy,drowsy,1.0,0.0,1.0,0.0,0.0,0.0,0.860002,0.687336,0.7,0.595178,0.480376,0.480376,0.544049,0.389787,0.389787,True,False,False,0.0,False,True,46.31
346,17.3,1,drowsy,drowsy,0.991193,0.001923,0.991193,0.0,0.004322,0.002561,0.857331,0.6812,0.75,0.599379,0.48129,0.48129,0.548838,0.39092,0.39092,True,False,False,0.0,False,False,37.186
347,17.35,1,drowsy,drowsy,1.0,0.0,1.0,0.0,0.0,0.0,0.840839,0.695824,0.8,0.603704,0.482178,0.482178,0.553604,0.392032,0.392032,True,False,False,0.0,False,True,37.689
348,17.4,1,drowsy,drowsy,0.99074,0.002006,0.99074,0.0,0.004414,0.002839,0.682857,0.760059,0.85,0.604098,0.482719,0.482719,0.554246,0.392815,0.392815,True,False,False,0.0,False,False,38.349
349,17.45,1,drowsy,drowsy,1.0,0.0,1.0,0.0,0.0,0.0,0.508931,0.838363,0.9,0.606866,0.482796,0.482796,0.557445,0.393158,0.393158,True,False,False,0.0,False,True,38.056
350,17.5,1,drowsy,drowsy,1.0,0.0,1.0,0.0,0.0,0.0,0.449659,0.868413,0.0,0.612572,0.482695,0.482695,0.563792,0.393331,0.393331,True,False,False,0.0,False,True,46.61
351,17.55,1,drowsy,drowsy,1.0,0.0,1.0,0.0,0.0,0.0,0.382837,0.894339,0.0,0.614611,0.482382,0.482382,0.566249,0.393298,0.393298,True,False,False,0.0,False,True,38.157
352,17.6,1,drowsy,drowsy,1.0,0.0,1.0,0.0,0.0,0.0,0.279398,0.916987,0.0,0.616006,0.481731,0.481731,0.566364,0.392037,0.392037,True,False,False,0.0,False,True,38.079
353,17.65,1,drowsy,drowsy,1.0,0.0,1.0,0.0,0.0,0.0,0.1792,0.929853,0.0,0.613343,0.48075,0.48075,0.562912,0.390766,0.390766,True,False,False,0.0,False,True,37.534
354,17.7,1,drowsy,drowsy,1.0,0.0,1.0,0.0,0.0,0.0,0.117836,0.93572,0.0,0.613684,0.47957,0.47957,0.562955,0.389495,0.389495,True,False,False,0.0,False,True,37.341
355,17.75,1,drowsy,drowsy,1.0,0.0,1.0,0.0,0.0,0.0,0.089394,0.939239,0.0,0.617398,0.478301,0.478301,0.566517,0.388228,0.388228,True,False,False,0.0,False,True,47.114
356,17.8,1,drowsy,drowsy,1.0,0.0,1.0,0.0,0.0,0.0,0.097513,0.938403,0.0,0.617669,0.477067,0.477067,0.566554,0.386971,0.386971,True,False,False,0.0,False,True,37.784
357,17.85,1,drowsy,drowsy,1.0,0.0,1.0,0.0,0.0,0.0,0.119868,0.933636,0.0,0.61809,0.47592,0.47592,0.56661,0.385728,0.385728,True,False,False,0.0,False,True,37.347
358,17.9,1,drowsy,drowsy,1.0,0.0,1.0,0.0,0.0,0.0,0.127634,0.931776,0.0,0.615092,0.474806,0.474806,0.563147,0.384495,0.384495,True,False,False,0.0,False,True,37.534
359,17.95,1,drowsy,drowsy,1.0,0.0,1.0,0.0,0.0,0.0,0.10904,0.935654,0.0,0.615409,0.473636,0.473636,0.563193,0.383265,0.383265,True,False,False,0.0,False,True,37.352
360,18.0,1,drowsy,drowsy,1.0,0.0,1.0,0.0,0.0,0.0,0.095287,0.935684,0.0,0.614006,0.47243,0.47243,0.566001,0.382042,0.382042,True,False,False,0.0,False,True,46.62
361,18.05,1,drowsy,drowsy,1.0,0.0,1.0,0.0,0.0,0.0,0.11164,0.932839,0.0,0.611162,0.471286,0.471286,0.565532,0.380832,0.380832,True,False,False,0.0,False,True,37.515
362,18.1,1,drowsy,drowsy,1.0,0.0,1.0,0.0,0.0,0.0,0.104972,0.931755,0.0,0.607945,0.47013,0.47013,0.561707,0.37963,0.37963,True,False,False,0.092189,False,True,37.439
363,18.15,1,drowsy,drowsy,1.0,0.0,1.0,0.0,0.0,0.0,0.097762,0.933714,0.0,0.604829,0.468957,0.468957,0.558277,0.378433,0.378433,True,False,False,0.0,False,True,37.218
364,18.2,1,drowsy,drowsy,1.0,0.0,1.0,0.0,0.0,0.0,0.086782,0.938084,0.0,0.600221,0.46775,0.46775,0.552939,0.377239,0.377239,True,False,False,0.0,False,True,37.15
365,18.25,1,drowsy,drowsy,1.0,0.0,1.0,0.0,0.0,0.0,0.409454,0.860408,0.0,0.598138,0.467582,0.467582,0.548573,0.376149,0.376149,True,False,False,0.0,False,True,46.324
366,18.3,1,drowsy,drowsy,1.0,0.0,1.0,0.0,0.0,0.0,0.473087,0.857488,0.0,0.596338,0.467598,0.467598,0.544147,0.37507,0.37507,True,False,False,0.0,False,True,37.441
367,18.35,1,drowsy,drowsy,1.0,0.0,1.0,0.0,0.0,0.0,0.48367,0.880578,0.0,0.594515,0.467645,0.467645,0.539581,0.373968,0.373968,True,False,False,0.0,False,True,37.696
368,18.4,3,yawning,yawning,0.669154,0.032077,0.290795,0.0,0.669154,0.007974,0.424499,0.906122,0.0,0.593511,0.467515,0.467515,0.536396,0.372841,0.372841,True,False,False,0.0,False,False,37.405
369,18.45,1,drowsy,drowsy,1.0,0.0,1.0,0.0,0.0,0.0,0.319022,0.922868,0.0,0.589405,0.46706,0.46706,0.530162,0.3717,0.3717,True,False,False,0.0,False,True,37.626
370,18.5,1,drowsy,drowsy,1.0,0.0,1.0,0.0,0.0,0.0,0.215235,0.933062,0.0,0.585841,0.466284,0.466284,0.525369,0.370554,0.370554,True,False,False,0.0,False,True,46.233
371,18.55,1,drowsy,drowsy,1.0,0.0,1.0,0.0,0.0,0.0,0.134759,0.940507,0.0,0.581758,0.465256,0.465256,0.52055,0.369405,0.369405,True,False,False,0.0,False,True,37.945
372,18.6,1,drowsy,drowsy,1.0,0.0,1.0,0.0,0.0,0.0,0.088117,0.94581,0.0,0.577386,0.464084,0.464084,0.515732,0.368257,0.368257,True,False,False,0.0,False,True,37.984
373,18.65,1,drowsy,drowsy,1.0,0.0,1.0,0.0,0.0,0.0,0.085822,0.944427,0.0,0.574382,0.462914,0.462914,0.512581,0.367118,0.367118,True,False,False,0.0,False,True,38.128
374,18.7,1,drowsy,drowsy,1.0,0.0,1.0,0.0,0.0,0.0,0.082657,0.944172,0.0,0.568612,0.461742,0.461742,0.506132,0.365987,0.365987,True,False,False,0.0,False,True,37.551
375,18.75,1,drowsy,drowsy,1.0,0.0,1.0,0.0,0.0,0.0,0.079803,0.943273,0.0,0.564233,0.460569,0.460569,0.501373,0.364863,0.364863,True,False,False,0.0,False,True,47.056
376,18.8,1,drowsy,drowsy,1.0,0.0,1.0,0.0,0.0,0.0,0.070785,0.945004,0.0,0.559821,0.459374,0.459374,0.496639,0.363744,0.363744,True,False,False,0.0,False,True,38.008
377,18.85,1,drowsy,drowsy,1.0,0.0,1.0,0.0,0.0,0.0,0.075431,0.944411,0.0,0.555469,0.458201,0.458201,0.491941,0.362633,0.362633,True,False,False,0.0,False,True,37.443
378,18.9,1,drowsy,drowsy,1.0,0.0,1.0,0.0,0.0,0.0,0.061495,0.946757,0.0,0.55247,0.45699,0.45699,0.488954,0.361526,0.361526,True,False,False,0.0,False,True,37.26
379,18.95,1,drowsy,drowsy,1.0,0.0,1.0,0.0,0.0,0.0,0.061598,0.947321,0.0,0.546628,0.455785,0.455785,0.482585,0.360424,0.360424,True,False,False,0.0,False,True,37.214
380,19.0,1,drowsy,drowsy,1.0,0.0,1.0,0.0,0.0,0.0,0.082549,0.943108,0.0,0.542387,0.454657,0.454657,0.47796,0.359335,0.359335,True,False,False,0.0,False,True,46.245
381,19.05,1,drowsy,drowsy,1.0,0.0,1.0,0.0,0.0,0.0,0.079183,0.944759,0.0,0.53814,0.453523,0.453523,0.473353,0.35825,0.35825,True,False,False,0.0,False,True,37.403
382,19.1,1,drowsy,drowsy,1.0,0.0,1.0,0.0,0.0,0.0,0.097373,0.942118,0.0,0.534016,0.452454,0.452454,0.468759,0.357174,0.357174,True,False,False,0.0,False,True,37.147
383,19.15,1,drowsy,drowsy,1.0,0.0,1.0,0.0,0.0,0.0,0.126121,0.93645,0.0,0.531588,0.451483,0.451483,0.465969,0.356112,0.356112,True,False,False,0.0,False,True,37.134
384,19.2,1,drowsy,drowsy,1.0,0.0,1.0,0.0,0.0,0.0,0.289223,0.914548,0.0,0.527188,0.451013,0.451013,0.459715,0.35508,0.35508,True,False,False,0.0,False,True,37.072
385,19.25,1,drowsy,drowsy,1.0,0.0,1.0,0.0,0.0,0.0,0.431496,0.895659,0.0,0.525141,0.450958,0.450958,0.455314,0.354076,0.354076,True,False,False,0.0,False,True,46.392
386,19.3,1,drowsy,drowsy,1.0,0.0,1.0,0.0,0.0,0.0,0.505516,0.858522,0.0,0.523523,0.451106,0.451106,0.451031,0.353118,0.353118,True,False,False,0.0,False,True,37.271
387,19.35,1,drowsy,drowsy,1.0,0.0,1.0,0.0,0.0,0.0,0.512143,0.87056,0.0,0.521952,0.451273,0.451273,0.446732,0.352152,0.352152,True,False,False,0.0,False,True,37.149
388,19.4,1,drowsy,drowsy,1.0,0.0,1.0,0.0,0.0,0.0,0.49918,0.886376,0.0,0.521825,0.451406,0.451406,0.444234,0.351174,0.351174,True,False,False,0.0,False,True,37.067
389,19.45,1,drowsy,drowsy,1.0,0.0,1.0,0.0,0.0,0.0,0.499738,0.882435,0.0,0.51867,0.451539,0.451539,0.438085,0.350206,0.350206,True,False,False,0.0,False,True,36.895
390,19.5,1,drowsy,drowsy,1.0,0.0,1.0,0.0,0.0,0.0,0.468903,0.902833,0.0,0.516858,0.451588,0.451588,0.433728,0.349221,0.349221,True,False,False,0.0,False,True,46.17
391,19.55,1,drowsy,drowsy,1.0,0.0,1.0,0.0,0.0,0.0,0.401607,0.920697,0.0,0.514656,0.451445,0.451445,0.429336,0.348222,0.348222,True,False,False,0.0,False,True,37.773
392,19.6,1,drowsy,drowsy,1.0,0.0,1.0,0.0,0.0,0.0,0.320258,0.931471,0.0,0.511981,0.451066,0.451066,0.424935,0.347218,0.347218,True,False,False,0.0,False,True,37.222
393,19.65,1,drowsy,drowsy,1.0,0.0,1.0,0.0,0.0,0.0,0.210458,0.942013,0.0,0.510204,0.450366,0.450366,0.422431,0.346207,0.346207,True,False,False,0.0,False,True,37.22
394,19.7,1,drowsy,drowsy,1.0,0.0,1.0,0.0,0.0,0.0,0.156891,0.943853,0.0,0.505026,0.449513,0.449513,0.416132,0.345201,0.345201,True,False,False,0.0,False,True,37.282
395,19.75,1,drowsy,drowsy,1.0,0.0,1.0,0.0,0.0,0.0,0.129767,0.943388,0.0,0.501248,0.448587,0.448587,0.411751,0.344201,0.344201,True,False,False,0.0,False,True,46.365
396,19.8,1,drowsy,drowsy,1.0,0.0,1.0,0.0,0.0,0.0,0.120857,0.940629,0.0,0.497445,0.447643,0.447643,0.407402,0.34321,0.34321,True,False,False,0.0,False,True,37.069
397,19.85,3,yawning,yawning,0.948865,0.018819,0.028833,0.0,0.948865,0.003483,0.121301,0.939075,0.0,0.49366,0.446707,0.446707,0.403071,0.342226,0.342226,True,False,False,0.0,False,False,37.143
398,19.9,1,drowsy,drowsy,1.0,0.0,1.0,0.0,0.0,0.0,0.103283,0.940467,0.0,0.491383,0.445724,0.445724,0.40072,0.341246,0.341246,True,False,False,0.0,False,True,37.502
399,19.95,1,drowsy,drowsy,1.0,0.0,1.0,0.0,0.0,0.0,0.093195,0.939286,0.0,0.485847,0.444719,0.444719,0.394439,0.340273,0.340273,True,False,False,0.0,False,True,37.292
400,20.0,1,drowsy,drowsy,1.0,0.0,1.0,0.0,0.0,0.0,0.065573,0.946379,0.0,0.481757,0.443633,0.443633,0.390134,0.339298,0.339298,True,False,False,0.0,False,True,46.354
401,20.05,1,drowsy,drowsy,1.0,0.0,1.0,0.0,0.0,0.0,0.059081,0.947725,0.0,0.477649,0.442533,0.442533,0.38585,0.338328,0.338328,True,False,False,0.0,False,True,37.515
402,20.1,1,drowsy,drowsy,1.0,0.0,1.0,0.0,0.0,0.0,0.054839,0.948221,0.0,0.473527,0.441427,0.441427,0.381577,0.337362,0.337362,True,False,False,0.0,False,True,37.19
403,20.15,1,drowsy,drowsy,1.0,0.0,1.0,0.0,0.0,0.0,0.049345,0.949044,0.0,0.471054,0.44031,0.44031,0.379352,0.336401,0.336401,True,False,False,0.0,False,True,37.332
404,20.2,1,drowsy,drowsy,1.0,0.0,1.0,0.0,0.0,0.0,0.047123,0.949855,0.0,0.465238,0.439192,0.439192,0.373062,0.335445,0.335445,True,False,False,0.0,False,True,37.355
405,20.25,1,drowsy,drowsy,1.0,0.0,1.0,0.0,0.0,0.0,0.050377,0.949137,0.0,0.461135,0.438091,0.438091,0.368836,0.334495,0.334495,True,False,False,0.0,False,True,46.65
406,20.3,1,drowsy,drowsy,1.0,0.0,1.0,0.0,0.0,0.0,0.047362,0.949956,0.0,0.457032,0.436987,0.436987,0.364628,0.33355,0.33355,True,False,False,0.0,False,True,37.129
407,20.35,1,drowsy,drowsy,1.0,0.0,1.0,0.0,0.0,0.0,0.046322,0.950161,0.0,0.452936,0.435885,0.435885,0.360434,0.332609,0.332609,True,False,False,0.0,False,True,37.627
408,20.4,1,drowsy,drowsy,1.0,0.0,1.0,0.0,0.0,0.0,0.045166,0.950493,0.0,0.450577,0.434786,0.434786,0.358349,0.331674,0.331674,True,False,False,0.0,False,True,37.464
409,20.45,1,drowsy,drowsy,1.0,0.0,1.0,0.0,0.0,0.0,0.044277,0.950906,0.0,0.444759,0.433691,0.433691,0.352078,0.330743,0.330743,True,False,False,0.0,False,True,37.328
410,20.5,1,drowsy,drowsy,1.0,0.0,1.0,0.0,0.0,0.0,0.042601,0.951273,0.0,0.440693,0.432596,0.432596,0.347938,0.329818,0.329818,True,False,False,0.0,False,True,46.179
411,20.55,1,drowsy,drowsy,1.0,0.0,1.0,0.0,0.0,0.0,0.041417,0.951616,0.0,0.436629,0.431504,0.431504,0.343805,0.328897,0.328897,True,False,False,0.0,False,True,37.568
412,20.6,1,drowsy,drowsy,1.0,0.0,1.0,0.0,0.0,0.0,0.040959,0.951495,0.0,0.432567,0.430417,0.430417,0.339676,0.327981,0.327981,True,False,False,0.0,False,True,37.416
413,20.65,1,drowsy,drowsy,1.0,0.0,1.0,0.0,0.0,0.0,0.040961,0.951457,0.0,0.43032,0.429335,0.429335,0.337727,0.327071,0.327071,True,False,False,0.0,False,True,37.192
414,20.7,1,drowsy,drowsy,1.0,0.0,1.0,0.0,0.0,0.0,0.04097,0.951394,0.0,0.424491,0.42826,0.42826,0.331466,0.326165,0.326165,True,False,False,0.0,False,True,37.341
415,20.75,1,drowsy,drowsy,1.0,0.0,1.0,0.0,0.0,0.0,0.044725,0.950636,0.0,0.42054,0.427202,0.427202,0.327424,0.325265,0.325265,True,False,False,0.0,False,True,46.343
416,20.8,1,drowsy,drowsy,1.0,0.0,1.0,0.0,0.0,0.0,0.050112,0.948946,0.0,0.41665,0.426167,0.426167,0.323413,0.324372,0.324372,True,False,False,0.0,False,True,37.022
417,20.85,1,drowsy,drowsy,1.0,0.0,1.0,0.0,0.0,0.0,0.053336,0.94816,0.0,0.412816,0.425147,0.425147,0.31944,0.323485,0.323485,True,False,False,0.0,False,True,37.404
418,20.9,1,drowsy,drowsy,1.0,0.0,1.0,0.0,0.0,0.0,0.061872,0.945942,0.0,0.410832,0.424158,0.424158,0.317633,0.322604,0.322604,True,False,False,0.0,False,True,37.433
419,20.95,1,drowsy,drowsy,1.0,0.0,1.0,0.0,0.0,0.0,0.063886,0.945557,0.0,0.405281,0.42318,0.42318,0.311517,0.321728,0.321728,True,False,False,0.0,False,True,37.358
420,21.0,1,drowsy,drowsy,1.0,0.0,1.0,0.0,0.0,0.0,0.060349,0.946801,0.0,0.401524,0.422197,0.422197,0.307584,0.320857,0.320857,True,False,False,0.0,False,True,46.217
421,21.05,1,drowsy,drowsy,1.0,0.0,1.0,0.0,0.0,0.0,0.054283,0.948759,0.0,0.3977,0.4212,0.4212,0.303618,0.319988,0.319988,True,False,False,0.0,False,True,37.73
422,21.1,1,drowsy,drowsy,1.0,0.0,1.0,0.0,0.0,0.0,0.051104,0.949809,0.0,0.393864,0.4202,0.4202,0.299658,0.319122,0.319122,True,False,False,0.0,False,True,38.093
423,21.15,1,drowsy,drowsy,1.0,0.0,1.0,0.0,0.0,0.0,0.049709,0.950183,0.0,0.391926,0.4192,0.4192,0.297971,0.318261,0.318261,True,False,False,0.0,False,True,37.868
424,21.2,1,drowsy,drowsy,1.0,0.0,1.0,0.0,0.0,0.0,0.044688,0.95023,0.0,0.38617,0.418192,0.418192,0.291759,0.317405,0.317405,True,False,False,0.0,False,True,37.761
425,21.25,1,drowsy,drowsy,1.0,0.0,1.0,0.0,0.0,0.0,0.043831,0.95016,0.0,0.382308,0.417188,0.417188,0.287812,0.316553,0.316553,True,False,False,0.0,False,True,47.344
426,21.3,1,drowsy,drowsy,1.0,0.0,1.0,0.0,0.0,0.0,0.04531,0.949832,0.0,0.378465,0.416193,0.416193,0.283875,0.315707,0.315707,True,False,False,0.0,False,True,37.639
427,21.35,1,drowsy,drowsy,1.0,0.0,1.0,0.0,0.0,0.0,0.04187,0.950848,0.0,0.37461,0.415193,0.415193,0.279946,0.314863,0.314863,True,False,False,0.0,False,True,37.41
428,21.4,1,drowsy,drowsy,1.0,0.0,1.0,0.0,0.0,0.0,0.039999,0.951455,0.0,0.372739,0.414193,0.414193,0.278382,0.314024,0.314024,True,False,False,0.0,False,True,37.377
429,21.45,1,drowsy,drowsy,1.0,0.0,1.0,0.0,0.0,0.0,0.040976,0.95115,0.0,0.366912,0.413201,0.413201,0.272119,0.31319,0.31319,True,False,False,0.0,False,True,37.757
430,21.5,1,drowsy,drowsy,1.0,0.0,1.0,0.0,0.0,0.0,0.044669,0.950039,0.0,0.363106,0.412226,0.412226,0.268225,0.312361,0.312361,True,False,False,0.0,False,True,46.556
431,21.55,1,drowsy,drowsy,1.0,0.0,1.0,0.0,0.0,0.0,0.047198,0.949704,0.0,0.359342,0.411262,0.411262,0.264361,0.311536,0.311536,True,False,False,0.0,False,True,37.941
432,21.6,1,drowsy,drowsy,1.0,0.0,1.0,0.0,0.0,0.0,0.119725,0.934986,0.0,0.355997,0.410507,0.410507,0.260516,0.310729,0.310729,True,False,False,0.0,False,True,37.452
433,21.65,1,drowsy,drowsy,1.0,0.0,1.0,0.0,0.0,0.0,0.428457,0.883318,0.0,0.35637,0.410551,0.410551,0.259174,0.30997,0.30997,True,False,False,0.0,False,True,37.181
434,21.7,1,drowsy,drowsy,1.0,0.0,1.0,0.0,0.0,0.0,0.501291,0.851299,0.0,0.353036,0.410764,0.410764,0.253086,0.309242,0.309242,True,False,False,0.0,False,True,37.378
435,21.75,1,drowsy,drowsy,1.0,0.0,1.0,0.0,0.0,0.0,0.436109,0.902159,0.0,0.351434,0.410827,0.410827,0.249333,0.308474,0.308474,True,False,False,0.0,False,True,46.033
436,21.8,1,drowsy,drowsy,1.0,0.0,1.0,0.0,0.0,0.0,0.313471,0.924362,0.0,0.349189,0.41058,0.41058,0.245559,0.307691,0.307691,True,False,False,0.0,False,True,37.089
437,21.85,1,drowsy,drowsy,1.0,0.0,1.0,0.0,0.0,0.0,0.141478,0.942785,0.0,0.345993,0.409885,0.409885,0.24176,0.306897,0.306897,True,False,False,0.0,False,True,37.57
438,21.9,1,drowsy,drowsy,1.0,0.0,1.0,0.0,0.0,0.0,0.054641,0.952015,0.0,0.344388,0.408961,0.408961,0.240429,0.306099,0.306099,True,False,False,0.0,False,True,37.578
439,21.95,1,drowsy,drowsy,1.0,0.0,1.0,0.0,0.0,0.0,0.042493,0.95378,0.0,0.3386,0.408009,0.408009,0.234193,0.305304,0.305304,True,False,False,0.0,False,True,38.192
440,22.0,1,drowsy,drowsy,1.0,0.0,1.0,0.0,0.0,0.0,0.038947,0.954767,0.0,0.334882,0.407052,0.407052,0.230444,0.304512,0.304512,True,False,False,0.0,False,True,46.615
441,22.05,1,drowsy,drowsy,1.0,0.0,1.0,0.0,0.0,0.0,0.037793,0.954386,0.0,0.331168,0.406097,0.406097,0.226707,0.303725,0.303725,True,False,False,0.0,False,True,37.918
442,22.1,1,drowsy,drowsy,1.0,0.0,1.0,0.0,0.0,0.0,0.036639,0.953564,0.0,0.327454,0.405145,0.405145,0.222974,0.302942,0.302942,True,False,False,0.021393,False,True,37.759
443,22.15,1,drowsy,drowsy,1.0,0.0,1.0,0.0,0.0,0.0,0.040518,0.952081,0.0,0.325887,0.404209,0.404209,0.221756,0.302165,0.302165,True,False,False,0.016357,False,True,38.132
444,22.2,1,drowsy,drowsy,1.0,0.0,1.0,0.0,0.0,0.0,0.043678,0.950839,0.0,0.320121,0.403288,0.403288,0.215543,0.301392,0.301392,True,False,False,0.0,False,True,38.007
445,22.25,1,drowsy,drowsy,1.0,0.0,1.0,0.0,0.0,0.0,0.045203,0.950172,0.0,0.316494,0.402375,0.402375,0.211849,0.300624,0.300624,True,False,False,0.075409,False,True,46.597
446,22.3,1,drowsy,drowsy,1.0,0.0,1.0,0.0,0.0,0.0,0.041357,0.951171,0.0,0.312869,0.401457,0.401457,0.20818,0.299859,0.299859,True,False,False,0.075409,False,True,37.577
447,22.35,1,drowsy,drowsy,1.0,0.0,1.0,0.0,0.0,0.0,0.047207,0.949173,0.0,0.30929,0.40056,0.40056,0.204526,0.2991,0.2991,True,False,False,0.055267,False,True,37.622
448,22.4,1,drowsy,drowsy,1.0,0.0,1.0,0.0,0.0,0.0,0.046581,0.948888,0.0,0.307873,0.399666,0.399666,0.203423,0.298344,0.298344,True,False,False,0.01178,False,True,37.456
449,22.45,1,drowsy,drowsy,1.0,0.0,1.0,0.0,0.0,0.0,0.046822,0.948369,0.0,0.302169,0.398777,0.398777,0.197259,0.297593,0.297593,True,False,False,0.01178,False,True,37.264
450,22.5,1,drowsy,drowsy,1.0,0.0,1.0,0.0,0.0,0.0,0.050208,0.946853,0.0,0.298653,0.397903,0.397903,0.193652,0.296847,0.296847,True,False,False,0.0,False,True,46.281
451,22.55,1,drowsy,drowsy,1.0,0.0,1.0,0.0,0.0,0.0,0.08107,0.936569,0.0,0.295331,0.397119,0.397119,0.190072,0.296113,0.296113,True,False,False,0.0,False,True,37.379
452,22.6,1,drowsy,drowsy,1.0,0.0,1.0,0.0,0.0,0.0,0.061631,0.942493,0.0,0.291906,0.396286,0.396286,0.186495,0.295377,0.295377,True,False,False,0.0,False,True,37.322
453,22.65,1,drowsy,drowsy,1.0,0.0,1.0,0.0,0.0,0.0,0.051961,0.944464,0.0,0.290628,0.395431,0.395431,0.185502,0.294644,0.294644,True,False,False,0.023633,False,True,37.26
454,22.7,1,drowsy,drowsy,1.0,0.0,1.0,0.0,0.0,0.0,0.043031,0.949323,0.0,0.284914,0.394554,0.394554,0.179352,0.293911,0.293911,True,False,False,0.149518,False,True,37.197
455,22.75,1,drowsy,drowsy,1.0,0.0,1.0,0.0,0.0,0.0,0.042898,0.949865,0.0,0.28141,0.393681,0.393681,0.175799,0.29318,0.29318,True,False,False,0.0,False,True,46.512
456,22.8,1,drowsy,drowsy,1.0,0.0,1.0,0.0,0.0,0.0,0.041209,0.950646,0.0,0.277909,0.392806,0.392806,0.172257,0.292453,0.292453,True,False,False,0.0,False,True,37.49
457,22.85,1,drowsy,drowsy,1.0,0.0,1.0,0.0,0.0,0.0,0.041855,0.950934,0.0,0.274426,0.391938,0.391938,0.168729,0.291729,0.291729,True,False,False,0.0,False,True,37.384
458,22.9,1,drowsy,drowsy,1.0,0.0,1.0,0.0,0.0,0.0,0.049091,0.947722,0.0,0.273232,0.391094,0.391094,0.167835,0.291012,0.291012,True,False,False,0.0,False,True,37.216
459,22.95,1,drowsy,drowsy,1.0,0.0,1.0,0.0,0.0,0.0,0.427693,0.859555,0.0,0.269498,0.391176,0.391176,0.161782,0.290364,0.290364,True,False,False,0.0,False,True,37.184
460,23.0,1,drowsy,drowsy,1.0,0.0,1.0,0.0,0.0,0.0,0.516821,0.818931,0.0,0.268566,0.391442,0.391442,0.158535,0.289749,0.289749,True,False,False,0.0,False,True,46.36
461,23.05,1,drowsy,drowsy,1.0,0.0,1.0,0.0,0.0,0.0,0.46882,0.886025,0.0,0.267278,0.391619,0.391619,0.155039,0.289087,0.289087,True,False,False,0.0,False,True,37.369
462,23.1,1,drowsy,drowsy,1.0,0.0,1.0,0.0,0.0,0.0,0.356845,0.91657,0.0,0.265603,0.391536,0.391536,0.151659,0.288405,0.288405,True,False,False,0.0,False,True,37.271
463,23.15,1,drowsy,drowsy,1.0,0.0,1.0,0.0,0.0,0.0,0.161452,0.940675,0.0,0.265058,0.390981,0.390981,0.150866,0.287709,0.287709,True,False,False,0.0,False,True,37.458
464,23.2,1,drowsy,drowsy,1.0,0.0,1.0,0.0,0.0,0.0,0.063541,0.951792,0.0,0.26158,0.390183,0.390183,0.146598,0.287008,0.287008,True,False,False,0.0,False,True,37.218
465,23.25,1,drowsy,drowsy,1.0,0.0,1.0,0.0,0.0,0.0,0.048601,0.954417,0.0,0.260377,0.38935,0.38935,0.146569,0.286308,0.286308,True,False,False,0.0,False,True,46.507
466,23.3,1,drowsy,drowsy,1.0,0.0,1.0,0.0,0.0,0.0,0.043964,0.952996,0.0,0.259898,0.388512,0.388512,0.146561,0.285613,0.285613,True,False,False,0.0,False,True,37.493
467,23.35,1,drowsy,drowsy,1.0,0.0,1.0,0.0,0.0,0.0,0.040418,0.952119,0.0,0.259767,0.387669,0.387669,0.146561,0.284922,0.284922,True,False,False,0.0,False,True,37.515
468,23.4,1,drowsy,drowsy,1.0,0.0,1.0,0.0,0.0,0.0,0.039049,0.951439,0.0,0.258601,0.386828,0.386828,0.145787,0.284234,0.284234,True,False,False,0.0,False,True,37.262
469,23.45,1,drowsy,drowsy,1.0,0.0,1.0,0.0,0.0,0.0,0.040439,0.950325,0.0,0.259735,0.385996,0.385996,0.146566,0.283551,0.283551,True,False,False,0.0,False,True,37.133
470,23.5,1,drowsy,drowsy,1.0,0.0,1.0,0.0,0.0,0.0,0.045314,0.948687,0.0,0.259774,0.38518,0.38518,0.14657,0.282872,0.282872,True,False,False,0.0,False,True,46.164
471,23.55,1,drowsy,drowsy,1.0,0.0,1.0,0.0,0.0,0.0,0.054901,0.946468,0.0,0.259862,0.384393,0.384393,0.146574,0.282198,0.282198,True,False,False,0.0,False,True,37.251
472,23.6,1,drowsy,drowsy,1.0,0.0,1.0,0.0,0.0,0.0,0.063741,0.943069,0.0,0.260002,0.383633,0.383633,0.146582,0.28153,0.28153,True,False,False,0.0,False,True,37.425
473,23.65,1,drowsy,drowsy,1.0,0.0,1.0,0.0,0.0,0.0,0.052456,0.945694,0.0,0.258912,0.382849,0.382849,0.145812,0.280863,0.280863,True,False,False,0.0,False,True,37.307
474,23.7,1,drowsy,drowsy,1.0,0.0,1.0,0.0,0.0,0.0,0.054513,0.945993,0.0,0.260138,0.382072,0.382072,0.14659,0.280199,0.280199,True,False,False,0.0,False,True,37.079
475,23.75,1,drowsy,drowsy,1.0,0.0,1.0,0.0,0.0,0.0,0.049931,0.947424,0.0,0.26014,0.381288,0.381288,0.146591,0.279537,0.279537,True,False,False,0.0,False,True,46.232
476,23.8,1,drowsy,drowsy,1.0,0.0,1.0,0.0,0.0,0.0,0.049263,0.947411,0.0,0.260107,0.380505,0.380505,0.146591,0.278878,0.278878,True,False,False,0.0,False,True,37.494
477,23.85,1,drowsy,drowsy,1.0,0.0,1.0,0.0,0.0,0.0,0.043715,0.949026,0.0,0.259977,0.379712,0.379712,0.146588,0.278221,0.278221,True,False,False,0.0,False,True,38.019
478,23.9,1,drowsy,drowsy,1.0,0.0,1.0,0.0,0.0,0.0,0.046161,0.948708,0.0,0.258851,0.378928,0.378928,0.145816,0.277567,0.277567,True,False,False,0.0,False,True,37.71
479,23.95,1,drowsy,drowsy,1.0,0.0,1.0,0.0,0.0,0.0,0.042177,0.950029,0.0,0.259584,0.378138,0.378138,0.146578,0.276916,0.276916,True,False,False,0.0,False,True,38.215
480,24.0,1,drowsy,drowsy,1.0,0.0,1.0,0.0,0.0,0.0,0.040744,0.950645,0.0,0.25944,0.377347,0.377347,0.146574,0.276267,0.276267,True,False,False,0.0,False,True,46.976
481,24.05,1,drowsy,drowsy,1.0,0.0,1.0,0.0,0.0,0.0,0.038906,0.951305,0.0,0.259333,0.376556,0.376556,0.146571,0.275621,0.275621,True,False,False,0.000107,False,True,37.425
482,24.1,0,alert,alert,0.720177,0.720177,0.000655,0.0,0.001596,0.277572,0.038791,0.951085,0.0,0.259222,0.375768,0.375768,0.146567,0.274978,0.274978,True,False,False,0.005142,False,False,37.361
483,24.15,1,drowsy,drowsy,1.0,0.0,1.0,0.0,0.0,0.0,0.038148,0.95146,0.0,0.258054,0.374982,0.374982,0.145793,0.274337,0.274337,True,False,False,0.024826,False,True,37.964
484,24.2,1,drowsy,drowsy,1.0,0.0,1.0,0.0,0.0,0.0,0.038049,0.951828,0.0,0.258939,0.374198,0.374198,0.146555,0.2737,0.2737,True,False,False,0.005142,False,True,37.895
485,24.25,1,drowsy,drowsy,1.0,0.0,1.0,0.0,0.0,0.0,0.037366,0.952378,0.0,0.258633,0.373417,0.373417,0.146543,0.273065,0.273065,True,False,False,0.0,False,True,46.75
486,24.3,1,drowsy,drowsy,1.0,0.0,1.0,0.0,0.0,0.0,0.038207,0.95237,0.0,0.256604,0.372641,0.372641,0.146465,0.272433,0.272433,True,False,False,0.0,False,True,37.309
487,24.35,1,drowsy,drowsy,1.0,0.0,1.0,0.0,0.0,0.0,0.038792,0.952296,0.0,0.254244,0.37187,0.37187,0.14635,0.271804,0.271804,True,False,False,0.0,False,True,37.205
488,24.4,1,drowsy,drowsy,1.0,0.0,1.0,0.0,0.0,0.0,0.040068,0.951802,0.0,0.253114,0.371106,0.371106,0.145578,0.271178,0.271178,True,False,False,0.0,False,True,37.449
489,24.45,1,drowsy,drowsy,1.0,0.0,1.0,0.0,0.0,0.0,0.038772,0.952003,0.0,0.250276,0.370343,0.370343,0.146259,0.270555,0.270555,True,False,False,0.0,False,True,37.296
490,24.5,1,drowsy,drowsy,1.0,0.0,1.0,0.0,0.0,0.0,0.038166,0.952397,0.0,0.249289,0.369581,0.369581,0.146243,0.269934,0.269934,True,False,False,0.0,False,True,46.223
491,24.55,1,drowsy,drowsy,1.0,0.0,1.0,0.0,0.0,0.0,0.038039,0.952322,0.0,0.248879,0.368822,0.368822,0.146233,0.269317,0.269317,True,False,False,0.0,False,True,37.342
492,24.6,1,drowsy,drowsy,1.0,0.0,1.0,0.0,0.0,0.0,0.03878,0.952328,0.0,0.248628,0.368069,0.368069,0.146225,0.268702,0.268702,True,False,False,0.0,False,True,37.168
493,24.65,1,drowsy,drowsy,1.0,0.0,1.0,0.0,0.0,0.0,0.039849,0.952439,0.0,0.247527,0.367321,0.367321,0.145454,0.26809,0.26809,True,False,False,0.0,False,True,37.589
494,24.7,1,drowsy,drowsy,1.0,0.0,1.0,0.0,0.0,0.0,0.041216,0.951528,0.0,0.248396,0.366581,0.366581,0.146216,0.267481,0.267481,True,False,False,0.0,False,True,37.77
495,24.75,1,drowsy,drowsy,1.0,0.0,1.0,0.0,0.0,0.0,0.041651,0.951169,0.0,0.248237,0.365845,0.365845,0.146209,0.266875,0.266875,True,False,False,0.0,False,True,46.75
496,24.8,1,drowsy,drowsy,1.0,0.0,1.0,0.0,0.0,0.0,0.041086,0.950794,0.0,0.248075,0.365111,0.365111,0.146204,0.266273,0.266273,True,False,False,0.0,False,True,37.6
497,24.85,1,drowsy,drowsy,1.0,0.0,1.0,0.0,0.0,0.0,0.041587,0.950768,0.0,0.247912,0.364382,0.364382,0.146198,0.265673,0.265673,True,False,False,0.0,False,True,37.482
498,24.9,1,drowsy,drowsy,1.0,0.0,1.0,0.0,0.0,0.0,0.041176,0.950531,0.0,0.246824,0.363656,0.363656,0.145429,0.265076,0.265076,True,False,False,0.0,False,True,37.931
499,24.95,1,drowsy,drowsy,1.0,0.0,1.0,0.0,0.0,0.0,0.042099,0.950462,0.0,0.247646,0.362935,0.362935,0.14619,0.264481,0.264481,True,False,False,0.0,False,True,37.503
500,25.0,1,drowsy,drowsy,1.0,0.0,1.0,0.0,0.0,0.0,0.042141,0.950377,0.0,0.2475,0.362217,0.362217,0.146186,0.263889,0.263889,True,False,False,0.0,False,True,46.642
501,25.05,1,drowsy,drowsy,1.0,0.0,1.0,0.0,0.0,0.0,0.04314,0.950091,0.0,0.247382,0.361505,0.361505,0.146183,0.2633,0.2633,True,False,False,0.0,False,True,37.58
502,25.1,1,drowsy,drowsy,1.0,0.0,1.0,0.0,0.0,0.0,0.044421,0.950105,0.0,0.247255,0.360799,0.360799,0.146179,0.262714,0.262714,True,False,False,0.0,False,True,37.332
503,25.15,1,drowsy,drowsy,1.0,0.0,1.0,0.0,0.0,0.0,0.044555,0.950304,0.0,0.246189,0.360096,0.360096,0.14541,0.26213,0.26213,True,False,False,0.0,False,True,37.439
504,25.2,1,drowsy,drowsy,1.0,0.0,1.0,0.0,0.0,0.0,0.044608,0.950297,0.0,0.24311,0.359397,0.359397,0.145992,0.261549,0.261549,True,False,False,0.0,False,True,37.23
505,25.25,1,drowsy,drowsy,1.0,0.0,1.0,0.0,0.0,0.0,0.046653,0.949587,0.0,0.24069,0.358705,0.358705,0.145881,0.260971,0.260971,True,False,False,0.0,False,True,46.237
506,25.3,1,drowsy,drowsy,1.0,0.0,1.0,0.0,0.0,0.0,0.045067,0.950489,0.0,0.238102,0.358013,0.358013,0.14578,0.260395,0.260395,True,False,False,0.0,False,True,37.212
507,25.35,1,drowsy,drowsy,1.0,0.0,1.0,0.0,0.0,0.0,0.047288,0.949788,0.0,0.235063,0.357329,0.357329,0.142557,0.259821,0.259821,True,False,False,0.0,False,True,37.277
508,25.4,1,drowsy,drowsy,1.0,0.0,1.0,0.0,0.0,0.0,0.048886,0.949581,0.0,0.234088,0.356651,0.356651,0.14181,0.259251,0.259251,True,False,False,0.0,False,True,37.157
509,25.45,1,drowsy,drowsy,1.0,0.0,1.0,0.0,0.0,0.0,0.048074,0.950157,0.0,0.228369,0.355975,0.355975,0.135492,0.258682,0.258682,True,False,False,0.0,False,True,37.402
510,25.5,1,drowsy,drowsy,1.0,0.0,1.0,0.0,0.0,0.0,0.051317,0.949226,0.0,0.224906,0.355309,0.355309,0.131838,0.258117,0.258117,True,False,False,0.0,False,True,46.111
511,25.55,1,drowsy,drowsy,1.0,0.0,1.0,0.0,0.0,0.0,0.055804,0.947947,0.0,0.221462,0.354656,0.354656,0.128186,0.257555,0.257555,True,False,False,0.0,False,True,37.845
512,25.6,1,drowsy,drowsy,1.0,0.0,1.0,0.0,0.0,0.0,0.055854,0.948295,0.0,0.218015,0.354007,0.354007,0.124538,0.256995,0.256995,True,False,False,0.0,False,True,37.858
513,25.65,1,drowsy,drowsy,1.0,0.0,1.0,0.0,0.0,0.0,0.062177,0.94757,0.0,0.217204,0.353374,0.353374,0.12389,0.256438,0.256438,True,False,False,0.0,False,True,38.378
514,25.7,1,drowsy,drowsy,1.0,0.0,1.0,0.0,0.0,0.0,0.068336,0.9464,0.0,0.211208,0.352758,0.352758,0.117239,0.255884,0.255884,True,False,False,0.0,False,True,37.697
515,25.75,1,drowsy,drowsy,1.0,0.0,1.0,0.0,0.0,0.0,0.061039,0.948055,0.0,0.207861,0.352128,0.352128,0.113658,0.255331,0.255331,True,False,False,0.109463,False,True,47.594
516,25.8,1,drowsy,drowsy,1.0,0.0,1.0,0.0,0.0,0.0,0.054503,0.948424,0.0,0.204466,0.351487,0.351487,0.110064,0.254781,0.254781,True,False,False,0.0,False,True,38.42
517,25.85,1,drowsy,drowsy,1.0,0.0,1.0,0.0,0.0,0.0,0.053753,0.948464,0.0,0.201049,0.350846,0.350846,0.106459,0.254233,0.254233,True,False,False,0.0,False,True,37.643
518,25.9,1,drowsy,drowsy,1.0,0.0,1.0,0.0,0.0,0.0,0.055589,0.946602,0.0,0.200296,0.350214,0.350214,0.105908,0.253688,0.253688,True,False,False,0.0,False,True,37.439
519,25.95,1,drowsy,drowsy,1.0,0.0,1.0,0.0,0.0,0.0,0.053844,0.947365,0.0,0.194293,0.34958,0.34958,0.099336,0.253145,0.253145,True,False,False,0.0,False,True,37.32
520,26.0,1,drowsy,drowsy,1.0,0.0,1.0,0.0,0.0,0.0,0.051561,0.948159,0.0,0.190978,0.348943,0.348943,0.095854,0.252604,0.252604,True,False,False,0.0,False,True,46.244
521,26.05,1,drowsy,drowsy,1.0,0.0,1.0,0.0,0.0,0.0,0.050384,0.948794,0.0,0.187709,0.348306,0.348306,0.092413,0.252065,0.252065,True,False,False,0.0,False,True,37.615
522,26.1,1,drowsy,drowsy,1.0,0.0,1.0,0.0,0.0,0.0,0.045695,0.95,0.0,0.184533,0.347661,0.347661,0.089082,0.251528,0.251528,True,False,False,0.0,False,True,37.525
523,26.15,1,drowsy,drowsy,1.0,0.0,1.0,0.0,0.0,0.0,0.046063,0.94979,0.0,0.181518,0.34702,0.34702,0.085891,0.250993,0.250993,True,False,False,0.0,False,True,37.608
524,26.2,1,drowsy,drowsy,1.0,0.0,1.0,0.0,0.0,0.0,0.049607,0.948299,0.0,0.178841,0.346389,0.346389,0.083003,0.250461,0.250461,True,False,False,0.0,False,True,37.372
525,26.25,1,drowsy,drowsy,1.0,0.0,1.0,0.0,0.0,0.0,0.049456,0.948475,0.0,0.176313,0.345761,0.345761,0.080254,0.249932,0.249932,True,False,False,0.0,False,True,46.126
526,26.3,1,drowsy,drowsy,1.0,0.0,1.0,0.0,0.0,0.0,0.054501,0.947633,0.0,0.17389,0.345147,0.345147,0.077579,0.249405,0.249405,True,False,False,0.0,False,True,37.298
527,26.35,1,drowsy,drowsy,1.0,0.0,1.0,0.0,0.0,0.0,0.055606,0.948106,0.0,0.171168,0.344538,0.344538,0.074615,0.24888,0.24888,True,False,False,0.0,False,True,37.524
528,26.4,1,drowsy,drowsy,1.0,0.0,1.0,0.0,0.0,0.0,0.059971,0.947106,0.0,0.168151,0.343941,0.343941,0.071352,0.248357,0.248357,True,False,False,0.0,False,True,37.514
529,26.45,1,drowsy,drowsy,1.0,0.0,1.0,0.0,0.0,0.0,0.065225,0.946509,0.0,0.164992,0.343358,0.343358,0.067933,0.247838,0.247838,True,False,False,0.0,False,True,37.484
530,26.5,1,drowsy,drowsy,1.0,0.0,1.0,0.0,0.0,0.0,0.057766,0.948892,0.0,0.161767,0.34276,0.34276,0.064498,0.247319,0.247319,True,False,False,0.0,False,True,46.246
531,26.55,1,drowsy,drowsy,1.0,0.0,1.0,0.0,0.0,0.0,0.080776,0.944695,0.0,0.158651,0.342215,0.342215,0.061062,0.246804,0.246804,True,False,False,0.0,False,True,37.634
532,26.6,1,drowsy,drowsy,1.0,0.0,1.0,0.0,0.0,0.0,0.063951,0.948089,0.0,0.155431,0.341635,0.341635,0.057622,0.24629,0.24629,True,False,False,0.0,False,True,37.469
533,26.65,1,drowsy,drowsy,1.0,0.0,1.0,0.0,0.0,0.0,0.140107,0.934309,0.0,0.152638,0.341222,0.341222,0.054227,0.245786,0.245786,True,False,False,0.0,False,True,37.417
534,26.7,1,drowsy,drowsy,1.0,0.0,1.0,0.0,0.0,0.0,0.11646,0.939375,0.0,0.149744,0.34076,0.34076,0.05086,0.245281,0.245281,True,False,False,0.0,False,True,37.611
535,26.75,1,drowsy,drowsy,1.0,0.0,1.0,0.0,0.0,0.0,0.139521,0.934651,0.0,0.146986,0.340349,0.340349,0.047522,0.24478,0.24478,True,False,False,0.0,False,True,46.658
536,26.8,1,drowsy,drowsy,1.0,0.0,1.0,0.0,0.0,0.0,0.1461,0.935804,0.0,0.144275,0.339953,0.339953,0.044196,0.244281,0.244281,True,False,False,0.0,False,True,38.399
537,26.85,1,drowsy,drowsy,1.0,0.0,1.0,0.0,0.0,0.0,0.090459,0.944605,0.0,0.141301,0.339441,0.339441,0.040891,0.243779,0.243779,True,False,False,0.0,False,True,37.788
538,26.9,1,drowsy,drowsy,1.0,0.0,1.0,0.0,0.0,0.0,0.107957,0.942434,0.0,0.138454,0.338967,0.338967,0.037622,0.24328,0.24328,True,False,False,0.0,False,True,38.186
539,26.95,1,drowsy,drowsy,1.0,0.0,1.0,0.0,0.0,0.0,0.182303,0.932124,0.0,0.136001,0.338651,0.338651,0.034371,0.242789,0.242789,True,False,False,0.0,False,True,37.993
540,27.0,1,drowsy,drowsy,1.0,0.0,1.0,0.0,0.0,0.0,0.42815,0.875306,0.0,0.134741,0.33882,0.33882,0.031183,0.24233,0.24233,True,False,False,0.0,False,True,46.728
541,27.05,1,drowsy,drowsy,1.0,0.0,1.0,0.0,0.0,0.0,0.465488,0.879709,0.0,0.133659,0.339061,0.339061,0.027994,0.24187,0.24187,True,False,False,0.0,False,True,37.629
542,27.1,1,drowsy,drowsy,1.0,0.0,1.0,0.0,0.0,0.0,0.422614,0.907614,0.0,0.13243,0.339224,0.339224,0.024816,0.241397,0.241397,True,False,False,0.0,False,True,37.406
543,27.15,1,drowsy,drowsy,1.0,0.0,1.0,0.0,0.0,0.0,0.316932,0.927713,0.0,0.130695,0.33918,0.33918,0.021626,0.240916,0.240916,True,False,False,0.0,False,True,37.637
544,27.2,1,drowsy,drowsy,1.0,0.0,1.0,0.0,0.0,0.0,0.180617,0.940752,0.0,0.128266,0.33886,0.33886,0.018424,0.24043,0.24043,True,False,False,0.0,False,True,37.655
545,27.25,1,drowsy,drowsy,1.0,0.0,1.0,0.0,0.0,0.0,0.085301,0.948848,0.0,0.125357,0.338345,0.338345,0.015236,0.239941,0.239941,True,False,False,0.0,False,True,46.219
546,27.3,1,drowsy,drowsy,1.0,0.0,1.0,0.0,0.0,0.0,0.060574,0.950517,0.0,0.122364,0.337781,0.337781,0.012094,0.239454,0.239454,True,False,False,0.0,False,True,37.267
547,27.35,1,drowsy,drowsy,1.0,0.0,1.0,0.0,0.0,0.0,0.047443,0.952179,0.0,0.119316,0.337191,0.337191,0.008956,0.238968,0.238968,True,False,False,0.0,False,True,37.363
548,27.4,1,drowsy,drowsy,1.0,0.0,1.0,0.0,0.0,0.0,0.04934,0.950627,0.0,0.116679,0.336609,0.336609,0.00618,0.238485,0.238485,True,False,False,0.0,False,True,37.337
549,27.45,1,drowsy,drowsy,1.0,0.0,1.0,0.0,0.0,0.0,0.060127,0.946381,0.0,0.114642,0.336054,0.336054,0.003904,0.238006,0.238006,True,False,False,0.0,False,True,37.13
550,27.5,1,drowsy,drowsy,1.0,0.0,1.0,0.0,0.0,0.0,0.078817,0.940889,0.0,0.112913,0.335541,0.335541,0.001823,0.237531,0.237531,True,False,False,0.0,False,True,46.103
551,27.55,1,drowsy,drowsy,1.0,0.0,1.0,0.0,0.0,0.0,0.062468,0.946693,0.0,0.111374,0.334994,0.334994,0.0,0.237055,0.237055,True,False,False,0.0,False,True,37.581
552,27.6,1,drowsy,drowsy,1.0,0.0,1.0,0.0,0.0,0.0,0.054944,0.947706,0.0,0.110269,0.334434,0.334434,0.0,0.236581,0.236581,True,False,False,0.0,False,True,37.275
553,27.65,1,drowsy,drowsy,1.0,0.0,1.0,0.0,0.0,0.0,0.056873,0.946058,0.0,0.109659,0.333881,0.333881,0.0,0.23611,0.23611,True,False,False,0.0,False,True,37.546
554,27.7,1,drowsy,drowsy,1.0,0.0,1.0,0.0,0.0,0.0,0.061422,0.945852,0.0,0.109376,0.333339,0.333339,0.0,0.23564,0.23564,True,False,False,0.0,False,True,37.204
555,27.75,1,drowsy,drowsy,1.0,0.0,1.0,0.0,0.0,0.0,0.107898,0.936287,0.0,0.109468,0.332896,0.332896,0.0,0.235178,0.235178,True,False,False,0.486496,False,True,46.332
556,27.8,1,drowsy,drowsy,1.0,0.0,1.0,0.0,0.0,0.0,0.113086,0.937739,0.0,0.109546,0.332465,0.332465,0.0,0.234716,0.234716,True,False,False,0.446098,False,True,37.101
557,27.85,1,drowsy,drowsy,1.0,0.0,1.0,0.0,0.0,0.0,0.448617,0.865552,0.0,0.111057,0.332675,0.332675,0.0,0.234291,0.234291,True,False,False,0.369855,False,True,37.337
558,27.9,1,drowsy,drowsy,1.0,0.0,1.0,0.0,0.0,0.0,0.521652,0.804948,0.0,0.112736,0.332992,0.332992,0.0,0.233898,0.233898,True,False,False,0.36745,False,True,37.102
559,27.95,1,drowsy,drowsy,1.0,0.0,1.0,0.0,0.0,0.0,0.476872,0.874433,0.0,0.114451,0.333254,0.333254,0.0,0.233472,0.233472,True,False,False,0.351474,False,True,37.177
560,28.0,1,drowsy,drowsy,1.0,0.0,1.0,0.0,0.0,0.0,0.413496,0.903607,0.0,0.115987,0.333405,0.333405,0.0,0.233033,0.233033,True,False,False,0.134669,False,True,45.996
561,28.05,1,drowsy,drowsy,1.0,0.0,1.0,0.0,0.0,0.0,0.29822,0.922531,0.0,0.116904,0.333338,0.333338,0.0,0.232587,0.232587,True,False,False,0.134669,False,True,37.246
562,28.1,1,drowsy,drowsy,1.0,0.0,1.0,0.0,0.0,0.0,0.152238,0.938713,0.0,0.11714,0.332986,0.332986,0.0,0.232135,0.232135,True,False,False,0.0,False,True,37.405
563,28.15,1,drowsy,drowsy,1.0,0.0,1.0,0.0,0.0,0.0,0.076925,0.947999,0.0,0.117034,0.332484,0.332484,0.0,0.23168,0.23168,True,False,False,0.0,False,True,37.275
564,28.2,1,drowsy,drowsy,1.0,0.0,1.0,0.0,0.0,0.0,0.057279,0.951269,0.0,0.116882,0.331944,0.331944,0.0,0.231225,0.231225,True,False,False,0.0,False,True,37.286
565,28.25,1,drowsy,drowsy,1.0,0.0,1.0,0.0,0.0,0.0,0.051613,0.952043,0.0,0.11521,0.331394,0.331394,0.0,0.230772,0.230772,True,False,False,0.0,False,True,46.224
566,28.3,1,drowsy,drowsy,1.0,0.0,1.0,0.0,0.0,0.0,0.066765,0.948057,0.0,0.113332,0.330879,0.330879,0.0,0.230323,0.230323,True,False,False,0.0,False,True,37.357
567,28.35,1,drowsy,drowsy,1.0,0.0,1.0,0.0,0.0,0.0,0.095409,0.94224,0.0,0.111506,0.330424,0.330424,0.0,0.229878,0.229878,True,False,False,0.0,False,True,37.411
568,28.4,1,drowsy,drowsy,1.0,0.0,1.0,0.0,0.0,0.0,0.139874,0.935588,0.0,0.110138,0.330059,0.330059,0.0,0.229437,0.229437,True,False,False,0.0,False,True,37.197
569,28.45,1,drowsy,drowsy,1.0,0.0,1.0,0.0,0.0,0.0,0.115135,0.940269,0.0,0.109137,0.329646,0.329646,0.0,0.228997,0.228997,True,False,False,0.0,False,True,37.214
570,28.5,1,drowsy,drowsy,1.0,0.0,1.0,0.0,0.0,0.0,0.109639,0.939786,0.0,0.108613,0.329225,0.329225,0.0,0.228558,0.228558,True,False,False,0.0,False,True,45.899
571,28.55,1,drowsy,drowsy,1.0,0.0,1.0,0.0,0.0,0.0,0.260247,0.915231,0.0,0.109221,0.329096,0.329096,0.0,0.228132,0.228132,True,False,False,0.0,False,True,37.453
572,28.6,1,drowsy,drowsy,1.0,0.0,1.0,0.0,0.0,0.0,0.484012,0.84657,0.0,0.111016,0.329363,0.329363,0.0,0.22774,0.22774,True,False,False,0.0,False,True,37.151
573,28.65,1,drowsy,drowsy,1.0,0.0,1.0,0.0,0.0,0.0,0.533228,0.821146,0.0,0.11299,0.329702,0.329702,0.0,0.22736,0.22736,True,False,False,0.0,False,True,37.489
574,28.7,1,drowsy,drowsy,1.0,0.0,1.0,0.0,0.0,0.0,0.53992,0.849612,0.0,0.115077,0.330064,0.330064,0.0,0.226969,0.226969,True,False,False,0.0,False,True,37.276
575,28.75,1,drowsy,drowsy,1.0,0.0,1.0,0.0,0.0,0.0,0.591455,0.851899,0.0,0.117418,0.330514,0.330514,0.0,0.226579,0.226579,True,False,False,0.0,False,True,46.491
576,28.8,1,drowsy,drowsy,1.0,0.0,1.0,0.0,0.0,0.0,0.69529,0.838056,0.0,0.120238,0.331131,0.331131,0.0,0.226195,0.226195,True,False,False,0.0,False,True,37.418
577,28.85,1,drowsy,drowsy,1.0,0.0,1.0,0.0,0.0,0.0,0.763352,0.825314,0.0,0.123298,0.331849,0.331849,0.0,0.225819,0.225819,True,False,False,0.0,False,True,37.39
578,28.9,1,drowsy,drowsy,1.0,0.0,1.0,0.0,0.0,0.0,0.801398,0.80363,0.0,0.126523,0.332608,0.332608,0.0,0.225454,0.225454,True,False,False,0.0,False,True,37.274
579,28.95,1,drowsy,drowsy,1.0,0.0,1.0,0.0,0.0,0.0,0.817461,0.794229,0.0,0.129786,0.333382,0.333382,0.0,0.225095,0.225095,True,False,False,0.0,False,True,37.776
580,29.0,1,drowsy,drowsy,1.0,0.0,1.0,0.0,0.0,0.0,0.821027,0.787655,0.0,0.132939,0.334152,0.334152,0.0,0.224739,0.224739,True,False,False,0.0,False,True,46.225
581,29.05,1,drowsy,drowsy,1.0,0.0,1.0,0.0,0.0,0.0,0.830554,0.779946,0.05,0.136126,0.334927,0.334927,0.0,0.224388,0.224388,True,False,False,0.0,False,True,38.024
582,29.1,1,drowsy,drowsy,1.0,0.0,1.0,0.0,0.0,0.0,0.802462,0.803146,0.1,0.139191,0.335677,0.335677,0.0,0.224028,0.224028,True,False,False,0.0,False,True,38.017
583,29.15,1,drowsy,drowsy,1.0,0.0,1.0,0.0,0.0,0.0,0.628638,0.849097,0.15,0.141486,0.336173,0.336173,0.0,0.223649,0.223649,True,False,False,0.0,False,True,38.288
584,29.2,1,drowsy,drowsy,1.0,0.0,1.0,0.0,0.0,0.0,0.485512,0.897166,0.0,0.142417,0.33644,0.33644,0.0,0.223249,0.223249,True,False,False,0.0,False,True,37.718
585,29.25,1,drowsy,drowsy,1.0,0.0,1.0,0.0,0.0,0.0,0.362588,0.922981,0.0,0.142118,0.336488,0.336488,0.030835,0.234268,0.234268,True,False,False,0.0,False,True,47.872
586,29.3,1,drowsy,drowsy,1.0,0.0,1.0,0.0,0.0,0.0,0.197912,0.941202,0.0,0.140727,0.336229,0.336229,0.030821,0.233831,0.233831,True,False,False,0.0,False,True,37.811
587,29.35,1,drowsy,drowsy,1.0,0.0,1.0,0.0,0.0,0.0,0.095952,0.951231,0.0,0.138766,0.335777,0.335777,0.030808,0.23339,0.23339,True,False,False,0.0,False,True,38.406
588,29.4,1,drowsy,drowsy,1.0,0.0,1.0,0.0,0.0,0.0,0.059218,0.954473,0.0,0.136648,0.335255,0.335255,0.030796,0.23295,0.23295,True,False,False,0.0,False,True,37.518
589,29.45,1,drowsy,drowsy,1.0,0.0,1.0,0.0,0.0,0.0,0.051,0.954033,0.0,0.134495,0.33472,0.33472,0.030784,0.232511,0.232511,True,False,False,0.0,False,True,38.48
590,29.5,1,drowsy,drowsy,1.0,0.0,1.0,0.0,0.0,0.0,0.04661,0.952745,0.0,0.13243,0.334179,0.334179,0.030776,0.232075,0.232075,True,False,False,0.0,False,True,46.257
591,29.55,1,drowsy,drowsy,1.0,0.0,1.0,0.0,0.0,0.0,0.052821,0.949724,0.0,0.130699,0.333654,0.333654,0.030771,0.231642,0.231642,True,False,False,0.0,False,True,38.138
592,29.6,1,drowsy,drowsy,1.0,0.0,1.0,0.0,0.0,0.0,0.052534,0.948766,0.0,0.129357,0.333131,0.333131,0.030769,0.231211,0.231211,True,False,False,0.0,False,True,38.394
593,29.65,1,drowsy,drowsy,1.0,0.0,1.0,0.0,0.0,0.0,0.049765,0.949235,0.0,0.128544,0.332604,0.332604,0.030767,0.230781,0.230781,True,False,False,0.0,False,True,38.223
594,29.7,1,drowsy,drowsy,1.0,0.0,1.0,0.0,0.0,0.0,0.374738,0.893516,0.0,0.129578,0.332678,0.332678,0.030776,0.230378,0.230378,True,False,False,0.0,False,True,38.01
595,29.75,1,drowsy,drowsy,1.0,0.0,1.0,0.0,0.0,0.0,0.504117,0.843337,0.0,0.131269,0.33296,0.33296,0.030792,0.229998,0.229998,True,False,False,0.0,False,True,46.345
596,29.8,1,drowsy,drowsy,1.0,0.0,1.0,0.0,0.0,0.0,0.505765,0.867423,0.0,0.133062,0.333252,0.333252,0.030804,0.22961,0.22961,True,False,False,0.0,False,True,37.378
597,29.85,1,drowsy,drowsy,1.0,0.0,1.0,0.0,0.0,0.0,0.446506,0.901056,0.0,0.134635,0.33345,0.33345,0.030811,0.229207,0.229207,True,False,False,0.0,False,True,37.381
598,29.9,1,drowsy,drowsy,1.0,0.0,1.0,0.0,0.0,0.0,0.341434,0.921379,0.0,0.135814,0.333465,0.333465,0.030814,0.228797,0.228797,True,False,False,0.0,False,True,37.329
599,29.95,1,drowsy,drowsy,1.0,0.0,1.0,0.0,0.0,0.0,0.200142,0.938612,0.0,0.136352,0.333222,0.333222,0.030814,0.228381,0.228381,True,True,False,0.0,False,True,37.666
600,30.0,1,drowsy,drowsy,1.0,0.0,1.0,0.0,0.0,0.0,0.104002,0.948451,0.0,0.136547,0.332906,0.332802,0.030813,0.228291,0.227962,True,True,False,0.0,False,True,46.15
601,30.05,1,drowsy,drowsy,1.0,0.0,1.0,0.0,0.0,0.0,0.067183,0.95171,0.0,0.136587,0.332787,0.332313,0.030813,0.22826,0.227543,True,True,False,0.0,False,True,37.813
602,30.1,1,drowsy,drowsy,1.0,0.0,1.0,0.0,0.0,0.0,0.053135,0.952481,0.0,0.136576,0.332742,0.331801,0.030812,0.228249,0.227125,True,True,False,0.0,False,True,37.922
603,30.15,1,drowsy,drowsy,1.0,0.0,1.0,0.0,0.0,0.0,0.052464,0.950568,0.0,0.136591,0.332227,0.33129,0.030812,0.22783,0.22671,True,True,False,0.0,False,True,37.585
604,30.2,1,drowsy,drowsy,1.0,0.0,1.0,0.0,0.0,0.0,0.059268,0.947431,0.0,0.136654,0.332209,0.330795,0.030812,0.227826,0.226298,True,True,False,0.0,False,True,37.366
605,30.25,1,drowsy,drowsy,1.0,0.0,1.0,0.0,0.0,0.0,0.060021,0.94667,0.0,0.136704,0.332675,0.330304,0.030813,0.228241,0.225887,True,True,False,0.0,False,True,46.069
606,30.3,1,drowsy,drowsy,1.0,0.0,1.0,0.0,0.0,0.0,0.057461,0.947059,0.0,0.136757,0.332672,0.329809,0.030813,0.22824,0.225478,True,True,False,0.0,False,True,37.619
607,30.35,1,drowsy,drowsy,1.0,0.0,1.0,0.0,0.0,0.0,0.059479,0.946549,0.0,0.136825,0.332675,0.329321,0.030814,0.22824,0.22507,True,True,False,0.0,False,True,37.679
608,30.4,1,drowsy,drowsy,1.0,0.0,1.0,0.0,0.0,0.0,0.064068,0.945369,0.0,0.136924,0.332184,0.328843,0.030815,0.227823,0.224664,True,True,False,0.0,False,True,37.445
609,30.45,1,drowsy,drowsy,1.0,0.0,1.0,0.0,0.0,0.0,0.058595,0.946716,0.0,0.136998,0.332184,0.328356,0.030815,0.227823,0.22426,True,True,False,0.0,False,True,37.577
610,30.5,1,drowsy,drowsy,1.0,0.0,1.0,0.0,0.0,0.0,0.058782,0.947466,0.0,0.137082,0.332599,0.327871,0.030816,0.228235,0.223856,True,True,False,0.0,False,True,46.116
611,30.55,1,drowsy,drowsy,1.0,0.0,1.0,0.0,0.0,0.0,0.090751,0.941106,0.0,0.137337,0.3326,0.327447,0.030818,0.228234,0.223457,True,True,False,0.0,False,True,37.511
612,30.6,1,drowsy,drowsy,1.0,0.0,1.0,0.0,0.0,0.0,0.100277,0.940518,0.0,0.137641,0.331987,0.327043,0.030819,0.228194,0.223059,True,True,False,0.0,False,True,37.245
613,30.65,1,drowsy,drowsy,1.0,0.0,1.0,0.0,0.0,0.0,0.094268,0.942852,0.0,0.137915,0.331554,0.326628,0.030821,0.227778,0.222661,True,True,False,0.0,False,True,37.372
614,30.7,1,drowsy,drowsy,1.0,0.0,1.0,0.0,0.0,0.0,0.083914,0.94576,0.0,0.138136,0.330836,0.326195,0.030822,0.227737,0.222264,True,True,False,0.0,False,True,37.422
615,30.75,1,drowsy,drowsy,1.0,0.0,1.0,0.0,0.0,0.0,0.091291,0.944833,0.0,0.138375,0.330288,0.325778,0.030823,0.228125,0.221869,True,True,False,0.0,False,True,47.252
616,30.8,1,drowsy,drowsy,1.0,0.0,1.0,0.0,0.0,0.0,0.112573,0.941235,0.0,0.138694,0.330192,0.3254,0.030824,0.228123,0.221476,True,True,False,0.0,False,True,37.581
617,30.85,1,drowsy,drowsy,1.0,0.0,1.0,0.0,0.0,0.0,0.122816,0.939794,0.0,0.139048,0.330216,0.325043,0.030825,0.228123,0.221086,True,True,False,0.0,False,True,38.17
618,30.9,1,drowsy,drowsy,1.0,0.0,1.0,0.0,0.0,0.0,0.109586,0.941301,0.0,0.13929,0.329815,0.324663,0.030826,0.227708,0.220696,True,True,False,0.0,False,True,38.518
619,30.95,1,drowsy,drowsy,1.0,0.0,1.0,0.0,0.0,0.0,0.086458,0.944789,0.0,0.139405,0.329846,0.324243,0.030826,0.227708,0.220306,True,True,False,0.0,False,True,37.708
620,31.0,1,drowsy,drowsy,1.0,0.0,1.0,0.0,0.0,0.0,0.083897,0.944119,0.0,0.139525,0.330363,0.323819,0.030827,0.228125,0.219918,True,True,False,0.0,False,True,46.28
621,31.05,1,drowsy,drowsy,1.0,0.0,1.0,0.0,0.0,0.0,0.063434,0.947284,0.0,0.139573,0.33034,0.32336,0.030827,0.228123,0.21953,True,True,False,0.0,False,True,37.682
622,31.1,1,drowsy,drowsy,1.0,0.0,1.0,0.0,0.0,0.0,0.060552,0.947627,0.0,0.139622,0.330316,0.322897,0.030827,0.228121,0.219143,True,True,False,0.0,False,True,37.734
623,31.15,1,drowsy,drowsy,1.0,0.0,1.0,0.0,0.0,0.0,0.063906,0.946763,0.0,0.139695,0.329828,0.322441,0.030828,0.227703,0.218758,True,True,False,0.0,False,True,37.971
624,31.2,1,drowsy,drowsy,1.0,0.0,1.0,0.0,0.0,0.0,0.056168,0.948514,0.0,0.139755,0.329817,0.321973,0.030828,0.227702,0.218374,True,True,False,0.0,False,True,37.789
625,31.25,1,drowsy,drowsy,1.0,0.0,1.0,0.0,0.0,0.0,0.401634,0.881458,0.0,0.141482,0.330902,0.322103,0.03084,0.228147,0.218017,True,True,False,0.0,False,True,46.46
626,31.3,1,drowsy,drowsy,1.0,0.0,1.0,0.0,0.0,0.0,0.510562,0.827929,0.0,0.143612,0.331679,0.322392,0.03086,0.228199,0.217684,True,True,False,0.0,False,True,37.867
627,31.35,1,drowsy,drowsy,1.0,0.0,1.0,0.0,0.0,0.0,0.519147,0.849595,0.0,0.145846,0.332468,0.3227,0.030877,0.228241,0.217343,True,True,False,0.0,False,True,37.933
628,31.4,1,drowsy,drowsy,1.0,0.0,1.0,0.0,0.0,0.0,0.488636,0.882574,0.0,0.148012,0.332735,0.322969,0.030888,0.227852,0.21699,True,True,False,0.0,False,True,37.85
629,31.45,1,drowsy,drowsy,1.0,0.0,1.0,0.0,0.0,0.0,0.414558,0.910055,0.0,0.149863,0.332763,0.323123,0.030895,0.227836,0.216627,True,True,False,0.0,False,True,37.933
630,31.5,1,drowsy,drowsy,1.0,0.0,1.0,0.0,0.0,0.0,0.286883,0.928047,0.0,0.151083,0.332036,0.323061,0.030898,0.228142,0.216258,True,True,False,0.0,False,True,47.065
631,31.55,1,drowsy,drowsy,1.0,0.0,1.0,0.0,0.0,0.0,0.183493,0.941889,0.0,0.151778,0.331343,0.32282,0.0309,0.228095,0.215885,True,True,False,0.0,False,True,37.931
632,31.6,1,drowsy,drowsy,1.0,0.0,1.0,0.0,0.0,0.0,0.117462,0.948788,0.0,0.151764,0.330362,0.322464,0.030897,0.226923,0.21551,True,True,False,0.0,False,True,38.212
633,31.65,1,drowsy,drowsy,1.0,0.0,1.0,0.0,0.0,0.0,0.319809,0.914125,0.0,0.151276,0.330343,0.322459,0.030892,0.226522,0.21515,True,True,False,0.0,False,True,37.552
634,31.7,1,drowsy,drowsy,1.0,0.0,1.0,0.0,0.0,0.0,0.486939,0.871395,0.0,0.151247,0.329924,0.322721,0.030889,0.225296,0.214809,True,True,False,0.0,False,True,37.078
635,31.75,1,drowsy,drowsy,1.0,0.0,1.0,0.0,0.0,0.0,0.541885,0.827779,0.0,0.151603,0.328859,0.323051,0.030901,0.223203,0.214485,True,True,False,0.0,False,True,46.21
636,31.8,1,drowsy,drowsy,1.0,0.0,1.0,0.0,0.0,0.0,0.582439,0.823321,0.0,0.152706,0.328526,0.323439,0.030918,0.22195,0.214164,True,True,False,0.0,False,True,37.245
637,31.85,1,drowsy,drowsy,1.0,0.0,1.0,0.0,0.0,0.0,0.675808,0.826895,0.0,0.155091,0.328338,0.323968,0.030937,0.220692,0.213843,True,True,False,0.0,False,True,37.146
638,31.9,1,drowsy,drowsy,1.0,0.0,1.0,0.0,0.0,0.0,0.744582,0.817584,0.0,0.158201,0.328995,0.324591,0.03096,0.220344,0.213526,True,True,False,0.0,False,True,37.463
639,31.95,1,drowsy,drowsy,1.0,0.0,1.0,0.0,0.0,0.0,0.759551,0.813859,0.0,0.161434,0.328923,0.325231,0.030983,0.219088,0.213211,True,True,False,0.0,False,True,37.845
640,32.0,1,drowsy,drowsy,1.0,0.0,1.0,0.0,0.0,0.0,0.787501,0.804008,0.0,0.16478,0.328164,0.325903,0.031008,0.216947,0.212902,True,True,False,0.0,False,True,46.13
641,32.05,1,drowsy,drowsy,1.0,0.0,1.0,0.0,0.0,0.0,0.794981,0.79678,0.0,0.167476,0.328882,0.326577,0.030876,0.216613,0.212596,True,True,False,0.0,False,True,37.48
642,32.1,1,drowsy,drowsy,1.0,0.0,1.0,0.0,0.0,0.0,0.819611,0.784203,0.0,0.171583,0.32816,0.327274,0.031063,0.214481,0.212295,True,True,False,0.0,False,True,37.635
643,32.15,1,drowsy,drowsy,1.0,0.0,1.0,0.0,0.0,0.0,0.813195,0.78093,0.0,0.174967,0.328892,0.327956,0.031092,0.214158,0.211997,True,True,False,0.0,False,True,37.549
644,32.2,1,drowsy,drowsy,1.0,0.0,1.0,0.0,0.0,0.0,0.821707,0.777231,0.0,0.178364,0.328147,0.328646,0.031121,0.212018,0.211701,True,True,False,0.0,False,True,37.463
645,32.25,1,drowsy,drowsy,1.0,0.0,1.0,0.0,0.0,0.0,0.834941,0.762837,0.05,0.181764,0.328177,0.329338,0.031153,0.210819,0.211411,True,True,False,0.0,False,True,45.935
646,32.3,1,drowsy,drowsy,1.0,0.0,1.0,0.0,0.0,0.0,0.839176,0.754054,0.1,0.184439,0.328921,0.330027,0.064694,0.222556,0.222303,True,True,False,0.0,False,True,37.947
647,32.35,1,drowsy,drowsy,1.0,0.0,1.0,0.0,0.0,0.0,0.851088,0.744523,0.15,0.188581,0.328338,0.330721,0.068541,0.221805,0.22314,True,True,False,0.0,False,True,37.461
648,32.4,1,drowsy,drowsy,1.0,0.0,1.0,0.0,0.0,0.0,0.861102,0.736711,0.2,0.192007,0.329095,0.33142,0.072069,0.222715,0.22398,True,True,False,0.0,False,True,37.688
649,32.45,1,drowsy,drowsy,1.0,0.0,1.0,0.0,0.0,0.0,0.870734,0.720466,0.25,0.195419,0.328736,0.332113,0.075574,0.222163,0.224811,True,True,False,0.0,False,True,38.068
650,32.5,1,drowsy,drowsy,1.0,0.0,1.0,0.0,0.0,0.0,0.871768,0.70914,0.3,0.198783,0.329063,0.332795,0.079041,0.222455,0.225629,True,True,False,0.0,False,True,46.307
651,32.55,1,drowsy,drowsy,1.0,0.0,1.0,0.0,0.0,0.0,0.868126,0.705302,0.35,0.201346,0.329797,0.333467,0.082063,0.223335,0.226436,True,True,False,0.0,False,True,37.469
652,32.6,1,drowsy,drowsy,1.0,0.0,1.0,0.0,0.0,0.0,0.738632,0.765811,0.4,0.204928,0.329659,0.334019,0.085652,0.222987,0.227133,True,True,False,0.0,False,True,37.489
653,32.65,1,drowsy,drowsy,1.0,0.0,1.0,0.0,0.0,0.0,0.563132,0.827069,0.45,0.207338,0.330032,0.334355,0.088253,0.223531,0.227626,True,True,False,0.0,False,True,37.859
654,32.7,1,drowsy,drowsy,1.0,0.0,1.0,0.0,0.0,0.0,0.45751,0.883647,0.0,0.209399,0.329083,0.334548,0.090496,0.222417,0.227986,True,True,False,0.0,False,True,37.889
655,32.75,1,drowsy,drowsy,1.0,0.0,1.0,0.0,0.0,0.0,0.344384,0.919069,0.0,0.210943,0.328439,0.334564,0.092242,0.221797,0.228176,True,True,False,0.0,False,True,47.443
656,32.8,1,drowsy,drowsy,1.0,0.0,1.0,0.0,0.0,0.0,0.265667,0.933262,0.0,0.211221,0.328325,0.33445,0.091774,0.221397,0.227799,True,True,False,0.0,False,True,37.707
657,32.85,1,drowsy,drowsy,1.0,0.0,1.0,0.0,0.0,0.0,0.149118,0.94578,0.0,0.212665,0.326567,0.334141,0.092253,0.219243,0.227419,True,True,False,0.0,False,True,38.257
658,32.9,1,drowsy,drowsy,1.0,0.0,1.0,0.0,0.0,0.0,0.079699,0.952432,0.0,0.21282,0.326113,0.333714,0.092251,0.21884,0.227038,True,True,False,0.0,False,True,38.33
659,32.95,1,drowsy,drowsy,1.0,0.0,1.0,0.0,0.0,0.0,0.051305,0.9539,0.0,0.210968,0.324139,0.333241,0.092203,0.216668,0.226657,True,True,False,0.0,False,True,38.154
660,33.0,1,drowsy,drowsy,1.0,0.0,1.0,0.0,0.0,0.0,0.047286,0.952691,0.0,0.208748,0.322898,0.332763,0.092136,0.215393,0.226279,True,True,False,0.0,False,True,46.69
661,33.05,1,drowsy,drowsy,1.0,0.0,1.0,0.0,0.0,0.0,0.044918,0.951995,0.0,0.2079,0.322388,0.332283,0.091659,0.214997,0.225901,True,True,False,0.0,False,True,37.901
662,33.1,1,drowsy,drowsy,1.0,0.0,1.0,0.0,0.0,0.0,0.047472,0.950787,0.0,0.20506,0.320437,0.331809,0.092086,0.212863,0.225526,True,True,False,0.0,False,True,37.893
663,33.15,1,drowsy,drowsy,1.0,0.0,1.0,0.0,0.0,0.0,0.047494,0.950068,0.0,0.204466,0.319937,0.331338,0.092081,0.212474,0.225152,True,True,False,0.0,False,True,38.006
664,33.2,1,drowsy,drowsy,1.0,0.0,1.0,0.0,0.0,0.0,0.047719,0.949529,0.0,0.204386,0.318014,0.330868,0.092082,0.210365,0.224779,True,True,False,0.0,False,True,37.62
665,33.25,1,drowsy,drowsy,1.0,0.0,1.0,0.0,0.0,0.0,0.047772,0.949517,0.0,0.204386,0.31682,0.330401,0.092084,0.209134,0.224408,True,True,False,0.010764,False,True,46.332
666,33.3,1,drowsy,drowsy,1.0,0.0,1.0,0.0,0.0,0.0,0.048668,0.949278,0.0,0.203583,0.31633,0.329936,0.09161,0.208752,0.224037,True,True,False,0.010764,False,True,37.589
667,33.35,1,drowsy,drowsy,1.0,0.0,1.0,0.0,0.0,0.0,0.051307,0.948836,0.0,0.204473,0.314441,0.329478,0.092088,0.206674,0.223669,True,True,False,0.0,False,True,37.812
668,33.4,1,drowsy,drowsy,1.0,0.0,1.0,0.0,0.0,0.0,0.049812,0.949542,0.0,0.20453,0.313959,0.329018,0.092089,0.206296,0.223301,True,True,False,0.0,False,True,37.621
669,33.45,1,drowsy,drowsy,1.0,0.0,1.0,0.0,0.0,0.0,0.051351,0.949096,0.0,0.204588,0.312049,0.328562,0.09209,0.2042,0.222935,True,True,False,0.0,False,True,37.577
670,33.5,1,drowsy,drowsy,1.0,0.0,1.0,0.0,0.0,0.0,0.053515,0.948036,0.0,0.204631,0.310855,0.328112,0.09209,0.202964,0.22257,True,True,False,0.0,False,True,46.482
671,33.55,1,drowsy,drowsy,1.0,0.0,1.0,0.0,0.0,0.0,0.052932,0.948668,0.0,0.203849,0.310385,0.327662,0.091615,0.202594,0.222206,True,True,False,0.0,False,True,37.726
672,33.6,1,drowsy,drowsy,1.0,0.0,1.0,0.0,0.0,0.0,0.050788,0.948966,0.0,0.204547,0.308489,0.32721,0.092086,0.200518,0.221843,True,True,False,0.0,False,True,37.862
673,33.65,1,drowsy,drowsy,1.0,0.0,1.0,0.0,0.0,0.0,0.049565,0.949308,0.0,0.204529,0.308018,0.326758,0.092084,0.200154,0.221482,True,True,False,0.0,False,True,37.813
674,33.7,1,drowsy,drowsy,1.0,0.0,1.0,0.0,0.0,0.0,0.05084,0.948938,0.0,0.204508,0.306672,0.326309,0.092083,0.198582,0.221121,True,True,False,0.0,False,True,37.583
675,33.75,1,drowsy,drowsy,1.0,0.0,1.0,0.0,0.0,0.0,0.053556,0.948323,0.0,0.204526,0.30597,0.325866,0.092082,0.197799,0.220762,True,True,False,0.0,False,True,46.68
676,33.8,1,drowsy,drowsy,1.0,0.0,1.0,0.0,0.0,0.0,0.04849,0.949357,0.0,0.203721,0.305502,0.325416,0.091607,0.19744,0.220404,True,True,False,0.0,False,True,37.612
677,33.85,1,drowsy,drowsy,1.0,0.0,1.0,0.0,0.0,0.0,0.048085,0.949578,0.0,0.204542,0.304939,0.324967,0.092081,0.197105,0.220047,True,True,False,0.0,False,True,37.628
678,33.9,1,drowsy,drowsy,1.0,0.0,1.0,0.0,0.0,0.0,0.047552,0.949672,0.0,0.204549,0.304471,0.324518,0.09208,0.196747,0.219691,True,True,False,0.0,False,True,37.386
679,33.95,1,drowsy,drowsy,1.0,0.0,1.0,0.0,0.0,0.0,0.047148,0.949508,0.0,0.204575,0.304559,0.32407,0.092081,0.197093,0.219336,True,True,False,0.0,False,True,37.914
680,34.0,1,drowsy,drowsy,1.0,0.0,1.0,0.0,0.0,0.0,0.050537,0.948621,0.0,0.204628,0.304484,0.323629,0.092082,0.197089,0.218983,True,True,False,0.0,False,True,46.272
681,34.05,1,drowsy,drowsy,1.0,0.0,1.0,0.0,0.0,0.0,0.050353,0.948696,0.0,0.203833,0.304023,0.32319,0.091607,0.196731,0.218631,True,True,False,0.0,False,True,37.791
682,34.1,1,drowsy,drowsy,1.0,0.0,1.0,0.0,0.0,0.0,0.049512,0.94884,0.0,0.204747,0.304262,0.32275,0.092084,0.19708,0.21828,True,True,False,0.0,False,True,37.327
683,34.15,1,drowsy,drowsy,1.0,0.0,1.0,0.0,0.0,0.0,0.048011,0.949235,0.0,0.2048,0.303796,0.322309,0.092085,0.196721,0.217929,True,True,False,0.0,False,True,37.743
684,34.2,1,drowsy,drowsy,1.0,0.0,1.0,0.0,0.0,0.0,0.050352,0.949018,0.0,0.204866,0.304,0.321874,0.092087,0.197068,0.21758,True,True,False,0.0,False,True,37.653
685,34.25,1,drowsy,drowsy,1.0,0.0,1.0,0.0,0.0,0.0,0.051635,0.948739,0.0,0.204943,0.30391,0.321442,0.092088,0.197063,0.217233,True,True,False,0.0,False,True,46.646
686,34.3,1,drowsy,drowsy,1.0,0.0,1.0,0.0,0.0,0.0,0.050119,0.948416,0.0,0.204146,0.303449,0.321009,0.091614,0.196706,0.216886,True,True,False,0.0,False,True,37.332
687,34.35,1,drowsy,drowsy,1.0,0.0,1.0,0.0,0.0,0.0,0.051481,0.948302,0.0,0.205078,0.303693,0.32058,0.092092,0.197052,0.216541,True,True,False,0.0,False,True,37.576
688,34.4,1,drowsy,drowsy,1.0,0.0,1.0,0.0,0.0,0.0,0.049714,0.948582,0.0,0.205131,0.303232,0.320149,0.092094,0.196694,0.216197,True,True,False,0.0,False,True,37.382
689,34.45,1,drowsy,drowsy,1.0,0.0,1.0,0.0,0.0,0.0,0.049513,0.948569,0.0,0.20519,0.303509,0.31972,0.092096,0.197042,0.215853,True,True,False,0.0,False,True,37.418
690,34.5,1,drowsy,drowsy,1.0,0.0,1.0,0.0,0.0,0.0,0.04832,0.948732,0.0,0.205246,0.302861,0.319289,0.092098,0.197007,0.215511,True,True,False,0.0,False,True,46.517
691,34.55,1,drowsy,drowsy,1.0,0.0,1.0,0.0,0.0,0.0,0.27567,0.911139,0.0,0.205594,0.302813,0.319223,0.091642,0.196664,0.215183,True,True,False,0.0,False,True,37.779
692,34.6,1,drowsy,drowsy,1.0,0.0,1.0,0.0,0.0,0.0,0.450491,0.873669,0.0,0.208503,0.302367,0.319414,0.092158,0.196969,0.21487,True,True,False,0.0,False,True,38.739
693,34.65,1,drowsy,drowsy,1.0,0.0,1.0,0.0,0.0,0.0,0.470696,0.87869,0.0,0.210641,0.30265,0.319635,0.092195,0.196637,0.214556,True,True,False,0.0,False,True,37.708
694,34.7,1,drowsy,drowsy,1.0,0.0,1.0,0.0,0.0,0.0,0.411912,0.908172,0.0,0.212522,0.302508,0.319775,0.092217,0.196979,0.214232,True,True,False,0.0,False,True,38.517
695,34.75,1,drowsy,drowsy,1.0,0.0,1.0,0.0,0.0,0.0,0.308646,0.924569,0.0,0.213897,0.302666,0.319757,0.09223,0.196981,0.213904,True,True,False,0.0,False,True,46.598
696,34.8,1,drowsy,drowsy,1.0,0.0,1.0,0.0,0.0,0.0,0.185384,0.938456,0.0,0.213751,0.302456,0.319549,0.091759,0.196628,0.213571,True,True,False,0.0,False,True,37.531
697,34.85,1,drowsy,drowsy,1.0,0.0,1.0,0.0,0.0,0.0,0.102117,0.947476,0.0,0.214966,0.302795,0.319208,0.092238,0.196982,0.213237,True,True,False,0.0,False,True,37.674
698,34.9,1,drowsy,drowsy,1.0,0.0,1.0,0.0,0.0,0.0,0.066655,0.949748,0.0,0.215099,0.302366,0.318812,0.092239,0.196624,0.212902,True,True,False,0.0,False,True,37.361
699,34.95,1,drowsy,drowsy,1.0,0.0,1.0,0.0,0.0,0.0,0.057727,0.949554,0.0,0.215181,0.302725,0.318403,0.092239,0.196978,0.212569,True,True,False,0.0,False,True,37.654
700,35.0,1,drowsy,drowsy,1.0,0.0,1.0,0.0,0.0,0.0,0.059272,0.948579,0.0,0.215271,0.302691,0.317999,0.09224,0.196977,0.212237,True,True,False,0.0,False,True,46.98
701,35.05,1,drowsy,drowsy,1.0,0.0,1.0,0.0,0.0,0.0,0.066059,0.945963,0.0,0.214503,0.302263,0.317607,0.091765,0.19662,0.211907,True,True,False,0.0,False,True,38.323
702,35.1,1,drowsy,drowsy,1.0,0.0,1.0,0.0,0.0,0.0,0.059897,0.947072,0.0,0.215477,0.302666,0.317207,0.092244,0.196976,0.211578,True,True,False,0.0,False,True,37.954
703,35.15,1,drowsy,drowsy,1.0,0.0,1.0,0.0,0.0,0.0,0.059973,0.947282,0.0,0.21556,0.302226,0.316808,0.092245,0.196619,0.21125,True,True,False,0.0,False,True,37.712
704,35.2,1,drowsy,drowsy,1.0,0.0,1.0,0.0,0.0,0.0,0.074225,0.944232,0.0,0.215718,0.302668,0.316433,0.092248,0.196976,0.210924,True,True,False,0.0,False,True,38.245
705,35.25,1,drowsy,drowsy,1.0,0.0,1.0,0.0,0.0,0.0,0.071254,0.945838,0.0,0.215849,0.302673,0.316054,0.09225,0.196976,0.210598,True,True,False,0.0,False,True,47.114
706,35.3,1,drowsy,drowsy,1.0,0.0,1.0,0.0,0.0,0.0,0.076744,0.944791,0.0,0.215134,0.302265,0.315686,0.091776,0.19662,0.210273,True,True,False,0.0,False,True,38.2
707,35.35,1,drowsy,drowsy,1.0,0.0,1.0,0.0,0.0,0.0,0.082749,0.943309,0.0,0.216207,0.302675,0.315328,0.092256,0.196976,0.209951,True,True,False,0.0,False,True,37.556
708,35.4,1,drowsy,drowsy,1.0,0.0,1.0,0.0,0.0,0.0,0.076899,0.944271,0.0,0.216356,0.302267,0.314962,0.092259,0.19662,0.209628,True,True,False,0.0,False,True,37.472
709,35.45,1,drowsy,drowsy,1.0,0.0,1.0,0.0,0.0,0.0,0.064791,0.946744,0.0,0.216446,0.302316,0.314578,0.092261,0.196965,0.209306,True,True,False,0.0,False,True,37.614
710,35.5,1,drowsy,drowsy,1.0,0.0,1.0,0.0,0.0,0.0,0.061093,0.947414,0.0,0.216498,0.301685,0.314188,0.092262,0.196945,0.208985,True,True,False,0.0,False,True,46.211
711,35.55,1,drowsy,drowsy,1.0,0.0,1.0,0.0,0.0,0.0,0.054891,0.948617,0.0,0.215664,0.301237,0.31379,0.091785,0.196587,0.208664,True,True,False,0.0,False,True,37.783
712,35.6,1,drowsy,drowsy,1.0,0.0,1.0,0.0,0.0,0.0,0.053746,0.948573,0.0,0.216482,0.300099,0.313392,0.092261,0.196878,0.208344,True,True,False,0.0,False,True,37.114
713,35.65,1,drowsy,drowsy,1.0,0.0,1.0,0.0,0.0,0.0,0.055881,0.948068,0.0,0.216449,0.299656,0.312998,0.092261,0.196521,0.208026,True,True,False,0.0,False,True,37.151
714,35.7,1,drowsy,drowsy,1.0,0.0,1.0,0.0,0.0,0.0,0.057087,0.948017,0.0,0.216389,0.298535,0.312607,0.09226,0.19683,0.207708,True,True,False,0.0,False,True,37.442
715,35.75,1,drowsy,drowsy,1.0,0.0,1.0,0.0,0.0,0.0,0.053348,0.948794,0.0,0.216349,0.297793,0.312212,0.09226,0.196813,0.207391,True,True,False,0.0,False,True,45.945
716,35.8,1,drowsy,drowsy,1.0,0.0,1.0,0.0,0.0,0.0,0.052716,0.949021,0.0,0.215504,0.297348,0.311816,0.091783,0.196455,0.207075,True,True,False,0.0,False,True,37.312
717,35.85,1,drowsy,drowsy,1.0,0.0,1.0,0.0,0.0,0.0,0.061945,0.947543,0.0,0.216382,0.296694,0.311437,0.09226,0.196796,0.20676,True,True,False,0.0,False,True,37.279
718,35.9,1,drowsy,drowsy,1.0,0.0,1.0,0.0,0.0,0.0,0.061575,0.947049,0.0,0.216413,0.296269,0.311058,0.09226,0.196439,0.206447,True,True,False,0.0,False,True,37.3
719,35.95,1,drowsy,drowsy,1.0,0.0,1.0,0.0,0.0,0.0,0.086666,0.944067,0.0,0.216585,0.296296,0.310719,0.092261,0.196794,0.206135,True,True,False,0.0,False,True,37.598
720,36.0,1,drowsy,drowsy,1.0,0.0,1.0,0.0,0.0,0.0,0.100381,0.941544,0.0,0.216843,0.296244,0.310403,0.092265,0.196794,0.205826,True,True,False,0.0,False,True,46.24
721,36.05,1,drowsy,drowsy,1.0,0.0,1.0,0.0,0.0,0.0,0.097429,0.941103,0.0,0.216231,0.295886,0.310084,0.091792,0.19644,0.205517,True,True,False,0.0,False,True,37.525
722,36.1,1,drowsy,drowsy,1.0,0.0,1.0,0.0,0.0,0.0,0.113463,0.939113,0.0,0.21745,0.296188,0.30979,0.092274,0.196794,0.20521,True,True,False,0.0,False,True,37.243
723,36.15,1,drowsy,drowsy,1.0,0.0,1.0,0.0,0.0,0.0,0.097622,0.941455,0.0,0.217724,0.295831,0.309473,0.092278,0.19644,0.204903,True,True,False,0.0,False,True,37.41
724,36.2,1,drowsy,drowsy,1.0,0.0,1.0,0.0,0.0,0.0,0.070486,0.945993,0.0,0.217834,0.296134,0.309114,0.092279,0.196791,0.204595,True,True,False,0.0,False,True,37.496
725,36.25,1,drowsy,drowsy,1.0,0.0,1.0,0.0,0.0,0.0,0.190102,0.926649,0.0,0.218567,0.296314,0.308939,0.09229,0.196797,0.204295,True,True,False,0.0,False,True,46.089
726,36.3,1,drowsy,drowsy,1.0,0.0,1.0,0.0,0.0,0.0,0.366256,0.906402,0.0,0.219296,0.296436,0.309021,0.091835,0.196455,0.204002,True,True,False,0.0,False,True,37.242
727,36.35,1,drowsy,drowsy,1.0,0.0,1.0,0.0,0.0,0.0,0.485901,0.871165,0.0,0.222273,0.297513,0.309265,0.09235,0.196835,0.203721,True,True,False,0.0,False,True,37.176
728,36.4,1,drowsy,drowsy,1.0,0.0,1.0,0.0,0.0,0.0,0.519535,0.860914,0.0,0.224517,0.297879,0.30955,0.092394,0.196511,0.203445,True,True,False,0.0,False,True,37.204
729,36.45,1,drowsy,drowsy,1.0,0.0,1.0,0.0,0.0,0.0,0.471987,0.898854,0.0,0.226562,0.298908,0.30978,0.092418,0.196881,0.203157,True,True,False,0.0,False,True,37.503
730,36.5,1,drowsy,drowsy,1.0,0.0,1.0,0.0,0.0,0.0,0.420416,0.913918,0.0,0.228411,0.299498,0.309939,0.092435,0.196891,0.202865,True,True,False,0.0,False,True,46.511
731,36.55,1,drowsy,drowsy,1.0,0.0,1.0,0.0,0.0,0.0,0.309039,0.931715,0.0,0.22882,0.299515,0.309938,0.091966,0.19654,0.202568,True,True,False,0.0,False,True,37.327
732,36.6,1,drowsy,drowsy,1.0,0.0,1.0,0.0,0.0,0.0,0.205717,0.941907,0.0,0.230324,0.30011,0.309784,0.092445,0.196894,0.202268,True,True,False,0.0,False,True,37.01
733,36.65,1,drowsy,drowsy,1.0,0.0,1.0,0.0,0.0,0.0,0.124864,0.950039,0.0,0.230237,0.299791,0.309509,0.092437,0.196537,0.201967,True,True,False,0.0,False,True,37.307
734,36.7,1,drowsy,drowsy,1.0,0.0,1.0,0.0,0.0,0.0,0.090165,0.952067,0.0,0.230092,0.300142,0.309182,0.092431,0.196886,0.201667,True,True,False,0.0,False,True,37.074
735,36.75,1,drowsy,drowsy,1.0,0.0,1.0,0.0,0.0,0.0,0.081486,0.950704,0.0,0.229782,0.300127,0.308844,0.092423,0.196881,0.201367,True,True,False,0.0,False,True,45.964
736,36.8,1,drowsy,drowsy,1.0,0.0,1.0,0.0,0.0,0.0,0.096662,0.947512,0.0,0.229094,0.299758,0.308531,0.091945,0.196525,0.20107,True,True,False,0.0,False,True,37.431
737,36.85,1,drowsy,drowsy,1.0,0.0,1.0,0.0,0.0,0.0,0.096394,0.947137,0.0,0.229549,0.300006,0.308218,0.092415,0.196871,0.200773,True,True,False,0.0,False,True,37.469
738,36.9,1,drowsy,drowsy,1.0,0.0,1.0,0.0,0.0,0.0,0.451179,0.865399,0.0,0.231228,0.300256,0.30841,0.092454,0.196545,0.200503,True,True,False,0.0,False,True,37.283
739,36.95,1,drowsy,drowsy,1.0,0.0,1.0,0.0,0.0,0.0,0.523333,0.841745,0.0,0.232827,0.30131,0.308691,0.0925,0.196934,0.200241,True,True,False,0.0,False,True,36.995
740,37.0,1,drowsy,drowsy,1.0,0.0,1.0,0.0,0.0,0.0,0.567967,0.849623,0.0,0.233451,0.301491,0.309033,0.092513,0.196933,0.199977,True,True,False,0.0,False,True,46.231
741,37.05,1,drowsy,drowsy,1.0,0.0,1.0,0.0,0.0,0.0,0.6149,0.855103,0.0,0.235232,0.302003,0.309438,0.092081,0.196611,0.199713,True,True,False,0.0,False,True,37.983
742,37.1,1,drowsy,drowsy,1.0,0.0,1.0,0.0,0.0,0.0,0.632872,0.857427,0.0,0.235058,0.301875,0.309867,0.092551,0.196929,0.199448,True,True,False,0.0,False,True,37.679
743,37.15,1,drowsy,drowsy,1.0,0.0,1.0,0.0,0.0,0.0,0.649013,0.85101,0.0,0.236575,0.302441,0.310313,0.09259,0.196608,0.199186,True,True,False,0.0,False,True,37.761
744,37.2,1,drowsy,drowsy,1.0,0.0,1.0,0.0,0.0,0.0,0.631064,0.863899,0.0,0.238736,0.302619,0.31074,0.092629,0.196966,0.19892,True,True,False,0.0,False,True,37.811
745,37.25,1,drowsy,drowsy,1.0,0.0,1.0,0.0,0.0,0.0,0.581833,0.871131,0.0,0.241178,0.303248,0.311104,0.092669,0.19699,0.198653,True,True,False,0.0,False,True,46.702
746,37.3,1,drowsy,drowsy,1.0,0.0,1.0,0.0,0.0,0.0,0.526649,0.866783,0.0,0.242531,0.303618,0.311391,0.09223,0.196664,0.198388,True,True,False,0.0,False,True,37.964
747,37.35,1,drowsy,drowsy,1.0,0.0,1.0,0.0,0.0,0.0,0.495004,0.878723,0.0,0.245724,0.304696,0.311639,0.092749,0.197048,0.198121,True,True,False,0.0,False,True,38.041
748,37.4,1,drowsy,drowsy,1.0,0.0,1.0,0.0,0.0,0.0,0.451409,0.903041,0.0,0.247773,0.304949,0.311833,0.092773,0.196708,0.197846,True,True,False,0.0,False,True,37.904
749,37.45,1,drowsy,drowsy,1.0,0.0,1.0,0.0,0.0,0.0,0.393563,0.920688,0.0,0.249488,0.305939,0.311948,0.092786,0.197076,0.197567,True,True,False,0.0,False,True,38.353
750,37.5,1,drowsy,drowsy,1.0,0.0,1.0,0.0,0.0,0.0,0.371553,0.924152,0.0,0.250992,0.306468,0.312032,0.118531,0.206059,0.204444,True,True,False,0.0,False,True,47.677
751,37.55,1,drowsy,drowsy,1.0,0.0,1.0,0.0,0.0,0.0,0.458446,0.903313,0.0,0.252018,0.306731,0.312234,0.120212,0.206496,0.204794,True,True,False,0.0,False,True,38.272
752,37.6,1,drowsy,drowsy,1.0,0.0,1.0,0.0,0.0,0.0,0.531429,0.86024,0.0,0.255358,0.307969,0.312522,0.123414,0.207783,0.205223,True,True,False,0.0,False,True,37.716
753,37.65,1,drowsy,drowsy,1.0,0.0,1.0,0.0,0.0,0.0,0.573816,0.844884,0.0,0.257875,0.308399,0.312859,0.126154,0.208376,0.205697,True,True,False,0.0,False,True,37.632
754,37.7,1,drowsy,drowsy,1.0,0.0,1.0,0.0,0.0,0.0,0.628227,0.837185,0.0,0.260608,0.309803,0.31326,0.129128,0.209809,0.206236,True,True,False,0.0,False,True,37.249
755,37.75,1,drowsy,drowsy,1.0,0.0,1.0,0.0,0.0,0.0,0.677444,0.833787,0.0,0.263314,0.310853,0.313722,0.132317,0.21094,0.206833,True,True,False,0.0,False,True,46.485
756,37.8,1,drowsy,drowsy,1.0,0.0,1.0,0.0,0.0,0.0,0.731127,0.829413,0.0,0.265444,0.311521,0.314247,0.135044,0.211768,0.207493,True,True,False,0.0,False,True,38.781
757,37.85,1,drowsy,drowsy,1.0,0.0,1.0,0.0,0.0,0.0,0.720204,0.829583,0.0,0.26744,0.313089,0.314758,0.139068,0.21335,0.208138,True,True,False,0.0,False,True,37.92
758,37.9,1,drowsy,drowsy,1.0,0.0,1.0,0.0,0.0,0.0,0.742922,0.826479,0.0,0.26848,0.31377,0.315294,0.14244,0.214189,0.208807,True,True,False,0.0,False,True,37.623
759,37.95,1,drowsy,drowsy,1.0,0.0,1.0,0.0,0.0,0.0,0.762004,0.817734,0.0,0.269702,0.314792,0.315846,0.145925,0.215802,0.209491,True,True,False,0.0,False,True,37.379
760,38.0,1,drowsy,drowsy,1.0,0.0,1.0,0.0,0.0,0.0,0.792236,0.803012,0.0,0.271302,0.315212,0.316424,0.14952,0.217029,0.210198,True,True,False,0.0,False,True,46.391
761,38.05,1,drowsy,drowsy,1.0,0.0,1.0,0.0,0.0,0.0,0.778022,0.810185,0.0,0.273559,0.315932,0.316988,0.15232,0.217901,0.210892,True,True,False,0.0,False,True,37.452
762,38.1,1,drowsy,drowsy,1.0,0.0,1.0,0.0,0.0,0.0,0.78372,0.809767,0.0,0.276349,0.315776,0.317558,0.156717,0.218474,0.211591,True,True,False,0.0,False,True,37.247
763,38.15,1,drowsy,drowsy,1.0,0.0,1.0,0.0,0.0,0.0,0.792794,0.800992,0.0,0.279685,0.316509,0.31813,0.16036,0.219357,0.212291,True,True,False,0.0,False,True,37.277
764,38.2,1,drowsy,drowsy,1.0,0.0,1.0,0.0,0.0,0.0,0.59875,0.85519,0.0,0.282368,0.315685,0.318491,0.163281,0.218399,0.212788,True,True,False,0.0,False,True,37.371
765,38.25,1,drowsy,drowsy,1.0,0.0,1.0,0.0,0.0,0.0,0.492355,0.88823,0.0,0.284619,0.315275,0.318723,0.165762,0.218012,0.213161,True,True,False,0.0,False,True,46.407
766,38.3,1,drowsy,drowsy,1.0,0.0,1.0,0.0,0.0,0.0,0.368262,0.923061,0.0,0.285045,0.315369,0.318792,0.166792,0.218278,0.213376,True,True,False,0.0,False,True,37.527
767,38.35,1,drowsy,drowsy,1.0,0.0,1.0,0.0,0.0,0.0,0.203155,0.943451,0.0,0.286754,0.313695,0.318628,0.167668,0.216134,0.213074,True,True,False,0.0,False,True,37.513
768,38.4,1,drowsy,drowsy,1.0,0.0,1.0,0.0,0.0,0.0,0.095867,0.952884,0.0,0.286507,0.313297,0.318311,0.167651,0.215739,0.212771,True,True,False,0.0,False,True,37.325
769,38.45,1,drowsy,drowsy,1.0,0.0,1.0,0.0,0.0,0.0,0.06017,0.95571,0.0,0.286201,0.311327,0.317943,0.167637,0.213563,0.212467,True,True,False,0.0,False,True,37.21
770,38.5,1,drowsy,drowsy,1.0,0.0,1.0,0.0,0.0,0.0,0.051489,0.954602,0.0,0.285879,0.31009,0.317564,0.167623,0.212276,0.212165,True,True,False,0.0,False,True,46.027
771,38.55,1,drowsy,drowsy,1.0,0.0,1.0,0.0,0.0,0.0,0.051303,0.952449,0.0,0.284648,0.309618,0.317186,0.166744,0.211889,0.211864,True,True,False,0.0,False,True,37.368
772,38.6,1,drowsy,drowsy,1.0,0.0,1.0,0.0,0.0,0.0,0.05065,0.950887,0.0,0.282606,0.307624,0.31681,0.167492,0.209716,0.211565,True,True,False,0.0,False,True,37.208
773,38.65,1,drowsy,drowsy,1.0,0.0,1.0,0.0,0.0,0.0,0.053308,0.949654,0.0,0.280263,0.307162,0.316438,0.167373,0.209335,0.211267,True,True,False,0.0,False,True,37.363
774,38.7,1,drowsy,drowsy,1.0,0.0,1.0,0.0,0.0,0.0,0.062653,0.947115,0.0,0.277904,0.305204,0.316082,0.167283,0.207183,0.21097,True,True,False,0.0,False,True,37.6
775,38.75,1,drowsy,drowsy,1.0,0.0,1.0,0.0,0.0,0.0,0.067364,0.946496,0.0,0.275326,0.30402,0.315734,0.167195,0.205928,0.210675,True,True,False,0.0,False,True,46.166
776,38.8,1,drowsy,drowsy,1.0,0.0,1.0,0.0,0.0,0.0,0.070205,0.945841,0.0,0.27426,0.303598,0.31539,0.166326,0.205556,0.21038,True,True,False,0.0,False,True,37.372
777,38.85,1,drowsy,drowsy,1.0,0.0,1.0,0.0,0.0,0.0,0.082826,0.94353,0.0,0.269088,0.301711,0.315066,0.160294,0.203446,0.210087,True,True,False,0.0,False,True,37.52
778,38.9,1,drowsy,drowsy,1.0,0.0,1.0,0.0,0.0,0.0,0.069293,0.946313,0.0,0.265686,0.301292,0.314724,0.156616,0.203079,0.209794,True,True,False,0.0,False,True,37.245
779,38.95,1,drowsy,drowsy,1.0,0.0,1.0,0.0,0.0,0.0,0.070698,0.946133,0.0,0.262255,0.299396,0.314384,0.152908,0.200985,0.209502,True,True,False,0.0,False,True,37.398
780,39.0,1,drowsy,drowsy,1.0,0.0,1.0,0.0,0.0,0.0,0.089963,0.9431,0.0,0.258937,0.298282,0.314073,0.149216,0.199763,0.209212,True,True,False,0.0,False,True,46.389
781,39.05,1,drowsy,drowsy,1.0,0.0,1.0,0.0,0.0,0.0,0.107193,0.939095,0.0,0.258157,0.29794,0.313788,0.148449,0.199405,0.208923,True,True,False,0.0,False,True,37.331
782,39.1,1,drowsy,drowsy,1.0,0.0,1.0,0.0,0.0,0.0,0.111076,0.937874,0.0,0.252542,0.296131,0.313509,0.141872,0.197326,0.208636,True,True,False,0.0,False,True,37.647
783,39.15,1,drowsy,drowsy,1.0,0.0,1.0,0.0,0.0,0.0,0.120001,0.938289,0.0,0.250104,0.295817,0.313243,0.13887,0.196974,0.20835,True,True,False,0.0,False,True,37.689
784,39.2,1,drowsy,drowsy,1.0,0.0,1.0,0.0,0.0,0.0,0.125862,0.938367,0.0,0.248304,0.294031,0.312986,0.136447,0.194892,0.208064,True,True,False,0.0,False,True,37.72
785,39.25,1,drowsy,drowsy,1.0,0.0,1.0,0.0,0.0,0.0,0.079946,0.944442,0.0,0.246851,0.292907,0.312665,0.134593,0.19368,0.207777,True,True,False,0.0,False,True,46.542
786,39.3,1,drowsy,drowsy,1.0,0.0,1.0,0.0,0.0,0.0,0.06302,0.946232,0.0,0.245901,0.292494,0.312321,0.133897,0.193332,0.20749,True,True,False,0.0,False,True,37.309
787,39.35,1,drowsy,drowsy,1.0,0.0,1.0,0.0,0.0,0.0,0.059618,0.946545,0.0,0.245964,0.2906,0.311973,0.134592,0.191264,0.207204,True,True,False,0.0,False,True,37.374
788,39.4,1,drowsy,drowsy,1.0,0.0,1.0,0.0,0.0,0.0,0.053984,0.947763,0.0,0.245944,0.290174,0.311617,0.134597,0.19092,0.206919,True,True,False,0.0,False,True,37.275
789,39.45,1,drowsy,drowsy,1.0,0.0,1.0,0.0,0.0,0.0,0.053808,0.947096,0.0,0.245966,0.288269,0.311263,0.134602,0.188852,0.206635,True,True,False,0.0,False,True,37.333
790,39.5,1,drowsy,drowsy,1.0,0.0,1.0,0.0,0.0,0.0,0.053413,0.94769,0.0,0.246007,0.287104,0.310909,0.134606,0.187647,0.206351,True,True,False,0.0,False,True,46.356
791,39.55,1,drowsy,drowsy,1.0,0.0,1.0,0.0,0.0,0.0,0.052856,0.947403,0.0,0.245007,0.286684,0.310555,0.133909,0.18731,0.206068,True,True,False,0.0,False,True,37.471
792,39.6,1,drowsy,drowsy,1.0,0.0,1.0,0.0,0.0,0.0,0.052504,0.947273,0.0,0.246011,0.284777,0.310201,0.134609,0.185243,0.205786,True,True,False,0.0,False,True,37.453
793,39.65,1,drowsy,drowsy,1.0,0.0,1.0,0.0,0.0,0.0,0.049841,0.947976,0.0,0.246012,0.284356,0.309845,0.13461,0.184911,0.205504,True,True,False,0.0,False,True,37.764
794,39.7,1,drowsy,drowsy,1.0,0.0,1.0,0.0,0.0,0.0,0.049713,0.948211,0.0,0.244359,0.28245,0.309489,0.134569,0.182851,0.205223,True,True,False,0.0,False,True,37.97
795,39.75,1,drowsy,drowsy,1.0,0.0,1.0,0.0,0.0,0.0,0.053188,0.947158,0.0,0.242163,0.281294,0.30914,0.134493,0.181656,0.204943,True,True,False,0.0,False,True,46.721
796,39.8,1,drowsy,drowsy,1.0,0.0,1.0,0.0,0.0,0.0,0.061158,0.945362,0.0,0.241229,0.280901,0.308803,0.133799,0.181332,0.204665,True,True,False,0.0,False,True,37.753
797,39.85,1,drowsy,drowsy,1.0,0.0,1.0,0.0,0.0,0.0,0.057962,0.947229,0.0,0.238004,0.279015,0.308462,0.134401,0.179277,0.204386,True,True,False,0.0,False,True,37.721
798,39.9,1,drowsy,drowsy,1.0,0.0,1.0,0.0,0.0,0.0,0.058281,0.947674,0.0,0.236547,0.27862,0.308122,0.134382,0.178956,0.204108,True,True,False,0.0,False,True,37.344
799,39.95,1,drowsy,drowsy,1.0,0.0,1.0,0.0,0.0,0.0,0.067056,0.946381,0.0,0.235855,0.276746,0.307795,0.134376,0.176897,0.203832,True,True,False,0.0,False,True,37.608
800,40.0,1,drowsy,drowsy,1.0,0.0,1.0,0.0,0.0,0.0,0.069525,0.946713,0.0,0.235678,0.275628,0.307472,0.134377,0.17571,0.203556,True,True,False,0.0,False,True,46.246
801,40.05,1,drowsy,drowsy,1.0,0.0,1.0,0.0,0.0,0.0,0.069841,0.94712,0.0,0.234821,0.275261,0.307151,0.133683,0.175397,0.203281,True,True,False,0.0,False,True,37.509
802,40.1,1,drowsy,drowsy,1.0,0.0,1.0,0.0,0.0,0.0,0.096351,0.941776,0.0,0.23593,0.273447,0.306868,0.134389,0.173346,0.203008,True,True,False,0.0,False,True,37.203
803,40.15,1,drowsy,drowsy,1.0,0.0,1.0,0.0,0.0,0.0,0.089245,0.943334,0.0,0.236127,0.273121,0.306576,0.134394,0.173039,0.202735,True,True,False,0.0,False,True,37.369
804,40.2,1,drowsy,drowsy,1.0,0.0,1.0,0.0,0.0,0.0,0.086903,0.943362,0.0,0.236274,0.271285,0.306281,0.134397,0.170982,0.202463,True,True,False,0.0,False,True,37.241
805,40.25,1,drowsy,drowsy,1.0,0.0,1.0,0.0,0.0,0.0,0.083601,0.943518,0.0,0.236399,0.270201,0.305982,0.134399,0.169805,0.202192,True,True,False,0.0,False,True,46.433
806,40.3,1,drowsy,drowsy,1.0,0.0,1.0,0.0,0.0,0.0,0.080845,0.942584,0.0,0.235599,0.269866,0.305681,0.133708,0.169504,0.201921,True,True,False,0.0,False,True,37.206
807,40.35,1,drowsy,drowsy,1.0,0.0,1.0,0.0,0.0,0.0,0.072484,0.945155,0.0,0.236593,0.268012,0.305369,0.134404,0.167456,0.201651,True,True,False,0.0,False,True,37.316
808,40.4,1,drowsy,drowsy,1.0,0.0,1.0,0.0,0.0,0.0,0.071532,0.945025,0.0,0.236632,0.267664,0.305057,0.134404,0.167159,0.201381,True,True,False,0.0,False,True,37.408
809,40.45,1,drowsy,drowsy,1.0,0.0,1.0,0.0,0.0,0.0,0.069014,0.945661,0.0,0.236687,0.265801,0.304741,0.134405,0.165107,0.201112,True,True,False,0.0,False,True,37.818
810,40.5,1,drowsy,drowsy,1.0,0.0,1.0,0.0,0.0,0.0,0.0708,0.945375,0.0,0.236752,0.264703,0.304429,0.134406,0.16394,0.200844,True,True,False,0.0,False,True,46.182
811,40.55,1,drowsy,drowsy,1.0,0.0,1.0,0.0,0.0,0.0,0.074826,0.94535,0.0,0.235916,0.264367,0.304123,0.133713,0.16365,0.200576,True,True,False,0.0,False,True,37.573
812,40.6,1,drowsy,drowsy,1.0,0.0,1.0,0.0,0.0,0.0,0.089756,0.942848,0.0,0.236609,0.262544,0.303839,0.134401,0.161601,0.20031,True,True,False,0.0,False,True,37.269
813,40.65,1,drowsy,drowsy,1.0,0.0,1.0,0.0,0.0,0.0,0.096022,0.943498,0.0,0.236618,0.26225,0.303563,0.134401,0.161316,0.200045,True,True,False,0.0,False,True,37.871
814,40.7,1,drowsy,drowsy,1.0,0.0,1.0,0.0,0.0,0.0,0.101817,0.943457,0.0,0.236713,0.260446,0.303296,0.134403,0.159264,0.19978,True,True,False,0.0,False,True,37.462
815,40.75,1,drowsy,drowsy,1.0,0.0,1.0,0.0,0.0,0.0,0.095789,0.943049,0.0,0.236737,0.259405,0.303022,0.134404,0.158108,0.199516,True,True,False,0.0,False,True,46.51
816,40.8,1,drowsy,drowsy,1.0,0.0,1.0,0.0,0.0,0.0,0.271538,0.916181,0.0,0.236911,0.259425,0.302982,0.133732,0.157838,0.19926,True,True,False,0.0,False,True,37.366
817,40.85,1,drowsy,drowsy,1.0,0.0,1.0,0.0,0.0,0.0,0.487763,0.840993,0.0,0.2393,0.258297,0.303199,0.134495,0.155853,0.199026,True,True,False,0.0,False,True,37.419
818,40.9,1,drowsy,drowsy,1.0,0.0,1.0,0.0,0.0,0.0,0.506739,0.856164,0.0,0.241227,0.258694,0.303442,0.134558,0.155604,0.198788,True,True,False,0.0,False,True,37.743
819,40.95,1,drowsy,drowsy,1.0,0.0,1.0,0.0,0.0,0.0,0.487467,0.882656,0.0,0.243224,0.257581,0.303669,0.134604,0.153606,0.198543,True,True,False,0.0,False,True,37.854
820,41.0,1,drowsy,drowsy,1.0,0.0,1.0,0.0,0.0,0.0,0.432808,0.907096,0.0,0.244995,0.257135,0.303832,0.134631,0.152477,0.198292,True,True,False,0.0,False,True,46.06
821,41.05,1,drowsy,drowsy,1.0,0.0,1.0,0.0,0.0,0.0,0.342095,0.924223,0.0,0.245486,0.257281,0.303881,0.133951,0.152214,0.198037,True,True,False,0.0,False,True,37.402
822,41.1,1,drowsy,drowsy,1.0,0.0,1.0,0.0,0.0,0.0,0.211915,0.939737,0.0,0.247223,0.255688,0.303761,0.134654,0.150177,0.197779,True,True,False,0.0,False,True,37.614
823,41.15,1,drowsy,drowsy,1.0,0.0,1.0,0.0,0.0,0.0,0.130804,0.947788,0.0,0.24757,0.255468,0.303534,0.134654,0.149912,0.197519,True,True,False,0.0,False,True,37.409
824,41.2,1,drowsy,drowsy,1.0,0.0,1.0,0.0,0.0,0.0,0.084128,0.951589,0.0,0.247713,0.253639,0.303244,0.134651,0.147863,0.197258,True,True,False,0.0,False,True,37.502
825,41.25,1,drowsy,drowsy,1.0,0.0,1.0,0.0,0.0,0.0,0.086658,0.948272,0.0,0.246129,0.252574,0.30296,0.134602,0.146702,0.196999,True,True,False,0.0,False,True,46.225
826,41.3,1,drowsy,drowsy,1.0,0.0,1.0,0.0,0.0,0.0,0.144029,0.936985,0.0,0.245606,0.252385,0.302754,0.133913,0.146446,0.196744,True,True,False,0.0,False,True,37.567
827,41.35,1,drowsy,drowsy,1.0,0.0,1.0,0.0,0.0,0.0,0.459777,0.86236,0.0,0.244141,0.251172,0.302941,0.134512,0.144405,0.19651,True,True,False,0.0,False,True,37.631
828,41.4,1,drowsy,drowsy,1.0,0.0,1.0,0.0,0.0,0.0,0.317608,0.915421,0.0,0.243325,0.251285,0.30296,0.134488,0.144159,0.196262,True,True,False,0.0,False,True,37.279
829,41.45,1,drowsy,drowsy,1.0,0.0,1.0,0.0,0.0,0.0,0.139991,0.940929,0.0,0.241937,0.249539,0.302749,0.134465,0.142093,0.196008,True,True,False,0.0,False,True,37.403
830,41.5,1,drowsy,drowsy,1.0,0.0,1.0,0.0,0.0,0.0,0.062345,0.950262,0.0,0.240772,0.248431,0.302434,0.134449,0.140933,0.195751,True,True,False,0.0,False,True,46.474
831,41.55,1,drowsy,drowsy,1.0,0.0,1.0,0.0,0.0,0.0,0.054829,0.949815,0.0,0.239808,0.24809,0.302111,0.133752,0.140685,0.195496,True,True,False,0.0,False,True,37.583
832,41.6,1,drowsy,drowsy,1.0,0.0,1.0,0.0,0.0,0.0,0.29398,0.907105,0.0,0.241006,0.246615,0.302101,0.134473,0.138634,0.195253,True,True,False,0.0,False,True,37.507
833,41.65,1,drowsy,drowsy,1.0,0.0,1.0,0.0,0.0,0.0,0.398688,0.886613,0.0,0.241378,0.246865,0.302219,0.134494,0.138406,0.195016,True,True,False,0.0,False,True,37.477
834,41.7,1,drowsy,drowsy,1.0,0.0,1.0,0.0,0.0,0.0,0.234715,0.927702,0.0,0.24017,0.245292,0.302133,0.134452,0.136353,0.194768,True,True,False,0.0,False,True,37.017
835,41.75,1,drowsy,drowsy,1.0,0.0,1.0,0.0,0.0,0.0,0.102093,0.946622,0.0,0.238084,0.244263,0.301874,0.134365,0.135204,0.194516,True,True,False,0.0,False,True,46.244
836,41.8,1,drowsy,drowsy,1.0,0.0,1.0,0.0,0.0,0.0,0.053481,0.952638,0.0,0.237125,0.243927,0.301551,0.133666,0.134966,0.194263,True,True,False,0.0,False,True,37.305
837,41.85,1,drowsy,drowsy,1.0,0.0,1.0,0.0,0.0,0.0,0.041007,0.953148,0.0,0.232559,0.242008,0.301213,0.131117,0.132902,0.194011,True,True,False,0.0,False,True,37.657
838,41.9,1,drowsy,drowsy,1.0,0.0,1.0,0.0,0.0,0.0,0.04098,0.951927,0.0,0.229271,0.241654,0.300876,0.12769,0.132669,0.19376,True,True,False,0.0,False,True,37.807
839,41.95,1,drowsy,drowsy,1.0,0.0,1.0,0.0,0.0,0.0,0.044646,0.950586,0.0,0.225952,0.239747,0.300545,0.124215,0.130611,0.193509,True,True,False,0.0,False,True,37.436
840,42.0,1,drowsy,drowsy,1.0,0.0,1.0,0.0,0.0,0.0,0.071517,0.943933,0.0,0.222689,0.238676,0.300251,0.120662,0.129475,0.193261,True,True,False,0.0,False,True,46.353
841,42.05,1,drowsy,drowsy,1.0,0.0,1.0,0.0,0.0,0.0,0.091463,0.940391,0.0,0.219527,0.23842,0.299985,0.11711,0.12925,0.193015,True,True,False,0.0,False,True,37.43
842,42.1,1,drowsy,drowsy,1.0,0.0,1.0,0.0,0.0,0.0,0.103617,0.940578,0.0,0.216366,0.236626,0.299735,0.113505,0.127204,0.192769,True,True,False,0.0,False,True,37.279
843,42.15,1,drowsy,drowsy,1.0,0.0,1.0,0.0,0.0,0.0,0.108092,0.939538,0.0,0.213272,0.236404,0.299491,0.109946,0.126984,0.192524,True,True,False,0.0,False,True,37.449
844,42.2,1,drowsy,drowsy,1.0,0.0,1.0,0.0,0.0,0.0,0.082892,0.944973,0.0,0.210027,0.234566,0.299215,0.106369,0.12493,0.192278,True,True,False,0.0,False,True,37.85
845,42.25,1,drowsy,drowsy,1.0,0.0,1.0,0.0,0.0,0.0,0.078913,0.945483,0.0,0.20676,0.233509,0.298934,0.102799,0.123795,0.192033,True,True,False,0.0,False,True,46.759
846,42.3,1,drowsy,drowsy,1.0,0.0,1.0,0.0,0.0,0.0,0.077396,0.945069,0.0,0.203505,0.233238,0.298652,0.099255,0.12358,0.191789,True,True,False,0.0,False,True,37.639
847,42.35,1,drowsy,drowsy,1.0,0.0,1.0,0.0,0.0,0.0,0.072451,0.945494,0.0,0.200216,0.231392,0.298364,0.095707,0.121538,0.191545,True,True,False,0.0,False,True,37.669
848,42.4,1,drowsy,drowsy,1.0,0.0,1.0,0.0,0.0,0.0,0.056533,0.948082,0.0,0.196838,0.231087,0.298056,0.092159,0.121326,0.191301,True,True,False,0.0,False,True,37.33
849,42.45,1,drowsy,drowsy,1.0,0.0,1.0,0.0,0.0,0.0,0.053556,0.948372,0.0,0.193474,0.229209,0.297745,0.088649,0.119284,0.191057,True,True,False,0.0,False,True,37.456
850,42.5,1,drowsy,drowsy,1.0,0.0,1.0,0.0,0.0,0.0,0.052948,0.948453,0.0,0.190152,0.228118,0.297433,0.085191,0.118162,0.190814,True,True,False,0.0,False,True,46.332
851,42.55,1,drowsy,drowsy,1.0,0.0,1.0,0.0,0.0,0.0,0.053958,0.94875,0.0,0.186872,0.227815,0.297124,0.081773,0.117956,0.190572,True,True,False,0.0,False,True,37.427
852,42.6,1,drowsy,drowsy,1.0,0.0,1.0,0.0,0.0,0.0,0.051593,0.948743,0.0,0.1839,0.225939,0.296813,0.078641,0.115921,0.19033,True,True,False,0.0,False,True,37.163
853,42.65,1,drowsy,drowsy,1.0,0.0,1.0,0.0,0.0,0.0,0.058225,0.947024,0.0,0.181568,0.225648,0.296511,0.076079,0.11572,0.190089,True,True,False,0.0,False,True,37.413
854,42.7,1,drowsy,drowsy,1.0,0.0,1.0,0.0,0.0,0.0,0.054609,0.947695,0.0,0.179605,0.223773,0.296205,0.073874,0.11368,0.189849,True,True,False,0.0,False,True,37.181
855,42.75,1,drowsy,drowsy,1.0,0.0,1.0,0.0,0.0,0.0,0.051244,0.948263,0.0,0.178133,0.222684,0.295896,0.072157,0.112563,0.189609,True,True,False,0.0,False,True,46.032
856,42.8,1,drowsy,drowsy,1.0,0.0,1.0,0.0,0.0,0.0,0.072183,0.943263,0.0,0.177155,0.222424,0.295615,0.072153,0.112368,0.189371,True,True,False,0.0,False,True,37.022
857,42.85,1,drowsy,drowsy,1.0,0.0,1.0,0.0,0.0,0.0,0.182174,0.925666,0.0,0.177323,0.220776,0.295475,0.072161,0.110337,0.189138,True,True,False,0.0,False,True,37.338
858,42.9,1,drowsy,drowsy,1.0,0.0,1.0,0.0,0.0,0.0,0.272577,0.923141,0.0,0.178298,0.220863,0.295447,0.072172,0.110151,0.188907,True,True,False,0.0,False,True,37.396
859,42.95,1,drowsy,drowsy,1.0,0.0,1.0,0.0,0.0,0.0,0.367399,0.915805,0.0,0.179884,0.219523,0.295535,0.072187,0.108118,0.188677,True,True,False,0.0,False,True,37.142
860,43.0,1,drowsy,drowsy,1.0,0.0,1.0,0.0,0.0,0.0,0.408394,0.909364,0.0,0.181686,0.219096,0.295671,0.072204,0.107049,0.18845,True,True,False,0.0,False,True,46.381
861,43.05,1,drowsy,drowsy,1.0,0.0,1.0,0.0,0.0,0.0,0.463268,0.888722,0.0,0.183738,0.219492,0.295868,0.072228,0.106876,0.188229,True,True,False,0.0,False,True,38.026
862,43.1,1,drowsy,drowsy,1.0,0.0,1.0,0.0,0.0,0.0,0.484411,0.87949,0.0,0.185864,0.21835,0.296087,0.072256,0.104845,0.18801,True,True,False,0.0,False,True,37.833
863,43.15,1,drowsy,drowsy,1.0,0.0,1.0,0.0,0.0,0.0,0.480266,0.886645,0.0,0.187982,0.218774,0.296302,0.072281,0.104675,0.18779,True,True,False,0.0,False,True,37.977
864,43.2,1,drowsy,drowsy,1.0,0.0,1.0,0.0,0.0,0.0,0.480224,0.881761,0.0,0.190093,0.218267,0.296516,0.072307,0.103232,0.187572,True,True,False,0.0,False,True,38.249
865,43.25,1,drowsy,drowsy,1.0,0.0,1.0,0.0,0.0,0.0,0.451614,0.899305,0.0,0.192093,0.218555,0.296699,0.072327,0.103236,0.18735,True,True,False,0.0,False,True,46.602
866,43.3,1,drowsy,drowsy,1.0,0.0,1.0,0.0,0.0,0.0,0.44334,0.903268,0.0,0.194055,0.218925,0.296873,0.072345,0.103066,0.187128,True,True,False,0.0,False,True,37.848
867,43.35,1,drowsy,drowsy,1.0,0.0,1.0,0.0,0.0,0.0,0.368532,0.92091,0.0,0.195655,0.219593,0.29696,0.072356,0.103249,0.186901,True,True,False,0.0,False,True,38.219
868,43.4,1,drowsy,drowsy,1.0,0.0,1.0,0.0,0.0,0.0,0.259164,0.935698,0.0,0.196724,0.21966,0.296914,0.072361,0.103073,0.186672,True,True,False,0.0,False,True,37.623
869,43.45,1,drowsy,drowsy,1.0,0.0,1.0,0.0,0.0,0.0,0.132658,0.95151,0.0,0.19714,0.220123,0.296709,0.07236,0.103253,0.186439,True,True,False,0.0,False,True,37.436
870,43.5,1,drowsy,drowsy,1.0,0.0,1.0,0.0,0.0,0.0,0.137107,0.950705,0.0,0.197568,0.220294,0.296511,0.072359,0.103254,0.186208,True,True,False,0.0,False,True,46.34
871,43.55,1,drowsy,drowsy,1.0,0.0,1.0,0.0,0.0,0.0,0.094971,0.954946,0.0,0.19778,0.220076,0.296259,0.072357,0.103074,0.185975,True,True,False,0.0,False,True,37.163
872,43.6,1,drowsy,drowsy,1.0,0.0,1.0,0.0,0.0,0.0,0.077949,0.953874,0.0,0.197916,0.220457,0.295987,0.072355,0.103253,0.185744,True,True,False,0.0,False,True,37.64
873,43.65,1,drowsy,drowsy,1.0,0.0,1.0,0.0,0.0,0.0,0.048362,0.955145,0.0,0.197905,0.220157,0.295679,0.072353,0.103073,0.185513,True,True,False,0.0,False,True,37.888
874,43.7,1,drowsy,drowsy,1.0,0.0,1.0,0.0,0.0,0.0,0.069896,0.950901,0.0,0.198001,0.220516,0.2954,0.072352,0.103252,0.185283,True,True,False,0.0,False,True,37.544
875,43.75,1,drowsy,drowsy,1.0,0.0,1.0,0.0,0.0,0.0,0.054454,0.951654,0.0,0.198003,0.220523,0.295102,0.072351,0.103251,0.185054,True,True,False,0.0,False,True,47.055
876,43.8,1,drowsy,drowsy,1.0,0.0,1.0,0.0,0.0,0.0,0.068046,0.947425,0.0,0.198105,0.22026,0.294822,0.072351,0.103073,0.184826,True,True,False,0.0,False,True,37.761
877,43.85,1,drowsy,drowsy,1.0,0.0,1.0,0.0,0.0,0.0,0.058518,0.949026,0.0,0.198159,0.220528,0.294531,0.072352,0.103251,0.184599,True,True,False,0.0,False,True,37.999
878,43.9,1,drowsy,drowsy,1.0,0.0,1.0,0.0,0.0,0.0,0.071272,0.945869,0.0,0.198283,0.220271,0.294258,0.072353,0.103073,0.184373,True,True,False,0.0,False,True,37.622
879,43.95,1,drowsy,drowsy,1.0,0.0,1.0,0.0,0.0,0.0,0.100246,0.943372,0.0,0.198559,0.220547,0.294021,0.072356,0.10325,0.184148,True,True,False,0.0,False,True,37.371
880,44.0,1,drowsy,drowsy,1.0,0.0,1.0,0.0,0.0,0.0,0.093027,0.94469,0.0,0.198779,0.220592,0.293776,0.072357,0.10325,0.183923,True,True,False,0.0,False,True,46.244
881,44.05,1,drowsy,drowsy,1.0,0.0,1.0,0.0,0.0,0.0,0.082223,0.946489,0.0,0.198944,0.220353,0.293517,0.072358,0.103072,0.183698,True,True,False,0.0,False,True,37.372
882,44.1,0,alert,alert,0.938506,0.938506,0.000883,0.0,0.01106,0.049551,0.077966,0.946937,0.0,0.199091,0.220667,0.293254,0.072359,0.10325,0.183474,True,True,False,0.0,False,False,37.4
883,44.15,0,alert,alert,0.573236,0.573236,0.001828,0.0,0.013933,0.411002,0.170859,0.0,0.0,0.19987,0.220667,0.293254,0.072732,0.10325,0.183474,True,True,False,0.0,False,False,34.17
884,44.2,4,distraction,distracted,0.859013,0.136256,0.00095,0.0,0.003781,0.859013,0.226138,0.0,0.0,0.200645,0.221212,0.293254,0.073109,0.103608,0.183474,True,True,False,0.0,False,False,34.344
885,44.25,4,distraction,distracted,0.960696,0.037809,0.000445,0.0,0.001051,0.960696,0.25295,0.0,0.0,0.20142,0.221434,0.293254,0.073489,0.103786,0.183474,True,True,False,0.0,False,False,42.808
886,44.3,4,distraction,distracted,0.981341,0.01788,0.000291,0.0,0.000488,0.981341,0.264969,0.0,0.0,0.202212,0.221434,0.293254,0.073874,0.103786,0.183474,True,True,False,0.0,False,False,34.251
887,44.35,4,distraction,distracted,0.987087,0.012374,0.000226,0.0,0.000313,0.987087,0.133321,0.793663,0.0,0.202699,0.220514,0.293091,0.073937,0.103953,0.183286,True,True,False,0.0,False,False,37.507
888,44.4,1,drowsy,drowsy,1.0,0.0,1.0,0.0,0.0,0.0,0.176757,0.790425,0.0,0.203388,0.22045,0.292973,0.074001,0.103802,0.1831,True,True,False,1.0,False,True,37.526
889,44.45,1,drowsy,drowsy,1.0,0.0,1.0,0.0,0.0,0.0,0.083586,0.804281,0.0,0.203662,0.219578,0.292756,0.07406,0.103991,0.182911,True,True,False,1.0,False,True,37.497
890,44.5,1,drowsy,drowsy,1.0,0.0,1.0,0.0,0.0,0.0,0.055885,0.950284,0.0,0.203701,0.219284,0.292467,0.07406,0.103988,0.182688,True,True,False,0.0,False,True,46.345
891,44.55,1,drowsy,drowsy,1.0,0.0,1.0,0.0,0.0,0.0,0.051955,0.950052,0.0,0.202541,0.218992,0.292175,0.074044,0.103806,0.182465,True,True,False,0.0,False,True,37.207
892,44.6,1,drowsy,drowsy,1.0,0.0,1.0,0.0,0.0,0.0,0.044556,0.951615,0.0,0.200513,0.219103,0.291873,0.074012,0.103984,0.182243,True,True,False,0.0,False,True,37.294
893,44.65,1,drowsy,drowsy,1.0,0.0,1.0,0.0,0.0,0.0,0.041529,0.952356,0.0,0.198365,0.218792,0.291568,0.073982,0.103802,0.182021,True,True,False,0.0,False,True,37.288
894,44.7,1,drowsy,drowsy,1.0,0.0,1.0,0.0,0.0,0.0,0.039978,0.951719,0.0,0.196461,0.219027,0.291262,0.073964,0.103982,0.1818,True,True,False,0.0,False,True,37.353
895,44.75,1,drowsy,drowsy,1.0,0.0,1.0,0.0,0.0,0.0,0.050049,0.950215,0.0,0.19512,0.21899,0.29097,0.073954,0.103981,0.181579,True,True,False,0.0,False,True,46.19
896,44.8,1,drowsy,drowsy,1.0,0.0,1.0,0.0,0.0,0.0,0.061449,0.947794,0.0,0.194471,0.218716,0.290693,0.07395,0.1038,0.18136,True,True,False,1.0,False,True,37.13
897,44.85,1,drowsy,drowsy,1.0,0.0,1.0,0.0,0.0,0.0,0.056378,0.948854,0.0,0.19423,0.218946,0.29041,0.073949,0.103979,0.181141,True,True,False,1.0,False,True,37.649
898,44.9,1,drowsy,drowsy,1.0,0.0,1.0,0.0,0.0,0.0,0.063152,0.947679,0.0,0.194213,0.218675,0.290136,0.07395,0.103798,0.180923,True,True,False,1.0,False,True,37.429
899,44.95,1,drowsy,drowsy,1.0,0.0,1.0,0.0,0.0,0.0,0.457429,0.854863,0.0,0.196173,0.219583,0.290318,0.073989,0.103996,0.180727,True,True,False,1.0,False,True,37.506
900,45.0,1,drowsy,drowsy,1.0,0.0,1.0,0.0,0.0,0.0,0.517948,0.798915,0.0,0.198312,0.220284,0.290548,0.07405,0.104024,0.180544,True,True,False,1.0,False,True,46.202
901,45.05,1,drowsy,drowsy,1.0,0.0,1.0,0.0,0.0,0.0,0.519169,0.822118,0.0,0.200464,0.220735,0.290786,0.074101,0.103867,0.180356,True,True,False,1.0,False,True,37.438
902,45.1,1,drowsy,drowsy,1.0,0.0,1.0,0.0,0.0,0.0,0.476154,0.873722,0.0,0.202535,0.221685,0.290991,0.074131,0.104061,0.180156,True,True,False,1.0,False,True,37.729
903,45.15,1,drowsy,drowsy,1.0,0.0,1.0,0.0,0.0,0.0,0.405036,0.897903,0.0,0.204289,0.221987,0.291121,0.074151,0.103889,0.179952,True,True,False,1.0,False,True,37.548
904,45.2,1,drowsy,drowsy,1.0,0.0,1.0,0.0,0.0,0.0,0.26583,0.921294,0.0,0.205284,0.22132,0.291091,0.074161,0.104033,0.179742,True,True,False,1.0,False,True,37.448
905,45.25,1,drowsy,drowsy,1.0,0.0,1.0,0.0,0.0,0.0,0.121157,0.939273,0.0,0.205548,0.220656,0.29089,0.074163,0.104008,0.179529,True,True,False,1.0,False,True,46.316
906,45.3,1,drowsy,drowsy,1.0,0.0,1.0,0.0,0.0,0.0,0.062367,0.950576,0.0,0.205468,0.22038,0.290616,0.074161,0.103827,0.179314,True,True,False,1.0,False,True,37.397
907,45.35,1,drowsy,drowsy,1.0,0.0,1.0,0.0,0.0,0.0,0.075083,0.948986,0.0,0.205424,0.218878,0.290359,0.074158,0.102925,0.1791,True,True,False,1.0,False,True,37.515
908,45.4,1,drowsy,drowsy,1.0,0.0,1.0,0.0,0.0,0.0,0.091858,0.940816,0.0,0.205504,0.218659,0.290124,0.07416,0.102748,0.178889,True,True,False,1.0,False,True,37.459
909,45.45,0,alert,alert,0.901307,0.901307,0.000396,0.0,0.021927,0.07637,0.079795,0.941004,0.0,0.205587,0.216799,0.289876,0.074162,0.100603,0.178677,True,True,False,1.0,False,False,37.955
910,45.5,0,alert,alert,0.85781,0.85781,0.000474,0.0,0.051457,0.090258,0.060837,0.948037,0.0,0.205585,0.215669,0.289604,0.074162,0.0994,0.178465,True,True,False,1.0,False,False,46.646
911,45.55,0,alert,alert,0.769919,0.769919,0.000606,0.0,0.122951,0.106524,0.06241,0.948062,0.0,0.205625,0.215403,0.289334,0.074162,0.099227,0.178253,True,True,False,0.0,False,False,37.958
912,45.6,0,alert,alert,0.645305,0.645305,0.000723,0.0,0.223772,0.1302,0.061404,0.949053,0.0,0.205665,0.213404,0.289064,0.074162,0.096992,0.178041,True,True,False,0.0,False,False,37.902
913,45.65,0,alert,alert,0.516641,0.516641,0.00085,0.0,0.311189,0.17132,0.068541,0.948817,0.0,0.205731,0.213152,0.288802,0.074162,0.096824,0.17783,True,True,False,0.0,False,False,37.916
914,45.7,0,alert,alert,0.4173,0.4173,0.000994,0.0,0.327428,0.254279,0.063304,0.949677,0.0,0.205762,0.211142,0.288535,0.074161,0.09458,0.17762,True,True,False,0.0,False,False,37.52
915,45.75,4,distraction,distracted,0.359343,0.351818,0.001063,0.0,0.287776,0.359343,0.074914,0.94742,0.0,0.205877,0.210051,0.288283,0.074162,0.093393,0.17741,True,True,False,0.0,False,False,46.048
916,45.8,4,distraction,distracted,0.487128,0.302344,0.001051,0.0,0.209478,0.487128,0.059615,0.949331,0.0,0.205913,0.209789,0.288012,0.074161,0.093231,0.1772,True,True,False,0.0,False,False,37.361
917,45.85,4,distraction,distracted,0.606028,0.251442,0.001015,0.0,0.141514,0.606028,0.057932,0.949199,0.0,0.20589,0.207792,0.287741,0.074161,0.091004,0.176991,True,True,False,0.0,False,False,37.548
918,45.9,4,distraction,distracted,0.682543,0.225271,0.000861,0.0,0.091325,0.682543,0.053508,0.95046,0.0,0.205845,0.207524,0.287464,0.074159,0.090845,0.176782,True,True,False,0.0,False,False,37.964
919,45.95,4,distraction,distracted,0.746586,0.205988,0.000655,0.0,0.046772,0.746586,0.059169,0.949315,0.0,0.205697,0.205534,0.287196,0.074157,0.088634,0.176574,True,True,False,0.0,False,False,37.64
920,46.0,1,drowsy,drowsy,1.0,0.0,1.0,0.0,0.0,0.0,0.07123,0.946735,0.0,0.205541,0.204457,0.286942,0.074155,0.087474,0.176367,True,True,False,0.0,False,True,46.235
921,46.05,1,drowsy,drowsy,1.0,0.0,1.0,0.0,0.0,0.0,0.068234,0.947564,0.0,0.205384,0.20422,0.286686,0.074152,0.087322,0.17616,True,True,False,0.0,False,True,37.693
922,46.1,1,drowsy,drowsy,1.0,0.0,1.0,0.0,0.0,0.0,0.066343,0.948823,0.0,0.205132,0.202359,0.286427,0.074148,0.085212,0.175954,True,True,False,0.035559,False,True,37.397
923,46.15,4,distraction,distracted,0.777486,0.21995,0.000243,0.0,0.002322,0.777486,0.072083,0.948157,0.0,0.204993,0.20139,0.286177,0.074146,0.084145,0.175748,True,True,False,0.0,False,False,37.538
924,46.2,4,distraction,distracted,0.50996,0.486618,0.000257,0.0,0.003164,0.50996,0.065546,0.949093,0.0,0.204965,0.200518,0.285918,0.074144,0.083178,0.175542,True,True,False,0.0,False,False,37.455
925,46.25,0,alert,alert,0.657458,0.657458,0.000233,0.0,0.003648,0.338661,0.069264,0.948674,0.0,0.204329,0.199703,0.285665,0.074135,0.082257,0.175337,True,True,False,0.0,False,False,46.47
926,46.3,1,drowsy,drowsy,1.0,0.0,1.0,0.0,0.0,0.0,0.058639,0.949732,0.0,0.202751,0.199458,0.2854,0.074118,0.082114,0.175132,True,True,False,0.0,False,True,37.593
927,46.35,1,drowsy,drowsy,1.0,0.0,1.0,0.0,0.0,0.0,0.060494,0.949448,0.0,0.200639,0.197986,0.285137,0.074086,0.080365,0.174928,True,True,False,0.0,False,True,37.518
928,46.4,1,drowsy,drowsy,1.0,0.0,1.0,0.0,0.0,0.0,0.098369,0.943213,0.0,0.198587,0.197036,0.284921,0.074052,0.07927,0.174725,True,True,False,0.0,False,True,37.368
929,46.45,1,drowsy,drowsy,1.0,0.0,1.0,0.0,0.0,0.0,0.077133,0.94799,0.0,0.196592,0.195988,0.28468,0.074032,0.07812,0.174522,True,True,False,0.0,False,True,37.824
930,46.5,1,drowsy,drowsy,1.0,0.0,1.0,0.0,0.0,0.0,0.453528,0.868023,0.0,0.196694,0.195544,0.284859,0.07405,0.076975,0.174336,True,True,False,0.0,False,True,46.366
931,46.55,1,drowsy,drowsy,1.0,0.0,1.0,0.0,0.0,0.0,0.521375,0.814625,0.0,0.197578,0.196029,0.285095,0.074098,0.076861,0.174163,True,True,False,0.0,False,True,38.879
932,46.6,1,drowsy,drowsy,1.0,0.0,1.0,0.0,0.0,0.0,0.470202,0.883104,0.0,0.198868,0.194743,0.285295,0.074123,0.074681,0.173975,True,True,False,0.0,False,True,37.823
933,46.65,1,drowsy,drowsy,1.0,0.0,1.0,0.0,0.0,0.0,0.363876,0.914354,0.0,0.200093,0.194164,0.285382,0.074137,0.073534,0.173781,True,True,False,0.0,False,True,176.567
934,46.7,1,drowsy,drowsy,1.0,0.0,1.0,0.0,0.0,0.0,0.198698,0.934924,0.0,0.200665,0.193313,0.285284,0.074144,0.072392,0.173582,True,True,False,0.0,False,True,38.011
935,46.75,1,drowsy,drowsy,1.0,0.0,1.0,0.0,0.0,0.0,0.113051,0.944462,0.0,0.200834,0.192318,0.285086,0.074147,0.071256,0.173383,True,True,False,0.0,False,True,46.673
936,46.8,1,drowsy,drowsy,1.0,0.0,1.0,0.0,0.0,0.0,0.059177,0.952702,0.0,0.200634,0.192087,0.284824,0.074145,0.071132,0.173182,True,True,False,0.0,False,True,37.742
937,46.85,1,drowsy,drowsy,1.0,0.0,1.0,0.0,0.0,0.0,0.053168,0.951189,0.0,0.200404,0.19014,0.284556,0.074143,0.068992,0.172982,True,True,False,0.0,False,True,37.605
938,46.9,0,alert,alert,0.613519,0.613519,0.000359,0.0,0.002351,0.383771,0.056276,0.950236,0.0,0.198445,0.189066,0.284293,0.074108,0.067874,0.172782,True,True,False,0.0,False,False,37.767
939,46.95,1,drowsy,drowsy,1.0,0.0,1.0,0.0,0.0,0.0,0.056103,0.947678,0.0,0.196186,0.187998,0.28403,0.074065,0.066761,0.172584,True,True,False,0.0,False,True,37.702
940,47.0,4,distraction,distracted,0.617728,0.38073,0.000324,0.0,0.001219,0.617728,0.048502,0.948925,0.0,0.193665,0.186932,0.28376,0.074024,0.065663,0.172385,True,True,False,0.0,False,False,46.515
941,47.05,1,drowsy,drowsy,1.0,0.0,1.0,0.0,0.0,0.0,0.045037,0.9496,0.0,0.190895,0.186687,0.283486,0.07108,0.06555,0.172187,True,True,False,0.114708,False,True,37.896
942,47.1,0,alert,alert,0.535041,0.535041,0.000286,0.0,0.001042,0.463631,0.052872,0.947955,0.0,0.18808,0.184803,0.283221,0.068048,0.06347,0.17199,True,True,False,0.148811,False,False,37.78
943,47.15,1,drowsy,drowsy,1.0,0.0,1.0,0.0,0.0,0.0,0.053031,0.947049,0.0,0.185209,0.183744,0.282958,0.064964,0.062371,0.171794,True,True,False,0.148811,False,True,37.635
944,47.2,4,distraction,distracted,0.781812,0.217324,0.000246,0.0,0.000618,0.781812,0.053015,0.946022,0.0,0.182394,0.182678,0.282696,0.061927,0.061266,0.171598,True,True,False,0.119972,False,False,37.942
945,47.25,1,drowsy,drowsy,1.0,0.0,1.0,0.0,0.0,0.0,0.047662,0.948986,0.0,0.17977,0.181599,0.282428,0.059105,0.060163,0.171402,True,True,False,0.10189,False,True,46.572
946,47.3,1,drowsy,drowsy,1.0,0.0,1.0,0.0,0.0,0.0,0.048112,0.948771,0.0,0.177425,0.181369,0.28216,0.056562,0.060059,0.171206,True,True,False,0.119972,False,True,37.554
947,47.35,1,drowsy,drowsy,1.0,0.0,1.0,0.0,0.0,0.0,0.055485,0.945341,0.0,0.175252,0.179484,0.281903,0.054145,0.057984,0.171011,True,True,False,0.0,False,True,37.557
948,47.4,1,drowsy,drowsy,1.0,0.0,1.0,0.0,0.0,0.0,0.046313,0.948917,0.0,0.173204,0.17856,0.281635,0.051886,0.057022,0.170817,True,True,False,0.0,False,True,37.743
949,47.45,1,drowsy,drowsy,1.0,0.0,1.0,0.0,0.0,0.0,0.045891,0.948841,0.0,0.171421,0.177829,0.281366,0.049882,0.056236,0.170623,True,True,False,0.189094,False,True,37.823
950,47.5,1,drowsy,drowsy,1.0,0.0,1.0,0.0,0.0,0.0,0.046058,0.948563,0.0,0.169748,0.177174,0.281099,0.047984,0.055519,0.170429,True,True,False,0.189094,False,True,46.65
951,47.55,4,distraction,distracted,0.873773,0.125544,0.000339,0.0,0.000344,0.873773,0.369537,0.885213,0.0,0.169286,0.177482,0.281193,0.045708,0.05543,0.170248,True,True,False,0.0,False,False,38.181
952,47.6,4,distraction,distracted,0.914177,0.085186,0.000334,0.0,0.000303,0.914177,0.198132,0.93223,0.0,0.167719,0.177014,0.2811,0.043173,0.054898,0.170059,True,True,False,0.0,False,False,38.264
953,47.65,4,distraction,distracted,0.935157,0.064279,0.000298,0.0,0.000265,0.935157,0.102378,0.944928,0.0,0.165491,0.176883,0.280899,0.040482,0.054896,0.169867,True,True,False,0.0,False,False,38.117
954,47.7,1,drowsy,drowsy,1.0,0.0,1.0,0.0,0.0,0.0,0.061424,0.951513,0.0,0.162816,0.176784,0.28065,0.037564,0.054895,0.169674,True,True,False,0.036659,False,True,37.906
955,47.75,4,distraction,distracted,0.914412,0.084937,0.000351,0.0,0.000301,0.914412,0.078442,0.947245,0.0,0.160019,0.176764,0.280422,0.034437,0.054894,0.169483,True,True,False,0.0,False,False,46.396
956,47.8,4,distraction,distracted,0.929157,0.070122,0.000401,0.0,0.00032,0.929157,0.082699,0.945555,0.0,0.157016,0.176602,0.2802,0.031085,0.0548,0.169292,True,True,False,0.0,False,False,37.599
957,47.85,1,drowsy,drowsy,1.0,0.0,1.0,0.0,0.0,0.0,0.084646,0.945172,0.0,0.154077,0.176676,0.27998,0.027786,0.054892,0.169102,True,True,False,0.0,False,True,37.889
958,47.9,1,drowsy,drowsy,1.0,0.0,1.0,0.0,0.0,0.0,0.063862,0.949185,0.0,0.150938,0.176564,0.279737,0.024399,0.05489,0.168912,True,True,False,0.0,False,True,37.392
959,47.95,1,drowsy,drowsy,1.0,0.0,1.0,0.0,0.0,0.0,0.051195,0.950778,0.0,0.147679,0.176463,0.279479,0.020966,0.054889,0.168721,True,True,False,0.0,False,True,37.482
960,48.0,1,drowsy,drowsy,1.0,0.0,1.0,0.0,0.0,0.0,0.050513,0.95046,0.0,0.144339,0.176383,0.279221,0.017466,0.054887,0.168532,True,True,False,0.0,False,True,46.467
961,48.05,1,drowsy,drowsy,1.0,0.0,1.0,0.0,0.0,0.0,0.052051,0.948425,0.0,0.141051,0.17617,0.278967,0.014003,0.054793,0.168343,True,True,False,0.0,False,True,37.343
962,48.1,1,drowsy,drowsy,1.0,0.0,1.0,0.0,0.0,0.0,0.047378,0.950169,0.0,0.137718,0.176177,0.278707,0.010522,0.054884,0.168154,True,True,False,0.0,False,True,37.649
963,48.15,1,drowsy,drowsy,1.0,0.0,1.0,0.0,0.0,0.0,0.04777,0.948409,0.0,0.134385,0.176089,0.278448,0.007044,0.054882,0.167965,True,True,False,0.0,False,True,37.45
964,48.2,1,drowsy,drowsy,1.0,0.0,1.0,0.0,0.0,0.0,0.043509,0.94979,0.0,0.131745,0.176013,0.278185,0.004244,0.054881,0.167777,True,True,False,0.219147,False,True,37.552
965,48.25,1,drowsy,drowsy,1.0,0.0,1.0,0.0,0.0,0.0,0.043972,0.949104,0.0,0.129542,0.175421,0.277924,0.001856,0.054872,0.16759,True,True,False,0.219147,False,True,46.138
966,48.3,1,drowsy,drowsy,1.0,0.0,1.0,0.0,0.0,0.0,0.042917,0.950007,0.0,0.12789,0.175193,0.277661,0.0,0.054778,0.167403,True,True,False,0.0,False,True,37.35
967,48.35,1,drowsy,drowsy,1.0,0.0,1.0,0.0,0.0,0.0,0.04145,0.950275,0.0,0.127054,0.174007,0.277397,0.0,0.054856,0.167216,True,True,False,0.0,False,True,37.814
968,48.4,1,drowsy,drowsy,1.0,0.0,1.0,0.0,0.0,0.0,0.040871,0.950235,0.0,0.12677,0.173366,0.277134,0.0,0.054852,0.167029,True,True,False,0.0,False,True,37.531
969,48.45,1,drowsy,drowsy,1.0,0.0,1.0,0.0,0.0,0.0,0.040805,0.950577,0.0,0.126671,0.172894,0.27687,0.0,0.054849,0.166843,True,True,False,0.0,False,True,37.281
970,48.5,1,drowsy,drowsy,1.0,0.0,1.0,0.0,0.0,0.0,0.039634,0.951517,0.0,0.126611,0.172593,0.276606,0.0,0.054847,0.166657,True,True,False,0.0,False,True,46.359
971,48.55,1,drowsy,drowsy,1.0,0.0,1.0,0.0,0.0,0.0,0.038907,0.951623,0.0,0.126547,0.172363,0.276341,0.0,0.054753,0.166472,True,True,False,0.0,False,True,37.563
972,48.6,1,drowsy,drowsy,1.0,0.0,1.0,0.0,0.0,0.0,0.039147,0.951552,0.0,0.126487,0.172341,0.276078,0.0,0.054846,0.166287,True,True,False,0.0,False,True,37.346
973,48.65,1,drowsy,drowsy,1.0,0.0,1.0,0.0,0.0,0.0,0.039907,0.950202,0.0,0.126417,0.172261,0.275816,0.0,0.054845,0.166103,True,True,False,0.0,False,True,37.354
974,48.7,1,drowsy,drowsy,1.0,0.0,1.0,0.0,0.0,0.0,0.042906,0.949529,0.0,0.126314,0.172192,0.275558,0.0,0.054844,0.165919,True,True,False,0.0,False,True,37.447
975,48.75,1,drowsy,drowsy,1.0,0.0,1.0,0.0,0.0,0.0,0.42532,0.856211,0.0,0.128017,0.172743,0.275707,0.0,0.054853,0.165753,True,True,False,0.0,False,True,46.24
976,48.8,1,drowsy,drowsy,1.0,0.0,1.0,0.0,0.0,0.0,0.50511,0.824888,0.0,0.130015,0.173239,0.275928,0.0,0.054771,0.165594,True,True,False,0.0,False,True,37.475
977,48.85,1,drowsy,drowsy,1.0,0.0,1.0,0.0,0.0,0.0,0.453043,0.883076,0.0,0.131818,0.17403,0.276109,0.0,0.054871,0.165424,True,True,False,0.0,False,True,37.508
978,48.9,1,drowsy,drowsy,1.0,0.0,1.0,0.0,0.0,0.0,0.307008,0.917479,0.0,0.13302,0.174445,0.276142,0.0,0.054874,0.165248,True,True,False,0.0,False,True,37.643
979,48.95,1,drowsy,drowsy,1.0,0.0,1.0,0.0,0.0,0.0,0.133797,0.936802,0.0,0.133346,0.17457,0.275988,0.0,0.054875,0.165069,True,True,False,0.0,False,True,37.931
980,49.0,1,drowsy,drowsy,1.0,0.0,1.0,0.0,0.0,0.0,0.066646,0.945927,0.0,0.133225,0.174542,0.275758,0.0,0.054875,0.164888,True,True,False,0.0,False,True,47.004
981,49.05,1,drowsy,drowsy,1.0,0.0,1.0,0.0,0.0,0.0,0.049514,0.949494,0.0,0.132924,0.174327,0.27551,0.0,0.05478,0.164707,True,True,False,0.0,False,True,37.559
982,49.1,1,drowsy,drowsy,1.0,0.0,1.0,0.0,0.0,0.0,0.043592,0.95137,0.0,0.132572,0.174396,0.275255,0.0,0.054873,0.164526,True,True,False,0.0,False,True,37.861
983,49.15,1,drowsy,drowsy,1.0,0.0,1.0,0.0,0.0,0.0,0.040275,0.952272,0.0,0.132156,0.174246,0.274996,0.0,0.054872,0.164345,True,True,False,0.0,False,True,38.824
984,49.2,1,drowsy,drowsy,1.0,0.0,1.0,0.0,0.0,0.0,0.038807,0.952397,0.0,0.131702,0.173822,0.274737,0.0,0.054868,0.164164,True,True,False,0.0,False,True,37.955
985,49.25,1,drowsy,drowsy,1.0,0.0,1.0,0.0,0.0,0.0,0.039736,0.951913,0.0,0.131491,0.173172,0.274479,0.0,0.054862,0.163984,True,True,False,0.0,False,True,47.143
986,49.3,1,drowsy,drowsy,1.0,0.0,1.0,0.0,0.0,0.0,0.039359,0.951945,0.0,0.131365,0.172941,0.274222,0.0,0.054768,0.163805,True,True,False,0.0,False,True,37.542
987,49.35,1,drowsy,drowsy,1.0,0.0,1.0,0.0,0.0,0.0,0.039168,0.951502,0.0,0.131257,0.171658,0.273965,0.0,0.054845,0.163625,True,True,False,0.0,False,True,37.751
988,49.4,1,drowsy,drowsy,1.0,0.0,1.0,0.0,0.0,0.0,0.040803,0.951702,0.0,0.131187,0.170906,0.27371,0.0,0.054839,0.163447,True,True,False,0.0,False,True,37.594
989,49.45,1,drowsy,drowsy,1.0,0.0,1.0,0.0,0.0,0.0,0.041246,0.951672,0.0,0.13112,0.170156,0.273456,0.0,0.054832,0.163268,True,True,False,0.0,False,True,37.562
990,49.5,1,drowsy,drowsy,1.0,0.0,1.0,0.0,0.0,0.0,0.04476,0.950409,0.0,0.131074,0.169452,0.273207,0.0,0.054827,0.16309,True,True,False,0.0,False,True,46.25
991,49.55,1,drowsy,drowsy,1.0,0.0,1.0,0.0,0.0,0.0,0.053795,0.947541,0.0,0.131078,0.169253,0.272969,0.0,0.054733,0.162914,True,True,False,0.0,False,True,37.391
992,49.6,1,drowsy,drowsy,1.0,0.0,1.0,0.0,0.0,0.0,0.050061,0.948591,0.0,0.131065,0.168406,0.272727,0.0,0.054823,0.162737,True,True,False,0.0,False,True,37.692
993,49.65,1,drowsy,drowsy,1.0,0.0,1.0,0.0,0.0,0.0,0.073885,0.94233,0.0,0.131191,0.168173,0.272513,0.0,0.054823,0.162562,True,True,False,0.0,False,True,37.536
994,49.7,1,drowsy,drowsy,1.0,0.0,1.0,0.0,0.0,0.0,0.062936,0.944948,0.0,0.131261,0.168012,0.272288,0.0,0.054823,0.162387,True,True,False,0.0,False,True,37.478
995,49.75,1,drowsy,drowsy,1.0,0.0,1.0,0.0,0.0,0.0,0.061249,0.946219,0.0,0.131303,0.167894,0.27206,0.0,0.054822,0.162211,True,True,False,0.0,False,True,46.017
996,49.8,1,drowsy,drowsy,1.0,0.0,1.0,0.0,0.0,0.0,0.065772,0.945229,0.0,0.131327,0.16772,0.271838,0.0,0.054729,0.162037,True,True,False,0.0,False,True,37.184
997,49.85,1,drowsy,drowsy,1.0,0.0,1.0,0.0,0.0,0.0,0.06276,0.945849,0.0,0.131353,0.167699,0.271613,0.0,0.054821,0.161863,True,True,False,0.0,False,True,37.229
998,49.9,1,drowsy,drowsy,1.0,0.0,1.0,0.0,0.0,0.0,0.05992,0.945262,0.0,0.131362,0.167624,0.271386,0.0,0.054821,0.161689,True,True,False,0.0,False,True,37.458
999,49.95,1,drowsy,drowsy,1.0,0.0,1.0,0.0,0.0,0.0,0.061661,0.943938,0.0,0.131335,0.167569,0.271161,0.0,0.05482,0.161516,True,True,False,0.0,False,True,38.421
1000,50.0,1,drowsy,drowsy,1.0,0.0,1.0,0.0,0.0,0.0,0.06308,0.943809,0.0,0.131303,0.167566,0.270939,0.0,0.05482,0.161343,True,True,False,0.0,False,True,46.451
1001,50.05,1,drowsy,drowsy,1.0,0.0,1.0,0.0,0.0,0.0,0.06482,0.943916,0.0,0.131278,0.16739,0.270718,0.0,0.054727,0.16117,True,True,False,0.0,False,True,37.712
1002,50.1,1,drowsy,drowsy,1.0,0.0,1.0,0.0,0.0,0.0,0.067848,0.944648,0.0,0.13113,0.167599,0.270502,0.0,0.054821,0.160998,True,True,False,0.203938,False,True,38.102
1003,50.15,1,drowsy,drowsy,1.0,0.0,1.0,0.0,0.0,0.0,0.063134,0.946231,0.0,0.130995,0.167623,0.27028,0.0,0.054821,0.160826,True,True,False,0.0,False,True,37.935
1004,50.2,1,drowsy,drowsy,1.0,0.0,1.0,0.0,0.0,0.0,0.062461,0.947104,0.0,0.130867,0.16765,0.270058,0.0,0.054822,0.160654,True,True,False,0.0,False,True,37.639
1005,50.25,1,drowsy,drowsy,1.0,0.0,1.0,0.0,0.0,0.0,0.058163,0.948185,0.0,0.130734,0.167664,0.269831,0.0,0.054822,0.160483,True,True,False,0.0,False,True,46.206
1006,50.3,1,drowsy,drowsy,1.0,0.0,1.0,0.0,0.0,0.0,0.05524,0.947967,0.0,0.1306,0.167471,0.269602,0.0,0.054728,0.160311,True,True,False,0.0,False,True,37.483
1007,50.35,1,drowsy,drowsy,1.0,0.0,1.0,0.0,0.0,0.0,0.054537,0.948678,0.0,0.130506,0.167692,0.269373,0.0,0.054822,0.16014,True,True,False,0.0,False,True,37.568
1008,50.4,1,drowsy,drowsy,1.0,0.0,1.0,0.0,0.0,0.0,0.055747,0.94847,0.0,0.130423,0.167711,0.269145,0.0,0.054822,0.159969,True,True,False,0.10024,False,True,38.312
1009,50.45,1,drowsy,drowsy,1.0,0.0,1.0,0.0,0.0,0.0,0.055152,0.94844,0.0,0.13035,0.16773,0.268917,0.0,0.054823,0.159799,True,True,False,0.0,False,True,37.821
1010,50.5,1,drowsy,drowsy,1.0,0.0,1.0,0.0,0.0,0.0,0.433156,0.86884,0.0,0.132096,0.168364,0.269077,0.0,0.054831,0.159643,True,True,False,0.0,False,True,46.696
1011,50.55,1,drowsy,drowsy,1.0,0.0,1.0,0.0,0.0,0.0,0.518993,0.795921,0.0,0.134077,0.168869,0.2693,0.0,0.054752,0.159501,True,True,False,0.0,False,True,37.882
1012,50.6,1,drowsy,drowsy,1.0,0.0,1.0,0.0,0.0,0.0,0.446,0.885711,0.0,0.135818,0.169754,0.269475,0.0,0.054853,0.159343,True,True,False,0.0,False,True,37.563
1013,50.65,1,drowsy,drowsy,1.0,0.0,1.0,0.0,0.0,0.0,0.29205,0.924083,0.0,0.136814,0.170181,0.269499,0.0,0.054856,0.159178,True,True,False,0.0,False,True,37.598
1014,50.7,1,drowsy,drowsy,1.0,0.0,1.0,0.0,0.0,0.0,0.120799,0.945411,0.0,0.136912,0.17032,0.269342,0.0,0.054856,0.15901,True,True,False,0.0,False,True,37.698
1015,50.75,1,drowsy,drowsy,1.0,0.0,1.0,0.0,0.0,0.0,0.053481,0.953961,0.0,0.136688,0.170334,0.269112,0.0,0.054856,0.158841,True,True,False,0.0,False,True,46.247
1016,50.8,1,drowsy,drowsy,1.0,0.0,1.0,0.0,0.0,0.0,0.042194,0.954557,0.0,0.135519,0.170113,0.26887,0.0,0.054761,0.158672,True,True,False,0.0,False,True,37.484
1017,50.85,1,drowsy,drowsy,1.0,0.0,1.0,0.0,0.0,0.0,0.03913,0.952141,0.0,0.133397,0.170294,0.268627,0.0,0.054855,0.158504,True,True,False,0.0,False,True,37.914
1018,50.9,1,drowsy,drowsy,1.0,0.0,1.0,0.0,0.0,0.0,0.041407,0.952062,0.0,0.131171,0.170257,0.268386,0.0,0.054854,0.158336,True,True,False,0.0,False,True,37.529
1019,50.95,1,drowsy,drowsy,1.0,0.0,1.0,0.0,0.0,0.0,0.039385,0.951573,0.0,0.128975,0.170214,0.268144,0.0,0.054854,0.158168,True,True,False,0.0,False,True,37.573
1020,51.0,1,drowsy,drowsy,1.0,0.0,1.0,0.0,0.0,0.0,0.047568,0.949344,0.0,0.127048,0.170191,0.267912,0.0,0.054853,0.158002,True,True,False,0.0,False,True,46.442
1021,51.05,1,drowsy,drowsy,1.0,0.0,1.0,0.0,0.0,0.0,0.066005,0.94459,0.0,0.125647,0.170013,0.2677,0.0,0.05476,0.157836,True,True,False,0.0,False,True,38.04
1022,51.1,1,drowsy,drowsy,1.0,0.0,1.0,0.0,0.0,0.0,0.052795,0.94916,0.0,0.124827,0.170215,0.267474,0.0,0.054854,0.15767,True,True,False,0.0,False,True,38.08
1023,51.15,1,drowsy,drowsy,1.0,0.0,1.0,0.0,0.0,0.0,0.052785,0.948363,0.0,0.124422,0.170221,0.267249,0.0,0.054854,0.157505,True,True,False,0.0,False,True,37.817
1024,51.2,1,drowsy,drowsy,1.0,0.0,1.0,0.0,0.0,0.0,0.05095,0.94953,0.0,0.124251,0.170232,0.267022,0.0,0.054854,0.15734,True,True,False,0.0,False,True,37.715
1025,51.25,1,drowsy,drowsy,1.0,0.0,1.0,0.0,0.0,0.0,0.049031,0.950199,0.0,0.124055,0.170241,0.266793,0.0,0.054854,0.157175,True,True,False,0.0,False,True,46.763
1026,51.3,1,drowsy,drowsy,1.0,0.0,1.0,0.0,0.0,0.0,0.068273,0.944184,0.0,0.123665,0.170067,0.266587,0.0,0.05476,0.157011,True,True,False,0.0,False,True,37.443
1027,51.35,1,drowsy,drowsy,1.0,0.0,1.0,0.0,0.0,0.0,0.055232,0.947037,0.0,0.121729,0.170305,0.266366,0.0,0.054855,0.156847,True,True,False,0.0,False,True,37.627
1028,51.4,1,drowsy,drowsy,1.0,0.0,1.0,0.0,0.0,0.0,0.05402,0.947661,0.0,0.1204,0.17033,0.266144,0.0,0.054855,0.156683,True,True,False,0.0,False,True,37.563
1029,51.45,1,drowsy,drowsy,1.0,0.0,1.0,0.0,0.0,0.0,0.049628,0.948605,0.0,0.119933,0.170346,0.265919,0.0,0.054856,0.15652,True,True,False,0.0,False,True,37.492
1030,51.5,1,drowsy,drowsy,1.0,0.0,1.0,0.0,0.0,0.0,0.05071,0.948457,0.0,0.119874,0.170356,0.265694,0.0,0.054856,0.156357,True,True,False,0.0,False,True,46.391
1031,51.55,1,drowsy,drowsy,1.0,0.0,1.0,0.0,0.0,0.0,0.058535,0.947114,0.0,0.119894,0.170165,0.265479,0.0,0.054762,0.156194,True,True,False,0.0,False,True,37.615
1032,51.6,1,drowsy,drowsy,1.0,0.0,1.0,0.0,0.0,0.0,0.059373,0.945858,0.0,0.11872,0.170272,0.265265,0.0,0.054855,0.156032,True,True,False,0.0,False,True,37.681
1033,51.65,1,drowsy,drowsy,1.0,0.0,1.0,0.0,0.0,0.0,0.054015,0.947443,0.0,0.117031,0.169659,0.265046,0.0,0.054849,0.155871,True,True,False,0.0,False,True,37.643
1034,51.7,1,drowsy,drowsy,1.0,0.0,1.0,0.0,0.0,0.0,0.048795,0.948444,0.0,0.116083,0.168939,0.264822,0.0,0.054839,0.155709,True,True,False,0.0,False,True,37.411
1035,51.75,1,drowsy,drowsy,1.0,0.0,1.0,0.0,0.0,0.0,0.049202,0.948037,0.0,0.115809,0.168297,0.264599,0.0,0.054834,0.155548,True,True,False,0.0,False,True,46.681
1036,51.8,1,drowsy,drowsy,1.0,0.0,1.0,0.0,0.0,0.0,0.049082,0.947915,0.0,0.115788,0.168092,0.264376,0.0,0.05474,0.155387,True,True,False,0.0,False,True,37.726
1037,51.85,1,drowsy,drowsy,1.0,0.0,1.0,0.0,0.0,0.0,0.051786,0.946474,0.0,0.115846,0.167695,0.264156,0.0,0.054832,0.155226,True,True,False,0.0,False,True,37.563
1038,51.9,1,drowsy,drowsy,1.0,0.0,1.0,0.0,0.0,0.0,0.049701,0.947166,0.0,0.115893,0.167687,0.263935,0.0,0.054832,0.155066,True,True,False,0.0,False,True,37.438
1039,51.95,1,drowsy,drowsy,1.0,0.0,1.0,0.0,0.0,0.0,0.043901,0.948894,0.0,0.11589,0.167691,0.263708,0.0,0.054833,0.154906,True,True,False,0.0,False,True,37.42
1040,52.0,1,drowsy,drowsy,1.0,0.0,1.0,0.0,0.0,0.0,0.043226,0.948538,0.0,0.115743,0.1677,0.26348,0.0,0.054833,0.154746,True,True,False,0.0,False,True,46.338
1041,52.05,0,alert,alert,0.902077,0.902077,0.000455,0.0,0.000912,0.096556,0.042426,0.949225,0.0,0.115488,0.167485,0.263253,0.0,0.054739,0.154587,True,True,False,0.0,False,False,37.635
1042,52.1,1,drowsy,drowsy,1.0,0.0,1.0,0.0,0.0,0.0,0.040789,0.950403,0.0,0.115161,0.167717,0.263023,0.0,0.054834,0.154427,True,True,False,0.0,False,True,37.635
1043,52.15,1,drowsy,drowsy,1.0,0.0,1.0,0.0,0.0,0.0,0.042234,0.949781,0.0,0.11482,0.16772,0.262796,0.0,0.054834,0.154268,True,True,False,0.0,False,True,37.458
1044,52.2,1,drowsy,drowsy,1.0,0.0,1.0,0.0,0.0,0.0,0.046632,0.948484,0.0,0.114632,0.167726,0.262574,0.0,0.054835,0.15411,True,True,False,0.0,False,True,37.783
1045,52.25,1,drowsy,drowsy,1.0,0.0,1.0,0.0,0.0,0.0,0.04622,0.949021,0.0,0.114462,0.167728,0.262352,0.0,0.054835,0.153952,True,True,False,0.0,False,True,46.372
1046,52.3,1,drowsy,drowsy,1.0,0.0,1.0,0.0,0.0,0.0,0.044807,0.949071,0.0,0.114292,0.167517,0.262129,0.0,0.054741,0.153794,True,True,False,0.0,False,True,37.826
1047,52.35,1,drowsy,drowsy,1.0,0.0,1.0,0.0,0.0,0.0,0.04769,0.949593,0.0,0.114163,0.167735,0.261909,0.0,0.054835,0.153636,True,True,False,0.0,False,True,37.749
1048,52.4,1,drowsy,drowsy,1.0,0.0,1.0,0.0,0.0,0.0,0.050042,0.94937,0.0,0.114129,0.167741,0.261692,0.0,0.054835,0.153479,True,True,False,0.0,False,True,37.685
1049,52.45,1,drowsy,drowsy,1.0,0.0,1.0,0.0,0.0,0.0,0.042038,0.95117,0.0,0.114068,0.167732,0.261467,0.0,0.054835,0.153322,True,True,False,0.0,False,True,37.674
1050,52.5,1,drowsy,drowsy,1.0,0.0,1.0,0.0,0.0,0.0,0.04112,0.951205,0.0,0.114006,0.167715,0.261242,0.0,0.054834,0.153165,True,True,False,0.0,False,True,46.705
1051,52.55,1,drowsy,drowsy,1.0,0.0,1.0,0.0,0.0,0.0,0.04012,0.95128,0.0,0.113933,0.167496,0.261016,0.0,0.05474,0.153008,True,True,False,0.0,False,True,37.619
1052,52.6,1,drowsy,drowsy,1.0,0.0,1.0,0.0,0.0,0.0,0.040181,0.950886,0.0,0.113874,0.167604,0.26079,0.0,0.054832,0.152852,True,True,False,0.0,False,True,37.703
1053,52.65,1,drowsy,drowsy,1.0,0.0,1.0,0.0,0.0,0.0,0.040044,0.950952,0.0,0.113778,0.167582,0.260565,0.0,0.054831,0.152696,True,True,False,0.0,False,True,37.554
1054,52.7,1,drowsy,drowsy,1.0,0.0,1.0,0.0,0.0,0.0,0.040005,0.951104,0.0,0.113701,0.167576,0.26034,0.0,0.054831,0.152541,True,True,False,0.0,False,True,37.525
1055,52.75,1,drowsy,drowsy,1.0,0.0,1.0,0.0,0.0,0.0,0.040532,0.950653,0.0,0.113645,0.167572,0.260116,0.0,0.054831,0.152385,True,True,False,0.0,False,True,46.83
1056,52.8,1,drowsy,drowsy,1.0,0.0,1.0,0.0,0.0,0.0,0.042382,0.949812,0.0,0.113489,0.167357,0.259895,0.0,0.054737,0.152231,True,True,False,0.0,False,True,38.211
1057,52.85,1,drowsy,drowsy,1.0,0.0,1.0,0.0,0.0,0.0,0.042365,0.950183,0.0,0.112774,0.167575,0.259674,0.0,0.054831,0.152076,True,True,False,0.0,False,True,37.541
1058,52.9,1,drowsy,drowsy,1.0,0.0,1.0,0.0,0.0,0.0,0.046299,0.948998,0.0,0.111626,0.16757,0.259458,0.0,0.054831,0.151922,True,True,False,0.0,False,True,37.792
1059,52.95,1,drowsy,drowsy,1.0,0.0,1.0,0.0,0.0,0.0,0.055634,0.947115,0.0,0.11006,0.166973,0.259253,0.0,0.054822,0.151769,True,True,False,0.07148,False,True,37.946
1060,53.0,1,drowsy,drowsy,1.0,0.0,1.0,0.0,0.0,0.0,0.054451,0.948329,0.0,0.108295,0.166261,0.259046,0.0,0.054809,0.151615,True,True,False,0.0,False,True,46.462
1061,53.05,1,drowsy,drowsy,1.0,0.0,1.0,0.0,0.0,0.0,0.066108,0.945885,0.0,0.106359,0.16609,0.258852,0.0,0.054716,0.151463,True,True,False,0.0,False,True,37.467
1062,53.1,1,drowsy,drowsy,1.0,0.0,1.0,0.0,0.0,0.0,0.078893,0.943165,0.0,0.104407,0.165138,0.258671,0.0,0.054801,0.151311,True,True,False,0.0,False,True,37.579
1063,53.15,1,drowsy,drowsy,1.0,0.0,1.0,0.0,0.0,0.0,0.073635,0.94493,0.0,0.102435,0.164988,0.258485,0.0,0.0548,0.151159,True,True,False,0.0,False,True,37.511
1064,53.2,1,drowsy,drowsy,1.0,0.0,1.0,0.0,0.0,0.0,0.06492,0.946181,0.0,0.100429,0.164991,0.258291,0.0,0.054801,0.151007,True,True,False,0.0,False,True,37.58
1065,53.25,1,drowsy,drowsy,1.0,0.0,1.0,0.0,0.0,0.0,0.061922,0.946953,0.0,0.098512,0.165016,0.258094,0.0,0.054802,0.150856,True,True,False,0.0,False,True,46.408
1066,53.3,0,alert,alert,0.98228,0.98228,0.000444,0.0,0.004316,0.01296,0.064467,0.946306,0.0,0.096643,0.164844,0.2579,0.0,0.054708,0.150705,True,True,False,0.0,False,False,37.584
1067,53.35,0,alert,alert,0.981084,0.981084,0.000504,0.0,0.00553,0.012882,0.067497,0.945634,0.0,0.095131,0.1651,0.25771,0.0,0.054803,0.150554,True,True,False,0.0,False,False,37.504
1068,53.4,0,alert,alert,0.974647,0.974647,0.000905,0.0,0.009105,0.015343,0.448999,0.85317,0.0,0.095939,0.165756,0.257882,0.0,0.054813,0.150418,True,True,False,0.0,False,False,37.519
1069,53.45,0,alert,alert,0.959506,0.959506,0.00237,0.0,0.019959,0.018165,0.518325,0.812172,0.0,0.097617,0.166491,0.258105,0.0,0.054826,0.150289,True,True,False,0.0,False,False,37.31
1070,53.5,0,alert,alert,0.93975,0.93975,0.003777,0.0,0.038517,0.017956,0.448962,0.888394,0.0,0.099112,0.167154,0.258284,0.0,0.054832,0.150148,True,True,False,0.0,False,False,46.312
1071,53.55,0,alert,alert,0.903939,0.903939,0.00468,0.0,0.074822,0.016559,0.33065,0.91914,0.0,0.100293,0.167426,0.258354,0.0,0.054741,0.150003,True,True,False,0.0,False,False,37.575
1072,53.6,0,alert,alert,0.841389,0.841389,0.005448,0.0,0.13734,0.015823,0.193005,0.9367,0.0,0.100882,0.167839,0.25829,0.0,0.054836,0.149855,True,True,False,0.0,False,False,37.746
1073,53.65,0,alert,alert,0.74183,0.74183,0.006207,0.0,0.235277,0.016686,0.107275,0.94505,0.0,0.101189,0.167933,0.25814,0.0,0.054836,0.149706,True,True,False,0.0,False,False,37.603
1074,53.7,0,alert,alert,0.690616,0.690616,0.005793,0.0,0.288356,0.015235,0.074041,0.946904,0.0,0.101211,0.167967,0.257957,0.0,0.054836,0.149557,True,True,False,0.0,False,False,37.522
1075,53.75,0,alert,alert,0.692528,0.692528,0.005017,0.0,0.287777,0.014678,0.061064,0.948391,0.0,0.101246,0.167986,0.257761,0.0,0.054836,0.149408,True,True,False,0.0,False,False,46.072
1076,53.8,0,alert,alert,0.717265,0.717265,0.004758,0.0,0.261795,0.016183,0.058751,0.948185,0.0,0.101198,0.167798,0.257563,0.0,0.054742,0.14926,True,True,False,0.0,False,False,37.392
1077,53.85,0,alert,alert,0.773881,0.773881,0.004291,0.0,0.204917,0.016911,0.060577,0.94763,0.0,0.101209,0.168031,0.257367,0.0,0.054836,0.149112,True,True,False,0.0,False,False,37.413
1078,53.9,0,alert,alert,0.816585,0.816585,0.003673,0.0,0.164968,0.014774,0.063799,0.947008,0.0,0.10117,0.168062,0.257175,0.0,0.054836,0.148964,True,True,False,0.0,False,False,37.362
1079,53.95,0,alert,alert,0.842792,0.842792,0.003179,0.0,0.141296,0.012733,0.070758,0.945465,0.0,0.101018,0.168112,0.256991,0.0,0.054836,0.148817,True,True,False,0.0,False,False,37.412
1080,54.0,0,alert,alert,0.851368,0.851368,0.002707,0.0,0.134045,0.011881,0.066954,0.945961,0.0,0.100883,0.168158,0.256803,0.0,0.054837,0.14867,True,True,False,0.0,False,False,46.508
1081,54.05,0,alert,alert,0.855559,0.855559,0.002436,0.0,0.130164,0.01184,0.066871,0.945831,0.0,0.100804,0.167984,0.256616,0.0,0.054743,0.148523,True,True,False,0.0,False,False,37.302
1082,54.1,0,alert,alert,0.869402,0.869402,0.002111,0.0,0.117193,0.011295,0.064823,0.945779,0.0,0.100737,0.168253,0.256427,0.0,0.054838,0.148376,True,True,False,0.0,False,False,37.55
1083,54.15,0,alert,alert,0.882468,0.882468,0.001941,0.0,0.103379,0.012213,0.062053,0.946425,0.0,0.100538,0.168295,0.256235,0.0,0.054838,0.14823,True,True,False,0.055074,False,False,37.213
1084,54.2,0,alert,alert,0.894304,0.894304,0.001764,0.0,0.091954,0.011978,0.074678,0.94431,0.0,0.100407,0.16836,0.256057,0.0,0.054839,0.148085,True,True,False,0.032186,False,False,37.664
1085,54.25,0,alert,alert,0.896472,0.896472,0.001758,0.0,0.089278,0.012492,0.080023,0.944103,0.0,0.100303,0.168434,0.255884,0.0,0.05484,0.147939,True,True,False,0.0,False,False,45.979
1086,54.3,0,alert,alert,0.916112,0.916112,0.0016,0.0,0.07004,0.012247,0.067912,0.945913,0.0,0.10014,0.168262,0.2557,0.0,0.054746,0.147794,True,True,False,0.0,False,False,37.163
1087,54.35,0,alert,alert,0.926522,0.926522,0.001505,0.0,0.059376,0.012597,0.06596,0.945395,0.0,0.099827,0.168535,0.255514,0.0,0.054841,0.147649,True,True,False,0.0,False,False,37.382
1088,54.4,0,alert,alert,0.939287,0.939287,0.001353,0.0,0.04651,0.01285,0.06292,0.945547,0.0,0.099317,0.168576,0.255325,0.0,0.054842,0.147504,True,True,False,0.0,False,False,37.481
1089,54.45,0,alert,alert,0.95276,0.95276,0.001125,0.0,0.034698,0.011417,0.062345,0.945852,0.0,0.099198,0.168618,0.255136,0.0,0.054843,0.14736,True,True,False,0.0,False,False,37.388
1090,54.5,0,alert,alert,0.956226,0.956226,0.001084,0.0,0.029794,0.012895,0.05597,0.947717,0.0,0.099199,0.168649,0.254941,0.0,0.054843,0.147216,True,True,False,0.0,False,False,46.25
1091,54.55,0,alert,alert,0.964018,0.964018,0.000914,0.0,0.023064,0.012005,0.048339,0.949623,0.0,0.099181,0.168443,0.254738,0.0,0.054749,0.147071,True,True,False,0.0,False,False,37.559
1092,54.6,0,alert,alert,0.972119,0.972119,0.000778,0.0,0.015718,0.011386,0.044682,0.950146,0.0,0.099182,0.168678,0.254532,0.0,0.054844,0.146927,True,True,False,0.0,False,False,38.148
1093,54.65,0,alert,alert,0.975934,0.975934,0.000723,0.0,0.011428,0.011914,0.043552,0.950374,0.0,0.099193,0.168685,0.254325,0.0,0.054844,0.146783,True,True,False,0.0,False,False,37.86
1094,54.7,0,alert,alert,0.977068,0.977068,0.000697,0.0,0.010034,0.012201,0.044436,0.950316,0.0,0.099216,0.168691,0.25412,0.0,0.054844,0.146639,True,True,False,0.0,False,False,37.929
1095,54.75,0,alert,alert,0.972088,0.972088,0.000785,0.0,0.011404,0.015723,0.045498,0.94986,0.0,0.099193,0.168698,0.253916,0.0,0.054844,0.146496,True,True,False,0.0,False,False,46.564
1096,54.8,0,alert,alert,0.954641,0.954641,0.001122,0.0,0.015402,0.028835,0.048365,0.949059,0.0,0.099126,0.168491,0.253715,0.0,0.05475,0.146353,True,True,False,0.0,False,False,37.778
1097,54.85,0,alert,alert,0.93636,0.93636,0.001382,0.0,0.016595,0.045663,0.043407,0.950692,0.0,0.09906,0.168714,0.25351,0.0,0.054844,0.14621,True,True,False,0.0,False,False,37.329
1098,54.9,0,alert,alert,0.941367,0.941367,0.001221,0.0,0.013643,0.043769,0.054297,0.946896,0.0,0.099016,0.168737,0.253317,0.0,0.054845,0.146068,True,True,False,0.0,False,False,37.124
1099,54.95,0,alert,alert,0.939136,0.939136,0.00123,0.0,0.011996,0.047638,0.052368,0.947709,0.0,0.097149,0.168756,0.253121,0.0,0.054845,0.145926,True,True,False,0.0,False,False,37.56
1100,55.0,0,alert,alert,0.957001,0.957001,0.000906,0.0,0.007195,0.034897,0.043605,0.949584,0.0,0.095091,0.168758,0.252918,0.0,0.054845,0.145784,True,True,False,0.0,False,False,46.522
1101,55.05,0,alert,alert,0.959271,0.959271,0.000777,0.0,0.00484,0.035112,0.040197,0.94998,0.0,0.09296,0.168537,0.252711,0.0,0.054751,0.145643,True,True,False,0.0,False,False,38.394
1102,55.1,0,alert,alert,0.9562,0.9562,0.000735,0.0,0.003569,0.039496,0.042077,0.949082,0.0,0.090924,0.16875,0.252506,0.0,0.054845,0.145501,True,True,False,0.0,False,False,37.587
1103,55.15,0,alert,alert,0.950732,0.950732,0.000663,0.0,0.002945,0.04566,0.040864,0.949551,0.0,0.089174,0.168743,0.252301,0.0,0.054845,0.14536,True,True,False,0.0,False,False,38.063
1104,55.2,0,alert,alert,0.931696,0.931696,0.000644,0.0,0.002474,0.065186,0.048952,0.948222,0.0,0.088107,0.168751,0.252105,0.0,0.054845,0.14522,True,True,False,0.0,False,False,37.987
1105,55.25,0,alert,alert,0.934702,0.934702,0.000525,0.0,0.001865,0.062908,0.085914,0.941335,0.0,0.087931,0.16882,0.251945,0.0,0.054846,0.14508,True,True,False,0.0,False,False,46.291
1106,55.3,0,alert,alert,0.928808,0.928808,0.000466,0.0,0.00153,0.069196,0.105796,0.942052,0.0,0.088149,0.168713,0.251805,0.0,0.054753,0.144941,True,True,False,0.0,False,False,37.848
1107,55.35,0,alert,alert,0.921763,0.921763,0.000418,0.0,0.001354,0.076465,0.121374,0.94143,0.0,0.088381,0.169054,0.25168,0.0,0.054848,0.144802,True,True,False,0.0,False,False,37.603
1108,55.4,0,alert,alert,0.907852,0.907852,0.000408,0.0,0.001216,0.090523,0.182711,0.935645,0.0,0.088833,0.169284,0.251614,0.0,0.054849,0.144665,True,True,False,0.0,False,False,37.316
1109,55.45,0,alert,alert,0.907464,0.907464,0.000385,0.0,0.001077,0.091074,0.114354,0.947193,0.0,0.089006,0.169398,0.251482,0.0,0.054849,0.144525,True,True,False,0.0,False,False,37.863
1110,55.5,0,alert,alert,0.918766,0.918766,0.000331,0.0,0.000957,0.079946,0.092378,0.948631,0.0,0.089165,0.169469,0.251329,0.0,0.054849,0.144386,True,True,False,0.0,False,False,46.876
1111,55.55,0,alert,alert,0.910516,0.910516,0.000348,0.0,0.000932,0.088204,0.0816,0.949152,0.0,0.089262,0.169318,0.251166,0.0,0.054755,0.144248,True,True,False,0.0,False,False,37.772
1112,55.6,0,alert,alert,0.902663,0.902663,0.000371,0.0,0.000924,0.096043,0.081294,0.947331,0.0,0.089362,0.169557,0.251003,0.0,0.054849,0.144109,True,True,False,0.0,False,False,37.433
1113,55.65,0,alert,alert,0.911918,0.911918,0.00037,0.0,0.000889,0.086823,0.060175,0.948467,0.0,0.08932,0.169554,0.25082,0.0,0.054849,0.143971,True,True,False,0.0,False,False,37.391
1114,55.7,0,alert,alert,0.905632,0.905632,0.000415,0.0,0.000889,0.093064,0.068495,0.94543,0.0,0.089347,0.169554,0.250646,0.0,0.054849,0.143833,True,True,False,0.0,False,False,37.364
1115,55.75,0,alert,alert,0.911661,0.911661,0.000432,0.0,0.00088,0.087027,0.058142,0.946952,0.0,0.089262,0.169549,0.250462,0.0,0.05485,0.143696,True,True,False,0.0,False,False,46.558
1116,55.8,0,alert,alert,0.895379,0.895379,0.000513,0.0,0.000909,0.103199,0.053084,0.947228,0.0,0.08923,0.16935,0.250273,0.0,0.054756,0.143559,True,True,False,0.0,False,False,37.493
1117,55.85,0,alert,alert,0.886326,0.886326,0.000604,0.0,0.000978,0.112091,0.0551,0.947948,0.0,0.089216,0.16955,0.250087,0.0,0.05485,0.143422,True,True,False,0.0,False,False,37.576
1118,55.9,0,alert,alert,0.886235,0.886235,0.000691,0.0,0.001065,0.11201,0.05623,0.946606,0.0,0.08923,0.169551,0.249902,0.0,0.05485,0.143285,True,True,False,0.0,False,False,37.465
1119,55.95,0,alert,alert,0.905217,0.905217,0.000684,0.0,0.001146,0.092953,0.046241,0.949908,0.0,0.089165,0.169537,0.249708,0.0,0.054849,0.143148,True,True,False,0.0,False,False,37.732
1120,56.0,0,alert,alert,0.918162,0.918162,0.000662,0.0,0.001228,0.079948,0.043404,0.951019,0.0,0.089024,0.169522,0.249511,0.0,0.054849,0.143011,True,True,False,0.0,False,False,46.39
1121,56.05,0,alert,alert,0.927832,0.927832,0.000661,0.0,0.001392,0.070115,0.044489,0.95166,0.0,0.088903,0.169307,0.249315,0.0,0.054755,0.142875,True,True,False,0.0,False,False,38.045
1122,56.1,0,alert,alert,0.934341,0.934341,0.000644,0.0,0.001564,0.063452,0.04148,0.952082,0.0,0.088777,0.169504,0.249116,0.0,0.054849,0.142738,True,True,False,0.0,False,False,37.97
1123,56.15,0,alert,alert,0.945496,0.945496,0.000572,0.0,0.001691,0.052241,0.039733,0.951955,0.0,0.088613,0.169492,0.248917,0.0,0.054848,0.142602,True,True,False,0.0,False,False,37.574
1124,56.2,0,alert,alert,0.942778,0.942778,0.000594,0.0,0.001959,0.054669,0.041655,0.951565,0.0,0.088492,0.169478,0.248719,0.0,0.054848,0.142466,True,True,False,0.0,False,False,37.495
1125,56.25,0,alert,alert,0.95049,0.95049,0.000543,0.0,0.002077,0.04689,0.040168,0.952064,0.0,0.088345,0.169461,0.248521,0.0,0.054848,0.142331,True,True,False,0.0,False,False,46.354
1126,56.3,0,alert,alert,0.961929,0.961929,0.000494,0.0,0.002144,0.035433,0.04093,0.951658,0.0,0.088255,0.16924,0.248323,0.0,0.054753,0.142195,True,True,False,0.0,False,False,37.542
1127,56.35,0,alert,alert,0.964491,0.964491,0.000513,0.0,0.002292,0.032704,0.04252,0.951631,0.0,0.088164,0.169414,0.248128,0.0,0.054847,0.14206,True,True,False,0.0,False,False,37.656
1128,56.4,0,alert,alert,0.96276,0.96276,0.000572,0.0,0.00255,0.034119,0.043981,0.951266,0.0,0.087889,0.169385,0.247934,0.0,0.054847,0.141926,True,True,False,0.0,False,False,37.459
1129,56.45,0,alert,alert,0.961403,0.961403,0.000635,0.0,0.002806,0.035156,0.046941,0.950796,0.0,0.087737,0.169353,0.247744,0.0,0.054846,0.141791,True,True,False,0.0,False,False,37.517
1130,56.5,0,alert,alert,0.955651,0.955651,0.000746,0.0,0.003109,0.040494,0.047474,0.950487,0.0,0.085848,0.169335,0.247555,0.0,0.054846,0.141657,True,True,False,0.0,False,False,46.731
1131,56.55,0,alert,alert,0.955693,0.955693,0.000777,0.0,0.003189,0.040341,0.048751,0.950716,0.0,0.083779,0.169127,0.247367,0.0,0.054752,0.141523,True,True,False,0.0,False,False,37.454
1132,56.6,0,alert,alert,0.941253,0.941253,0.000931,0.0,0.004105,0.053711,0.045512,0.95167,0.0,0.081776,0.169246,0.247176,0.0,0.054845,0.141389,True,True,False,0.0,False,False,38.777
1133,56.65,0,alert,alert,0.921082,0.921082,0.000999,0.0,0.005259,0.07266,0.041471,0.952194,0.0,0.080205,0.169075,0.246982,0.0,0.054843,0.141256,True,True,False,0.0,False,False,38.762
1134,56.7,0,alert,alert,0.921338,0.921338,0.000838,0.0,0.005003,0.072821,0.040395,0.951458,0.0,0.079417,0.168943,0.246787,0.0,0.054842,0.141123,True,True,False,0.0,False,False,37.495
1135,56.75,0,alert,alert,0.945182,0.945182,0.000579,0.0,0.004288,0.04995,0.041051,0.950872,0.0,0.079055,0.168772,0.246593,0.0,0.054841,0.14099,True,True,False,0.0,False,False,45.943
1136,56.8,0,alert,alert,0.957134,0.957134,0.000439,0.0,0.003778,0.03865,0.042544,0.949564,0.0,0.078972,0.168555,0.246401,0.0,0.054746,0.140857,True,True,False,0.0,False,False,37.653
1137,56.85,0,alert,alert,0.965638,0.965638,0.000344,0.0,0.003048,0.03097,0.040927,0.950364,0.0,0.07891,0.168507,0.246208,0.0,0.054839,0.140725,True,True,False,0.0,False,False,37.494
1138,56.9,0,alert,alert,0.953214,0.953214,0.000361,0.0,0.003302,0.043123,0.039938,0.95084,0.0,0.078828,0.168389,0.246014,0.0,0.054838,0.140593,True,True,False,0.0,False,False,37.408
1139,56.95,0,alert,alert,0.959172,0.959172,0.000309,0.0,0.003057,0.037462,0.041528,0.950227,0.0,0.078754,0.168147,0.245823,0.0,0.054836,0.140461,True,True,False,0.0,False,False,37.51
1140,57.0,0,alert,alert,0.965834,0.965834,0.00027,0.0,0.002582,0.031313,0.043338,0.949904,0.0,0.078728,0.16752,0.245633,0.0,0.054829,0.140329,True,True,False,0.0,False,False,46.377
1141,57.05,0,alert,alert,0.970906,0.970906,0.00025,0.0,0.002233,0.026611,0.041292,0.950913,0.0,0.078709,0.167303,0.245442,0.0,0.054734,0.140198,True,True,False,0.0,False,False,37.76
1142,57.1,0,alert,alert,0.976011,0.976011,0.000234,0.0,0.001946,0.021809,0.045544,0.949517,0.0,0.078672,0.166198,0.245255,0.0,0.054817,0.140067,True,True,False,0.0,False,False,37.392
1143,57.15,0,alert,alert,0.97577,0.97577,0.000251,0.0,0.001835,0.022144,0.044719,0.949648,0.0,0.078629,0.165736,0.245068,0.0,0.054815,0.139936,True,True,False,0.0,False,False,37.72
1144,57.2,0,alert,alert,0.976404,0.976404,0.000265,0.0,0.001874,0.021457,0.045041,0.949261,0.0,0.078589,0.165503,0.244881,0.0,0.054814,0.139806,True,True,False,0.0,False,False,37.194
1145,57.25,0,alert,alert,0.977172,0.977172,0.000273,0.0,0.001837,0.020719,0.043455,0.949964,0.0,0.078568,0.165431,0.244694,0.0,0.054814,0.139675,True,True,False,0.0,False,False,46.254
1146,57.3,0,alert,alert,0.977308,0.977308,0.000282,0.0,0.001775,0.020635,0.041315,0.9503,0.0,0.078533,0.165217,0.244504,0.0,0.05472,0.139545,True,True,False,0.0,False,False,37.872
1147,57.35,0,alert,alert,0.973947,0.973947,0.000302,0.0,0.001898,0.023854,0.039764,0.95126,0.0,0.078453,0.165385,0.244313,0.0,0.054814,0.139415,True,True,False,0.0,False,False,37.685
1148,57.4,0,alert,alert,0.971773,0.971773,0.000303,0.0,0.001819,0.026105,0.038872,0.951843,0.0,0.078415,0.165366,0.244122,0.0,0.054814,0.139286,True,True,False,0.0,False,False,37.517
1149,57.45,0,alert,alert,0.973692,0.973692,0.000295,0.0,0.001723,0.02429,0.037961,0.952193,0.0,0.078374,0.165327,0.24393,0.0,0.054814,0.139156,True,True,False,0.0,False,False,37.637
1150,57.5,0,alert,alert,0.976301,0.976301,0.000285,0.0,0.001701,0.021713,0.03885,0.951791,0.0,0.078337,0.165256,0.24374,0.0,0.054812,0.139027,True,True,False,0.0,False,False,46.562
1151,57.55,0,alert,alert,0.978336,0.978336,0.000277,0.0,0.001734,0.019654,0.039345,0.951499,0.0,0.076775,0.16504,0.24355,0.0,0.054718,0.138897,True,True,False,0.0,False,False,38.226
1152,57.6,0,alert,alert,0.981426,0.981426,0.000263,0.0,0.001777,0.016533,0.041238,0.951485,0.0,0.075997,0.165191,0.243362,0.0,0.054812,0.138769,True,True,False,0.0,False,False,37.75
1153,57.65,0,alert,alert,0.983189,0.983189,0.000259,0.0,0.001864,0.014689,0.043455,0.950926,0.0,0.0757,0.165167,0.243177,0.0,0.054811,0.13864,True,True,False,0.0,False,False,38.449
1154,57.7,0,alert,alert,0.984475,0.984475,0.000256,0.0,0.002,0.013269,0.046749,0.949811,0.0,0.075627,0.165141,0.242995,0.0,0.054811,0.138512,True,True,False,0.0,False,False,38.085
1155,57.75,0,alert,alert,0.984236,0.984236,0.000264,0.0,0.002332,0.013168,0.048737,0.949343,0.0,0.075477,0.165038,0.242816,0.0,0.054809,0.138384,True,True,False,0.0,False,False,46.654
1156,57.8,0,alert,alert,0.983707,0.983707,0.000267,0.0,0.002656,0.01337,0.047951,0.949991,0.0,0.075303,0.164837,0.242636,0.0,0.054715,0.138256,True,True,False,0.0,False,False,38.416
1157,57.85,0,alert,alert,0.98294,0.98294,0.000266,0.0,0.002806,0.013988,0.054494,0.948325,0.0,0.075151,0.16429,0.242463,0.0,0.0548,0.138129,True,True,False,0.0,False,False,38.977
1158,57.9,0,alert,alert,0.983314,0.983314,0.000264,0.0,0.003018,0.013404,0.06799,0.945105,0.0,0.075172,0.163605,0.242303,0.0,0.054786,0.138003,True,True,False,0.0,False,False,39.42
1159,57.95,0,alert,alert,0.982514,0.982514,0.000273,0.0,0.003413,0.013801,0.062642,0.946564,0.0,0.07523,0.162936,0.242139,0.0,0.054779,0.137876,True,True,False,0.0,False,False,39.682
1160,58.0,0,alert,alert,0.980909,0.980909,0.000278,0.0,0.003636,0.015178,0.053302,0.948664,0.0,0.075244,0.162337,0.241965,0.0,0.054775,0.13775,True,True,False,0.0,False,False,47.147
1161,58.05,0,alert,alert,0.980644,0.980644,0.000275,0.0,0.003648,0.015433,0.052097,0.948879,0.0,0.075245,0.162148,0.241791,0.0,0.054681,0.137623,True,True,False,0.0,False,False,39.001
1162,58.1,0,alert,alert,0.982797,0.982797,0.000264,0.0,0.003298,0.013641,0.048765,0.949817,0.0,0.075252,0.161743,0.241614,0.0,0.054771,0.137497,True,True,False,0.0,False,False,39.015
1163,58.15,0,alert,alert,0.983636,0.983636,0.00027,0.0,0.003125,0.012969,0.04972,0.949378,0.0,0.075261,0.161696,0.241438,0.0,0.054771,0.137371,True,True,False,0.0,False,False,38.969
1164,58.2,0,alert,alert,0.983561,0.983561,0.00028,0.0,0.00285,0.01331,0.046045,0.950251,0.0,0.075274,0.161677,0.241259,0.0,0.054771,0.137245,True,True,False,0.0,False,False,37.607
1165,58.25,0,alert,alert,0.983784,0.983784,0.000291,0.0,0.002546,0.013379,0.045792,0.95035,0.0,0.075283,0.161667,0.24108,0.0,0.054771,0.137119,True,True,False,0.0,False,False,46.338
1166,58.3,0,alert,alert,0.982555,0.982555,0.000325,0.0,0.00249,0.01463,0.052928,0.948775,0.0,0.075334,0.161481,0.240908,0.0,0.054677,0.136994,True,True,False,0.0,False,False,37.852
1167,58.35,0,alert,alert,0.97915,0.97915,0.000371,0.0,0.002627,0.017852,0.049019,0.949713,0.0,0.075372,0.161563,0.240733,0.0,0.05477,0.136869,True,True,False,0.0,False,False,37.699
1168,58.4,0,alert,alert,0.978178,0.978178,0.00036,0.0,0.002781,0.01868,0.045057,0.950318,0.0,0.075393,0.161399,0.240555,0.0,0.054769,0.136744,True,True,False,0.0,False,False,37.823
1169,58.45,0,alert,alert,0.978548,0.978548,0.000351,0.0,0.002696,0.018405,0.044357,0.950595,0.0,0.075411,0.161276,0.240376,0.0,0.054768,0.13662,True,True,False,0.0,False,False,37.859
1170,58.5,0,alert,alert,0.980892,0.980892,0.000327,0.0,0.002897,0.015884,0.044127,0.951197,0.0,0.075433,0.161163,0.240197,0.0,0.054766,0.136495,True,True,False,0.0,False,False,48.029
1171,58.55,0,alert,alert,0.97978,0.97978,0.000351,0.0,0.003415,0.016454,0.042338,0.951571,0.0,0.075451,0.160958,0.240016,0.0,0.054672,0.13637,True,True,False,0.0,False,False,37.928
1172,58.6,0,alert,alert,0.980822,0.980822,0.000342,0.0,0.003827,0.015009,0.042022,0.951237,0.0,0.075465,0.160094,0.239836,0.0,0.054753,0.136246,True,True,False,0.0,False,False,37.728
1173,58.65,0,alert,alert,0.979312,0.979312,0.000363,0.0,0.004087,0.016238,0.041105,0.951356,0.0,0.075471,0.159335,0.239655,0.0,0.05474,0.136122,True,True,False,0.0,False,False,38.228
1174,58.7,0,alert,alert,0.980673,0.980673,0.00035,0.0,0.004249,0.014728,0.04158,0.951219,0.0,0.075464,0.158548,0.239475,0.0,0.05473,0.135999,True,True,False,0.0,False,False,37.725
1175,58.75,0,alert,alert,0.98094,0.98094,0.00035,0.0,0.004526,0.014184,0.0413,0.951367,0.0,0.073706,0.157679,0.239295,0.0,0.05472,0.135875,True,True,False,0.0,False,False,46.046
1176,58.8,0,alert,alert,0.980434,0.980434,0.000359,0.0,0.004795,0.014412,0.045214,0.950552,0.0,0.071679,0.157486,0.239119,0.0,0.054626,0.135752,True,True,False,0.0,False,False,39.277
1177,58.85,0,alert,alert,0.981043,0.981043,0.000358,0.0,0.005015,0.013584,0.050361,0.949039,0.0,0.069791,0.155583,0.238949,0.0,0.052504,0.135629,True,True,False,0.0,False,False,38.23
1178,58.9,0,alert,alert,0.980529,0.980529,0.000364,0.0,0.005646,0.013462,0.059238,0.946146,0.0,0.068587,0.154481,0.238787,0.0,0.051327,0.135507,True,True,False,0.0,False,False,37.893
1179,58.95,0,alert,alert,0.97924,0.97924,0.000374,0.0,0.006401,0.013985,0.065064,0.945176,0.0,0.068246,0.153377,0.238631,0.0,0.05014,0.135385,True,True,False,0.0,False,False,37.809
1180,59.0,0,alert,alert,0.97788,0.97788,0.000377,0.0,0.006971,0.014772,0.06165,0.94623,0.0,0.068221,0.15227,0.238472,0.0,0.048957,0.135264,True,True,False,0.0,False,False,48.05
1181,59.05,0,alert,alert,0.976335,0.976335,0.000373,0.0,0.007102,0.016191,0.06169,0.946316,0.0,0.068282,0.152115,0.238313,0.0,0.048874,0.135142,True,True,False,0.0,False,False,38.981
1182,59.1,0,alert,alert,0.977464,0.977464,0.000353,0.0,0.005284,0.016898,0.050591,0.94879,0.0,0.068318,0.150043,0.238144,0.0,0.046597,0.13502,True,True,False,0.0,False,False,39.167
1183,59.15,0,alert,alert,0.977258,0.977258,0.000353,0.0,0.004107,0.018281,0.05059,0.949426,0.0,0.06837,0.149139,0.237975,0.0,0.045625,0.134899,True,True,False,0.0,False,False,37.855
1184,59.2,0,alert,alert,0.97621,0.97621,0.000354,0.0,0.00334,0.020096,0.043871,0.950696,0.0,0.068396,0.148414,0.2378,0.0,0.044834,0.134778,True,True,False,0.0,False,False,37.732
1185,59.25,0,alert,alert,0.973279,0.973279,0.000352,0.0,0.003089,0.02328,0.04197,0.950757,0.0,0.068407,0.147875,0.237624,0.0,0.044228,0.134656,True,True,False,0.0,False,False,46.428
1186,59.3,0,alert,alert,0.970859,0.970859,0.00033,0.0,0.002993,0.025818,0.040435,0.951044,0.0,0.068413,0.147691,0.237447,0.0,0.044152,0.134535,True,True,False,0.0,False,False,37.698
1187,59.35,0,alert,alert,0.967395,0.967395,0.000328,0.0,0.00263,0.029647,0.043066,0.950224,0.0,0.068433,0.147515,0.237273,0.0,0.044227,0.134415,True,True,False,0.0,False,False,37.685
1188,59.4,0,alert,alert,0.967736,0.967736,0.000309,0.0,0.002213,0.029742,0.040595,0.951192,0.0,0.068432,0.147483,0.237096,0.0,0.044228,0.134294,True,True,False,0.0,False,False,37.975
1189,59.45,0,alert,alert,0.963603,0.963603,0.000315,0.0,0.001975,0.034107,0.039644,0.951543,0.0,0.068424,0.147464,0.236919,0.0,0.044228,0.134173,True,True,False,0.0,False,False,37.783
1190,59.5,0,alert,alert,0.955371,0.955371,0.000335,0.0,0.001686,0.042608,0.042118,0.95112,0.0,0.06841,0.147457,0.236744,0.0,0.044228,0.134053,True,True,False,0.0,False,False,46.313
1191,59.55,0,alert,alert,0.942819,0.942819,0.000366,0.0,0.001495,0.055319,0.045223,0.950117,0.0,0.068367,0.147282,0.236573,0.0,0.044152,0.133933,True,True,False,0.0,False,False,38.195
1192,59.6,0,alert,alert,0.929313,0.929313,0.000393,0.0,0.001355,0.068939,0.04727,0.949798,0.0,0.068353,0.147434,0.236404,0.0,0.044228,0.133814,True,True,False,0.0,False,False,37.719
1193,59.65,0,alert,alert,0.867186,0.867186,0.000509,0.0,0.001452,0.130852,0.122311,0.934919,0.0,0.068592,0.147559,0.236304,0.0,0.044229,0.133696,True,True,False,0.0,False,False,38.053
1194,59.7,0,alert,alert,0.761439,0.761439,0.000706,0.0,0.001354,0.236501,0.420451,0.886952,0.0,0.070272,0.14763,0.236457,0.0,0.044229,0.133585,True,True,False,0.0,False,False,37.929
1195,59.75,0,alert,alert,0.785436,0.785436,0.000826,0.0,0.001302,0.212436,0.499589,0.849758,0.0,0.072248,0.147627,0.236667,0.0,0.044229,0.133479,True,True,False,0.0,False,False,46.515
1196,59.8,0,alert,alert,0.844843,0.844843,0.000693,0.0,0.001218,0.153246,0.43485,0.901509,0.0,0.074011,0.148094,0.236834,0.0,0.044157,0.133366,True,True,False,0.0,False,False,37.668
1197,59.85,0,alert,alert,0.81329,0.81329,0.000696,0.0,0.001211,0.184802,0.310563,0.924451,0.0,0.075226,0.14732,0.236898,0.0,0.044224,0.133251,True,True,False,0.0,False,False,37.69
1198,59.9,0,alert,alert,0.733456,0.733456,0.000729,0.0,0.00119,0.264625,0.138148,0.942982,0.0,0.075616,0.146981,0.236811,0.0,0.044223,0.133133,True,True,False,0.0,False,False,37.732
1199,59.95,0,alert,alert,0.816448,0.816448,0.000529,0.0,0.001009,0.182014,0.053707,0.952103,0.0,0.075576,0.146731,0.236648,0.0,0.044222,0.133015,True,True,True,0.0,False,False,37.663
1200,60.0,0,alert,alert,0.868245,0.868245,0.000411,0.0,0.000891,0.130452,0.042574,0.953949,0.0,0.075471,0.146625,0.236459,0.0,0.044221,0.132989,True,True,True,0.0,False,False,46.571
1201,60.05,0,alert,alert,0.897918,0.897918,0.000331,0.0,0.000837,0.100914,0.039009,0.95468,0.0,0.07534,0.14644,0.236283,0.0,0.044145,0.13287,True,True,True,0.0,False,False,37.794
1202,60.1,0,alert,alert,0.919228,0.919228,0.000273,0.0,0.000826,0.079673,0.037917,0.954339,0.0,0.075189,0.146549,0.236348,0.0,0.044221,0.132976,True,True,True,0.0,False,False,37.699
1203,60.15,0,alert,alert,0.916929,0.916929,0.000261,0.0,0.000892,0.081917,0.036758,0.95373,0.0,0.075055,0.146522,0.236171,0.0,0.04422,0.132858,True,True,True,0.0,False,False,37.807
1204,60.2,0,alert,alert,0.923041,0.923041,0.000234,0.0,0.000917,0.075807,0.040515,0.952048,0.0,0.074944,0.146489,0.2363,0.0,0.04422,0.132973,True,True,True,0.0,False,False,37.908
1205,60.25,0,alert,alert,0.913996,0.913996,0.000235,0.0,0.00091,0.084859,0.041496,0.951153,0.0,0.07486,0.146456,0.236269,0.0,0.04422,0.132972,True,True,True,0.007202,False,False,46.447
1206,60.3,0,alert,alert,0.887663,0.887663,0.000253,0.0,0.000915,0.111169,0.044439,0.950348,0.0,0.074805,0.146282,0.236099,0.0,0.044144,0.132854,True,True,True,0.117065,False,False,37.588
1207,60.35,0,alert,alert,0.897765,0.897765,0.000237,0.0,0.000835,0.101163,0.044165,0.950403,0.0,0.074753,0.146407,0.236243,0.0,0.044219,0.132971,True,True,True,0.117065,False,False,37.868
1208,60.4,0,alert,alert,0.845309,0.845309,0.000276,0.0,0.000889,0.153526,0.048858,0.948962,0.0,0.074718,0.14638,0.236077,0.0,0.044219,0.132854,True,True,True,0.0,False,False,38.129
1209,60.45,0,alert,alert,0.891906,0.891906,0.00024,0.0,0.000806,0.107048,0.048254,0.949027,0.0,0.074684,0.146362,0.236214,0.0,0.044219,0.13297,True,True,True,0.0,False,False,37.945
1210,60.5,0,alert,alert,0.879193,0.879193,0.000249,0.0,0.000821,0.119737,0.047067,0.948271,0.0,0.072897,0.146342,0.236173,0.0,0.044219,0.132969,True,True,True,0.0,False,False,47.08
1211,60.55,0,alert,alert,0.860009,0.860009,0.000266,0.0,0.000799,0.138927,0.049823,0.946365,0.0,0.070904,0.146177,0.236009,0.0,0.044143,0.132851,True,True,True,0.0,False,False,38.187
1212,60.6,0,alert,alert,0.754795,0.754795,0.000358,0.0,0.000804,0.244043,0.071993,0.938559,0.0,0.069153,0.146224,0.235825,0.0,0.044218,0.132957,True,True,True,0.0,False,False,38.525
1213,60.65,0,alert,alert,0.706186,0.706186,0.000416,0.0,0.000749,0.292649,0.052359,0.94549,0.0,0.067981,0.146152,0.235663,0.0,0.044218,0.13284,True,True,True,0.0,False,False,38.494
1214,60.7,0,alert,alert,0.643112,0.643112,0.000481,0.0,0.000722,0.355685,0.048082,0.945794,0.0,0.067617,0.146091,0.235141,0.0,0.044218,0.13294,True,True,True,0.168365,False,False,37.996
1215,60.75,0,alert,alert,0.711925,0.711925,0.00045,0.0,0.000714,0.286911,0.043523,0.94898,0.0,0.067568,0.146009,0.234907,0.0,0.044218,0.132937,True,True,True,0.170653,False,False,47.642
1216,60.8,0,alert,alert,0.641771,0.641771,0.000492,0.0,0.000722,0.357015,0.043114,0.949865,0.0,0.067573,0.145833,0.234737,0.0,0.044142,0.132819,True,True,True,0.0,False,False,37.915
1217,60.85,0,alert,alert,0.646288,0.646288,0.000494,0.0,0.00072,0.352498,0.041766,0.950502,0.0,0.067587,0.14575,0.234737,0.0,0.044216,0.132934,True,True,True,0.0,False,False,38.519
1218,60.9,0,alert,alert,0.60125,0.60125,0.000495,0.0,0.000702,0.397552,0.04205,0.950811,0.0,0.06759,0.145633,0.234566,0.0,0.044216,0.132816,True,True,True,0.0,False,False,37.98
1219,60.95,4,distraction,distracted,0.51524,0.483514,0.00056,0.0,0.000685,0.51524,0.064579,0.942596,0.0,0.067717,0.145596,0.234715,0.0,0.044216,0.132934,True,True,True,0.0,False,False,38.515
1220,61.0,4,distraction,distracted,0.604374,0.394219,0.000728,0.0,0.00068,0.604374,0.439397,0.855619,0.0,0.0695,0.146155,0.235024,0.0,0.044223,0.132944,True,True,True,0.0,False,False,46.956
1221,61.05,4,distraction,distracted,0.634095,0.364243,0.000958,0.0,0.000704,0.634095,0.505391,0.835001,0.0,0.071443,0.146695,0.235235,0.0,0.044156,0.132841,True,True,True,0.0,False,False,38.744
1222,61.1,4,distraction,distracted,0.56016,0.437954,0.001112,0.0,0.000774,0.56016,0.46583,0.886591,0.0,0.073388,0.147496,0.235711,0.0,0.044237,0.132965,True,True,True,0.0,False,False,38.209
1223,61.15,0,alert,alert,0.672459,0.672459,0.000904,0.0,0.000845,0.325792,0.326199,0.92095,0.0,0.074724,0.147936,0.235788,0.0,0.044239,0.132851,True,True,True,0.0,False,False,38.41
1224,61.2,0,alert,alert,0.758651,0.758651,0.000689,0.0,0.000856,0.239804,0.139724,0.943614,0.0,0.075168,0.148079,0.236006,0.0,0.044239,0.132968,True,True,True,0.0,False,False,37.69
1225,61.25,0,alert,alert,0.674865,0.674865,0.000654,0.0,0.000868,0.323613,0.056592,0.952445,0.0,0.075206,0.147518,0.235996,0.0,0.044233,0.132967,True,True,True,0.0,False,False,46.641
1226,61.3,0,alert,alert,0.734424,0.734424,0.000521,0.0,0.000834,0.264221,0.047378,0.954569,0.0,0.0751,0.147346,0.235828,0.0,0.044157,0.132849,True,True,True,0.0,False,False,37.193
1227,61.35,0,alert,alert,0.859843,0.859843,0.000373,0.0,0.000782,0.139002,0.041936,0.953396,0.0,0.075032,0.146052,0.235955,0.0,0.044215,0.132965,True,True,True,0.0,False,False,37.495
1228,61.4,0,alert,alert,0.844451,0.844451,0.000376,0.0,0.000809,0.154364,0.039815,0.952061,0.0,0.07496,0.145324,0.235781,0.0,0.044209,0.132847,True,True,True,0.0,False,False,37.771
1229,61.45,0,alert,alert,0.868415,0.868415,0.000342,0.0,0.000822,0.130422,0.042853,0.949896,0.0,0.074926,0.144707,0.235265,0.0,0.044206,0.132938,True,True,True,0.0,False,False,37.458
1230,61.5,0,alert,alert,0.848665,0.848665,0.000355,0.0,0.000844,0.150136,0.044947,0.949066,0.0,0.074897,0.144298,0.234847,0.0,0.044205,0.132921,True,True,True,0.0,False,False,46.619
1231,61.55,0,alert,alert,0.83395,0.83395,0.000356,0.0,0.000842,0.164852,0.054712,0.946252,0.0,0.074878,0.144145,0.234688,0.0,0.044129,0.132804,True,True,True,0.0,False,False,37.81
1232,61.6,0,alert,alert,0.868559,0.868559,0.000317,0.0,0.00082,0.130304,0.061805,0.945528,0.0,0.07489,0.143984,0.233898,0.0,0.044205,0.132353,True,True,True,0.0,False,False,37.717
1233,61.65,0,alert,alert,0.858233,0.858233,0.000327,0.0,0.000834,0.140606,0.055706,0.946029,0.0,0.074899,0.143543,0.233741,0.0,0.044202,0.132236,True,True,True,0.0,False,False,37.665
1234,61.7,0,alert,alert,0.863169,0.863169,0.000322,0.0,0.000806,0.135703,0.049671,0.946969,0.0,0.074903,0.142843,0.232775,0.0,0.044196,0.131162,True,True,True,0.0,False,False,37.832
1235,61.75,0,alert,alert,0.866133,0.866133,0.000323,0.0,0.000818,0.132727,0.054017,0.946187,0.0,0.074928,0.142096,0.232194,0.0,0.044187,0.130547,True,True,True,0.0,False,False,46.701
1236,61.8,0,alert,alert,0.89389,0.89389,0.000296,0.0,0.00081,0.105004,0.049072,0.947422,0.0,0.074928,0.141938,0.232032,0.0,0.044111,0.130432,True,True,True,0.0,False,False,37.708
1237,61.85,0,alert,alert,0.894277,0.894277,0.000318,0.0,0.000857,0.104547,0.049169,0.947348,0.0,0.074914,0.14033,0.231016,0.0,0.04316,0.129314,True,True,True,0.0,False,False,37.69
1238,61.9,0,alert,alert,0.895744,0.895744,0.000344,0.0,0.000905,0.103007,0.043404,0.949172,0.0,0.074883,0.139274,0.23085,0.0,0.042053,0.1292,True,True,True,0.0,False,False,38.116
1239,61.95,0,alert,alert,0.861532,0.861532,0.00043,0.0,0.000986,0.137052,0.045803,0.948684,0.0,0.074892,0.138205,0.229822,0.0,0.040929,0.128077,True,True,True,0.0,False,False,37.626
1240,62.0,0,alert,alert,0.811583,0.811583,0.0005,0.0,0.001082,0.186835,0.042138,0.950042,0.0,0.074886,0.137101,0.229236,0.0,0.039778,0.127469,True,True,True,0.0,False,False,46.35
1241,62.05,0,alert,alert,0.875204,0.875204,0.000411,0.0,0.001082,0.123303,0.040721,0.950596,0.0,0.074878,0.135992,0.229069,0.0,0.038627,0.127356,True,True,True,0.0,False,False,37.653
1242,62.1,0,alert,alert,0.842545,0.842545,0.000467,0.0,0.001267,0.155721,0.0389,0.951265,0.0,0.074868,0.134861,0.228049,0.0,0.037458,0.126244,True,True,True,0.0,False,False,37.617
1243,62.15,0,alert,alert,0.764394,0.764394,0.000544,0.0,0.001391,0.23367,0.038791,0.951051,0.0,0.07485,0.133743,0.227881,0.0,0.036304,0.126132,True,True,True,0.0,False,False,37.56
1244,62.2,0,alert,alert,0.71672,0.71672,0.000564,0.0,0.001453,0.281263,0.038148,0.951431,0.0,0.074807,0.132618,0.226856,0.0,0.035144,0.125021,True,True,True,0.0,False,False,37.922
1245,62.25,0,alert,alert,0.755414,0.755414,0.000515,0.0,0.001409,0.242661,0.038099,0.95187,0.0,0.074766,0.131493,0.226272,0.0,0.033987,0.124422,True,True,True,0.0,False,False,46.797
1246,62.3,0,alert,alert,0.829493,0.829493,0.000443,0.0,0.001342,0.168722,0.037602,0.952308,0.0,0.074729,0.130373,0.226105,0.0,0.032837,0.124312,True,True,True,0.0,False,False,37.946
1247,62.35,0,alert,alert,0.87188,0.87188,0.000411,0.0,0.001322,0.126387,0.038744,0.952306,0.0,0.074684,0.129252,0.225146,0.0,0.031687,0.123262,True,True,True,0.0,False,False,37.926
1248,62.4,0,alert,alert,0.861903,0.861903,0.000451,0.0,0.001465,0.136181,0.038156,0.952514,0.0,0.074623,0.128128,0.224981,0.0,0.030535,0.123153,True,True,True,0.0,False,False,38.18
1249,62.45,0,alert,alert,0.892787,0.892787,0.00042,0.0,0.001489,0.105303,0.039584,0.951978,0.0,0.074611,0.127016,0.22412,0.0,0.029396,0.12219,True,True,True,0.0,False,False,37.615
1250,62.5,0,alert,alert,0.937146,0.937146,0.000339,0.0,0.001513,0.061003,0.041188,0.951376,0.0,0.074611,0.125922,0.223671,0.0,0.028274,0.121711,True,True,True,0.0,False,False,46.52
1251,62.55,0,alert,alert,0.934884,0.934884,0.000353,0.0,0.001735,0.063028,0.039301,0.952101,0.0,0.074607,0.124835,0.223507,0.0,0.027163,0.121604,True,True,True,0.0,False,False,37.679
1252,62.6,0,alert,alert,0.94122,0.94122,0.000345,0.0,0.001749,0.056687,0.037832,0.952243,0.0,0.074595,0.123843,0.222809,0.0,0.02614,0.120793,True,True,True,0.0,False,False,38.036
1253,62.65,0,alert,alert,0.962141,0.962141,0.000294,0.0,0.001733,0.035832,0.038825,0.952256,0.0,0.074588,0.123047,0.222646,0.0,0.025299,0.120686,True,True,True,0.0,False,False,37.74
1254,62.7,0,alert,alert,0.972752,0.972752,0.000262,0.0,0.001755,0.025231,0.040853,0.951867,0.0,0.074592,0.122377,0.221755,0.0,0.024571,0.11969,True,True,True,0.0,False,False,37.73
1255,62.75,0,alert,alert,0.977272,0.977272,0.000248,0.0,0.001763,0.020717,0.042292,0.951125,0.0,0.074601,0.121875,0.221193,0.0,0.024002,0.119105,True,True,True,0.0,False,False,46.638
1256,62.8,0,alert,alert,0.980131,0.980131,0.000246,0.0,0.001795,0.017828,0.042423,0.950758,0.0,0.074601,0.121499,0.221035,0.0,0.024002,0.119,True,True,True,0.0,False,False,38.002
1257,62.85,0,alert,alert,0.982616,0.982616,0.000242,0.0,0.001771,0.015371,0.04121,0.950674,0.0,0.074595,0.121315,0.220035,0.0,0.024001,0.117907,True,True,True,0.0,False,False,38.166
1258,62.9,0,alert,alert,0.983648,0.983648,0.000245,0.0,0.001775,0.014333,0.040196,0.95066,0.0,0.074564,0.121248,0.219876,0.0,0.024001,0.117803,True,True,True,0.0,False,False,37.863
1259,62.95,0,alert,alert,0.983403,0.983403,0.000259,0.0,0.002039,0.014299,0.041466,0.950416,0.0,0.074493,0.121231,0.218869,0.0,0.024002,0.116711,True,True,True,0.0,False,False,37.771
1260,63.0,0,alert,alert,0.982591,0.982591,0.000277,0.0,0.002281,0.014851,0.042035,0.950278,0.0,0.07443,0.121223,0.218292,0.0,0.024002,0.116121,True,True,True,0.0,False,False,46.814
1261,63.05,0,alert,alert,0.978693,0.978693,0.00032,0.0,0.002765,0.018222,0.042045,0.950372,0.0,0.074309,0.121218,0.218136,0.0,0.024002,0.116018,True,True,True,0.0,False,False,37.732
1262,63.1,0,alert,alert,0.973875,0.973875,0.000361,0.0,0.003577,0.022188,0.043548,0.950026,0.0,0.074131,0.121212,0.217149,0.0,0.024002,0.114948,True,True,True,0.0,False,False,37.736
1263,63.15,0,alert,alert,0.978005,0.978005,0.000333,0.0,0.003726,0.017935,0.045962,0.949765,0.0,0.073992,0.121209,0.216998,0.0,0.024002,0.114847,True,True,True,0.0,False,False,37.732
1264,63.2,0,alert,alert,0.978005,0.978005,0.000346,0.0,0.004191,0.017458,0.043522,0.950651,0.0,0.073884,0.121202,0.216022,0.0,0.024002,0.113788,True,True,True,0.0,False,False,37.752
1265,63.25,0,alert,alert,0.978272,0.978272,0.000356,0.0,0.004539,0.016832,0.044383,0.950461,0.0,0.073796,0.121196,0.215466,0.0,0.024002,0.113216,True,True,True,0.0,False,False,46.516
1266,63.3,0,alert,alert,0.979413,0.979413,0.00036,0.0,0.00489,0.015336,0.045444,0.950351,0.0,0.0737,0.12119,0.215316,0.0,0.024002,0.113117,True,True,True,0.0,False,False,37.706
1267,63.35,0,alert,alert,0.979136,0.979136,0.000384,0.0,0.005015,0.015465,0.044547,0.950769,0.0,0.073584,0.121178,0.214356,0.0,0.024002,0.112073,True,True,True,0.0,False,False,37.724
1268,63.4,0,alert,alert,0.980711,0.980711,0.000383,0.0,0.005066,0.013841,0.045731,0.950309,0.0,0.07175,0.121171,0.214207,0.0,0.024002,0.111974,True,True,True,0.0,False,False,37.829
1269,63.45,0,alert,alert,0.979874,0.979874,0.000418,0.0,0.00592,0.013788,0.048293,0.949843,0.0,0.069716,0.121166,0.213242,0.0,0.024001,0.110924,True,True,True,0.0,False,False,38.212
1270,63.5,0,alert,alert,0.979257,0.979257,0.000444,0.0,0.007091,0.013208,0.052546,0.949004,0.0,0.067849,0.121164,0.212689,0.0,0.024001,0.11035,True,True,True,0.0,False,False,46.509
1271,63.55,0,alert,alert,0.979593,0.979593,0.000449,0.0,0.007655,0.012303,0.053295,0.948939,0.0,0.0665,0.121165,0.212549,0.0,0.024001,0.110253,True,True,True,0.0,False,False,37.584
1272,63.6,0,alert,alert,0.979533,0.979533,0.000459,0.0,0.008063,0.011945,0.052823,0.948715,0.0,0.065806,0.121168,0.211597,0.0,0.024001,0.109215,True,True,True,0.0,False,False,37.996
1273,63.65,0,alert,alert,0.979989,0.979989,0.000468,0.0,0.007484,0.012059,0.053,0.948955,0.0,0.065535,0.121174,0.211458,0.0,0.024001,0.109119,True,True,True,0.0,False,False,37.729
1274,63.7,0,alert,alert,0.980389,0.980389,0.000485,0.0,0.007636,0.01149,0.061179,0.947563,0.0,0.06547,0.121192,0.21076,0.0,0.024002,0.108306,True,True,True,0.0,False,False,37.765
1275,63.75,0,alert,alert,0.981586,0.981586,0.000487,0.0,0.007633,0.010294,0.069573,0.945857,0.0,0.065513,0.121219,0.210442,0.0,0.024002,0.107935,True,True,True,0.0,False,False,46.764
1276,63.8,0,alert,alert,0.981339,0.981339,0.000495,0.0,0.008712,0.009453,0.063001,0.947483,0.0,0.065534,0.121244,0.210313,0.0,0.024002,0.10784,True,True,True,0.113476,False,False,37.829
1277,63.85,0,alert,alert,0.979798,0.979798,0.000531,0.0,0.010427,0.009244,0.055615,0.948138,0.0,0.065509,0.121257,0.209972,0.0,0.024002,0.107607,True,True,True,0.0,False,False,38.327
1278,63.9,0,alert,alert,0.977996,0.977996,0.000582,0.0,0.012167,0.009255,0.055372,0.948223,0.0,0.065467,0.121271,0.209836,0.0,0.024002,0.107513,True,True,True,0.0,False,False,38.259
1279,63.95,0,alert,alert,0.972345,0.972345,0.00069,0.0,0.017102,0.009862,0.058056,0.945971,0.0,0.065404,0.12129,0.209808,0.0,0.024002,0.107605,True,True,True,0.018294,False,False,38.189
1280,64.0,0,alert,alert,0.958159,0.958159,0.000892,0.0,0.028719,0.012231,0.055467,0.946968,0.0,0.065346,0.121298,0.209778,0.0,0.024002,0.107604,True,True,True,0.0,False,False,46.864
1281,64.05,0,alert,alert,0.95072,0.95072,0.000955,0.0,0.034835,0.01349,0.051815,0.948222,0.0,0.065271,0.121301,0.209639,0.0,0.024002,0.107509,True,True,True,0.0,False,False,38.423
1282,64.1,0,alert,alert,0.955216,0.955216,0.00092,0.0,0.031147,0.012718,0.053772,0.948004,0.0,0.065214,0.121186,0.2096,0.0,0.023961,0.107508,True,True,True,0.0,False,False,38.051
1283,64.15,0,alert,alert,0.948765,0.948765,0.00108,0.0,0.034321,0.015834,0.048683,0.949454,0.0,0.065148,0.121309,0.209607,0.0,0.024002,0.1076,True,True,True,0.0,False,False,37.883
1284,64.2,0,alert,alert,0.948741,0.948741,0.001066,0.0,0.033873,0.01632,0.050904,0.948687,0.0,0.065029,0.12131,0.209555,0.0,0.024002,0.107598,True,True,True,0.0,False,False,37.674
1285,64.25,0,alert,alert,0.945327,0.945327,0.001068,0.0,0.036436,0.017169,0.053533,0.947693,0.0,0.064897,0.121314,0.209515,0.0,0.024002,0.107597,True,True,True,0.0,False,False,46.226
1286,64.3,0,alert,alert,0.944103,0.944103,0.000964,0.0,0.038859,0.016074,0.051248,0.948324,0.0,0.064814,0.121316,0.209376,0.0,0.024002,0.107503,True,True,True,0.0,False,False,38.138
1287,64.35,0,alert,alert,0.939426,0.939426,0.000967,0.0,0.042339,0.017268,0.05568,0.948231,0.0,0.064768,0.121204,0.209323,0.0,0.023961,0.107501,True,True,True,0.0,False,False,38.15
1288,64.4,0,alert,alert,0.933702,0.933702,0.001021,0.0,0.046492,0.018785,0.056309,0.948326,0.0,0.064729,0.121334,0.209383,0.0,0.024002,0.107593,True,True,True,0.0,False,False,37.839
1289,64.45,0,alert,alert,0.931076,0.931076,0.001066,0.0,0.048016,0.019841,0.057426,0.948194,0.0,0.064704,0.121348,0.209343,0.0,0.024002,0.107592,True,True,True,0.0,False,False,37.969
1290,64.5,0,alert,alert,0.927697,0.927697,0.001153,0.0,0.050632,0.020517,0.064013,0.946868,0.0,0.064745,0.121374,0.209052,0.0,0.024002,0.107583,True,True,True,0.0,False,False,47.322
1291,64.55,0,alert,alert,0.923809,0.923809,0.001161,0.0,0.054767,0.020263,0.049584,0.950015,0.0,0.064751,0.121,0.208912,0.0,0.024001,0.107488,True,True,True,0.0,False,False,37.965
1292,64.6,0,alert,alert,0.920322,0.920322,0.001213,0.0,0.058334,0.02013,0.073286,0.945304,0.0,0.064793,0.120919,0.208558,0.0,0.02396,0.107475,True,True,True,0.0,False,False,38.312
1293,64.65,0,alert,alert,0.919473,0.919473,0.001254,0.0,0.064225,0.015048,0.089538,0.944921,0.0,0.065124,0.1198,0.208007,0.0,0.023995,0.107557,True,True,True,0.0,False,False,38.255
1294,64.7,0,alert,alert,0.91169,0.91169,0.001556,0.0,0.073363,0.013391,0.156701,0.934492,0.0,0.06568,0.119386,0.207844,0.0,0.023994,0.107555,True,True,True,0.0,False,False,37.971
1295,64.75,0,alert,alert,0.893663,0.893663,0.001799,0.0,0.092433,0.012105,0.090273,0.945535,0.0,0.065904,0.119023,0.207731,0.0,0.023993,0.107553,True,True,True,0.0,False,False,46.75
1296,64.8,0,alert,alert,0.805682,0.805682,0.002431,0.0,0.179244,0.012643,0.120301,0.938684,0.0,0.066262,0.118914,0.207655,0.0,0.023993,0.10746,True,True,True,0.0,False,False,37.96
1297,64.85,0,alert,alert,0.676271,0.676271,0.002628,0.0,0.308944,0.012157,0.088511,0.945554,0.0,0.066373,0.118862,0.20762,0.0,0.023952,0.10746,True,True,True,0.0,False,False,37.925
1298,64.9,0,alert,alert,0.560525,0.560525,0.002595,0.0,0.42569,0.011189,0.068943,0.948002,0.0,0.066561,0.118895,0.207713,0.0,0.023993,0.107553,True,True,True,0.0,False,False,37.658
1299,64.95,0,alert,alert,0.638684,0.638684,0.002635,0.0,0.347305,0.011376,0.143345,0.936476,0.0,0.067012,0.11904,0.20777,0.0,0.023993,0.107554,True,True,True,0.0,False,False,37.473
1300,65.0,0,alert,alert,0.721331,0.721331,0.002789,0.0,0.263513,0.012367,0.242461,0.92462,0.0,0.067987,0.119346,0.207914,0.0,0.023994,0.107556,True,True,True,0.0,False,False,46.263
1301,65.05,0,alert,alert,0.751258,0.751258,0.003264,0.0,0.232707,0.012771,0.426849,0.88421,0.0,0.069804,0.119924,0.208093,0.0,0.023997,0.107468,True,True,True,0.0,False,False,37.757
1302,65.1,0,alert,alert,0.657281,0.657281,0.00371,0.0,0.327125,0.011884,0.432045,0.896204,0.0,0.071511,0.120424,0.208403,0.0,0.023959,0.107473,True,True,True,0.0,False,False,37.609
1303,65.15,0,alert,alert,0.630124,0.630124,0.003725,0.0,0.353431,0.01272,0.323446,0.929399,0.0,0.073051,0.120968,0.208742,0.0,0.024,0.107569,True,True,True,0.0,False,False,37.636
1304,65.2,0,alert,alert,0.641849,0.641849,0.003696,0.0,0.338255,0.016199,0.21434,0.939184,0.0,0.073874,0.121204,0.208874,0.0,0.024,0.10757,True,True,True,0.0,False,False,37.997
1305,65.25,0,alert,alert,0.658434,0.658434,0.003189,0.0,0.318589,0.019787,0.105247,0.946783,0.0,0.073971,0.121262,0.208907,0.0,0.024,0.107569,True,True,True,0.0,False,False,46.989
1306,65.3,0,alert,alert,0.746408,0.746408,0.00221,0.0,0.23338,0.018002,0.061343,0.951007,0.0,0.073749,0.121235,0.208777,0.0,0.024,0.107475,True,True,True,0.0,False,False,37.966
1307,65.35,0,alert,alert,0.802957,0.802957,0.001639,0.0,0.181231,0.014174,0.058971,0.95009,0.0,0.073675,0.121129,0.208762,0.0,0.023959,0.107474,True,True,True,0.0,False,False,37.783
1308,65.4,0,alert,alert,0.789391,0.789391,0.001429,0.0,0.195991,0.013189,0.051852,0.951007,0.0,0.072788,0.121151,0.20881,0.0,0.023999,0.107567,True,True,True,0.0,False,False,37.69
1309,65.45,0,alert,alert,0.781939,0.781939,0.001321,0.0,0.202974,0.013766,0.056189,0.948271,0.0,0.072497,0.121136,0.20867,0.0,0.023999,0.107564,True,True,True,0.0,False,False,37.622
1310,65.5,0,alert,alert,0.766529,0.766529,0.001373,0.0,0.217611,0.014487,0.066303,0.944801,0.0,0.072366,0.121145,0.208374,0.0,0.023999,0.107559,True,True,True,0.0,False,False,46.484
1311,65.55,0,alert,alert,0.768164,0.768164,0.001374,0.0,0.215794,0.014669,0.06721,0.944141,0.0,0.072294,0.121166,0.208251,0.0,0.024,0.107465,True,True,True,0.0,False,False,37.895
1312,65.6,0,alert,alert,0.77139,0.77139,0.001348,0.0,0.21289,0.014372,0.060534,0.946908,0.0,0.072236,0.121064,0.207887,0.0,0.023959,0.107456,True,True,True,0.0,False,False,37.448
1313,65.65,0,alert,alert,0.7662,0.7662,0.001282,0.0,0.21847,0.014049,0.058784,0.946356,0.0,0.072184,0.121183,0.207271,0.0,0.024,0.107536,True,True,True,0.0,False,False,37.958
1314,65.7,0,alert,alert,0.810761,0.810761,0.001195,0.0,0.174289,0.013755,0.058608,0.945483,0.0,0.072134,0.121186,0.2069,0.0,0.024,0.10753,True,True,True,0.0,False,False,38.008
1315,65.75,0,alert,alert,0.826333,0.826333,0.001135,0.0,0.159161,0.01337,0.095156,0.93905,0.0,0.072318,0.121258,0.206583,0.0,0.024,0.107527,True,True,True,0.0,False,False,46.351
1316,65.8,0,alert,alert,0.862401,0.862401,0.001058,0.0,0.123973,0.012569,0.136751,0.932153,0.0,0.072732,0.1214,0.206523,0.0,0.024001,0.107434,True,True,True,0.487615,False,False,37.752
1317,65.85,0,alert,alert,0.871953,0.871953,0.001019,0.0,0.115451,0.011577,0.124206,0.936814,0.0,0.072986,0.121405,0.206285,0.0,0.023961,0.107432,True,True,True,0.487615,False,False,37.887
1318,65.9,0,alert,alert,0.822778,0.822778,0.001313,0.0,0.163383,0.012526,0.436712,0.874205,0.0,0.074842,0.122101,0.206369,0.0,0.024005,0.107532,True,True,True,0.403649,False,False,37.889
1319,65.95,0,alert,alert,0.804431,0.804431,0.001958,0.0,0.180031,0.01358,0.521296,0.797824,0.0,0.076871,0.122733,0.206645,0.0,0.024011,0.107546,True,True,True,0.389911,False,False,37.699
1320,66.0,0,alert,alert,0.751002,0.751002,0.002759,0.0,0.23206,0.014179,0.487341,0.866257,0.0,0.078923,0.123337,0.206938,0.0,0.024014,0.107554,True,True,True,0.361053,False,False,47.449
1321,66.05,0,alert,alert,0.598506,0.598506,0.00324,0.0,0.385304,0.01295,0.43257,0.899282,0.0,0.080782,0.123879,0.207126,0.0,0.024016,0.107464,True,True,True,0.119354,False,False,37.784
1322,66.1,3,yawning,yawning,0.567991,0.419309,0.002801,0.0,0.567991,0.009899,0.324414,0.921103,0.0,0.081965,0.12421,0.207301,0.0,0.023976,0.107466,True,True,True,0.0,False,False,38.681
1323,66.15,3,yawning,yawning,0.655939,0.333835,0.002244,0.0,0.655939,0.007982,0.174111,0.9375,0.0,0.08284,0.124357,0.207438,0.0,0.024017,0.10756,True,True,True,0.0,False,False,38.673
1324,66.2,3,yawning,yawning,0.694137,0.297166,0.001864,0.0,0.694137,0.006833,0.080715,0.947542,0.0,0.083037,0.124374,0.207426,0.0,0.024017,0.107559,True,True,True,0.0,False,False,37.661
1325,66.25,3,yawning,yawning,0.697715,0.293991,0.001721,0.0,0.697715,0.006573,0.058151,0.951432,0.0,0.083128,0.124152,0.207395,0.0,0.024016,0.107558,True,True,True,0.0,False,False,46.594
1326,66.3,3,yawning,yawning,0.660102,0.3311,0.001677,0.0,0.660102,0.007121,0.05144,0.952313,0.0,0.083181,0.123634,0.207258,0.0,0.024014,0.107463,True,True,True,0.0,False,False,38.213
1327,66.35,3,yawning,yawning,0.63396,0.357302,0.001639,0.0,0.63396,0.007098,0.066824,0.948138,0.0,0.083099,0.123538,0.20724,0.0,0.023973,0.107463,True,True,True,0.0,False,False,38.078
1328,66.4,3,yawning,yawning,0.556705,0.43436,0.001727,0.0,0.556705,0.007207,0.095274,0.943259,0.0,0.083562,0.122313,0.207349,0.0,0.024007,0.107556,True,True,True,0.0,False,False,38.204
1329,66.45,0,alert,alert,0.502741,0.502741,0.001832,0.0,0.48828,0.007147,0.136324,0.937053,0.0,0.084009,0.121773,0.207382,0.0,0.024005,0.107556,True,True,True,0.0,False,False,37.756
1330,66.5,0,alert,alert,0.552031,0.552031,0.001911,0.0,0.439067,0.006991,0.13354,0.938789,0.0,0.084439,0.121303,0.207421,0.0,0.024004,0.107556,True,True,True,0.0,False,False,46.341
1331,66.55,3,yawning,yawning,0.54043,0.451526,0.001779,0.0,0.54043,0.006265,0.115596,0.939601,0.0,0.084774,0.12098,0.207341,0.0,0.024004,0.107463,True,True,True,0.0,False,False,37.682
1332,66.6,3,yawning,yawning,0.527271,0.463669,0.002201,0.0,0.527271,0.006859,0.431789,0.880451,0.0,0.086386,0.12147,0.207633,0.0,0.023966,0.107469,True,True,True,0.0,False,False,37.892
1333,66.65,0,alert,alert,0.497866,0.497866,0.003224,0.0,0.491311,0.007599,0.503058,0.844287,0.0,0.088686,0.1219,0.208066,0.0,0.024011,0.107572,True,True,True,0.0,False,False,37.893
1334,66.7,0,alert,alert,0.543475,0.543475,0.005791,0.0,0.441963,0.008771,0.531507,0.838281,0.0,0.090901,0.12257,0.208409,0.0,0.024016,0.107582,True,True,True,0.0,False,False,37.637
1335,66.75,0,alert,alert,0.502207,0.502207,0.012611,0.0,0.475437,0.009745,0.537222,0.857398,0.0,0.093186,0.123277,0.208776,0.0,0.02402,0.10759,True,True,True,0.0,False,False,46.706
1336,66.8,3,yawning,yawning,0.493975,0.452966,0.041692,0.0,0.493975,0.011367,0.62104,0.842908,0.0,0.095806,0.124075,0.209097,0.0,0.024024,0.107506,True,True,True,0.0,False,False,37.818
1337,66.85,3,yawning,yawning,0.503166,0.317806,0.166297,0.0,0.503166,0.012731,0.711084,0.832461,0.0,0.098516,0.124951,0.209552,0.0,0.023989,0.107516,True,True,True,0.0,False,False,37.842
1338,66.9,1,drowsy,drowsy,0.429046,0.160538,0.429046,0.0,0.400084,0.010331,0.773492,0.816892,0.0,0.102038,0.125443,0.210131,0.0,0.024031,0.107621,True,True,True,0.0,False,False,37.696
1339,66.95,1,drowsy,drowsy,0.681841,0.063346,0.681841,0.0,0.248275,0.006538,0.806437,0.798092,0.0,0.105339,0.125818,0.210672,0.0,0.024033,0.107635,True,True,True,0.0,False,False,37.642
1340,67.0,1,drowsy,drowsy,0.854139,0.024319,0.854139,0.0,0.117627,0.003916,0.821122,0.78834,0.0,0.108661,0.126127,0.210925,0.0,0.024036,0.107641,True,True,True,0.0,False,False,46.531
1341,67.05,1,drowsy,drowsy,0.929483,0.01119,0.929483,0.0,0.056669,0.002659,0.823743,0.779033,0.0,0.111975,0.126353,0.211367,0.0,0.023095,0.107564,True,True,True,0.0,False,False,37.62
1342,67.1,1,drowsy,drowsy,0.964562,0.005706,0.964562,0.0,0.027769,0.001962,0.833464,0.778487,0.05,0.11496,0.127339,0.211584,0.0,0.023063,0.107569,True,True,True,0.0,False,False,38.044
1343,67.15,1,drowsy,drowsy,0.976509,0.003849,0.976509,0.0,0.017937,0.001705,0.811118,0.794797,0.1,0.118626,0.12674,0.211585,0.0,0.021135,0.107666,True,True,True,0.0,False,False,39.154
1344,67.2,1,drowsy,drowsy,0.969061,0.004458,0.969061,0.0,0.024524,0.001957,0.59793,0.866292,0.15,0.12122,0.12669,0.211771,0.0,0.020156,0.107671,True,True,True,0.0,False,False,38.924
1345,67.25,1,drowsy,drowsy,1.0,0.0,1.0,0.0,0.0,0.0,0.453665,0.90543,0.0,0.123225,0.12651,0.211973,0.031569,0.029842,0.113147,True,True,True,0.0,False,True,47.615
1346,67.3,1,drowsy,drowsy,1.0,0.0,1.0,0.0,0.0,0.0,0.327627,0.926459,0.0,0.124654,0.126222,0.212073,0.033197,0.029564,0.113331,True,True,True,0.0,False,True,38.026
1347,67.35,1,drowsy,drowsy,1.0,0.0,1.0,0.0,0.0,0.0,0.16912,0.943944,0.0,0.124878,0.126295,0.212126,0.03303,0.029514,0.113331,True,True,True,0.0,False,True,37.926
1348,67.4,1,drowsy,drowsy,1.0,0.0,1.0,0.0,0.0,0.0,0.083447,0.951993,0.0,0.125538,0.125113,0.212246,0.033198,0.028046,0.113431,True,True,True,0.0,False,True,38.498
1349,67.45,1,drowsy,drowsy,1.0,0.0,1.0,0.0,0.0,0.0,0.057679,0.953876,0.0,0.125638,0.124554,0.212228,0.033198,0.027394,0.11343,True,True,True,0.0,False,True,38.254
1350,67.5,1,drowsy,drowsy,1.0,0.0,1.0,0.0,0.0,0.0,0.048033,0.953947,0.0,0.125684,0.124013,0.2122,0.033198,0.026776,0.11343,True,True,True,0.0,False,True,46.827
1351,67.55,1,drowsy,drowsy,1.0,0.0,1.0,0.0,0.0,0.0,0.045965,0.952396,0.0,0.125717,0.123337,0.212053,0.033197,0.02603,0.113329,True,True,True,0.0,False,True,37.997
1352,67.6,1,drowsy,drowsy,1.0,0.0,1.0,0.0,0.0,0.0,0.049736,0.950333,0.0,0.125333,0.123212,0.212035,0.033029,0.025986,0.113329,True,True,True,0.0,False,True,38.556
1353,67.65,1,drowsy,drowsy,1.0,0.0,1.0,0.0,0.0,0.0,0.049447,0.949518,0.0,0.125792,0.121774,0.212145,0.033198,0.024331,0.113429,True,True,True,0.0,False,True,38.303
1354,67.7,1,drowsy,drowsy,1.0,0.0,1.0,0.0,0.0,0.0,0.048618,0.949502,0.0,0.125801,0.120889,0.212136,0.033198,0.023383,0.113429,True,True,True,0.0,False,True,38.357
1355,67.75,1,drowsy,drowsy,1.0,0.0,1.0,0.0,0.0,0.0,0.384821,0.889269,0.0,0.127425,0.120477,0.212415,0.033209,0.022368,0.113435,True,True,True,0.0,False,True,46.882
1356,67.8,1,drowsy,drowsy,1.0,0.0,1.0,0.0,0.0,0.0,0.508591,0.83009,0.0,0.129524,0.120147,0.212643,0.03323,0.02128,0.113348,True,True,True,0.0,False,True,38.678
1357,67.85,1,drowsy,drowsy,1.0,0.0,1.0,0.0,0.0,0.0,0.509443,0.859988,0.0,0.131265,0.120746,0.213014,0.033078,0.021248,0.113357,True,True,True,0.0,False,True,37.813
1358,67.9,1,drowsy,drowsy,1.0,0.0,1.0,0.0,0.0,0.0,0.429929,0.904508,0.0,0.133424,0.119434,0.21346,0.033253,0.019104,0.113461,True,True,True,0.0,False,True,37.882
1359,67.95,1,drowsy,drowsy,1.0,0.0,1.0,0.0,0.0,0.0,0.31402,0.924268,0.0,0.134677,0.118814,0.213399,0.033257,0.017983,0.113456,True,True,True,0.0,False,True,37.622
1360,68.0,1,drowsy,drowsy,1.0,0.0,1.0,0.0,0.0,0.0,0.170883,0.941231,0.0,0.135273,0.117933,0.213133,0.033258,0.016839,0.113443,True,True,True,0.0,False,True,46.43
1361,68.05,1,drowsy,drowsy,1.0,0.0,1.0,0.0,0.0,0.0,0.093384,0.948742,0.0,0.135483,0.116933,0.213027,0.033258,0.015705,0.113343,True,True,True,0.0,False,True,37.861
1362,68.1,1,drowsy,drowsy,1.0,0.0,1.0,0.0,0.0,0.0,0.071647,0.950312,0.0,0.13516,0.116856,0.212637,0.03309,0.015678,0.113328,True,True,True,0.0,False,True,37.683
1363,68.15,1,drowsy,drowsy,1.0,0.0,1.0,0.0,0.0,0.0,0.055746,0.951632,0.0,0.135629,0.114815,0.211817,0.033258,0.013423,0.112399,True,True,True,0.0,False,True,37.925
1364,68.2,1,drowsy,drowsy,1.0,0.0,1.0,0.0,0.0,0.0,0.053982,0.950209,0.0,0.13567,0.113971,0.211271,0.033258,0.012504,0.111821,True,True,True,0.0,False,True,38.439
1365,68.25,1,drowsy,drowsy,1.0,0.0,1.0,0.0,0.0,0.0,0.059347,0.947575,0.0,0.13574,0.113276,0.210721,0.033258,0.011719,0.111235,True,True,True,0.0,False,True,46.888
1366,68.3,1,drowsy,drowsy,1.0,0.0,1.0,0.0,0.0,0.0,0.060553,0.946665,0.0,0.13578,0.112765,0.210589,0.033259,0.01111,0.111138,True,True,True,0.0,False,True,37.892
1367,68.35,1,drowsy,drowsy,1.0,0.0,1.0,0.0,0.0,0.0,0.057242,0.947182,0.0,0.135383,0.112671,0.210031,0.033091,0.011092,0.110547,True,True,True,0.0,False,True,37.815
1368,68.4,1,drowsy,drowsy,1.0,0.0,1.0,0.0,0.0,0.0,0.059187,0.946824,0.0,0.135896,0.112457,0.209035,0.03326,0.01111,0.109451,True,True,True,0.0,False,True,38.098
1369,68.45,1,drowsy,drowsy,1.0,0.0,1.0,0.0,0.0,0.0,0.062168,0.946134,0.0,0.135988,0.112461,0.208471,0.03326,0.011111,0.108852,True,True,True,0.0,False,True,39.173
1370,68.5,1,drowsy,drowsy,1.0,0.0,1.0,0.0,0.0,0.0,0.058055,0.947043,0.0,0.136061,0.112473,0.207903,0.033261,0.011111,0.108254,True,True,True,0.0,False,True,47.077
1371,68.55,1,drowsy,drowsy,1.0,0.0,1.0,0.0,0.0,0.0,0.066366,0.945441,0.0,0.136186,0.112499,0.207779,0.033262,0.011111,0.10816,True,True,True,0.0,False,True,39.407
1372,68.6,1,drowsy,drowsy,1.0,0.0,1.0,0.0,0.0,0.0,0.097296,0.940478,0.0,0.135991,0.112473,0.207247,0.033095,0.011092,0.107564,True,True,True,0.0,False,True,39.719
1373,68.65,1,drowsy,drowsy,1.0,0.0,1.0,0.0,0.0,0.0,0.128907,0.936787,0.0,0.136919,0.112707,0.206315,0.033267,0.011111,0.106478,True,True,True,0.0,False,True,37.865
1374,68.7,1,drowsy,drowsy,1.0,0.0,1.0,0.0,0.0,0.0,0.115303,0.940019,0.0,0.137296,0.112796,0.205807,0.033269,0.011111,0.105893,True,True,True,0.0,False,True,38.227
1375,68.75,1,drowsy,drowsy,1.0,0.0,1.0,0.0,0.0,0.0,0.110357,0.942756,0.0,0.137649,0.112869,0.205297,0.03327,0.011112,0.105312,True,True,True,0.0,False,True,47.219
1376,68.8,1,drowsy,drowsy,1.0,0.0,1.0,0.0,0.0,0.0,0.103797,0.943695,0.0,0.137949,0.112926,0.205209,0.033271,0.011112,0.10522,True,True,True,0.0,False,True,38.062
1377,68.85,1,drowsy,drowsy,1.0,0.0,1.0,0.0,0.0,0.0,0.136896,0.938102,0.0,0.137944,0.112966,0.204727,0.033105,0.011093,0.104644,True,True,True,0.0,False,True,38.287
1378,68.9,1,drowsy,drowsy,1.0,0.0,1.0,0.0,0.0,0.0,0.131499,0.939034,0.0,0.138756,0.113122,0.203826,0.033275,0.011112,0.103593,True,True,True,0.0,False,True,37.772
1379,68.95,1,drowsy,drowsy,1.0,0.0,1.0,0.0,0.0,0.0,0.125802,0.939193,0.0,0.139065,0.113215,0.203342,0.033276,0.011112,0.103026,True,True,True,0.0,False,True,37.592
1380,69.0,1,drowsy,drowsy,1.0,0.0,1.0,0.0,0.0,0.0,0.09451,0.943648,0.0,0.139232,0.113223,0.202831,0.033276,0.011112,0.102459,True,True,True,0.0,False,True,47.058
1381,69.05,1,drowsy,drowsy,1.0,0.0,1.0,0.0,0.0,0.0,0.069954,0.946609,0.0,0.139274,0.11316,0.202715,0.033276,0.011112,0.10237,True,True,True,0.0,False,True,37.854
1382,69.1,1,drowsy,drowsy,1.0,0.0,1.0,0.0,0.0,0.0,0.057446,0.948293,0.0,0.13886,0.113065,0.202174,0.033108,0.011093,0.101806,True,True,True,0.0,False,True,37.848
1383,69.15,1,drowsy,drowsy,1.0,0.0,1.0,0.0,0.0,0.0,0.056709,0.947926,0.0,0.139341,0.112962,0.201214,0.033277,0.011111,0.100761,True,True,True,0.0,False,True,37.881
1384,69.2,1,drowsy,drowsy,1.0,0.0,1.0,0.0,0.0,0.0,0.061915,0.946817,0.0,0.139434,0.112853,0.200676,0.033277,0.011111,0.100196,True,True,True,0.0,False,True,37.921
1385,69.25,1,drowsy,drowsy,1.0,0.0,1.0,0.0,0.0,0.0,0.05634,0.94784,0.0,0.139509,0.112813,0.200135,0.033278,0.011111,0.099633,True,True,True,0.0,False,True,46.55
1386,69.3,1,drowsy,drowsy,1.0,0.0,1.0,0.0,0.0,0.0,0.391121,0.88372,0.0,0.141207,0.113338,0.200291,0.03329,0.011112,0.099552,True,True,True,0.0,False,True,38.067
1387,69.35,1,drowsy,drowsy,1.0,0.0,1.0,0.0,0.0,0.0,0.500153,0.842447,0.0,0.142822,0.11392,0.20011,0.03314,0.011096,0.099001,True,True,True,0.0,False,True,37.996
1388,69.4,1,drowsy,drowsy,1.0,0.0,1.0,0.0,0.0,0.0,0.51476,0.854143,0.0,0.145559,0.114728,0.199532,0.033326,0.011116,0.097976,True,True,True,0.0,False,True,37.893
1389,69.45,1,drowsy,drowsy,1.0,0.0,1.0,0.0,0.0,0.0,0.465425,0.893578,0.0,0.147636,0.115392,0.199337,0.033337,0.011117,0.097421,True,True,True,0.0,False,True,39.199
1390,69.5,1,drowsy,drowsy,1.0,0.0,1.0,0.0,0.0,0.0,0.370471,0.916947,0.0,0.149273,0.115917,0.199067,0.033343,0.011118,0.096863,True,True,True,0.0,False,True,47.565
1391,69.55,1,drowsy,drowsy,1.0,0.0,1.0,0.0,0.0,0.0,0.250826,0.934194,0.0,0.150314,0.116249,0.199112,0.033346,0.011118,0.09678,True,True,True,0.0,False,True,39.106
1392,69.6,1,drowsy,drowsy,1.0,0.0,1.0,0.0,0.0,0.0,0.166887,0.944697,0.0,0.150398,0.116335,0.19867,0.033177,0.0111,0.09622,True,True,True,0.0,False,True,37.857
1393,69.65,1,drowsy,drowsy,1.0,0.0,1.0,0.0,0.0,0.0,0.107069,0.948794,0.0,0.150844,0.116541,0.197764,0.033344,0.011118,0.095189,True,True,True,0.0,False,True,38.135
1394,69.7,1,drowsy,drowsy,1.0,0.0,1.0,0.0,0.0,0.0,0.317551,0.912259,0.0,0.150377,0.116983,0.197452,0.03334,0.011119,0.094635,True,True,True,0.0,False,True,38.256
1395,69.75,1,drowsy,drowsy,1.0,0.0,1.0,0.0,0.0,0.0,0.496119,0.854856,0.0,0.15037,0.117672,0.197274,0.033339,0.011121,0.094086,True,True,True,0.0,False,True,46.766
1396,69.8,1,drowsy,drowsy,1.0,0.0,1.0,0.0,0.0,0.0,0.545388,0.822572,0.0,0.150738,0.118398,0.197537,0.033353,0.011123,0.094015,True,True,True,0.0,False,True,38.257
1397,69.85,1,drowsy,drowsy,1.0,0.0,1.0,0.0,0.0,0.0,0.594639,0.826309,0.0,0.152701,0.119102,0.197428,0.033205,0.011107,0.093471,True,True,True,0.0,False,True,37.957
1398,69.9,1,drowsy,drowsy,1.0,0.0,1.0,0.0,0.0,0.0,0.684445,0.828791,0.0,0.154361,0.12015,0.196975,0.033391,0.011128,0.092452,True,True,True,0.0,False,True,41.531
1399,69.95,1,drowsy,drowsy,1.0,0.0,1.0,0.0,0.0,0.0,0.737265,0.819651,0.0,0.157449,0.121147,0.196968,0.033415,0.011131,0.091906,True,True,True,0.0,False,True,37.74
1400,70.0,1,drowsy,drowsy,1.0,0.0,1.0,0.0,0.0,0.0,0.75823,0.813997,0.0,0.160675,0.122165,0.196976,0.03344,0.011133,0.091362,True,True,True,0.0,False,True,46.61
1401,70.05,1,drowsy,drowsy,1.0,0.0,1.0,0.0,0.0,0.0,0.786108,0.803963,0.0,0.164013,0.123212,0.197411,0.033467,0.011136,0.091295,True,True,True,0.0,False,True,37.867
1402,70.1,1,drowsy,drowsy,1.0,0.0,1.0,0.0,0.0,0.0,0.794169,0.796717,0.0,0.166709,0.12417,0.197437,0.033324,0.01112,0.090754,True,True,True,0.0,False,True,38.04
1403,70.15,1,drowsy,drowsy,1.0,0.0,1.0,0.0,0.0,0.0,0.819185,0.784161,0.0,0.170807,0.125255,0.197062,0.033526,0.011142,0.089738,True,True,True,0.0,False,True,37.997
1404,70.2,1,drowsy,drowsy,1.0,0.0,1.0,0.0,0.0,0.0,0.812775,0.780944,0.0,0.174189,0.126284,0.19709,0.033557,0.011145,0.089196,True,True,True,0.0,False,True,38.056
1405,70.25,1,drowsy,drowsy,1.0,0.0,1.0,0.0,0.0,0.0,0.820383,0.777276,0.0,0.17759,0.127326,0.197124,0.033589,0.011149,0.088657,True,True,True,0.0,False,True,46.738
1406,70.3,1,drowsy,drowsy,1.0,0.0,1.0,0.0,0.0,0.0,0.833625,0.763064,0.05,0.180988,0.128373,0.19757,0.033623,0.011152,0.088594,True,True,True,0.0,False,True,37.978
1407,70.35,1,drowsy,drowsy,1.0,0.0,1.0,0.0,0.0,0.0,0.843821,0.751455,0.1,0.183676,0.129338,0.197606,0.06715,0.022333,0.093786,True,True,True,0.0,False,True,38.952
1408,70.4,1,drowsy,drowsy,1.0,0.0,1.0,0.0,0.0,0.0,0.851732,0.743836,0.15,0.187789,0.130499,0.197231,0.071011,0.023519,0.093359,True,True,True,0.0,False,True,37.896
1409,70.45,1,drowsy,drowsy,1.0,0.0,1.0,0.0,0.0,0.0,0.859085,0.739312,0.2,0.191207,0.131573,0.197269,0.074545,0.02467,0.093405,True,True,True,0.0,False,True,38.046
1410,70.5,1,drowsy,drowsy,1.0,0.0,1.0,0.0,0.0,0.0,0.868245,0.723413,0.25,0.194616,0.132635,0.197306,0.078055,0.025811,0.093449,True,True,True,0.0,False,True,47.055
1411,70.55,1,drowsy,drowsy,1.0,0.0,1.0,0.0,0.0,0.0,0.87173,0.709899,0.3,0.197983,0.133678,0.197745,0.081528,0.026936,0.093956,True,True,True,0.0,False,True,37.849
1412,70.6,1,drowsy,drowsy,1.0,0.0,1.0,0.0,0.0,0.0,0.8516,0.719027,0.35,0.200534,0.134606,0.197767,0.084534,0.028002,0.093985,True,True,True,0.0,False,True,37.654
1413,70.65,1,drowsy,drowsy,1.0,0.0,1.0,0.0,0.0,0.0,0.713651,0.776002,0.4,0.204133,0.135558,0.19731,0.08807,0.029056,0.093478,True,True,True,0.0,False,True,37.853
1414,70.7,1,drowsy,drowsy,1.0,0.0,1.0,0.0,0.0,0.0,0.528861,0.852653,0.0,0.206452,0.13622,0.197158,0.090579,0.029873,0.093345,True,True,True,0.0,False,True,38.182
1415,70.75,1,drowsy,drowsy,1.0,0.0,1.0,0.0,0.0,0.0,0.432481,0.895954,0.0,0.208404,0.136767,0.196945,0.092723,0.030574,0.093155,True,True,True,0.0,False,True,46.687
1416,70.8,1,drowsy,drowsy,1.0,0.0,1.0,0.0,0.0,0.0,0.315277,0.923774,0.0,0.209802,0.136841,0.197046,0.094328,0.031099,0.093344,True,True,True,0.0,False,True,38.101
1417,70.85,1,drowsy,drowsy,1.0,0.0,1.0,0.0,0.0,0.0,0.236416,0.936393,0.0,0.209937,0.137009,0.196675,0.093848,0.031046,0.092797,True,True,True,0.0,False,True,37.911
1418,70.9,1,drowsy,drowsy,1.0,0.0,1.0,0.0,0.0,0.0,0.108805,0.94899,0.0,0.211159,0.135859,0.195793,0.094336,0.031088,0.091785,True,True,True,0.0,False,True,37.944
1419,70.95,1,drowsy,drowsy,1.0,0.0,1.0,0.0,0.0,0.0,0.064233,0.953521,0.0,0.211149,0.135177,0.195277,0.094331,0.031084,0.091242,True,True,True,0.0,False,True,38.118
1420,71.0,1,drowsy,drowsy,1.0,0.0,1.0,0.0,0.0,0.0,0.048829,0.953907,0.0,0.209236,0.134542,0.194746,0.09428,0.031081,0.090698,True,True,True,0.0,False,True,46.54
1421,71.05,1,drowsy,drowsy,1.0,0.0,1.0,0.0,0.0,0.0,0.046878,0.952353,0.0,0.207041,0.134047,0.194617,0.09422,0.03108,0.090618,True,True,True,0.0,False,True,37.915
1422,71.1,1,drowsy,drowsy,1.0,0.0,1.0,0.0,0.0,0.0,0.045858,0.9516,0.0,0.206208,0.133896,0.194079,0.093733,0.031027,0.090069,True,True,True,0.0,False,True,38.011
1423,71.15,1,drowsy,drowsy,1.0,0.0,1.0,0.0,0.0,0.0,0.04755,0.950803,0.0,0.203526,0.133621,0.193129,0.094171,0.031079,0.089042,True,True,True,0.0,False,True,37.84
1424,71.2,1,drowsy,drowsy,1.0,0.0,1.0,0.0,0.0,0.0,0.047415,0.950315,0.0,0.203044,0.133558,0.19259,0.094167,0.031079,0.088491,True,True,True,0.0,False,True,37.583
1425,71.25,1,drowsy,drowsy,1.0,0.0,1.0,0.0,0.0,0.0,0.048009,0.949371,0.0,0.203002,0.133492,0.192049,0.094169,0.031079,0.087935,True,True,True,0.0,False,True,46.65
1426,71.3,1,drowsy,drowsy,1.0,0.0,1.0,0.0,0.0,0.0,0.04776,0.949633,0.0,0.203009,0.133328,0.191924,0.094171,0.031078,0.087859,True,True,True,0.0,False,True,37.864
1427,71.35,1,drowsy,drowsy,1.0,0.0,1.0,0.0,0.0,0.0,0.049265,0.949219,0.0,0.202216,0.133184,0.191383,0.093686,0.031025,0.087303,True,True,True,0.0,False,True,38.009
1428,71.4,1,drowsy,drowsy,1.0,0.0,1.0,0.0,0.0,0.0,0.049935,0.949504,0.0,0.203105,0.132231,0.190426,0.094175,0.031072,0.086267,True,True,True,0.0,False,True,38.314
1429,71.45,1,drowsy,drowsy,1.0,0.0,1.0,0.0,0.0,0.0,0.049815,0.949775,0.0,0.203141,0.132077,0.189885,0.094175,0.031071,0.08571,True,True,True,0.0,False,True,37.531
1430,71.5,1,drowsy,drowsy,1.0,0.0,1.0,0.0,0.0,0.0,0.048992,0.949449,0.0,0.203162,0.132054,0.189344,0.094175,0.031071,0.085154,True,True,True,0.0,False,True,46.437
1431,71.55,1,drowsy,drowsy,1.0,0.0,1.0,0.0,0.0,0.0,0.051594,0.948362,0.0,0.203144,0.132049,0.189224,0.094174,0.031071,0.08508,True,True,True,0.0,False,True,37.999
1432,71.6,1,drowsy,drowsy,1.0,0.0,1.0,0.0,0.0,0.0,0.049261,0.949095,0.0,0.202351,0.131907,0.188687,0.093688,0.031018,0.084528,True,True,True,0.0,False,True,37.761
1433,71.65,1,drowsy,drowsy,1.0,0.0,1.0,0.0,0.0,0.0,0.04871,0.949279,0.0,0.203037,0.131075,0.18773,0.09417,0.031065,0.083494,True,True,True,0.0,False,True,38.067
1434,71.7,1,drowsy,drowsy,1.0,0.0,1.0,0.0,0.0,0.0,0.049966,0.948742,0.0,0.203037,0.130763,0.187192,0.094169,0.031064,0.082941,True,True,True,0.063836,False,True,38.177
1435,71.75,1,drowsy,drowsy,1.0,0.0,1.0,0.0,0.0,0.0,0.050691,0.948753,0.0,0.203018,0.130675,0.186656,0.094168,0.031064,0.082389,True,True,True,0.0,False,True,46.33
1436,71.8,1,drowsy,drowsy,1.0,0.0,1.0,0.0,0.0,0.0,0.048781,0.949281,0.0,0.203015,0.130668,0.186536,0.094167,0.031064,0.082317,True,True,True,0.0,False,True,37.765
1437,71.85,1,drowsy,drowsy,1.0,0.0,1.0,0.0,0.0,0.0,0.047207,0.949622,0.0,0.202212,0.130525,0.185998,0.093682,0.031011,0.081766,True,True,True,0.0,False,True,37.913
1438,71.9,1,drowsy,drowsy,1.0,0.0,1.0,0.0,0.0,0.0,0.049866,0.948861,0.0,0.203037,0.130694,0.18504,0.094166,0.031065,0.08073,True,True,True,0.0,False,True,38.079
1439,71.95,1,drowsy,drowsy,1.0,0.0,1.0,0.0,0.0,0.0,0.048834,0.949231,0.0,0.203052,0.130702,0.184504,0.094166,0.031065,0.08018,True,True,True,0.0,False,True,38.327
1440,72.0,1,drowsy,drowsy,1.0,0.0,1.0,0.0,0.0,0.0,0.049654,0.948659,0.0,0.203092,0.130664,0.183971,0.094166,0.031064,0.079633,True,True,True,0.0,False,True,46.933
1441,72.05,1,drowsy,drowsy,1.0,0.0,1.0,0.0,0.0,0.0,0.051791,0.948063,0.0,0.203152,0.130596,0.183857,0.094168,0.031064,0.079564,True,True,True,0.0,False,True,37.995
1442,72.1,1,drowsy,drowsy,1.0,0.0,1.0,0.0,0.0,0.0,0.05232,0.948002,0.0,0.202375,0.130462,0.183327,0.093683,0.031011,0.079017,True,True,True,0.0,False,True,38.216
1443,72.15,1,drowsy,drowsy,1.0,0.0,1.0,0.0,0.0,0.0,0.050674,0.948437,0.0,0.203288,0.130409,0.182375,0.094171,0.031063,0.077988,True,True,True,0.0,False,True,38.745
1444,72.2,1,drowsy,drowsy,1.0,0.0,1.0,0.0,0.0,0.0,0.04999,0.948681,0.0,0.203352,0.130353,0.18184,0.094172,0.031063,0.077439,True,True,True,0.0,False,True,38.089
1445,72.25,1,drowsy,drowsy,1.0,0.0,1.0,0.0,0.0,0.0,0.053372,0.948148,0.0,0.203434,0.130309,0.18131,0.094174,0.031063,0.07689,True,True,True,0.0,False,True,46.881
1446,72.3,1,drowsy,drowsy,1.0,0.0,1.0,0.0,0.0,0.0,0.053725,0.948199,0.0,0.203521,0.130268,0.181199,0.094176,0.031063,0.076824,True,True,True,0.0,False,True,38.499
1447,72.35,1,drowsy,drowsy,1.0,0.0,1.0,0.0,0.0,0.0,0.051452,0.948,0.0,0.202738,0.130134,0.18067,0.093691,0.03101,0.076279,True,True,True,0.0,False,True,38.062
1448,72.4,1,drowsy,drowsy,1.0,0.0,1.0,0.0,0.0,0.0,0.052216,0.948107,0.0,0.203667,0.130225,0.179723,0.094181,0.031062,0.075254,True,True,True,0.0,False,True,38.069
1449,72.45,1,drowsy,drowsy,1.0,0.0,1.0,0.0,0.0,0.0,0.05015,0.948477,0.0,0.203725,0.130219,0.179193,0.094182,0.031062,0.074709,True,True,True,0.0,False,True,37.94
1450,72.5,1,drowsy,drowsy,1.0,0.0,1.0,0.0,0.0,0.0,0.049385,0.948698,0.0,0.20377,0.130213,0.178664,0.094184,0.031062,0.074166,True,True,True,0.0,False,True,46.339
1451,72.55,1,drowsy,drowsy,1.0,0.0,1.0,0.0,0.0,0.0,0.048556,0.948625,0.0,0.203821,0.130204,0.178552,0.094186,0.031062,0.074102,True,True,True,0.0,False,True,38.1
1452,72.6,1,drowsy,drowsy,1.0,0.0,1.0,0.0,0.0,0.0,0.253294,0.914793,0.0,0.204067,0.130406,0.178197,0.093718,0.031011,0.073562,True,True,True,0.0,False,True,37.921
1453,72.65,1,drowsy,drowsy,1.0,0.0,1.0,0.0,0.0,0.0,0.464938,0.862251,0.0,0.20702,0.131183,0.177585,0.094251,0.031069,0.072545,True,True,True,0.0,False,True,37.984
1454,72.7,1,drowsy,drowsy,1.0,0.0,1.0,0.0,0.0,0.0,0.476567,0.874531,0.0,0.209172,0.131858,0.177403,0.094291,0.031073,0.072006,True,True,True,0.0,False,True,38.09
1455,72.75,1,drowsy,drowsy,1.0,0.0,1.0,0.0,0.0,0.0,0.392096,0.911924,0.0,0.210951,0.132423,0.177163,0.094311,0.031075,0.071466,True,True,True,0.0,False,True,46.518
1456,72.8,1,drowsy,drowsy,1.0,0.0,1.0,0.0,0.0,0.0,0.281351,0.927207,0.0,0.212184,0.132774,0.17725,0.094323,0.031076,0.071406,True,True,True,0.0,False,True,38.192
1457,72.85,1,drowsy,drowsy,1.0,0.0,1.0,0.0,0.0,0.0,0.153225,0.941946,0.0,0.211882,0.132808,0.176811,0.09384,0.031023,0.070864,True,True,True,0.0,False,True,37.833
1458,72.9,1,drowsy,drowsy,1.0,0.0,1.0,0.0,0.0,0.0,0.08698,0.949246,0.0,0.213013,0.132415,0.175896,0.094329,0.031074,0.069841,True,True,True,0.0,False,True,37.853
1459,72.95,1,drowsy,drowsy,1.0,0.0,1.0,0.0,0.0,0.0,0.062011,0.949824,0.0,0.21312,0.131908,0.175378,0.094329,0.031072,0.069298,True,True,True,0.0,False,True,37.939
1460,73.0,1,drowsy,drowsy,1.0,0.0,1.0,0.0,0.0,0.0,0.0563,0.949653,0.0,0.213195,0.131326,0.174879,0.094329,0.03107,0.068772,True,True,True,0.0,False,True,46.761
1461,73.05,1,drowsy,drowsy,1.0,0.0,1.0,0.0,0.0,0.0,0.053025,0.949347,0.0,0.213253,0.130661,0.174774,0.09433,0.031066,0.068713,True,True,True,0.0,False,True,38.04
1462,73.1,1,drowsy,drowsy,1.0,0.0,1.0,0.0,0.0,0.0,0.059478,0.947042,0.0,0.212461,0.130539,0.174247,0.093844,0.031013,0.068158,True,True,True,0.0,False,True,37.703
1463,73.15,1,drowsy,drowsy,1.0,0.0,1.0,0.0,0.0,0.0,0.061028,0.946743,0.0,0.213419,0.129303,0.17343,0.094333,0.031059,0.067235,True,True,True,0.0,False,True,39.182
1464,73.2,1,drowsy,drowsy,1.0,0.0,1.0,0.0,0.0,0.0,0.05998,0.947162,0.0,0.213507,0.128628,0.173117,0.094335,0.031055,0.066878,True,True,True,0.0,False,True,38.131
1465,73.25,1,drowsy,drowsy,1.0,0.0,1.0,0.0,0.0,0.0,0.071857,0.945118,0.0,0.213654,0.128008,0.172945,0.094337,0.031053,0.066876,True,True,True,0.0,False,True,47.71
1466,73.3,1,drowsy,drowsy,1.0,0.0,1.0,0.0,0.0,0.0,0.068074,0.94646,0.0,0.213775,0.127394,0.172855,0.094339,0.03105,0.066819,True,True,True,0.0,False,True,39.415
1467,73.35,1,drowsy,drowsy,1.0,0.0,1.0,0.0,0.0,0.0,0.066098,0.946254,0.0,0.213015,0.12729,0.172798,0.093854,0.030998,0.066819,True,True,True,0.0,False,True,38.151
1468,73.4,1,drowsy,drowsy,1.0,0.0,1.0,0.0,0.0,0.0,0.076219,0.943882,0.0,0.214054,0.126581,0.172918,0.094345,0.031048,0.066877,True,True,True,0.0,False,True,38.047
1469,73.45,1,drowsy,drowsy,1.0,0.0,1.0,0.0,0.0,0.0,0.062112,0.946743,0.0,0.214128,0.126461,0.172937,0.094347,0.031049,0.066877,True,True,True,0.0,False,True,37.962
1470,73.5,1,drowsy,drowsy,1.0,0.0,1.0,0.0,0.0,0.0,0.058379,0.947507,0.0,0.21416,0.126327,0.172954,0.094347,0.031049,0.066878,True,True,True,0.0,False,True,46.901
1471,73.55,1,drowsy,drowsy,1.0,0.0,1.0,0.0,0.0,0.0,0.057166,0.94753,0.0,0.214181,0.126263,0.172855,0.094348,0.031049,0.06682,True,True,True,0.0,False,True,38.954
1472,73.6,1,drowsy,drowsy,1.0,0.0,1.0,0.0,0.0,0.0,0.054049,0.94825,0.0,0.213355,0.12614,0.172868,0.093862,0.030996,0.066821,True,True,True,0.0,False,True,38.659
1473,73.65,1,drowsy,drowsy,1.0,0.0,1.0,0.0,0.0,0.0,0.052051,0.948736,0.0,0.214183,0.126229,0.172993,0.094349,0.03105,0.066878,True,True,True,0.0,False,True,37.895
1474,73.7,1,drowsy,drowsy,1.0,0.0,1.0,0.0,0.0,0.0,0.056075,0.947764,0.0,0.214156,0.126206,0.173005,0.094348,0.03105,0.066879,True,True,True,0.0,False,True,37.59
1475,73.75,1,drowsy,drowsy,1.0,0.0,1.0,0.0,0.0,0.0,0.060857,0.947296,0.0,0.21411,0.126218,0.173015,0.094348,0.03105,0.066879,True,True,True,0.0,False,True,47.52
1476,73.8,1,drowsy,drowsy,1.0,0.0,1.0,0.0,0.0,0.0,0.05487,0.948965,0.0,0.214067,0.126195,0.172913,0.094347,0.03105,0.066821,True,True,True,0.0,False,True,38.043
1477,73.85,1,drowsy,drowsy,1.0,0.0,1.0,0.0,0.0,0.0,0.057853,0.948073,0.0,0.213261,0.126079,0.172915,0.09386,0.030997,0.066821,True,True,True,0.0,False,True,38.017
1478,73.9,1,drowsy,drowsy,1.0,0.0,1.0,0.0,0.0,0.0,0.064765,0.947395,0.0,0.214128,0.126183,0.172989,0.094347,0.03105,0.066878,True,True,True,0.0,False,True,37.971
1479,73.95,1,drowsy,drowsy,1.0,0.0,1.0,0.0,0.0,0.0,0.07129,0.946484,0.0,0.214196,0.126133,0.172984,0.094347,0.03105,0.066878,True,True,True,0.0,False,True,37.986
1480,74.0,1,drowsy,drowsy,1.0,0.0,1.0,0.0,0.0,0.0,0.097782,0.94296,0.0,0.214417,0.126141,0.173011,0.094349,0.03105,0.066878,True,True,True,0.0,False,True,46.844
1481,74.05,1,drowsy,drowsy,1.0,0.0,1.0,0.0,0.0,0.0,0.109397,0.939124,0.0,0.214721,0.126188,0.172957,0.094354,0.031051,0.066821,True,True,True,0.0,False,True,38.03
1482,74.1,1,drowsy,drowsy,1.0,0.0,1.0,0.0,0.0,0.0,0.102404,0.939852,0.0,0.214978,0.126148,0.172995,0.094358,0.030998,0.066822,True,True,True,0.0,False,True,37.827
1483,74.15,1,drowsy,drowsy,1.0,0.0,1.0,0.0,0.0,0.0,0.094159,0.942737,0.0,0.215219,0.126176,0.173123,0.094362,0.030998,0.066879,True,True,True,0.0,False,True,37.972
1484,74.2,1,drowsy,drowsy,1.0,0.0,1.0,0.0,0.0,0.0,0.090545,0.94261,0.0,0.215429,0.126115,0.173143,0.094365,0.030946,0.066879,True,True,True,0.0,False,True,37.754
1485,74.25,1,drowsy,drowsy,1.0,0.0,1.0,0.0,0.0,0.0,0.067703,0.946405,0.0,0.215503,0.126016,0.173121,0.094365,0.030894,0.066879,True,True,True,0.0,False,True,46.717
1486,74.3,1,drowsy,drowsy,1.0,0.0,1.0,0.0,0.0,0.0,0.237651,0.920725,0.0,0.216467,0.1262,0.173175,0.09438,0.030843,0.066823,True,True,True,0.0,False,True,37.887
1487,74.35,1,drowsy,drowsy,1.0,0.0,1.0,0.0,0.0,0.0,0.445099,0.885568,0.0,0.218409,0.126704,0.173187,0.094412,0.030794,0.066821,True,True,True,0.0,False,True,37.688
1488,74.4,1,drowsy,drowsy,1.0,0.0,1.0,0.0,0.0,0.0,0.515392,0.858296,0.0,0.220645,0.12722,0.17296,0.094458,0.030834,0.066872,True,True,True,0.0,False,True,38.436
1489,74.45,1,drowsy,drowsy,1.0,0.0,1.0,0.0,0.0,0.0,0.543171,0.848815,0.0,0.222993,0.127914,0.173074,0.09451,0.030832,0.066875,True,True,True,0.0,False,True,38.46
1490,74.5,1,drowsy,drowsy,1.0,0.0,1.0,0.0,0.0,0.0,0.487651,0.890617,0.0,0.225109,0.128608,0.173285,0.094539,0.030835,0.066878,True,True,True,0.0,False,True,46.946
1491,74.55,1,drowsy,drowsy,1.0,0.0,1.0,0.0,0.0,0.0,0.437531,0.909206,0.0,0.227081,0.129241,0.173503,0.09456,0.030837,0.066823,True,True,True,0.0,False,True,37.823
1492,74.6,1,drowsy,drowsy,1.0,0.0,1.0,0.0,0.0,0.0,0.337311,0.928701,0.0,0.228439,0.129585,0.173692,0.094569,0.030786,0.066824,True,True,True,0.0,False,True,38.012
1493,74.65,1,drowsy,drowsy,1.0,0.0,1.0,0.0,0.0,0.0,0.229313,0.940231,0.0,0.229162,0.130047,0.173912,0.094571,0.030839,0.066881,True,True,True,0.0,False,True,38.229
1494,74.7,1,drowsy,drowsy,1.0,0.0,1.0,0.0,0.0,0.0,0.132893,0.949628,0.0,0.229033,0.130205,0.173973,0.094563,0.030839,0.066881,True,True,True,0.0,False,True,37.948
1495,74.75,1,drowsy,drowsy,1.0,0.0,1.0,0.0,0.0,0.0,0.08922,0.952661,0.0,0.229022,0.130272,0.173989,0.09456,0.030839,0.06688,True,True,True,0.0,False,True,46.556
1496,74.8,1,drowsy,drowsy,1.0,0.0,1.0,0.0,0.0,0.0,0.070238,0.95321,0.0,0.228751,0.130286,0.173899,0.094552,0.030839,0.066823,True,True,True,0.0,False,True,37.855
1497,74.85,1,drowsy,drowsy,1.0,0.0,1.0,0.0,0.0,0.0,0.093195,0.948186,0.0,0.228774,0.130223,0.173918,0.094551,0.030787,0.066822,True,True,True,0.0,False,True,37.732
1498,74.9,1,drowsy,drowsy,1.0,0.0,1.0,0.0,0.0,0.0,0.344524,0.915746,0.0,0.230185,0.130813,0.174242,0.094567,0.03084,0.066881,True,True,True,0.0,False,True,38.107
1499,74.95,1,drowsy,drowsy,1.0,0.0,1.0,0.0,0.0,0.0,0.506366,0.844407,0.0,0.23191,0.130881,0.174588,0.094615,0.030841,0.066887,True,True,True,0.0,False,True,37.972
1500,75.0,1,drowsy,drowsy,1.0,0.0,1.0,0.0,0.0,0.0,0.541071,0.848305,0.0,0.233295,0.13095,0.17496,0.094655,0.030838,0.066893,True,True,True,0.0,False,True,46.8
1501,75.05,1,drowsy,drowsy,1.0,0.0,1.0,0.0,0.0,0.0,0.57338,0.853888,0.0,0.233949,0.131055,0.175269,0.094671,0.030837,0.066842,True,True,True,0.0,False,True,38.074
1502,75.1,1,drowsy,drowsy,1.0,0.0,1.0,0.0,0.0,0.0,0.585278,0.853925,0.0,0.234621,0.131747,0.175681,0.094693,0.03079,0.066847,True,True,True,0.0,False,True,37.858
1503,75.15,1,drowsy,drowsy,1.0,0.0,1.0,0.0,0.0,0.0,0.618151,0.85158,0.0,0.235961,0.131511,0.175927,0.094733,0.03084,0.066905,True,True,True,0.0,False,True,37.977
1504,75.2,1,drowsy,drowsy,1.0,0.0,1.0,0.0,0.0,0.0,0.639059,0.850385,0.0,0.237955,0.132061,0.176037,0.094779,0.030844,0.066903,True,True,True,0.0,False,True,38.017
1505,75.25,1,drowsy,drowsy,1.0,0.0,1.0,0.0,0.0,0.0,0.623339,0.863607,0.0,0.240475,0.132838,0.176112,0.094823,0.030848,0.066899,True,True,True,0.0,False,True,46.657
1506,75.3,1,drowsy,drowsy,1.0,0.0,1.0,0.0,0.0,0.0,0.539682,0.870409,0.0,0.242843,0.133591,0.176399,0.094865,0.030853,0.066847,True,True,True,0.0,False,True,38.274
1507,75.35,1,drowsy,drowsy,1.0,0.0,1.0,0.0,0.0,0.0,0.510665,0.867782,0.0,0.245082,0.134175,0.176359,0.094907,0.030805,0.066844,True,True,True,0.0,False,True,38.068
1508,75.4,1,drowsy,drowsy,1.0,0.0,1.0,0.0,0.0,0.0,0.476647,0.891659,0.0,0.247229,0.134892,0.175798,0.094938,0.03086,0.065823,True,True,True,0.0,False,True,37.945
1509,75.45,1,drowsy,drowsy,1.0,0.0,1.0,0.0,0.0,0.0,0.438344,0.908219,0.0,0.249181,0.135478,0.175578,0.094959,0.030862,0.065252,True,True,True,0.0,False,True,37.78
1510,75.5,1,drowsy,drowsy,1.0,0.0,1.0,0.0,0.0,0.0,0.422517,0.912967,0.0,0.251003,0.136073,0.17533,0.094976,0.030864,0.064666,True,True,True,0.0,False,True,46.994
1511,75.55,1,drowsy,drowsy,1.0,0.0,1.0,0.0,0.0,0.0,0.405849,0.917305,0.0,0.252741,0.136641,0.175521,0.09499,0.030865,0.064612,True,True,True,0.0,False,True,37.993
1512,75.6,1,drowsy,drowsy,1.0,0.0,1.0,0.0,0.0,0.0,0.493935,0.880061,0.0,0.254912,0.137202,0.175321,0.120009,0.038919,0.068136,True,True,True,0.0,False,True,39.2
1513,75.65,1,drowsy,drowsy,1.0,0.0,1.0,0.0,0.0,0.0,0.549033,0.854592,0.0,0.257319,0.138077,0.174697,0.122655,0.039831,0.067446,True,True,True,0.0,False,True,38.516
1514,75.7,1,drowsy,drowsy,1.0,0.0,1.0,0.0,0.0,0.0,0.597815,0.844349,0.0,0.25994,0.138899,0.174562,0.125506,0.040742,0.067319,True,True,True,0.0,False,True,38.375
1515,75.75,1,drowsy,drowsy,1.0,0.0,1.0,0.0,0.0,0.0,0.651122,0.839287,0.0,0.262604,0.139777,0.174477,0.12859,0.041728,0.067239,True,True,True,0.0,False,True,47.443
1516,75.8,1,drowsy,drowsy,1.0,0.0,1.0,0.0,0.0,0.0,0.71629,0.830152,0.0,0.26533,0.14077,0.174884,0.131944,0.042802,0.067727,True,True,True,0.0,False,True,38.134
1517,75.85,1,drowsy,drowsy,1.0,0.0,1.0,0.0,0.0,0.0,0.750373,0.823513,0.0,0.268266,0.141668,0.174863,0.135439,0.043843,0.06771,True,True,True,0.0,False,True,38.802
1518,75.9,1,drowsy,drowsy,1.0,0.0,1.0,0.0,0.0,0.0,0.744243,0.826325,0.0,0.269625,0.142852,0.17438,0.138872,0.045029,0.067159,True,True,True,0.0,False,True,38.412
1519,75.95,1,drowsy,drowsy,1.0,0.0,1.0,0.0,0.0,0.0,0.756116,0.822801,0.0,0.270727,0.143898,0.174367,0.142288,0.046154,0.067154,True,True,True,0.0,False,True,38.569
1520,76.0,1,drowsy,drowsy,1.0,0.0,1.0,0.0,0.0,0.0,0.736105,0.830543,0.0,0.271826,0.144903,0.174351,0.145694,0.047259,0.067145,True,True,True,0.0,False,True,46.746
1521,76.05,1,drowsy,drowsy,1.0,0.0,1.0,0.0,0.0,0.0,0.781297,0.811931,0.0,0.273313,0.145959,0.174797,0.14927,0.048408,0.067669,True,True,True,0.0,False,True,38.137
1522,76.1,1,drowsy,drowsy,1.0,0.0,1.0,0.0,0.0,0.0,0.789062,0.805894,0.0,0.275351,0.146887,0.174814,0.152882,0.049476,0.067689,True,True,True,0.0,False,True,37.832
1523,76.15,1,drowsy,drowsy,1.0,0.0,1.0,0.0,0.0,0.0,0.788267,0.806726,0.0,0.278167,0.148079,0.174461,0.156512,0.050713,0.067258,True,True,True,0.0,False,True,37.701
1524,76.2,1,drowsy,drowsy,1.0,0.0,1.0,0.0,0.0,0.0,0.70671,0.828712,0.0,0.28117,0.14905,0.174525,0.159858,0.051774,0.067318,True,True,True,0.0,False,True,37.782
1525,76.25,1,drowsy,drowsy,1.0,0.0,1.0,0.0,0.0,0.0,0.542194,0.876544,0.0,0.283613,0.149804,0.174505,0.162558,0.052634,0.067298,True,True,True,0.0,False,True,46.656
1526,76.3,1,drowsy,drowsy,1.0,0.0,1.0,0.0,0.0,0.0,0.44933,0.905562,0.0,0.28567,0.150446,0.17473,0.164855,0.053368,0.067611,True,True,True,0.0,False,True,37.935
1527,76.35,1,drowsy,drowsy,1.0,0.0,1.0,0.0,0.0,0.0,0.3089,0.933386,0.0,0.28694,0.150711,0.174545,0.166466,0.053795,0.06743,True,True,True,0.0,False,True,37.596
1528,76.4,1,drowsy,drowsy,1.0,0.0,1.0,0.0,0.0,0.0,0.151507,0.949123,0.0,0.287229,0.150954,0.173773,0.166461,0.053886,0.066455,True,True,True,0.0,False,True,37.615
1529,76.45,1,drowsy,drowsy,1.0,0.0,1.0,0.0,0.0,0.0,0.073252,0.955285,0.0,0.28688,0.150946,0.173253,0.166444,0.053885,0.065887,True,True,True,0.0,False,True,37.63
1530,76.5,1,drowsy,drowsy,1.0,0.0,1.0,0.0,0.0,0.0,0.053458,0.955771,0.0,0.286442,0.150308,0.172711,0.166428,0.053877,0.065316,True,True,True,0.0,False,True,46.489
1531,76.55,1,drowsy,drowsy,1.0,0.0,1.0,0.0,0.0,0.0,0.049405,0.953897,0.0,0.286078,0.149594,0.172605,0.166415,0.053863,0.06526,True,True,True,0.0,False,True,38.237
1532,76.6,1,drowsy,drowsy,1.0,0.0,1.0,0.0,0.0,0.0,0.051593,0.951704,0.0,0.284132,0.149427,0.172059,0.166349,0.053772,0.064688,True,True,True,0.0,False,True,38.174
1533,76.65,1,drowsy,drowsy,1.0,0.0,1.0,0.0,0.0,0.0,0.05132,0.950357,0.0,0.281884,0.1484,0.171067,0.166252,0.053853,0.063601,True,True,True,0.0,False,True,38.005
1534,76.7,1,drowsy,drowsy,1.0,0.0,1.0,0.0,0.0,0.0,0.055961,0.948845,0.0,0.279541,0.148158,0.170528,0.16615,0.053852,0.063037,True,True,True,0.0,False,True,37.689
1535,76.75,1,drowsy,drowsy,1.0,0.0,1.0,0.0,0.0,0.0,0.064024,0.946841,0.0,0.277191,0.148075,0.169998,0.166068,0.053852,0.062476,True,True,True,0.0,False,True,46.558
1536,76.8,1,drowsy,drowsy,1.0,0.0,1.0,0.0,0.0,0.0,0.068024,0.946513,0.0,0.274496,0.148091,0.16991,0.16308,0.053852,0.062422,True,True,True,0.0,False,True,37.867
1537,76.85,1,drowsy,drowsy,1.0,0.0,1.0,0.0,0.0,0.0,0.069271,0.945624,0.0,0.271417,0.147958,0.169387,0.159709,0.053761,0.061863,True,True,True,0.0,False,True,37.837
1538,76.9,1,drowsy,drowsy,1.0,0.0,1.0,0.0,0.0,0.0,0.078505,0.944498,0.0,0.268148,0.148158,0.168442,0.15611,0.053853,0.060806,True,True,True,0.0,False,True,38.583
1539,76.95,1,drowsy,drowsy,1.0,0.0,1.0,0.0,0.0,0.0,0.06962,0.945746,0.0,0.264744,0.148181,0.167929,0.152434,0.053854,0.060255,True,True,True,0.0,False,True,38.128
1540,77.0,1,drowsy,drowsy,1.0,0.0,1.0,0.0,0.0,0.0,0.072256,0.945575,0.0,0.261325,0.148222,0.167425,0.148736,0.053854,0.059712,True,True,True,0.0,False,True,46.68
1541,77.05,1,drowsy,drowsy,1.0,0.0,1.0,0.0,0.0,0.0,0.112443,0.938116,0.0,0.258144,0.148337,0.167378,0.145074,0.053855,0.059661,True,True,True,0.0,False,True,37.981
1542,77.1,1,drowsy,drowsy,1.0,0.0,1.0,0.0,0.0,0.0,0.11898,0.937214,0.0,0.254964,0.148288,0.166914,0.141379,0.053765,0.059119,True,True,True,0.0,False,True,37.581
1543,77.15,1,drowsy,drowsy,1.0,0.0,1.0,0.0,0.0,0.0,0.129463,0.936355,0.0,0.251889,0.148581,0.166036,0.137726,0.053857,0.058083,True,True,True,0.0,False,True,37.701
1544,77.2,1,drowsy,drowsy,1.0,0.0,1.0,0.0,0.0,0.0,0.12835,0.937438,0.0,0.249606,0.148709,0.165575,0.134827,0.053858,0.057536,True,True,True,0.0,False,True,37.629
1545,77.25,1,drowsy,drowsy,1.0,0.0,1.0,0.0,0.0,0.0,0.111846,0.940698,0.0,0.24788,0.148818,0.165098,0.132545,0.053859,0.05699,True,True,True,0.0,False,True,46.461
1546,77.3,1,drowsy,drowsy,1.0,0.0,1.0,0.0,0.0,0.0,0.075259,0.945132,0.0,0.246578,0.148865,0.165022,0.130864,0.053859,0.056941,True,True,True,0.0,False,True,37.69
1547,77.35,1,drowsy,drowsy,1.0,0.0,1.0,0.0,0.0,0.0,0.061675,0.947114,0.0,0.246018,0.148717,0.164508,0.130862,0.053768,0.056401,True,True,True,0.0,False,True,37.644
1548,77.4,1,drowsy,drowsy,1.0,0.0,1.0,0.0,0.0,0.0,0.056074,0.947479,0.0,0.24588,0.148892,0.163636,0.130865,0.053859,0.055431,True,True,True,0.0,False,True,37.56
1549,77.45,1,drowsy,drowsy,1.0,0.0,1.0,0.0,0.0,0.0,0.053933,0.947291,0.0,0.245867,0.148906,0.163281,0.13087,0.053859,0.055041,True,True,True,0.0,False,True,37.568
1550,77.5,1,drowsy,drowsy,1.0,0.0,1.0,0.0,0.0,0.0,0.053887,0.946993,0.0,0.245905,0.14892,0.162963,0.130875,0.053859,0.054684,True,True,True,0.0,False,True,46.435
1551,77.55,1,drowsy,drowsy,1.0,0.0,1.0,0.0,0.0,0.0,0.055004,0.946891,0.0,0.245958,0.14841,0.162871,0.130879,0.053853,0.054638,True,True,True,0.0,False,True,37.478
1552,77.6,1,drowsy,drowsy,1.0,0.0,1.0,0.0,0.0,0.0,0.054583,0.946711,0.0,0.245987,0.148251,0.162602,0.130882,0.053762,0.054327,True,True,True,0.0,False,True,37.784
1553,77.65,1,drowsy,drowsy,1.0,0.0,1.0,0.0,0.0,0.0,0.054718,0.946804,0.0,0.246018,0.148087,0.162399,0.130884,0.053852,0.054371,True,True,True,0.0,False,True,37.753
1554,77.7,1,drowsy,drowsy,1.0,0.0,1.0,0.0,0.0,0.0,0.050721,0.948043,0.0,0.24603,0.148069,0.162341,0.130885,0.053852,0.05437,True,True,True,0.0,False,True,37.596
1555,77.75,1,drowsy,drowsy,1.0,0.0,1.0,0.0,0.0,0.0,0.049679,0.948039,0.0,0.24433,0.14802,0.162307,0.130842,0.053852,0.05437,True,True,True,0.0,False,True,46.46
1556,77.8,1,drowsy,drowsy,1.0,0.0,1.0,0.0,0.0,0.0,0.052977,0.947149,0.0,0.242132,0.147969,0.162213,0.130758,0.053852,0.054323,True,True,True,0.0,False,True,37.856
1557,77.85,1,drowsy,drowsy,1.0,0.0,1.0,0.0,0.0,0.0,0.056434,0.947387,0.0,0.239907,0.147814,0.162178,0.130696,0.053761,0.054323,True,True,True,0.0,False,True,39.073
1558,77.9,1,drowsy,drowsy,1.0,0.0,1.0,0.0,0.0,0.0,0.055943,0.947721,0.0,0.238008,0.147908,0.162152,0.130665,0.053852,0.054368,True,True,True,0.0,False,True,38.721
1559,77.95,1,drowsy,drowsy,1.0,0.0,1.0,0.0,0.0,0.0,0.060316,0.947467,0.0,0.2367,0.147924,0.162109,0.130648,0.053852,0.054367,True,True,True,0.0,False,True,37.696
1560,78.0,1,drowsy,drowsy,1.0,0.0,1.0,0.0,0.0,0.0,0.067551,0.946395,0.0,0.236162,0.147954,0.162085,0.130644,0.053852,0.054367,True,True,True,0.0,False,True,46.322
1561,78.05,1,drowsy,drowsy,1.0,0.0,1.0,0.0,0.0,0.0,0.07599,0.946115,0.0,0.236074,0.147995,0.162012,0.130646,0.053853,0.05432,True,True,True,0.0,False,True,37.596
1562,78.1,1,drowsy,drowsy,1.0,0.0,1.0,0.0,0.0,0.0,0.070953,0.947266,0.0,0.236073,0.147864,0.161976,0.130648,0.053761,0.05432,True,True,True,0.0,False,True,37.517
1563,78.15,1,drowsy,drowsy,1.0,0.0,1.0,0.0,0.0,0.0,0.066093,0.947791,0.0,0.236131,0.148066,0.161996,0.130651,0.053853,0.054365,True,True,True,0.0,False,True,37.677
1564,78.2,1,drowsy,drowsy,1.0,0.0,1.0,0.0,0.0,0.0,0.073782,0.945785,0.0,0.236238,0.148119,0.161985,0.130654,0.053853,0.054364,True,True,True,0.0,False,True,37.8
1565,78.25,1,drowsy,drowsy,1.0,0.0,1.0,0.0,0.0,0.0,0.085714,0.943514,0.0,0.236378,0.14819,0.161728,0.130657,0.053854,0.05436,True,True,True,0.0,False,True,46.298
1566,78.3,1,drowsy,drowsy,1.0,0.0,1.0,0.0,0.0,0.0,0.08347,0.943502,0.0,0.2365,0.14826,0.161661,0.13066,0.053855,0.054314,True,True,True,0.0,False,True,37.67
1567,78.35,1,drowsy,drowsy,1.0,0.0,1.0,0.0,0.0,0.0,0.081084,0.942667,0.0,0.236627,0.148147,0.161352,0.130663,0.053764,0.05431,True,True,True,0.0,False,True,37.91
1568,78.4,1,drowsy,drowsy,1.0,0.0,1.0,0.0,0.0,0.0,0.072812,0.945165,0.0,0.2367,0.148384,0.160806,0.130664,0.053856,0.054351,True,True,True,0.0,False,True,37.728
1569,78.45,1,drowsy,drowsy,1.0,0.0,1.0,0.0,0.0,0.0,0.070683,0.945086,0.0,0.236745,0.148435,0.160598,0.130665,0.053856,0.05435,True,True,True,0.0,False,True,37.649
1570,78.5,1,drowsy,drowsy,1.0,0.0,1.0,0.0,0.0,0.0,0.071045,0.945602,0.0,0.236814,0.14849,0.160475,0.130666,0.053857,0.054349,True,True,True,0.0,False,True,46.598
1571,78.55,1,drowsy,drowsy,1.0,0.0,1.0,0.0,0.0,0.0,0.073345,0.945053,0.0,0.23685,0.148549,0.160401,0.130666,0.053858,0.054303,True,True,True,0.0,False,True,37.7
1572,78.6,1,drowsy,drowsy,1.0,0.0,1.0,0.0,0.0,0.0,0.080254,0.944705,0.0,0.236759,0.148434,0.160355,0.130663,0.053766,0.054303,True,True,True,0.0,False,True,37.748
1573,78.65,1,drowsy,drowsy,1.0,0.0,1.0,0.0,0.0,0.0,0.103022,0.941124,0.0,0.236622,0.148729,0.160431,0.13066,0.053859,0.054349,True,True,True,0.0,False,True,37.592
1574,78.7,1,drowsy,drowsy,1.0,0.0,1.0,0.0,0.0,0.0,0.101907,0.94311,0.0,0.236551,0.14883,0.160448,0.130658,0.05386,0.054349,True,True,True,0.0,False,True,38.84
1575,78.75,1,drowsy,drowsy,1.0,0.0,1.0,0.0,0.0,0.0,0.103839,0.943252,0.0,0.236517,0.148329,0.160468,0.130657,0.053851,0.054349,True,True,True,0.0,False,True,47.729
1576,78.8,1,drowsy,drowsy,1.0,0.0,1.0,0.0,0.0,0.0,0.097467,0.942548,0.0,0.236485,0.147716,0.160415,0.130658,0.05384,0.054303,True,True,True,0.0,False,True,37.628
1577,78.85,1,drowsy,drowsy,1.0,0.0,1.0,0.0,0.0,0.0,0.268532,0.915755,0.0,0.237158,0.147914,0.16058,0.130674,0.053752,0.054305,True,True,True,0.0,False,True,38.907
1578,78.9,1,drowsy,drowsy,1.0,0.0,1.0,0.0,0.0,0.0,0.476305,0.850749,0.0,0.238819,0.14767,0.160979,0.130737,0.053843,0.054356,True,True,True,0.0,False,True,37.642
1579,78.95,1,drowsy,drowsy,1.0,0.0,1.0,0.0,0.0,0.0,0.506116,0.85565,0.0,0.240657,0.148243,0.16133,0.130797,0.053851,0.05436,True,True,True,0.0,False,True,38.891
1580,79.0,1,drowsy,drowsy,1.0,0.0,1.0,0.0,0.0,0.0,0.456398,0.895756,0.0,0.242475,0.148876,0.161636,0.130832,0.053856,0.054362,True,True,True,0.0,False,True,46.579
1581,79.05,1,drowsy,drowsy,1.0,0.0,1.0,0.0,0.0,0.0,0.385087,0.915999,0.0,0.244089,0.149433,0.16182,0.130854,0.053859,0.054318,True,True,True,0.0,False,True,39.121
1582,79.1,1,drowsy,drowsy,1.0,0.0,1.0,0.0,0.0,0.0,0.261507,0.933351,0.0,0.24515,0.149621,0.161974,0.130865,0.053769,0.054318,True,True,True,0.0,False,True,38.085
1583,79.15,1,drowsy,drowsy,1.0,0.0,1.0,0.0,0.0,0.0,0.15064,0.945109,0.0,0.245641,0.14999,0.16205,0.130867,0.053862,0.054364,True,True,True,0.0,False,True,37.547
1584,79.2,1,drowsy,drowsy,1.0,0.0,1.0,0.0,0.0,0.0,0.092732,0.949597,0.0,0.245799,0.150082,0.161886,0.130865,0.053862,0.054362,True,True,True,0.0,False,True,37.753
1585,79.25,1,drowsy,drowsy,1.0,0.0,1.0,0.0,0.0,0.0,0.069724,0.951377,0.0,0.245865,0.150134,0.161589,0.130862,0.053862,0.054359,True,True,True,0.0,False,True,46.196
1586,79.3,1,drowsy,drowsy,1.0,0.0,1.0,0.0,0.0,0.0,0.10172,0.943799,0.0,0.244413,0.150241,0.161538,0.130819,0.053863,0.054313,True,True,True,0.0,False,True,37.917
1587,79.35,1,drowsy,drowsy,1.0,0.0,1.0,0.0,0.0,0.0,0.152668,0.934296,0.0,0.242761,0.150245,0.161264,0.130753,0.053773,0.054309,True,True,True,0.0,False,True,37.572
1588,79.4,1,drowsy,drowsy,1.0,0.0,1.0,0.0,0.0,0.0,0.079609,0.945121,0.0,0.240641,0.150501,0.16065,0.130688,0.053865,0.054349,True,True,True,0.0,False,True,37.545
1589,79.45,1,drowsy,drowsy,1.0,0.0,1.0,0.0,0.0,0.0,0.060682,0.947435,0.0,0.238605,0.150535,0.160294,0.130649,0.053865,0.054346,True,True,True,0.0,False,True,37.515
1590,79.5,1,drowsy,drowsy,1.0,0.0,1.0,0.0,0.0,0.0,0.048471,0.948911,0.0,0.236953,0.150542,0.159948,0.130626,0.053866,0.054344,True,True,True,0.0,False,True,46.336
1591,79.55,1,drowsy,drowsy,1.0,0.0,1.0,0.0,0.0,0.0,0.044894,0.949342,0.0,0.235883,0.150526,0.159849,0.130615,0.053865,0.054297,True,True,True,0.0,False,True,37.94
1592,79.6,1,drowsy,drowsy,1.0,0.0,1.0,0.0,0.0,0.0,0.280466,0.905678,0.0,0.236462,0.150737,0.159747,0.130643,0.053778,0.054298,True,True,True,0.0,False,True,37.698
1593,79.65,1,drowsy,drowsy,1.0,0.0,1.0,0.0,0.0,0.0,0.42606,0.881025,0.0,0.238051,0.151473,0.159781,0.130692,0.053875,0.054347,True,True,True,0.0,False,True,37.861
1594,79.7,1,drowsy,drowsy,1.0,0.0,1.0,0.0,0.0,0.0,0.325668,0.915982,0.0,0.238094,0.15191,0.15992,0.130689,0.053878,0.054348,True,True,True,0.0,False,True,37.594
1595,79.75,1,drowsy,drowsy,1.0,0.0,1.0,0.0,0.0,0.0,0.166357,0.940778,0.0,0.236514,0.152088,0.159951,0.130628,0.053879,0.054348,True,True,True,0.0,False,True,46.92
1596,79.8,1,drowsy,drowsy,1.0,0.0,1.0,0.0,0.0,0.0,0.077032,0.951134,0.0,0.234292,0.152106,0.15988,0.130536,0.053878,0.054302,True,True,True,0.0,False,True,37.684
1597,79.85,1,drowsy,drowsy,1.0,0.0,1.0,0.0,0.0,0.0,0.048005,0.953505,0.0,0.23169,0.151929,0.159817,0.130445,0.053786,0.054301,True,True,True,0.0,False,True,37.793
1598,79.9,1,drowsy,drowsy,1.0,0.0,1.0,0.0,0.0,0.0,0.042851,0.952316,0.0,0.228653,0.152049,0.159797,0.127254,0.053877,0.054346,True,True,True,0.0,False,True,37.628
1599,79.95,1,drowsy,drowsy,1.0,0.0,1.0,0.0,0.0,0.0,0.04259,0.951176,0.0,0.225407,0.152016,0.159753,0.123859,0.053876,0.054346,True,True,True,0.0,False,True,37.445
1600,80.0,1,drowsy,drowsy,1.0,0.0,1.0,0.0,0.0,0.0,0.057858,0.947389,0.0,0.222171,0.152006,0.159747,0.120397,0.053876,0.054346,True,True,True,0.0,False,True,46.515
1601,80.05,1,drowsy,drowsy,1.0,0.0,1.0,0.0,0.0,0.0,0.071665,0.944456,0.0,0.218921,0.152018,0.159672,0.116856,0.053876,0.054299,True,True,True,0.0,False,True,37.828
1602,80.1,1,drowsy,drowsy,1.0,0.0,1.0,0.0,0.0,0.0,0.093236,0.941191,0.0,0.215776,0.151919,0.159701,0.113313,0.053785,0.0543,True,True,True,0.0,False,True,38.113
1603,80.15,1,drowsy,drowsy,1.0,0.0,1.0,0.0,0.0,0.0,0.093048,0.942791,0.0,0.212567,0.152112,0.159829,0.109715,0.053876,0.054347,True,True,True,0.0,False,True,37.705
1604,80.2,1,drowsy,drowsy,1.0,0.0,1.0,0.0,0.0,0.0,0.092583,0.942889,0.0,0.209399,0.152164,0.159868,0.106162,0.053877,0.054347,True,True,True,0.0,False,True,37.686
1605,80.25,1,drowsy,drowsy,1.0,0.0,1.0,0.0,0.0,0.0,0.078439,0.94531,0.0,0.206143,0.152199,0.159892,0.102597,0.053877,0.054347,True,True,True,0.0,False,True,46.428
1606,80.3,1,drowsy,drowsy,1.0,0.0,1.0,0.0,0.0,0.0,0.076649,0.945669,0.0,0.202876,0.152236,0.159821,0.099038,0.053877,0.054301,True,True,True,0.0,False,True,37.593
1607,80.35,1,drowsy,drowsy,1.0,0.0,1.0,0.0,0.0,0.0,0.078043,0.944693,0.0,0.199621,0.15211,0.159848,0.095493,0.053786,0.054301,True,True,True,0.0,False,True,37.666
1608,80.4,1,drowsy,drowsy,1.0,0.0,1.0,0.0,0.0,0.0,0.062203,0.947201,0.0,0.196285,0.152287,0.15996,0.091952,0.053878,0.054348,True,True,True,0.0,False,True,37.611
1609,80.45,1,drowsy,drowsy,1.0,0.0,1.0,0.0,0.0,0.0,0.055852,0.948228,0.0,0.19291,0.152289,0.15997,0.088408,0.053878,0.054348,True,True,True,0.0,False,True,37.754
1610,80.5,1,drowsy,drowsy,1.0,0.0,1.0,0.0,0.0,0.0,0.053617,0.948092,0.0,0.189553,0.151683,0.15998,0.084903,0.05387,0.054348,True,True,True,0.0,False,True,46.328
1611,80.55,1,drowsy,drowsy,1.0,0.0,1.0,0.0,0.0,0.0,0.052826,0.948331,0.0,0.186236,0.150991,0.159889,0.08145,0.053855,0.054302,True,True,True,0.0,False,True,37.934
1612,80.6,1,drowsy,drowsy,1.0,0.0,1.0,0.0,0.0,0.0,0.052244,0.948834,0.0,0.182969,0.150823,0.159898,0.078045,0.053764,0.054302,True,True,True,0.0,False,True,37.782
1613,80.65,1,drowsy,drowsy,1.0,0.0,1.0,0.0,0.0,0.0,0.052068,0.948437,0.0,0.18008,0.149953,0.16001,0.074988,0.053847,0.054348,True,True,True,0.0,False,True,38.294
1614,80.7,1,drowsy,drowsy,1.0,0.0,1.0,0.0,0.0,0.0,0.058165,0.946889,0.0,0.177855,0.149846,0.160025,0.07252,0.053847,0.054349,True,True,True,0.0,False,True,38.132
1615,80.75,1,drowsy,drowsy,1.0,0.0,1.0,0.0,0.0,0.0,0.057298,0.947003,0.0,0.176011,0.149854,0.160036,0.070413,0.053847,0.054349,True,True,True,0.0,False,True,46.755
1616,80.8,1,drowsy,drowsy,1.0,0.0,1.0,0.0,0.0,0.0,0.051338,0.948263,0.0,0.174682,0.149871,0.159943,0.068835,0.053848,0.054302,True,True,True,0.0,False,True,38.172
1617,80.85,1,drowsy,drowsy,1.0,0.0,1.0,0.0,0.0,0.0,0.069743,0.943881,0.0,0.173837,0.149735,0.159961,0.068832,0.053757,0.054303,True,True,True,0.0,False,True,38.349
1618,80.9,1,drowsy,drowsy,1.0,0.0,1.0,0.0,0.0,0.0,0.192581,0.924322,0.0,0.174263,0.15018,0.160163,0.068841,0.053852,0.05435,True,True,True,0.0,False,True,38.067
1619,80.95,1,drowsy,drowsy,1.0,0.0,1.0,0.0,0.0,0.0,0.278623,0.922999,0.0,0.175347,0.150582,0.160343,0.068852,0.053854,0.054351,True,True,True,0.0,False,True,37.92
1620,81.0,1,drowsy,drowsy,1.0,0.0,1.0,0.0,0.0,0.0,0.375055,0.915679,0.0,0.176983,0.151125,0.160606,0.068867,0.053858,0.054353,True,True,True,0.0,False,True,46.67
1621,81.05,1,drowsy,drowsy,1.0,0.0,1.0,0.0,0.0,0.0,0.404695,0.913428,0.0,0.178771,0.151685,0.160807,0.068881,0.053861,0.054308,True,True,True,0.0,False,True,37.825
1622,81.1,1,drowsy,drowsy,1.0,0.0,1.0,0.0,0.0,0.0,0.456698,0.895159,0.0,0.180794,0.152174,0.161136,0.068902,0.053774,0.054311,True,True,True,0.0,False,True,37.643
1623,81.15,1,drowsy,drowsy,1.0,0.0,1.0,0.0,0.0,0.0,0.473089,0.888864,0.0,0.182879,0.153024,0.161576,0.068925,0.053872,0.05436,True,True,True,0.0,False,True,37.645
1624,81.2,1,drowsy,drowsy,1.0,0.0,1.0,0.0,0.0,0.0,0.478543,0.8875,0.0,0.184989,0.153716,0.16193,0.068948,0.053878,0.054363,True,True,True,0.0,False,True,38.144
1625,81.25,1,drowsy,drowsy,1.0,0.0,1.0,0.0,0.0,0.0,0.465075,0.892923,0.0,0.18704,0.154393,0.162275,0.068969,0.053883,0.054366,True,True,True,0.0,False,True,47.195
1626,81.3,1,drowsy,drowsy,1.0,0.0,1.0,0.0,0.0,0.0,0.444034,0.901814,0.0,0.189005,0.155007,0.162504,0.068987,0.053887,0.054322,True,True,True,0.0,False,True,38.289
1627,81.35,1,drowsy,drowsy,1.0,0.0,1.0,0.0,0.0,0.0,0.400512,0.916208,0.0,0.190767,0.15541,0.162801,0.069,0.053799,0.054324,True,True,True,0.0,False,True,38.208
1628,81.4,1,drowsy,drowsy,1.0,0.0,1.0,0.0,0.0,0.0,0.306834,0.929747,0.0,0.192072,0.156005,0.16313,0.069007,0.053892,0.054371,True,True,True,0.0,False,True,38.422
1629,81.45,1,drowsy,drowsy,1.0,0.0,1.0,0.0,0.0,0.0,0.235918,0.938061,0.0,0.193024,0.156321,0.163297,0.069011,0.053893,0.054372,True,True,True,0.0,False,True,38.492
1630,81.5,1,drowsy,drowsy,1.0,0.0,1.0,0.0,0.0,0.0,0.132146,0.951456,0.0,0.193449,0.156459,0.163372,0.06901,0.053893,0.054372,True,True,True,0.0,False,True,47.342
1631,81.55,1,drowsy,drowsy,1.0,0.0,1.0,0.0,0.0,0.0,0.100588,0.954805,0.0,0.193697,0.15653,0.163318,0.069008,0.053892,0.054325,True,True,True,0.0,False,True,38.23
1632,81.6,1,drowsy,drowsy,1.0,0.0,1.0,0.0,0.0,0.0,0.07871,0.955029,0.0,0.193844,0.156397,0.163344,0.069006,0.0538,0.054325,True,True,True,0.0,False,True,38.655
1633,81.65,1,drowsy,drowsy,1.0,0.0,1.0,0.0,0.0,0.0,0.058767,0.954346,0.0,0.193892,0.156569,0.16308,0.069004,0.05389,0.054367,True,True,True,0.0,False,True,38.21
1634,81.7,1,drowsy,drowsy,1.0,0.0,1.0,0.0,0.0,0.0,0.045094,0.954171,0.0,0.193863,0.156561,0.162719,0.069002,0.05389,0.054362,True,True,True,0.0,False,True,38.629
1635,81.75,1,drowsy,drowsy,1.0,0.0,1.0,0.0,0.0,0.0,0.04977,0.951268,0.0,0.193856,0.156561,0.1624,0.069001,0.053889,0.05436,True,True,True,0.0,False,True,46.598
1636,81.8,1,drowsy,drowsy,1.0,0.0,1.0,0.0,0.0,0.0,0.048257,0.951108,0.0,0.193852,0.156559,0.162302,0.069,0.053889,0.054313,True,True,True,0.0,False,True,37.882
1637,81.85,1,drowsy,drowsy,1.0,0.0,1.0,0.0,0.0,0.0,0.052358,0.949947,0.0,0.193878,0.156382,0.162082,0.069,0.053797,0.054312,True,True,True,0.0,False,True,38.434
1638,81.9,1,drowsy,drowsy,1.0,0.0,1.0,0.0,0.0,0.0,0.053006,0.949692,0.0,0.193894,0.156565,0.162098,0.069,0.053889,0.054358,True,True,True,0.0,False,True,38.16
1639,81.95,1,drowsy,drowsy,1.0,0.0,1.0,0.0,0.0,0.0,0.116421,0.936452,0.0,0.194245,0.156689,0.162162,0.069005,0.05389,0.054359,True,True,True,0.0,False,True,37.641
1640,82.0,1,drowsy,drowsy,1.0,0.0,1.0,0.0,0.0,0.0,0.126399,0.940193,0.0,0.194642,0.156831,0.162238,0.069008,0.053891,0.05436,True,True,True,0.0,False,True,46.6
1641,82.05,1,drowsy,drowsy,1.0,0.0,1.0,0.0,0.0,0.0,0.111498,0.942839,0.0,0.19495,0.156949,0.162195,0.06901,0.053891,0.054313,True,True,True,0.0,False,True,37.862
1642,82.1,1,drowsy,drowsy,1.0,0.0,1.0,0.0,0.0,0.0,0.088898,0.946578,0.0,0.195138,0.156834,0.16224,0.06901,0.0538,0.054314,True,True,True,0.0,False,True,37.85
1643,82.15,0,alert,alert,0.896724,0.896724,0.000762,0.0,0.006576,0.095938,0.22914,0.924305,0.0,0.196047,0.157347,0.162508,0.069019,0.053894,0.054362,True,True,True,0.0,False,False,38.176
1644,82.2,4,distraction,distracted,0.630784,0.362913,0.001058,0.0,0.005245,0.630784,0.255952,0.0,0.0,0.196799,0.157536,0.16261,0.069375,0.053986,0.054408,True,True,True,0.0,False,False,34.278
1645,82.25,4,distraction,distracted,0.908222,0.089791,0.00051,0.0,0.001477,0.908222,0.271563,0.0,0.0,0.197541,0.157726,0.162711,0.069734,0.054078,0.054455,True,True,True,0.0,False,False,42.734
1646,82.3,4,distraction,distracted,0.966146,0.032968,0.000297,0.0,0.000589,0.966146,0.277265,0.0,0.0,0.198289,0.157919,0.162711,0.070096,0.054171,0.054455,True,True,True,0.0,False,False,34.418
1647,82.35,4,distraction,distracted,0.980101,0.019303,0.000232,0.0,0.000364,0.980101,0.246249,0.779576,0.0,0.199259,0.158043,0.162874,0.070161,0.054095,0.054464,True,True,True,0.776245,False,False,37.756
1648,82.4,4,distraction,distracted,0.985965,0.013572,0.000195,0.0,0.000267,0.985965,0.142719,0.790976,0.0,0.199779,0.158396,0.163058,0.070222,0.054203,0.054518,True,True,True,0.776703,False,False,37.626
1649,82.45,1,drowsy,drowsy,1.0,0.0,1.0,0.0,0.0,0.0,0.064323,0.805412,0.0,0.199959,0.158459,0.163086,0.070277,0.054217,0.054525,True,True,True,0.778534,False,True,37.722
1650,82.5,1,drowsy,drowsy,1.0,0.0,1.0,0.0,0.0,0.0,0.048615,0.951069,0.0,0.199953,0.158472,0.163084,0.070276,0.054217,0.054525,True,True,True,0.0,False,True,46.362
1651,82.55,1,drowsy,drowsy,1.0,0.0,1.0,0.0,0.0,0.0,0.043495,0.95174,0.0,0.199924,0.158477,0.162981,0.070275,0.054217,0.054478,True,True,True,0.0,False,True,37.983
1652,82.6,1,drowsy,drowsy,1.0,0.0,1.0,0.0,0.0,0.0,0.04796,0.950138,0.0,0.198862,0.158288,0.162952,0.070261,0.054124,0.054477,True,True,True,0.0,False,True,37.779
1653,82.65,1,drowsy,drowsy,1.0,0.0,1.0,0.0,0.0,0.0,0.043705,0.951291,0.0,0.196791,0.158497,0.163031,0.070227,0.054217,0.054524,True,True,True,0.0,False,True,37.839
1654,82.7,1,drowsy,drowsy,1.0,0.0,1.0,0.0,0.0,0.0,0.042039,0.951852,0.0,0.194638,0.1585,0.163029,0.070197,0.054217,0.054523,True,True,True,0.0,False,True,37.708
1655,82.75,1,drowsy,drowsy,1.0,0.0,1.0,0.0,0.0,0.0,0.040731,0.951257,0.0,0.192845,0.158501,0.163027,0.070182,0.054217,0.054523,True,True,True,0.0,False,True,46.729
1656,82.8,1,drowsy,drowsy,1.0,0.0,1.0,0.0,0.0,0.0,0.052184,0.94947,0.0,0.191661,0.158517,0.162932,0.070173,0.054217,0.054477,True,True,True,0.0,False,True,37.826
1657,82.85,1,drowsy,drowsy,1.0,0.0,1.0,0.0,0.0,0.0,0.062293,0.947796,0.0,0.191187,0.158353,0.162951,0.070171,0.054124,0.054477,True,True,True,0.0,False,True,38.041
1658,82.9,1,drowsy,drowsy,1.0,0.0,1.0,0.0,0.0,0.0,0.055391,0.949223,0.0,0.191022,0.158568,0.16306,0.070171,0.054217,0.054523,True,True,True,0.0,False,True,38.041
1659,82.95,1,drowsy,drowsy,1.0,0.0,1.0,0.0,0.0,0.0,0.064447,0.94705,0.0,0.191037,0.158583,0.16277,0.070172,0.054217,0.054519,True,True,True,0.0,False,True,38.265
1660,83.0,1,drowsy,drowsy,1.0,0.0,1.0,0.0,0.0,0.0,0.458713,0.853793,0.0,0.192995,0.159224,0.162736,0.070209,0.054226,0.054517,True,True,True,1.0,False,True,46.994
1661,83.05,1,drowsy,drowsy,1.0,0.0,1.0,0.0,0.0,0.0,0.521137,0.791498,0.0,0.195154,0.1599,0.162993,0.07027,0.054242,0.054478,True,True,True,1.0,False,True,38.054
1662,83.1,1,drowsy,drowsy,1.0,0.0,1.0,0.0,0.0,0.0,0.511276,0.825484,0.0,0.197296,0.160423,0.163007,0.070317,0.054161,0.054481,True,True,True,1.0,False,True,38.053
1663,83.15,1,drowsy,drowsy,1.0,0.0,1.0,0.0,0.0,0.0,0.467274,0.873914,0.0,0.199305,0.161194,0.163089,0.070345,0.05426,0.05453,True,True,True,1.0,False,True,37.98
1664,83.2,1,drowsy,drowsy,1.0,0.0,1.0,0.0,0.0,0.0,0.358372,0.907813,0.0,0.200826,0.161682,0.163335,0.07036,0.054264,0.054532,True,True,True,1.0,False,True,37.745
1665,83.25,1,drowsy,drowsy,1.0,0.0,1.0,0.0,0.0,0.0,0.210657,0.928697,0.0,0.201548,0.161935,0.163473,0.070367,0.054266,0.054533,True,True,True,1.0,False,True,46.5
1666,83.3,1,drowsy,drowsy,1.0,0.0,1.0,0.0,0.0,0.0,0.126929,0.941175,0.0,0.201857,0.162042,0.163442,0.070369,0.054266,0.054487,True,True,True,1.0,False,True,37.984
1667,83.35,1,drowsy,drowsy,1.0,0.0,1.0,0.0,0.0,0.0,0.066163,0.950934,0.0,0.201853,0.161878,0.163462,0.070367,0.054173,0.054487,True,True,True,1.0,False,True,37.971
1668,83.4,1,drowsy,drowsy,1.0,0.0,1.0,0.0,0.0,0.0,0.061826,0.950659,0.0,0.201773,0.161425,0.163587,0.070364,0.054256,0.054534,True,True,True,1.0,False,True,37.706
1669,83.45,1,drowsy,drowsy,1.0,0.0,1.0,0.0,0.0,0.0,0.082917,0.941935,0.0,0.201885,0.160768,0.163624,0.070366,0.054243,0.054534,True,True,True,1.0,False,True,37.694
1670,83.5,0,alert,alert,0.899575,0.899575,0.000372,0.0,0.019683,0.08037,0.05699,0.947104,0.0,0.201878,0.160128,0.163635,0.070366,0.054238,0.054534,True,True,True,1.0,False,False,46.858
1671,83.55,0,alert,alert,0.867994,0.867994,0.00042,0.0,0.041806,0.08978,0.054036,0.949593,0.0,0.20186,0.159663,0.163541,0.070365,0.054235,0.054488,True,True,True,0.0,False,False,37.572
1672,83.6,0,alert,alert,0.769887,0.769887,0.000561,0.0,0.091268,0.138283,0.067944,0.946583,0.0,0.201934,0.159507,0.163552,0.070366,0.054142,0.054488,True,True,True,0.0,False,False,37.979
1673,83.65,0,alert,alert,0.682657,0.682657,0.00064,0.0,0.150603,0.1661,0.063421,0.948494,0.0,0.201993,0.159374,0.163646,0.070366,0.054233,0.054534,True,True,True,0.0,False,False,37.716
1674,83.7,0,alert,alert,0.578751,0.578751,0.000744,0.0,0.190811,0.229694,0.092453,0.943053,0.0,0.202186,0.159406,0.163679,0.070368,0.054234,0.054534,True,True,True,0.0,False,False,37.777
1675,83.75,0,alert,alert,0.471964,0.471964,0.000847,0.0,0.192982,0.334208,0.072207,0.947842,0.0,0.202245,0.159426,0.163698,0.070368,0.054234,0.054534,True,True,True,0.0,False,False,46.489
1676,83.8,4,distraction,distracted,0.443787,0.403163,0.000835,0.0,0.152215,0.443787,0.059834,0.949748,0.0,0.20227,0.159427,0.163608,0.070368,0.054234,0.054487,True,True,True,0.0,False,False,38.354
1677,83.85,4,distraction,distracted,0.574541,0.325013,0.000778,0.0,0.099668,0.574541,0.056378,0.949739,0.0,0.202261,0.159251,0.163614,0.070367,0.054141,0.054487,True,True,True,0.0,False,False,38.415
1678,83.9,4,distraction,distracted,0.701507,0.242341,0.000689,0.0,0.055463,0.701507,0.059084,0.948402,0.0,0.202231,0.159411,0.163728,0.070367,0.054233,0.054534,True,True,True,0.0,False,False,37.83
1679,83.95,4,distraction,distracted,0.755895,0.210454,0.000568,0.0,0.033082,0.755895,0.054721,0.950252,0.0,0.202141,0.159383,0.163739,0.070365,0.054233,0.054534,True,True,True,0.0,False,False,37.876
1680,84.0,4,distraction,distracted,0.773018,0.208954,0.000439,0.0,0.017589,0.773018,0.061235,0.947955,0.0,0.201948,0.159373,0.163757,0.070363,0.054233,0.054534,True,True,True,0.015679,False,False,46.943
1681,84.05,1,drowsy,drowsy,1.0,0.0,1.0,0.0,0.0,0.0,0.069772,0.94669,0.0,0.201737,0.159378,0.163677,0.07036,0.054232,0.054487,True,True,True,0.0,False,True,37.927
1682,84.1,1,drowsy,drowsy,1.0,0.0,1.0,0.0,0.0,0.0,0.061584,0.94774,0.0,0.20152,0.159211,0.163696,0.070357,0.05414,0.054488,True,True,True,0.050982,False,True,37.846
1683,84.15,1,drowsy,drowsy,1.0,0.0,1.0,0.0,0.0,0.0,0.061016,0.948917,0.0,0.201343,0.15937,0.163824,0.070355,0.054232,0.054535,True,True,True,0.050982,False,True,37.876
1684,84.2,1,drowsy,drowsy,1.0,0.0,1.0,0.0,0.0,0.0,0.0639,0.948033,0.0,0.201201,0.159351,0.163846,0.070353,0.054232,0.054535,True,True,True,0.0,False,True,37.911
1685,84.25,0,alert,alert,0.606441,0.606441,0.000232,0.0,0.002198,0.391129,0.060229,0.949078,0.0,0.20116,0.159316,0.163866,0.070352,0.054231,0.054535,True,True,True,0.0,False,False,46.547
1686,84.3,0,alert,alert,0.680183,0.680183,0.000213,0.0,0.002211,0.317393,0.063724,0.948743,0.0,0.200257,0.159308,0.163781,0.070341,0.054231,0.054488,True,True,True,0.007532,False,False,37.737
1687,84.35,1,drowsy,drowsy,1.0,0.0,1.0,0.0,0.0,0.0,0.056746,0.949527,0.0,0.198315,0.159133,0.163797,0.070316,0.054138,0.054488,True,True,True,0.0,False,True,37.776
1688,84.4,1,drowsy,drowsy,1.0,0.0,1.0,0.0,0.0,0.0,0.07462,0.947097,0.0,0.196174,0.159312,0.163935,0.070282,0.05423,0.054536,True,True,True,0.0,False,True,38.007
1689,84.45,1,drowsy,drowsy,1.0,0.0,1.0,0.0,0.0,0.0,0.104777,0.942797,0.0,0.194082,0.159384,0.163992,0.070245,0.054231,0.054536,True,True,True,0.0,False,True,37.869
1690,84.5,1,drowsy,drowsy,1.0,0.0,1.0,0.0,0.0,0.0,0.46675,0.862613,0.0,0.193937,0.16004,0.164337,0.070256,0.054239,0.05454,True,True,True,0.0,False,True,46.444
1691,84.55,1,drowsy,drowsy,1.0,0.0,1.0,0.0,0.0,0.0,0.521558,0.831622,0.0,0.194218,0.160775,0.164605,0.070286,0.054251,0.054499,True,True,True,0.0,False,True,37.735
1692,84.6,1,drowsy,drowsy,1.0,0.0,1.0,0.0,0.0,0.0,0.545098,0.822535,0.0,0.195075,0.161345,0.164997,0.070327,0.05417,0.054506,True,True,True,0.0,False,True,37.749
1693,84.65,1,drowsy,drowsy,1.0,0.0,1.0,0.0,0.0,0.0,0.484881,0.887146,0.0,0.196313,0.162266,0.16547,0.070348,0.054269,0.054556,True,True,True,0.0,False,True,37.646
1694,84.7,1,drowsy,drowsy,1.0,0.0,1.0,0.0,0.0,0.0,0.394482,0.913486,0.0,0.197641,0.162852,0.165767,0.070362,0.054273,0.054558,True,True,True,0.0,False,True,37.445
1695,84.75,1,drowsy,drowsy,1.0,0.0,1.0,0.0,0.0,0.0,0.236133,0.932666,0.0,0.198407,0.163176,0.165933,0.070369,0.054275,0.054559,True,True,True,0.0,False,True,46.937
1696,84.8,1,drowsy,drowsy,1.0,0.0,1.0,0.0,0.0,0.0,0.132715,0.943332,0.0,0.198739,0.163321,0.165905,0.070373,0.054275,0.054512,True,True,True,0.0,False,True,37.576
1697,84.85,1,drowsy,drowsy,1.0,0.0,1.0,0.0,0.0,0.0,0.064017,0.952928,0.0,0.198583,0.163151,0.165924,0.070371,0.054182,0.054512,True,True,True,0.0,False,True,37.754
1698,84.9,1,drowsy,drowsy,1.0,0.0,1.0,0.0,0.0,0.0,0.055112,0.951816,0.0,0.197095,0.163357,0.166043,0.070358,0.054274,0.054559,True,True,True,0.0,False,True,37.729
1699,84.95,0,alert,alert,0.706768,0.706768,0.000378,0.0,0.003228,0.289625,0.056195,0.951209,0.0,0.194921,0.163363,0.166055,0.070316,0.054274,0.054559,True,True,True,0.0,False,False,38.054
1700,85.0,1,drowsy,drowsy,1.0,0.0,1.0,0.0,0.0,0.0,0.05369,0.948728,0.0,0.19257,0.16338,0.166065,0.070277,0.054274,0.054559,True,True,True,0.0,False,True,46.671
1701,85.05,4,distraction,distracted,0.527206,0.47083,0.000342,0.0,0.001622,0.527206,0.047952,0.949211,0.0,0.190028,0.163394,0.165964,0.070241,0.054274,0.054512,True,True,True,0.0,False,False,37.754
1702,85.1,1,drowsy,drowsy,1.0,0.0,1.0,0.0,0.0,0.0,0.045098,0.949706,0.0,0.187418,0.163191,0.165965,0.070204,0.054181,0.054512,True,True,True,0.0,False,True,38.061
1703,85.15,1,drowsy,drowsy,1.0,0.0,1.0,0.0,0.0,0.0,0.067833,0.941714,0.0,0.184786,0.163446,0.166091,0.067279,0.054275,0.05456,True,True,True,0.0,False,True,37.988
1704,85.2,1,drowsy,drowsy,1.0,0.0,1.0,0.0,0.0,0.0,0.059625,0.94513,0.0,0.182017,0.163465,0.166104,0.064262,0.054275,0.05456,True,True,True,0.0,False,True,37.95
1705,85.25,1,drowsy,drowsy,1.0,0.0,1.0,0.0,0.0,0.0,0.049764,0.948109,0.0,0.179239,0.163402,0.166107,0.061279,0.054275,0.05456,True,True,True,0.0,False,True,46.469
1706,85.3,1,drowsy,drowsy,1.0,0.0,1.0,0.0,0.0,0.0,0.046819,0.949252,0.0,0.17683,0.1633,0.166005,0.058677,0.054274,0.054513,True,True,True,0.0,False,True,37.913
1707,85.35,1,drowsy,drowsy,1.0,0.0,1.0,0.0,0.0,0.0,0.051539,0.946861,0.0,0.174592,0.16311,0.16601,0.056224,0.054181,0.054513,True,True,True,0.028253,False,True,38.19
1708,85.4,1,drowsy,drowsy,1.0,0.0,1.0,0.0,0.0,0.0,0.056635,0.944992,0.0,0.172506,0.162966,0.16612,0.053879,0.054272,0.05456,True,True,True,0.0,False,True,37.822
1709,85.45,1,drowsy,drowsy,1.0,0.0,1.0,0.0,0.0,0.0,0.049658,0.94854,0.0,0.170545,0.162855,0.166121,0.051686,0.054272,0.05456,True,True,True,0.028253,False,True,37.754
1710,85.5,1,drowsy,drowsy,1.0,0.0,1.0,0.0,0.0,0.0,0.044251,0.950014,0.0,0.168628,0.162772,0.166115,0.049563,0.054272,0.05456,True,True,True,0.080895,False,True,46.602
1711,85.55,1,drowsy,drowsy,1.0,0.0,1.0,0.0,0.0,0.0,0.404687,0.869767,0.0,0.168561,0.163291,0.166303,0.047537,0.05428,0.054517,True,True,True,0.080895,False,True,37.886
1712,85.6,4,distraction,distracted,0.865177,0.134026,0.000428,0.0,0.000369,0.865177,0.491406,0.846938,0.0,0.16849,0.163793,0.166646,0.045164,0.054197,0.054522,True,True,True,0.016808,False,False,37.712
1713,85.65,1,drowsy,drowsy,1.0,0.0,1.0,0.0,0.0,0.0,0.382869,0.908866,0.0,0.167776,0.164472,0.167009,0.042581,0.054294,0.054571,True,True,True,0.000329,False,True,37.537
1714,85.7,4,distraction,distracted,0.868429,0.130809,0.000407,0.0,0.000355,0.868429,0.217484,0.936032,0.0,0.166043,0.164725,0.167136,0.039797,0.054295,0.054572,True,True,True,0.0,False,False,37.838
1715,85.75,4,distraction,distracted,0.886626,0.112613,0.000409,0.0,0.000351,0.886626,0.119628,0.948209,0.0,0.163575,0.16483,0.167186,0.036783,0.054294,0.054572,True,True,True,0.0,False,False,47.065
1716,85.8,4,distraction,distracted,0.898338,0.100881,0.000433,0.0,0.000349,0.898338,0.10155,0.950169,0.0,0.160744,0.164913,0.16713,0.033508,0.054294,0.054525,True,True,True,0.0,False,False,38.325
1717,85.85,1,drowsy,drowsy,1.0,0.0,1.0,0.0,0.0,0.0,0.068649,0.951896,0.0,0.157613,0.164748,0.167142,0.030108,0.054201,0.054525,True,True,True,0.0,False,True,38.023
1718,85.9,1,drowsy,drowsy,1.0,0.0,1.0,0.0,0.0,0.0,0.06738,0.949466,0.0,0.154498,0.164954,0.167249,0.02673,0.054294,0.054571,True,True,True,0.0,False,True,38.101
1719,85.95,1,drowsy,drowsy,1.0,0.0,1.0,0.0,0.0,0.0,0.047459,0.952956,0.0,0.151241,0.164956,0.167243,0.023317,0.054293,0.054571,True,True,True,0.0,False,True,38.149
1720,86.0,1,drowsy,drowsy,1.0,0.0,1.0,0.0,0.0,0.0,0.043918,0.95228,0.0,0.148035,0.164956,0.167236,0.019968,0.054293,0.054571,True,True,True,0.0,False,True,46.916
1721,86.05,1,drowsy,drowsy,1.0,0.0,1.0,0.0,0.0,0.0,0.058337,0.948572,0.0,0.14477,0.164981,0.167143,0.016497,0.054293,0.054524,True,True,True,0.0,False,True,38.364
1722,86.1,1,drowsy,drowsy,1.0,0.0,1.0,0.0,0.0,0.0,0.056754,0.94718,0.0,0.14149,0.164796,0.167148,0.013023,0.054201,0.054524,True,True,True,0.0,False,True,37.977
1723,86.15,1,drowsy,drowsy,1.0,0.0,1.0,0.0,0.0,0.0,0.048496,0.948677,0.0,0.138171,0.165024,0.167255,0.009553,0.054294,0.054571,True,True,True,0.0,False,True,38.937
1724,86.2,1,drowsy,drowsy,1.0,0.0,1.0,0.0,0.0,0.0,0.048359,0.947971,0.0,0.135147,0.165036,0.167254,0.006363,0.054295,0.054571,True,True,True,0.0,False,True,38.105
1725,86.25,1,drowsy,drowsy,1.0,0.0,1.0,0.0,0.0,0.0,0.044139,0.949337,0.0,0.132739,0.165043,0.167249,0.003778,0.054295,0.054571,True,True,True,0.163528,False,True,47.275
1726,86.3,1,drowsy,drowsy,1.0,0.0,1.0,0.0,0.0,0.0,0.043783,0.949311,0.0,0.130722,0.165049,0.167143,0.001566,0.054295,0.054524,True,True,True,0.163528,False,True,38.217
1727,86.35,1,drowsy,drowsy,1.0,0.0,1.0,0.0,0.0,0.0,0.041542,0.950483,0.0,0.129359,0.164837,0.167132,0.0,0.054202,0.054524,True,True,True,0.0,False,True,38.587
1728,86.4,1,drowsy,drowsy,1.0,0.0,1.0,0.0,0.0,0.0,0.040334,0.950525,0.0,0.128785,0.165041,0.16721,0.0,0.054295,0.054571,True,True,True,0.0,False,True,38.28
1729,86.45,1,drowsy,drowsy,1.0,0.0,1.0,0.0,0.0,0.0,0.04107,0.950532,0.0,0.12862,0.165031,0.167189,0.0,0.054295,0.05457,True,True,True,0.0,False,True,37.529
1730,86.5,1,drowsy,drowsy,1.0,0.0,1.0,0.0,0.0,0.0,0.040947,0.950767,0.0,0.128557,0.16502,0.167174,0.0,0.054295,0.05457,True,True,True,0.0,False,True,46.185
1731,86.55,1,drowsy,drowsy,1.0,0.0,1.0,0.0,0.0,0.0,0.040084,0.950999,0.0,0.12851,0.165005,0.167065,0.0,0.054295,0.054523,True,True,True,0.0,False,True,37.608
1732,86.6,1,drowsy,drowsy,1.0,0.0,1.0,0.0,0.0,0.0,0.038619,0.951658,0.0,0.128443,0.164788,0.167028,0.0,0.054202,0.054523,True,True,True,0.0,False,True,37.648
1733,86.65,1,drowsy,drowsy,1.0,0.0,1.0,0.0,0.0,0.0,0.03844,0.951784,0.0,0.128376,0.164988,0.167029,0.0,0.054295,0.054569,True,True,True,0.0,False,True,37.453
1734,86.7,1,drowsy,drowsy,1.0,0.0,1.0,0.0,0.0,0.0,0.040847,0.949936,0.0,0.128298,0.164989,0.166963,0.0,0.054295,0.054568,True,True,True,0.0,False,True,37.656
1735,86.75,1,drowsy,drowsy,1.0,0.0,1.0,0.0,0.0,0.0,0.044153,0.949142,0.0,0.128194,0.164995,0.166881,0.0,0.054296,0.054568,True,True,True,0.0,False,True,46.372
1736,86.8,1,drowsy,drowsy,1.0,0.0,1.0,0.0,0.0,0.0,0.427881,0.855335,0.0,0.129897,0.165612,0.167083,0.0,0.054305,0.054525,True,True,True,0.0,False,True,37.76
1737,86.85,1,drowsy,drowsy,1.0,0.0,1.0,0.0,0.0,0.0,0.506684,0.822533,0.0,0.131895,0.166118,0.167353,0.0,0.054224,0.054531,True,True,True,0.0,False,True,37.62
1738,86.9,1,drowsy,drowsy,1.0,0.0,1.0,0.0,0.0,0.0,0.45527,0.881856,0.0,0.133721,0.167011,0.167699,0.0,0.054324,0.054581,True,True,True,0.0,False,True,37.639
1739,86.95,1,drowsy,drowsy,1.0,0.0,1.0,0.0,0.0,0.0,0.30919,0.916628,0.0,0.134926,0.167463,0.167805,0.0,0.054327,0.054581,True,True,True,0.0,False,True,37.748
1740,87.0,1,drowsy,drowsy,1.0,0.0,1.0,0.0,0.0,0.0,0.134121,0.936545,0.0,0.135244,0.16762,0.16757,0.0,0.054329,0.054578,True,True,True,0.0,False,True,46.571
1741,87.05,1,drowsy,drowsy,1.0,0.0,1.0,0.0,0.0,0.0,0.066353,0.945887,0.0,0.135006,0.167664,0.167483,0.0,0.054329,0.054532,True,True,True,0.0,False,True,37.594
1742,87.1,1,drowsy,drowsy,1.0,0.0,1.0,0.0,0.0,0.0,0.049594,0.949409,0.0,0.134646,0.167461,0.167145,0.0,0.054236,0.054528,True,True,True,0.0,False,True,37.696
1743,87.15,1,drowsy,drowsy,1.0,0.0,1.0,0.0,0.0,0.0,0.043779,0.951242,0.0,0.134203,0.167669,0.166703,0.0,0.054329,0.054572,True,True,True,0.0,False,True,37.707
1744,87.2,1,drowsy,drowsy,1.0,0.0,1.0,0.0,0.0,0.0,0.040848,0.952093,0.0,0.133749,0.167661,0.166583,0.0,0.054329,0.054571,True,True,True,0.0,False,True,37.702
1745,87.25,1,drowsy,drowsy,1.0,0.0,1.0,0.0,0.0,0.0,0.039309,0.952258,0.0,0.133372,0.167653,0.166543,0.0,0.054329,0.054571,True,True,True,0.0,False,True,46.631
1746,87.3,1,drowsy,drowsy,1.0,0.0,1.0,0.0,0.0,0.0,0.039409,0.951901,0.0,0.133184,0.167649,0.166433,0.0,0.054328,0.054524,True,True,True,0.0,False,True,37.943
1747,87.35,1,drowsy,drowsy,1.0,0.0,1.0,0.0,0.0,0.0,0.03939,0.951958,0.0,0.133067,0.167429,0.166415,0.0,0.054235,0.054524,True,True,True,0.0,False,True,37.586
1748,87.4,1,drowsy,drowsy,1.0,0.0,1.0,0.0,0.0,0.0,0.039826,0.951669,0.0,0.132981,0.16765,0.166509,0.0,0.054328,0.054571,True,True,True,0.0,False,True,37.739
1749,87.45,1,drowsy,drowsy,1.0,0.0,1.0,0.0,0.0,0.0,0.041459,0.951463,0.0,0.132914,0.167657,0.166493,0.0,0.054328,0.054571,True,True,True,0.0,False,True,37.678
1750,87.5,1,drowsy,drowsy,1.0,0.0,1.0,0.0,0.0,0.0,0.041795,0.951829,0.0,0.13285,0.167662,0.16646,0.0,0.054328,0.05457,True,True,True,0.011442,False,True,46.582
1751,87.55,1,drowsy,drowsy,1.0,0.0,1.0,0.0,0.0,0.0,0.044738,0.950422,0.0,0.132795,0.167671,0.166355,0.0,0.054329,0.054523,True,True,True,0.0,False,True,37.934
1752,87.6,1,drowsy,drowsy,1.0,0.0,1.0,0.0,0.0,0.0,0.046357,0.950179,0.0,0.132751,0.167463,0.166341,0.0,0.054235,0.054523,True,True,True,0.0,False,True,37.848
1753,87.65,1,drowsy,drowsy,1.0,0.0,1.0,0.0,0.0,0.0,0.046772,0.949494,0.0,0.132709,0.167686,0.166428,0.0,0.054329,0.05457,True,True,True,0.0,False,True,37.92
1754,87.7,1,drowsy,drowsy,1.0,0.0,1.0,0.0,0.0,0.0,0.057611,0.945781,0.0,0.132745,0.167706,0.166424,0.0,0.054329,0.05457,True,True,True,0.0,False,True,37.74
1755,87.75,1,drowsy,drowsy,1.0,0.0,1.0,0.0,0.0,0.0,0.056537,0.945987,0.0,0.132782,0.16772,0.16638,0.0,0.05433,0.054569,True,True,True,0.0,False,True,46.611
1756,87.8,1,drowsy,drowsy,1.0,0.0,1.0,0.0,0.0,0.0,0.059001,0.94637,0.0,0.132813,0.167739,0.166288,0.0,0.05433,0.054523,True,True,True,0.0,False,True,37.726
1757,87.85,1,drowsy,drowsy,1.0,0.0,1.0,0.0,0.0,0.0,0.063342,0.945264,0.0,0.132849,0.167561,0.166245,0.0,0.054237,0.054522,True,True,True,0.0,False,True,37.779
1758,87.9,1,drowsy,drowsy,1.0,0.0,1.0,0.0,0.0,0.0,0.061969,0.94532,0.0,0.132881,0.167745,0.165676,0.0,0.05433,0.054558,True,True,True,0.0,False,True,37.77
1759,87.95,1,drowsy,drowsy,1.0,0.0,1.0,0.0,0.0,0.0,0.059855,0.945152,0.0,0.13288,0.16774,0.165339,0.0,0.05433,0.054555,True,True,True,0.0,False,True,37.472
1760,88.0,1,drowsy,drowsy,1.0,0.0,1.0,0.0,0.0,0.0,0.058622,0.944411,0.0,0.132835,0.16775,0.165045,0.0,0.054331,0.054553,True,True,True,0.0,False,True,46.548
1761,88.05,1,drowsy,drowsy,1.0,0.0,1.0,0.0,0.0,0.0,0.061743,0.94409,0.0,0.132762,0.167768,0.164957,0.0,0.054331,0.054506,True,True,True,0.0,False,True,37.816
1762,88.1,1,drowsy,drowsy,1.0,0.0,1.0,0.0,0.0,0.0,0.062237,0.945695,0.0,0.132718,0.167588,0.164758,0.0,0.054238,0.054505,True,True,True,0.0,False,True,37.699
1763,88.15,1,drowsy,drowsy,1.0,0.0,1.0,0.0,0.0,0.0,0.065958,0.945528,0.0,0.132718,0.16782,0.164759,0.0,0.054332,0.054551,True,True,True,0.0,False,True,37.955
1764,88.2,1,drowsy,drowsy,1.0,0.0,1.0,0.0,0.0,0.0,0.065021,0.946534,0.0,0.132673,0.167854,0.164766,0.0,0.054332,0.054551,True,True,True,0.0,False,True,38.61
1765,88.25,1,drowsy,drowsy,1.0,0.0,1.0,0.0,0.0,0.0,0.063133,0.947221,0.0,0.132555,0.167884,0.164777,0.0,0.054333,0.054552,True,True,True,0.0,False,True,46.594
1766,88.3,1,drowsy,drowsy,1.0,0.0,1.0,0.0,0.0,0.0,0.062087,0.947599,0.0,0.132444,0.1679,0.164689,0.0,0.054333,0.054505,True,True,True,0.0,False,True,38.311
1767,88.35,1,drowsy,drowsy,1.0,0.0,1.0,0.0,0.0,0.0,0.058968,0.947506,0.0,0.132329,0.167714,0.164682,0.0,0.05424,0.054505,True,True,True,0.0,False,True,37.78
1768,88.4,1,drowsy,drowsy,1.0,0.0,1.0,0.0,0.0,0.0,0.05843,0.948024,0.0,0.132254,0.167941,0.164671,0.0,0.054333,0.054551,True,True,True,0.0,False,True,37.899
1769,88.45,1,drowsy,drowsy,1.0,0.0,1.0,0.0,0.0,0.0,0.056804,0.948398,0.0,0.132181,0.167963,0.164621,0.0,0.054333,0.05455,True,True,True,0.156769,False,True,37.889
1770,88.5,1,drowsy,drowsy,1.0,0.0,1.0,0.0,0.0,0.0,0.212401,0.920555,0.0,0.132897,0.16825,0.164707,0.0,0.054336,0.054551,True,True,True,0.0,False,True,46.611
1771,88.55,1,drowsy,drowsy,1.0,0.0,1.0,0.0,0.0,0.0,0.487228,0.838912,0.0,0.134821,0.168951,0.164952,0.0,0.054348,0.05451,True,True,True,0.0,False,True,37.884
1772,88.6,1,drowsy,drowsy,1.0,0.0,1.0,0.0,0.0,0.0,0.404904,0.90047,0.0,0.136426,0.169335,0.165068,0.0,0.054259,0.054511,True,True,True,0.0,False,True,37.638
1773,88.65,1,drowsy,drowsy,1.0,0.0,1.0,0.0,0.0,0.0,0.247415,0.931279,0.0,0.13716,0.169906,0.16462,0.0,0.054355,0.054547,True,True,True,0.0,False,True,37.315
1774,88.7,1,drowsy,drowsy,1.0,0.0,1.0,0.0,0.0,0.0,0.10269,0.947738,0.0,0.137163,0.170012,0.164278,0.0,0.054355,0.054542,True,True,True,0.0,False,True,37.328
1775,88.75,1,drowsy,drowsy,1.0,0.0,1.0,0.0,0.0,0.0,0.049984,0.954577,0.0,0.136881,0.170026,0.163851,0.0,0.054355,0.054537,True,True,True,0.0,False,True,46.486
1776,88.8,1,drowsy,drowsy,1.0,0.0,1.0,0.0,0.0,0.0,0.040927,0.955127,0.0,0.136585,0.170018,0.163744,0.0,0.054354,0.05449,True,True,True,0.0,False,True,37.968
1777,88.85,1,drowsy,drowsy,1.0,0.0,1.0,0.0,0.0,0.0,0.038056,0.953665,0.0,0.135416,0.16979,0.163234,0.0,0.05426,0.053958,True,True,True,0.0,False,True,37.866
1778,88.9,1,drowsy,drowsy,1.0,0.0,1.0,0.0,0.0,0.0,0.04161,0.950809,0.0,0.133353,0.169964,0.162217,0.0,0.054353,0.052839,True,True,True,0.0,False,True,37.655
1779,88.95,1,drowsy,drowsy,1.0,0.0,1.0,0.0,0.0,0.0,0.042637,0.951397,0.0,0.131149,0.169924,0.161644,0.0,0.054353,0.052244,True,True,True,0.0,False,True,37.805
1780,89.0,1,drowsy,drowsy,1.0,0.0,1.0,0.0,0.0,0.0,0.040396,0.951065,0.0,0.129097,0.169887,0.16107,0.0,0.054352,0.051652,True,True,True,0.0,False,True,46.472
1781,89.05,1,drowsy,drowsy,1.0,0.0,1.0,0.0,0.0,0.0,0.047846,0.949209,0.0,0.127403,0.169862,0.160973,0.0,0.054352,0.051608,True,True,True,0.0,False,True,37.723
1782,89.1,1,drowsy,drowsy,1.0,0.0,1.0,0.0,0.0,0.0,0.067227,0.944282,0.0,0.126415,0.169687,0.160422,0.0,0.054259,0.051015,True,True,True,0.0,False,True,37.802
1783,89.15,1,drowsy,drowsy,1.0,0.0,1.0,0.0,0.0,0.0,0.052804,0.949133,0.0,0.125911,0.169896,0.159504,0.0,0.054352,0.049983,True,True,True,0.0,False,True,37.899
1784,89.2,1,drowsy,drowsy,1.0,0.0,1.0,0.0,0.0,0.0,0.055183,0.947799,0.0,0.125717,0.169916,0.159151,0.0,0.054353,0.049587,True,True,True,0.0,False,True,37.626
1785,89.25,1,drowsy,drowsy,1.0,0.0,1.0,0.0,0.0,0.0,0.0503,0.949628,0.0,0.125618,0.16993,0.158888,0.0,0.054353,0.049283,True,True,True,0.0,False,True,47.968
1786,89.3,1,drowsy,drowsy,1.0,0.0,1.0,0.0,0.0,0.0,0.048574,0.950219,0.0,0.125343,0.169945,0.158793,0.0,0.054353,0.049241,True,True,True,0.0,False,True,38.262
1787,89.35,1,drowsy,drowsy,1.0,0.0,1.0,0.0,0.0,0.0,0.04719,0.949115,0.0,0.124801,0.169734,0.158664,0.0,0.05426,0.049241,True,True,True,0.0,False,True,38.361
1788,89.4,1,drowsy,drowsy,1.0,0.0,1.0,0.0,0.0,0.0,0.047525,0.948661,0.0,0.124635,0.169964,0.158708,0.0,0.054353,0.049283,True,True,True,0.0,False,True,38.189
1789,89.45,1,drowsy,drowsy,1.0,0.0,1.0,0.0,0.0,0.0,0.048273,0.948354,0.0,0.12457,0.16998,0.158707,0.0,0.054353,0.049284,True,True,True,0.0,False,True,38.021
1790,89.5,1,drowsy,drowsy,1.0,0.0,1.0,0.0,0.0,0.0,0.046352,0.948982,0.0,0.124559,0.169988,0.158707,0.0,0.054354,0.049284,True,True,True,0.0,False,True,46.48
1791,89.55,1,drowsy,drowsy,1.0,0.0,1.0,0.0,0.0,0.0,0.05634,0.945985,0.0,0.12462,0.170008,0.158619,0.0,0.054354,0.049242,True,True,True,0.0,False,True,37.635
1792,89.6,1,drowsy,drowsy,1.0,0.0,1.0,0.0,0.0,0.0,0.061161,0.945731,0.0,0.123527,0.169822,0.158627,0.0,0.054261,0.049242,True,True,True,0.0,False,True,37.607
1793,89.65,1,drowsy,drowsy,1.0,0.0,1.0,0.0,0.0,0.0,0.053083,0.948334,0.0,0.121717,0.169912,0.158721,0.0,0.054353,0.049284,True,True,True,0.0,False,True,37.93
1794,89.7,1,drowsy,drowsy,1.0,0.0,1.0,0.0,0.0,0.0,0.05013,0.948618,0.0,0.120334,0.169305,0.158453,0.0,0.054347,0.049282,True,True,True,0.0,False,True,37.943
1795,89.75,1,drowsy,drowsy,1.0,0.0,1.0,0.0,0.0,0.0,0.045738,0.949926,0.0,0.119714,0.168585,0.158093,0.0,0.054337,0.049277,True,True,True,0.0,False,True,46.334
1796,89.8,1,drowsy,drowsy,1.0,0.0,1.0,0.0,0.0,0.0,0.04778,0.948441,0.0,0.119564,0.167943,0.157999,0.0,0.054333,0.049235,True,True,True,0.0,False,True,37.809
1797,89.85,1,drowsy,drowsy,1.0,0.0,1.0,0.0,0.0,0.0,0.054218,0.945732,0.0,0.119599,0.167749,0.157638,0.0,0.05424,0.049231,True,True,True,0.0,False,True,37.801
1798,89.9,1,drowsy,drowsy,1.0,0.0,1.0,0.0,0.0,0.0,0.054491,0.945255,0.0,0.119662,0.167367,0.157162,0.0,0.05433,0.04927,True,True,True,0.0,False,True,37.851
1799,89.95,1,drowsy,drowsy,1.0,0.0,1.0,0.0,0.0,0.0,0.051719,0.946643,0.0,0.119711,0.167365,0.157035,0.0,0.054331,0.04927,True,True,True,0.0,False,True,37.637
