frame_id,timestamp,state_id,state,predicted_driver_state,confidence,p_alert,p_drowsy,p_microsleep,p_yawning,p_distraction,closed_probability,ocular_reliability,closure_duration_seconds,perclos_10s,perclos_30s,perclos_60s,slow_perclos_10s,slow_perclos_30s,slow_perclos_60s,perclos_10s_reliable,perclos_30s_reliable,perclos_60s_reliable,nod_probability,microsleep_active,drowsy_episode_active,latency_ms
0,0.0,1,drowsy,drowsy,0.387289,0.213981,0.387289,0.0,0.189003,0.209727,0.666152,0.562975,0.0,0.666152,0.666152,0.666152,0.0,0.0,0.0,False,False,False,0.0,False,False,51.469
1,0.05,1,drowsy,drowsy,0.674146,0.102366,0.674146,0.0,0.097084,0.126403,0.734453,0.628749,0.0,0.702187,0.702187,0.702187,0.0,0.0,0.0,False,False,False,0.0,False,False,37.994
2,0.1,1,drowsy,drowsy,0.899756,0.027916,0.899756,0.0,0.033839,0.038489,0.781955,0.669593,0.0,0.730883,0.730883,0.730883,0.0,0.0,0.0,False,False,False,0.0,False,False,38.815
3,0.15,1,drowsy,drowsy,0.970218,0.007474,0.970218,0.0,0.011357,0.01095,0.802939,0.692077,0.05,0.750413,0.750413,0.750413,0.0,0.0,0.0,False,False,False,0.0,False,False,37.663
4,0.2,1,drowsy,drowsy,0.987288,0.00303,0.987288,0.0,0.00529,0.004392,0.814244,0.702655,0.1,0.764188,0.764188,0.764188,0.0,0.0,0.0,False,False,False,0.0,False,False,36.874
5,0.25,1,drowsy,drowsy,0.992397,0.001772,0.992397,0.0,0.003374,0.002458,0.804667,0.720981,0.15,0.771526,0.771526,0.771526,0.0,0.0,0.0,False,False,False,0.0,False,False,46.289
6,0.3,1,drowsy,drowsy,0.99414,0.001356,0.99414,0.0,0.002711,0.001793,0.771336,0.747153,0.2,0.771496,0.771496,0.771496,0.0,0.0,0.0,False,False,False,0.0,False,False,37.384
7,0.35,1,drowsy,drowsy,0.994801,0.001196,0.994801,0.0,0.002491,0.001511,0.725715,0.75478,0.25,0.765189,0.765189,0.765189,0.0,0.0,0.0,False,False,False,0.0,False,False,37.547
8,0.4,1,drowsy,drowsy,0.995291,0.001082,0.995291,0.0,0.002309,0.001318,0.699154,0.774584,0.3,0.75701,0.75701,0.75701,0.0,0.0,0.0,False,False,False,0.0,False,False,37.243
9,0.45,1,drowsy,drowsy,1.0,0.0,1.0,0.0,0.0,0.0,0.739045,0.769923,0.35,0.755041,0.755041,0.755041,0.755041,0.755041,0.755041,False,False,False,0.0,False,True,37.608
10,0.5,1,drowsy,drowsy,1.0,0.0,1.0,0.0,0.0,0.0,0.746738,0.772787,0.4,0.754218,0.754218,0.754218,0.754218,0.754218,0.754218,False,False,False,0.0,False,True,46.65
11,0.55,1,drowsy,drowsy,1.0,0.0,1.0,0.0,0.0,0.0,0.738332,0.777834,0.45,0.752776,0.752776,0.752776,0.752776,0.752776,0.752776,False,False,False,0.0,False,True,37.511
12,0.6,1,drowsy,drowsy,1.0,0.0,1.0,0.0,0.0,0.0,0.765753,0.778291,0.5,0.753856,0.753856,0.753856,0.753856,0.753856,0.753856,False,False,False,0.0,False,True,38.099
13,0.65,1,drowsy,drowsy,1.0,0.0,1.0,0.0,0.0,0.0,0.779363,0.777318,0.55,0.755814,0.755814,0.755814,0.755814,0.755814,0.755814,False,False,False,0.0,False,True,37.157
14,0.7,1,drowsy,drowsy,1.0,0.0,1.0,0.0,0.0,0.0,0.778514,0.776105,0.6,0.757429,0.757429,0.757429,0.757429,0.757429,0.757429,False,False,False,0.0,False,True,36.823
15,0.75,1,drowsy,drowsy,1.0,0.0,1.0,0.0,0.0,0.0,0.775223,0.779828,0.65,0.758617,0.758617,0.758617,0.758617,0.758617,0.758617,False,False,False,0.0,False,True,45.788
16,0.8,1,drowsy,drowsy,1.0,0.0,1.0,0.0,0.0,0.0,0.783738,0.773571,0.7,0.760176,0.760176,0.760176,0.760176,0.760176,0.760176,False,False,False,0.0,False,True,36.89
17,0.85,1,drowsy,drowsy,1.0,0.0,1.0,0.0,0.0,0.0,0.781783,0.767949,0.75,0.761431,0.761431,0.761431,0.761431,0.761431,0.761431,False,False,False,0.0,False,True,36.899
18,0.9,1,drowsy,drowsy,1.0,0.0,1.0,0.0,0.0,0.0,0.785351,0.766457,0.8,0.762741,0.762741,0.762741,0.762741,0.762741,0.762741,False,False,False,0.0,False,True,37.033
19,0.95,1,drowsy,drowsy,1.0,0.0,1.0,0.0,0.0,0.0,0.790289,0.767699,0.85,0.764174,0.764174,0.764174,0.764174,0.764174,0.764174,False,False,False,0.0,False,True,37.061
20,1.0,1,drowsy,drowsy,1.0,0.0,1.0,0.0,0.0,0.0,0.803079,0.758846,0.9,0.766076,0.766076,0.766076,0.766076,0.766076,0.766076,False,False,False,0.0,False,True,45.802
21,1.05,1,drowsy,drowsy,1.0,0.0,1.0,0.0,0.0,0.0,0.816603,0.747395,0.95,0.768397,0.768397,0.768397,0.768397,0.768397,0.768397,False,False,False,0.0,False,True,36.965
22,1.1,1,drowsy,drowsy,1.0,0.0,1.0,0.0,0.0,0.0,0.83689,0.734204,1.0,0.771355,0.771355,0.771355,0.771355,0.771355,0.771355,False,False,False,0.0,False,True,36.808
23,1.15,1,drowsy,drowsy,1.0,0.0,1.0,0.0,0.0,0.0,0.843685,0.726091,1.05,0.774318,0.774318,0.774318,0.774318,0.774318,0.774318,False,False,False,0.0,False,True,36.834
24,1.2,1,drowsy,drowsy,1.0,0.0,1.0,0.0,0.0,0.0,0.841645,0.723359,1.1,0.776957,0.776957,0.776957,0.776957,0.776957,0.776957,False,False,False,0.0,False,True,37.089
25,1.25,1,drowsy,drowsy,1.0,0.0,1.0,0.0,0.0,0.0,0.855804,0.709512,1.15,0.779877,0.779877,0.779877,0.779877,0.779877,0.779877,False,False,False,0.0,False,True,45.788
26,1.3,1,drowsy,drowsy,1.0,0.0,1.0,0.0,0.0,0.0,0.861144,0.698143,1.2,0.782734,0.782734,0.782734,0.782734,0.782734,0.782734,False,False,False,0.0,False,True,36.67
27,1.35,1,drowsy,drowsy,1.0,0.0,1.0,0.0,0.0,0.0,0.870983,0.686186,1.25,0.785681,0.785681,0.785681,0.785681,0.785681,0.785681,False,False,False,0.0,False,True,36.887
28,1.4,1,drowsy,drowsy,1.0,0.0,1.0,0.0,0.0,0.0,0.87745,0.677174,1.3,0.788609,0.788609,0.788609,0.788609,0.788609,0.788609,False,False,False,0.0,False,True,36.913
29,1.45,1,drowsy,drowsy,1.0,0.0,1.0,0.0,0.0,0.0,0.88311,0.671741,1.35,0.791509,0.791509,0.791509,0.791509,0.791509,0.791509,False,False,False,0.0,False,True,36.92
30,1.5,1,drowsy,drowsy,1.0,0.0,1.0,0.0,0.0,0.0,0.885503,0.667204,1.4,0.794288,0.794288,0.794288,0.794288,0.794288,0.794288,False,False,False,0.0,False,True,46.141
31,1.55,1,drowsy,drowsy,1.0,0.0,1.0,0.0,0.0,0.0,0.88707,0.66633,1.45,0.79695,0.79695,0.79695,0.79695,0.79695,0.79695,False,False,False,0.0,False,True,37.633
32,1.6,1,drowsy,drowsy,1.0,0.0,1.0,0.0,0.0,0.0,0.885888,0.66586,1.5,0.799429,0.799429,0.799429,0.799429,0.799429,0.799429,False,False,False,0.0,False,True,37.18
33,1.65,1,drowsy,drowsy,1.0,0.0,1.0,0.0,0.0,0.0,0.886721,0.664324,1.55,0.80179,0.80179,0.80179,0.80179,0.80179,0.80179,False,False,False,0.0,False,True,37.783
34,1.7,1,drowsy,drowsy,1.0,0.0,1.0,0.0,0.0,0.0,0.884374,0.661808,1.6,0.803957,0.803957,0.803957,0.803957,0.803957,0.803957,False,False,False,0.0,False,True,37.784
35,1.75,1,drowsy,drowsy,1.0,0.0,1.0,0.0,0.0,0.0,0.88106,0.659848,1.65,0.805923,0.805923,0.805923,0.805923,0.805923,0.805923,False,False,False,0.0,False,True,45.879
36,1.8,1,drowsy,drowsy,1.0,0.0,1.0,0.0,0.0,0.0,0.880185,0.65941,1.7,0.807768,0.807768,0.807768,0.807768,0.807768,0.807768,False,False,False,0.0,False,True,37.088
37,1.85,1,drowsy,drowsy,1.0,0.0,1.0,0.0,0.0,0.0,0.881133,0.66105,1.75,0.809551,0.809551,0.809551,0.809551,0.809551,0.809551,False,False,False,0.0,False,True,37.133
38,1.9,1,drowsy,drowsy,1.0,0.0,1.0,0.0,0.0,0.0,0.870117,0.66498,1.8,0.810997,0.810997,0.810997,0.810997,0.810997,0.810997,False,False,False,0.0,False,True,37.668
39,1.95,1,drowsy,drowsy,1.0,0.0,1.0,0.0,0.0,0.0,0.87623,0.666736,1.85,0.812521,0.812521,0.812521,0.812521,0.812521,0.812521,False,False,False,0.0,False,True,37.6
40,2.0,1,drowsy,drowsy,1.0,0.0,1.0,0.0,0.0,0.0,0.855786,0.677867,1.9,0.813525,0.813525,0.813525,0.813525,0.813525,0.813525,False,False,False,0.0,False,True,46.317
41,2.05,1,drowsy,drowsy,1.0,0.0,1.0,0.0,0.0,0.0,0.844756,0.687369,1.95,0.814243,0.814243,0.814243,0.814243,0.814243,0.814243,False,False,False,0.0,False,True,37.148
42,2.1,2,microsleep,microsleep,1.0,0.0,0.0,1.0,0.0,0.0,0.840385,0.693081,2.0,0.814835,0.814835,0.814835,0.814835,0.814835,0.814835,False,False,False,0.0,True,True,37.295
43,2.15,2,microsleep,microsleep,1.0,0.0,0.0,1.0,0.0,0.0,0.84231,0.693857,2.05,0.815445,0.815445,0.815445,0.815445,0.815445,0.815445,False,False,False,0.0,True,True,36.939
44,2.2,2,microsleep,microsleep,1.0,0.0,0.0,1.0,0.0,0.0,0.84229,0.695371,2.1,0.816029,0.816029,0.816029,0.816029,0.816029,0.816029,False,False,False,0.0,True,True,37.225
45,2.25,2,microsleep,microsleep,1.0,0.0,0.0,1.0,0.0,0.0,0.826064,0.70803,2.15,0.816246,0.816246,0.816246,0.816246,0.816246,0.816246,False,False,False,0.0,True,True,45.84
46,2.3,2,microsleep,microsleep,1.0,0.0,0.0,1.0,0.0,0.0,0.820513,0.714,2.2,0.816337,0.816337,0.816337,0.816337,0.816337,0.816337,False,False,False,0.0,True,True,36.726
47,2.35,2,microsleep,microsleep,1.0,0.0,0.0,1.0,0.0,0.0,0.761962,0.730552,2.25,0.815173,0.815173,0.815173,0.815173,0.815173,0.815173,False,False,False,0.0,True,True,36.735
48,2.4,2,microsleep,microsleep,1.0,0.0,0.0,1.0,0.0,0.0,0.733263,0.744318,2.3,0.813425,0.813425,0.813425,0.813425,0.813425,0.813425,False,False,False,0.0,True,True,36.731
49,2.45,2,microsleep,microsleep,1.0,0.0,0.0,1.0,0.0,0.0,0.758224,0.748506,2.35,0.812265,0.812265,0.812265,0.812265,0.812265,0.812265,False,False,False,0.0,True,True,36.88
50,2.5,2,microsleep,microsleep,1.0,0.0,0.0,1.0,0.0,0.0,0.770072,0.747099,2.4,0.811399,0.811399,0.811399,0.811399,0.811399,0.811399,False,False,False,0.0,True,True,46.58
51,2.55,2,microsleep,microsleep,1.0,0.0,0.0,1.0,0.0,0.0,0.7477,0.759983,2.45,0.810095,0.810095,0.810095,0.810095,0.810095,0.810095,False,False,False,0.0,True,True,37.388
52,2.6,2,microsleep,microsleep,1.0,0.0,0.0,1.0,0.0,0.0,0.748035,0.767582,2.5,0.808838,0.808838,0.808838,0.808838,0.808838,0.808838,False,False,False,0.0,True,True,37.172
53,2.65,2,microsleep,microsleep,1.0,0.0,0.0,1.0,0.0,0.0,0.769996,0.769999,2.55,0.808065,0.808065,0.808065,0.808065,0.808065,0.808065,False,False,False,0.0,True,True,38.215
54,2.7,2,microsleep,microsleep,1.0,0.0,0.0,1.0,0.0,0.0,0.783232,0.765038,2.6,0.807583,0.807583,0.807583,0.807583,0.807583,0.807583,False,False,False,0.0,True,True,37.112
55,2.75,2,microsleep,microsleep,1.0,0.0,0.0,1.0,0.0,0.0,0.777042,0.769222,2.65,0.806998,0.806998,0.806998,0.806998,0.806998,0.806998,False,False,False,0.0,True,True,45.635
56,2.8,2,microsleep,microsleep,1.0,0.0,0.0,1.0,0.0,0.0,0.765799,0.774522,2.7,0.80622,0.80622,0.80622,0.80622,0.80622,0.80622,False,False,False,0.0,True,True,36.742
57,2.85,2,microsleep,microsleep,1.0,0.0,0.0,1.0,0.0,0.0,0.774425,0.766432,2.75,0.805636,0.805636,0.805636,0.805636,0.805636,0.805636,False,False,False,0.0,True,True,37.004
58,2.9,2,microsleep,microsleep,1.0,0.0,0.0,1.0,0.0,0.0,0.769885,0.765196,2.8,0.804992,0.804992,0.804992,0.804992,0.804992,0.804992,False,False,False,0.0,True,True,36.837
59,2.95,2,microsleep,microsleep,1.0,0.0,0.0,1.0,0.0,0.0,0.783433,0.765173,2.85,0.804611,0.804611,0.804611,0.804611,0.804611,0.804611,False,False,False,0.0,True,True,36.734
60,3.0,2,microsleep,microsleep,1.0,0.0,0.0,1.0,0.0,0.0,0.752663,0.779142,2.9,0.803692,0.803692,0.803692,0.803692,0.803692,0.803692,False,False,False,0.0,True,True,45.592
61,3.05,2,microsleep,microsleep,1.0,0.0,0.0,1.0,0.0,0.0,0.798582,0.760776,2.95,0.803606,0.803606,0.803606,0.803606,0.803606,0.803606,False,False,False,0.0,True,True,37.161
62,3.1,2,microsleep,microsleep,1.0,0.0,0.0,1.0,0.0,0.0,0.829269,0.744106,3.0,0.804025,0.804025,0.804025,0.804025,0.804025,0.804025,False,False,False,0.0,True,True,36.964
63,3.15,2,microsleep,microsleep,1.0,0.0,0.0,1.0,0.0,0.0,0.837128,0.733386,3.05,0.804549,0.804549,0.804549,0.804549,0.804549,0.804549,False,False,False,0.0,True,True,37.282
64,3.2,2,microsleep,microsleep,1.0,0.0,0.0,1.0,0.0,0.0,0.83966,0.728179,3.1,0.805093,0.805093,0.805093,0.805093,0.805093,0.805093,False,False,False,0.0,True,True,37.425
65,3.25,2,microsleep,microsleep,1.0,0.0,0.0,1.0,0.0,0.0,0.853093,0.714553,3.15,0.805812,0.805812,0.805812,0.805812,0.805812,0.805812,False,False,False,0.0,True,True,45.96
66,3.3,2,microsleep,microsleep,1.0,0.0,0.0,1.0,0.0,0.0,0.857264,0.70238,3.2,0.806558,0.806558,0.806558,0.806558,0.806558,0.806558,False,False,False,0.0,True,True,36.885
67,3.35,2,microsleep,microsleep,1.0,0.0,0.0,1.0,0.0,0.0,0.868017,0.691058,3.25,0.807422,0.807422,0.807422,0.807422,0.807422,0.807422,False,False,False,0.0,True,True,36.887
68,3.4,2,microsleep,microsleep,1.0,0.0,0.0,1.0,0.0,0.0,0.877634,0.680379,3.3,0.808381,0.808381,0.808381,0.808381,0.808381,0.808381,False,False,False,0.0,True,True,36.831
69,3.45,2,microsleep,microsleep,1.0,0.0,0.0,1.0,0.0,0.0,0.881714,0.674841,3.35,0.809362,0.809362,0.809362,0.809362,0.809362,0.809362,False,False,False,0.0,True,True,36.98
70,3.5,2,microsleep,microsleep,1.0,0.0,0.0,1.0,0.0,0.0,0.884553,0.668315,3.4,0.810344,0.810344,0.810344,0.810344,0.810344,0.810344,False,False,False,0.0,True,True,45.621
71,3.55,2,microsleep,microsleep,1.0,0.0,0.0,1.0,0.0,0.0,0.887152,0.666299,3.45,0.811332,0.811332,0.811332,0.811332,0.811332,0.811332,False,False,False,0.0,True,True,36.867
72,3.6,2,microsleep,microsleep,1.0,0.0,0.0,1.0,0.0,0.0,0.886529,0.666221,3.5,0.812286,0.812286,0.812286,0.812286,0.812286,0.812286,False,False,False,0.0,True,True,36.611
73,3.65,2,microsleep,microsleep,1.0,0.0,0.0,1.0,0.0,0.0,0.886969,0.664461,3.55,0.81322,0.81322,0.81322,0.81322,0.81322,0.81322,False,False,False,0.0,True,True,36.739
74,3.7,2,microsleep,microsleep,1.0,0.0,0.0,1.0,0.0,0.0,0.887648,0.663399,3.6,0.814137,0.814137,0.814137,0.814137,0.814137,0.814137,False,False,False,0.0,True,True,37.152
75,3.75,2,microsleep,microsleep,1.0,0.0,0.0,1.0,0.0,0.0,0.881574,0.660667,3.65,0.814955,0.814955,0.814955,0.814955,0.814955,0.814955,False,False,False,0.0,True,True,45.98
76,3.8,2,microsleep,microsleep,1.0,0.0,0.0,1.0,0.0,0.0,0.879031,0.662306,3.7,0.815725,0.815725,0.815725,0.815725,0.815725,0.815725,False,False,False,0.0,True,True,37.149
77,3.85,2,microsleep,microsleep,1.0,0.0,0.0,1.0,0.0,0.0,0.87998,0.663818,3.75,0.816489,0.816489,0.816489,0.816489,0.816489,0.816489,False,False,False,0.0,True,True,36.848
78,3.9,2,microsleep,microsleep,1.0,0.0,0.0,1.0,0.0,0.0,0.876604,0.664445,3.8,0.817197,0.817197,0.817197,0.817197,0.817197,0.817197,False,False,False,0.0,True,True,37.839
79,3.95,2,microsleep,microsleep,1.0,0.0,0.0,1.0,0.0,0.0,0.878207,0.664498,3.85,0.817906,0.817906,0.817906,0.817906,0.817906,0.817906,False,False,False,0.0,True,True,37.419
80,4.0,2,microsleep,microsleep,1.0,0.0,0.0,1.0,0.0,0.0,0.876735,0.666045,3.9,0.818584,0.818584,0.818584,0.818584,0.818584,0.818584,False,False,False,0.0,True,True,46.302
81,4.05,2,microsleep,microsleep,1.0,0.0,0.0,1.0,0.0,0.0,0.855788,0.677304,3.95,0.819015,0.819015,0.819015,0.819015,0.819015,0.819015,False,False,False,0.0,True,True,37.432
82,4.1,2,microsleep,microsleep,1.0,0.0,0.0,1.0,0.0,0.0,0.84937,0.684494,4.0,0.819367,0.819367,0.819367,0.819367,0.819367,0.819367,False,False,False,0.0,True,True,37.161
83,4.15,2,microsleep,microsleep,1.0,0.0,0.0,1.0,0.0,0.0,0.847529,0.687556,4.05,0.81969,0.81969,0.81969,0.81969,0.81969,0.81969,False,False,False,0.0,True,True,37.084
84,4.2,2,microsleep,microsleep,1.0,0.0,0.0,1.0,0.0,0.0,0.846376,0.690083,4.1,0.819994,0.819994,0.819994,0.819994,0.819994,0.819994,False,False,False,0.0,True,True,36.623
85,4.25,2,microsleep,microsleep,1.0,0.0,0.0,1.0,0.0,0.0,0.845552,0.688975,4.15,0.820282,0.820282,0.820282,0.820282,0.820282,0.820282,False,False,False,0.0,True,True,45.781
86,4.3,2,microsleep,microsleep,1.0,0.0,0.0,1.0,0.0,0.0,0.832447,0.697566,4.2,0.820419,0.820419,0.820419,0.820419,0.820419,0.820419,False,False,False,0.0,True,True,37.102
87,4.35,2,microsleep,microsleep,1.0,0.0,0.0,1.0,0.0,0.0,0.789412,0.726471,4.25,0.820059,0.820059,0.820059,0.820059,0.820059,0.820059,False,False,False,0.0,True,True,37.001
88,4.4,2,microsleep,microsleep,1.0,0.0,0.0,1.0,0.0,0.0,0.753267,0.737398,4.3,0.819282,0.819282,0.819282,0.819282,0.819282,0.819282,False,False,False,0.0,True,True,37.496
89,4.45,2,microsleep,microsleep,1.0,0.0,0.0,1.0,0.0,0.0,0.714755,0.758794,4.35,0.818046,0.818046,0.818046,0.818046,0.818046,0.818046,False,False,False,0.0,True,True,37.648
90,4.5,2,microsleep,microsleep,1.0,0.0,0.0,1.0,0.0,0.0,0.749246,0.755346,4.4,0.817245,0.817245,0.817245,0.817245,0.817245,0.817245,False,False,False,0.0,True,True,46.106
91,4.55,2,microsleep,microsleep,1.0,0.0,0.0,1.0,0.0,0.0,0.750901,0.760531,4.45,0.816477,0.816477,0.816477,0.816477,0.816477,0.816477,False,False,False,0.0,True,True,37.714
92,4.6,2,microsleep,microsleep,1.0,0.0,0.0,1.0,0.0,0.0,0.749338,0.766648,4.5,0.815702,0.815702,0.815702,0.815702,0.815702,0.815702,False,False,False,0.0,True,True,37.211
93,4.65,2,microsleep,microsleep,1.0,0.0,0.0,1.0,0.0,0.0,0.769275,0.767344,4.55,0.815172,0.815172,0.815172,0.815172,0.815172,0.815172,False,False,False,0.0,True,True,36.923
94,4.7,2,microsleep,microsleep,1.0,0.0,0.0,1.0,0.0,0.0,0.782088,0.763581,4.6,0.8148,0.8148,0.8148,0.8148,0.8148,0.8148,False,False,False,0.0,True,True,36.817
95,4.75,2,microsleep,microsleep,1.0,0.0,0.0,1.0,0.0,0.0,0.780154,0.764854,4.65,0.814414,0.814414,0.814414,0.814414,0.814414,0.814414,False,False,False,0.0,True,True,45.865
96,4.8,2,microsleep,microsleep,1.0,0.0,0.0,1.0,0.0,0.0,0.771937,0.769816,4.7,0.813944,0.813944,0.813944,0.813944,0.813944,0.813944,False,False,False,0.0,True,True,37.056
97,4.85,2,microsleep,microsleep,1.0,0.0,0.0,1.0,0.0,0.0,0.782309,0.764862,4.75,0.813599,0.813599,0.813599,0.813599,0.813599,0.813599,False,False,False,0.0,True,True,37.186
98,4.9,2,microsleep,microsleep,1.0,0.0,0.0,1.0,0.0,0.0,0.770211,0.767104,4.8,0.813131,0.813131,0.813131,0.813131,0.813131,0.813131,False,False,False,0.0,True,True,36.991
99,4.95,2,microsleep,microsleep,1.0,0.0,0.0,1.0,0.0,0.0,0.777174,0.7664,4.85,0.812747,0.812747,0.812747,0.812747,0.812747,0.812747,False,False,False,0.0,True,True,37.068
100,5.0,2,microsleep,microsleep,1.0,0.0,0.0,1.0,0.0,0.0,0.747766,0.781022,4.9,0.812047,0.812047,0.812047,0.812047,0.812047,0.812047,False,False,False,0.0,True,True,45.807
101,5.05,2,microsleep,microsleep,1.0,0.0,0.0,1.0,0.0,0.0,0.785426,0.76866,4.95,0.811768,0.811768,0.811768,0.811768,0.811768,0.811768,False,False,False,0.0,True,True,37.269
102,5.1,2,microsleep,microsleep,1.0,0.0,0.0,1.0,0.0,0.0,0.824264,0.750338,5.0,0.811895,0.811895,0.811895,0.811895,0.811895,0.811895,False,False,False,0.0,True,True,37.206
103,5.15,2,microsleep,microsleep,1.0,0.0,0.0,1.0,0.0,0.0,0.836024,0.736468,5.05,0.812132,0.812132,0.812132,0.812132,0.812132,0.812132,False,False,False,0.0,True,True,37.145
104,5.2,2,microsleep,microsleep,1.0,0.0,0.0,1.0,0.0,0.0,0.840217,0.728545,5.1,0.812403,0.812403,0.812403,0.812403,0.812403,0.812403,False,False,False,0.0,True,True,37.247
105,5.25,2,microsleep,microsleep,1.0,0.0,0.0,1.0,0.0,0.0,0.841235,0.724021,5.15,0.812677,0.812677,0.812677,0.812677,0.812677,0.812677,False,False,False,0.0,True,True,46.126
106,5.3,2,microsleep,microsleep,1.0,0.0,0.0,1.0,0.0,0.0,0.852238,0.709142,5.2,0.813041,0.813041,0.813041,0.813041,0.813041,0.813041,False,False,False,0.0,True,True,37.119
107,5.35,2,microsleep,microsleep,1.0,0.0,0.0,1.0,0.0,0.0,0.859637,0.698644,5.25,0.81346,0.81346,0.81346,0.81346,0.81346,0.81346,False,False,False,0.0,True,True,36.984
108,5.4,2,microsleep,microsleep,1.0,0.0,0.0,1.0,0.0,0.0,0.874304,0.68601,5.3,0.813993,0.813993,0.813993,0.813993,0.813993,0.813993,False,False,False,0.0,True,True,37.386
109,5.45,2,microsleep,microsleep,1.0,0.0,0.0,1.0,0.0,0.0,0.878541,0.677624,5.35,0.814546,0.814546,0.814546,0.814546,0.814546,0.814546,False,False,False,0.0,True,True,36.849
110,5.5,2,microsleep,microsleep,1.0,0.0,0.0,1.0,0.0,0.0,0.884036,0.669618,5.4,0.81513,0.81513,0.81513,0.81513,0.81513,0.81513,False,False,False,0.0,True,True,46.057
111,5.55,2,microsleep,microsleep,1.0,0.0,0.0,1.0,0.0,0.0,0.886184,0.666006,5.45,0.815719,0.815719,0.815719,0.815719,0.815719,0.815719,False,False,False,0.0,True,True,36.857
112,5.6,2,microsleep,microsleep,1.0,0.0,0.0,1.0,0.0,0.0,0.886444,0.666701,5.5,0.8163,0.8163,0.8163,0.8163,0.8163,0.8163,False,False,False,0.0,True,True,37.148
113,5.65,2,microsleep,microsleep,1.0,0.0,0.0,1.0,0.0,0.0,0.8856,0.665717,5.55,0.816865,0.816865,0.816865,0.816865,0.816865,0.816865,False,False,False,0.0,True,True,37.074
114,5.7,2,microsleep,microsleep,1.0,0.0,0.0,1.0,0.0,0.0,0.886983,0.664739,5.6,0.817431,0.817431,0.817431,0.817431,0.817431,0.817431,False,False,False,0.0,True,True,36.956
115,5.75,2,microsleep,microsleep,1.0,0.0,0.0,1.0,0.0,0.0,0.883961,0.662615,5.65,0.817962,0.817962,0.817962,0.817962,0.817962,0.817962,False,False,False,0.0,True,True,45.779
116,5.8,2,microsleep,microsleep,1.0,0.0,0.0,1.0,0.0,0.0,0.87946,0.663059,5.7,0.818449,0.818449,0.818449,0.818449,0.818449,0.818449,False,False,False,0.0,True,True,36.853
117,5.85,2,microsleep,microsleep,1.0,0.0,0.0,1.0,0.0,0.0,0.87928,0.661691,5.75,0.818926,0.818926,0.818926,0.818926,0.818926,0.818926,False,False,False,0.0,True,True,37.002
118,5.9,2,microsleep,microsleep,1.0,0.0,0.0,1.0,0.0,0.0,0.877067,0.663359,5.8,0.819379,0.819379,0.819379,0.819379,0.819379,0.819379,False,False,False,0.0,True,True,36.876
119,5.95,2,microsleep,microsleep,1.0,0.0,0.0,1.0,0.0,0.0,0.868061,0.667471,5.85,0.819759,0.819759,0.819759,0.819759,0.819759,0.819759,False,False,False,0.0,True,True,37.81
120,6.0,2,microsleep,microsleep,1.0,0.0,0.0,1.0,0.0,0.0,0.873336,0.669723,5.9,0.820174,0.820174,0.820174,0.820174,0.820174,0.820174,False,False,False,0.0,True,True,46.537
121,6.05,2,microsleep,microsleep,1.0,0.0,0.0,1.0,0.0,0.0,0.85502,0.680909,5.95,0.820447,0.820447,0.820447,0.820447,0.820447,0.820447,False,False,False,0.0,True,True,37.665
122,6.1,2,microsleep,microsleep,1.0,0.0,0.0,1.0,0.0,0.0,0.847775,0.687344,6.0,0.820661,0.820661,0.820661,0.820661,0.820661,0.820661,False,False,False,0.0,True,True,37.471
123,6.15,2,microsleep,microsleep,1.0,0.0,0.0,1.0,0.0,0.0,0.84682,0.690519,6.05,0.820865,0.820865,0.820865,0.820865,0.820865,0.820865,False,False,False,0.0,True,True,37.822
124,6.2,2,microsleep,microsleep,1.0,0.0,0.0,1.0,0.0,0.0,0.845942,0.691721,6.1,0.82106,0.82106,0.82106,0.82106,0.82106,0.82106,False,False,False,0.0,True,True,38.104
125,6.25,2,microsleep,microsleep,1.0,0.0,0.0,1.0,0.0,0.0,0.84517,0.690251,6.15,0.821245,0.821245,0.821245,0.821245,0.821245,0.821245,False,False,False,0.0,True,True,46.414
126,6.3,2,microsleep,microsleep,1.0,0.0,0.0,1.0,0.0,0.0,0.829348,0.70385,6.2,0.821308,0.821308,0.821308,0.821308,0.821308,0.821308,False,False,False,0.0,True,True,38.111
127,6.35,2,microsleep,microsleep,1.0,0.0,0.0,1.0,0.0,0.0,0.788646,0.730478,6.25,0.821046,0.821046,0.821046,0.821046,0.821046,0.821046,False,False,False,0.0,True,True,37.53
128,6.4,2,microsleep,microsleep,1.0,0.0,0.0,1.0,0.0,0.0,0.733054,0.742085,6.3,0.820337,0.820337,0.820337,0.820337,0.820337,0.820337,False,False,False,0.0,True,True,37.542
129,6.45,2,microsleep,microsleep,1.0,0.0,0.0,1.0,0.0,0.0,0.702517,0.763269,6.35,0.819367,0.819367,0.819367,0.819367,0.819367,0.819367,False,False,False,0.0,True,True,37.357
130,6.5,2,microsleep,microsleep,1.0,0.0,0.0,1.0,0.0,0.0,0.744389,0.759034,6.4,0.818758,0.818758,0.818758,0.818758,0.818758,0.818758,False,False,False,0.0,True,True,45.88
131,6.55,2,microsleep,microsleep,1.0,0.0,0.0,1.0,0.0,0.0,0.746645,0.762972,6.45,0.818175,0.818175,0.818175,0.818175,0.818175,0.818175,False,False,False,0.0,True,True,37.019
132,6.6,2,microsleep,microsleep,1.0,0.0,0.0,1.0,0.0,0.0,0.731071,0.770878,6.5,0.817468,0.817468,0.817468,0.817468,0.817468,0.817468,False,False,False,0.0,True,True,37.105
133,6.65,2,microsleep,microsleep,1.0,0.0,0.0,1.0,0.0,0.0,0.759769,0.772654,6.55,0.817003,0.817003,0.817003,0.817003,0.817003,0.817003,False,False,False,0.0,True,True,36.991
134,6.7,2,microsleep,microsleep,1.0,0.0,0.0,1.0,0.0,0.0,0.773776,0.772689,6.6,0.816657,0.816657,0.816657,0.816657,0.816657,0.816657,False,False,False,0.0,True,True,37.074
135,6.75,2,microsleep,microsleep,1.0,0.0,0.0,1.0,0.0,0.0,0.775615,0.770896,6.65,0.816332,0.816332,0.816332,0.816332,0.816332,0.816332,False,False,False,0.0,True,True,45.906
136,6.8,2,microsleep,microsleep,1.0,0.0,0.0,1.0,0.0,0.0,0.774139,0.773594,6.7,0.816,0.816,0.816,0.816,0.816,0.816,False,False,False,0.0,True,True,37.107
137,6.85,2,microsleep,microsleep,1.0,0.0,0.0,1.0,0.0,0.0,0.782162,0.76745,6.75,0.815737,0.815737,0.815737,0.815737,0.815737,0.815737,False,False,False,0.0,True,True,37.161
138,6.9,2,microsleep,microsleep,1.0,0.0,0.0,1.0,0.0,0.0,0.782316,0.762765,6.8,0.815481,0.815481,0.815481,0.815481,0.815481,0.815481,False,False,False,0.0,True,True,37.376
139,6.95,2,microsleep,microsleep,1.0,0.0,0.0,1.0,0.0,0.0,0.782354,0.763396,6.85,0.815229,0.815229,0.815229,0.815229,0.815229,0.815229,False,False,False,0.0,True,True,37.473
140,7.0,2,microsleep,microsleep,1.0,0.0,0.0,1.0,0.0,0.0,0.569546,0.849994,6.9,0.813167,0.813167,0.813167,0.813167,0.813167,0.813167,False,False,False,0.0,True,True,46.247
141,7.05,1,drowsy,drowsy,1.0,0.0,1.0,0.0,0.0,0.0,0.435892,0.897329,0.0,0.809854,0.809854,0.809854,0.809854,0.809854,0.809854,False,False,False,0.0,False,True,37.213
142,7.1,1,drowsy,drowsy,1.0,0.0,1.0,0.0,0.0,0.0,0.285206,0.924612,0.0,0.805149,0.805149,0.805149,0.802591,0.802591,0.802591,False,False,False,0.0,False,True,37.042
143,7.15,3,yawning,yawning,0.495096,0.022794,0.473567,0.0,0.495096,0.008543,0.131291,0.942399,0.0,0.799045,0.799045,0.799045,0.795321,0.795321,0.795321,False,False,False,0.0,False,False,37.365
144,7.2,3,yawning,yawning,0.952029,0.010924,0.03416,0.0,0.952029,0.002887,0.058446,0.953,0.0,0.792323,0.792323,0.792323,0.788102,0.788102,0.788102,False,False,False,0.0,False,False,37.195
145,7.25,3,yawning,yawning,0.991788,0.004077,0.003221,0.0,0.991788,0.000914,0.043324,0.956221,0.0,0.785563,0.785563,0.785563,0.78099,0.78099,0.78099,False,False,False,0.0,False,False,46.081
146,7.3,3,yawning,yawning,0.996372,0.002272,0.000889,0.0,0.996372,0.000466,0.423319,0.867187,0.0,0.782622,0.782622,0.782622,0.774649,0.774649,0.774649,False,False,False,0.0,False,False,37.16
147,7.35,3,yawning,yawning,0.997526,0.001672,0.000471,0.0,0.997526,0.000332,0.535661,0.812549,0.0,0.780758,0.780758,0.780758,0.768801,0.768801,0.768801,False,False,False,0.0,False,False,37.092
148,7.4,3,yawning,yawning,0.997896,0.001462,0.000354,0.0,0.997896,0.000288,0.633671,0.811995,0.0,0.779657,0.779657,0.779657,0.763045,0.763045,0.763045,False,False,False,0.0,False,False,36.928
149,7.45,3,yawning,yawning,0.998087,0.001349,0.000301,0.0,0.998087,0.000264,0.741675,0.802216,0.0,0.779378,0.779378,0.779378,0.757441,0.757441,0.757441,False,False,False,0.0,False,False,36.908
150,7.5,3,yawning,yawning,0.998176,0.001296,0.000277,0.0,0.998176,0.000251,0.797539,0.785597,0.0,0.779507,0.779507,0.779507,0.752033,0.752033,0.752033,False,False,False,0.0,False,False,45.73
151,7.55,3,yawning,yawning,0.998221,0.001268,0.000265,0.0,0.998221,0.000245,0.825439,0.771001,0.0,0.779827,0.779827,0.779827,0.7468,0.7468,0.7468,False,False,False,0.0,False,False,37.216
152,7.6,3,yawning,yawning,0.998253,0.001254,0.000256,0.0,0.998253,0.000237,0.839974,0.757104,0.05,0.780235,0.780235,0.780235,0.741732,0.741732,0.741732,False,False,False,0.0,False,False,37.165
153,7.65,3,yawning,yawning,0.998278,0.001242,0.000249,0.0,0.998278,0.000231,0.850343,0.747501,0.1,0.780702,0.780702,0.780702,0.736795,0.736795,0.736795,False,False,False,0.0,False,False,36.997
154,7.7,3,yawning,yawning,0.998272,0.001249,0.000248,0.0,0.998272,0.000231,0.85392,0.736252,0.15,0.781179,0.781179,0.781179,0.731996,0.731996,0.731996,False,False,False,0.0,False,False,37.117
155,7.75,3,yawning,yawning,0.998275,0.001252,0.000246,0.0,0.998275,0.000227,0.86122,0.724361,0.2,0.781688,0.781688,0.781688,0.727336,0.727336,0.727336,False,False,False,0.0,False,False,45.798
156,7.8,3,yawning,yawning,0.998274,0.00125,0.000247,0.0,0.998274,0.000228,0.868949,0.712916,0.25,0.782232,0.782232,0.782232,0.722806,0.722806,0.722806,False,False,False,0.0,False,False,37.1
157,7.85,3,yawning,yawning,0.998276,0.001248,0.000248,0.0,0.998276,0.000228,0.872363,0.707199,0.3,0.782785,0.782785,0.782785,0.771613,0.771613,0.771613,False,False,False,0.0,False,False,37.218
158,7.9,3,yawning,yawning,0.998295,0.001235,0.000245,0.0,0.998295,0.000225,0.876195,0.698105,0.35,0.783348,0.783348,0.783348,0.772243,0.772243,0.772243,False,False,False,0.0,False,False,37.021
159,7.95,3,yawning,yawning,0.998309,0.001223,0.000243,0.0,0.998309,0.000225,0.879926,0.689755,0.4,0.783919,0.783919,0.783919,0.77288,0.77288,0.77288,False,False,False,0.0,False,False,36.837
160,8.0,3,yawning,yawning,0.998335,0.001203,0.000239,0.0,0.998335,0.000223,0.879084,0.689308,0.45,0.784479,0.784479,0.784479,0.773504,0.773504,0.773504,False,False,False,0.0,False,False,46.381
161,8.05,3,yawning,yawning,0.998348,0.001189,0.000237,0.0,0.998348,0.000226,0.878178,0.683137,0.5,0.785021,0.785021,0.785021,0.77411,0.77411,0.77411,False,False,False,0.0,False,False,37.169
162,8.1,3,yawning,yawning,0.998351,0.001179,0.000238,0.0,0.998351,0.000232,0.879553,0.680825,0.55,0.785564,0.785564,0.785564,0.774716,0.774716,0.774716,False,False,False,0.0,False,False,37.021
163,8.15,3,yawning,yawning,0.998353,0.001173,0.000238,0.0,0.998353,0.000235,0.879697,0.677714,0.6,0.786099,0.786099,0.786099,0.775312,0.775312,0.775312,False,False,False,0.0,False,False,37.191
164,8.2,3,yawning,yawning,0.998343,0.001175,0.000241,0.0,0.998343,0.000241,0.881377,0.675445,0.65,0.786635,0.786635,0.786635,0.775909,0.775909,0.775909,False,False,False,0.0,False,False,36.959
165,8.25,3,yawning,yawning,0.998343,0.001169,0.000243,0.0,0.998343,0.000245,0.880869,0.670088,0.7,0.787158,0.787158,0.787158,0.776492,0.776492,0.776492,False,False,False,0.0,False,False,45.924
166,8.3,3,yawning,yawning,0.998348,0.001162,0.000244,0.0,0.998348,0.000246,0.880523,0.665455,0.75,0.78767,0.78767,0.78767,0.777063,0.777063,0.777063,False,False,False,0.0,False,False,37.0
167,8.35,3,yawning,yawning,0.998353,0.001156,0.000244,0.0,0.998353,0.000246,0.872386,0.661595,0.8,0.78813,0.78813,0.78813,0.77758,0.77758,0.77758,False,False,False,0.0,False,False,37.069
168,8.4,3,yawning,yawning,0.998338,0.001162,0.000249,0.0,0.998338,0.000251,0.871746,0.661624,0.85,0.788581,0.788581,0.788581,0.778088,0.778088,0.778088,False,False,False,0.0,False,False,37.001
169,8.45,3,yawning,yawning,0.998343,0.001161,0.000247,0.0,0.998343,0.000249,0.871855,0.669059,0.9,0.789033,0.789033,0.789033,0.778596,0.778596,0.778596,False,False,False,0.0,False,False,37.067
170,8.5,3,yawning,yawning,0.998364,0.001152,0.000241,0.0,0.998364,0.000243,0.854552,0.68425,0.95,0.789394,0.789394,0.789394,0.779016,0.779016,0.779016,False,False,False,0.0,False,False,45.934
171,8.55,3,yawning,yawning,0.998386,0.001143,0.000235,0.0,0.998386,0.000237,0.841174,0.688481,1.0,0.78968,0.78968,0.78968,0.779359,0.779359,0.779359,False,False,False,0.0,False,False,38.218
172,8.6,3,yawning,yawning,0.998375,0.001158,0.000232,0.0,0.998375,0.000235,0.779852,0.706446,1.05,0.789625,0.789625,0.789625,0.779362,0.779362,0.779362,False,False,False,0.0,False,False,37.12
173,8.65,3,yawning,yawning,0.998365,0.001175,0.000229,0.0,0.998365,0.000232,0.699106,0.732196,1.1,0.7891,0.7891,0.7891,0.778896,0.778896,0.778896,False,False,False,0.0,False,False,36.822
174,8.7,3,yawning,yawning,0.998382,0.001171,0.000222,0.0,0.998382,0.000225,0.585824,0.765007,1.15,0.787874,0.787874,0.787874,0.777732,0.777732,0.777732,False,False,False,0.0,False,False,36.893
175,8.75,3,yawning,yawning,0.998396,0.001171,0.000213,0.0,0.998396,0.000219,0.516397,0.81991,0.0,0.786131,0.786131,0.786131,0.776054,0.776054,0.776054,False,False,False,0.0,False,False,45.844
176,8.8,3,yawning,yawning,0.998406,0.001172,0.000207,0.0,0.998406,0.000215,0.460482,0.871049,0.0,0.783925,0.783925,0.783925,0.773916,0.773916,0.773916,False,False,False,0.0,False,False,37.143
177,8.85,3,yawning,yawning,0.998416,0.001171,0.000202,0.0,0.998416,0.000211,0.390376,0.90186,0.0,0.781184,0.781184,0.781184,0.771244,0.771244,0.771244,False,False,False,0.031006,False,False,38.228
178,8.9,3,yawning,yawning,0.998416,0.001174,0.0002,0.0,0.998416,0.00021,0.283501,0.923623,0.0,0.777659,0.777659,0.777659,0.765782,0.765782,0.765782,False,False,False,0.0,False,False,37.807
179,8.95,3,yawning,yawning,0.998421,0.001172,0.000198,0.0,0.998421,0.000209,0.172947,0.939725,0.0,0.773332,0.773332,0.773332,0.760303,0.760303,0.760303,False,False,False,0.0,False,False,37.011
180,9.0,3,yawning,yawning,0.99842,0.001173,0.000197,0.0,0.99842,0.000209,0.104019,0.947653,0.0,0.768537,0.768537,0.768537,0.754856,0.754856,0.754856,False,False,False,0.0,False,False,45.911
181,9.05,3,yawning,yawning,0.998421,0.001171,0.000197,0.0,0.998421,0.000211,0.067893,0.952331,0.0,0.763529,0.763529,0.763529,0.749461,0.749461,0.749461,False,False,False,0.0,False,False,36.978
182,9.1,3,yawning,yawning,0.998416,0.001177,0.000196,0.0,0.998416,0.000211,0.0719,0.949497,0.0,0.758636,0.758636,0.758636,0.744158,0.744158,0.744158,False,False,False,0.0,False,False,37.238
183,9.15,3,yawning,yawning,0.998403,0.001189,0.000196,0.0,0.998403,0.000211,0.071365,0.947864,0.0,0.753815,0.753815,0.753815,0.738938,0.738938,0.738938,False,False,False,0.0,False,False,37.463
184,9.2,3,yawning,yawning,0.998398,0.001199,0.000195,0.0,0.998398,0.000209,0.066013,0.946969,0.0,0.749029,0.749029,0.749029,0.733796,0.733796,0.733796,False,False,False,0.0,False,False,37.16
185,9.25,3,yawning,yawning,0.998395,0.001203,0.000194,0.0,0.998395,0.000209,0.061338,0.946468,0.0,0.744279,0.744279,0.744279,0.728728,0.728728,0.728728,False,False,False,0.0,False,False,45.574
186,9.3,3,yawning,yawning,0.998384,0.001213,0.000194,0.0,0.998384,0.000209,0.052646,0.948223,0.0,0.739526,0.739526,0.739526,0.72372,0.72372,0.72372,False,False,False,0.0,False,False,36.795
187,9.35,3,yawning,yawning,0.998379,0.001216,0.000195,0.0,0.998379,0.00021,0.052191,0.949346,0.0,0.734829,0.734829,0.734829,0.718775,0.718775,0.718775,False,False,False,0.0,False,False,36.896
188,9.4,3,yawning,yawning,0.99837,0.001224,0.000195,0.0,0.99837,0.000211,0.055948,0.948613,0.0,0.730225,0.730225,0.730225,0.7139,0.7139,0.7139,False,False,False,0.0,False,False,36.922
189,9.45,3,yawning,yawning,0.998358,0.001232,0.000196,0.0,0.998358,0.000214,0.104536,0.93928,0.0,0.726052,0.726052,0.726052,0.709138,0.709138,0.709138,False,False,False,0.0,False,False,36.901
190,9.5,3,yawning,yawning,0.998358,0.001229,0.000197,0.0,0.998358,0.000216,0.414061,0.883636,0.0,0.724106,0.724106,0.724106,0.704716,0.704716,0.704716,False,False,False,0.0,False,False,45.661
191,9.55,3,yawning,yawning,0.99836,0.001217,0.000201,0.0,0.99836,0.000222,0.524934,0.819141,0.0,0.722962,0.722962,0.722962,0.700666,0.700666,0.700666,False,False,False,0.0,False,False,36.934
192,9.6,3,yawning,yawning,0.998372,0.001201,0.000204,0.0,0.998372,0.000224,0.58205,0.817534,0.0,0.722158,0.722158,0.722158,0.69667,0.69667,0.69667,False,False,False,0.0,False,False,36.931
193,9.65,3,yawning,yawning,0.998405,0.001173,0.000202,0.0,0.998405,0.000219,0.591406,0.823009,0.0,0.721411,0.721411,0.721411,0.692692,0.692692,0.692692,False,False,False,0.0,False,False,36.968
194,9.7,3,yawning,yawning,0.998399,0.001178,0.000203,0.0,0.998399,0.00022,0.519566,0.864283,0.0,0.720209,0.720209,0.720209,0.688564,0.688564,0.688564,False,False,False,0.0,False,False,37.223
195,9.75,3,yawning,yawning,0.998399,0.001181,0.000202,0.0,0.998399,0.000218,0.465638,0.889309,0.0,0.718657,0.718657,0.718657,0.684368,0.684368,0.684368,False,False,False,0.0,False,False,45.988
196,9.8,3,yawning,yawning,0.998396,0.001189,0.000201,0.0,0.998396,0.000214,0.379967,0.9116,0.0,0.716554,0.716554,0.716554,0.680119,0.680119,0.680119,False,False,False,0.0,False,False,36.746
197,9.85,3,yawning,yawning,0.998371,0.001212,0.000201,0.0,0.998371,0.000216,0.211887,0.93431,0.0,0.713363,0.713363,0.713363,0.675818,0.675818,0.675818,False,False,False,0.0,False,False,36.791
198,9.9,3,yawning,yawning,0.998349,0.001232,0.000201,0.0,0.998349,0.000217,0.09507,0.94662,0.0,0.709427,0.709427,0.709427,0.671516,0.671516,0.671516,False,False,False,0.0,False,False,37.145
199,9.95,3,yawning,yawning,0.998348,0.001233,0.000201,0.0,0.998348,0.000218,0.054079,0.952726,0.0,0.705255,0.705255,0.705255,0.667241,0.667241,0.667241,True,False,False,0.0,False,False,37.041
200,10.0,3,yawning,yawning,0.998354,0.001233,0.000198,0.0,0.998354,0.000215,0.047847,0.953069,0.0,0.701226,0.701095,0.701095,0.663007,0.663019,0.663019,True,False,False,0.0,False,False,46.118
201,10.05,3,yawning,yawning,0.998369,0.001224,0.000195,0.0,0.998369,0.000213,0.046593,0.951366,0.0,0.696946,0.696987,0.696987,0.658514,0.658857,0.658857,True,False,False,0.0,False,False,37.018
202,10.1,3,yawning,yawning,0.998368,0.001226,0.000194,0.0,0.998368,0.000212,0.075354,0.944576,0.0,0.693066,0.693137,0.693137,0.654403,0.654776,0.654776,True,False,False,0.0,False,False,37.087
203,10.15,3,yawning,yawning,0.998359,0.001238,0.000192,0.0,0.998359,0.00021,0.061052,0.946884,0.0,0.688201,0.689237,0.689237,0.64905,0.650736,0.650736,True,False,False,0.0,False,False,36.967
204,10.2,3,yawning,yawning,0.998346,0.001253,0.000192,0.0,0.998346,0.000209,0.060153,0.946391,0.0,0.684287,0.685381,0.685381,0.645004,0.646748,0.646748,True,False,False,0.0,False,False,36.901
205,10.25,3,yawning,yawning,0.998332,0.001264,0.000192,0.0,0.998332,0.000211,0.053234,0.948373,0.0,0.679157,0.681522,0.681522,0.639417,0.642799,0.642799,True,False,False,0.0,False,False,45.375
206,10.3,3,yawning,yawning,0.998334,0.001261,0.000193,0.0,0.998334,0.000213,0.051225,0.948436,0.0,0.674773,0.677697,0.677697,0.634766,0.638899,0.638899,True,False,False,0.0,False,False,36.835
207,10.35,3,yawning,yawning,0.998328,0.001263,0.000194,0.0,0.998328,0.000214,0.05052,0.948918,0.0,0.67089,0.673912,0.673912,0.630817,0.635043,0.635043,True,False,False,0.0,False,False,36.916
208,10.4,3,yawning,yawning,0.998321,0.001266,0.000196,0.0,0.998321,0.000217,0.047057,0.950478,0.0,0.666571,0.670146,0.670146,0.626051,0.631228,0.631228,True,False,False,0.0,False,False,36.902
209,10.45,3,yawning,yawning,0.99832,0.001264,0.000198,0.0,0.99832,0.000219,0.043062,0.951248,0.0,0.662692,0.666398,0.666398,0.622156,0.627455,0.627455,True,False,False,0.0,False,False,36.855
210,10.5,3,yawning,yawning,0.998316,0.001267,0.000198,0.0,0.998316,0.00022,0.041052,0.951802,0.0,0.657994,0.66268,0.66268,0.617045,0.623725,0.623725,True,False,False,0.0,False,False,45.58
211,10.55,3,yawning,yawning,0.99831,0.001267,0.0002,0.0,0.99831,0.000223,0.040729,0.951844,0.0,0.653731,0.659004,0.659004,0.612574,0.620038,0.620038,True,False,False,0.0,False,False,37.043
212,10.6,3,yawning,yawning,0.998309,0.001267,0.0002,0.0,0.998309,0.000224,0.043316,0.95161,0.0,0.649945,0.655388,0.655388,0.608775,0.616396,0.616396,True,False,False,0.0,False,False,37.291
213,10.65,3,yawning,yawning,0.998307,0.00127,0.000199,0.0,0.998307,0.000224,0.045007,0.951113,0.0,0.644933,0.651825,0.651825,0.603319,0.612799,0.612799,True,False,False,0.0,False,False,37.545
214,10.7,3,yawning,yawning,0.998327,0.001255,0.000197,0.0,0.998327,0.000222,0.05054,0.949283,0.0,0.641263,0.648343,0.648343,0.599595,0.60925,0.60925,True,False,False,0.0,False,False,37.097
215,10.75,3,yawning,yawning,0.998324,0.001258,0.000197,0.0,0.998324,0.000221,0.053083,0.948216,0.0,0.636245,0.644919,0.644919,0.594082,0.605745,0.605745,True,False,False,0.0,False,False,46.451
216,10.8,3,yawning,yawning,0.998335,0.00125,0.000196,0.0,0.998335,0.000219,0.05587,0.946898,0.0,0.631917,0.641555,0.641555,0.589457,0.602286,0.602286,True,False,False,0.0,False,False,37.716
217,10.85,3,yawning,yawning,0.998333,0.001258,0.000194,0.0,0.998333,0.000215,0.06033,0.945734,0.0,0.628413,0.638258,0.638258,0.585844,0.59887,0.59887,True,False,False,0.0,False,False,37.648
218,10.9,3,yawning,yawning,0.998351,0.001249,0.00019,0.0,0.998351,0.00021,0.061561,0.944343,0.0,0.623381,0.635011,0.635011,0.58027,0.595497,0.595497,True,False,False,0.0,False,False,38.366
219,10.95,3,yawning,yawning,0.998355,0.001249,0.000188,0.0,0.998355,0.000208,0.066064,0.943119,0.0,0.619982,0.631829,0.631829,0.576731,0.592167,0.592167,True,False,False,0.0,False,False,37.43
220,11.0,3,yawning,yawning,0.998357,0.001248,0.000187,0.0,0.998357,0.000208,0.064654,0.943041,0.0,0.614832,0.628674,0.628674,0.571022,0.588874,0.588874,True,False,False,0.0,False,False,46.274
221,11.05,3,yawning,yawning,0.998335,0.001269,0.000187,0.0,0.998335,0.000208,0.058079,0.945365,0.0,0.610442,0.625511,0.625511,0.566332,0.585609,0.585609,True,False,False,0.0,False,False,38.135
222,11.1,3,yawning,yawning,0.998344,0.001265,0.000185,0.0,0.998344,0.000206,0.050955,0.948108,0.0,0.607025,0.622334,0.622334,0.562873,0.582371,0.582371,True,False,False,0.0,False,False,37.661
223,11.15,3,yawning,yawning,0.998342,0.001259,0.000187,0.0,0.998342,0.000211,0.050586,0.947613,0.0,0.601414,0.619192,0.619192,0.556806,0.57917,0.57917,True,False,False,0.0,False,False,38.019
224,11.2,3,yawning,yawning,0.998335,0.001263,0.000188,0.0,0.998335,0.000214,0.047072,0.948418,0.0,0.598036,0.616062,0.616062,0.553413,0.576002,0.576002,True,False,False,0.0,False,False,37.281
225,11.25,3,yawning,yawning,0.998317,0.001277,0.00019,0.0,0.998317,0.000217,0.04398,0.949779,0.0,0.59233,0.612945,0.612945,0.547298,0.572863,0.572863,True,False,False,0.0,False,False,46.265
226,11.3,3,yawning,yawning,0.998293,0.001296,0.000192,0.0,0.998293,0.000218,0.044888,0.949185,0.0,0.587779,0.609869,0.609869,0.542546,0.569761,0.569761,True,False,False,0.0,False,False,37.041
227,11.35,3,yawning,yawning,0.99827,0.001315,0.000195,0.0,0.99827,0.00022,0.048167,0.947998,0.0,0.584507,0.606847,0.606847,0.539256,0.566696,0.566696,True,False,False,0.0,False,False,37.227
228,11.4,3,yawning,yawning,0.99827,0.00131,0.000197,0.0,0.99827,0.000222,0.043104,0.950092,0.0,0.578676,0.603823,0.603823,0.533042,0.563657,0.563657,True,False,False,0.0,False,False,37.003
229,11.45,3,yawning,yawning,0.998267,0.001306,0.000201,0.0,0.998267,0.000226,0.041483,0.95054,0.0,0.575421,0.600822,0.600822,0.529813,0.560649,0.560649,True,False,False,0.0,False,False,36.779
230,11.5,3,yawning,yawning,0.998272,0.001297,0.000202,0.0,0.998272,0.000228,0.039684,0.950591,0.0,0.569524,0.597843,0.597843,0.523562,0.557672,0.557672,True,False,False,0.0,False,False,46.025
231,11.55,3,yawning,yawning,0.998269,0.0013,0.000203,0.0,0.998269,0.000228,0.039192,0.950465,0.0,0.56496,0.594894,0.594894,0.518843,0.554728,0.554728,True,False,False,0.016472,False,False,36.92
232,11.6,3,yawning,yawning,0.998273,0.001299,0.000202,0.0,0.998273,0.000226,0.038737,0.950576,0.0,0.561789,0.591972,0.591972,0.515717,0.551814,0.551814,True,False,False,0.0,False,False,37.104
233,11.65,3,yawning,yawning,0.998278,0.0013,0.0002,0.0,0.998278,0.000222,0.040514,0.950517,0.0,0.555897,0.589091,0.589091,0.509469,0.548931,0.548931,True,False,False,0.0,False,False,37.004
234,11.7,3,yawning,yawning,0.998289,0.001296,0.000197,0.0,0.998289,0.000218,0.040282,0.950086,0.0,0.552802,0.58624,0.58624,0.506411,0.546079,0.546079,True,False,False,0.0,False,False,37.023
235,11.75,3,yawning,yawning,0.99829,0.001303,0.000194,0.0,0.99829,0.000213,0.039799,0.951648,0.0,0.54695,0.583411,0.583411,0.500211,0.543252,0.543252,True,False,False,0.0,False,False,45.946
236,11.8,3,yawning,yawning,0.998296,0.001302,0.000191,0.0,0.998296,0.000211,0.040856,0.950747,0.0,0.542521,0.580619,0.580619,0.495622,0.540456,0.540456,True,False,False,0.0,False,False,37.233
237,11.85,3,yawning,yawning,0.998272,0.001325,0.000191,0.0,0.998272,0.000211,0.043853,0.949131,0.0,0.539547,0.577876,0.577876,0.492666,0.537694,0.537694,True,False,False,0.0,False,False,36.989
238,11.9,3,yawning,yawning,0.99826,0.001341,0.000189,0.0,0.99826,0.00021,0.043288,0.949281,0.0,0.533775,0.575157,0.575157,0.486524,0.53496,0.53496,True,False,False,0.0,False,False,36.902
239,11.95,3,yawning,yawning,0.998246,0.001356,0.000189,0.0,0.998246,0.000209,0.044955,0.949152,0.0,0.53087,0.572475,0.572475,0.483633,0.532253,0.532253,True,False,False,0.0,False,False,37.021
240,12.0,3,yawning,yawning,0.998257,0.001343,0.000189,0.0,0.998257,0.000211,0.043166,0.949105,0.0,0.525138,0.569811,0.569811,0.477527,0.529574,0.529574,True,False,False,0.0,False,False,45.701
241,12.05,3,yawning,yawning,0.998247,0.001348,0.000191,0.0,0.998247,0.000214,0.045384,0.948534,0.0,0.520911,0.567186,0.567186,0.473108,0.526924,0.526924,True,False,False,0.0,False,False,36.965
242,12.1,3,yawning,yawning,0.998264,0.001325,0.000193,0.0,0.998264,0.000218,0.047856,0.949145,0.0,0.518115,0.564598,0.564598,0.470311,0.524298,0.524298,True,False,False,0.0,False,False,37.033
243,12.15,3,yawning,yawning,0.998276,0.001312,0.000193,0.0,0.998276,0.000219,0.049163,0.949701,0.0,0.512534,0.56204,0.56204,0.464308,0.521697,0.521697,True,False,False,0.0,False,False,37.034
244,12.2,3,yawning,yawning,0.998298,0.001296,0.000191,0.0,0.998298,0.000215,0.053405,0.948062,0.0,0.509831,0.559534,0.559534,0.461575,0.519125,0.519125,True,False,False,0.0,False,False,36.972
245,12.25,3,yawning,yawning,0.998308,0.001291,0.000189,0.0,0.998308,0.000212,0.049396,0.949303,0.0,0.504277,0.557028,0.557028,0.455592,0.516576,0.516576,True,False,False,0.0,False,False,45.645
246,12.3,3,yawning,yawning,0.998284,0.001306,0.000194,0.0,0.998284,0.000216,0.045039,0.950027,0.0,0.500161,0.554524,0.554524,0.451282,0.51405,0.51405,True,False,False,0.0,False,False,37.121
247,12.35,3,yawning,yawning,0.998263,0.001322,0.000195,0.0,0.998263,0.000221,0.042723,0.950741,0.0,0.497473,0.552032,0.552032,0.44863,0.511546,0.511546,True,False,False,0.0,False,False,36.967
248,12.4,3,yawning,yawning,0.99824,0.001337,0.000196,0.0,0.99824,0.000227,0.116439,0.936028,0.0,0.492975,0.549953,0.549953,0.443293,0.509105,0.509105,True,False,False,0.0,False,False,36.985
249,12.45,3,yawning,yawning,0.998249,0.001326,0.000195,0.0,0.998249,0.00023,0.456009,0.857457,0.0,0.49278,0.549544,0.549544,0.440949,0.506889,0.506889,True,False,False,0.0,False,False,36.742
250,12.5,3,yawning,yawning,0.998223,0.001331,0.000204,0.0,0.998223,0.000242,0.528986,0.82063,0.0,0.49045,0.549459,0.549459,0.435714,0.504786,0.504786,True,False,False,0.0,False,False,45.765
251,12.55,3,yawning,yawning,0.998245,0.001316,0.000203,0.0,0.998245,0.000236,0.526903,0.836839,0.0,0.489429,0.549364,0.549364,0.431989,0.50266,0.50266,True,False,False,0.0,False,False,37.021
252,12.6,3,yawning,yawning,0.998166,0.001384,0.000209,0.0,0.998166,0.000241,0.487915,0.87089,0.0,0.48942,0.549096,0.549096,0.429672,0.500466,0.500466,True,False,False,0.0,False,False,37.119
253,12.65,3,yawning,yawning,0.998064,0.001468,0.000217,0.0,0.998064,0.00025,0.421346,0.895979,0.0,0.486481,0.548525,0.548525,0.424161,0.498229,0.498229,True,False,False,0.0,False,False,36.831
254,12.7,3,yawning,yawning,0.998006,0.001532,0.000215,0.0,0.998006,0.000247,0.262346,0.923862,0.0,0.485208,0.547212,0.547212,0.421752,0.495943,0.495943,True,False,False,0.0,False,False,36.806
255,12.75,3,yawning,yawning,0.99801,0.001534,0.00021,0.0,0.99801,0.000247,0.098755,0.944263,0.0,0.480165,0.545118,0.545118,0.415903,0.493628,0.493628,True,False,False,0.0,False,False,45.533
256,12.8,3,yawning,yawning,0.997988,0.001561,0.000206,0.0,0.997988,0.000245,0.050602,0.952785,0.0,0.476279,0.5428,0.5428,0.411791,0.491314,0.491314,True,False,False,0.0,False,False,36.768
257,12.85,3,yawning,yawning,0.997966,0.00159,0.000202,0.0,0.997966,0.000241,0.040683,0.955483,0.0,0.47373,0.540451,0.540451,0.409381,0.489015,0.489015,True,False,False,0.0,False,False,37.104
258,12.9,3,yawning,yawning,0.997954,0.001605,0.000201,0.0,0.997954,0.00024,0.037587,0.953912,0.0,0.468361,0.538113,0.538113,0.403564,0.486741,0.486741,True,False,False,0.0,False,False,36.951
259,12.95,3,yawning,yawning,0.997964,0.001602,0.000199,0.0,0.997964,0.000235,0.038672,0.952711,0.0,0.465859,0.535804,0.535804,0.401214,0.484491,0.484491,True,False,False,0.0,False,False,36.78
260,13.0,3,yawning,yawning,0.997966,0.001601,0.000198,0.0,0.997966,0.000234,0.038774,0.952069,0.0,0.460503,0.533519,0.533519,0.395396,0.482264,0.482264,True,False,False,0.0,False,False,45.48
261,13.05,3,yawning,yawning,0.997961,0.001604,0.000198,0.0,0.997961,0.000236,0.039664,0.952395,0.0,0.456471,0.531258,0.531258,0.391209,0.480056,0.480056,True,False,False,0.0,False,False,36.902
262,13.1,3,yawning,yawning,0.997924,0.001635,0.000199,0.0,0.997924,0.000242,0.038897,0.952551,0.0,0.454048,0.529013,0.529013,0.388939,0.477867,0.477867,True,False,False,0.0,False,False,37.255
263,13.15,3,yawning,yawning,0.997913,0.001647,0.000196,0.0,0.997913,0.000243,0.039603,0.952367,0.0,0.448213,0.526793,0.526793,0.382664,0.475699,0.475699,True,False,False,0.0,False,False,37.805
264,13.2,1,drowsy,drowsy,1.0,0.0,1.0,0.0,0.0,0.0,0.042648,0.951836,0.0,0.445867,0.524608,0.524608,0.380451,0.473552,0.473552,True,False,False,0.0,False,True,37.5
265,13.25,1,drowsy,drowsy,1.0,0.0,1.0,0.0,0.0,0.0,0.043886,0.951624,0.0,0.440015,0.522448,0.522448,0.374149,0.471425,0.471425,True,False,False,0.0,False,True,46.284
266,13.3,3,yawning,yawning,0.99757,0.001945,0.000214,0.0,0.99757,0.000271,0.04679,0.950698,0.0,0.435957,0.520323,0.520323,0.369919,0.469318,0.469318,True,False,False,0.0,False,False,37.791
267,13.35,3,yawning,yawning,0.997655,0.001877,0.000208,0.0,0.997655,0.00026,0.047883,0.949482,0.0,0.433728,0.518224,0.518224,0.367795,0.467233,0.467233,True,False,False,0.0,False,False,37.209
268,13.4,3,yawning,yawning,0.997693,0.001845,0.000206,0.0,0.997693,0.000256,0.048287,0.948948,0.0,0.427857,0.516146,0.516146,0.361477,0.465168,0.465168,True,False,False,0.0,False,False,37.436
269,13.45,3,yawning,yawning,0.997718,0.001824,0.000204,0.0,0.997718,0.000254,0.044815,0.949141,0.0,0.425664,0.514072,0.514072,0.359408,0.46312,0.46312,True,False,False,0.0,False,False,38.017
270,13.5,3,yawning,yawning,0.997674,0.001858,0.000207,0.0,0.997674,0.000261,0.044534,0.948679,0.0,0.419764,0.512015,0.512015,0.353094,0.461092,0.461092,True,False,False,0.0,False,False,46.153
271,13.55,1,drowsy,drowsy,1.0,0.0,1.0,0.0,0.0,0.0,0.045271,0.94905,0.0,0.41574,0.509978,0.509978,0.348924,0.45908,0.45908,True,False,False,0.0,False,True,37.838
272,13.6,1,drowsy,drowsy,1.0,0.0,1.0,0.0,0.0,0.0,0.042782,0.949791,0.0,0.413614,0.507947,0.507947,0.346935,0.457084,0.457084,True,False,False,0.0,False,True,37.285
273,13.65,1,drowsy,drowsy,1.0,0.0,1.0,0.0,0.0,0.0,0.056993,0.947061,0.0,0.407796,0.506001,0.506001,0.340639,0.455111,0.455111,True,False,False,0.0,False,True,36.81
274,13.7,1,drowsy,drowsy,1.0,0.0,1.0,0.0,0.0,0.0,0.060286,0.947265,0.0,0.405827,0.504085,0.504085,0.338709,0.453155,0.453155,True,False,False,0.0,False,True,37.014
275,13.75,1,drowsy,drowsy,1.0,0.0,1.0,0.0,0.0,0.0,0.061145,0.947781,0.0,0.40007,0.502188,0.502188,0.332453,0.451214,0.451214,True,False,False,0.0,False,True,45.889
276,13.8,3,yawning,yawning,0.995146,0.004186,0.000267,0.0,0.995146,0.0004,0.059485,0.947885,0.0,0.39624,0.5003,0.5003,0.328401,0.44929,0.44929,True,False,False,0.0,False,False,37.029
277,13.85,3,yawning,yawning,0.996466,0.002967,0.000233,0.0,0.996466,0.000334,0.052634,0.950027,0.0,0.394298,0.498395,0.498395,0.326545,0.447378,0.447378,True,False,False,0.0,False,False,36.897
278,13.9,3,yawning,yawning,0.997151,0.002327,0.000221,0.0,0.997151,0.000301,0.050597,0.950993,0.0,0.388515,0.496495,0.496495,0.320323,0.44548,0.44548,True,False,False,0.006973,False,False,36.859
279,13.95,3,yawning,yawning,0.997566,0.001947,0.000212,0.0,0.997566,0.000275,0.44172,0.863138,0.0,0.388787,0.496285,0.496285,0.318683,0.443771,0.443771,True,False,False,0.006516,False,False,37.018
280,14.0,3,yawning,yawning,0.997847,0.001684,0.00021,0.0,0.997847,0.000259,0.529006,0.813371,0.0,0.385597,0.496403,0.496403,0.312716,0.442173,0.442173,True,False,False,0.0,False,False,45.321
281,14.05,3,yawning,yawning,0.997968,0.001557,0.000219,0.0,0.997968,0.000256,0.60364,0.82131,0.0,0.384768,0.496791,0.496791,0.309002,0.44057,0.44057,True,False,False,0.0,False,False,37.132
282,14.1,3,yawning,yawning,0.998079,0.001452,0.000222,0.0,0.998079,0.000246,0.703437,0.821824,0.0,0.384435,0.497538,0.497538,0.305296,0.438979,0.438979,True,False,False,0.0,False,False,37.439
283,14.15,3,yawning,yawning,0.998149,0.001385,0.000227,0.0,0.998149,0.00024,0.771497,0.803122,0.0,0.38439,0.498502,0.498502,0.301627,0.437434,0.437434,True,False,False,0.0,False,False,37.626
284,14.2,3,yawning,yawning,0.99819,0.001341,0.000232,0.0,0.99819,0.000237,0.812456,0.784304,0.0,0.386374,0.499577,0.499577,0.300229,0.435937,0.435937,True,False,False,0.0,False,False,37.102
285,14.25,3,yawning,yawning,0.998221,0.001315,0.000233,0.0,0.998221,0.00023,0.8329,0.769288,0.0,0.384652,0.500692,0.500692,0.294395,0.434477,0.434477,True,False,False,0.0,False,False,45.911
286,14.3,3,yawning,yawning,0.998247,0.001293,0.000234,0.0,0.998247,0.000227,0.844828,0.758764,0.05,0.38487,0.501825,0.501825,0.290846,0.433048,0.433048,True,False,False,0.0,False,False,37.352
287,14.35,3,yawning,yawning,0.998248,0.001289,0.000237,0.0,0.998248,0.000226,0.849063,0.74758,0.1,0.385185,0.502947,0.502947,0.28741,0.431648,0.431648,True,False,False,0.0,False,False,37.261
288,14.4,3,yawning,yawning,0.998248,0.001289,0.000239,0.0,0.998248,0.000224,0.85482,0.73693,0.15,0.385628,0.504064,0.504064,0.284118,0.430278,0.430278,True,False,False,0.0,False,False,36.917
289,14.45,3,yawning,yawning,0.998262,0.001274,0.00024,0.0,0.998262,0.000223,0.86198,0.726983,0.2,0.387672,0.505182,0.505182,0.282899,0.428934,0.428934,True,False,False,0.0,False,False,36.686
290,14.5,3,yawning,yawning,0.998254,0.001277,0.000244,0.0,0.998254,0.000225,0.865933,0.721261,0.25,0.386626,0.506296,0.506296,0.313999,0.453852,0.453852,True,False,False,0.0,False,False,45.899
291,14.55,3,yawning,yawning,0.998276,0.001258,0.000243,0.0,0.998276,0.000222,0.87158,0.710631,0.3,0.387027,0.507404,0.507404,0.314378,0.455119,0.455119,True,False,False,0.0,False,False,36.986
292,14.6,3,yawning,yawning,0.998294,0.001242,0.000242,0.0,0.998294,0.000222,0.876581,0.700378,0.35,0.387413,0.508505,0.508505,0.314736,0.456376,0.456376,True,False,False,0.0,False,False,37.232
293,14.65,3,yawning,yawning,0.998324,0.001215,0.000239,0.0,0.998324,0.000222,0.875304,0.700074,0.4,0.387701,0.509594,0.509594,0.314995,0.45762,0.45762,True,False,False,0.0,False,False,37.284
294,14.7,3,yawning,yawning,0.998339,0.001199,0.000237,0.0,0.998339,0.000225,0.877364,0.691869,0.45,0.389704,0.510671,0.510671,0.317296,0.458849,0.458849,True,False,False,0.0,False,False,37.341
295,14.75,3,yawning,yawning,0.998351,0.001181,0.000238,0.0,0.998351,0.00023,0.878796,0.688484,0.5,0.388151,0.51174,0.51174,0.31538,0.460069,0.460069,True,False,False,0.0,False,False,46.488
296,14.8,3,yawning,yawning,0.998356,0.001171,0.000238,0.0,0.998356,0.000234,0.879638,0.68347,0.55,0.388391,0.512798,0.512798,0.315584,0.461275,0.461275,True,False,False,0.0,False,False,37.063
297,14.85,3,yawning,yawning,0.99834,0.001175,0.000243,0.0,0.99834,0.000242,0.882327,0.681062,0.6,0.3886,0.513854,0.513854,0.315756,0.462478,0.462478,True,False,False,0.0,False,False,37.308
298,14.9,3,yawning,yawning,0.99834,0.001169,0.000245,0.0,0.99834,0.000246,0.881276,0.674737,0.65,0.388836,0.514891,0.514891,0.315952,0.46366,0.46366,True,False,False,0.0,False,False,37.38
299,14.95,3,yawning,yawning,0.998353,0.001158,0.000245,0.0,0.998353,0.000245,0.880589,0.669095,0.7,0.390786,0.515912,0.515912,0.318192,0.464824,0.464824,True,False,False,0.0,False,False,37.228
300,15.0,1,drowsy,drowsy,1.0,0.0,1.0,0.0,0.0,0.0,0.707078,0.783272,0.75,0.388838,0.516534,0.516534,0.315913,0.465613,0.465613,True,False,False,0.0,False,True,46.515
301,15.05,1,drowsy,drowsy,1.0,0.0,1.0,0.0,0.0,0.0,0.506215,0.86247,0.0,0.387626,0.516497,0.516497,0.314742,0.465758,0.465758,True,False,False,0.0,False,True,37.31
302,15.1,1,drowsy,drowsy,1.0,0.0,1.0,0.0,0.0,0.0,0.348884,0.908868,0.0,0.385469,0.515868,0.515868,0.312653,0.465319,0.465319,True,False,False,0.038101,False,True,37.052
303,15.15,1,drowsy,drowsy,1.0,0.0,1.0,0.0,0.0,0.0,0.190636,0.938168,0.0,0.382413,0.514614,0.514614,0.308623,0.463525,0.463525,True,False,False,0.0,False,True,36.94
304,15.2,1,drowsy,drowsy,1.0,0.0,1.0,0.0,0.0,0.0,0.087874,0.951477,0.0,0.380758,0.512951,0.512951,0.306889,0.461718,0.461718,True,False,False,0.0,False,True,37.106
305,15.25,1,drowsy,drowsy,1.0,0.0,1.0,0.0,0.0,0.0,0.054642,0.955119,0.0,0.374957,0.511165,0.511165,0.30056,0.459919,0.459919,True,False,False,0.0,False,True,45.967
306,15.3,1,drowsy,drowsy,1.0,0.0,1.0,0.0,0.0,0.0,0.054998,0.952724,0.0,0.371152,0.509399,0.509399,0.296553,0.458139,0.458139,True,False,False,0.0,False,True,37.033
307,15.35,1,drowsy,drowsy,1.0,0.0,1.0,0.0,0.0,0.0,0.052676,0.951963,0.0,0.367347,0.507639,0.507639,0.292563,0.456373,0.456373,True,False,False,0.0,False,True,37.036
308,15.4,1,drowsy,drowsy,1.0,0.0,1.0,0.0,0.0,0.0,0.059059,0.949698,0.0,0.36357,0.505921,0.505921,0.288572,0.454625,0.454625,True,False,False,0.079987,False,True,36.959
309,15.45,1,drowsy,drowsy,1.0,0.0,1.0,0.0,0.0,0.0,0.073652,0.946967,0.0,0.361961,0.504277,0.504277,0.28697,0.452896,0.452896,True,False,False,0.038559,False,True,37.195
310,15.5,1,drowsy,drowsy,1.0,0.0,1.0,0.0,0.0,0.0,0.076239,0.947292,0.0,0.356258,0.502654,0.502654,0.280667,0.451179,0.451179,True,False,False,0.0,False,True,46.03
311,15.55,1,drowsy,drowsy,1.0,0.0,1.0,0.0,0.0,0.0,0.082104,0.946675,0.0,0.352665,0.501067,0.501067,0.276742,0.449476,0.449476,True,False,False,0.0,False,True,37.088
312,15.6,1,drowsy,drowsy,1.0,0.0,1.0,0.0,0.0,0.0,0.094992,0.944378,0.0,0.349155,0.499544,0.499544,0.27283,0.44779,0.44779,True,False,False,0.0,False,True,36.928
313,15.65,1,drowsy,drowsy,1.0,0.0,1.0,0.0,0.0,0.0,0.078409,0.947443,0.0,0.345566,0.497965,0.497965,0.268932,0.446111,0.446111,True,False,False,0.0,False,True,36.92
314,15.7,1,drowsy,drowsy,1.0,0.0,1.0,0.0,0.0,0.0,0.072332,0.947794,0.0,0.34406,0.496374,0.496374,0.26745,0.444445,0.444445,True,False,False,0.0,False,True,36.95
315,15.75,1,drowsy,drowsy,1.0,0.0,1.0,0.0,0.0,0.0,0.062867,0.949026,0.0,0.338316,0.494759,0.494759,0.261189,0.442788,0.442788,True,False,False,0.0,False,True,45.68
316,15.8,1,drowsy,drowsy,1.0,0.0,1.0,0.0,0.0,0.0,0.064049,0.9486,0.0,0.334714,0.49316,0.49316,0.257362,0.441144,0.441144,True,False,False,0.0,False,True,37.147
317,15.85,1,drowsy,drowsy,1.0,0.0,1.0,0.0,0.0,0.0,0.22093,0.924915,0.0,0.332009,0.492178,0.492178,0.253588,0.439554,0.439554,True,False,False,0.0,False,True,36.987
318,15.9,1,drowsy,drowsy,1.0,0.0,1.0,0.0,0.0,0.0,0.456154,0.877948,0.0,0.330543,0.492055,0.492055,0.249896,0.438054,0.438054,True,False,False,0.0,False,True,37.406
319,15.95,1,drowsy,drowsy,1.0,0.0,1.0,0.0,0.0,0.0,0.492822,0.852975,0.0,0.331343,0.492058,0.492058,0.248665,0.436607,0.436607,True,False,False,0.0,False,True,37.54
320,16.0,1,drowsy,drowsy,1.0,0.0,1.0,0.0,0.0,0.0,0.485289,0.87455,0.0,0.327946,0.492035,0.492035,0.24259,0.435133,0.435133,True,False,False,0.0,False,True,45.753
321,16.05,1,drowsy,drowsy,1.0,0.0,1.0,0.0,0.0,0.0,0.444218,0.900775,0.0,0.326477,0.491869,0.491869,0.238916,0.433626,0.433626,True,False,False,0.0,False,True,36.978
322,16.1,1,drowsy,drowsy,1.0,0.0,1.0,0.0,0.0,0.0,0.352401,0.917958,0.0,0.324545,0.491379,0.491379,0.235232,0.4321,0.4321,True,False,False,0.0,False,True,37.157
323,16.15,1,drowsy,drowsy,1.0,0.0,1.0,0.0,0.0,0.0,0.213093,0.933695,0.0,0.323947,0.490386,0.490386,0.233971,0.430559,0.430559,True,False,False,0.0,False,True,36.734
324,16.2,1,drowsy,drowsy,1.0,0.0,1.0,0.0,0.0,0.0,0.103484,0.945205,0.0,0.320681,0.488995,0.488995,0.230276,0.429011,0.429011,True,False,False,0.0,False,True,37.202
325,16.25,1,drowsy,drowsy,1.0,0.0,1.0,0.0,0.0,0.0,0.066261,0.949203,0.0,0.315122,0.487473,0.487473,0.22413,0.427467,0.427467,True,False,False,0.0,False,True,46.167
326,16.3,1,drowsy,drowsy,1.0,0.0,1.0,0.0,0.0,0.0,0.053839,0.951195,0.0,0.311617,0.485915,0.485915,0.22046,0.42593,0.42593,True,False,False,0.0,False,True,37.191
327,16.35,1,drowsy,drowsy,1.0,0.0,1.0,0.0,0.0,0.0,0.058558,0.950161,0.0,0.308241,0.484386,0.484386,0.216879,0.424407,0.424407,True,False,False,0.0,False,True,37.759
328,16.4,1,drowsy,drowsy,1.0,0.0,1.0,0.0,0.0,0.0,0.064699,0.948653,0.0,0.306923,0.482893,0.482893,0.215706,0.422897,0.422897,True,False,False,0.0,False,True,37.616
329,16.45,1,drowsy,drowsy,1.0,0.0,1.0,0.0,0.0,0.0,0.065696,0.948377,0.0,0.303818,0.481414,0.481414,0.212353,0.421398,0.421398,True,False,False,0.0,False,True,37.214
330,16.5,1,drowsy,drowsy,1.0,0.0,1.0,0.0,0.0,0.0,0.059758,0.94891,0.0,0.298844,0.479924,0.479924,0.206756,0.419908,0.419908,True,False,False,0.0,False,True,46.81
331,16.55,1,drowsy,drowsy,1.0,0.0,1.0,0.0,0.0,0.0,0.054385,0.950561,0.0,0.295567,0.478422,0.478422,0.203282,0.418427,0.418427,True,False,False,0.0,False,True,37.513
332,16.6,1,drowsy,drowsy,1.0,0.0,1.0,0.0,0.0,0.0,0.058087,0.949298,0.0,0.292367,0.476947,0.476947,0.199861,0.416958,0.416958,True,False,False,0.0,False,True,37.361
333,16.65,1,drowsy,drowsy,1.0,0.0,1.0,0.0,0.0,0.0,0.058855,0.949503,0.0,0.291109,0.475484,0.475484,0.198785,0.415499,0.415499,True,False,False,0.0,False,True,37.423
334,16.7,1,drowsy,drowsy,1.0,0.0,1.0,0.0,0.0,0.0,0.058304,0.949177,0.0,0.287805,0.474029,0.474029,0.195259,0.41405,0.41405,True,False,False,0.0,False,True,37.437
335,16.75,1,drowsy,drowsy,1.0,0.0,1.0,0.0,0.0,0.0,0.058487,0.949191,0.0,0.282294,0.472586,0.472586,0.18912,0.412612,0.412612,True,False,False,0.0,False,True,46.557
336,16.8,1,drowsy,drowsy,1.0,0.0,1.0,0.0,0.0,0.0,0.071822,0.946622,0.0,0.279001,0.471202,0.471202,0.185532,0.411187,0.411187,True,False,False,0.0,False,True,37.178
337,16.85,1,drowsy,drowsy,1.0,0.0,1.0,0.0,0.0,0.0,0.070497,0.947392,0.0,0.275689,0.469822,0.469822,0.181936,0.409771,0.409771,True,False,False,0.0,False,True,37.483
338,16.9,1,drowsy,drowsy,1.0,0.0,1.0,0.0,0.0,0.0,0.073578,0.946669,0.0,0.274609,0.468463,0.468463,0.180964,0.408366,0.408366,True,False,False,0.0,False,True,37.478
339,16.95,1,drowsy,drowsy,1.0,0.0,1.0,0.0,0.0,0.0,0.062737,0.948741,0.0,0.271292,0.467074,0.467074,0.17741,0.406968,0.406968,True,False,False,0.0,False,True,37.641
340,17.0,1,drowsy,drowsy,1.0,0.0,1.0,0.0,0.0,0.0,0.064099,0.94835,0.0,0.266537,0.465699,0.465699,0.171958,0.405579,0.405579,True,False,False,0.0,False,True,46.768
341,17.05,1,drowsy,drowsy,1.0,0.0,1.0,0.0,0.0,0.0,0.056361,0.950306,0.0,0.264547,0.464304,0.464304,0.169693,0.404197,0.404197,True,False,False,0.0,False,True,37.866
342,17.1,1,drowsy,drowsy,1.0,0.0,1.0,0.0,0.0,0.0,0.052582,0.950685,0.0,0.263299,0.462906,0.462906,0.169668,0.402824,0.402824,True,False,False,0.0,False,True,37.99
343,17.15,1,drowsy,drowsy,1.0,0.0,1.0,0.0,0.0,0.0,0.054494,0.950162,0.0,0.262183,0.461524,0.461524,0.168761,0.401461,0.401461,True,False,False,0.0,False,True,38.095
344,17.2,1,drowsy,drowsy,1.0,0.0,1.0,0.0,0.0,0.0,0.052798,0.950346,0.0,0.261758,0.460146,0.460146,0.168754,0.400107,0.400107,True,False,False,0.0,False,True,37.687
345,17.25,1,drowsy,drowsy,1.0,0.0,1.0,0.0,0.0,0.0,0.056738,0.948706,0.0,0.262935,0.458792,0.458792,0.169671,0.398765,0.398765,True,False,False,0.0,False,True,46.265
346,17.3,1,drowsy,drowsy,1.0,0.0,1.0,0.0,0.0,0.0,0.204215,0.923875,0.0,0.261842,0.457963,0.457963,0.169616,0.397466,0.397466,True,False,False,0.0,False,True,37.45
347,17.35,1,drowsy,drowsy,1.0,0.0,1.0,0.0,0.0,0.0,0.304863,0.906492,0.0,0.260804,0.457475,0.457475,0.169526,0.3962,0.3962,True,False,False,0.0,False,True,37.254
348,17.4,1,drowsy,drowsy,1.0,0.0,1.0,0.0,0.0,0.0,0.501048,0.815802,0.0,0.261907,0.457599,0.457599,0.168748,0.395067,0.395067,True,False,False,0.0,False,True,36.799
349,17.45,1,drowsy,drowsy,1.0,0.0,1.0,0.0,0.0,0.0,0.529367,0.796965,0.0,0.261408,0.457799,0.457799,0.165867,0.393967,0.393967,True,False,False,0.0,False,True,36.818
350,17.5,1,drowsy,drowsy,1.0,0.0,1.0,0.0,0.0,0.0,0.540471,0.793716,0.0,0.258102,0.458028,0.458028,0.159707,0.392877,0.392877,True,False,False,0.0,False,True,45.414
351,17.55,1,drowsy,drowsy,1.0,0.0,1.0,0.0,0.0,0.0,0.565749,0.802819,0.0,0.257026,0.458329,0.458329,0.156082,0.391781,0.391781,True,False,False,0.0,False,True,36.766
352,17.6,1,drowsy,drowsy,1.0,0.0,1.0,0.0,0.0,0.0,0.598788,0.807563,0.0,0.256091,0.458722,0.458722,0.152445,0.390685,0.390685,True,False,False,0.0,False,True,36.997
353,17.65,1,drowsy,drowsy,1.0,0.0,1.0,0.0,0.0,0.0,0.648625,0.814542,0.0,0.257889,0.459256,0.459256,0.151747,0.389585,0.389585,True,False,False,0.0,False,True,36.97
354,17.7,1,drowsy,drowsy,1.0,0.0,1.0,0.0,0.0,0.0,0.704359,0.813353,0.0,0.257441,0.459943,0.459943,0.148117,0.388493,0.388493,True,False,False,0.0,False,True,37.041
355,17.75,1,drowsy,drowsy,1.0,0.0,1.0,0.0,0.0,0.0,0.726779,0.802966,0.0,0.254622,0.460679,0.460679,0.1416,0.387421,0.387421,True,False,False,0.0,False,True,45.699
356,17.8,1,drowsy,drowsy,1.0,0.0,1.0,0.0,0.0,0.0,0.796657,0.785407,0.0,0.254553,0.461584,0.461584,0.138048,0.386378,0.386378,True,False,False,0.0,False,True,36.962
357,17.85,1,drowsy,drowsy,1.0,0.0,1.0,0.0,0.0,0.0,0.826947,0.765985,0.0,0.254562,0.46254,0.46254,0.134524,0.385367,0.385367,True,False,False,0.0,False,True,36.932
358,17.9,1,drowsy,drowsy,1.0,0.0,1.0,0.0,0.0,0.0,0.841405,0.750295,0.05,0.257034,0.46351,0.46351,0.133957,0.384381,0.384381,True,False,False,0.0,False,True,36.986
359,17.95,1,drowsy,drowsy,1.0,0.0,1.0,0.0,0.0,0.0,0.85022,0.736789,0.1,0.257061,0.464479,0.464479,0.130495,0.383418,0.383418,True,False,False,0.0,False,True,36.879
360,18.0,1,drowsy,drowsy,1.0,0.0,1.0,0.0,0.0,0.0,0.854141,0.72527,0.15,0.254664,0.465437,0.465437,0.124142,0.382474,0.382474,True,False,False,0.0,False,True,45.71
361,18.05,1,drowsy,drowsy,1.0,0.0,1.0,0.0,0.0,0.0,0.86363,0.713966,0.2,0.254714,0.4664,0.4664,0.120741,0.38155,0.38155,True,False,False,0.0,False,True,36.84
362,18.1,1,drowsy,drowsy,1.0,0.0,1.0,0.0,0.0,0.0,0.869525,0.701277,0.25,0.254747,0.467354,0.467354,0.151416,0.401065,0.401065,True,False,False,0.0,False,True,37.184
363,18.15,1,drowsy,drowsy,1.0,0.0,1.0,0.0,0.0,0.0,0.875974,0.690232,0.3,0.257152,0.468304,0.468304,0.154222,0.402169,0.402169,True,False,False,0.0,False,True,37.1
364,18.2,1,drowsy,drowsy,1.0,0.0,1.0,0.0,0.0,0.0,0.878697,0.680854,0.35,0.254785,0.469243,0.469243,0.151465,0.40326,0.40326,True,False,False,0.0,False,True,36.999
365,18.25,1,drowsy,drowsy,1.0,0.0,1.0,0.0,0.0,0.0,0.879044,0.673858,0.4,0.254791,0.470169,0.470169,0.151473,0.404335,0.404335,True,False,False,0.0,False,True,45.782
366,18.3,1,drowsy,drowsy,1.0,0.0,1.0,0.0,0.0,0.0,0.879724,0.669884,0.45,0.254804,0.471087,0.471087,0.151488,0.4054,0.4054,True,False,False,0.0,False,True,37.231
367,18.35,1,drowsy,drowsy,1.0,0.0,1.0,0.0,0.0,0.0,0.876504,0.668224,0.5,0.254842,0.471991,0.471991,0.151531,0.406451,0.406451,True,False,False,0.0,False,True,37.612
368,18.4,1,drowsy,drowsy,1.0,0.0,1.0,0.0,0.0,0.0,0.878909,0.667523,0.55,0.257179,0.472896,0.472896,0.154255,0.407502,0.407502,True,False,False,0.0,False,True,37.317
369,18.45,1,drowsy,drowsy,1.0,0.0,1.0,0.0,0.0,0.0,0.872465,0.673054,0.6,0.254906,0.47379,0.47379,0.1516,0.408542,0.408542,True,False,False,0.0,False,True,37.209
370,18.5,1,drowsy,drowsy,1.0,0.0,1.0,0.0,0.0,0.0,0.864499,0.679098,0.65,0.254927,0.47467,0.47467,0.151618,0.409568,0.409568,True,False,False,0.0,False,True,45.941
371,18.55,1,drowsy,drowsy,1.0,0.0,1.0,0.0,0.0,0.0,0.800659,0.708203,0.7,0.25483,0.475433,0.475433,0.151533,0.410485,0.410485,True,False,False,0.0,False,True,37.192
372,18.6,1,drowsy,drowsy,1.0,0.0,1.0,0.0,0.0,0.0,0.780412,0.721974,0.75,0.254878,0.47616,0.47616,0.15159,0.411366,0.411366,True,False,False,0.0,False,True,36.831
373,18.65,1,drowsy,drowsy,1.0,0.0,1.0,0.0,0.0,0.0,0.576353,0.811809,0.8,0.256341,0.476428,0.476428,0.153522,0.411807,0.411807,True,False,False,0.0,False,True,37.041
374,18.7,1,drowsy,drowsy,1.0,0.0,1.0,0.0,0.0,0.0,0.470209,0.87304,0.0,0.25415,0.47641,0.47641,0.150971,0.411974,0.411974,True,False,False,0.0,False,True,36.98
375,18.75,1,drowsy,drowsy,1.0,0.0,1.0,0.0,0.0,0.0,0.36857,0.907288,0.0,0.253525,0.47609,0.47609,0.150396,0.411845,0.411845,True,False,False,0.0,False,True,45.721
376,18.8,1,drowsy,drowsy,1.0,0.0,1.0,0.0,0.0,0.0,0.176279,0.93622,0.0,0.252106,0.475174,0.475174,0.148087,0.410587,0.410587,True,False,False,0.0,False,True,36.936
377,18.85,1,drowsy,drowsy,1.0,0.0,1.0,0.0,0.0,0.0,0.08559,0.946332,0.0,0.25052,0.473975,0.473975,0.146073,0.409324,0.409324,True,False,False,0.0,False,True,37.139
378,18.9,1,drowsy,drowsy,1.0,0.0,1.0,0.0,0.0,0.0,0.056112,0.951013,0.0,0.249487,0.472687,0.472687,0.145296,0.408062,0.408062,True,False,False,0.0,False,True,36.971
379,18.95,1,drowsy,drowsy,1.0,0.0,1.0,0.0,0.0,0.0,0.043781,0.953573,0.0,0.248613,0.471365,0.471365,0.146039,0.406804,0.406804,True,False,False,0.0,False,True,38.54
380,19.0,1,drowsy,drowsy,1.0,0.0,1.0,0.0,0.0,0.0,0.040318,0.953148,0.0,0.248267,0.470041,0.470041,0.146034,0.405555,0.405555,True,False,False,0.0,False,True,46.537
381,19.05,1,drowsy,drowsy,1.0,0.0,1.0,0.0,0.0,0.0,0.040023,0.952429,0.0,0.248118,0.468725,0.468725,0.146034,0.404314,0.404314,True,False,False,0.0,False,True,37.581
382,19.1,1,drowsy,drowsy,1.0,0.0,1.0,0.0,0.0,0.0,0.045408,0.950799,0.0,0.247975,0.467436,0.467436,0.146033,0.403083,0.403083,True,False,False,0.0,False,True,37.301
383,19.15,1,drowsy,drowsy,1.0,0.0,1.0,0.0,0.0,0.0,0.04286,0.951264,0.0,0.246885,0.466147,0.466147,0.145257,0.401858,0.401858,True,False,False,0.0,False,True,38.218
384,19.2,1,drowsy,drowsy,1.0,0.0,1.0,0.0,0.0,0.0,0.04153,0.9512,0.0,0.247685,0.464861,0.464861,0.146027,0.400642,0.400642,True,False,False,0.0,False,True,37.633
385,19.25,1,drowsy,drowsy,1.0,0.0,1.0,0.0,0.0,0.0,0.042479,0.950635,0.0,0.24758,0.463587,0.463587,0.146023,0.399433,0.399433,True,False,False,0.0,False,True,45.998
386,19.3,1,drowsy,drowsy,1.0,0.0,1.0,0.0,0.0,0.0,0.042508,0.951038,0.0,0.247522,0.46232,0.46232,0.146021,0.398231,0.398231,True,False,False,0.0,False,True,37.503
387,19.35,1,drowsy,drowsy,1.0,0.0,1.0,0.0,0.0,0.0,0.046288,0.949767,0.0,0.24749,0.461073,0.461073,0.146021,0.397038,0.397038,True,False,False,0.0,False,True,38.452
388,19.4,1,drowsy,drowsy,1.0,0.0,1.0,0.0,0.0,0.0,0.044893,0.950737,0.0,0.246414,0.459829,0.459829,0.145245,0.395851,0.395851,True,False,False,0.0,False,True,37.398
389,19.45,1,drowsy,drowsy,1.0,0.0,1.0,0.0,0.0,0.0,0.044876,0.950897,0.0,0.247101,0.458591,0.458591,0.14601,0.39467,0.39467,True,False,False,0.0,False,True,37.381
390,19.5,1,drowsy,drowsy,1.0,0.0,1.0,0.0,0.0,0.0,0.043778,0.950591,0.0,0.245188,0.457359,0.457359,0.145955,0.393497,0.393497,True,False,False,0.0,False,True,46.841
391,19.55,1,drowsy,drowsy,1.0,0.0,1.0,0.0,0.0,0.0,0.044335,0.950545,0.0,0.242832,0.456135,0.456135,0.145847,0.392331,0.392331,True,False,False,0.0,False,True,37.228
392,19.6,1,drowsy,drowsy,1.0,0.0,1.0,0.0,0.0,0.0,0.043233,0.9506,0.0,0.240214,0.454915,0.454915,0.145738,0.391172,0.391172,True,False,False,0.0,False,True,36.921
393,19.65,1,drowsy,drowsy,1.0,0.0,1.0,0.0,0.0,0.0,0.043528,0.950696,0.0,0.239172,0.453703,0.453703,0.144966,0.39002,0.39002,True,False,False,0.0,False,True,36.959
394,19.7,1,drowsy,drowsy,1.0,0.0,1.0,0.0,0.0,0.0,0.043301,0.950091,0.0,0.23515,0.452498,0.452498,0.145564,0.388875,0.388875,True,False,False,0.0,False,True,36.818
395,19.75,1,drowsy,drowsy,1.0,0.0,1.0,0.0,0.0,0.0,0.043323,0.950132,0.0,0.232983,0.451301,0.451301,0.145515,0.387737,0.387737,True,False,False,0.0,False,True,45.706
396,19.8,1,drowsy,drowsy,1.0,0.0,1.0,0.0,0.0,0.0,0.044376,0.94998,0.0,0.231231,0.450113,0.450113,0.145483,0.386605,0.386605,True,False,False,0.0,False,True,37.096
397,19.85,1,drowsy,drowsy,1.0,0.0,1.0,0.0,0.0,0.0,0.043291,0.950711,0.0,0.230333,0.448929,0.448929,0.14547,0.38548,0.38548,True,False,False,0.0,False,True,37.227
398,19.9,1,drowsy,drowsy,1.0,0.0,1.0,0.0,0.0,0.0,0.043668,0.950198,0.0,0.229345,0.447753,0.447753,0.144701,0.384361,0.384361,True,False,False,0.0,False,True,37.08
399,19.95,1,drowsy,drowsy,1.0,0.0,1.0,0.0,0.0,0.0,0.042378,0.950262,0.0,0.229997,0.44658,0.44658,0.145469,0.383249,0.383249,True,False,False,0.0,False,True,36.921
400,20.0,1,drowsy,drowsy,1.0,0.0,1.0,0.0,0.0,0.0,0.042767,0.950489,0.0,0.229972,0.445414,0.445414,0.145471,0.382143,0.382143,True,False,False,0.0,False,True,46.247
401,20.05,1,drowsy,drowsy,1.0,0.0,1.0,0.0,0.0,0.0,0.0441,0.949991,0.0,0.229961,0.44426,0.44426,0.145472,0.381044,0.381044,True,False,False,0.0,False,True,36.997
402,20.1,1,drowsy,drowsy,1.0,0.0,1.0,0.0,0.0,0.0,0.042825,0.950772,0.0,0.229782,0.443108,0.443108,0.145467,0.37995,0.37995,True,False,False,0.0,False,True,36.914
403,20.15,1,drowsy,drowsy,1.0,0.0,1.0,0.0,0.0,0.0,0.041551,0.95125,0.0,0.228786,0.441958,0.441958,0.144697,0.378862,0.378862,True,False,False,0.0,False,True,37.05
404,20.2,1,drowsy,drowsy,1.0,0.0,1.0,0.0,0.0,0.0,0.050648,0.948911,0.0,0.229621,0.440843,0.440843,0.145462,0.377783,0.377783,True,False,False,0.0,False,True,36.858
405,20.25,1,drowsy,drowsy,1.0,0.0,1.0,0.0,0.0,0.0,0.046513,0.950685,0.0,0.229583,0.439721,0.439721,0.14546,0.376708,0.376708,True,False,False,0.0,False,True,45.785
406,20.3,1,drowsy,drowsy,1.0,0.0,1.0,0.0,0.0,0.0,0.046003,0.95057,0.0,0.229554,0.438604,0.438604,0.145458,0.375639,0.375639,True,False,False,0.0,False,True,37.082
407,20.35,1,drowsy,drowsy,1.0,0.0,1.0,0.0,0.0,0.0,0.046275,0.950222,0.0,0.22953,0.437495,0.437495,0.145457,0.374577,0.374577,True,False,False,0.0,False,True,36.871
408,20.4,1,drowsy,drowsy,1.0,0.0,1.0,0.0,0.0,0.0,0.225593,0.920034,0.0,0.229509,0.436916,0.436916,0.144712,0.373554,0.373554,True,False,False,0.0,False,True,37.036
409,20.45,1,drowsy,drowsy,1.0,0.0,1.0,0.0,0.0,0.0,0.279745,0.917948,0.0,0.23173,0.436489,0.436489,0.145509,0.372539,0.372539,True,False,False,0.0,False,True,37.109
410,20.5,1,drowsy,drowsy,1.0,0.0,1.0,0.0,0.0,0.0,0.442957,0.881355,0.0,0.233789,0.436506,0.436506,0.145566,0.37157,0.37157,True,False,False,0.0,False,True,46.034
411,20.55,1,drowsy,drowsy,1.0,0.0,1.0,0.0,0.0,0.0,0.523983,0.801193,0.0,0.236121,0.436712,0.436712,0.145689,0.370693,0.370693,True,False,False,0.0,False,True,37.17
412,20.6,1,drowsy,drowsy,1.0,0.0,1.0,0.0,0.0,0.0,0.540735,0.785059,0.0,0.238491,0.436952,0.436952,0.145825,0.369838,0.369838,True,False,False,0.0,False,True,37.075
413,20.65,1,drowsy,drowsy,1.0,0.0,1.0,0.0,0.0,0.0,0.553583,0.786382,0.0,0.239875,0.437221,0.437221,0.145185,0.368985,0.368985,True,False,False,0.0,False,True,37.137
414,20.7,1,drowsy,drowsy,1.0,0.0,1.0,0.0,0.0,0.0,0.594159,0.803041,0.0,0.243524,0.43759,0.43759,0.14608,0.368119,0.368119,True,False,False,0.0,False,True,37.319
415,20.75,1,drowsy,drowsy,1.0,0.0,1.0,0.0,0.0,0.0,0.581036,0.814167,0.0,0.246084,0.437931,0.437931,0.14619,0.367244,0.367244,True,False,False,0.0,False,True,45.831
416,20.8,1,drowsy,drowsy,1.0,0.0,1.0,0.0,0.0,0.0,0.51576,0.851759,0.0,0.24839,0.438124,0.438124,0.146268,0.366334,0.366334,True,False,False,0.0,False,True,37.122
417,20.85,1,drowsy,drowsy,1.0,0.0,1.0,0.0,0.0,0.0,0.457348,0.894519,0.0,0.250442,0.438174,0.438174,0.14631,0.365382,0.365382,True,False,False,0.0,False,True,37.125
418,20.9,1,drowsy,drowsy,1.0,0.0,1.0,0.0,0.0,0.0,0.362437,0.91803,0.0,0.251018,0.437972,0.437972,0.145559,0.364411,0.364411,True,False,False,0.0,False,True,37.531
419,20.95,1,drowsy,drowsy,1.0,0.0,1.0,0.0,0.0,0.0,0.235502,0.932548,0.0,0.252925,0.437427,0.437427,0.146341,0.36343,0.36343,True,False,False,0.0,False,True,36.992
420,21.0,1,drowsy,drowsy,1.0,0.0,1.0,0.0,0.0,0.0,0.288234,0.92541,0.0,0.254108,0.437029,0.437029,0.146355,0.362461,0.362461,True,False,False,0.0,False,True,45.876
421,21.05,1,drowsy,drowsy,1.0,0.0,1.0,0.0,0.0,0.0,0.496571,0.839532,0.0,0.256298,0.437173,0.437173,0.146443,0.361587,0.361587,True,False,False,0.0,False,True,37.069
422,21.1,1,drowsy,drowsy,1.0,0.0,1.0,0.0,0.0,0.0,0.554061,0.803831,0.0,0.258745,0.437442,0.437442,0.146562,0.360754,0.360754,True,False,False,0.0,False,True,36.866
423,21.15,1,drowsy,drowsy,1.0,0.0,1.0,0.0,0.0,0.0,0.595978,0.795236,0.0,0.26025,0.437803,0.437803,0.145908,0.359934,0.359934,True,False,False,0.0,False,True,37.198
424,21.2,1,drowsy,drowsy,1.0,0.0,1.0,0.0,0.0,0.0,0.549844,0.815955,0.0,0.263847,0.438064,0.438064,0.146797,0.359096,0.359096,True,False,False,0.0,False,True,37.442
425,21.25,1,drowsy,drowsy,1.0,0.0,1.0,0.0,0.0,0.0,0.504133,0.853845,0.0,0.266185,0.438224,0.438224,0.146877,0.358223,0.358223,True,False,False,0.0,False,True,46.48
426,21.3,1,drowsy,drowsy,1.0,0.0,1.0,0.0,0.0,0.0,0.48643,0.856454,0.0,0.268438,0.438342,0.438342,0.146954,0.357352,0.357352,True,False,False,0.0,False,True,37.728
427,21.35,1,drowsy,drowsy,1.0,0.0,1.0,0.0,0.0,0.0,0.452434,0.887594,0.0,0.270542,0.438377,0.438377,0.147004,0.356454,0.356454,True,False,False,0.0,False,True,37.744
428,21.4,1,drowsy,drowsy,1.0,0.0,1.0,0.0,0.0,0.0,0.34699,0.915386,0.0,0.270936,0.438141,0.438141,0.146247,0.355532,0.355532,True,False,False,0.0,False,True,37.584
429,21.45,1,drowsy,drowsy,1.0,0.0,1.0,0.0,0.0,0.0,0.187982,0.93607,0.0,0.272954,0.437481,0.437481,0.147045,0.354594,0.354594,True,False,False,0.0,False,True,37.508
430,21.5,1,drowsy,drowsy,1.0,0.0,1.0,0.0,0.0,0.0,0.093347,0.946753,0.0,0.273247,0.436565,0.436565,0.147048,0.353651,0.353651,True,False,False,0.0,False,True,46.51
431,21.55,1,drowsy,drowsy,1.0,0.0,1.0,0.0,0.0,0.0,0.054872,0.952182,0.0,0.273329,0.435547,0.435547,0.147047,0.352707,0.352707,True,False,False,0.0,False,True,37.631
432,21.6,1,drowsy,drowsy,1.0,0.0,1.0,0.0,0.0,0.0,0.044247,0.953928,0.0,0.273354,0.434504,0.434504,0.147044,0.351767,0.351767,True,False,False,0.0,False,True,37.399
433,21.65,1,drowsy,drowsy,1.0,0.0,1.0,0.0,0.0,0.0,0.103796,0.942921,0.0,0.272455,0.433634,0.433634,0.146264,0.350842,0.350842,True,False,False,0.0,False,True,38.277
434,21.7,1,drowsy,drowsy,1.0,0.0,1.0,0.0,0.0,0.0,0.471862,0.851184,0.0,0.275911,0.433725,0.433725,0.147133,0.350012,0.350012,True,False,False,0.0,False,True,37.795
435,21.75,1,drowsy,drowsy,1.0,0.0,1.0,0.0,0.0,0.0,0.526306,0.804402,0.0,0.278324,0.433932,0.433932,0.147255,0.349231,0.349231,True,False,False,0.0,False,True,46.937
436,21.8,1,drowsy,drowsy,1.0,0.0,1.0,0.0,0.0,0.0,0.567134,0.808139,0.0,0.280927,0.43423,0.43423,0.147374,0.348449,0.348449,True,False,False,0.0,False,True,37.451
437,21.85,1,drowsy,drowsy,1.0,0.0,1.0,0.0,0.0,0.0,0.623298,0.811207,0.0,0.283778,0.434653,0.434653,0.14749,0.347668,0.347668,True,False,False,0.0,False,True,37.314
438,21.9,1,drowsy,drowsy,1.0,0.0,1.0,0.0,0.0,0.0,0.71595,0.801785,0.0,0.285735,0.435275,0.435275,0.146822,0.3469,0.3469,True,False,False,0.0,False,True,37.184
439,21.95,1,drowsy,drowsy,1.0,0.0,1.0,0.0,0.0,0.0,0.789279,0.785476,0.0,0.290589,0.43604,0.43604,0.14775,0.346151,0.346151,True,False,False,0.0,False,True,37.259
440,22.0,1,drowsy,drowsy,1.0,0.0,1.0,0.0,0.0,0.0,0.799802,0.780342,0.0,0.294184,0.436819,0.436819,0.147892,0.345409,0.345409,True,False,False,0.0,False,True,45.91
441,22.05,1,drowsy,drowsy,1.0,0.0,1.0,0.0,0.0,0.0,0.807578,0.776255,0.0,0.297797,0.437607,0.437607,0.148037,0.344675,0.344675,True,False,False,0.0,False,True,37.411
442,22.1,1,drowsy,drowsy,1.0,0.0,1.0,0.0,0.0,0.0,0.810118,0.776465,0.0,0.301416,0.438397,0.438397,0.148183,0.343944,0.343944,True,False,False,0.0,False,True,37.137
443,22.15,1,drowsy,drowsy,1.0,0.0,1.0,0.0,0.0,0.0,0.785756,0.774672,0.0,0.303545,0.439131,0.439131,0.147532,0.343217,0.343217,True,False,False,0.0,False,True,37.162
444,22.2,1,drowsy,drowsy,1.0,0.0,1.0,0.0,0.0,0.0,0.726647,0.795292,0.0,0.308199,0.439753,0.439753,0.14846,0.342475,0.342475,True,False,False,0.0,False,True,37.188
445,22.25,1,drowsy,drowsy,1.0,0.0,1.0,0.0,0.0,0.0,0.613921,0.811922,0.0,0.311022,0.440137,0.440137,0.148577,0.34172,0.34172,True,False,False,0.0,False,True,45.79
446,22.3,1,drowsy,drowsy,1.0,0.0,1.0,0.0,0.0,0.0,0.524485,0.852942,0.0,0.313507,0.440332,0.440332,0.181316,0.356403,0.356403,True,False,False,0.0,False,True,37.472
447,22.35,1,drowsy,drowsy,1.0,0.0,1.0,0.0,0.0,0.0,0.447132,0.896419,0.0,0.315665,0.440349,0.440349,0.183665,0.356623,0.356623,True,False,False,0.0,False,True,37.229
448,22.4,1,drowsy,drowsy,1.0,0.0,1.0,0.0,0.0,0.0,0.421964,0.899826,0.0,0.316209,0.440304,0.440304,0.184885,0.356781,0.356781,True,False,False,0.0,False,True,37.161
449,22.45,1,drowsy,drowsy,1.0,0.0,1.0,0.0,0.0,0.0,0.275027,0.928667,0.0,0.316374,0.439891,0.439891,0.185799,0.35589,0.35589,True,False,False,0.0,False,True,36.926
450,22.5,1,drowsy,drowsy,1.0,0.0,1.0,0.0,0.0,0.0,0.155204,0.938443,0.0,0.314513,0.439175,0.439175,0.185674,0.354994,0.354994,True,False,False,0.0,False,True,45.786
451,22.55,1,drowsy,drowsy,1.0,0.0,1.0,0.0,0.0,0.0,0.094046,0.945496,0.0,0.312307,0.438302,0.438302,0.185559,0.354096,0.354096,True,False,False,0.0,False,True,37.024
452,22.6,1,drowsy,drowsy,1.0,0.0,1.0,0.0,0.0,0.0,0.055864,0.952196,0.0,0.310041,0.43733,0.43733,0.185473,0.353197,0.353197,True,False,False,0.0,False,True,37.206
453,22.65,1,drowsy,drowsy,1.0,0.0,1.0,0.0,0.0,0.0,0.054464,0.951738,0.0,0.30866,0.43636,0.43636,0.184471,0.352302,0.352302,True,False,False,0.0,False,True,37.725
454,22.7,1,drowsy,drowsy,1.0,0.0,1.0,0.0,0.0,0.0,0.047276,0.951762,0.0,0.306909,0.435377,0.435377,0.185384,0.351412,0.351412,True,False,False,0.0,False,True,37.062
455,22.75,1,drowsy,drowsy,1.0,0.0,1.0,0.0,0.0,0.0,0.051409,0.949405,0.0,0.306646,0.434411,0.434411,0.185379,0.350528,0.350528,True,False,False,0.0,False,True,46.411
456,22.8,1,drowsy,drowsy,1.0,0.0,1.0,0.0,0.0,0.0,0.057102,0.948297,0.0,0.306688,0.433466,0.433466,0.185384,0.34965,0.34965,True,False,False,0.0,False,True,37.202
457,22.85,1,drowsy,drowsy,1.0,0.0,1.0,0.0,0.0,0.0,0.052686,0.948915,0.0,0.306763,0.432514,0.432514,0.185391,0.348776,0.348776,True,False,False,0.0,False,True,37.117
458,22.9,1,drowsy,drowsy,1.0,0.0,1.0,0.0,0.0,0.0,0.058855,0.946934,0.0,0.305431,0.431584,0.431584,0.184394,0.347907,0.347907,True,False,False,0.0,False,True,37.465
459,22.95,1,drowsy,drowsy,1.0,0.0,1.0,0.0,0.0,0.0,0.047855,0.94949,0.0,0.306943,0.430628,0.430628,0.185401,0.347041,0.347041,True,False,False,0.0,False,True,37.114
460,23.0,3,yawning,yawning,0.898812,0.085143,0.012019,0.0,0.898812,0.004027,0.047729,0.949765,0.0,0.306995,0.429677,0.429677,0.185404,0.346179,0.346179,True,False,False,0.0,False,False,46.214
461,23.05,3,yawning,yawning,0.961333,0.031188,0.004163,0.0,0.961333,0.003316,0.04481,0.95057,0.0,0.307026,0.428723,0.428723,0.185406,0.345321,0.345321,True,False,False,0.0,False,False,37.167
462,23.1,3,yawning,yawning,0.977905,0.016899,0.001857,0.0,0.977905,0.003339,0.045409,0.951011,0.0,0.307063,0.427774,0.427774,0.185407,0.344466,0.344466,True,False,False,0.0,False,False,37.267
463,23.15,3,yawning,yawning,0.978186,0.015287,0.001268,0.0,0.978186,0.005259,0.044886,0.950692,0.0,0.305649,0.426829,0.426829,0.184407,0.343616,0.343616,True,False,False,0.0,False,False,37.3
464,23.2,3,yawning,yawning,0.981774,0.013568,0.000769,0.0,0.981774,0.003888,0.046899,0.949573,0.0,0.307121,0.425895,0.425895,0.185412,0.342771,0.342771,True,False,False,0.0,False,False,37.044
465,23.25,3,yawning,yawning,0.983006,0.012697,0.000563,0.0,0.983006,0.003733,0.043912,0.95068,0.0,0.307123,0.424956,0.424956,0.185413,0.341929,0.341929,True,False,False,0.0,False,False,46.141
466,23.3,3,yawning,yawning,0.982627,0.013244,0.000461,0.0,0.982627,0.003668,0.046509,0.950093,0.0,0.307122,0.42403,0.42403,0.185413,0.341092,0.341092,True,False,False,0.0,False,False,37.227
467,23.35,3,yawning,yawning,0.982423,0.01402,0.000387,0.0,0.982423,0.00317,0.051114,0.949188,0.0,0.30714,0.42312,0.42312,0.185414,0.340259,0.340259,True,False,False,0.0,False,False,37.252
468,23.4,3,yawning,yawning,0.97684,0.016362,0.000446,0.0,0.97684,0.006351,0.042934,0.950995,0.0,0.305714,0.422193,0.422193,0.184413,0.339429,0.339429,True,False,False,0.0,False,False,37.264
469,23.45,3,yawning,yawning,0.966078,0.021266,0.000528,0.0,0.966078,0.012128,0.04249,0.950867,0.0,0.307093,0.421269,0.421269,0.18541,0.338604,0.338604,True,False,False,0.0,False,False,171.471
470,23.5,3,yawning,yawning,0.950295,0.028144,0.000609,0.0,0.950295,0.020951,0.047788,0.949796,0.0,0.307109,0.420364,0.420364,0.185408,0.337783,0.337783,True,False,False,0.0,False,False,46.08
471,23.55,3,yawning,yawning,0.885009,0.047069,0.000951,0.0,0.885009,0.066971,0.04399,0.949872,0.0,0.307101,0.419453,0.419453,0.185407,0.336966,0.336966,True,False,False,0.797016,False,False,37.33
472,23.6,3,yawning,yawning,0.681982,0.088049,0.001509,0.0,0.681982,0.22846,0.04417,0.94948,0.0,0.307109,0.418548,0.418548,0.185408,0.336153,0.336153,True,False,False,0.0,False,False,37.182
473,23.65,1,drowsy,drowsy,1.0,0.0,1.0,0.0,0.0,0.0,0.048029,0.94802,0.0,0.305715,0.417658,0.417658,0.18441,0.335346,0.335346,True,False,False,0.0,False,True,37.353
474,23.7,4,distraction,distracted,0.840957,0.112621,0.001017,0.0,0.045404,0.840957,0.044071,0.949626,0.0,0.306967,0.416762,0.416762,0.185404,0.334541,0.334541,True,False,False,0.0,False,False,36.962
475,23.75,1,drowsy,drowsy,1.0,0.0,1.0,0.0,0.0,0.0,0.047111,0.948529,0.0,0.30689,0.415878,0.415878,0.185403,0.333741,0.333741,True,False,False,0.0,False,True,45.942
476,23.8,1,drowsy,drowsy,1.0,0.0,1.0,0.0,0.0,0.0,0.048197,0.947856,0.0,0.306829,0.415001,0.415001,0.185404,0.332945,0.332945,True,False,False,0.0,False,True,37.022
477,23.85,1,drowsy,drowsy,1.0,0.0,1.0,0.0,0.0,0.0,0.046139,0.94845,0.0,0.306797,0.414123,0.414123,0.185405,0.332153,0.332153,True,False,False,0.0,False,True,37.078
478,23.9,4,distraction,distracted,0.899893,0.099149,0.000267,0.0,0.00069,0.899893,0.05239,0.946847,0.0,0.30543,0.413265,0.413265,0.184409,0.331365,0.331365,True,False,False,0.0,False,False,37.371
479,23.95,1,drowsy,drowsy,1.0,0.0,1.0,0.0,0.0,0.0,0.066256,0.944692,0.0,0.304852,0.412447,0.412447,0.185323,0.330583,0.330583,True,False,False,0.0,False,True,37.224
480,24.0,4,distraction,distracted,0.842216,0.157014,0.000286,0.0,0.000484,0.842216,0.053057,0.947874,0.0,0.302453,0.411598,0.411598,0.185181,0.329803,0.329803,True,False,False,0.0,False,False,45.946
481,24.05,1,drowsy,drowsy,1.0,0.0,1.0,0.0,0.0,0.0,0.052082,0.947725,0.0,0.299693,0.410751,0.410751,0.182225,0.329026,0.329026,True,False,False,0.0,False,True,37.248
482,24.1,1,drowsy,drowsy,1.0,0.0,1.0,0.0,0.0,0.0,0.048534,0.947603,0.0,0.296451,0.409899,0.409899,0.178804,0.328252,0.328252,True,False,False,1.0,False,True,37.022
483,24.15,4,distraction,distracted,0.900712,0.098761,0.00024,0.0,0.000287,0.900712,0.04645,0.948286,0.0,0.295109,0.409047,0.409047,0.177845,0.327482,0.327482,True,False,False,1.0,False,False,37.075
484,24.2,4,distraction,distracted,0.93864,0.060916,0.00021,0.0,0.000234,0.93864,0.046064,0.949016,0.0,0.289288,0.408196,0.408196,0.17135,0.326715,0.326715,True,False,False,1.0,False,False,37.236
485,24.25,4,distraction,distracted,0.940073,0.059493,0.000206,0.0,0.000228,0.940073,0.049173,0.947654,0.0,0.285623,0.407358,0.407358,0.167541,0.325952,0.325952,True,False,False,1.0,False,False,45.979
486,24.3,4,distraction,distracted,0.952413,0.047193,0.000189,0.0,0.000206,0.952413,0.044968,0.94951,0.0,0.281923,0.406513,0.406513,0.163726,0.325192,0.325192,True,False,False,1.0,False,False,36.854
487,24.35,4,distraction,distracted,0.961566,0.038064,0.00018,0.0,0.000191,0.961566,0.044147,0.949764,0.0,0.278243,0.405669,0.405669,0.159944,0.324435,0.324435,True,False,False,1.0,False,False,37.024
488,24.4,4,distraction,distracted,0.965459,0.034173,0.000179,0.0,0.000189,0.965459,0.044687,0.949793,0.0,0.276994,0.404831,0.404831,0.159089,0.323681,0.323681,True,False,False,0.0,False,False,37.022
489,24.45,4,distraction,distracted,0.971638,0.028005,0.000175,0.0,0.000183,0.971638,0.04379,0.949721,0.0,0.270936,0.403994,0.403994,0.152453,0.322931,0.322931,True,False,False,0.0,False,False,37.012
490,24.5,4,distraction,distracted,0.967756,0.031871,0.000181,0.0,0.000192,0.967756,0.041377,0.950549,0.0,0.267284,0.403155,0.403155,0.148733,0.322184,0.322184,True,False,False,0.0,False,False,46.295
491,24.55,4,distraction,distracted,0.967949,0.031684,0.000177,0.0,0.000191,0.967949,0.0389,0.951017,0.0,0.263641,0.402314,0.402314,0.145042,0.32144,0.32144,True,False,False,0.0,False,False,37.419
492,24.6,4,distraction,distracted,0.969909,0.029733,0.000172,0.0,0.000186,0.969909,0.037905,0.951337,0.0,0.260018,0.401474,0.401474,0.141384,0.320699,0.320699,True,False,False,0.0,False,False,37.931
493,24.65,1,drowsy,drowsy,1.0,0.0,1.0,0.0,0.0,0.0,0.038849,0.951276,0.0,0.258841,0.40064,0.40064,0.140631,0.319961,0.319961,True,False,False,0.0,False,True,37.562
494,24.7,1,drowsy,drowsy,1.0,0.0,1.0,0.0,0.0,0.0,0.040256,0.950583,0.0,0.252854,0.399814,0.399814,0.134137,0.319228,0.319228,True,False,False,0.0,False,True,37.795
495,24.75,1,drowsy,drowsy,1.0,0.0,1.0,0.0,0.0,0.0,0.040525,0.950486,0.0,0.24931,0.398992,0.398992,0.130551,0.318498,0.318498,True,False,False,0.0,False,True,46.563
496,24.8,1,drowsy,drowsy,1.0,0.0,1.0,0.0,0.0,0.0,0.044208,0.948616,0.0,0.245812,0.398184,0.398184,0.126995,0.317772,0.317772,True,False,False,0.0,False,True,37.69
497,24.85,1,drowsy,drowsy,1.0,0.0,1.0,0.0,0.0,0.0,0.041712,0.949875,0.0,0.242309,0.397373,0.397373,0.123449,0.317049,0.317049,True,False,False,0.0,False,True,37.72
498,24.9,1,drowsy,drowsy,1.0,0.0,1.0,0.0,0.0,0.0,0.046894,0.949053,0.0,0.241279,0.396578,0.396578,0.122798,0.31633,0.31633,True,False,False,0.0,False,True,37.131
499,24.95,1,drowsy,drowsy,1.0,0.0,1.0,0.0,0.0,0.0,0.046643,0.948786,0.0,0.235465,0.395786,0.395786,0.116477,0.315614,0.315614,True,False,False,0.0,False,True,37.359
500,25.0,1,drowsy,drowsy,1.0,0.0,1.0,0.0,0.0,0.0,0.051273,0.947042,0.0,0.23244,0.39501,0.39501,0.113291,0.314903,0.314903,True,False,False,0.0,False,True,45.921
501,25.05,1,drowsy,drowsy,1.0,0.0,1.0,0.0,0.0,0.0,0.048617,0.948049,0.0,0.230159,0.39423,0.39423,0.11081,0.314194,0.314194,True,False,False,0.0,False,True,37.028
502,25.1,1,drowsy,drowsy,1.0,0.0,1.0,0.0,0.0,0.0,0.045829,0.948256,0.0,0.228587,0.393448,0.393448,0.109023,0.313489,0.313489,True,False,False,0.0,False,True,37.127
503,25.15,1,drowsy,drowsy,1.0,0.0,1.0,0.0,0.0,0.0,0.046534,0.947882,0.0,0.227633,0.392671,0.392671,0.108452,0.312787,0.312787,True,False,False,0.0,False,True,37.046
504,25.2,1,drowsy,drowsy,1.0,0.0,1.0,0.0,0.0,0.0,0.046354,0.947877,0.0,0.22761,0.391896,0.391896,0.109019,0.312087,0.312087,True,False,False,0.0,False,True,37.034
505,25.25,1,drowsy,drowsy,1.0,0.0,1.0,0.0,0.0,0.0,0.046083,0.947659,0.0,0.227572,0.391125,0.391125,0.109024,0.311392,0.311392,True,False,False,0.0,False,True,45.712
506,25.3,1,drowsy,drowsy,1.0,0.0,1.0,0.0,0.0,0.0,0.04387,0.948802,0.0,0.227517,0.390352,0.390352,0.109026,0.310698,0.310698,True,False,False,0.0,False,True,37.239
507,25.35,1,drowsy,drowsy,1.0,0.0,1.0,0.0,0.0,0.0,0.047119,0.94806,0.0,0.227492,0.38959,0.38959,0.109029,0.310008,0.310008,True,False,False,0.0,False,True,37.017
508,25.4,1,drowsy,drowsy,1.0,0.0,1.0,0.0,0.0,0.0,0.045867,0.94873,0.0,0.226539,0.388828,0.388828,0.108457,0.309321,0.309321,True,False,False,0.0,False,True,37.011
509,25.45,1,drowsy,drowsy,1.0,0.0,1.0,0.0,0.0,0.0,0.046952,0.947935,0.0,0.227282,0.388072,0.388072,0.109029,0.308637,0.308637,True,False,False,0.0,False,True,36.814
510,25.5,1,drowsy,drowsy,1.0,0.0,1.0,0.0,0.0,0.0,0.049961,0.947188,0.0,0.227143,0.387327,0.387327,0.109029,0.307957,0.307957,True,False,False,0.0,False,True,45.769
511,25.55,1,drowsy,drowsy,1.0,0.0,1.0,0.0,0.0,0.0,0.055529,0.94584,0.0,0.227004,0.386598,0.386598,0.109029,0.307281,0.307281,True,False,False,0.0,False,True,37.057
512,25.6,1,drowsy,drowsy,1.0,0.0,1.0,0.0,0.0,0.0,0.060463,0.943899,0.0,0.226823,0.385885,0.385885,0.109029,0.306609,0.306609,True,False,False,0.0,False,True,36.862
513,25.65,1,drowsy,drowsy,1.0,0.0,1.0,0.0,0.0,0.0,0.056667,0.945422,0.0,0.225934,0.385166,0.385166,0.108459,0.305939,0.305939,True,False,False,0.0,False,True,37.142
514,25.7,1,drowsy,drowsy,1.0,0.0,1.0,0.0,0.0,0.0,0.059013,0.944586,0.0,0.226644,0.384455,0.384455,0.109033,0.305272,0.305272,True,False,False,0.0,False,True,37.08
515,25.75,1,drowsy,drowsy,1.0,0.0,1.0,0.0,0.0,0.0,0.058275,0.944878,0.0,0.226623,0.383746,0.383746,0.109035,0.304608,0.304608,True,False,False,0.0,False,True,46.15
516,25.8,1,drowsy,drowsy,1.0,0.0,1.0,0.0,0.0,0.0,0.050025,0.947333,0.0,0.226551,0.38302,0.38302,0.109036,0.303945,0.303945,True,False,False,0.0,False,True,37.137
517,25.85,1,drowsy,drowsy,1.0,0.0,1.0,0.0,0.0,0.0,0.056679,0.943859,0.0,0.225688,0.382314,0.382314,0.109024,0.303288,0.303288,True,False,False,0.0,False,True,36.992
518,25.9,1,drowsy,drowsy,1.0,0.0,1.0,0.0,0.0,0.0,0.064937,0.941963,0.0,0.224851,0.38163,0.38163,0.108457,0.302635,0.302635,True,False,False,0.0,False,True,36.874
519,25.95,1,drowsy,drowsy,1.0,0.0,1.0,0.0,0.0,0.0,0.055937,0.946104,0.0,0.221566,0.380927,0.380927,0.108929,0.301982,0.301982,True,False,False,0.0,False,True,36.874
520,26.0,1,drowsy,drowsy,1.0,0.0,1.0,0.0,0.0,0.0,0.055548,0.946134,0.0,0.219414,0.380226,0.380226,0.108886,0.301331,0.301331,True,False,False,0.0,False,True,46.068
521,26.05,1,drowsy,drowsy,1.0,0.0,1.0,0.0,0.0,0.0,0.048414,0.948214,0.0,0.21739,0.379512,0.379512,0.108857,0.300682,0.300682,True,False,False,0.0,False,True,37.108
522,26.1,1,drowsy,drowsy,1.0,0.0,1.0,0.0,0.0,0.0,0.045058,0.949873,0.0,0.215794,0.378791,0.378791,0.108838,0.300035,0.300035,True,False,False,0.0,False,True,37.767
523,26.15,1,drowsy,drowsy,1.0,0.0,1.0,0.0,0.0,0.0,0.043864,0.949682,0.0,0.214902,0.378072,0.378072,0.108828,0.29939,0.29939,True,False,False,0.0,False,True,37.328
524,26.2,1,drowsy,drowsy,1.0,0.0,1.0,0.0,0.0,0.0,0.046644,0.948918,0.0,0.214601,0.377362,0.377362,0.108826,0.298749,0.298749,True,False,False,0.0,False,True,37.468
525,26.25,1,drowsy,drowsy,1.0,0.0,1.0,0.0,0.0,0.0,0.047846,0.94812,0.0,0.214505,0.376658,0.376658,0.108827,0.298111,0.298111,True,False,False,0.0,False,True,46.468
526,26.3,1,drowsy,drowsy,1.0,0.0,1.0,0.0,0.0,0.0,0.051257,0.947335,0.0,0.214495,0.375965,0.375965,0.108829,0.297476,0.297476,True,False,False,0.0,False,True,37.258
527,26.35,1,drowsy,drowsy,1.0,0.0,1.0,0.0,0.0,0.0,0.04377,0.949717,0.0,0.214417,0.375258,0.375258,0.108829,0.296842,0.296842,True,False,False,0.0,False,True,37.004
528,26.4,1,drowsy,drowsy,1.0,0.0,1.0,0.0,0.0,0.0,0.054226,0.947195,0.0,0.214363,0.374577,0.374577,0.10883,0.296213,0.296213,True,False,False,0.0,False,True,37.078
529,26.45,1,drowsy,drowsy,1.0,0.0,1.0,0.0,0.0,0.0,0.059108,0.944659,0.0,0.214332,0.373912,0.373912,0.108832,0.295588,0.295588,True,False,False,0.0,False,True,37.0
530,26.5,1,drowsy,drowsy,1.0,0.0,1.0,0.0,0.0,0.0,0.053895,0.946649,0.0,0.214303,0.373237,0.373237,0.108834,0.294965,0.294965,True,False,False,0.012352,False,True,45.854
531,26.55,1,drowsy,drowsy,1.0,0.0,1.0,0.0,0.0,0.0,0.0502,0.946803,0.0,0.214284,0.372556,0.372556,0.108836,0.294343,0.294343,True,False,False,0.0,False,True,37.311
532,26.6,1,drowsy,drowsy,1.0,0.0,1.0,0.0,0.0,0.0,0.050804,0.947394,0.0,0.214248,0.37188,0.37188,0.108837,0.293725,0.293725,True,False,False,0.0,False,True,37.086
533,26.65,1,drowsy,drowsy,1.0,0.0,1.0,0.0,0.0,0.0,0.049096,0.947217,0.0,0.214199,0.371203,0.371203,0.108839,0.293108,0.293108,True,False,False,0.0,False,True,37.405
534,26.7,1,drowsy,drowsy,1.0,0.0,1.0,0.0,0.0,0.0,0.046013,0.947796,0.0,0.214135,0.370522,0.370522,0.108839,0.292495,0.292495,True,False,False,0.0,False,True,37.298
535,26.75,1,drowsy,drowsy,1.0,0.0,1.0,0.0,0.0,0.0,0.042534,0.949742,0.0,0.214051,0.369835,0.369835,0.108839,0.291882,0.291882,True,False,False,0.0,False,True,46.174
536,26.8,1,drowsy,drowsy,1.0,0.0,1.0,0.0,0.0,0.0,0.041922,0.950091,0.0,0.21389,0.369149,0.369149,0.108837,0.291272,0.291272,True,False,False,0.0,False,True,36.943
537,26.85,1,drowsy,drowsy,1.0,0.0,1.0,0.0,0.0,0.0,0.044181,0.949917,0.0,0.213749,0.368471,0.368471,0.108836,0.290664,0.290664,True,False,False,0.0,False,True,36.826
538,26.9,1,drowsy,drowsy,1.0,0.0,1.0,0.0,0.0,0.0,0.04447,0.949895,0.0,0.213594,0.367797,0.367797,0.108834,0.290059,0.290059,True,False,False,0.0,False,True,36.852
539,26.95,0,alert,alert,0.614734,0.614734,0.000493,0.0,0.000709,0.384064,0.050855,0.948287,0.0,0.213531,0.367139,0.367139,0.108834,0.289457,0.289457,True,False,False,0.0,False,False,37.068
540,27.0,1,drowsy,drowsy,1.0,0.0,1.0,0.0,0.0,0.0,0.047594,0.948637,0.0,0.213444,0.366478,0.366478,0.108834,0.288858,0.288858,True,False,False,0.0,False,True,46.087
541,27.05,1,drowsy,drowsy,1.0,0.0,1.0,0.0,0.0,0.0,0.049139,0.947149,0.0,0.213409,0.365823,0.365823,0.108836,0.288262,0.288262,True,False,False,0.0,False,True,37.754
542,27.1,1,drowsy,drowsy,1.0,0.0,1.0,0.0,0.0,0.0,0.063421,0.943244,0.0,0.213472,0.365203,0.365203,0.10884,0.287671,0.287671,True,False,False,0.0,False,True,37.459
543,27.15,1,drowsy,drowsy,1.0,0.0,1.0,0.0,0.0,0.0,0.452974,0.854617,0.0,0.215447,0.365366,0.365366,0.108898,0.287138,0.287138,True,False,False,0.0,False,True,37.637
544,27.2,1,drowsy,drowsy,1.0,0.0,1.0,0.0,0.0,0.0,0.513829,0.818037,0.0,0.217662,0.365629,0.365629,0.108978,0.286629,0.286629,True,False,False,0.0,False,True,37.192
545,27.25,1,drowsy,drowsy,1.0,0.0,1.0,0.0,0.0,0.0,0.517563,0.836366,0.0,0.219906,0.365904,0.365904,0.109046,0.286111,0.286111,True,False,False,0.0,False,True,46.915
546,27.3,1,drowsy,drowsy,1.0,0.0,1.0,0.0,0.0,0.0,0.441183,0.898109,0.0,0.221091,0.36605,0.36605,0.109062,0.285557,0.285557,True,False,False,0.0,False,True,38.022
547,27.35,1,drowsy,drowsy,1.0,0.0,1.0,0.0,0.0,0.0,0.265022,0.929114,0.0,0.220896,0.365847,0.365847,0.109048,0.284985,0.284985,True,False,False,0.0,False,True,37.661
548,27.4,1,drowsy,drowsy,1.0,0.0,1.0,0.0,0.0,0.0,0.112918,0.94735,0.0,0.219058,0.365333,0.365333,0.108968,0.284405,0.284405,True,False,False,0.0,False,True,37.285
549,27.45,4,distraction,distracted,0.639084,0.359854,0.000478,0.0,0.000584,0.639084,0.051597,0.954172,0.0,0.216798,0.364691,0.364691,0.108873,0.283823,0.283823,True,False,False,0.0,False,False,37.463
550,27.5,1,drowsy,drowsy,1.0,0.0,1.0,0.0,0.0,0.0,0.041758,0.955382,0.0,0.214446,0.36403,0.36403,0.108775,0.283243,0.283243,True,False,False,0.050847,False,True,46.032
551,27.55,1,drowsy,drowsy,1.0,0.0,1.0,0.0,0.0,0.0,0.038739,0.953909,0.0,0.211955,0.363368,0.363368,0.108684,0.282666,0.282666,True,False,False,0.0,False,True,37.468
552,27.6,4,distraction,distracted,0.843931,0.155308,0.000364,0.0,0.000397,0.843931,0.0374,0.953032,0.0,0.209304,0.362706,0.362706,0.108597,0.282092,0.282092,True,False,False,0.0,False,False,37.265
553,27.65,4,distraction,distracted,0.884605,0.114734,0.000316,0.0,0.000345,0.884605,0.03786,0.952172,0.0,0.206421,0.362048,0.362048,0.105591,0.28152,0.28152,True,False,False,0.0,False,False,37.242
554,27.7,1,drowsy,drowsy,1.0,0.0,1.0,0.0,0.0,0.0,0.039762,0.951167,0.0,0.203306,0.361397,0.361397,0.102344,0.280952,0.280952,True,False,False,0.0,False,True,36.929
555,27.75,4,distraction,distracted,0.921735,0.077725,0.000264,0.0,0.000276,0.921735,0.040241,0.950661,0.0,0.200128,0.36075,0.36075,0.099037,0.280386,0.280386,True,False,False,0.0,False,False,45.987
556,27.8,4,distraction,distracted,0.930177,0.0693,0.000262,0.0,0.000262,0.930177,0.039119,0.950692,0.0,0.196698,0.360104,0.360104,0.095494,0.279823,0.279823,True,False,False,0.0,False,False,36.858
557,27.85,4,distraction,distracted,0.929434,0.070037,0.000267,0.0,0.000262,0.929434,0.039259,0.951049,0.0,0.193211,0.35946,0.35946,0.091904,0.279261,0.279261,True,False,False,0.0,False,False,37.122
558,27.9,4,distraction,distracted,0.944212,0.055295,0.00025,0.0,0.000242,0.944212,0.041575,0.94987,0.0,0.18974,0.358824,0.358824,0.088327,0.278702,0.278702,True,False,False,0.0,False,False,36.981
559,27.95,4,distraction,distracted,0.951044,0.048484,0.00024,0.0,0.000232,0.951044,0.046598,0.948427,0.0,0.186316,0.358202,0.358202,0.084778,0.278147,0.278147,True,False,False,0.0,False,False,37.136
560,28.0,4,distraction,distracted,0.957115,0.042433,0.000228,0.0,0.000224,0.957115,0.042077,0.949517,0.0,0.182903,0.357572,0.357572,0.08127,0.277593,0.277593,True,False,False,0.0,False,False,45.692
561,28.05,4,distraction,distracted,0.955297,0.044252,0.000224,0.0,0.000226,0.955297,0.040431,0.949625,0.0,0.179494,0.356942,0.356942,0.077782,0.277041,0.277041,True,False,False,0.0,False,False,37.026
562,28.1,4,distraction,distracted,0.954944,0.044611,0.00022,0.0,0.000225,0.954944,0.039847,0.950096,0.0,0.176116,0.356312,0.356312,0.074335,0.276491,0.276491,True,False,False,0.0,False,False,36.979
563,28.15,4,distraction,distracted,0.952308,0.047242,0.000221,0.0,0.00023,0.952308,0.042856,0.949655,0.0,0.17278,0.355692,0.355692,0.070922,0.275944,0.275944,True,False,False,0.120728,False,False,36.896
564,28.2,1,drowsy,drowsy,1.0,0.0,1.0,0.0,0.0,0.0,0.047917,0.946691,0.0,0.169509,0.355085,0.355085,0.06755,0.2754,0.2754,True,False,False,0.120728,False,True,36.972
565,28.25,1,drowsy,drowsy,1.0,0.0,1.0,0.0,0.0,0.0,0.048343,0.946862,0.0,0.166275,0.354482,0.354482,0.064218,0.274859,0.274859,True,False,False,0.0,False,True,45.871
566,28.3,4,distraction,distracted,0.942449,0.05708,0.000223,0.0,0.000249,0.942449,0.057381,0.946716,0.0,0.16311,0.353899,0.353899,0.060911,0.27432,0.27432,True,False,False,0.0,False,False,36.856
567,28.35,4,distraction,distracted,0.948503,0.051038,0.000215,0.0,0.000244,0.948503,0.060611,0.946061,0.0,0.15999,0.353325,0.353325,0.057634,0.273783,0.273783,True,False,False,0.0,False,False,36.946
568,28.4,4,distraction,distracted,0.943934,0.055605,0.00021,0.0,0.000251,0.943934,0.056794,0.946492,0.0,0.156853,0.352746,0.352746,0.05436,0.273248,0.273248,True,False,False,0.0,False,False,36.776
569,28.45,4,distraction,distracted,0.946849,0.052702,0.000202,0.0,0.000247,0.946849,0.05245,0.947031,0.0,0.153705,0.35216,0.35216,0.051095,0.272715,0.272715,True,False,False,0.167992,False,False,36.902
570,28.5,4,distraction,distracted,0.956363,0.043213,0.000194,0.0,0.000231,0.956363,0.052793,0.946179,0.0,0.150575,0.351577,0.351577,0.047843,0.272184,0.272184,True,False,False,0.167992,False,False,45.648
571,28.55,4,distraction,distracted,0.957089,0.042492,0.000193,0.0,0.000225,0.957089,0.046803,0.948094,0.0,0.147553,0.350984,0.350984,0.044714,0.271654,0.271654,True,False,False,0.0,False,False,37.186
572,28.6,4,distraction,distracted,0.958998,0.040583,0.000196,0.0,0.000223,0.958998,0.044732,0.949227,0.0,0.144558,0.350389,0.350389,0.041616,0.271126,0.271126,True,False,False,0.0,False,False,36.996
573,28.65,1,drowsy,drowsy,1.0,0.0,1.0,0.0,0.0,0.0,0.043147,0.949582,0.0,0.142147,0.349792,0.349792,0.03906,0.2706,0.2706,True,False,False,0.0,False,True,37.533
574,28.7,1,drowsy,drowsy,1.0,0.0,1.0,0.0,0.0,0.0,0.04397,0.948686,0.0,0.140099,0.3492,0.3492,0.03683,0.270076,0.270076,True,False,False,0.0,False,True,37.24
575,28.75,4,distraction,distracted,0.916015,0.083464,0.00024,0.0,0.000281,0.916015,0.052885,0.94547,0.0,0.138536,0.34863,0.34863,0.035019,0.269556,0.269556,True,False,False,0.0,False,False,46.083
576,28.8,4,distraction,distracted,0.91563,0.083852,0.000237,0.0,0.000281,0.91563,0.057784,0.945743,0.0,0.137934,0.348071,0.348071,0.035017,0.269038,0.269038,True,False,False,0.0,False,False,37.072
577,28.85,4,distraction,distracted,0.908488,0.090983,0.000238,0.0,0.000291,0.908488,0.04883,0.948657,0.0,0.137745,0.347495,0.347495,0.035016,0.26852,0.26852,True,False,False,0.0,False,False,37.064
578,28.9,4,distraction,distracted,0.915849,0.083634,0.000231,0.0,0.000285,0.915849,0.051057,0.947465,0.0,0.137721,0.346926,0.346926,0.035017,0.268005,0.268005,True,False,False,0.0,False,False,37.158
579,28.95,1,drowsy,drowsy,1.0,0.0,1.0,0.0,0.0,0.0,0.061558,0.944632,0.0,0.137816,0.346381,0.346381,0.035019,0.267493,0.267493,True,False,False,0.0,False,True,37.04
580,29.0,4,distraction,distracted,0.896793,0.102656,0.000241,0.0,0.00031,0.896793,0.058463,0.945701,0.0,0.137912,0.345832,0.345832,0.03502,0.266983,0.266983,True,False,False,0.0,False,False,45.635
581,29.05,1,drowsy,drowsy,1.0,0.0,1.0,0.0,0.0,0.0,0.052791,0.947446,0.0,0.13798,0.345273,0.345273,0.035021,0.266473,0.266473,True,False,False,0.0,False,True,36.903
582,29.1,1,drowsy,drowsy,1.0,0.0,1.0,0.0,0.0,0.0,0.050013,0.948413,0.0,0.138005,0.34471,0.34471,0.035022,0.265965,0.265965,True,False,False,0.0,False,True,36.748
583,29.15,4,distraction,distracted,0.833793,0.16556,0.000265,0.0,0.000382,0.833793,0.055958,0.946096,0.0,0.138074,0.344162,0.344162,0.035022,0.265461,0.265461,True,False,False,0.0,False,False,36.909
584,29.2,1,drowsy,drowsy,1.0,0.0,1.0,0.0,0.0,0.0,0.059139,0.944655,0.0,0.138168,0.343623,0.343623,0.035024,0.264959,0.264959,True,False,False,0.0,False,True,37.175
585,29.25,4,distraction,distracted,0.859131,0.14025,0.000269,0.0,0.000351,0.859131,0.078144,0.937589,0.0,0.138355,0.343126,0.343126,0.035026,0.264462,0.264462,True,False,False,0.0,False,False,46.097
586,29.3,4,distraction,distracted,0.901439,0.098012,0.000248,0.0,0.000301,0.901439,0.097136,0.932554,0.0,0.138639,0.342668,0.342668,0.03503,0.263971,0.263971,True,False,False,0.0,False,False,37.248
587,29.35,1,drowsy,drowsy,1.0,0.0,1.0,0.0,0.0,0.0,0.090944,0.935695,0.0,0.138872,0.342199,0.342199,0.035032,0.263479,0.263479,True,False,False,0.0,False,True,37.495
588,29.4,4,distraction,distracted,0.899515,0.099932,0.000262,0.0,0.000291,0.899515,0.417479,0.87126,0.0,0.140664,0.34233,0.34233,0.035047,0.263023,0.263023,True,False,False,0.0,False,False,37.379
589,29.45,1,drowsy,drowsy,1.0,0.0,1.0,0.0,0.0,0.0,0.514474,0.806557,0.0,0.142785,0.342605,0.342605,0.035075,0.262602,0.262602,True,False,False,0.0,False,True,37.238
590,29.5,4,distraction,distracted,0.953017,0.046501,0.000253,0.0,0.000229,0.953017,0.548793,0.805542,0.0,0.145062,0.342934,0.342934,0.035102,0.262183,0.262183,True,False,False,0.0,False,False,45.982
591,29.55,4,distraction,distracted,0.954705,0.044791,0.000266,0.0,0.000237,0.954705,0.518399,0.830989,0.0,0.147259,0.343223,0.343223,0.035125,0.261752,0.261752,True,False,False,0.0,False,False,36.966
592,29.6,4,distraction,distracted,0.954756,0.044735,0.000268,0.0,0.00024,0.954756,0.479453,0.87771,0.0,0.149372,0.343459,0.343459,0.035139,0.261298,0.261298,True,False,False,0.0,False,False,36.773
593,29.65,1,drowsy,drowsy,1.0,0.0,1.0,0.0,0.0,0.0,0.413069,0.907185,0.0,0.151212,0.343583,0.343583,0.035147,0.260831,0.260831,True,False,False,0.0,False,True,37.044
594,29.7,1,drowsy,drowsy,1.0,0.0,1.0,0.0,0.0,0.0,0.295426,0.927295,0.0,0.152491,0.343495,0.343495,0.035151,0.260355,0.260355,True,False,False,0.0,False,True,36.925
595,29.75,1,drowsy,drowsy,1.0,0.0,1.0,0.0,0.0,0.0,0.154001,0.941439,0.0,0.15306,0.343145,0.343145,0.035153,0.259874,0.259874,True,False,False,0.0,False,True,45.83
596,29.8,4,distraction,distracted,0.946371,0.053141,0.000229,0.0,0.00026,0.946371,0.073798,0.950322,0.0,0.153211,0.342643,0.342643,0.035153,0.25939,0.25939,True,False,False,0.0,False,False,37.215
597,29.85,4,distraction,distracted,0.938903,0.060599,0.000216,0.0,0.000282,0.938903,0.043994,0.954327,0.0,0.153213,0.342086,0.342086,0.035152,0.258906,0.258906,True,False,False,0.0,False,False,37.387
598,29.9,4,distraction,distracted,0.923467,0.075996,0.000212,0.0,0.000326,0.923467,0.039049,0.955339,0.0,0.153186,0.341521,0.341521,0.035151,0.258423,0.258423,True,False,False,0.0,False,False,37.019
599,29.95,4,distraction,distracted,0.92962,0.069871,0.000193,0.0,0.000316,0.92962,0.044172,0.951273,0.0,0.153194,0.340969,0.340969,0.035151,0.257944,0.257944,True,True,False,0.0,False,False,37.206
600,30.0,4,distraction,distracted,0.931463,0.068035,0.000185,0.0,0.000317,0.931463,0.04268,0.951043,0.0,0.153193,0.34006,0.340418,0.035151,0.257018,0.257467,True,True,False,0.0,False,False,46.313
601,30.05,4,distraction,distracted,0.960814,0.038784,0.000158,0.0,0.000245,0.960814,0.040279,0.950903,0.0,0.153173,0.339023,0.339863,0.035151,0.255959,0.256991,True,True,False,0.0,False,False,37.187
602,30.1,4,distraction,distracted,0.971539,0.028097,0.000148,0.0,0.000216,0.971539,0.042822,0.950814,0.0,0.153173,0.337898,0.339316,0.035151,0.2548,0.256518,True,True,False,0.0,False,False,37.253
603,30.15,1,drowsy,drowsy,1.0,0.0,1.0,0.0,0.0,0.0,0.041898,0.951782,0.0,0.153175,0.337351,0.338768,0.035151,0.254329,0.256045,True,True,False,0.0,False,True,36.89
604,30.2,4,distraction,distracted,0.966438,0.033196,0.000156,0.0,0.000209,0.966438,0.042406,0.950939,0.0,0.153131,0.336182,0.338224,0.03515,0.253123,0.255575,True,True,False,0.0,False,False,37.251
605,30.25,4,distraction,distracted,0.962182,0.037441,0.000163,0.0,0.000214,0.962182,0.044658,0.949652,0.0,0.153122,0.334335,0.337687,0.035151,0.251118,0.255107,True,True,False,0.0,False,False,45.629
606,30.3,1,drowsy,drowsy,1.0,0.0,1.0,0.0,0.0,0.0,0.042753,0.95083,0.0,0.153105,0.333163,0.337147,0.03515,0.2499,0.254641,True,True,False,0.0,False,True,36.984
607,30.35,4,distraction,distracted,0.915473,0.084038,0.000203,0.0,0.000285,0.915473,0.04201,0.95088,0.0,0.153083,0.332051,0.336608,0.03515,0.248742,0.254176,True,True,False,0.0,False,False,37.318
608,30.4,4,distraction,distracted,0.940407,0.059161,0.000182,0.0,0.000249,0.940407,0.044586,0.949737,0.0,0.152164,0.331522,0.336077,0.035145,0.248284,0.253713,True,True,False,0.0,False,False,37.112
609,30.45,4,distraction,distracted,0.95628,0.043334,0.000167,0.0,0.000219,0.95628,0.057618,0.94643,0.0,0.151046,0.330468,0.335572,0.035139,0.247152,0.253253,True,True,False,0.0,False,False,37.875
610,30.5,1,drowsy,drowsy,1.0,0.0,1.0,0.0,0.0,0.0,0.048982,0.948229,0.0,0.14913,0.328717,0.335053,0.035127,0.245215,0.252795,True,True,False,0.0,False,True,46.031
611,30.55,1,drowsy,drowsy,1.0,0.0,1.0,0.0,0.0,0.0,0.053141,0.947448,0.0,0.147015,0.327594,0.334544,0.035099,0.244022,0.252338,True,True,False,0.0,False,True,37.322
612,30.6,1,drowsy,drowsy,1.0,0.0,1.0,0.0,0.0,0.0,0.075597,0.940635,0.0,0.144983,0.326474,0.334081,0.035069,0.24279,0.251886,True,True,False,0.0,False,True,37.251
613,30.65,1,drowsy,drowsy,1.0,0.0,1.0,0.0,0.0,0.0,0.056868,0.945263,0.0,0.142799,0.325981,0.333583,0.035039,0.242346,0.251434,True,True,False,0.0,False,True,37.26
614,30.7,1,drowsy,drowsy,1.0,0.0,1.0,0.0,0.0,0.0,0.055968,0.944732,0.0,0.140402,0.324806,0.333085,0.035012,0.241096,0.250984,True,True,False,0.0,False,True,37.965
615,30.75,1,drowsy,drowsy,1.0,0.0,1.0,0.0,0.0,0.0,0.061363,0.942353,0.0,0.138068,0.322964,0.332601,0.034988,0.239043,0.250536,True,True,False,1.0,False,True,46.095
616,30.8,4,distraction,distracted,0.94015,0.059424,0.000197,0.0,0.000229,0.94015,0.063442,0.943435,0.0,0.135956,0.3218,0.332121,0.034971,0.237791,0.250089,True,True,False,1.0,False,False,38.695
617,30.85,1,drowsy,drowsy,1.0,0.0,1.0,0.0,0.0,0.0,0.058109,0.945042,0.0,0.134011,0.320635,0.331632,0.034961,0.236548,0.249643,True,True,False,1.0,False,True,38.633
618,30.9,1,drowsy,drowsy,1.0,0.0,1.0,0.0,0.0,0.0,0.065214,0.94467,0.0,0.132532,0.320169,0.331159,0.034956,0.236117,0.249199,True,True,False,1.0,False,True,36.699
619,30.95,1,drowsy,drowsy,1.0,0.0,1.0,0.0,0.0,0.0,0.064171,0.944979,0.0,0.131668,0.319014,0.330684,0.034954,0.234873,0.248757,True,True,False,1.0,False,True,37.146
620,31.0,1,drowsy,drowsy,1.0,0.0,1.0,0.0,0.0,0.0,0.054857,0.947199,0.0,0.130496,0.317122,0.330194,0.03495,0.232786,0.248315,True,True,False,1.0,False,True,46.089
621,31.05,1,drowsy,drowsy,1.0,0.0,1.0,0.0,0.0,0.0,0.048669,0.948301,0.0,0.128425,0.315909,0.329694,0.03493,0.231517,0.247874,True,True,False,0.554688,False,True,36.824
622,31.1,1,drowsy,drowsy,1.0,0.0,1.0,0.0,0.0,0.0,0.04649,0.949825,0.0,0.126167,0.314676,0.329191,0.034902,0.230234,0.247434,True,True,False,0.508453,False,True,37.129
623,31.15,1,drowsy,drowsy,1.0,0.0,1.0,0.0,0.0,0.0,0.066921,0.943128,0.0,0.123861,0.314226,0.32873,0.034874,0.229816,0.246998,True,True,False,0.0,False,True,37.203
624,31.2,1,drowsy,drowsy,1.0,0.0,1.0,0.0,0.0,0.0,0.063971,0.943997,0.0,0.121691,0.31303,0.328264,0.03485,0.228539,0.246564,True,True,False,0.0,False,True,37.109
625,31.25,1,drowsy,drowsy,1.0,0.0,1.0,0.0,0.0,0.0,0.062096,0.943588,0.0,0.119638,0.311093,0.327797,0.034834,0.22641,0.246131,True,True,False,0.609619,False,True,46.071
626,31.3,1,drowsy,drowsy,1.0,0.0,1.0,0.0,0.0,0.0,0.053411,0.945016,0.0,0.117617,0.309884,0.327316,0.034817,0.225143,0.245699,True,True,False,0.0,False,True,37.021
627,31.35,1,drowsy,drowsy,1.0,0.0,1.0,0.0,0.0,0.0,0.050104,0.947618,0.0,0.115681,0.308668,0.326829,0.034806,0.223879,0.245268,True,True,False,0.0,False,True,37.107
628,31.4,1,drowsy,drowsy,1.0,0.0,1.0,0.0,0.0,0.0,0.050747,0.947624,0.0,0.114217,0.308198,0.326345,0.0348,0.223471,0.244838,True,True,False,0.0,False,True,36.978
629,31.45,1,drowsy,drowsy,1.0,0.0,1.0,0.0,0.0,0.0,0.060619,0.946549,0.0,0.113575,0.307007,0.32588,0.034798,0.222213,0.24441,True,True,False,0.0,False,True,36.966
630,31.5,1,drowsy,drowsy,1.0,0.0,1.0,0.0,0.0,0.0,0.056842,0.947441,0.0,0.113389,0.305064,0.325411,0.034798,0.220103,0.243983,True,True,False,0.0,False,True,46.016
631,31.55,1,drowsy,drowsy,1.0,0.0,1.0,0.0,0.0,0.0,0.049198,0.949794,0.0,0.113361,0.303851,0.324928,0.034798,0.218847,0.243557,True,True,False,0.0,False,True,36.796
632,31.6,1,drowsy,drowsy,1.0,0.0,1.0,0.0,0.0,0.0,0.052822,0.94916,0.0,0.113406,0.302649,0.324453,0.034799,0.217594,0.243132,True,True,False,0.0,False,True,36.971
633,31.65,1,drowsy,drowsy,1.0,0.0,1.0,0.0,0.0,0.0,0.044115,0.950332,0.0,0.113102,0.302178,0.323965,0.034798,0.217198,0.242708,True,True,False,0.0,False,True,36.899
634,31.7,4,distraction,distracted,0.829606,0.169718,0.00028,0.0,0.000396,0.829606,0.04124,0.951125,0.0,0.1111,0.300958,0.323473,0.034779,0.215949,0.242286,True,True,False,0.0,False,False,36.882
635,31.75,4,distraction,distracted,0.873592,0.125801,0.000259,0.0,0.000347,0.873592,0.041883,0.95,0.0,0.10896,0.299011,0.322984,0.034752,0.213865,0.241865,True,True,False,0.0,False,False,45.983
636,31.8,4,distraction,distracted,0.915583,0.083898,0.00023,0.0,0.000289,0.915583,0.057016,0.945493,0.0,0.106717,0.297837,0.322525,0.034727,0.212635,0.241448,True,True,False,0.0,False,False,36.958
637,31.85,4,distraction,distracted,0.931676,0.06784,0.000218,0.0,0.000266,0.931676,0.063427,0.94297,0.0,0.104259,0.296675,0.32208,0.032,0.211404,0.241033,True,True,False,0.0,False,False,36.826
638,31.9,4,distraction,distracted,0.925481,0.074021,0.000223,0.0,0.000276,0.925481,0.056131,0.945603,0.0,0.101397,0.29624,0.321623,0.028909,0.211022,0.240619,True,True,False,0.0,False,False,37.078
639,31.95,4,distraction,distracted,0.94081,0.058727,0.000208,0.0,0.000255,0.94081,0.06686,0.943522,0.0,0.09834,0.295097,0.321187,0.025577,0.209804,0.240207,True,True,False,0.0,False,False,36.803
640,32.0,4,distraction,distracted,0.946688,0.052866,0.000203,0.0,0.000243,0.946688,0.103487,0.933458,0.0,0.095447,0.293286,0.320818,0.022228,0.207741,0.239801,True,True,False,0.0,False,False,45.925
641,32.05,1,drowsy,drowsy,1.0,0.0,1.0,0.0,0.0,0.0,0.100244,0.934971,0.0,0.095471,0.292942,0.320445,0.022118,0.20737,0.239395,True,True,False,0.0,False,True,37.149
642,32.1,4,distraction,distracted,0.949025,0.050543,0.0002,0.0,0.000232,0.949025,0.066178,0.943313,0.0,0.089428,0.291083,0.320012,0.015505,0.205321,0.238987,True,True,False,0.0,False,False,37.238
643,32.15,4,distraction,distracted,0.954193,0.045385,0.000198,0.0,0.000224,0.954193,0.057879,0.944491,0.0,0.086401,0.290662,0.319566,0.012254,0.204951,0.23858,True,True,False,0.0,False,False,37.095
644,32.2,4,distraction,distracted,0.959804,0.039786,0.000194,0.0,0.000217,0.959804,0.049782,0.94582,0.0,0.083511,0.288764,0.319107,0.009173,0.20289,0.238174,True,True,False,0.0,False,False,37.088
645,32.25,4,distraction,distracted,0.963049,0.036534,0.000199,0.0,0.000218,0.963049,0.076565,0.938578,0.0,0.08119,0.287658,0.318698,0.00652,0.201684,0.237773,True,True,False,0.0,False,False,45.844
646,32.3,4,distraction,distracted,0.964067,0.035511,0.000202,0.0,0.000219,0.964067,0.063579,0.942649,0.0,0.081102,0.287256,0.318267,0.006488,0.201322,0.237371,True,True,False,0.0,False,False,36.924
647,32.35,1,drowsy,drowsy,1.0,0.0,1.0,0.0,0.0,0.0,0.057483,0.945663,0.0,0.077236,0.285454,0.317825,0.002015,0.199335,0.236969,True,True,False,0.0,False,True,37.022
648,32.4,4,distraction,distracted,0.951314,0.048241,0.000212,0.0,0.000233,0.951314,0.059351,0.944843,0.0,0.0755,0.285047,0.317388,0.0,0.198976,0.236569,True,True,False,0.0,False,False,36.839
649,32.45,4,distraction,distracted,0.949919,0.049637,0.000211,0.0,0.000233,0.949919,0.068463,0.942188,0.0,0.074482,0.283348,0.31697,0.0,0.197064,0.236171,True,True,False,0.0,False,False,36.999
650,32.5,1,drowsy,drowsy,1.0,0.0,1.0,0.0,0.0,0.0,0.064117,0.942959,0.0,0.074029,0.282261,0.316545,0.0,0.195894,0.235774,True,True,False,0.0,False,True,45.983
651,32.55,4,distraction,distracted,0.939234,0.060302,0.000222,0.0,0.000242,0.939234,0.060309,0.944151,0.0,0.07396,0.281863,0.316115,0.0,0.195543,0.235378,True,True,False,0.0,False,False,36.905
652,32.6,4,distraction,distracted,0.950748,0.048817,0.00021,0.0,0.000225,0.950748,0.055621,0.94606,0.0,0.073859,0.2801,0.315677,0.0,0.193585,0.234983,True,True,False,0.0,False,False,37.25
653,32.65,4,distraction,distracted,0.953691,0.045879,0.000208,0.0,0.000222,0.953691,0.05677,0.945634,0.0,0.073871,0.279699,0.315244,0.0,0.193237,0.234589,True,True,False,0.0,False,False,37.279
654,32.7,4,distraction,distracted,0.948948,0.050608,0.000214,0.0,0.00023,0.948948,0.069232,0.941788,0.0,0.073982,0.277871,0.314834,0.0,0.191187,0.234198,True,True,False,0.0,False,False,37.054
655,32.75,4,distraction,distracted,0.947379,0.052168,0.000218,0.0,0.000235,0.947379,0.067531,0.943355,0.0,0.074064,0.276764,0.314421,0.0,0.189987,0.233808,True,True,False,0.0,False,False,45.602
656,32.8,4,distraction,distracted,0.948112,0.051427,0.000222,0.0,0.000239,0.948112,0.079474,0.940584,0.0,0.074091,0.276411,0.314032,0.0,0.189648,0.23342,True,True,False,0.0,False,False,37.035
657,32.85,4,distraction,distracted,0.94836,0.051175,0.000224,0.0,0.000241,0.94836,0.07962,0.94119,0.0,0.074311,0.274614,0.313643,0.0,0.187609,0.233033,True,True,False,0.0,False,False,36.85
658,32.9,4,distraction,distracted,0.95115,0.048386,0.000225,0.0,0.00024,0.95115,0.077175,0.94121,0.0,0.074403,0.274261,0.313252,0.0,0.187274,0.232648,True,True,False,0.0,False,False,37.794
659,32.95,4,distraction,distracted,0.950632,0.048896,0.000227,0.0,0.000244,0.950632,0.063016,0.945333,0.0,0.07448,0.272422,0.312837,0.0,0.185225,0.232262,True,True,False,0.0,False,False,37.587
660,33.0,4,distraction,distracted,0.953026,0.04651,0.000223,0.0,0.000242,0.953026,0.057166,0.947052,0.0,0.074528,0.271325,0.312413,0.0,0.184053,0.231876,True,True,False,0.0,False,False,46.158
661,33.05,1,drowsy,drowsy,1.0,0.0,1.0,0.0,0.0,0.0,0.049694,0.949294,0.0,0.074403,0.270926,0.311976,0.0,0.183722,0.231491,True,True,False,0.0,False,True,38.121
662,33.1,1,drowsy,drowsy,1.0,0.0,1.0,0.0,0.0,0.0,0.071855,0.944578,0.0,0.074686,0.269019,0.31158,0.0,0.181594,0.23111,True,True,False,0.0,False,True,37.431
663,33.15,1,drowsy,drowsy,1.0,0.0,1.0,0.0,0.0,0.0,0.068854,0.946001,0.0,0.074807,0.268661,0.31118,0.0,0.181268,0.230728,True,True,False,0.0,False,True,37.602
664,33.2,1,drowsy,drowsy,1.0,0.0,1.0,0.0,0.0,0.0,0.057712,0.947815,0.0,0.074862,0.266703,0.310762,0.0,0.179122,0.230348,True,True,False,0.0,False,True,38.124
665,33.25,1,drowsy,drowsy,1.0,0.0,1.0,0.0,0.0,0.0,0.051255,0.948578,0.0,0.074899,0.265522,0.310334,0.0,0.177888,0.229968,True,True,False,0.0,False,True,46.415
666,33.3,1,drowsy,drowsy,1.0,0.0,1.0,0.0,0.0,0.0,0.048916,0.948649,0.0,0.074769,0.265134,0.309904,0.0,0.177569,0.22959,True,True,False,0.0,False,True,37.93
667,33.35,4,distraction,distracted,0.75729,0.241945,0.000343,0.0,0.000422,0.75729,0.046339,0.948747,0.0,0.074888,0.263165,0.309471,0.0,0.175443,0.229213,True,True,False,0.0,False,False,37.441
668,33.4,1,drowsy,drowsy,1.0,0.0,1.0,0.0,0.0,0.0,0.044002,0.949401,0.0,0.074893,0.262772,0.309035,0.0,0.175128,0.228836,True,True,False,0.0,False,True,37.06
669,33.45,1,drowsy,drowsy,1.0,0.0,1.0,0.0,0.0,0.0,0.042815,0.949664,0.0,0.074895,0.260796,0.308599,0.0,0.173008,0.228461,True,True,False,0.0,False,True,37.206
670,33.5,1,drowsy,drowsy,1.0,0.0,1.0,0.0,0.0,0.0,0.042306,0.949466,0.0,0.074867,0.259616,0.308163,0.0,0.171799,0.228087,True,True,False,0.0,False,True,46.221
671,33.55,4,distraction,distracted,0.501764,0.497327,0.000329,0.0,0.00058,0.501764,0.04561,0.948538,0.0,0.074721,0.259233,0.307735,0.0,0.171492,0.227715,True,True,False,0.0,False,False,37.085
672,33.6,4,distraction,distracted,0.577003,0.42211,0.000312,0.0,0.000574,0.577003,0.047641,0.948107,0.0,0.074894,0.257275,0.307311,0.0,0.169385,0.227344,True,True,False,0.0,False,False,37.198
673,33.65,1,drowsy,drowsy,1.0,0.0,1.0,0.0,0.0,0.0,0.127671,0.926321,0.0,0.075288,0.257049,0.307026,0.0,0.169089,0.226983,True,True,False,0.0,False,True,37.006
674,33.7,1,drowsy,drowsy,1.0,0.0,1.0,0.0,0.0,0.0,0.463564,0.849178,0.0,0.077196,0.255801,0.307253,0.0,0.16702,0.226653,True,True,False,0.0,False,True,37.262
675,33.75,1,drowsy,drowsy,1.0,0.0,1.0,0.0,0.0,0.0,0.510033,0.833391,0.0,0.079265,0.255421,0.307542,0.0,0.165867,0.22633,True,True,False,0.0,False,True,46.198
676,33.8,1,drowsy,drowsy,1.0,0.0,1.0,0.0,0.0,0.0,0.445729,0.892482,0.0,0.080994,0.255741,0.307753,0.0,0.165588,0.225985,True,True,False,0.0,False,True,37.001
677,33.85,1,drowsy,drowsy,1.0,0.0,1.0,0.0,0.0,0.0,0.274573,0.927205,0.0,0.082289,0.254216,0.307701,0.0,0.163515,0.225628,True,True,False,0.00354,False,True,36.984
678,33.9,1,drowsy,drowsy,1.0,0.0,1.0,0.0,0.0,0.0,0.106996,0.946567,0.0,0.082564,0.253954,0.307377,0.0,0.163224,0.225264,True,True,False,0.014069,False,True,37.519
679,33.95,1,drowsy,drowsy,1.0,0.0,1.0,0.0,0.0,0.0,0.054676,0.952495,0.0,0.082505,0.252037,0.306968,0.0,0.161146,0.2249,True,True,False,0.047485,False,True,37.616
680,34.0,1,drowsy,drowsy,1.0,0.0,1.0,0.0,0.0,0.0,0.04388,0.95297,0.0,0.082458,0.250881,0.306543,0.0,0.15996,0.224536,True,True,False,0.047485,False,True,45.708
681,34.05,1,drowsy,drowsy,1.0,0.0,1.0,0.0,0.0,0.0,0.431729,0.857505,0.0,0.084042,0.251173,0.306725,0.0,0.159703,0.22421,True,True,False,0.018188,False,True,37.519
682,34.1,1,drowsy,drowsy,1.0,0.0,1.0,0.0,0.0,0.0,0.522763,0.805285,0.0,0.086263,0.250044,0.307019,0.0,0.157687,0.223905,True,True,False,0.0,False,True,37.379
683,34.15,1,drowsy,drowsy,1.0,0.0,1.0,0.0,0.0,0.0,0.523873,0.80821,0.0,0.088347,0.25046,0.307315,0.0,0.157448,0.223599,True,True,False,0.0,False,True,37.817
684,34.2,1,drowsy,drowsy,1.0,0.0,1.0,0.0,0.0,0.0,0.454424,0.885283,0.0,0.090288,0.249255,0.307535,0.0,0.155402,0.223265,True,True,False,0.0,False,True,37.416
685,34.25,1,drowsy,drowsy,1.0,0.0,1.0,0.0,0.0,0.0,0.2859,0.922065,0.0,0.091456,0.248547,0.307501,0.0,0.15424,0.222918,True,True,False,0.0,False,True,46.829
686,34.3,1,drowsy,drowsy,1.0,0.0,1.0,0.0,0.0,0.0,0.111015,0.944778,0.0,0.091554,0.248303,0.307189,0.0,0.153966,0.222564,True,True,False,0.0,False,True,37.296
687,34.35,1,drowsy,drowsy,1.0,0.0,1.0,0.0,0.0,0.0,0.050282,0.953396,0.0,0.09182,0.246447,0.306778,0.0,0.151937,0.222208,True,True,False,0.0,False,True,37.872
688,34.4,1,drowsy,drowsy,1.0,0.0,1.0,0.0,0.0,0.0,0.042232,0.954104,0.0,0.091807,0.246082,0.306355,0.0,0.151665,0.221852,True,True,False,0.0,False,True,38.278
689,34.45,1,drowsy,drowsy,1.0,0.0,1.0,0.0,0.0,0.0,0.040045,0.952957,0.0,0.091787,0.244346,0.30593,0.0,0.149762,0.221499,True,True,False,0.0,False,True,37.844
690,34.5,1,drowsy,drowsy,1.0,0.0,1.0,0.0,0.0,0.0,0.041086,0.95197,0.0,0.091785,0.243269,0.305509,0.0,0.148646,0.221146,True,True,False,0.008575,False,True,47.018
691,34.55,1,drowsy,drowsy,1.0,0.0,1.0,0.0,0.0,0.0,0.0463,0.949623,0.0,0.091556,0.242919,0.305098,0.0,0.148382,0.220796,True,True,False,0.008575,False,True,37.459
692,34.6,1,drowsy,drowsy,1.0,0.0,1.0,0.0,0.0,0.0,0.050723,0.946718,0.0,0.091889,0.241127,0.304697,0.0,0.146398,0.220448,True,True,False,0.0,False,True,37.234
693,34.65,1,drowsy,drowsy,1.0,0.0,1.0,0.0,0.0,0.0,0.048872,0.946977,0.0,0.09194,0.240787,0.304294,0.0,0.146138,0.220101,True,True,False,0.0,False,True,36.999
694,34.7,1,drowsy,drowsy,1.0,0.0,1.0,0.0,0.0,0.0,0.04871,0.946815,0.0,0.091984,0.238914,0.303892,0.0,0.144076,0.219755,True,True,False,0.0,False,True,36.714
695,34.75,1,drowsy,drowsy,1.0,0.0,1.0,0.0,0.0,0.0,0.044998,0.947782,0.0,0.092007,0.237796,0.303486,0.0,0.14291,0.219409,True,True,False,0.0,False,True,45.714
696,34.8,1,drowsy,drowsy,1.0,0.0,1.0,0.0,0.0,0.0,0.042176,0.948568,0.0,0.091757,0.237449,0.303075,0.0,0.142657,0.219065,True,True,False,0.0,False,True,37.076
697,34.85,1,drowsy,drowsy,1.0,0.0,1.0,0.0,0.0,0.0,0.040774,0.949615,0.0,0.091993,0.235552,0.302664,0.0,0.140583,0.218721,True,True,False,0.0,False,True,37.321
698,34.9,4,distraction,distracted,0.84862,0.150679,0.00036,0.0,0.000341,0.84862,0.039974,0.95002,0.0,0.091957,0.235205,0.302252,0.0,0.140334,0.218378,True,True,False,0.0,False,False,37.022
699,34.95,1,drowsy,drowsy,1.0,0.0,1.0,0.0,0.0,0.0,0.039898,0.950349,0.0,0.091923,0.233315,0.301841,0.0,0.13827,0.218036,True,True,False,0.0,False,True,37.058
700,35.0,4,distraction,distracted,0.860572,0.138757,0.000349,0.0,0.000321,0.860572,0.040437,0.950058,0.0,0.091867,0.232223,0.301433,0.0,0.137136,0.217696,True,True,False,0.0,False,False,45.752
701,35.05,4,distraction,distracted,0.895444,0.10395,0.000319,0.0,0.000287,0.895444,0.04261,0.94967,0.0,0.091619,0.231887,0.301029,0.0,0.136893,0.217356,True,True,False,0.0,False,False,37.0
702,35.1,4,distraction,distracted,0.899822,0.099586,0.000309,0.0,0.000283,0.899822,0.042133,0.949227,0.0,0.091818,0.229927,0.300626,0.0,0.134757,0.217018,True,True,False,0.0,False,False,37.106
703,35.15,4,distraction,distracted,0.915292,0.08415,0.00029,0.0,0.000268,0.915292,0.041774,0.94964,0.0,0.091793,0.229594,0.300224,0.0,0.134519,0.21668,True,True,False,0.0,False,False,37.811
704,35.2,4,distraction,distracted,0.932077,0.067404,0.00027,0.0,0.00025,0.932077,0.042204,0.949035,0.0,0.091772,0.2276,0.299823,0.0,0.132359,0.216344,True,True,False,0.0,False,False,37.223
705,35.25,4,distraction,distracted,0.942796,0.05672,0.000251,0.0,0.000233,0.942796,0.04141,0.949968,0.0,0.091748,0.226442,0.299423,0.0,0.131167,0.216009,True,True,False,0.0,False,False,46.313
706,35.3,4,distraction,distracted,0.953916,0.04563,0.000233,0.0,0.000221,0.953916,0.039954,0.950784,0.0,0.091486,0.226112,0.299021,0.0,0.130935,0.215674,True,True,False,0.0,False,False,37.3
707,35.35,4,distraction,distracted,0.953681,0.045879,0.000221,0.0,0.000219,0.953681,0.039469,0.950274,0.0,0.091688,0.224131,0.298619,0.0,0.128803,0.215341,True,True,False,0.0,False,False,36.9
708,35.4,1,drowsy,drowsy,1.0,0.0,1.0,0.0,0.0,0.0,0.041082,0.950058,0.0,0.091663,0.223807,0.298222,0.0,0.128575,0.215008,True,True,False,0.0,False,True,36.729
709,35.45,1,drowsy,drowsy,1.0,0.0,1.0,0.0,0.0,0.0,0.042621,0.949818,0.0,0.091641,0.221831,0.297828,0.0,0.126451,0.214677,True,True,False,0.0,False,True,37.05
710,35.5,1,drowsy,drowsy,1.0,0.0,1.0,0.0,0.0,0.0,0.046805,0.947247,0.0,0.091625,0.220698,0.297443,0.0,0.125285,0.214348,True,True,False,0.0,False,True,45.76
711,35.55,4,distraction,distracted,0.942329,0.057211,0.000219,0.0,0.00024,0.942329,0.051446,0.946049,0.0,0.091424,0.220401,0.297067,0.0,0.125065,0.21402,True,True,False,0.0,False,False,37.061
712,35.6,1,drowsy,drowsy,1.0,0.0,1.0,0.0,0.0,0.0,0.088936,0.9385,0.0,0.091748,0.218523,0.296751,0.0,0.122962,0.213696,True,True,False,0.0,False,True,36.877
713,35.65,1,drowsy,drowsy,1.0,0.0,1.0,0.0,0.0,0.0,0.077136,0.940568,0.0,0.091851,0.218277,0.296418,0.0,0.122748,0.213372,True,True,False,0.0,False,True,36.713
714,35.7,4,distraction,distracted,0.963842,0.035762,0.00019,0.0,0.000206,0.963842,0.44836,0.868519,0.0,0.093667,0.216998,0.296631,0.0,0.120664,0.213073,True,True,False,0.0,False,False,37.341
715,35.75,4,distraction,distracted,0.972813,0.026809,0.000182,0.0,0.000196,0.972813,0.522665,0.819629,0.0,0.095721,0.216643,0.296929,0.0,0.119542,0.212793,True,True,False,0.0,False,False,45.656
716,35.8,4,distraction,distracted,0.977272,0.022343,0.000187,0.0,0.000198,0.977272,0.56267,0.817372,0.0,0.097748,0.217167,0.297277,0.0,0.119361,0.212513,True,True,False,0.0,False,False,37.303
717,35.85,4,distraction,distracted,0.981686,0.017929,0.000189,0.0,0.000196,0.981686,0.635513,0.81861,0.0,0.100548,0.216175,0.297721,0.0,0.117313,0.212234,True,True,False,0.0,False,False,37.284
718,35.9,4,distraction,distracted,0.984437,0.015172,0.000193,0.0,0.000198,0.984437,0.669322,0.811033,0.0,0.103193,0.216856,0.298204,0.0,0.117137,0.211959,True,True,False,0.0,False,False,37.116
719,35.95,4,distraction,distracted,0.98578,0.013822,0.000193,0.0,0.000205,0.98578,0.66271,0.805852,0.0,0.105843,0.215904,0.298674,0.0,0.115098,0.211685,True,True,False,0.0,False,False,37.187
720,36.0,4,distraction,distracted,0.987124,0.012498,0.000179,0.0,0.000198,0.987124,0.554321,0.848001,0.0,0.108133,0.21562,0.29902,0.0,0.113977,0.211399,True,True,False,0.0,False,False,46.024
721,36.05,4,distraction,distracted,0.987373,0.01225,0.000175,0.0,0.000201,0.987373,0.450139,0.898821,0.0,0.109771,0.21601,0.299237,0.0,0.113787,0.211096,True,True,False,0.034132,False,False,37.361
722,36.1,4,distraction,distracted,0.987839,0.011803,0.000163,0.0,0.000195,0.987839,0.28265,0.92907,0.0,0.111271,0.214515,0.299212,0.0,0.111723,0.210783,True,True,False,0.108025,False,False,36.963
723,36.15,4,distraction,distracted,0.984625,0.015001,0.000162,0.0,0.000212,0.984625,0.108226,0.948214,0.0,0.111598,0.214329,0.298924,0.0,0.111527,0.210466,True,True,False,0.155003,False,False,37.073
724,36.2,4,distraction,distracted,0.985862,0.013794,0.000144,0.0,0.000199,0.985862,0.050748,0.955359,0.0,0.111617,0.212424,0.298548,0.0,0.109452,0.210146,True,True,False,0.155003,False,False,37.395
725,36.25,4,distraction,distracted,0.987196,0.01248,0.000139,0.0,0.000185,0.987196,0.042475,0.954046,0.0,0.111588,0.211317,0.29816,0.0,0.10832,0.209828,True,True,False,0.164558,False,False,45.687
726,36.3,4,distraction,distracted,0.98816,0.011532,0.000132,0.0,0.000175,0.98816,0.039797,0.953416,0.0,0.111223,0.211015,0.297771,0.0,0.108129,0.209512,True,True,False,0.150711,False,False,37.138
727,36.35,4,distraction,distracted,0.988179,0.011519,0.000131,0.0,0.000171,0.988179,0.051403,0.948339,0.0,0.111567,0.209153,0.297401,0.0,0.106084,0.209198,True,True,False,0.19088,False,False,36.757
728,36.4,4,distraction,distracted,0.988863,0.010849,0.000126,0.0,0.000162,0.988863,0.050094,0.949382,0.0,0.111545,0.208874,0.297031,0.0,0.105899,0.208884,True,True,False,0.162041,False,False,36.913
729,36.45,4,distraction,distracted,0.98889,0.010824,0.000128,0.0,0.000157,0.98889,0.052586,0.947453,0.0,0.111511,0.207188,0.296666,0.0,0.104014,0.208572,True,True,False,0.162041,False,False,37.175
730,36.5,4,distraction,distracted,0.988952,0.01076,0.000131,0.0,0.000158,0.988952,0.068482,0.944184,0.0,0.111585,0.206194,0.296327,0.0,0.102936,0.208262,True,True,False,0.080845,False,False,45.795
731,36.55,4,distraction,distracted,0.98759,0.0121,0.000138,0.0,0.000172,0.98759,0.06567,0.946444,0.0,0.111354,0.205949,0.295984,0.0,0.102757,0.207953,True,True,False,0.0,False,False,36.913
732,36.6,4,distraction,distracted,0.986797,0.012887,0.000136,0.0,0.00018,0.986797,0.050576,0.94854,0.0,0.111662,0.20417,0.295619,0.0,0.100778,0.207643,True,True,False,0.0,False,False,37.104
733,36.65,4,distraction,distracted,0.986891,0.012794,0.000133,0.0,0.000181,0.986891,0.047681,0.949366,0.0,0.111655,0.203897,0.29525,0.0,0.100602,0.207335,True,True,False,0.0,False,False,37.042
734,36.7,4,distraction,distracted,0.987196,0.012506,0.000128,0.0,0.00017,0.987196,0.044341,0.95093,0.0,0.111645,0.202014,0.294877,0.0,0.098529,0.207026,True,True,False,0.0,False,False,37.125
735,36.75,4,distraction,distracted,0.986286,0.01342,0.000129,0.0,0.000165,0.986286,0.04256,0.950831,0.0,0.111645,0.20092,0.294502,0.0,0.097395,0.206719,True,True,False,0.0,False,False,45.67
736,36.8,4,distraction,distracted,0.985148,0.01455,0.000132,0.0,0.00017,0.985148,0.047219,0.949178,0.0,0.111319,0.200652,0.294136,0.0,0.097225,0.206413,True,True,False,0.0,False,False,36.954
737,36.85,4,distraction,distracted,0.973179,0.026439,0.000153,0.0,0.000229,0.973179,0.044455,0.950054,0.0,0.111673,0.198741,0.293766,0.0,0.095123,0.206107,True,True,False,0.0,False,False,37.001
738,36.9,1,drowsy,drowsy,1.0,0.0,1.0,0.0,0.0,0.0,0.049485,0.948033,0.0,0.111699,0.198481,0.293406,0.0,0.094958,0.205803,True,True,False,0.0,False,True,36.923
739,36.95,1,drowsy,drowsy,1.0,0.0,1.0,0.0,0.0,0.0,0.050433,0.947377,0.0,0.111698,0.196584,0.293049,0.0,0.092862,0.205501,True,True,False,0.0,False,True,37.075
740,37.0,1,drowsy,drowsy,1.0,0.0,1.0,0.0,0.0,0.0,0.048611,0.948816,0.0,0.111703,0.195743,0.292689,0.0,0.091955,0.205198,True,True,False,0.0,False,True,45.87
741,37.05,1,drowsy,drowsy,1.0,0.0,1.0,0.0,0.0,0.0,0.051558,0.947651,0.0,0.111399,0.195492,0.292336,0.0,0.091795,0.204897,True,True,False,0.0,False,True,36.986
742,37.1,1,drowsy,drowsy,1.0,0.0,1.0,0.0,0.0,0.0,0.052843,0.949686,0.0,0.111659,0.194693,0.291984,0.0,0.091223,0.204597,True,True,False,0.0,False,True,36.69
743,37.15,4,distraction,distracted,0.951599,0.047979,0.000197,0.0,0.000225,0.951599,0.054222,0.949358,0.0,0.109807,0.194449,0.291636,0.0,0.091064,0.204297,True,True,False,0.0,False,False,36.889
744,37.2,1,drowsy,drowsy,1.0,0.0,1.0,0.0,0.0,0.0,0.059502,0.947909,0.0,0.107785,0.194561,0.291296,0.0,0.091223,0.203998,True,True,False,0.0,False,True,37.068
745,37.25,1,drowsy,drowsy,1.0,0.0,1.0,0.0,0.0,0.0,0.059781,0.947288,0.0,0.105711,0.194592,0.290959,0.0,0.091224,0.203701,True,True,False,0.137665,False,True,45.654
746,37.3,1,drowsy,drowsy,1.0,0.0,1.0,0.0,0.0,0.0,0.059002,0.948166,0.0,0.105475,0.194356,0.290621,0.0,0.091066,0.203404,True,True,False,0.137665,False,True,36.898
747,37.35,1,drowsy,drowsy,1.0,0.0,1.0,0.0,0.0,0.0,0.051337,0.950059,0.0,0.102798,0.193232,0.290272,0.0,0.091188,0.203108,True,True,False,0.169479,False,True,37.217
748,37.4,4,distraction,distracted,0.887071,0.112393,0.000247,0.0,0.00029,0.887071,0.060601,0.945985,0.0,0.102534,0.193002,0.289939,0.0,0.091029,0.202813,True,True,False,0.169479,False,False,37.205
749,37.45,4,distraction,distracted,0.922855,0.076682,0.000212,0.0,0.000251,0.922855,0.075565,0.942656,0.0,0.102658,0.191332,0.28963,0.0,0.089103,0.202521,True,True,False,0.156433,False,False,37.276
750,37.5,4,distraction,distracted,0.922003,0.077538,0.000204,0.0,0.000255,0.922003,0.076868,0.942335,0.0,0.102839,0.190259,0.289324,0.0,0.087927,0.202229,True,True,False,0.002852,False,False,45.715
751,37.55,4,distraction,distracted,0.896325,0.103174,0.000217,0.0,0.000284,0.896325,0.07318,0.943561,0.0,0.10269,0.190057,0.289012,0.0,0.087775,0.201938,True,True,False,0.0,False,False,36.879
752,37.6,4,distraction,distracted,0.862537,0.136908,0.00024,0.0,0.000315,0.862537,0.071618,0.943665,0.0,0.103192,0.188049,0.2887,0.0,0.085533,0.201647,True,True,False,0.002852,False,False,36.959
753,37.65,4,distraction,distracted,0.797652,0.201708,0.000266,0.0,0.000374,0.797652,0.073595,0.942398,0.0,0.103375,0.187851,0.288391,0.0,0.085386,0.201358,True,True,False,0.0,False,False,37.093
754,37.7,4,distraction,distracted,0.742132,0.257169,0.000277,0.0,0.000422,0.742132,0.068314,0.943411,0.0,0.103522,0.185837,0.288076,0.0,0.083151,0.20107,True,True,False,0.0,False,False,37.127
755,37.75,4,distraction,distracted,0.718536,0.280743,0.000286,0.0,0.000435,0.718536,0.077061,0.940665,0.0,0.10371,0.184752,0.287775,0.0,0.081975,0.200783,True,True,False,0.0,False,False,45.857
756,37.8,4,distraction,distracted,0.675036,0.324211,0.0003,0.0,0.000453,0.675036,0.067664,0.944846,0.0,0.103529,0.18455,0.28746,0.0,0.081833,0.200495,True,True,False,0.0,False,False,37.499
757,37.85,4,distraction,distracted,0.696765,0.302485,0.000306,0.0,0.000444,0.696765,0.063975,0.945838,0.0,0.103983,0.182556,0.28714,0.0,0.079639,0.200209,True,True,False,0.0,False,False,37.474
758,37.9,4,distraction,distracted,0.6954,0.303834,0.000317,0.0,0.000449,0.6954,0.064484,0.946323,0.0,0.1041,0.182352,0.286822,0.0,0.079501,0.199922,True,True,False,0.0,False,False,37.437
759,37.95,4,distraction,distracted,0.804982,0.194354,0.000289,0.0,0.000376,0.804982,0.056148,0.947761,0.0,0.104148,0.180366,0.286492,0.0,0.077335,0.199637,True,True,False,0.0,False,False,37.323
760,38.0,4,distraction,distracted,0.827474,0.171887,0.000285,0.0,0.000354,0.827474,0.050897,0.949574,0.0,0.104193,0.17926,0.286155,0.0,0.07619,0.199351,True,True,False,0.0,False,False,45.786
761,38.05,4,distraction,distracted,0.840531,0.158849,0.000279,0.0,0.000341,0.840531,0.049815,0.949692,0.0,0.103919,0.179035,0.285818,0.0,0.076057,0.199066,True,True,False,0.0,False,False,37.145
762,38.1,4,distraction,distracted,0.876958,0.122471,0.000262,0.0,0.000309,0.876958,0.05738,0.947428,0.0,0.10433,0.17708,0.285492,0.0,0.073925,0.198783,True,True,False,0.0,False,False,37.08
763,38.15,4,distraction,distracted,0.884931,0.114509,0.000258,0.0,0.000302,0.884931,0.05152,0.949073,0.0,0.104375,0.176863,0.285159,0.0,0.073797,0.1985,True,True,False,0.0,False,False,36.884
764,38.2,4,distraction,distracted,0.870764,0.128653,0.000267,0.0,0.000316,0.870764,0.051629,0.94835,0.0,0.104393,0.174908,0.284828,0.0,0.071676,0.198218,True,True,False,0.0,False,False,37.395
765,38.25,4,distraction,distracted,0.899464,0.099999,0.000248,0.0,0.000289,0.899464,0.052761,0.948394,0.0,0.104415,0.173833,0.284499,0.0,0.070562,0.197937,True,True,False,0.0,False,False,46.627
766,38.3,4,distraction,distracted,0.907948,0.091526,0.000242,0.0,0.000284,0.907948,0.053592,0.948334,0.0,0.104159,0.173625,0.284172,0.0,0.07044,0.197657,True,True,False,0.0,False,False,37.458
767,38.35,4,distraction,distracted,0.898941,0.100515,0.000248,0.0,0.000296,0.898941,0.046229,0.949245,0.0,0.104322,0.171705,0.283835,0.0,0.068369,0.197377,True,True,False,0.0,False,False,37.326
768,38.4,4,distraction,distracted,0.880449,0.118975,0.000262,0.0,0.000314,0.880449,0.044256,0.950021,0.0,0.104257,0.171484,0.283496,0.0,0.068251,0.197098,True,True,False,0.0,False,False,37.53
769,38.45,4,distraction,distracted,0.90832,0.091158,0.000242,0.0,0.00028,0.90832,0.043546,0.949714,0.0,0.104211,0.169566,0.283157,0.0,0.066185,0.196819,True,True,False,0.0,False,False,37.707
770,38.5,4,distraction,distracted,0.909276,0.090211,0.000239,0.0,0.000274,0.909276,0.043656,0.949516,0.0,0.104164,0.168495,0.282819,0.0,0.065089,0.196542,True,True,False,0.0,False,False,46.104
771,38.55,4,distraction,distracted,0.901781,0.097697,0.000239,0.0,0.000282,0.901781,0.043573,0.949587,0.0,0.103858,0.16828,0.282482,0.0,0.064977,0.196265,True,True,False,0.0,False,False,37.361
772,38.6,4,distraction,distracted,0.92334,0.07619,0.000214,0.0,0.000256,0.92334,0.040952,0.950094,0.0,0.104127,0.166432,0.282143,0.0,0.062975,0.195989,True,True,False,0.0,False,False,37.609
773,38.65,4,distraction,distracted,0.950208,0.049391,0.000183,0.0,0.000219,0.950208,0.041396,0.949341,0.0,0.104119,0.166216,0.281805,0.0,0.062866,0.195714,True,True,False,0.0,False,False,37.144
774,38.7,4,distraction,distracted,0.963536,0.036104,0.000164,0.0,0.000197,0.963536,0.042393,0.949225,0.0,0.10411,0.16471,0.281469,0.0,0.061184,0.195439,True,True,False,0.063049,False,False,37.174
775,38.75,4,distraction,distracted,0.968492,0.031163,0.000155,0.0,0.00019,0.968492,0.045026,0.948317,0.0,0.10407,0.16398,0.281138,0.0,0.060401,0.195166,True,True,False,0.099545,False,False,45.456
776,38.8,4,distraction,distracted,0.965406,0.034243,0.000156,0.0,0.000196,0.965406,0.043567,0.948821,0.0,0.103765,0.163773,0.280806,0.0,0.060297,0.194894,True,True,False,0.099545,False,False,36.896
777,38.85,4,distraction,distracted,0.972373,0.027297,0.000148,0.0,0.000183,0.972373,0.041307,0.948986,0.0,0.103959,0.162722,0.280472,0.0,0.059019,0.194622,True,True,False,0.0,False,False,37.045
778,38.9,4,distraction,distracted,0.9748,0.024876,0.000146,0.0,0.000178,0.9748,0.039626,0.950122,0.0,0.1039,0.162509,0.280136,0.0,0.058917,0.19435,True,True,False,0.0,False,False,37.023
779,38.95,4,distraction,distracted,0.975208,0.024464,0.000149,0.0,0.000179,0.975208,0.045933,0.947581,0.0,0.10382,0.162088,0.279811,0.0,0.059015,0.19408,True,True,False,0.0,False,False,37.106
780,39.0,4,distraction,distracted,0.975522,0.024142,0.000153,0.0,0.000182,0.975522,0.049326,0.947057,0.0,0.103774,0.161994,0.279491,0.0,0.059015,0.193811,True,True,False,0.0,False,False,46.266
781,39.05,4,distraction,distracted,0.960855,0.038755,0.000176,0.0,0.000213,0.960855,0.051667,0.947195,0.0,0.103511,0.161805,0.279176,0.0,0.058914,0.193542,True,True,False,0.0,False,False,37.369
782,39.1,4,distraction,distracted,0.943699,0.055869,0.000194,0.0,0.000238,0.943699,0.049407,0.94721,0.0,0.103765,0.161929,0.278858,0.0,0.059016,0.193275,True,True,False,0.0,False,False,37.335
783,39.15,4,distraction,distracted,0.919244,0.080271,0.000215,0.0,0.00027,0.919244,0.047581,0.948418,0.0,0.103722,0.161732,0.278538,0.0,0.058915,0.193007,True,True,False,0.0,False,False,37.144
784,39.2,4,distraction,distracted,0.866217,0.1332,0.000253,0.0,0.000329,0.866217,0.047926,0.948273,0.0,0.103665,0.161856,0.278219,0.0,0.059016,0.192741,True,True,False,0.0,False,False,37.127
785,39.25,4,distraction,distracted,0.857195,0.142206,0.000262,0.0,0.000337,0.857195,0.049358,0.947901,0.0,0.103517,0.161835,0.277904,0.0,0.059016,0.192475,True,True,False,0.0,False,False,45.443
786,39.3,4,distraction,distracted,0.838072,0.161301,0.000275,0.0,0.000353,0.838072,0.047212,0.948141,0.0,0.103234,0.161638,0.277586,0.0,0.058914,0.19221,True,True,False,0.0,False,False,37.009
787,39.35,4,distraction,distracted,0.815816,0.183532,0.000287,0.0,0.000365,0.815816,0.057706,0.945856,0.0,0.103095,0.161836,0.277285,0.0,0.059016,0.191946,True,True,False,0.0,False,False,36.811
788,39.4,4,distraction,distracted,0.844013,0.155358,0.000284,0.0,0.000345,0.844013,0.085149,0.940679,0.0,0.101543,0.161705,0.277023,0.0,0.058916,0.191685,True,True,False,0.0,False,False,37.176
789,39.45,4,distraction,distracted,0.835065,0.164288,0.000294,0.0,0.000353,0.835065,0.062575,0.944297,0.0,0.099569,0.161815,0.27673,0.0,0.059017,0.191423,True,True,False,0.0,False,False,37.036
790,39.5,4,distraction,distracted,0.855165,0.144217,0.000284,0.0,0.000334,0.855165,0.05508,0.946265,0.0,0.097415,0.161227,0.276427,0.0,0.05901,0.191162,True,True,False,0.0,False,False,46.466
791,39.55,4,distraction,distracted,0.885299,0.114125,0.000271,0.0,0.000304,0.885299,0.052221,0.947471,0.0,0.097188,0.16104,0.276121,0.0,0.058908,0.1909,True,True,False,0.0,False,False,37.522
792,39.6,4,distraction,distracted,0.903745,0.095705,0.000262,0.0,0.000288,0.903745,0.053659,0.947591,0.0,0.093317,0.159689,0.275817,0.0,0.058982,0.19064,True,True,False,0.0,False,False,37.39
793,39.65,4,distraction,distracted,0.901606,0.097838,0.000267,0.0,0.000289,0.901606,0.046956,0.947636,0.0,0.091538,0.159496,0.275505,0.0,0.058881,0.19038,True,True,False,0.0,False,False,37.364
794,39.7,4,distraction,distracted,0.922421,0.077065,0.000248,0.0,0.000266,0.922421,0.043783,0.949142,0.0,0.09029,0.158087,0.275189,0.0,0.05896,0.19012,True,True,False,0.0,False,False,37.123
795,39.75,4,distraction,distracted,0.933701,0.065812,0.000236,0.0,0.000251,0.933701,0.046311,0.948525,0.0,0.089749,0.157398,0.274878,0.0,0.058953,0.189862,True,True,False,0.0,False,False,46.006
796,39.8,4,distraction,distracted,0.935818,0.063703,0.000231,0.0,0.000248,0.935818,0.045435,0.94834,0.0,0.089526,0.157206,0.274566,0.0,0.058852,0.189604,True,True,False,0.0,False,False,37.42
797,39.85,4,distraction,distracted,0.930948,0.068557,0.000237,0.0,0.000258,0.930948,0.044048,0.948972,0.0,0.089607,0.15655,0.274253,0.0,0.058948,0.189346,True,True,False,0.0,False,False,37.67
798,39.9,4,distraction,distracted,0.924281,0.075213,0.000242,0.0,0.000265,0.924281,0.044016,0.94943,0.0,0.089634,0.156357,0.273941,0.0,0.058847,0.189089,True,True,False,0.0,False,False,38.677
799,39.95,4,distraction,distracted,0.898495,0.100945,0.000266,0.0,0.000294,0.898495,0.043438,0.949737,0.0,0.08963,0.156444,0.273628,0.0,0.058948,0.188833,True,True,False,0.0,False,False,39.08
800,40.0,4,distraction,distracted,0.836605,0.162732,0.000311,0.0,0.000352,0.836605,0.041771,0.950095,0.0,0.089626,0.156434,0.273315,0.0,0.058948,0.188578,True,True,False,0.0,False,False,47.174
801,40.05,4,distraction,distracted,0.842956,0.156382,0.000314,0.0,0.000349,0.842956,0.04194,0.950044,0.0,0.089386,0.156237,0.273002,0.0,0.058847,0.188323,True,True,False,0.0,False,False,37.115
802,40.1,4,distraction,distracted,0.887587,0.111816,0.000289,0.0,0.000308,0.887587,0.043229,0.9486,0.0,0.089637,0.15637,0.272692,0.0,0.058948,0.188069,True,True,False,0.0,False,False,36.797
803,40.15,4,distraction,distracted,0.892697,0.106724,0.000282,0.0,0.000298,0.892697,0.0436,0.949324,0.0,0.089647,0.156177,0.272384,0.0,0.058847,0.187815,True,True,False,0.051147,False,False,36.879
804,40.2,4,distraction,distracted,0.897603,0.101827,0.00028,0.0,0.00029,0.897603,0.045136,0.948182,0.0,0.089661,0.156314,0.272078,0.0,0.058947,0.187563,True,True,False,0.014297,False,False,37.309
805,40.25,4,distraction,distracted,0.907048,0.092396,0.000276,0.0,0.000279,0.907048,0.064829,0.943684,0.0,0.089764,0.156335,0.271801,0.0,0.058948,0.187313,True,True,False,0.0,False,False,45.71
806,40.3,4,distraction,distracted,0.770756,0.228479,0.000362,0.0,0.000403,0.770756,0.055504,0.946356,0.0,0.089592,0.156162,0.271512,0.0,0.058847,0.187062,True,True,False,0.0,False,False,37.036
807,40.35,4,distraction,distracted,0.593105,0.405983,0.000404,0.0,0.000508,0.593105,0.083167,0.939701,0.0,0.090038,0.1564,0.271262,0.0,0.058949,0.186814,True,True,False,0.0,False,False,37.021
808,40.4,4,distraction,distracted,0.546687,0.452365,0.000399,0.0,0.000549,0.546687,0.063081,0.942786,0.0,0.090133,0.15624,0.270986,0.0,0.058849,0.186566,True,True,False,0.0,False,False,36.984
809,40.45,0,alert,alert,0.534995,0.534995,0.000381,0.0,0.000609,0.464015,0.061144,0.944578,0.0,0.090151,0.156461,0.270707,0.0,0.058951,0.186318,True,True,False,0.0,False,False,37.237
810,40.5,0,alert,alert,0.665867,0.665867,0.000345,0.0,0.000682,0.333106,0.055418,0.947227,0.0,0.090183,0.156487,0.27042,0.0,0.058951,0.18607,True,True,False,0.0,False,False,46.263
811,40.55,0,alert,alert,0.712517,0.712517,0.000321,0.0,0.000723,0.286439,0.057,0.947262,0.0,0.090017,0.156316,0.270136,0.0,0.05885,0.185822,True,True,False,0.0,False,False,37.237
812,40.6,0,alert,alert,0.661497,0.661497,0.000333,0.0,0.000706,0.337465,0.067789,0.943202,0.0,0.090163,0.156559,0.269868,0.0,0.058953,0.185576,True,True,False,0.0,False,False,37.008
813,40.65,0,alert,alert,0.549024,0.549024,0.000356,0.0,0.000649,0.449971,0.095042,0.937319,0.0,0.090355,0.156455,0.269639,0.0,0.058853,0.185333,True,True,False,0.0,False,False,36.827
814,40.7,0,alert,alert,0.524338,0.524338,0.000362,0.0,0.000625,0.474675,0.082182,0.940414,0.0,0.090487,0.156703,0.269392,0.0,0.058955,0.185089,True,True,False,0.0,False,False,37.037
815,40.75,0,alert,alert,0.548925,0.548925,0.000363,0.0,0.000606,0.450106,0.065024,0.943886,0.0,0.090506,0.156724,0.269123,0.0,0.058955,0.184845,True,True,False,0.0,False,False,45.976
816,40.8,0,alert,alert,0.526928,0.526928,0.000364,0.0,0.000593,0.472115,0.063397,0.945032,0.0,0.09037,0.156564,0.268852,0.0,0.058855,0.184601,True,True,False,0.0,False,False,37.257
817,40.85,0,alert,alert,0.599846,0.599846,0.000355,0.0,0.000609,0.39919,0.060396,0.945745,0.0,0.090517,0.156737,0.268577,0.0,0.058956,0.184358,True,True,False,0.0,False,False,36.917
818,40.9,0,alert,alert,0.573463,0.573463,0.000357,0.0,0.000613,0.425568,0.066753,0.944745,0.0,0.090524,0.156583,0.268312,0.0,0.058855,0.184116,True,True,False,0.0,False,False,36.997
819,40.95,4,distraction,distracted,0.567554,0.431546,0.000357,0.0,0.000542,0.567554,0.073113,0.943933,0.0,0.090569,0.156758,0.268056,0.0,0.058956,0.183874,True,True,False,0.0,False,False,36.955
820,41.0,4,distraction,distracted,0.675218,0.323941,0.000359,0.0,0.000482,0.675218,0.059121,0.945305,0.0,0.090591,0.156748,0.267782,0.0,0.058955,0.183633,True,True,False,0.0,False,False,45.5
821,41.05,4,distraction,distracted,0.689613,0.309561,0.000361,0.0,0.000465,0.689613,0.061134,0.944656,0.0,0.090444,0.156585,0.267512,0.0,0.058854,0.183393,True,True,False,0.0,False,False,36.955
822,41.1,4,distraction,distracted,0.749193,0.250039,0.000348,0.0,0.00042,0.749193,0.051601,0.947365,0.0,0.090681,0.156755,0.267228,0.0,0.058955,0.183153,True,True,False,0.0,False,False,36.804
823,41.15,4,distraction,distracted,0.700607,0.298571,0.000368,0.0,0.000454,0.700607,0.073173,0.94321,0.0,0.090713,0.156612,0.266975,0.0,0.058855,0.182914,True,True,False,0.0,False,False,37.135
824,41.2,4,distraction,distracted,0.634682,0.364443,0.000376,0.0,0.000499,0.634682,0.067884,0.943583,0.0,0.090732,0.156831,0.266716,0.0,0.058956,0.182676,True,True,False,0.0,False,False,37.143
825,41.25,4,distraction,distracted,0.654288,0.344838,0.000377,0.0,0.000496,0.654288,0.095753,0.939056,0.0,0.090901,0.156921,0.266495,0.0,0.058958,0.182439,True,True,False,0.0,False,False,45.558
826,41.3,4,distraction,distracted,0.803865,0.195393,0.000353,0.0,0.000389,0.803865,0.434494,0.868348,0.0,0.092483,0.157358,0.266696,0.0,0.058865,0.182221,True,True,False,0.0,False,False,36.98
827,41.35,4,distraction,distracted,0.840053,0.159252,0.000346,0.0,0.00035,0.840053,0.519355,0.826886,0.0,0.094777,0.158283,0.266983,0.0,0.058979,0.182014,True,True,False,0.241234,False,False,37.079
828,41.4,4,distraction,distracted,0.910811,0.08861,0.000294,0.0,0.000284,0.910811,0.512249,0.857348,0.0,0.096909,0.158833,0.267272,0.0,0.058888,0.181799,True,True,False,0.0,False,False,36.977
829,41.45,4,distraction,distracted,0.90067,0.098742,0.000286,0.0,0.000302,0.90067,0.468793,0.887243,0.0,0.098853,0.159734,0.267517,0.0,0.058996,0.181578,True,True,False,0.0,False,False,37.413
830,41.5,4,distraction,distracted,0.887497,0.11189,0.000269,0.0,0.000344,0.887497,0.399422,0.909459,0.0,0.100524,0.160337,0.267682,0.0,0.059,0.181352,True,True,False,0.0,False,False,45.819
831,41.55,4,distraction,distracted,0.879776,0.119603,0.000246,0.0,0.000375,0.879776,0.30405,0.92784,0.0,0.101527,0.160579,0.267728,0.0,0.058901,0.181122,True,True,False,0.0,False,False,37.019
832,41.6,4,distraction,distracted,0.810337,0.18886,0.000263,0.0,0.00054,0.810337,0.177328,0.942058,0.0,0.102421,0.161028,0.267611,0.0,0.059004,0.180888,True,True,False,0.0,False,False,36.776
833,41.65,4,distraction,distracted,0.783563,0.215522,0.000253,0.0,0.000662,0.783563,0.085003,0.950317,0.0,0.102628,0.160897,0.267374,0.0,0.058902,0.180654,True,True,False,0.0,False,False,37.049
834,41.7,4,distraction,distracted,0.800391,0.198734,0.000234,0.0,0.000641,0.800391,0.049462,0.952802,0.0,0.102669,0.16112,0.267091,0.0,0.059003,0.180419,True,True,False,0.0,False,False,37.129
835,41.75,4,distraction,distracted,0.749737,0.249386,0.000237,0.0,0.00064,0.749737,0.043141,0.952649,0.0,0.102675,0.161125,0.266801,0.0,0.059003,0.180185,True,True,False,0.0,False,False,46.566
836,41.8,4,distraction,distracted,0.691708,0.307408,0.000257,0.0,0.000627,0.691708,0.04463,0.950819,0.0,0.102382,0.160924,0.266514,0.0,0.058902,0.179952,True,True,False,0.0,False,False,37.547
837,41.85,4,distraction,distracted,0.745973,0.253223,0.000258,0.0,0.000546,0.745973,0.045262,0.950136,0.0,0.102517,0.161134,0.266228,0.0,0.059003,0.17972,True,True,False,0.0,False,False,37.594
838,41.9,4,distraction,distracted,0.684784,0.314357,0.000288,0.0,0.000571,0.684784,0.047059,0.949114,0.0,0.10247,0.160938,0.265946,0.0,0.058902,0.179489,True,True,False,0.0,False,False,37.482
839,41.95,4,distraction,distracted,0.668152,0.330958,0.000296,0.0,0.000594,0.668152,0.061148,0.945532,0.0,0.102441,0.161169,0.265684,0.0,0.059004,0.179259,True,True,False,0.0,False,False,38.151
840,42.0,4,distraction,distracted,0.736939,0.262205,0.00029,0.0,0.000566,0.736939,0.05229,0.947219,0.0,0.102182,0.161185,0.265411,0.0,0.059004,0.179029,True,True,False,0.0,False,False,46.575
841,42.05,4,distraction,distracted,0.839279,0.160036,0.00026,0.0,0.000425,0.839279,0.051975,0.947167,0.0,0.101938,0.160998,0.265137,0.0,0.058902,0.1788,True,True,False,0.0,False,False,37.826
842,42.1,4,distraction,distracted,0.865238,0.134139,0.000253,0.0,0.000371,0.865238,0.047004,0.94898,0.0,0.10184,0.161195,0.264858,0.0,0.059004,0.178571,True,True,False,0.0,False,False,37.748
843,42.15,4,distraction,distracted,0.803758,0.195494,0.000269,0.0,0.00048,0.803758,0.06608,0.942806,0.0,0.101882,0.161033,0.264606,0.0,0.058903,0.178344,True,True,False,0.0,False,False,38.622
844,42.2,4,distraction,distracted,0.61753,0.381428,0.000285,0.0,0.000757,0.61753,0.054964,0.94712,0.0,0.101907,0.161229,0.264338,0.0,0.059005,0.178117,True,True,False,0.0,False,False,37.9
845,42.25,0,alert,alert,0.559639,0.559639,0.000268,0.0,0.001149,0.438944,0.053598,0.948403,0.0,0.10179,0.161236,0.26407,0.0,0.059005,0.17789,True,True,False,0.0,False,False,46.77
846,42.3,4,distraction,distracted,0.600354,0.398383,0.000256,0.0,0.001007,0.600354,0.049328,0.948902,0.0,0.101716,0.161043,0.263796,0.0,0.058903,0.177663,True,True,False,0.0,False,False,37.73
847,42.35,4,distraction,distracted,0.856337,0.142914,0.000218,0.0,0.00053,0.856337,0.047248,0.949181,0.0,0.101664,0.161252,0.263521,0.0,0.059005,0.177437,True,True,False,0.0,False,False,38.207
848,42.4,4,distraction,distracted,0.875241,0.124112,0.000217,0.0,0.000429,0.875241,0.054132,0.946453,0.0,0.101637,0.161068,0.263255,0.0,0.058904,0.177212,True,True,False,0.0,False,False,37.41
849,42.45,4,distraction,distracted,0.91563,0.083818,0.000201,0.0,0.000351,0.91563,0.058128,0.943296,0.0,0.101585,0.160508,0.262997,0.0,0.058995,0.176989,True,True,False,0.0,False,False,37.143
850,42.5,4,distraction,distracted,0.938495,0.061022,0.00019,0.0,0.000293,0.938495,0.078386,0.939239,0.0,0.101657,0.159819,0.262765,0.0,0.058982,0.176767,True,True,False,0.0,False,False,46.425
851,42.55,4,distraction,distracted,0.906068,0.093366,0.000209,0.0,0.000356,0.906068,0.068059,0.94306,0.0,0.101696,0.159663,0.26252,0.0,0.058881,0.176545,True,True,False,0.0,False,False,37.496
852,42.6,4,distraction,distracted,0.909008,0.090433,0.000191,0.0,0.000369,0.909008,0.055915,0.945897,0.0,0.101698,0.158408,0.26226,0.0,0.058963,0.176322,True,True,False,0.0,False,False,37.318
853,42.65,4,distraction,distracted,0.869992,0.129316,0.0002,0.0,0.000492,0.869992,0.049991,0.947369,0.0,0.101663,0.158222,0.261992,0.0,0.058862,0.1761,True,True,False,0.0,False,False,37.203
854,42.7,4,distraction,distracted,0.810411,0.188672,0.000211,0.0,0.000706,0.810411,0.051569,0.946638,0.0,0.101573,0.157437,0.261728,0.0,0.058955,0.175878,True,True,False,0.0,False,False,37.216
855,42.75,4,distraction,distracted,0.847356,0.151769,0.000194,0.0,0.000681,0.847356,0.04482,0.949347,0.0,0.101457,0.157343,0.261454,0.0,0.058954,0.175657,True,True,False,0.0,False,False,45.823
856,42.8,4,distraction,distracted,0.92165,0.077765,0.000159,0.0,0.000427,0.92165,0.047703,0.948292,0.0,0.101295,0.157155,0.261186,0.0,0.058853,0.175436,True,True,False,0.0,False,False,37.084
857,42.85,4,distraction,distracted,0.918422,0.081017,0.00016,0.0,0.000401,0.918422,0.052156,0.946941,0.0,0.101156,0.157361,0.260923,0.0,0.058956,0.175216,True,True,False,0.0,False,False,37.113
858,42.9,4,distraction,distracted,0.92866,0.070824,0.000155,0.0,0.000361,0.92866,0.070386,0.944899,0.0,0.101121,0.157212,0.260685,0.0,0.058855,0.174997,True,True,False,0.0,False,False,37.073
859,42.95,4,distraction,distracted,0.934363,0.065124,0.000154,0.0,0.000359,0.934363,0.132167,0.932374,0.0,0.101468,0.157581,0.260527,0.0,0.058959,0.174782,True,True,False,0.0,False,False,37.31
860,43.0,4,distraction,distracted,0.94432,0.055171,0.00015,0.0,0.000359,0.94432,0.115618,0.936912,0.0,0.101762,0.157715,0.260348,0.0,0.05896,0.174566,True,True,False,0.0,False,False,45.789
861,43.05,4,distraction,distracted,0.968158,0.031423,0.000137,0.0,0.000282,0.968158,0.470796,0.850595,0.0,0.103702,0.158198,0.260584,0.0,0.05887,0.17437,True,True,False,0.172112,False,False,36.927
862,43.1,4,distraction,distracted,0.979069,0.020567,0.000133,0.0,0.000231,0.979069,0.527948,0.812629,0.0,0.105705,0.159154,0.26087,0.0,0.058986,0.174183,True,True,False,0.172112,False,False,37.036
863,43.15,4,distraction,distracted,0.98006,0.01957,0.000136,0.0,0.000234,0.98006,0.533582,0.814389,0.0,0.107755,0.159707,0.261162,0.0,0.058899,0.173997,True,True,False,0.172112,False,False,37.083
864,43.2,4,distraction,distracted,0.97775,0.021843,0.000143,0.0,0.000264,0.97775,0.489356,0.875559,0.0,0.109795,0.160641,0.261424,0.0,0.059009,0.173797,True,True,False,0.0,False,False,37.34
865,43.25,4,distraction,distracted,0.978072,0.021533,0.000138,0.0,0.000257,0.978072,0.394304,0.912895,0.0,0.111482,0.161231,0.261583,0.0,0.059013,0.173589,True,True,False,0.258114,False,False,45.748
866,43.3,4,distraction,distracted,0.979916,0.019708,0.000134,0.0,0.000242,0.979916,0.242053,0.935253,0.0,0.112453,0.161368,0.261559,0.0,0.058913,0.173376,True,True,False,0.258114,False,False,37.079
867,43.35,4,distraction,distracted,0.982571,0.017087,0.000129,0.0,0.000213,0.982571,0.099916,0.950438,0.0,0.112725,0.161655,0.261358,0.0,0.059015,0.173161,True,True,False,0.0,False,False,37.106
868,43.4,4,distraction,distracted,0.981301,0.018349,0.000134,0.0,0.000217,0.981301,0.049232,0.956226,0.0,0.112749,0.16146,0.261093,0.0,0.058913,0.172944,True,True,False,0.0,False,False,36.712
869,43.45,4,distraction,distracted,0.982584,0.017071,0.000132,0.0,0.000212,0.982584,0.040172,0.955369,0.0,0.112733,0.161646,0.260818,0.0,0.059014,0.172729,True,True,False,0.0,False,False,37.143
870,43.5,4,distraction,distracted,0.980406,0.019229,0.000136,0.0,0.000229,0.980406,0.061056,0.9489,0.0,0.112829,0.161674,0.260571,0.0,0.059013,0.172515,True,True,False,0.0,False,False,45.482
871,43.55,4,distraction,distracted,0.98356,0.016109,0.000126,0.0,0.000204,0.98356,0.056114,0.948931,0.0,0.112882,0.161493,0.260318,0.0,0.058912,0.172302,True,True,False,0.0,False,False,36.937
872,43.6,4,distraction,distracted,0.985875,0.013813,0.000124,0.0,0.000188,0.985875,0.050011,0.950062,0.0,0.112893,0.161705,0.260058,0.0,0.059013,0.172089,True,True,False,0.0,False,False,36.914
873,43.65,4,distraction,distracted,0.983363,0.016302,0.000131,0.0,0.000204,0.983363,0.045014,0.950822,0.0,0.112475,0.161504,0.259793,0.0,0.058912,0.171877,True,True,False,0.0,False,False,36.749
874,43.7,4,distraction,distracted,0.978871,0.020756,0.000137,0.0,0.000236,0.978871,0.042053,0.951107,0.0,0.110523,0.161652,0.259524,0.0,0.059013,0.171664,True,True,False,0.0,False,False,37.112
875,43.75,4,distraction,distracted,0.981948,0.017705,0.000128,0.0,0.000219,0.981948,0.04069,0.951198,0.0,0.108389,0.161616,0.259255,0.0,0.059012,0.171453,True,True,False,0.0,False,False,45.638
876,43.8,4,distraction,distracted,0.982723,0.016936,0.000127,0.0,0.000215,0.982723,0.041091,0.951941,0.0,0.106439,0.161408,0.258986,0.0,0.05891,0.171242,True,True,False,0.0,False,False,36.765
877,43.85,4,distraction,distracted,0.983829,0.01584,0.000126,0.0,0.000205,0.983829,0.04212,0.951285,0.0,0.10528,0.161565,0.258719,0.0,0.059012,0.171031,True,True,False,0.0,False,False,36.525
878,43.9,4,distraction,distracted,0.977512,0.022109,0.000136,0.0,0.000242,0.977512,0.046941,0.949457,0.0,0.104975,0.161368,0.25846,0.0,0.05891,0.170822,True,True,False,0.0,False,False,36.701
879,43.95,4,distraction,distracted,0.980097,0.019546,0.000129,0.0,0.000228,0.980097,0.04319,0.951185,0.0,0.104917,0.160915,0.258196,0.0,0.059002,0.170612,True,True,False,0.0,False,False,37.139
880,44.0,4,distraction,distracted,0.976428,0.023183,0.000137,0.0,0.000252,0.976428,0.043193,0.950112,0.0,0.104915,0.160169,0.257933,0.0,0.058988,0.170404,True,True,False,0.0,False,False,45.678
881,44.05,4,distraction,distracted,0.982436,0.017222,0.000128,0.0,0.000215,0.982436,0.049571,0.948584,0.0,0.103138,0.159979,0.257679,0.0,0.058886,0.170196,True,True,False,0.0,False,False,36.959
882,44.1,4,distraction,distracted,0.985213,0.014473,0.000124,0.0,0.000189,0.985213,0.044635,0.949616,0.0,0.10104,0.158308,0.257419,0.0,0.057012,0.169988,True,True,False,0.0,False,False,36.956
883,44.15,4,distraction,distracted,0.98508,0.014602,0.000129,0.0,0.000188,0.98508,0.043675,0.949586,0.0,0.098928,0.158111,0.257159,0.0,0.056914,0.169781,True,True,False,0.0,False,False,36.966
884,44.2,4,distraction,distracted,0.984906,0.014787,0.000126,0.0,0.000181,0.984906,0.255635,0.912738,0.0,0.098013,0.156448,0.257157,0.0,0.054704,0.169583,True,True,False,0.0,False,False,36.934
885,44.25,4,distraction,distracted,0.9869,0.012806,0.000124,0.0,0.00017,0.9869,0.482641,0.857797,0.0,0.098849,0.156012,0.257404,0.0,0.053534,0.169396,True,True,False,0.0,False,False,45.601
886,44.3,4,distraction,distracted,0.988866,0.010845,0.000126,0.0,0.000163,0.988866,0.529204,0.809168,0.0,0.100645,0.156559,0.257686,0.0,0.053455,0.169221,True,True,False,0.0,False,False,37.116
887,44.35,4,distraction,distracted,0.990252,0.009461,0.000128,0.0,0.000159,0.990252,0.529047,0.8389,0.0,0.102819,0.15524,0.257976,0.0,0.051207,0.16904,True,True,False,0.0,False,False,37.15
888,44.4,4,distraction,distracted,0.990508,0.009199,0.000131,0.0,0.000161,0.990508,0.479728,0.888199,0.0,0.104916,0.155762,0.258228,0.0,0.051125,0.168848,True,True,False,0.0,False,False,37.136
889,44.45,4,distraction,distracted,0.990562,0.00914,0.000133,0.0,0.000165,0.990562,0.361466,0.917709,0.0,0.106503,0.15424,0.258348,0.0,0.048899,0.168651,True,True,False,0.0,False,False,37.196
890,44.5,4,distraction,distracted,0.990289,0.009406,0.000135,0.0,0.000171,0.990289,0.159879,0.941165,0.0,0.107104,0.15332,0.25823,0.0,0.047748,0.168449,True,True,False,0.0,False,False,45.834
891,44.55,4,distraction,distracted,0.990262,0.009432,0.000135,0.0,0.000171,0.990262,0.062467,0.953287,0.0,0.107185,0.153164,0.257993,0.0,0.047666,0.168245,True,True,False,0.0,False,False,37.648
892,44.6,4,distraction,distracted,0.989864,0.009825,0.000136,0.0,0.000176,0.989864,0.043382,0.956065,0.0,0.107145,0.151134,0.257733,0.0,0.045474,0.16804,True,True,False,0.0,False,False,38.329
893,44.65,4,distraction,distracted,0.989851,0.009842,0.000132,0.0,0.000174,0.989851,0.038675,0.955688,0.0,0.10709,0.150939,0.257467,0.0,0.045395,0.167837,True,True,False,0.143101,False,False,37.55
894,44.7,4,distraction,distracted,0.990296,0.009403,0.000131,0.0,0.00017,0.990296,0.049413,0.950669,0.0,0.107093,0.14894,0.257217,0.0,0.043227,0.167635,True,True,False,0.0,False,False,37.664
895,44.75,4,distraction,distracted,0.990034,0.009667,0.00013,0.0,0.000168,0.990034,0.055921,0.94795,0.0,0.107148,0.147873,0.256975,0.0,0.042113,0.167434,True,True,False,0.0,False,False,46.813
896,44.8,4,distraction,distracted,0.988935,0.010761,0.000133,0.0,0.000171,0.988935,0.06573,0.945942,0.0,0.107268,0.147732,0.256747,0.0,0.042041,0.167234,True,True,False,0.0,False,False,37.835
897,44.85,4,distraction,distracted,0.98737,0.012316,0.000137,0.0,0.000178,0.98737,0.061751,0.946853,0.0,0.107375,0.145779,0.256514,0.0,0.039903,0.167034,True,True,False,0.0,False,False,37.99
898,44.9,4,distraction,distracted,0.988243,0.011461,0.00013,0.0,0.000166,0.988243,0.424588,0.875951,0.0,0.109201,0.14622,0.256699,0.0,0.03984,0.166849,True,True,False,0.0,False,False,37.753
899,44.95,4,distraction,distracted,0.988141,0.011568,0.000131,0.0,0.00016,0.988141,0.495364,0.852714,0.0,0.111314,0.144976,0.256956,0.0,0.03774,0.16667,True,True,False,0.0,False,False,38.404
900,45.0,4,distraction,distracted,0.989366,0.010351,0.000131,0.0,0.000152,0.989366,0.547941,0.824231,0.0,0.113599,0.144781,0.257257,0.0,0.036738,0.166497,True,True,False,0.0,False,False,46.904
901,45.05,4,distraction,distracted,0.988861,0.010853,0.000136,0.0,0.00015,0.988861,0.57111,0.832857,0.0,0.115999,0.14542,0.257586,0.0,0.036683,0.166323,True,True,False,0.0,False,False,37.827
902,45.1,4,distraction,distracted,0.983498,0.016174,0.000157,0.0,0.000171,0.983498,0.491247,0.896559,0.0,0.118176,0.145084,0.257849,0.0,0.035381,0.166136,True,True,False,0.0,False,False,37.153
903,45.15,4,distraction,distracted,0.983222,0.016457,0.00015,0.0,0.00017,0.983222,0.353756,0.924635,0.0,0.11973,0.145432,0.25796,0.0,0.035323,0.165943,True,True,False,0.0,False,False,37.08
904,45.2,4,distraction,distracted,0.97328,0.026349,0.000168,0.0,0.000202,0.97328,0.161877,0.940735,0.0,0.120337,0.145482,0.257847,0.0,0.035383,0.165748,True,True,False,0.0,False,False,37.239
905,45.25,4,distraction,distracted,0.967368,0.032252,0.000167,0.0,0.000213,0.967368,0.062315,0.951247,0.0,0.120443,0.145496,0.257614,0.0,0.035383,0.165551,True,True,False,0.0,False,False,45.556
906,45.3,4,distraction,distracted,0.970716,0.028925,0.00016,0.0,0.000199,0.970716,0.046362,0.955476,0.0,0.120473,0.145325,0.257362,0.0,0.035322,0.165353,True,True,False,0.0,False,False,37.158
907,45.35,4,distraction,distracted,0.974429,0.025229,0.000156,0.0,0.000186,0.974429,0.041086,0.95318,0.0,0.12048,0.14546,0.257105,0.0,0.035383,0.165156,True,True,False,0.0,False,False,36.98
908,45.4,4,distraction,distracted,0.976278,0.023386,0.000154,0.0,0.000182,0.976278,0.03966,0.952453,0.0,0.120472,0.145279,0.256846,0.0,0.035322,0.16496,True,True,False,0.0,False,False,37.333
909,45.45,4,distraction,distracted,0.981355,0.018332,0.000143,0.0,0.00017,0.981355,0.04956,0.949987,0.0,0.120507,0.145385,0.256601,0.0,0.035383,0.164765,True,True,False,0.0,False,False,37.229
910,45.5,4,distraction,distracted,0.980801,0.018879,0.000147,0.0,0.000172,0.980801,0.051742,0.950282,0.0,0.120531,0.145343,0.256359,0.0,0.035382,0.16457,True,True,False,0.0,False,False,45.969
911,45.55,4,distraction,distracted,0.976593,0.023063,0.000159,0.0,0.000186,0.976593,0.047914,0.949802,0.0,0.120512,0.145176,0.256113,0.0,0.035322,0.164376,True,True,False,0.0,False,False,37.258
912,45.6,4,distraction,distracted,0.971613,0.028027,0.000162,0.0,0.000198,0.971613,0.044554,0.950139,0.0,0.120284,0.145197,0.255864,0.0,0.035382,0.164183,True,True,False,0.0,False,False,37.313
913,45.65,4,distraction,distracted,0.965163,0.034455,0.00016,0.0,0.000221,0.965163,0.042581,0.950303,0.0,0.120106,0.145021,0.255613,0.0,0.035321,0.163989,True,True,False,0.0,False,False,37.079
914,45.7,4,distraction,distracted,0.945151,0.054391,0.000176,0.0,0.000282,0.945151,0.042661,0.949467,0.0,0.118187,0.145084,0.255363,0.0,0.035382,0.163797,True,True,False,0.0,False,False,37.27
915,45.75,4,distraction,distracted,0.925245,0.074236,0.000184,0.0,0.000335,0.925245,0.041798,0.94988,0.0,0.116026,0.145048,0.255112,0.0,0.035382,0.163604,True,True,False,0.0,False,False,46.86
916,45.8,4,distraction,distracted,0.924712,0.074785,0.000177,0.0,0.000327,0.924712,0.050443,0.947193,0.0,0.113743,0.144886,0.254873,0.0,0.035321,0.163413,True,True,False,0.0,False,False,37.759
917,45.85,4,distraction,distracted,0.93285,0.066668,0.00017,0.0,0.000312,0.93285,0.050215,0.947275,0.0,0.111141,0.144736,0.254633,0.0,0.03538,0.163222,True,True,False,0.0,False,False,37.794
918,45.9,4,distraction,distracted,0.956951,0.042663,0.000149,0.0,0.000237,0.956951,0.052011,0.947136,0.0,0.108426,0.144578,0.254397,0.0,0.03532,0.163032,True,True,False,0.0,False,False,37.529
919,45.95,4,distraction,distracted,0.966462,0.033194,0.000143,0.0,0.000201,0.966462,0.122853,0.932441,0.0,0.106116,0.143512,0.254246,0.0,0.035371,0.162845,True,True,False,0.0,False,False,38.269
920,46.0,4,distraction,distracted,0.94316,0.056413,0.000176,0.0,0.000251,0.94316,0.072537,0.943839,0.0,0.103922,0.142853,0.254035,0.0,0.035366,0.162656,True,True,False,0.0,False,False,46.799
921,46.05,4,distraction,distracted,0.960656,0.038977,0.000156,0.0,0.000212,0.960656,0.068821,0.944047,0.0,0.102087,0.142727,0.253821,0.0,0.035306,0.162467,True,True,False,1.0,False,False,38.0
922,46.1,4,distraction,distracted,0.957256,0.042355,0.000163,0.0,0.000226,0.957256,0.054292,0.946739,0.0,0.100952,0.141739,0.253589,0.0,0.035362,0.162279,True,True,False,1.0,False,False,37.232
923,46.15,4,distraction,distracted,0.959874,0.039743,0.00016,0.0,0.000223,0.959874,0.058958,0.946264,0.0,0.100703,0.141478,0.253364,0.0,0.035361,0.16209,True,True,False,0.797073,False,False,37.591
924,46.2,4,distraction,distracted,0.953822,0.04577,0.000164,0.0,0.000244,0.953822,0.052137,0.947671,0.0,0.100712,0.14139,0.25313,0.0,0.035361,0.161903,True,True,False,0.0,False,False,37.289
925,46.25,4,distraction,distracted,0.955749,0.043858,0.000159,0.0,0.000234,0.955749,0.057939,0.946133,0.0,0.100793,0.141376,0.252905,0.0,0.035361,0.161715,True,True,False,0.0,False,False,46.144
926,46.3,4,distraction,distracted,0.965246,0.0344,0.000149,0.0,0.000205,0.965246,0.062136,0.943322,0.0,0.100908,0.141242,0.252685,0.0,0.035301,0.161529,True,True,False,0.0,False,False,36.968
927,46.35,4,distraction,distracted,0.969205,0.030453,0.000147,0.0,0.000195,0.969205,0.099642,0.935653,0.0,0.101152,0.141463,0.25251,0.0,0.035362,0.161345,True,True,False,0.0,False,False,37.202
928,46.4,4,distraction,distracted,0.968699,0.030949,0.000146,0.0,0.000205,0.968699,0.080119,0.943022,0.0,0.101305,0.14149,0.252313,0.0,0.035363,0.16116,True,True,False,0.0,False,False,37.382
929,46.45,4,distraction,distracted,0.96615,0.03348,0.000148,0.0,0.000222,0.96615,0.063014,0.946617,0.0,0.101358,0.141486,0.252095,0.0,0.035363,0.160974,True,True,False,0.0,False,False,37.422
930,46.5,4,distraction,distracted,0.97733,0.022342,0.000134,0.0,0.000194,0.97733,0.078237,0.943494,0.0,0.101407,0.141518,0.251895,0.0,0.035363,0.16079,True,True,False,0.0,False,False,45.998
931,46.55,4,distraction,distracted,0.961223,0.038345,0.000157,0.0,0.000275,0.961223,0.075322,0.946876,0.0,0.101456,0.141405,0.251692,0.0,0.035303,0.160605,True,True,False,0.0,False,False,36.892
932,46.6,4,distraction,distracted,0.961156,0.038409,0.000148,0.0,0.000286,0.961156,0.062445,0.949151,0.0,0.101515,0.141562,0.251475,0.0,0.035363,0.16042,True,True,False,0.0,False,False,37.197
933,46.65,4,distraction,distracted,0.972897,0.02674,0.000133,0.0,0.00023,0.972897,0.06484,0.945668,0.0,0.101603,0.141573,0.251261,0.0,0.035364,0.160236,True,True,False,0.0,False,False,37.393
934,46.7,4,distraction,distracted,0.976238,0.023422,0.00013,0.0,0.00021,0.976238,0.055953,0.946941,0.0,0.101663,0.141569,0.251037,0.0,0.035364,0.160053,True,True,False,0.0,False,False,37.297
935,46.75,4,distraction,distracted,0.976968,0.022703,0.000129,0.0,0.0002,0.976968,0.051597,0.948209,0.0,0.101709,0.141557,0.250809,0.0,0.035364,0.15987,True,True,False,0.0,False,False,45.788
936,46.8,4,distraction,distracted,0.979335,0.020352,0.000127,0.0,0.000186,0.979335,0.050993,0.947545,0.0,0.101729,0.141403,0.250581,0.0,0.035304,0.159687,True,True,False,0.0,False,False,37.242
937,46.85,4,distraction,distracted,0.980262,0.019429,0.000128,0.0,0.000181,0.980262,0.04907,0.948387,0.0,0.101753,0.141485,0.25035,0.0,0.035364,0.159504,True,True,False,0.0,False,False,37.046
938,46.9,4,distraction,distracted,0.980323,0.019366,0.00013,0.0,0.00018,0.980323,0.046865,0.948811,0.0,0.101739,0.141439,0.250118,0.0,0.035364,0.159322,True,True,False,0.0,False,False,37.176
939,46.95,4,distraction,distracted,0.978156,0.021525,0.000134,0.0,0.000185,0.978156,0.04499,0.949419,0.0,0.101711,0.141408,0.249884,0.0,0.035364,0.15914,True,True,False,0.0,False,False,36.782
940,47.0,4,distraction,distracted,0.977977,0.021707,0.000133,0.0,0.000184,0.977977,0.044699,0.94918,0.0,0.101691,0.141375,0.24965,0.0,0.035363,0.158959,True,True,False,0.0,False,False,45.793
941,47.05,4,distraction,distracted,0.977679,0.022007,0.000133,0.0,0.000182,0.977679,0.043424,0.949175,0.0,0.10165,0.141208,0.249415,0.0,0.035303,0.158778,True,True,False,0.0,False,False,37.108
942,47.1,4,distraction,distracted,0.97298,0.026684,0.000141,0.0,0.000195,0.97298,0.040054,0.950459,0.0,0.101585,0.141332,0.249176,0.0,0.035364,0.158597,True,True,False,0.0,False,False,36.92
943,47.15,4,distraction,distracted,0.978394,0.021297,0.000132,0.0,0.000178,0.978394,0.039951,0.9504,0.0,0.101512,0.141307,0.248938,0.0,0.035364,0.158417,True,True,False,0.0,False,False,36.964
944,47.2,4,distraction,distracted,0.98098,0.018721,0.000129,0.0,0.00017,0.98098,0.040478,0.95023,0.0,0.101415,0.141286,0.248702,0.0,0.035364,0.158237,True,True,False,0.0,False,False,37.297
945,47.25,4,distraction,distracted,0.97877,0.020917,0.000134,0.0,0.000179,0.97877,0.040632,0.950185,0.0,0.101318,0.141258,0.248466,0.0,0.035363,0.158057,True,True,False,0.0,False,False,46.648
946,47.3,4,distraction,distracted,0.98196,0.017743,0.000128,0.0,0.000169,0.98196,0.04012,0.950344,0.0,0.101221,0.141085,0.248229,0.0,0.035303,0.157878,True,True,False,0.0,False,False,37.203
947,47.35,4,distraction,distracted,0.980413,0.019283,0.000131,0.0,0.000172,0.980413,0.043505,0.950129,0.0,0.101182,0.140545,0.247998,0.0,0.035359,0.157699,True,True,False,0.0,False,False,37.775
948,47.4,4,distraction,distracted,0.974043,0.025618,0.000145,0.0,0.000193,0.974043,0.048436,0.949201,0.0,0.10112,0.139857,0.247772,0.0,0.035351,0.157521,True,True,False,0.0,False,False,37.649
949,47.45,4,distraction,distracted,0.96861,0.031033,0.000149,0.0,0.000208,0.96861,0.051624,0.948319,0.0,0.100998,0.139147,0.247551,0.0,0.035341,0.157344,True,True,False,0.0,False,False,37.202
950,47.5,4,distraction,distracted,0.966099,0.033541,0.000147,0.0,0.000212,0.966099,0.047264,0.949268,0.0,0.100847,0.138416,0.247325,0.0,0.035331,0.157166,True,True,False,0.0,False,False,45.522
951,47.55,4,distraction,distracted,0.96916,0.030486,0.000142,0.0,0.000211,0.96916,0.04618,0.949568,0.0,0.10071,0.138259,0.247099,0.0,0.035271,0.156989,True,True,False,0.0,False,False,37.018
952,47.6,4,distraction,distracted,0.968059,0.031575,0.000142,0.0,0.000223,0.968059,0.046034,0.949683,0.0,0.100579,0.136814,0.246872,0.0,0.035313,0.156812,True,True,False,0.0,False,False,36.905
953,47.65,4,distraction,distracted,0.961321,0.03828,0.000148,0.0,0.000251,0.961321,0.06109,0.945348,0.0,0.100516,0.135935,0.246665,0.0,0.034353,0.156637,True,True,False,0.0,False,False,37.05
954,47.7,4,distraction,distracted,0.950622,0.04892,0.000158,0.0,0.0003,0.950622,0.099287,0.937599,0.0,0.100672,0.135041,0.246501,0.0,0.033315,0.156463,True,True,False,0.0,False,False,37.12
955,47.75,4,distraction,distracted,0.936056,0.063411,0.000165,0.0,0.000368,0.936056,0.098887,0.941995,0.0,0.100781,0.134125,0.246337,0.0,0.032257,0.156289,True,True,False,0.0,False,False,45.713
956,47.8,4,distraction,distracted,0.922436,0.076956,0.000172,0.0,0.000436,0.922436,0.085217,0.947093,0.0,0.100869,0.134042,0.246157,0.0,0.032202,0.156115,True,True,False,0.0,False,False,37.006
957,47.85,4,distraction,distracted,0.936783,0.062688,0.000156,0.0,0.000373,0.936783,0.070096,0.947727,0.0,0.1009,0.132043,0.24596,0.0,0.029973,0.15594,True,True,False,0.0,False,False,36.896
958,47.9,4,distraction,distracted,0.953671,0.045897,0.000142,0.0,0.00029,0.953671,0.071531,0.946537,0.0,0.100935,0.130983,0.245766,0.0,0.028828,0.155767,True,True,False,0.0,False,False,36.828
959,47.95,4,distraction,distracted,0.921445,0.078011,0.000169,0.0,0.000376,0.921445,0.064416,0.945949,0.0,0.100977,0.129918,0.245564,0.0,0.027691,0.155594,True,True,False,0.0,False,False,37.02
960,48.0,4,distraction,distracted,0.915031,0.084403,0.00017,0.0,0.000396,0.915031,0.053386,0.948448,0.0,0.10099,0.128844,0.24535,0.0,0.026568,0.15542,True,True,False,0.0,False,False,45.58
961,48.05,4,distraction,distracted,0.921128,0.078306,0.000167,0.0,0.000398,0.921128,0.047995,0.949679,0.0,0.100981,0.128707,0.245131,0.0,0.026522,0.155247,True,True,False,0.0,False,False,37.077
962,48.1,4,distraction,distracted,0.93287,0.066599,0.000159,0.0,0.000373,0.93287,0.045803,0.950059,0.0,0.100922,0.126692,0.244909,0.0,0.024344,0.155074,True,True,False,0.0,False,False,37.183
963,48.15,4,distraction,distracted,0.92552,0.073926,0.000163,0.0,0.000391,0.92552,0.041695,0.950809,0.0,0.100872,0.125619,0.244683,0.0,0.023248,0.154902,True,True,False,0.0,False,False,37.826
964,48.2,4,distraction,distracted,0.943446,0.056049,0.000152,0.0,0.000352,0.943446,0.042114,0.95161,0.0,0.100822,0.124557,0.244457,0.0,0.022164,0.154729,True,True,False,0.0,False,False,37.381
965,48.25,4,distraction,distracted,0.955024,0.044498,0.000146,0.0,0.000332,0.955024,0.048887,0.949648,0.0,0.100802,0.123518,0.24424,0.0,0.021092,0.154558,True,True,False,0.0,False,False,46.111
966,48.3,4,distraction,distracted,0.97183,0.027777,0.000131,0.0,0.000262,0.97183,0.068064,0.943113,0.0,0.100877,0.123424,0.244047,0.0,0.021057,0.154388,True,True,False,0.0,False,False,37.509
967,48.35,4,distraction,distracted,0.978912,0.020739,0.000125,0.0,0.000224,0.978912,0.069917,0.944057,0.0,0.100997,0.121526,0.243855,0.0,0.018968,0.154218,True,True,False,0.0,False,False,37.396
968,48.4,4,distraction,distracted,0.981526,0.018141,0.000124,0.0,0.000209,0.981526,0.059834,0.945618,0.0,0.101077,0.120517,0.243652,0.0,0.017909,0.154048,True,True,False,0.0,False,False,37.078
969,48.45,4,distraction,distracted,0.984886,0.014806,0.00012,0.0,0.000188,0.984886,0.048255,0.948634,0.0,0.101101,0.11949,0.243437,0.0,0.01685,0.153878,True,True,False,0.0,False,False,37.022
970,48.5,4,distraction,distracted,0.985155,0.014538,0.000123,0.0,0.000184,0.985155,0.044142,0.949899,0.0,0.101104,0.118457,0.243217,0.0,0.015793,0.153709,True,True,False,0.0,False,False,45.832
971,48.55,4,distraction,distracted,0.985233,0.014453,0.000127,0.0,0.000187,0.985233,0.045154,0.948851,0.0,0.101112,0.118333,0.242999,0.0,0.015766,0.153539,True,True,False,0.0,False,False,37.08
972,48.6,4,distraction,distracted,0.986338,0.013359,0.000125,0.0,0.000178,0.986338,0.048084,0.948749,0.0,0.101148,0.116498,0.242785,0.0,0.013761,0.153371,True,True,False,0.0,False,False,37.021
973,48.65,4,distraction,distracted,0.986422,0.013275,0.000127,0.0,0.000176,0.986422,0.050084,0.947291,0.0,0.101193,0.115719,0.242573,0.0,0.012922,0.153202,True,True,False,0.0,False,False,36.862
974,48.7,4,distraction,distracted,0.985995,0.013699,0.000129,0.0,0.000177,0.985995,0.046552,0.949396,0.0,0.101214,0.115049,0.242358,0.0,0.012187,0.153034,True,True,False,0.0,False,False,37.236
975,48.75,4,distraction,distracted,0.983092,0.01659,0.000134,0.0,0.000184,0.983092,0.050405,0.948752,0.0,0.101241,0.114529,0.242148,0.0,0.01159,0.152867,True,True,False,0.0,False,False,46.254
976,48.8,4,distraction,distracted,0.981657,0.018025,0.000134,0.0,0.000184,0.981657,0.051086,0.948506,0.0,0.101279,0.114422,0.241939,0.0,0.01157,0.152699,True,True,False,0.0,False,False,37.533
977,48.85,4,distraction,distracted,0.972492,0.027151,0.000148,0.0,0.000209,0.972492,0.050046,0.947849,0.0,0.101323,0.114258,0.241729,0.0,0.011589,0.152532,True,True,False,0.0,False,False,37.412
978,48.9,4,distraction,distracted,0.97256,0.027096,0.000145,0.0,0.000199,0.97256,0.053455,0.945347,0.0,0.101395,0.114254,0.241524,0.0,0.011589,0.152366,True,True,False,0.0,False,False,37.296
979,48.95,4,distraction,distracted,0.971198,0.028462,0.000147,0.0,0.000194,0.971198,0.053831,0.945442,0.0,0.101435,0.114272,0.24132,0.0,0.01159,0.152201,True,True,False,0.0,False,False,37.119
980,49.0,4,distraction,distracted,0.964055,0.03558,0.000159,0.0,0.000206,0.964055,0.051866,0.947111,0.0,0.101448,0.114293,0.241114,0.0,0.01159,0.152035,True,True,False,0.0,False,False,45.996
981,49.05,4,distraction,distracted,0.969373,0.030291,0.00015,0.0,0.000186,0.969373,0.055552,0.944313,0.0,0.101468,0.114194,0.240913,0.0,0.01157,0.15187,True,True,False,0.0,False,False,37.092
982,49.1,4,distraction,distracted,0.971267,0.028399,0.000152,0.0,0.000182,0.971267,0.062841,0.942896,0.0,0.101537,0.11435,0.240721,0.0,0.01159,0.151706,True,True,False,0.0,False,False,37.239
983,49.15,4,distraction,distracted,0.97811,0.021578,0.000144,0.0,0.000168,0.97811,0.059155,0.946234,0.0,0.101596,0.114378,0.240524,0.0,0.01159,0.151542,True,True,False,0.0,False,False,37.049
984,49.2,4,distraction,distracted,0.976799,0.022878,0.000148,0.0,0.000174,0.976799,0.120418,0.937775,0.0,0.101961,0.114512,0.240395,0.0,0.01159,0.151379,True,True,False,0.0,False,False,37.235
985,49.25,4,distraction,distracted,0.960414,0.039201,0.000173,0.0,0.000211,0.960414,0.075144,0.946891,0.0,0.102092,0.114568,0.240216,0.0,0.01159,0.151216,True,True,False,0.0,False,False,46.044
986,49.3,4,distraction,distracted,0.9371,0.062449,0.0002,0.0,0.000252,0.9371,0.055162,0.948729,0.0,0.102132,0.114467,0.240016,0.0,0.011571,0.151052,True,True,False,0.0,False,False,37.271
987,49.35,4,distraction,distracted,0.920583,0.078928,0.000216,0.0,0.000273,0.920583,0.050421,0.949284,0.0,0.102094,0.114597,0.239811,0.0,0.011591,0.150888,True,True,False,0.0,False,False,37.407
988,49.4,4,distraction,distracted,0.90464,0.094834,0.00023,0.0,0.000295,0.90464,0.045162,0.951189,0.0,0.10189,0.114597,0.2396,0.0,0.011591,0.150725,True,True,False,0.0,False,False,37.259
989,49.45,4,distraction,distracted,0.88917,0.110271,0.000243,0.0,0.000317,0.88917,0.043379,0.951473,0.0,0.101792,0.114594,0.239388,0.0,0.011591,0.150562,True,True,False,0.0,False,False,37.387
990,49.5,4,distraction,distracted,0.854185,0.145197,0.000262,0.0,0.000356,0.854185,0.042213,0.951556,0.0,0.101725,0.114592,0.239174,0.0,0.011591,0.150399,True,True,False,0.0,False,False,46.085
991,49.55,4,distraction,distracted,0.86744,0.131966,0.000254,0.0,0.00034,0.86744,0.041154,0.95184,0.0,0.101668,0.114467,0.23896,0.0,0.011571,0.150237,True,True,False,0.0,False,False,37.278
992,49.6,4,distraction,distracted,0.909315,0.09018,0.000226,0.0,0.000278,0.909315,0.064244,0.945303,0.0,0.101722,0.114622,0.238773,0.0,0.011591,0.150076,True,True,False,0.0,False,False,37.047
993,49.65,4,distraction,distracted,0.900619,0.098864,0.000237,0.0,0.00028,0.900619,0.098623,0.938446,0.0,0.101983,0.114716,0.238624,0.0,0.011591,0.149916,True,True,False,0.0,False,False,36.944
994,49.7,4,distraction,distracted,0.890058,0.109411,0.000243,0.0,0.000288,0.890058,0.069719,0.945835,0.0,0.102114,0.114761,0.238443,0.0,0.011591,0.149756,True,True,False,0.0,False,False,37.328
995,49.75,4,distraction,distracted,0.908185,0.09132,0.000229,0.0,0.000266,0.908185,0.10511,0.938291,0.0,0.102411,0.114866,0.238302,0.0,0.011591,0.149597,True,True,False,0.0,False,False,45.813
996,49.8,4,distraction,distracted,0.892514,0.106963,0.000237,0.0,0.000286,0.892514,0.071613,0.944967,0.0,0.102544,0.114793,0.238124,0.0,0.011572,0.149437,True,True,False,0.0,False,False,37.369
997,49.85,4,distraction,distracted,0.911522,0.088001,0.000215,0.0,0.000262,0.911522,0.058512,0.947077,0.0,0.102618,0.114939,0.237932,0.0,0.011591,0.149278,True,True,False,0.0,False,False,37.193
998,49.9,4,distraction,distracted,0.939261,0.060322,0.000191,0.0,0.000226,0.939261,0.051546,0.948922,0.0,0.102656,0.114953,0.237733,0.0,0.011591,0.149118,True,True,False,0.0,False,False,37.205
999,49.95,4,distraction,distracted,0.957785,0.041846,0.000174,0.0,0.000196,0.957785,0.06906,0.942772,0.0,0.102787,0.114998,0.237554,0.0,0.011592,0.14896,True,True,False,0.0,False,False,37.016
1000,50.0,4,distraction,distracted,0.956011,0.043608,0.000183,0.0,0.000199,0.956011,0.06934,0.942243,0.0,0.102928,0.115044,0.237376,0.0,0.011592,0.148802,True,True,False,0.0,False,False,46.117
1001,50.05,4,distraction,distracted,0.961228,0.038407,0.000176,0.0,0.000189,0.961228,0.077532,0.940083,0.0,0.10311,0.114981,0.237207,0.0,0.011572,0.148645,True,True,False,0.0,False,False,37.695
1002,50.1,4,distraction,distracted,0.964154,0.035488,0.000174,0.0,0.000185,0.964154,0.061252,0.94493,0.0,0.103202,0.115133,0.237021,0.0,0.011592,0.148487,True,True,False,0.0,False,False,37.624
1003,50.15,4,distraction,distracted,0.965858,0.033786,0.000173,0.0,0.000183,0.965858,0.052224,0.94662,0.0,0.103246,0.115152,0.236825,0.0,0.011592,0.14833,True,True,False,0.0,False,False,37.68
1004,50.2,4,distraction,distracted,0.968291,0.031356,0.000172,0.0,0.000181,0.968291,0.048468,0.947676,0.0,0.103263,0.115149,0.236625,0.0,0.011592,0.148172,True,True,False,0.63245,False,False,37.902
1005,50.25,4,distraction,distracted,0.96836,0.031286,0.000171,0.0,0.000183,0.96836,0.046939,0.949513,0.0,0.103171,0.115149,0.236423,0.0,0.011592,0.148015,True,True,False,0.575072,False,False,46.507
1006,50.3,4,distraction,distracted,0.969528,0.030116,0.000171,0.0,0.000186,0.969528,0.047086,0.948936,0.0,0.103128,0.115034,0.236223,0.0,0.011573,0.147858,True,True,False,0.60364,False,False,37.393
1007,50.35,4,distraction,distracted,0.958887,0.040725,0.000182,0.0,0.000206,0.958887,0.048969,0.947091,0.0,0.102955,0.115156,0.236025,0.0,0.011592,0.147702,True,True,False,0.575072,False,False,37.842
1008,50.4,4,distraction,distracted,0.950907,0.048693,0.000183,0.0,0.000217,0.950907,0.047863,0.94782,0.0,0.102877,0.114861,0.235826,0.0,0.011592,0.147546,True,True,False,0.0,False,False,37.358
1009,50.45,4,distraction,distracted,0.94158,0.058,0.000189,0.0,0.000231,0.94158,0.051555,0.947697,0.0,0.102828,0.114484,0.235631,0.0,0.011591,0.14739,True,True,False,0.0,False,False,37.57
1010,50.5,4,distraction,distracted,0.953715,0.045893,0.000177,0.0,0.000215,0.953715,0.052541,0.947346,0.0,0.102813,0.113862,0.235438,0.0,0.01159,0.147235,True,True,False,0.0,False,False,47.226
1011,50.55,4,distraction,distracted,0.961744,0.037886,0.000168,0.0,0.000202,0.961744,0.049651,0.947754,0.0,0.102776,0.113754,0.235243,0.0,0.01157,0.14708,True,True,False,0.0,False,False,37.812
1012,50.6,4,distraction,distracted,0.964669,0.034966,0.000166,0.0,0.000199,0.964669,0.046829,0.9487,0.0,0.102669,0.112456,0.235044,0.0,0.011583,0.146925,True,True,False,0.0,False,False,38.24
1013,50.65,4,distraction,distracted,0.962879,0.036756,0.000166,0.0,0.000199,0.962879,0.070168,0.94073,0.0,0.102544,0.111766,0.234872,0.0,0.01158,0.146771,True,True,False,0.0,False,False,38.15
1014,50.7,4,distraction,distracted,0.965538,0.034108,0.000162,0.0,0.000193,0.965538,0.065889,0.942625,0.0,0.102462,0.110999,0.234696,0.0,0.011577,0.146618,True,True,False,0.0,False,False,37.092
1015,50.75,4,distraction,distracted,0.938361,0.061207,0.000192,0.0,0.00024,0.938361,0.050893,0.948124,0.0,0.10239,0.110215,0.234503,0.0,0.011574,0.146464,True,True,False,0.0,False,False,45.798
1016,50.8,4,distraction,distracted,0.953693,0.045919,0.000176,0.0,0.000212,0.953693,0.054647,0.945938,0.0,0.102345,0.110121,0.234315,0.0,0.011555,0.146311,True,True,False,0.0,False,False,36.992
1017,50.85,4,distraction,distracted,0.955819,0.043797,0.000176,0.0,0.000209,0.955819,0.06218,0.944675,0.0,0.102354,0.108871,0.234135,0.0,0.011571,0.146159,True,True,False,0.0,False,False,37.214
1018,50.9,4,distraction,distracted,0.951862,0.047737,0.000183,0.0,0.000218,0.951862,0.06816,0.942665,0.0,0.102362,0.108388,0.233963,0.0,0.011571,0.146007,True,True,False,0.0,False,False,37.072
1019,50.95,4,distraction,distracted,0.959344,0.040281,0.000172,0.0,0.000204,0.959344,0.061319,0.945297,0.0,0.102302,0.108097,0.233783,0.0,0.011571,0.145854,True,True,False,0.0,False,False,38.116
1020,51.0,4,distraction,distracted,0.960079,0.03955,0.00017,0.0,0.000202,0.960079,0.059746,0.945306,0.0,0.102305,0.107719,0.233602,0.0,0.01157,0.145703,True,True,False,0.0,False,False,46.43
1021,51.05,4,distraction,distracted,0.956023,0.043594,0.000174,0.0,0.000209,0.956023,0.051743,0.948195,0.0,0.102257,0.107624,0.233412,0.0,0.011551,0.145551,True,True,False,0.0,False,False,37.0
1022,51.1,4,distraction,distracted,0.948799,0.050794,0.000185,0.0,0.000222,0.948799,0.05046,0.948705,0.0,0.102251,0.106307,0.233221,0.0,0.011565,0.145399,True,True,False,0.0,False,False,37.175
1023,51.15,4,distraction,distracted,0.950039,0.049556,0.000182,0.0,0.000223,0.950039,0.052737,0.947433,0.0,0.102147,0.105523,0.233034,0.0,0.011562,0.145248,True,True,False,0.0,False,False,37.683
1024,51.2,4,distraction,distracted,0.953845,0.045755,0.000177,0.0,0.000222,0.953845,0.053721,0.946866,0.0,0.102075,0.10479,0.232848,0.0,0.011559,0.145097,True,True,False,0.0,False,False,37.599
1025,51.25,4,distraction,distracted,0.945603,0.053974,0.000183,0.0,0.000241,0.945603,0.057815,0.944195,0.0,0.101884,0.104104,0.232667,0.0,0.011557,0.144947,True,True,False,0.0,False,False,45.879
1026,51.3,4,distraction,distracted,0.927638,0.071897,0.000192,0.0,0.000272,0.927638,0.054012,0.94561,0.0,0.100104,0.10402,0.232482,0.0,0.011538,0.144797,True,True,False,0.0,False,False,37.346
1027,51.35,4,distraction,distracted,0.917999,0.081516,0.000193,0.0,0.000292,0.917999,0.0534,0.945882,0.0,0.098024,0.102802,0.232297,0.0,0.011554,0.144647,True,True,False,0.0,False,False,37.716
1028,51.4,4,distraction,distracted,0.908757,0.090747,0.000193,0.0,0.000303,0.908757,0.050803,0.947603,0.0,0.095896,0.102316,0.232109,0.0,0.011554,0.144498,True,True,False,0.0,False,False,37.597
1029,51.45,4,distraction,distracted,0.919439,0.080098,0.000183,0.0,0.000281,0.919439,0.048449,0.947635,0.0,0.093897,0.102083,0.231919,0.0,0.011553,0.144348,True,True,False,0.0,False,False,37.719
1030,51.5,4,distraction,distracted,0.938574,0.06101,0.000169,0.0,0.000248,0.938574,0.046492,0.94898,0.0,0.09218,0.102004,0.231727,0.0,0.011553,0.144199,True,True,False,0.0,False,False,46.055
1031,51.55,4,distraction,distracted,0.936708,0.062868,0.000172,0.0,0.000253,0.936708,0.045619,0.949663,0.0,0.0909,0.101908,0.231535,0.0,0.011534,0.14405,True,True,False,0.0,False,False,37.494
1032,51.6,4,distraction,distracted,0.932575,0.066986,0.000175,0.0,0.000264,0.932575,0.047278,0.947881,0.0,0.090247,0.101994,0.231345,0.0,0.011554,0.143902,True,True,False,0.0,False,False,37.459
1033,51.65,4,distraction,distracted,0.943009,0.056573,0.00017,0.0,0.000248,0.943009,0.055504,0.946284,0.0,0.090098,0.101913,0.231164,0.0,0.011554,0.143754,True,True,False,0.0,False,False,37.439
1034,51.7,4,distraction,distracted,0.949594,0.050008,0.000165,0.0,0.000232,0.949594,0.061328,0.944575,0.0,0.09016,0.101284,0.23099,0.0,0.011552,0.143606,True,True,False,0.0,False,False,37.88
1035,51.75,4,distraction,distracted,0.96891,0.030754,0.000147,0.0,0.000189,0.96891,0.061109,0.944609,0.0,0.090252,0.100608,0.230816,0.0,0.011549,0.143459,True,True,False,0.0,False,False,46.568
1036,51.8,4,distraction,distracted,0.975161,0.024522,0.000143,0.0,0.000175,0.975161,0.052136,0.945279,0.0,0.090291,0.100527,0.230634,0.0,0.011529,0.143313,True,True,False,0.0,False,False,37.986
1037,51.85,4,distraction,distracted,0.978632,0.02106,0.00014,0.0,0.000168,0.978632,0.047541,0.94729,0.0,0.090303,0.099013,0.230446,0.0,0.010644,0.143166,True,True,False,0.0,False,False,37.25
1038,51.9,4,distraction,distracted,0.981493,0.01821,0.000136,0.0,0.000162,0.981493,0.04892,0.946287,0.0,0.090313,0.09805,0.23026,0.0,0.009621,0.143019,True,True,False,0.0,False,False,38.151
1039,51.95,4,distraction,distracted,0.983297,0.016403,0.000138,0.0,0.000162,0.983297,0.044162,0.948509,0.0,0.090227,0.096994,0.23007,0.0,0.008517,0.142873,True,True,False,0.0,False,False,37.721
1040,52.0,4,distraction,distracted,0.984581,0.015118,0.000139,0.0,0.000162,0.984581,0.045756,0.947701,0.0,0.090194,0.095934,0.229881,0.0,0.007405,0.142727,True,True,False,0.0,False,False,46.964
1041,52.05,4,distraction,distracted,0.983899,0.015795,0.000141,0.0,0.000164,0.983899,0.043352,0.949687,0.0,0.09015,0.095845,0.229691,0.0,0.007393,0.142581,True,True,False,0.0,False,False,37.458
1042,52.1,4,distraction,distracted,0.983925,0.015771,0.000141,0.0,0.000164,0.983925,0.04331,0.94966,0.0,0.090131,0.093791,0.2295,0.0,0.005171,0.142435,True,True,False,0.0,False,False,37.611
1043,52.15,4,distraction,distracted,0.984462,0.015237,0.000139,0.0,0.000162,0.984462,0.045074,0.949407,0.0,0.090024,0.092758,0.229312,0.0,0.004089,0.14229,True,True,False,0.0,False,False,37.206
1044,52.2,4,distraction,distracted,0.984282,0.015415,0.00014,0.0,0.000164,0.984282,0.043105,0.949663,0.0,0.089964,0.09178,0.229122,0.0,0.003063,0.142145,True,True,False,0.0,False,False,37.45
1045,52.25,4,distraction,distracted,0.982984,0.016709,0.000141,0.0,0.000167,0.982984,0.041893,0.950337,0.0,0.089905,0.090944,0.228931,0.0,0.002178,0.142,True,True,False,0.0,False,False,46.041
1046,52.3,4,distraction,distracted,0.982824,0.016869,0.000141,0.0,0.000166,0.982824,0.040349,0.951318,0.0,0.089859,0.090859,0.228739,0.0,0.002174,0.141855,True,True,False,0.0,False,False,37.275
1047,52.35,4,distraction,distracted,0.98308,0.016616,0.00014,0.0,0.000164,0.98308,0.042427,0.950891,0.0,0.089834,0.089555,0.228549,0.0,0.000673,0.141711,True,True,False,0.130076,False,False,37.228
1048,52.4,4,distraction,distracted,0.974244,0.025404,0.00016,0.0,0.000192,0.974244,0.044116,0.94924,0.0,0.089783,0.088948,0.228362,0.0,0.0,0.141567,True,True,False,0.019676,False,False,37.175
1049,52.45,4,distraction,distracted,0.961627,0.037977,0.000176,0.0,0.00022,0.961627,0.043971,0.949926,0.0,0.08971,0.088566,0.228175,0.0,0.0,0.141423,True,True,False,0.019676,False,False,37.182
1050,52.5,4,distraction,distracted,0.948411,0.051162,0.000191,0.0,0.000236,0.948411,0.058866,0.945597,0.0,0.089612,0.088405,0.228004,0.0,0.0,0.14128,True,True,False,0.043652,False,False,46.015
1051,52.55,4,distraction,distracted,0.950876,0.048712,0.000191,0.0,0.000221,0.950876,0.084267,0.943055,0.0,0.089693,0.088398,0.227859,0.0,0.0,0.141138,True,True,False,0.043652,False,False,37.262
1052,52.6,4,distraction,distracted,0.936834,0.062716,0.000209,0.0,0.000241,0.936834,0.070402,0.945784,0.0,0.089766,0.088413,0.227701,0.0,0.0,0.140996,True,True,False,0.0,False,False,37.242
1053,52.65,4,distraction,distracted,0.935108,0.064442,0.000209,0.0,0.000241,0.935108,0.08265,0.94259,0.0,0.08993,0.088461,0.227555,0.0,0.0,0.140855,True,True,False,0.0,False,False,37.427
1054,52.7,4,distraction,distracted,0.925508,0.07402,0.000221,0.0,0.000251,0.925508,0.070585,0.946366,0.0,0.090026,0.0885,0.227397,0.0,0.0,0.140713,True,True,False,0.002968,False,False,37.252
1055,52.75,4,distraction,distracted,0.952992,0.046602,0.000196,0.0,0.000209,0.952992,0.084975,0.943788,0.0,0.090229,0.088557,0.227254,0.0,0.0,0.140572,True,True,False,0.002968,False,False,45.937
1056,52.8,4,distraction,distracted,0.959584,0.040024,0.000193,0.0,0.000199,0.959584,0.107925,0.94088,0.0,0.090532,0.088589,0.227135,0.0,0.0,0.140431,True,True,False,0.002968,False,False,37.245
1057,52.85,4,distraction,distracted,0.953898,0.045688,0.000205,0.0,0.00021,0.953898,0.07187,0.946855,0.0,0.090631,0.088675,0.226979,0.0,0.0,0.14029,True,True,False,0.005943,False,False,37.218
1058,52.9,4,distraction,distracted,0.94126,0.058302,0.000214,0.0,0.000224,0.94126,0.071027,0.945525,0.0,0.090634,0.088695,0.226823,0.0,0.0,0.14015,True,True,False,0.005943,False,False,37.487
1059,52.95,4,distraction,distracted,0.931444,0.0681,0.00022,0.0,0.000236,0.931444,0.078053,0.941797,0.0,0.090366,0.088746,0.226675,0.0,0.0,0.14001,True,True,False,0.061104,False,False,37.145
1060,53.0,4,distraction,distracted,0.927384,0.072154,0.000219,0.0,0.000243,0.927384,0.063649,0.944542,0.0,0.090106,0.088773,0.226512,0.0,0.0,0.139871,True,True,False,0.061104,False,False,46.509
1061,53.05,4,distraction,distracted,0.927231,0.072312,0.000211,0.0,0.000246,0.927231,0.061599,0.945067,0.0,0.088241,0.088728,0.226348,0.0,0.0,0.139731,True,True,False,0.098869,False,False,37.988
1062,53.1,4,distraction,distracted,0.922636,0.076901,0.00021,0.0,0.000253,0.922636,0.051536,0.948568,0.0,0.086159,0.088812,0.226173,0.0,0.0,0.139591,True,True,False,0.069115,False,False,37.916
1063,53.15,4,distraction,distracted,0.904745,0.094756,0.000226,0.0,0.000273,0.904745,0.044629,0.950075,0.0,0.084016,0.088812,0.225991,0.0,0.0,0.139452,True,True,False,0.098869,False,False,37.691
1064,53.2,4,distraction,distracted,0.920738,0.078788,0.000218,0.0,0.000255,0.920738,0.044028,0.950512,0.0,0.081932,0.088807,0.225809,0.0,0.0,0.139312,True,True,False,0.112602,False,False,38.052
1065,53.25,4,distraction,distracted,0.937265,0.062291,0.000209,0.0,0.000236,0.937265,0.044396,0.949632,0.0,0.08023,0.088808,0.225628,0.0,0.0,0.139173,True,True,False,0.0,False,False,46.208
1066,53.3,4,distraction,distracted,0.9298,0.069739,0.000215,0.0,0.000246,0.9298,0.042279,0.950285,0.0,0.079236,0.088729,0.225445,0.0,0.0,0.139034,True,True,False,0.0,False,False,37.873
1067,53.35,4,distraction,distracted,0.928615,0.070924,0.000213,0.0,0.000248,0.928615,0.056121,0.947299,0.0,0.079016,0.088809,0.225277,0.0,0.0,0.138896,True,True,False,0.0,False,False,37.186
1068,53.4,4,distraction,distracted,0.891708,0.107765,0.000239,0.0,0.000288,0.891708,0.059579,0.946669,0.0,0.079069,0.088837,0.225112,0.0,0.0,0.138758,True,True,False,0.0,False,False,37.443
1069,53.45,4,distraction,distracted,0.876831,0.122617,0.00025,0.0,0.000303,0.876831,0.054032,0.947477,0.0,0.079141,0.088857,0.224942,0.0,0.0,0.13862,True,True,False,0.0,False,False,37.27
1070,53.5,4,distraction,distracted,0.815498,0.183867,0.000285,0.0,0.00035,0.815498,0.07049,0.944292,0.0,0.079188,0.088895,0.22479,0.0,0.0,0.138483,True,True,False,0.0,False,False,46.074
1071,53.55,4,distraction,distracted,0.83819,0.161198,0.000288,0.0,0.000325,0.83819,0.094868,0.940984,0.0,0.079383,0.088905,0.224662,0.0,0.0,0.138347,True,True,False,0.0,False,False,37.233
1072,53.6,4,distraction,distracted,0.876054,0.123374,0.000277,0.0,0.000295,0.876054,0.059415,0.947274,0.0,0.07943,0.089007,0.224499,0.0,0.0,0.13821,True,True,False,0.0,False,False,37.592
1073,53.65,4,distraction,distracted,0.911163,0.088317,0.000255,0.0,0.000265,0.911163,0.053109,0.948738,0.0,0.079471,0.089015,0.224329,0.0,0.0,0.138073,True,True,False,0.0,False,False,37.503
1074,53.7,4,distraction,distracted,0.919402,0.080096,0.000246,0.0,0.000257,0.919402,0.060293,0.945639,0.0,0.079564,0.089043,0.224167,0.0,0.0,0.137937,True,True,False,0.0,False,False,37.132
1075,53.75,4,distraction,distracted,0.928894,0.070622,0.000238,0.0,0.000247,0.928894,0.078904,0.942434,0.0,0.079757,0.089096,0.224025,0.0,0.0,0.137802,True,True,False,0.0,False,False,46.082
1076,53.8,4,distraction,distracted,0.925266,0.074232,0.000248,0.0,0.000254,0.925266,0.074541,0.942541,0.0,0.079926,0.089072,0.223878,0.0,0.0,0.137667,True,True,False,0.0,False,False,37.341
1077,53.85,4,distraction,distracted,0.931139,0.068365,0.000248,0.0,0.000248,0.931139,0.076282,0.942321,0.0,0.080099,0.089192,0.223734,0.0,0.0,0.137532,True,True,False,0.0,False,False,37.516
1078,53.9,4,distraction,distracted,0.938674,0.060847,0.000242,0.0,0.000237,0.938674,0.071144,0.94488,0.0,0.080221,0.089223,0.223584,0.0,0.0,0.137397,True,True,False,0.005829,False,False,37.463
1079,53.95,4,distraction,distracted,0.954664,0.044891,0.000226,0.0,0.000219,0.954664,0.080155,0.942516,0.0,0.080407,0.089247,0.223444,0.0,0.0,0.137263,True,True,False,0.0,False,False,37.202
1080,54.0,4,distraction,distracted,0.944213,0.055311,0.000242,0.0,0.000234,0.944213,0.088537,0.942859,0.0,0.080636,0.089306,0.223312,0.0,0.0,0.137129,True,True,False,0.0,False,False,45.99
1081,54.05,4,distraction,distracted,0.934162,0.065336,0.000254,0.0,0.000248,0.934162,0.072652,0.945724,0.0,0.080752,0.089278,0.223165,0.0,0.0,0.136995,True,True,False,0.0,False,False,37.291
1082,54.1,4,distraction,distracted,0.930303,0.069184,0.000258,0.0,0.000255,0.930303,0.057409,0.947819,0.0,0.080816,0.089356,0.223002,0.0,0.0,0.13686,True,True,False,0.0,False,False,37.465
1083,54.15,4,distraction,distracted,0.899186,0.100232,0.00029,0.0,0.000293,0.899186,0.062671,0.945188,0.0,0.080913,0.089383,0.222846,0.0,0.0,0.136727,True,True,False,0.0,False,False,37.095
1084,54.2,4,distraction,distracted,0.917807,0.081655,0.000268,0.0,0.00027,0.917807,0.059906,0.946306,0.0,0.079961,0.089407,0.222686,0.0,0.0,0.136593,True,True,False,0.0,False,False,37.3
1085,54.25,4,distraction,distracted,0.916335,0.083128,0.000267,0.0,0.00027,0.916335,0.084077,0.940319,0.0,0.07815,0.089465,0.222552,0.0,0.0,0.136461,True,True,False,0.0,False,False,46.126
1086,54.3,4,distraction,distracted,0.927339,0.072149,0.000254,0.0,0.000258,0.927339,0.081561,0.942667,0.0,0.076233,0.089452,0.222415,0.0,0.0,0.136328,True,True,False,0.0,False,False,37.383
1087,54.35,4,distraction,distracted,0.929695,0.069784,0.00026,0.0,0.00026,0.929695,0.075417,0.942982,0.0,0.074217,0.08958,0.222272,0.0,0.0,0.136196,True,True,False,0.0,False,False,37.497
1088,54.4,4,distraction,distracted,0.929173,0.070304,0.000263,0.0,0.000259,0.929173,0.065081,0.9443,0.0,0.072264,0.089615,0.22212,0.0,0.0,0.136064,True,True,False,0.0,False,False,37.114
1089,54.45,4,distraction,distracted,0.930004,0.069478,0.000264,0.0,0.000254,0.930004,0.074363,0.942604,0.0,0.07087,0.089666,0.221977,0.0,0.0,0.135932,True,True,False,0.0,False,False,37.17
1090,54.5,4,distraction,distracted,0.926779,0.072689,0.000274,0.0,0.000259,0.926779,0.076333,0.94294,0.0,0.070454,0.089725,0.221836,0.0,0.0,0.1358,True,True,False,0.0,False,False,46.273
1091,54.55,4,distraction,distracted,0.930883,0.068588,0.000275,0.0,0.000253,0.930883,0.080479,0.942406,0.0,0.070544,0.08971,0.221699,0.0,0.0,0.135669,True,True,False,0.0,False,False,37.576
1092,54.6,4,distraction,distracted,0.939733,0.059757,0.000267,0.0,0.000243,0.939733,0.065555,0.946144,0.0,0.070656,0.089843,0.221548,0.0,0.0,0.135538,True,True,False,0.0,False,False,37.294
1093,54.65,4,distraction,distracted,0.956663,0.042872,0.000247,0.0,0.000218,0.956663,0.458709,0.860797,0.0,0.072588,0.090492,0.221757,0.0,0.0,0.135418,True,True,False,0.0,False,False,37.297
1094,54.7,4,distraction,distracted,0.966615,0.032957,0.00023,0.0,0.000198,0.966615,0.517234,0.831348,0.0,0.074664,0.091206,0.222008,0.0,0.0,0.135303,True,True,False,0.0,False,False,37.235
1095,54.75,4,distraction,distracted,0.966336,0.033231,0.000231,0.0,0.000202,0.966336,0.547734,0.828768,0.0,0.076838,0.091963,0.222284,0.0,0.0,0.135189,True,True,False,0.0,False,False,46.158
1096,54.8,4,distraction,distracted,0.963092,0.036461,0.000227,0.0,0.00022,0.963092,0.547285,0.824585,0.0,0.078952,0.092628,0.222557,0.0,0.0,0.135075,True,True,False,0.0,False,False,37.462
1097,54.85,4,distraction,distracted,0.970739,0.028864,0.00019,0.0,0.000208,0.970739,0.509288,0.860737,0.0,0.081005,0.093432,0.222809,0.0,0.0,0.134957,True,True,False,0.0,False,False,37.276
1098,54.9,4,distraction,distracted,0.969024,0.03057,0.000176,0.0,0.000229,0.969024,0.42739,0.90289,0.0,0.081068,0.094046,0.222997,0.0,0.0,0.134832,True,True,False,0.0,False,False,37.175
1099,54.95,4,distraction,distracted,0.9672,0.032399,0.000164,0.0,0.000236,0.9672,0.274219,0.927394,0.0,0.080144,0.094423,0.223045,0.0,0.0,0.134705,True,True,False,0.0,False,False,37.363
1100,55.0,4,distraction,distracted,0.956578,0.042971,0.000173,0.0,0.000278,0.956578,0.110787,0.945684,0.0,0.078253,0.094523,0.222938,0.0,0.0,0.134576,True,True,False,0.0,False,False,45.971
1101,55.05,4,distraction,distracted,0.950425,0.049123,0.000171,0.0,0.000281,0.950425,0.050981,0.952184,0.0,0.075939,0.094449,0.222771,0.0,0.0,0.134445,True,True,False,0.0,False,False,37.123
1102,55.1,4,distraction,distracted,0.954666,0.044923,0.000163,0.0,0.000247,0.954666,0.043025,0.954608,0.0,0.0738,0.094521,0.222597,0.0,0.0,0.134315,True,True,False,0.0,False,False,37.034
1103,55.15,4,distraction,distracted,0.962807,0.036808,0.000164,0.0,0.000221,0.962807,0.392875,0.891823,0.0,0.073936,0.095074,0.222751,0.0,0.0,0.134194,True,True,False,0.0,False,False,37.203
1104,55.2,4,distraction,distracted,0.972699,0.026952,0.00016,0.0,0.000189,0.972699,0.509341,0.828269,0.0,0.07541,0.095766,0.222992,0.0,0.0,0.134081,True,True,False,0.0,False,False,37.232
1105,55.25,4,distraction,distracted,0.981142,0.018531,0.00016,0.0,0.000167,0.981142,0.563162,0.809738,0.0,0.077572,0.096522,0.22327,0.0,0.0,0.133971,True,True,False,0.0,False,False,46.045
1106,55.3,4,distraction,distracted,0.983557,0.016103,0.000177,0.0,0.000162,0.983557,0.652687,0.820554,0.0,0.080236,0.097332,0.223627,0.0,0.0,0.13386,True,True,False,0.0,False,False,37.246
1107,55.35,4,distraction,distracted,0.986139,0.013501,0.000194,0.0,0.000166,0.986139,0.74883,0.815535,0.0,0.083332,0.098451,0.22406,0.0,0.0,0.13375,True,True,False,0.0,False,False,37.57
1108,55.4,4,distraction,distracted,0.988378,0.011276,0.000185,0.0,0.000161,0.988378,0.795784,0.794596,0.0,0.086564,0.099524,0.224518,0.0,0.0,0.133642,True,True,False,0.0,False,False,37.865
1109,55.45,4,distraction,distracted,0.990482,0.009183,0.000178,0.0,0.000157,0.990482,0.81617,0.772792,0.0,0.089753,0.100598,0.22498,0.0,0.0,0.133538,True,True,False,0.0,False,False,38.208
1110,55.5,4,distraction,distracted,0.991032,0.008628,0.000179,0.0,0.000161,0.991032,0.819385,0.775454,0.0,0.09296,0.101675,0.225444,0.0,0.0,0.133434,True,True,False,0.0,False,False,46.394
1111,55.55,4,distraction,distracted,0.991296,0.008371,0.00017,0.0,0.000164,0.991296,0.623116,0.866504,0.0,0.095637,0.102477,0.225791,0.0,0.0,0.133317,True,True,False,0.0,False,False,37.68
1112,55.6,4,distraction,distracted,0.990813,0.008864,0.000161,0.0,0.000162,0.990813,0.487167,0.911698,0.0,0.097799,0.103251,0.226031,0.0,0.0,0.133195,True,True,False,0.0,False,False,38.299
1113,55.65,4,distraction,distracted,0.989441,0.010233,0.000159,0.0,0.000168,0.989441,0.296828,0.936818,0.0,0.099073,0.103652,0.226098,0.0,0.0,0.13307,True,True,False,0.0,False,False,37.729
1114,55.7,4,distraction,distracted,0.988155,0.011514,0.000156,0.0,0.000174,0.988155,0.115926,0.949326,0.0,0.099444,0.103748,0.225993,0.0,0.0,0.132943,True,True,False,0.0,False,False,38.223
1115,55.75,4,distraction,distracted,0.988091,0.01159,0.000146,0.0,0.000173,0.988091,0.057051,0.953889,0.0,0.099521,0.103745,0.225831,0.0,0.0,0.132815,True,True,False,0.0,False,False,45.955
1116,55.8,4,distraction,distracted,0.988273,0.011415,0.00014,0.0,0.000172,0.988273,0.045381,0.956524,0.0,0.099492,0.103646,0.225658,0.0,0.0,0.132688,True,True,False,0.0,False,False,37.493
1117,55.85,4,distraction,distracted,0.987942,0.011751,0.000137,0.0,0.000171,0.987942,0.040116,0.955028,0.0,0.099439,0.103707,0.225481,0.0,0.0,0.132561,True,True,False,0.0,False,False,37.189
1118,55.9,4,distraction,distracted,0.985815,0.013866,0.000139,0.0,0.000179,0.985815,0.037145,0.953657,0.0,0.099362,0.103659,0.225301,0.0,0.0,0.132435,True,True,False,0.0,False,False,37.221
1119,55.95,4,distraction,distracted,0.980924,0.018721,0.000149,0.0,0.000205,0.980924,0.036547,0.952825,0.0,0.098926,0.103626,0.225121,0.0,0.0,0.132309,True,True,False,0.0,False,False,37.476
1120,56.0,4,distraction,distracted,0.965579,0.033998,0.000167,0.0,0.000256,0.965579,0.03849,0.951674,0.0,0.098752,0.103596,0.224944,0.0,0.0,0.132183,True,True,False,0.0,False,False,46.507
1121,56.05,4,distraction,distracted,0.971669,0.02796,0.000149,0.0,0.000222,0.971669,0.049424,0.947762,0.0,0.098653,0.103505,0.224778,0.0,0.0,0.132058,True,True,False,0.0,False,False,37.45
1122,56.1,4,distraction,distracted,0.972636,0.027014,0.000147,0.0,0.000204,0.972636,0.066286,0.941988,0.0,0.098715,0.103635,0.224629,0.0,0.0,0.131934,True,True,False,0.0,False,False,37.996
1123,56.15,4,distraction,distracted,0.970789,0.028863,0.000151,0.0,0.000197,0.970789,0.070742,0.942133,0.0,0.098775,0.10368,0.224485,0.0,0.0,0.13181,True,True,False,0.0,False,False,37.812
1124,56.2,4,distraction,distracted,0.962104,0.037514,0.000167,0.0,0.000215,0.962104,0.067382,0.942564,0.0,0.098853,0.103716,0.224337,0.0,0.0,0.131686,True,True,False,0.0,False,False,37.547
1125,56.25,4,distraction,distracted,0.949828,0.049762,0.000177,0.0,0.000234,0.949828,0.05019,0.948828,0.0,0.098813,0.10372,0.224173,0.0,0.0,0.131562,True,True,False,0.0,False,False,46.585
1126,56.3,4,distraction,distracted,0.94456,0.05502,0.000178,0.0,0.000241,0.94456,0.045156,0.949925,0.0,0.098726,0.103621,0.224004,0.0,0.0,0.131438,True,True,False,0.0,False,False,38.581
1127,56.35,4,distraction,distracted,0.934409,0.065146,0.000186,0.0,0.000259,0.934409,0.042916,0.950664,0.0,0.098438,0.103708,0.223833,0.0,0.0,0.131314,True,True,False,0.0,False,False,37.837
1128,56.4,4,distraction,distracted,0.954887,0.044725,0.000166,0.0,0.000222,0.954887,0.047805,0.948979,0.0,0.098274,0.103697,0.223668,0.0,0.0,0.131191,True,True,False,0.0,False,False,38.363
1129,56.45,4,distraction,distracted,0.968941,0.030718,0.00015,0.0,0.000191,0.968941,0.053412,0.946681,0.0,0.098226,0.103687,0.223508,0.0,0.0,0.131068,True,True,False,0.0,False,False,38.041
1130,56.5,4,distraction,distracted,0.969222,0.030436,0.000149,0.0,0.000193,0.969222,0.052309,0.946126,0.0,0.098095,0.103684,0.223348,0.0,0.0,0.130945,True,True,False,0.0,False,False,46.174
1131,56.55,4,distraction,distracted,0.959507,0.04012,0.000158,0.0,0.000215,0.959507,0.053743,0.944653,0.0,0.097986,0.1036,0.223189,0.0,0.0,0.130823,True,True,False,0.0,False,False,37.422
1132,56.6,4,distraction,distracted,0.917647,0.08186,0.000197,0.0,0.000295,0.917647,0.044952,0.948283,0.0,0.097898,0.10368,0.223023,0.0,0.0,0.1307,True,True,False,1.0,False,False,37.125
1133,56.65,4,distraction,distracted,0.907824,0.091666,0.000197,0.0,0.000313,0.907824,0.047061,0.94819,0.0,0.097808,0.103677,0.222858,0.0,0.0,0.130578,True,True,False,1.0,False,False,37.923
1134,56.7,4,distraction,distracted,0.905312,0.094183,0.000196,0.0,0.000309,0.905312,0.04606,0.947789,0.0,0.097758,0.103677,0.222693,0.0,0.0,0.130456,True,True,False,1.0,False,False,37.6
1135,56.75,4,distraction,distracted,0.942749,0.056838,0.000171,0.0,0.000242,0.942749,0.04417,0.948781,0.0,0.09772,0.10368,0.222526,0.0,0.0,0.130334,True,True,False,1.0,False,False,46.542
1136,56.8,4,distraction,distracted,0.954327,0.04529,0.00016,0.0,0.000224,0.954327,0.044399,0.948742,0.0,0.097686,0.10358,0.22236,0.0,0.0,0.130212,True,True,False,1.0,False,False,37.398
1137,56.85,4,distraction,distracted,0.957092,0.04253,0.00016,0.0,0.000218,0.957092,0.06719,0.944184,0.0,0.097779,0.103723,0.222216,0.0,0.0,0.130091,True,True,False,1.0,False,False,37.275
1138,56.9,4,distraction,distracted,0.971507,0.028173,0.000143,0.0,0.000177,0.971507,0.401967,0.883834,0.0,0.09947,0.104293,0.222372,0.0,0.0,0.129979,True,True,False,0.0,False,False,37.114
1139,56.95,4,distraction,distracted,0.971682,0.027995,0.000149,0.0,0.000174,0.971682,0.48132,0.857506,0.0,0.101492,0.104958,0.22259,0.0,0.0,0.129869,True,True,False,0.0,False,False,37.356
1140,57.0,4,distraction,distracted,0.966611,0.033041,0.000165,0.0,0.000183,0.966611,0.446669,0.892097,0.0,0.103423,0.105598,0.222786,0.0,0.0,0.129756,True,True,False,0.0,False,False,46.193
1141,57.05,4,distraction,distracted,0.955849,0.043759,0.000181,0.0,0.00021,0.955849,0.338601,0.920611,0.0,0.104883,0.105979,0.22289,0.0,0.0,0.129639,True,True,False,0.0,False,False,37.428
1142,57.1,4,distraction,distracted,0.965562,0.034087,0.000161,0.0,0.00019,0.965562,0.192932,0.938035,0.0,0.105653,0.106291,0.222863,0.0,0.0,0.12952,True,True,False,0.0,False,False,37.262
1143,57.15,4,distraction,distracted,0.952933,0.046678,0.000175,0.0,0.000214,0.952933,0.080029,0.950343,0.0,0.105856,0.10572,0.22273,0.0,0.0,0.129399,True,True,False,0.0,False,False,37.608
1144,57.2,4,distraction,distracted,0.947,0.052605,0.000175,0.0,0.000221,0.947,0.052923,0.95361,0.0,0.105918,0.105036,0.222572,0.0,0.0,0.129279,True,True,False,0.0,False,False,37.439
1145,57.25,4,distraction,distracted,0.944557,0.055047,0.000172,0.0,0.000224,0.944557,0.04769,0.952236,0.0,0.105953,0.104325,0.222409,0.0,0.0,0.129159,True,True,False,0.0,False,False,45.906
1146,57.3,4,distraction,distracted,0.957042,0.042598,0.000156,0.0,0.000205,0.957042,0.048349,0.949958,0.0,0.105995,0.104231,0.222248,0.0,0.0,0.129039,True,True,False,0.0,False,False,37.534
1147,57.35,4,distraction,distracted,0.962568,0.037084,0.000148,0.0,0.000199,0.962568,0.044406,0.950519,0.0,0.105999,0.103326,0.222083,0.0,0.0,0.12892,True,True,False,0.0,False,False,37.428
1148,57.4,4,distraction,distracted,0.965498,0.034155,0.000142,0.0,0.000204,0.965498,0.048776,0.948253,0.0,0.106001,0.103217,0.221923,0.0,0.0,0.128801,True,True,False,0.0,False,False,37.199
1149,57.45,4,distraction,distracted,0.972759,0.026919,0.000132,0.0,0.000189,0.972759,0.058342,0.945247,0.0,0.106036,0.10323,0.221773,0.0,0.0,0.128682,True,True,False,0.0,False,False,37.118
1150,57.5,4,distraction,distracted,0.9817,0.018014,0.000124,0.0,0.000161,0.9817,0.421672,0.868683,0.0,0.107798,0.103826,0.221942,0.0,0.0,0.128574,True,True,False,0.0,False,False,45.848
1151,57.55,4,distraction,distracted,0.986327,0.013402,0.000123,0.0,0.000148,0.986327,0.50867,0.825897,0.0,0.10988,0.10442,0.222172,0.0,0.0,0.128471,True,True,False,0.0,False,False,37.068
1152,57.6,4,distraction,distracted,0.987009,0.012704,0.00013,0.0,0.000157,0.987009,0.496847,0.870802,0.0,0.112005,0.105253,0.222404,0.0,0.0,0.128362,True,True,False,0.0,False,False,37.111
1153,57.65,4,distraction,distracted,0.986985,0.012718,0.000131,0.0,0.000166,0.986985,0.433909,0.906114,0.0,0.113822,0.105898,0.222589,0.0,0.0,0.128249,True,True,False,0.0,False,False,37.256
1154,57.7,4,distraction,distracted,0.986966,0.012734,0.000129,0.0,0.00017,0.986966,0.280527,0.928627,0.0,0.114723,0.106298,0.222641,0.0,0.0,0.128134,True,True,False,0.0,False,False,37.452
1155,57.75,4,distraction,distracted,0.986275,0.013421,0.000129,0.0,0.000175,0.986275,0.143694,0.942143,0.0,0.114949,0.106473,0.222569,0.0,0.0,0.128017,True,True,False,0.0,False,False,46.187
1156,57.8,4,distraction,distracted,0.987525,0.012179,0.000127,0.0,0.000169,0.987525,0.064559,0.950575,0.0,0.114843,0.106402,0.222424,0.0,0.0,0.1279,True,True,False,0.0,False,False,37.345
1157,57.85,4,distraction,distracted,0.988023,0.011684,0.000127,0.0,0.000166,0.988023,0.048274,0.953118,0.0,0.114731,0.106531,0.222264,0.0,0.0,0.127782,True,True,False,0.0,False,False,37.233
1158,57.9,4,distraction,distracted,0.985692,0.014007,0.00013,0.0,0.000171,0.985692,0.058413,0.951281,0.0,0.114663,0.106559,0.222114,0.0,0.0,0.127665,True,True,False,0.0,False,False,37.165
1159,57.95,4,distraction,distracted,0.980658,0.019021,0.000137,0.0,0.000184,0.980658,0.068103,0.948803,0.0,0.114681,0.106595,0.221973,0.0,0.0,0.127548,True,True,False,0.0,False,False,37.155
1160,58.0,4,distraction,distracted,0.98102,0.018668,0.000133,0.0,0.000179,0.98102,0.052377,0.949011,0.0,0.114675,0.106613,0.221818,0.0,0.0,0.127431,True,True,False,0.0,False,False,45.987
1161,58.05,4,distraction,distracted,0.976285,0.023384,0.00014,0.0,0.000191,0.976285,0.04706,0.950062,0.0,0.11467,0.106512,0.221658,0.0,0.0,0.127315,True,True,False,0.0,False,False,37.104
1162,58.1,4,distraction,distracted,0.979302,0.020387,0.000134,0.0,0.000177,0.979302,0.433558,0.875402,0.0,0.116513,0.107246,0.221836,0.0,0.0,0.127208,True,True,False,0.0,False,False,37.209
1163,58.15,4,distraction,distracted,0.984472,0.015244,0.000127,0.0,0.000157,0.984472,0.515093,0.826478,0.0,0.118657,0.107956,0.222069,0.0,0.0,0.127107,True,True,False,0.0,False,False,37.748
1164,58.2,4,distraction,distracted,0.984523,0.015193,0.000129,0.0,0.000155,0.984523,0.545296,0.803934,0.0,0.120885,0.108683,0.222319,0.0,0.0,0.127009,True,True,False,0.0,False,False,37.41
1165,58.25,4,distraction,distracted,0.986221,0.0135,0.00013,0.0,0.000149,0.986221,0.58518,0.814373,0.0,0.123278,0.109476,0.222602,0.0,0.0,0.12691,True,True,False,0.0,False,False,45.989
1166,58.3,4,distraction,distracted,0.986582,0.013124,0.00014,0.0,0.000155,0.986582,0.552962,0.810944,0.0,0.125426,0.110116,0.222859,0.0,0.0,0.126811,True,True,False,0.0,False,False,37.384
1167,58.35,4,distraction,distracted,0.984905,0.014787,0.000145,0.0,0.000163,0.984905,0.523441,0.854117,0.0,0.127532,0.110917,0.223104,0.0,0.0,0.126707,True,True,False,0.0,False,False,37.136
1168,58.4,4,distraction,distracted,0.985418,0.014284,0.000137,0.0,0.00016,0.985418,0.464181,0.892125,0.0,0.129488,0.11157,0.22331,0.0,0.0,0.126599,True,True,False,0.0,False,False,37.327
1169,58.45,4,distraction,distracted,0.982637,0.017054,0.000138,0.0,0.00017,0.982637,0.346386,0.918311,0.0,0.130971,0.112054,0.223418,0.0,0.0,0.126488,True,True,False,0.0,False,False,37.225
1170,58.5,4,distraction,distracted,0.979981,0.019702,0.000137,0.0,0.00018,0.979981,0.162671,0.939445,0.0,0.131574,0.112239,0.223364,0.0,0.0,0.126375,True,True,False,0.0,False,False,46.21
1171,58.55,4,distraction,distracted,0.983057,0.016647,0.000128,0.0,0.000168,0.983057,0.071313,0.949444,0.0,0.131707,0.11217,0.223226,0.0,0.0,0.12626,True,True,False,0.0,False,False,37.084
1172,58.6,4,distraction,distracted,0.984393,0.015323,0.000124,0.0,0.00016,0.984393,0.06542,0.948326,0.0,0.131795,0.112315,0.223083,0.0,0.0,0.126146,True,True,False,0.0,False,False,37.153
1173,58.65,4,distraction,distracted,0.984056,0.01565,0.000131,0.0,0.000163,0.984056,0.450152,0.861299,0.0,0.133684,0.112951,0.223269,0.0,0.0,0.126043,True,True,False,0.0,False,False,37.151
1174,58.7,4,distraction,distracted,0.98466,0.015043,0.000137,0.0,0.00016,0.98466,0.525942,0.804116,0.0,0.135824,0.11366,0.223501,0.0,0.0,0.125946,True,True,False,0.0,False,False,37.785
1175,58.75,4,distraction,distracted,0.983868,0.015822,0.000144,0.0,0.000166,0.983868,0.549356,0.815803,0.0,0.138075,0.114397,0.223754,0.0,0.0,0.125848,True,True,False,0.26973,False,False,46.52
1176,58.8,4,distraction,distracted,0.984699,0.014989,0.000142,0.0,0.000169,0.984699,0.540919,0.82075,0.0,0.1403,0.11502,0.224001,0.0,0.0,0.12575,True,True,False,0.072548,False,False,38.435
1177,58.85,4,distraction,distracted,0.981832,0.017839,0.000143,0.0,0.000186,0.981832,0.471291,0.892645,0.0,0.142351,0.115796,0.224211,0.0,0.0,0.125644,True,True,False,0.303833,False,False,37.527
1178,58.9,4,distraction,distracted,0.973041,0.026577,0.00015,0.0,0.000231,0.973041,0.392585,0.914764,0.0,0.144037,0.116357,0.224357,0.0,0.0,0.125535,True,True,False,0.2267,False,False,37.93
1179,58.95,4,distraction,distracted,0.978715,0.02095,0.000132,0.0,0.000202,0.978715,0.206189,0.937024,0.0,0.14481,0.1166,0.224341,0.0,0.0,0.125423,True,True,False,0.2267,False,False,37.96
1180,59.0,4,distraction,distracted,0.976658,0.023001,0.000134,0.0,0.000206,0.976658,0.098469,0.949424,0.0,0.145047,0.116667,0.224228,0.0,0.0,0.125311,True,True,False,0.17955,False,False,46.823
1181,59.05,4,distraction,distracted,0.973127,0.026514,0.000141,0.0,0.000219,0.973127,0.049318,0.954193,0.0,0.14501,0.116553,0.22407,0.0,0.0,0.125197,True,True,False,0.17955,False,False,37.679
1182,59.1,4,distraction,distracted,0.977724,0.021946,0.000134,0.0,0.000197,0.977724,0.039835,0.955414,0.0,0.144886,0.116642,0.223903,0.0,0.0,0.125084,True,True,False,0.268814,False,False,37.559
1183,59.15,4,distraction,distracted,0.978384,0.021289,0.000137,0.0,0.00019,0.978384,0.038162,0.952893,0.0,0.144775,0.116611,0.223736,0.0,0.0,0.124972,True,True,False,0.268814,False,False,37.718
1184,59.2,4,distraction,distracted,0.978083,0.021596,0.000138,0.0,0.000182,0.978083,0.0393,0.952648,0.0,0.144357,0.116577,0.22357,0.0,0.0,0.12486,True,True,False,0.294907,False,False,37.726
1185,59.25,4,distraction,distracted,0.977418,0.022261,0.000141,0.0,0.00018,0.977418,0.037946,0.952171,0.0,0.144165,0.116507,0.223404,0.0,0.0,0.124747,True,True,False,0.326263,False,False,46.079
1186,59.3,4,distraction,distracted,0.975494,0.024179,0.000143,0.0,0.000184,0.975494,0.039818,0.951237,0.0,0.144085,0.116378,0.223239,0.0,0.0,0.124636,True,True,False,0.0,False,False,37.223
1187,59.35,4,distraction,distracted,0.977872,0.02181,0.00014,0.0,0.000177,0.977872,0.041353,0.951042,0.0,0.144038,0.116325,0.223077,0.0,0.0,0.124524,True,True,False,0.0,False,False,37.069
1188,59.4,4,distraction,distracted,0.98161,0.018087,0.000136,0.0,0.000168,0.98161,0.044712,0.950409,0.0,0.144036,0.115735,0.222917,0.0,0.0,0.124413,True,True,False,0.0,False,False,37.875
1189,59.45,4,distraction,distracted,0.982247,0.017452,0.000136,0.0,0.000165,0.982247,0.041363,0.950175,0.0,0.144026,0.115036,0.222755,0.0,0.0,0.124302,True,True,False,0.0,False,False,37.958
1190,59.5,4,distraction,distracted,0.978667,0.021019,0.000143,0.0,0.000171,0.978667,0.042957,0.94843,0.0,0.144032,0.114291,0.222595,0.0,0.0,0.124191,True,True,False,0.0,False,False,46.468
1191,59.55,4,distraction,distracted,0.967725,0.031914,0.000164,0.0,0.000197,0.967725,0.051202,0.947832,0.0,0.144085,0.114185,0.222443,0.0,0.0,0.124081,True,True,False,0.0,False,False,37.297
1192,59.6,4,distraction,distracted,0.948781,0.050796,0.00019,0.0,0.000233,0.948781,0.051831,0.94709,0.0,0.144021,0.112909,0.222292,0.0,0.0,0.123971,True,True,False,0.0,False,False,37.361
1193,59.65,4,distraction,distracted,0.925274,0.074246,0.000213,0.0,0.000267,0.925274,0.051194,0.946545,0.0,0.143777,0.11232,0.22214,0.0,0.0,0.123861,True,True,False,0.0,False,False,37.301
1194,59.7,4,distraction,distracted,0.942179,0.05739,0.000197,0.0,0.000234,0.942179,0.046822,0.947967,0.0,0.14366,0.111907,0.221985,0.0,0.0,0.123751,True,True,False,0.0,False,False,37.193
1195,59.75,4,distraction,distracted,0.946759,0.052828,0.000191,0.0,0.000222,0.946759,0.053367,0.946883,0.0,0.143394,0.111737,0.221836,0.0,0.0,0.123642,True,True,False,0.0,False,False,45.647
1196,59.8,4,distraction,distracted,0.953362,0.046244,0.000184,0.0,0.000211,0.953362,0.049962,0.947707,0.0,0.143282,0.111633,0.221684,0.0,0.0,0.123532,True,True,False,0.0,False,False,37.208
1197,59.85,4,distraction,distracted,0.943993,0.05558,0.000196,0.0,0.00023,0.943993,0.048956,0.948241,0.0,0.143233,0.111706,0.221531,0.0,0.0,0.123423,True,True,False,0.0,False,False,37.324
1198,59.9,4,distraction,distracted,0.955817,0.043802,0.000177,0.0,0.000204,0.955817,0.059072,0.944898,0.0,0.143273,0.111741,0.221388,0.0,0.0,0.123315,True,True,False,0.0,False,False,37.209
1199,59.95,4,distraction,distracted,0.881201,0.118241,0.000246,0.0,0.000312,0.881201,0.05662,0.944766,0.0,0.143209,0.111763,0.221243,0.0,0.0,0.123206,True,True,True,0.0,False,False,37.135
1200,60.0,4,distraction,distracted,0.818619,0.180735,0.000278,0.0,0.000368,0.818619,0.051723,0.946874,0.0,0.143118,0.111779,0.22086,0.0,0.0,0.122813,True,True,True,0.0,False,False,45.773
1201,60.05,4,distraction,distracted,0.840612,0.158784,0.000265,0.0,0.00034,0.840612,0.052347,0.947433,0.0,0.142987,0.111679,0.220712,0.0,0.0,0.122705,True,True,True,0.0,False,False,37.138
1202,60.1,4,distraction,distracted,0.839385,0.160016,0.000264,0.0,0.000335,0.839385,0.044872,0.9496,0.0,0.142901,0.111803,0.219907,0.0,0.0,0.121828,True,True,True,0.0,False,False,37.023
1203,60.15,4,distraction,distracted,0.817713,0.181659,0.000267,0.0,0.000361,0.817713,0.042936,0.950619,0.0,0.142851,0.111805,0.21975,0.0,0.0,0.121721,True,True,True,0.0,False,False,37.043
1204,60.2,4,distraction,distracted,0.717145,0.282122,0.00029,0.0,0.000443,0.717145,0.043846,0.95036,0.0,0.142826,0.111808,0.218832,0.0,0.0,0.120723,True,True,True,0.0,False,False,37.176
1205,60.25,4,distraction,distracted,0.826224,0.173168,0.000252,0.0,0.000356,0.826224,0.053035,0.946525,0.0,0.142859,0.111822,0.218293,0.0,0.0,0.120158,True,True,True,0.0,False,False,47.153
1206,60.3,4,distraction,distracted,0.887726,0.111758,0.000225,0.0,0.000292,0.887726,0.061349,0.943512,0.0,0.142934,0.111737,0.218156,0.0,0.0,0.120053,True,True,True,0.0,False,False,37.096
1207,60.35,4,distraction,distracted,0.903557,0.095959,0.000217,0.0,0.000267,0.903557,0.060718,0.944617,0.0,0.142995,0.111887,0.217278,0.0,0.0,0.119071,True,True,True,0.0,False,False,37.25
1208,60.4,4,distraction,distracted,0.900097,0.099408,0.000226,0.0,0.000268,0.900097,0.05509,0.946951,0.0,0.143032,0.111905,0.217135,0.0,0.0,0.118966,True,True,True,0.0,False,False,36.97
1209,60.45,4,distraction,distracted,0.850599,0.148835,0.000253,0.0,0.000314,0.850599,0.049017,0.947478,0.0,0.14302,0.11189,0.216267,0.0,0.0,0.118,True,True,True,0.0,False,False,37.29
1210,60.5,4,distraction,distracted,0.825651,0.173748,0.000258,0.0,0.000344,0.825651,0.061247,0.944277,0.0,0.143065,0.111911,0.21575,0.0,0.0,0.117446,True,True,True,0.0,False,False,45.797
1211,60.55,4,distraction,distracted,0.748054,0.251256,0.000283,0.0,0.000407,0.748054,0.053502,0.947309,0.0,0.143085,0.111813,0.215608,0.0,0.0,0.117343,True,True,True,0.0,False,False,37.034
1212,60.6,4,distraction,distracted,0.651734,0.34749,0.000301,0.0,0.000475,0.651734,0.052258,0.947338,0.0,0.143114,0.111872,0.214689,0.0,0.0,0.116322,True,True,True,1.0,False,False,37.168
1213,60.65,4,distraction,distracted,0.780968,0.218381,0.00027,0.0,0.000381,0.780968,0.39444,0.880682,0.0,0.144675,0.112408,0.214836,0.0,0.0,0.116227,True,True,True,1.0,False,False,36.992
1214,60.7,4,distraction,distracted,0.926118,0.073436,0.000208,0.0,0.000238,0.926118,0.507284,0.828491,0.0,0.146695,0.113086,0.214248,0.0,0.0,0.115183,True,True,True,1.0,False,False,37.164
1215,60.75,4,distraction,distracted,0.958529,0.04109,0.000183,0.0,0.000198,0.958529,0.527172,0.823545,0.0,0.148874,0.113781,0.214081,0.0,0.0,0.114617,True,True,True,1.0,False,False,46.031
1216,60.8,4,distraction,distracted,0.967732,0.031915,0.000169,0.0,0.000184,0.967732,0.515035,0.861221,0.0,0.151056,0.114397,0.214321,0.0,0.0,0.114525,True,True,True,0.0,False,False,37.302
1217,60.85,4,distraction,distracted,0.950669,0.048925,0.000184,0.0,0.000223,0.950669,0.477196,0.890195,0.0,0.153076,0.115153,0.213725,0.0,0.0,0.113475,True,True,True,0.0,False,False,37.067
1218,60.9,4,distraction,distracted,0.961913,0.037723,0.000161,0.0,0.000202,0.961913,0.404512,0.908136,0.0,0.154741,0.115706,0.213886,0.0,0.0,0.113379,True,True,True,0.0,False,False,37.155
1219,60.95,4,distraction,distracted,0.96962,0.030035,0.000151,0.0,0.000194,0.96962,0.270109,0.927511,0.0,0.155795,0.116049,0.213117,0.0,0.0,0.112322,True,True,True,0.0,False,False,37.063
1220,61.0,4,distraction,distracted,0.976779,0.022894,0.000143,0.0,0.000184,0.976779,0.135146,0.943396,0.0,0.15618,0.116184,0.212634,0.0,0.0,0.111737,True,True,True,0.0,False,False,45.879
1221,61.05,4,distraction,distracted,0.980766,0.018915,0.000139,0.0,0.000179,0.980766,0.075249,0.948925,0.0,0.1563,0.116115,0.212513,0.0,0.0,0.111639,True,True,True,0.0,False,False,37.159
1222,61.1,4,distraction,distracted,0.983008,0.01668,0.000136,0.0,0.000176,0.983008,0.053319,0.950821,0.0,0.156314,0.11624,0.211529,0.0,0.0,0.110558,True,True,True,0.0,False,False,37.411
1223,61.15,4,distraction,distracted,0.984862,0.014837,0.000131,0.0,0.00017,0.984862,0.045879,0.951972,0.0,0.156276,0.116204,0.211383,0.0,0.0,0.110461,True,True,True,0.0,False,False,37.057
1224,61.2,4,distraction,distracted,0.985573,0.014128,0.00013,0.0,0.000169,0.985573,0.044808,0.949528,0.0,0.156229,0.116171,0.210388,0.0,0.0,0.10938,True,True,True,0.0,False,False,37.206
1225,61.25,4,distraction,distracted,0.985979,0.013722,0.00013,0.0,0.000169,0.985979,0.046409,0.948649,0.0,0.156168,0.116144,0.20982,0.0,0.0,0.108793,True,True,True,0.0,False,False,45.733
1226,61.3,4,distraction,distracted,0.986492,0.013211,0.000129,0.0,0.000168,0.986492,0.054503,0.9471,0.0,0.15617,0.11604,0.209684,0.0,0.0,0.108698,True,True,True,0.0,False,False,37.028
1227,61.35,4,distraction,distracted,0.986625,0.013082,0.000127,0.0,0.000166,0.986625,0.064501,0.945842,0.0,0.156227,0.11617,0.208715,0.0,0.0,0.107631,True,True,True,0.0,False,False,37.088
1228,61.4,4,distraction,distracted,0.986597,0.013113,0.000125,0.0,0.000165,0.986597,0.057444,0.947643,0.0,0.15626,0.116181,0.208582,0.0,0.0,0.107537,True,True,True,0.0,False,False,36.986
1229,61.45,4,distraction,distracted,0.98567,0.014037,0.000124,0.0,0.000169,0.98567,0.050097,0.94943,0.0,0.156268,0.116163,0.207604,0.0,0.0,0.106478,True,True,True,0.0,False,False,37.157
1230,61.5,4,distraction,distracted,0.985476,0.01423,0.000124,0.0,0.000171,0.985476,0.062481,0.947495,0.0,0.156351,0.116173,0.207058,0.0,0.0,0.105903,True,True,True,0.0,False,False,45.886
1231,61.55,4,distraction,distracted,0.98491,0.014799,0.000122,0.0,0.00017,0.98491,0.053445,0.948264,0.0,0.156391,0.116067,0.206924,0.0,0.0,0.10581,True,True,True,0.0,False,False,37.307
1232,61.6,4,distraction,distracted,0.982037,0.017661,0.000123,0.0,0.000179,0.982037,0.049191,0.948989,0.0,0.156401,0.116174,0.205948,0.0,0.0,0.104756,True,True,True,0.0,False,False,37.279
1233,61.65,4,distraction,distracted,0.982171,0.017528,0.000122,0.0,0.00018,0.982171,0.053217,0.947715,0.0,0.156388,0.11619,0.205814,0.0,0.0,0.104664,True,True,True,0.0,False,False,37.246
1234,61.7,4,distraction,distracted,0.982523,0.017181,0.00012,0.0,0.000176,0.982523,0.060505,0.94551,0.0,0.156383,0.116223,0.204854,0.0,0.0,0.103615,True,True,True,0.0,False,False,37.372
1235,61.75,4,distraction,distracted,0.980362,0.019333,0.000122,0.0,0.000183,0.980362,0.055313,0.946923,0.0,0.156353,0.116246,0.20431,0.0,0.0,0.10305,True,True,True,0.0,False,False,45.974
1236,61.8,4,distraction,distracted,0.981556,0.01815,0.000119,0.0,0.000176,0.981556,0.05762,0.946547,0.0,0.15638,0.116147,0.204182,0.0,0.0,0.10296,True,True,True,0.0,False,False,37.075
1237,61.85,4,distraction,distracted,0.983549,0.01616,0.00012,0.0,0.000171,0.983549,0.057958,0.946716,0.0,0.156433,0.116237,0.203229,0.0,0.0,0.101921,True,True,True,0.0,False,False,37.003
1238,61.9,4,distraction,distracted,0.984097,0.015615,0.000119,0.0,0.00017,0.984097,0.052957,0.948089,0.0,0.156453,0.116232,0.203098,0.0,0.0,0.101832,True,True,True,0.0,False,False,37.098
1239,61.95,4,distraction,distracted,0.984395,0.015319,0.000117,0.0,0.000169,0.984395,0.052099,0.94778,0.0,0.156494,0.116206,0.202142,0.0,0.0,0.100795,True,True,True,0.0,False,False,37.096
1240,62.0,4,distraction,distracted,0.984786,0.014929,0.000116,0.0,0.000169,0.984786,0.059348,0.947142,0.0,0.156564,0.116132,0.201608,0.0,0.0,0.100234,True,True,True,0.0,False,False,45.994
1241,62.05,4,distraction,distracted,0.985147,0.014565,0.000118,0.0,0.000171,0.985147,0.065886,0.945834,0.0,0.156681,0.116073,0.20149,0.0,0.0,0.100147,True,True,True,0.0,False,False,37.249
1242,62.1,4,distraction,distracted,0.976177,0.023476,0.000132,0.0,0.000215,0.976177,0.052837,0.948498,0.0,0.156731,0.11605,0.200543,0.0,0.0,0.099114,True,True,True,0.0,False,False,37.326
1243,62.15,4,distraction,distracted,0.976348,0.023323,0.000124,0.0,0.000206,0.976348,0.054331,0.948477,0.0,0.156779,0.116044,0.200415,0.0,0.0,0.099027,True,True,True,0.0,False,False,37.106
1244,62.2,4,distraction,distracted,0.968449,0.031183,0.000132,0.0,0.000237,0.968449,0.051343,0.949214,0.0,0.156821,0.116046,0.199462,0.0,0.0,0.097988,True,True,True,0.0,False,False,37.228
1245,62.25,4,distraction,distracted,0.97094,0.028709,0.000125,0.0,0.000227,0.97094,0.051473,0.948332,0.0,0.156872,0.116003,0.198924,0.0,0.0,0.097427,True,True,True,0.0,False,False,46.073
1246,62.3,4,distraction,distracted,0.973838,0.025827,0.000121,0.0,0.000214,0.973838,0.05046,0.948741,0.0,0.156925,0.11598,0.198794,0.0,0.0,0.097342,True,True,True,0.0,False,False,38.021
1247,62.35,4,distraction,distracted,0.978163,0.021518,0.000118,0.0,0.000201,0.978163,0.052191,0.948126,0.0,0.156977,0.115971,0.197878,0.0,0.0,0.096334,True,True,True,0.0,False,False,37.279
1248,62.4,4,distraction,distracted,0.979845,0.019845,0.000116,0.0,0.000193,0.979845,0.051969,0.948308,0.0,0.157017,0.115958,0.19775,0.0,0.0,0.096249,True,True,True,0.0,False,False,37.876
1249,62.45,4,distraction,distracted,0.976685,0.022993,0.00012,0.0,0.000203,0.976685,0.049679,0.948798,0.0,0.157047,0.115926,0.196867,0.0,0.0,0.095272,True,True,True,0.0,False,False,37.632
1250,62.5,4,distraction,distracted,0.976216,0.023462,0.000119,0.0,0.000203,0.976216,0.052452,0.947234,0.0,0.157014,0.115906,0.196347,0.0,0.0,0.094725,True,True,True,0.0,False,False,46.23
1251,62.55,4,distraction,distracted,0.979439,0.020256,0.000116,0.0,0.00019,0.979439,0.050173,0.947502,0.0,0.156838,0.115888,0.196219,0.0,0.0,0.094642,True,True,True,0.0,False,False,37.349
1252,62.6,4,distraction,distracted,0.979821,0.019878,0.000116,0.0,0.000185,0.979821,0.064042,0.942641,0.0,0.156807,0.115903,0.195329,0.0,0.0,0.093641,True,True,True,0.060074,False,False,37.265
1253,62.65,4,distraction,distracted,0.980249,0.019458,0.000115,0.0,0.000177,0.980249,0.074212,0.941501,0.0,0.156764,0.115933,0.195224,0.0,0.0,0.09356,True,True,True,0.027802,False,False,37.137
1254,62.7,4,distraction,distracted,0.979852,0.019855,0.000117,0.0,0.000176,0.979852,0.074425,0.942668,0.0,0.156785,0.115941,0.194298,0.0,0.0,0.092514,True,True,True,0.027802,False,False,37.318
1255,62.75,4,distraction,distracted,0.977012,0.022684,0.000123,0.0,0.000182,0.977012,0.057512,0.946458,0.0,0.156644,0.115924,0.193766,0.0,0.0,0.091948,True,True,True,0.0,False,False,46.495
1256,62.8,4,distraction,distracted,0.975315,0.024374,0.000131,0.0,0.000181,0.975315,0.055227,0.94671,0.0,0.156373,0.115883,0.193645,0.0,0.0,0.091868,True,True,True,0.0,False,False,37.681
1257,62.85,4,distraction,distracted,0.979341,0.020358,0.000129,0.0,0.000172,0.979341,0.090688,0.938409,0.0,0.156472,0.115901,0.192739,0.0,0.0,0.090828,True,True,True,0.0,False,False,37.829
1258,62.9,4,distraction,distracted,0.978699,0.020988,0.000131,0.0,0.000182,0.978699,0.062615,0.944766,0.0,0.15643,0.115877,0.192626,0.0,0.0,0.090749,True,True,True,0.0,False,False,37.222
1259,62.95,4,distraction,distracted,0.976067,0.023605,0.000133,0.0,0.000194,0.976067,0.070315,0.942371,0.0,0.15639,0.115889,0.191698,0.0,0.0,0.089705,True,True,True,0.0,False,False,37.064
1260,63.0,4,distraction,distracted,0.980703,0.019,0.000125,0.0,0.000172,0.980703,0.073233,0.942522,0.0,0.15644,0.115917,0.191193,0.0,0.0,0.089152,True,True,True,0.0,False,False,45.927
1261,63.05,4,distraction,distracted,0.982478,0.017229,0.000125,0.0,0.000167,0.982478,0.066157,0.943434,0.0,0.156464,0.115945,0.191085,0.0,0.0,0.089075,True,True,True,0.0,False,False,37.122
1262,63.1,4,distraction,distracted,0.974566,0.025087,0.000141,0.0,0.000207,0.974566,0.112285,0.933976,0.0,0.156779,0.116013,0.190156,0.0,0.0,0.087996,True,True,True,0.0,False,False,37.098
1263,63.15,4,distraction,distracted,0.967997,0.031631,0.000143,0.0,0.000229,0.967997,0.127454,0.933509,0.0,0.157206,0.116112,0.190102,0.0,0.0,0.08792,True,True,True,0.0,False,False,37.281
1264,63.2,4,distraction,distracted,0.978509,0.02118,0.000128,0.0,0.000183,0.978509,0.183764,0.924056,0.0,0.15792,0.116322,0.189226,0.0,0.0,0.086838,True,True,True,0.0,False,False,37.146
1265,63.25,4,distraction,distracted,0.982671,0.017039,0.000125,0.0,0.000164,0.982671,0.110152,0.938809,0.0,0.15826,0.116422,0.188722,0.0,0.0,0.08626,True,True,True,0.0,False,False,46.254
1266,63.3,4,distraction,distracted,0.982102,0.017606,0.000129,0.0,0.000163,0.982102,0.081565,0.943345,0.0,0.158464,0.116477,0.188629,0.0,0.0,0.086185,True,True,True,0.0,False,False,37.521
1267,63.35,4,distraction,distracted,0.982214,0.017499,0.00013,0.0,0.000158,0.982214,0.053199,0.948807,0.0,0.158448,0.116489,0.187649,0.0,0.0,0.085116,True,True,True,0.0,False,False,37.499
1268,63.4,4,distraction,distracted,0.979176,0.020524,0.000137,0.0,0.000164,0.979176,0.051426,0.948438,0.0,0.158406,0.116502,0.18753,0.0,0.0,0.085042,True,True,True,0.0,False,False,37.29
1269,63.45,4,distraction,distracted,0.977481,0.022208,0.000142,0.0,0.000168,0.977481,0.06041,0.945035,0.0,0.15844,0.116532,0.186559,0.0,0.0,0.08398,True,True,True,0.0,False,False,36.927
1270,63.5,4,distraction,distracted,0.976671,0.023018,0.000143,0.0,0.000169,0.976671,0.065116,0.944989,0.0,0.158412,0.116571,0.186026,0.0,0.0,0.083416,True,True,True,0.0,False,False,46.029
1271,63.55,4,distraction,distracted,0.968525,0.031127,0.00016,0.0,0.000188,0.968525,0.067144,0.944635,0.0,0.158269,0.116608,0.185923,0.0,0.0,0.083344,True,True,True,0.0,False,False,37.348
1272,63.6,4,distraction,distracted,0.962339,0.037294,0.000169,0.0,0.000198,0.962339,0.065327,0.944963,0.0,0.158301,0.116638,0.184962,0.0,0.0,0.08229,True,True,True,0.0,False,False,37.088
1273,63.65,4,distraction,distracted,0.965492,0.034153,0.000166,0.0,0.000189,0.965492,0.069545,0.9433,0.0,0.158387,0.11654,0.184862,0.0,0.0,0.082219,True,True,True,0.0,False,False,37.185
1274,63.7,4,distraction,distracted,0.97495,0.024731,0.000152,0.0,0.000168,0.97495,0.081506,0.940868,0.0,0.158498,0.115956,0.183918,0.0,0.0,0.081168,True,True,True,0.0,False,False,37.112
1275,63.75,4,distraction,distracted,0.973889,0.025783,0.000156,0.0,0.000172,0.973889,0.090398,0.938898,0.0,0.158557,0.115328,0.183415,0.0,0.0,0.080613,True,True,True,0.0,False,False,46.007
1276,63.8,4,distraction,distracted,0.971401,0.028258,0.000162,0.0,0.000179,0.971401,0.084254,0.942653,0.0,0.158607,0.11475,0.183329,0.0,0.0,0.080544,True,True,True,0.0,False,False,37.254
1277,63.85,4,distraction,distracted,0.970732,0.028923,0.000165,0.0,0.00018,0.970732,0.197598,0.93005,0.0,0.159222,0.114623,0.182496,0.0,0.0,0.079505,True,True,True,0.0,False,False,37.176
1278,63.9,4,distraction,distracted,0.969784,0.029863,0.00017,0.0,0.000183,0.969784,0.169433,0.93963,0.0,0.159723,0.114728,0.182485,0.0,0.0,0.079436,True,True,True,0.0,False,False,36.981
1279,63.95,4,distraction,distracted,0.969006,0.03064,0.000167,0.0,0.000187,0.969006,0.114029,0.945968,0.0,0.159895,0.114828,0.18158,0.0,0.0,0.078396,True,True,True,0.0,False,False,37.04
1280,64.0,4,distraction,distracted,0.971621,0.028042,0.000153,0.0,0.000184,0.971621,0.231687,0.926639,0.0,0.160618,0.115142,0.181198,0.0,0.0,0.077843,True,True,True,0.0,False,False,45.776
1281,64.05,4,distraction,distracted,0.966542,0.033099,0.000159,0.0,0.0002,0.966542,0.122029,0.944809,0.0,0.16087,0.11467,0.181147,0.0,0.0,0.077776,True,True,True,0.0,False,False,37.704
1282,64.1,4,distraction,distracted,0.975722,0.023966,0.000138,0.0,0.000174,0.975722,0.076952,0.950436,0.0,0.160441,0.114606,0.180639,0.0,0.0,0.077227,True,True,True,0.0,False,False,37.137
1283,64.15,4,distraction,distracted,0.973757,0.025913,0.000142,0.0,0.000189,0.973757,0.052397,0.950394,0.0,0.160913,0.113326,0.179689,0.0,0.0,0.076192,True,True,True,1.0,False,False,37.235
1284,64.2,4,distraction,distracted,0.976533,0.023145,0.000134,0.0,0.000187,0.976533,0.044029,0.952162,0.0,0.160828,0.11267,0.179151,0.0,0.0,0.075639,True,True,True,1.0,False,False,37.032
1285,64.25,4,distraction,distracted,0.966115,0.033503,0.000149,0.0,0.000233,0.966115,0.038462,0.953296,0.0,0.160588,0.112259,0.178608,0.0,0.0,0.075088,True,True,True,1.0,False,False,46.029
1286,64.3,4,distraction,distracted,0.950232,0.049315,0.000161,0.0,0.000292,0.950232,0.039453,0.952228,0.0,0.160368,0.112138,0.178487,0.0,0.0,0.075023,True,True,True,1.0,False,False,37.449
1287,64.35,4,distraction,distracted,0.977068,0.022609,0.000128,0.0,0.000195,0.977068,0.377285,0.895553,0.0,0.161412,0.11256,0.178233,0.0,0.0,0.074479,True,True,True,1.0,False,False,37.443
1288,64.4,4,distraction,distracted,0.98409,0.015611,0.000128,0.0,0.000171,0.98409,0.50514,0.832431,0.0,0.163888,0.113368,0.177689,0.0,0.0,0.073491,True,True,True,1.0,False,False,37.079
1289,64.45,4,distraction,distracted,0.985794,0.013911,0.00013,0.0,0.000165,0.985794,0.51003,0.839527,0.0,0.165916,0.114086,0.177571,0.0,0.0,0.07299,True,True,True,1.0,False,False,37.256
1290,64.5,4,distraction,distracted,0.986688,0.013019,0.000131,0.0,0.000162,0.986688,0.497725,0.862743,0.0,0.167922,0.1148,0.177429,0.0,0.0,0.072465,True,True,True,1.0,False,False,45.807
1291,64.55,4,distraction,distracted,0.985859,0.013834,0.000137,0.0,0.000169,0.985859,0.404557,0.909724,0.0,0.169533,0.115386,0.177618,0.0,0.0,0.072405,True,True,True,0.0,False,False,37.444
1292,64.6,4,distraction,distracted,0.986587,0.013112,0.000135,0.0,0.000166,0.986587,0.226791,0.93287,0.0,0.169821,0.115571,0.177262,0.0,0.0,0.071873,True,True,True,0.0,False,False,37.88
1293,64.65,4,distraction,distracted,0.985805,0.013885,0.00014,0.0,0.00017,0.985805,0.090277,0.947817,0.0,0.168602,0.11575,0.176371,0.0,0.0,0.070847,True,True,True,0.0,False,False,37.601
1294,64.7,4,distraction,distracted,0.985191,0.014502,0.000139,0.0,0.000167,0.985191,0.045801,0.952669,0.0,0.166402,0.115745,0.175835,0.0,0.0,0.07029,True,True,True,0.0,False,False,37.59
1295,64.75,4,distraction,distracted,0.985743,0.013956,0.000138,0.0,0.000163,0.985743,0.040466,0.953269,0.0,0.164046,0.115736,0.175295,0.0,0.0,0.069733,True,True,True,0.0,False,False,46.094
1296,64.8,4,distraction,distracted,0.985555,0.014144,0.000139,0.0,0.000162,0.985555,0.043594,0.952026,0.0,0.161721,0.115738,0.175181,0.0,0.0,0.069672,True,True,True,0.0,False,False,37.065
1297,64.85,4,distraction,distracted,0.984559,0.015137,0.000138,0.0,0.000165,0.984559,0.04399,0.950452,0.0,0.16112,0.115617,0.174648,0.0,0.0,0.069119,True,True,True,0.0,False,False,36.932
1298,64.9,4,distraction,distracted,0.98316,0.016532,0.000138,0.0,0.000169,0.98316,0.050562,0.947955,0.0,0.157641,0.115762,0.1737,0.0,0.0,0.068071,True,True,True,0.0,False,False,37.075
1299,64.95,4,distraction,distracted,0.980145,0.019535,0.000142,0.0,0.000178,0.980145,0.047489,0.95011,0.0,0.156493,0.115775,0.173169,0.0,0.0,0.067516,True,True,True,0.0,False,False,37.047
1300,65.0,4,distraction,distracted,0.981922,0.017764,0.00014,0.0,0.000174,0.981922,0.049774,0.949294,0.0,0.15618,0.115791,0.172652,0.0,0.0,0.066973,True,True,True,0.0,False,False,45.679
1301,65.05,4,distraction,distracted,0.983573,0.016122,0.000137,0.0,0.000168,0.983573,0.050092,0.94897,0.0,0.156177,0.115803,0.172546,0.0,0.0,0.066915,True,True,True,0.0,False,False,37.132
1302,65.1,4,distraction,distracted,0.984467,0.015234,0.000134,0.0,0.000165,0.984467,0.047576,0.948434,0.0,0.155625,0.115688,0.172009,0.0,0.0,0.066354,True,True,True,0.0,False,False,36.851
1303,65.15,4,distraction,distracted,0.98111,0.018577,0.000137,0.0,0.000177,0.98111,0.04343,0.94976,0.0,0.154489,0.115815,0.171006,0.0,0.0,0.065261,True,True,True,0.0,False,False,37.087
1304,65.2,4,distraction,distracted,0.976101,0.023567,0.000142,0.0,0.00019,0.976101,0.044148,0.948545,0.0,0.152341,0.115819,0.170452,0.0,0.0,0.06469,True,True,True,0.0,False,False,36.659
1305,65.25,4,distraction,distracted,0.98004,0.01965,0.000134,0.0,0.000175,0.98004,0.042068,0.949478,0.0,0.149986,0.11582,0.169898,0.0,0.0,0.064122,True,True,True,0.0,False,False,45.687
1306,65.3,4,distraction,distracted,0.982443,0.017261,0.00013,0.0,0.000166,0.982443,0.045786,0.949168,0.0,0.147234,0.11583,0.169791,0.0,0.0,0.064067,True,True,True,0.0,False,False,37.096
1307,65.35,4,distraction,distracted,0.981617,0.018085,0.000131,0.0,0.000167,0.981617,0.050753,0.946137,0.0,0.146745,0.11572,0.169248,0.0,0.0,0.063503,True,True,True,0.0,False,False,37.222
1308,65.4,4,distraction,distracted,0.982979,0.01673,0.000129,0.0,0.000163,0.982979,0.050726,0.946252,0.0,0.140847,0.115866,0.168266,0.0,0.0,0.062435,True,True,True,0.0,False,False,37.58
1309,65.45,4,distraction,distracted,0.983534,0.016176,0.000128,0.0,0.000161,0.983534,0.052692,0.946315,0.0,0.137598,0.115884,0.167728,0.0,0.0,0.061877,True,True,True,0.0,False,False,37.309
1310,65.5,4,distraction,distracted,0.983474,0.01623,0.000131,0.0,0.000166,0.983474,0.057521,0.94428,0.0,0.134357,0.115902,0.167197,0.0,0.0,0.061323,True,True,True,0.0,False,False,46.147
1311,65.55,4,distraction,distracted,0.982482,0.017216,0.000131,0.0,0.000171,0.982482,0.063438,0.941701,0.0,0.131728,0.115923,0.167108,0.0,0.0,0.061271,True,True,True,0.0,False,False,37.313
1312,65.6,4,distraction,distracted,0.979299,0.020385,0.000134,0.0,0.000182,0.979299,0.060267,0.943736,0.0,0.131369,0.115829,0.166581,0.0,0.0,0.060719,True,True,True,0.0,False,False,37.039
1313,65.65,4,distraction,distracted,0.974092,0.025572,0.000139,0.0,0.000198,0.974092,0.058302,0.945431,0.0,0.128429,0.115842,0.165616,0.0,0.0,0.059666,True,True,True,0.0,False,False,37.138
1314,65.7,4,distraction,distracted,0.976209,0.023467,0.000134,0.0,0.00019,0.976209,0.056741,0.945382,0.0,0.128129,0.115228,0.165086,0.0,0.0,0.059115,True,True,True,0.0,False,False,36.917
1315,65.75,4,distraction,distracted,0.967346,0.032292,0.000145,0.0,0.000217,0.967346,0.07067,0.941844,0.0,0.128203,0.114558,0.164572,0.0,0.0,0.058567,True,True,True,0.0,False,False,46.064
1316,65.8,4,distraction,distracted,0.976427,0.023261,0.000131,0.0,0.000181,0.976427,0.07126,0.940996,0.0,0.12834,0.113833,0.164493,0.0,0.0,0.058517,True,True,True,0.0,False,False,37.128
1317,65.85,4,distraction,distracted,0.981997,0.017713,0.000127,0.0,0.000163,0.981997,0.05719,0.945075,0.0,0.127981,0.113737,0.16397,0.0,0.0,0.057973,True,True,True,0.035698,False,False,36.933
1318,65.9,4,distraction,distracted,0.974296,0.025375,0.000141,0.0,0.000188,0.974296,0.051427,0.948341,0.0,0.128507,0.112069,0.163014,0.0,0.0,0.056936,True,True,True,0.0,False,False,37.111
1319,65.95,4,distraction,distracted,0.966259,0.033381,0.000148,0.0,0.000212,0.966259,0.044638,0.949294,0.0,0.128549,0.111165,0.162484,0.0,0.0,0.056395,True,True,True,0.0,False,False,37.252
1320,66.0,4,distraction,distracted,0.97618,0.023504,0.000133,0.0,0.000183,0.97618,0.044052,0.950395,0.0,0.128578,0.110382,0.16195,0.0,0.0,0.05585,True,True,True,0.0,False,False,46.504
1321,66.05,4,distraction,distracted,0.981856,0.017849,0.000128,0.0,0.000167,0.981856,0.041673,0.951132,0.0,0.128537,0.109722,0.161846,0.0,0.0,0.055801,True,True,True,0.0,False,False,38.058
1322,66.1,4,distraction,distracted,0.981595,0.018103,0.000132,0.0,0.00017,0.981595,0.040491,0.951432,0.0,0.128091,0.109605,0.161313,0.0,0.0,0.05526,True,True,True,0.0,False,False,37.299
1323,66.15,4,distraction,distracted,0.981454,0.018245,0.000131,0.0,0.000171,0.981454,0.039201,0.951753,0.0,0.128239,0.109202,0.16035,0.0,0.0,0.054222,True,True,True,0.0,False,False,37.414
1324,66.2,4,distraction,distracted,0.98079,0.018905,0.000131,0.0,0.000174,0.98079,0.040081,0.950323,0.0,0.128097,0.109185,0.159816,0.0,0.0,0.053678,True,True,True,0.0,False,False,38.026
1325,66.25,4,distraction,distracted,0.978821,0.020863,0.000133,0.0,0.000183,0.978821,0.041925,0.949379,0.0,0.128055,0.109184,0.159286,0.0,0.0,0.053137,True,True,True,0.0,False,False,46.187
1326,66.3,4,distraction,distracted,0.982461,0.017241,0.000127,0.0,0.000171,0.982461,0.063906,0.942231,0.0,0.128153,0.109226,0.159205,0.0,0.0,0.053091,True,True,True,0.0,False,False,37.891
1327,66.35,4,distraction,distracted,0.984005,0.015694,0.000129,0.0,0.000171,0.984005,0.050674,0.946206,0.0,0.127762,0.109128,0.158684,0.0,0.0,0.052551,True,True,True,0.0,False,False,37.298
1328,66.4,4,distraction,distracted,0.984654,0.015045,0.000128,0.0,0.000172,0.984654,0.044036,0.948048,0.0,0.128176,0.109215,0.157782,0.0,0.0,0.051561,True,True,True,0.0,False,False,37.163
1329,66.45,4,distraction,distracted,0.985208,0.01449,0.000128,0.0,0.000174,0.985208,0.045096,0.946641,0.0,0.128134,0.109203,0.157309,0.0,0.0,0.051066,True,True,True,0.0,False,False,36.976
1330,66.5,4,distraction,distracted,0.986107,0.013593,0.000128,0.0,0.000173,0.986107,0.041922,0.9477,0.0,0.12808,0.109158,0.156806,0.0,0.0,0.050546,True,True,True,0.0,False,False,45.939
1331,66.55,4,distraction,distracted,0.986962,0.01274,0.000128,0.0,0.000171,0.986962,0.040867,0.947983,0.0,0.128013,0.109116,0.156707,0.0,0.0,0.050502,True,True,True,0.0,False,False,37.14
1332,66.6,4,distraction,distracted,0.985849,0.013848,0.000129,0.0,0.000174,0.985849,0.04158,0.948193,0.0,0.127576,0.109002,0.156201,0.0,0.0,0.049978,True,True,True,0.0,False,False,36.774
1333,66.65,4,distraction,distracted,0.986752,0.012951,0.000128,0.0,0.000169,0.986752,0.039726,0.949264,0.0,0.127958,0.109087,0.155277,0.0,0.0,0.048963,True,True,True,0.0,False,False,37.374
1334,66.7,4,distraction,distracted,0.986975,0.012729,0.000128,0.0,0.000168,0.986975,0.038831,0.950063,0.0,0.127921,0.109078,0.154744,0.0,0.0,0.048414,True,True,True,0.0,False,False,37.0
1335,66.75,4,distraction,distracted,0.987409,0.012294,0.000129,0.0,0.000168,0.987409,0.04044,0.948659,0.0,0.127902,0.109074,0.154213,0.0,0.0,0.047865,True,True,True,0.048887,False,False,45.937
1336,66.8,4,distraction,distracted,0.987969,0.011734,0.000131,0.0,0.000166,0.987969,0.040161,0.949271,0.0,0.12788,0.109062,0.154115,0.0,0.0,0.047824,True,True,True,0.0,False,False,37.266
1337,66.85,4,distraction,distracted,0.98809,0.011612,0.000132,0.0,0.000166,0.98809,0.040585,0.949747,0.0,0.127438,0.108947,0.153583,0.0,0.0,0.047275,True,True,True,0.0,False,False,37.132
1338,66.9,4,distraction,distracted,0.988141,0.01156,0.000134,0.0,0.000165,0.988141,0.043083,0.94948,0.0,0.126013,0.109045,0.152618,0.0,0.0,0.046217,True,True,True,0.0,False,False,37.058
1339,66.95,4,distraction,distracted,0.988279,0.011431,0.000131,0.0,0.00016,0.988279,0.047048,0.947149,0.0,0.123981,0.109039,0.152093,0.0,0.0,0.045669,True,True,True,0.0,False,False,36.999
1340,67.0,4,distraction,distracted,0.983919,0.015766,0.000141,0.0,0.000175,0.983919,0.044239,0.949333,0.0,0.122034,0.109032,0.151679,0.0,0.0,0.045227,True,True,True,0.0,False,False,45.876
1341,67.05,4,distraction,distracted,0.984026,0.015668,0.000135,0.0,0.000171,0.984026,0.043476,0.949717,0.0,0.120567,0.109018,0.151586,0.0,0.0,0.045188,True,True,True,0.0,False,False,37.3
1342,67.1,4,distraction,distracted,0.982643,0.017048,0.000137,0.0,0.000172,0.982643,0.043595,0.949663,0.0,0.120178,0.108908,0.151263,0.0,0.0,0.044832,True,True,True,0.0,False,False,37.006
1343,67.15,4,distraction,distracted,0.98152,0.01816,0.000142,0.0,0.000178,0.98152,0.042059,0.949658,0.0,0.11962,0.108982,0.151074,0.0,0.0,0.044869,True,True,True,0.0,False,False,37.127
1344,67.2,4,distraction,distracted,0.983297,0.016391,0.000138,0.0,0.000174,0.983297,0.041498,0.950589,0.0,0.119563,0.108951,0.15106,0.0,0.0,0.044869,True,True,True,0.0,False,False,37.249
1345,67.25,4,distraction,distracted,0.983393,0.016298,0.000138,0.0,0.000171,0.983393,0.044475,0.949806,0.0,0.119547,0.108925,0.151061,0.0,0.0,0.04487,True,True,True,0.0,False,False,45.771
1346,67.3,4,distraction,distracted,0.983356,0.016339,0.000137,0.0,0.000169,0.983356,0.047159,0.949628,0.0,0.119541,0.108905,0.150972,0.0,0.0,0.044831,True,True,True,0.0,False,False,37.062
1347,67.35,4,distraction,distracted,0.982856,0.016835,0.000139,0.0,0.00017,0.982856,0.042961,0.950299,0.0,0.119154,0.108793,0.150666,0.0,0.0,0.044828,True,True,True,0.0,False,False,36.937
1348,67.4,4,distraction,distracted,0.982723,0.016969,0.000138,0.0,0.00017,0.982723,0.043116,0.949872,0.0,0.119505,0.108861,0.149936,0.0,0.0,0.04439,True,True,True,0.0,False,False,37.077
1349,67.45,4,distraction,distracted,0.983186,0.016507,0.000137,0.0,0.000169,0.983186,0.045381,0.948651,0.0,0.119438,0.108809,0.149417,0.0,0.0,0.043846,True,True,True,0.0,False,False,37.234
1350,67.5,4,distraction,distracted,0.982612,0.017083,0.000135,0.0,0.00017,0.982612,0.042929,0.949233,0.0,0.117644,0.108752,0.148866,0.0,0.0,0.043273,True,True,True,0.0,False,False,46.084
1351,67.55,4,distraction,distracted,0.984078,0.015624,0.000132,0.0,0.000166,0.984078,0.044,0.948677,0.0,0.115544,0.108702,0.148776,0.0,0.0,0.043236,True,True,True,0.0,False,False,37.067
1352,67.6,4,distraction,distracted,0.983093,0.016608,0.000132,0.0,0.000167,0.983093,0.044702,0.948394,0.0,0.115186,0.108594,0.148216,0.0,0.0,0.042655,True,True,True,0.0,False,False,37.026
1353,67.65,4,distraction,distracted,0.983955,0.015751,0.000131,0.0,0.000164,0.983955,0.046511,0.947866,0.0,0.111519,0.10861,0.147181,0.0,0.0,0.041527,True,True,True,0.0,False,False,37.291
1354,67.7,4,distraction,distracted,0.984593,0.015121,0.000128,0.0,0.000159,0.984593,0.05441,0.945566,0.0,0.110392,0.108587,0.146632,0.0,0.0,0.040951,True,True,True,0.0,False,False,37.464
1355,67.75,4,distraction,distracted,0.983472,0.016237,0.000131,0.0,0.00016,0.983472,0.055526,0.947055,0.0,0.109946,0.10855,0.146087,0.0,0.0,0.04038,True,True,True,0.0,False,False,45.855
1356,67.8,4,distraction,distracted,0.983109,0.016597,0.000133,0.0,0.00016,0.983109,0.065334,0.945383,0.0,0.109952,0.108546,0.146018,0.0,0.0,0.040345,True,True,True,0.0,False,False,36.973
1357,67.85,4,distraction,distracted,0.981848,0.017853,0.000137,0.0,0.000162,0.981848,0.054367,0.948119,0.0,0.109671,0.108455,0.145474,0.0,0.0,0.039778,True,True,True,0.0,False,False,36.914
1358,67.9,4,distraction,distracted,0.981803,0.017901,0.000136,0.0,0.00016,0.981803,0.051341,0.94817,0.0,0.109949,0.108507,0.144469,0.0,0.0,0.038685,True,True,True,0.0,False,False,37.284
1359,67.95,4,distraction,distracted,0.977107,0.022578,0.000146,0.0,0.00017,0.977107,0.050462,0.948296,0.0,0.10986,0.108498,0.143931,0.0,0.0,0.038129,True,True,True,0.0,False,False,37.544
1360,68.0,4,distraction,distracted,0.968943,0.03071,0.00016,0.0,0.000187,0.968943,0.044948,0.949682,0.0,0.109822,0.108488,0.143389,0.0,0.0,0.037573,True,True,True,0.0,False,False,46.156
1361,68.05,4,distraction,distracted,0.955149,0.044456,0.000183,0.0,0.000212,0.955149,0.048944,0.949998,0.0,0.109831,0.108486,0.143308,0.0,0.0,0.037541,True,True,True,0.0,False,False,37.145
1362,68.1,4,distraction,distracted,0.928552,0.070973,0.00022,0.0,0.000254,0.928552,0.052608,0.949056,0.0,0.109543,0.108392,0.142778,0.0,0.0,0.036991,True,True,True,0.0,False,False,37.251
1363,68.15,4,distraction,distracted,0.935116,0.064425,0.000217,0.0,0.000242,0.935116,0.060012,0.947457,0.0,0.105989,0.108492,0.141805,0.0,0.0,0.035928,True,True,True,0.0,False,False,38.164
1364,68.2,4,distraction,distracted,0.94083,0.058729,0.000211,0.0,0.00023,0.94083,0.096445,0.940904,0.0,0.104057,0.108568,0.141317,0.0,0.0,0.035383,True,True,True,0.0,False,False,37.758
1365,68.25,4,distraction,distracted,0.915032,0.084463,0.000242,0.0,0.000264,0.915032,0.069232,0.94545,0.0,0.101793,0.108596,0.140809,0.0,0.0,0.034842,True,True,True,0.0,False,False,46.236
1366,68.3,4,distraction,distracted,0.89332,0.10613,0.000262,0.0,0.000289,0.89332,0.065315,0.945718,0.0,0.09966,0.108616,0.140744,0.0,0.0,0.034812,True,True,True,0.0,False,False,37.656
1367,68.35,4,distraction,distracted,0.900969,0.0985,0.000254,0.0,0.000277,0.900969,0.052777,0.947523,0.0,0.099425,0.108522,0.140226,0.0,0.0,0.034276,True,True,True,0.0,False,False,38.193
1368,68.4,4,distraction,distracted,0.887535,0.111911,0.000265,0.0,0.000289,0.887535,0.048783,0.948972,0.0,0.095509,0.108635,0.139276,0.0,0.0,0.033249,True,True,True,0.0,False,False,37.967
1369,68.45,4,distraction,distracted,0.885889,0.113559,0.000266,0.0,0.000286,0.885889,0.048508,0.949341,0.0,0.094046,0.108644,0.138758,0.0,0.0,0.032715,True,True,True,0.0,False,False,37.869
1370,68.5,4,distraction,distracted,0.885508,0.113945,0.000268,0.0,0.000279,0.885508,0.048728,0.948813,0.0,0.093474,0.108652,0.13824,0.0,0.0,0.032181,True,True,True,0.0,False,False,46.66
1371,68.55,4,distraction,distracted,0.878697,0.120743,0.000276,0.0,0.000284,0.878697,0.05307,0.947945,0.0,0.093382,0.108669,0.138167,0.0,0.0,0.032154,True,True,True,0.0,False,False,38.556
1372,68.6,4,distraction,distracted,0.901627,0.097854,0.000259,0.0,0.00026,0.901627,0.054019,0.94728,0.0,0.093185,0.108577,0.137661,0.0,0.0,0.031626,True,True,True,0.0,False,False,37.124
1373,68.65,4,distraction,distracted,0.893843,0.105625,0.000264,0.0,0.000268,0.893843,0.048351,0.948662,0.0,0.091463,0.108703,0.136807,0.0,0.0,0.030684,True,True,True,0.0,False,False,37.098
1374,68.7,4,distraction,distracted,0.887056,0.112397,0.000269,0.0,0.000278,0.887056,0.047011,0.949049,0.0,0.089382,0.108711,0.136421,0.0,0.0,0.030276,True,True,True,0.0,False,False,37.07
1375,68.75,4,distraction,distracted,0.914548,0.084958,0.000246,0.0,0.000249,0.914548,0.047544,0.948559,0.0,0.087178,0.108715,0.136065,0.0,0.0,0.029892,True,True,True,0.0,False,False,45.945
1376,68.8,4,distraction,distracted,0.910861,0.088639,0.000248,0.0,0.000251,0.910861,0.050465,0.947267,0.0,0.085017,0.108727,0.135992,0.0,0.0,0.029866,True,True,True,0.0,False,False,37.135
1377,68.85,4,distraction,distracted,0.88759,0.111861,0.000271,0.0,0.000278,0.88759,0.049765,0.948456,0.0,0.084841,0.108627,0.135665,0.0,0.0,0.029504,True,True,True,0.0,False,False,37.081
1378,68.9,4,distraction,distracted,0.876168,0.123263,0.000281,0.0,0.000288,0.876168,0.0537,0.946754,0.0,0.081361,0.108765,0.135266,0.0,0.0,0.029211,True,True,True,0.0,False,False,37.141
1379,68.95,4,distraction,distracted,0.902289,0.097193,0.000259,0.0,0.000259,0.902289,0.049007,0.947755,0.0,0.080578,0.10877,0.135161,0.0,0.0,0.029211,True,True,True,0.0,False,False,36.886
1380,69.0,4,distraction,distracted,0.91858,0.080925,0.000251,0.0,0.000244,0.91858,0.046118,0.949165,0.0,0.080314,0.108765,0.135111,0.0,0.0,0.029211,True,True,True,0.0,False,False,46.172
1381,69.05,4,distraction,distracted,0.929185,0.070336,0.000245,0.0,0.000233,0.929185,0.044606,0.948784,0.0,0.080291,0.108753,0.135034,0.0,0.0,0.029186,True,True,True,0.0,False,False,37.146
1382,69.1,4,distraction,distracted,0.910986,0.08849,0.000267,0.0,0.000257,0.910986,0.045136,0.949985,0.0,0.080115,0.108645,0.135015,0.0,0.0,0.029186,True,True,True,0.0,False,False,37.406
1383,69.15,4,distraction,distracted,0.910549,0.088935,0.000262,0.0,0.000255,0.910549,0.135196,0.932576,0.0,0.080804,0.108892,0.135123,0.0,0.0,0.029211,True,True,True,0.0,False,False,37.294
1384,69.2,4,distraction,distracted,0.892539,0.10691,0.000282,0.0,0.000269,0.892539,0.081313,0.943926,0.0,0.081016,0.108949,0.135136,0.0,0.0,0.029211,True,True,True,0.0,False,False,37.471
1385,69.25,4,distraction,distracted,0.817575,0.181758,0.000336,0.0,0.000332,0.817575,0.066584,0.946199,0.0,0.081161,0.108978,0.135141,0.0,0.0,0.029211,True,True,True,0.0,False,False,46.342
1386,69.3,4,distraction,distracted,0.872781,0.126633,0.0003,0.0,0.000286,0.872781,0.069674,0.945084,0.0,0.081312,0.109016,0.135085,0.0,0.0,0.029186,True,True,True,0.0,False,False,37.51
1387,69.35,4,distraction,distracted,0.851307,0.148067,0.000317,0.0,0.000309,0.851307,0.058956,0.946745,0.0,0.0812,0.108932,0.135091,0.0,0.0,0.029186,True,True,True,0.0,False,False,37.122
1388,69.4,4,distraction,distracted,0.885503,0.113915,0.00029,0.0,0.000291,0.885503,0.056454,0.94747,0.0,0.081461,0.108969,0.135162,0.0,0.0,0.029211,True,True,True,0.0,False,False,37.165
1389,69.45,4,distraction,distracted,0.874431,0.124967,0.000294,0.0,0.000308,0.874431,0.058683,0.947028,0.0,0.081549,0.108963,0.135123,0.0,0.0,0.029211,True,True,True,0.0,False,False,37.252
1390,69.5,4,distraction,distracted,0.916391,0.083083,0.000258,0.0,0.000268,0.916391,0.06165,0.944742,0.0,0.081643,0.108974,0.134839,0.0,0.0,0.02921,True,True,True,0.0,False,False,46.006
1391,69.55,4,distraction,distracted,0.909414,0.09005,0.000256,0.0,0.000279,0.909414,0.050253,0.94764,0.0,0.081639,0.10897,0.134767,0.0,0.0,0.029185,True,True,True,0.0,False,False,37.041
1392,69.6,4,distraction,distracted,0.87731,0.122105,0.000268,0.0,0.000318,0.87731,0.052027,0.947393,0.0,0.08149,0.108875,0.134409,0.0,0.0,0.029181,True,True,True,0.0,False,False,37.058
1393,69.65,4,distraction,distracted,0.915195,0.08429,0.000235,0.0,0.000281,0.915195,0.064991,0.944901,0.0,0.081709,0.108998,0.133684,0.0,0.0,0.0292,True,True,True,0.0,False,False,36.956
1394,69.7,4,distraction,distracted,0.853164,0.146205,0.000267,0.0,0.000364,0.853164,0.061313,0.94554,0.0,0.081782,0.109028,0.133323,0.0,0.0,0.029197,True,True,True,0.0,False,False,37.067
1395,69.75,4,distraction,distracted,0.881566,0.11787,0.000232,0.0,0.000331,0.881566,0.061495,0.944835,0.0,0.081823,0.109054,0.132996,0.0,0.0,0.029196,True,True,True,0.0,False,False,45.91
1396,69.8,4,distraction,distracted,0.907239,0.09225,0.000207,0.0,0.000304,0.907239,0.048393,0.947927,0.0,0.081815,0.109059,0.132924,0.0,0.0,0.029171,True,True,True,0.0,False,False,37.308
1397,69.85,4,distraction,distracted,0.920252,0.079271,0.000191,0.0,0.000286,0.920252,0.042203,0.950054,0.0,0.081617,0.108946,0.132644,0.0,0.0,0.02917,True,True,True,0.0,False,False,36.817
1398,69.9,4,distraction,distracted,0.915412,0.084105,0.000189,0.0,0.000293,0.915412,0.044583,0.949414,0.0,0.081707,0.109057,0.132535,0.0,0.0,0.029195,True,True,True,0.0,False,False,37.195
1399,69.95,4,distraction,distracted,0.914972,0.084544,0.000188,0.0,0.000296,0.914972,0.045779,0.948663,0.0,0.081652,0.109061,0.132528,0.0,0.0,0.029195,True,True,True,0.0,False,False,37.038
1400,70.0,4,distraction,distracted,0.956296,0.043316,0.000161,0.0,0.000226,0.956296,0.045839,0.947018,0.0,0.081623,0.109068,0.132527,0.0,0.0,0.029195,True,True,True,0.0,False,False,46.001
1401,70.05,4,distraction,distracted,0.958283,0.041342,0.000159,0.0,0.000216,0.958283,0.045365,0.948108,0.0,0.081587,0.109074,0.132453,0.0,0.0,0.02917,True,True,True,0.0,False,False,37.147
1402,70.1,4,distraction,distracted,0.949748,0.04986,0.000164,0.0,0.000227,0.949748,0.045064,0.949643,0.0,0.081404,0.108966,0.132451,0.0,0.0,0.02917,True,True,True,0.0,False,False,37.016
1403,70.15,4,distraction,distracted,0.959681,0.039953,0.000155,0.0,0.000211,0.959681,0.048621,0.949642,0.0,0.081617,0.109086,0.132489,0.0,0.0,0.029195,True,True,True,0.0,False,False,37.0
1404,70.2,4,distraction,distracted,0.950933,0.048677,0.000161,0.0,0.000229,0.950933,0.046135,0.949259,0.0,0.081629,0.109087,0.132477,0.0,0.0,0.029195,True,True,True,0.0,False,False,37.338
1405,70.25,4,distraction,distracted,0.967386,0.032265,0.000148,0.0,0.000201,0.967386,0.05743,0.946606,0.0,0.081651,0.109075,0.132481,0.0,0.0,0.029195,True,True,True,0.0,False,False,46.007
1406,70.3,4,distraction,distracted,0.972934,0.026732,0.000141,0.0,0.000193,0.972934,0.050824,0.948708,0.0,0.081598,0.109066,0.132411,0.0,0.0,0.02917,True,True,True,0.0,False,False,37.552
1407,70.35,4,distraction,distracted,0.978203,0.021468,0.000138,0.0,0.000191,0.978203,0.096325,0.938458,0.0,0.08167,0.109045,0.13245,0.0,0.0,0.02917,True,True,True,0.0,False,False,37.216
1408,70.4,4,distraction,distracted,0.981131,0.018545,0.000135,0.0,0.000189,0.981131,0.418283,0.88481,0.0,0.08349,0.109653,0.13282,0.0,0.0,0.029197,True,True,True,0.0,False,False,37.051
1409,70.45,4,distraction,distracted,0.98291,0.016766,0.000133,0.0,0.000192,0.98291,0.488925,0.854943,0.0,0.085505,0.110312,0.13317,0.0,0.0,0.029199,True,True,True,0.0,False,False,37.093
1410,70.5,4,distraction,distracted,0.981427,0.018235,0.000135,0.0,0.000204,0.981427,0.43804,0.902167,0.0,0.087316,0.110931,0.133496,0.0,0.0,0.0292,True,True,True,0.0,False,False,49.397
1411,70.55,4,distraction,distracted,0.972395,0.027206,0.000147,0.0,0.000252,0.972395,0.365976,0.924121,0.0,0.088854,0.111441,0.133689,0.0,0.0,0.029176,True,True,True,0.0,False,False,37.265
1412,70.6,4,distraction,distracted,0.971455,0.028153,0.000142,0.0,0.000249,0.971455,0.333617,0.925401,0.0,0.090052,0.111807,0.133935,0.0,0.0,0.029177,True,True,True,0.0,False,False,36.882
1413,70.65,4,distraction,distracted,0.97177,0.027864,0.000139,0.0,0.000227,0.97177,0.199129,0.941353,0.0,0.089363,0.112055,0.134143,0.0,0.0,0.029202,True,True,True,0.0,False,False,36.911
1414,70.7,4,distraction,distracted,0.978738,0.020944,0.000131,0.0,0.000187,0.978738,0.177642,0.939973,0.0,0.087966,0.112215,0.134251,0.0,0.0,0.029202,True,True,True,0.0,False,False,37.16
1415,70.75,4,distraction,distracted,0.980061,0.019632,0.000133,0.0,0.000174,0.980061,0.130869,0.946332,0.0,0.086262,0.112326,0.134318,0.0,0.0,0.029202,True,True,True,0.0,False,False,45.882
1416,70.8,4,distraction,distracted,0.98189,0.017807,0.000136,0.0,0.000167,0.98189,0.070929,0.952026,0.0,0.084227,0.112338,0.134263,0.0,0.0,0.029177,True,True,True,0.0,False,False,36.943
1417,70.85,4,distraction,distracted,0.981992,0.017703,0.00014,0.0,0.000165,0.981992,0.057216,0.951968,0.0,0.084091,0.112245,0.134264,0.0,0.0,0.029177,True,True,True,0.0,False,False,37.129
1418,70.9,4,distraction,distracted,0.975595,0.024066,0.000155,0.0,0.000184,0.975595,0.049302,0.951948,0.0,0.080519,0.112302,0.134316,0.0,0.0,0.029202,True,True,True,0.0,False,False,37.173
1419,70.95,4,distraction,distracted,0.975189,0.024475,0.000154,0.0,0.000182,0.975189,0.050504,0.950703,0.0,0.079436,0.112263,0.134302,0.0,0.0,0.029202,True,True,True,0.0,False,False,36.916
1420,71.0,4,distraction,distracted,0.974426,0.02524,0.000152,0.0,0.000182,0.974426,0.055868,0.947133,0.0,0.079039,0.112257,0.134295,0.0,0.0,0.029202,True,True,True,0.451691,False,False,45.911
1421,71.05,4,distraction,distracted,0.977216,0.022461,0.000144,0.0,0.000179,0.977216,0.048515,0.948267,0.0,0.078905,0.112236,0.134222,0.0,0.0,0.029177,True,True,True,0.0,False,False,37.177
1422,71.1,4,distraction,distracted,0.980314,0.019383,0.000133,0.0,0.00017,0.980314,0.377199,0.887742,0.0,0.080301,0.112654,0.13448,0.0,0.0,0.029178,True,True,True,0.328323,False,False,37.108
1423,71.15,4,distraction,distracted,0.982717,0.016984,0.00013,0.0,0.000169,0.982717,0.328723,0.909418,0.0,0.081809,0.113173,0.134781,0.0,0.0,0.029204,True,True,True,0.328323,False,False,36.948
1424,71.2,4,distraction,distracted,0.982896,0.016807,0.000129,0.0,0.000168,0.982896,0.157494,0.937793,0.0,0.082372,0.113323,0.134875,0.0,0.0,0.029204,True,True,True,0.188019,False,False,37.317
1425,71.25,4,distraction,distracted,0.979837,0.019849,0.000133,0.0,0.000181,0.979837,0.07517,0.947778,0.0,0.082516,0.113288,0.134902,0.0,0.0,0.029204,True,True,True,0.058243,False,False,46.387
1426,71.3,4,distraction,distracted,0.981925,0.017778,0.000125,0.0,0.000171,0.981925,0.050048,0.951292,0.0,0.082493,0.112685,0.134829,0.0,0.0,0.02918,True,True,True,0.0,False,False,37.501
1427,71.35,4,distraction,distracted,0.983955,0.015758,0.000123,0.0,0.000165,0.983955,0.09302,0.942364,0.0,0.082545,0.112652,0.134871,0.0,0.0,0.02918,True,True,True,0.0,False,False,38.009
1428,71.4,4,distraction,distracted,0.987439,0.012293,0.000118,0.0,0.00015,0.987439,0.462033,0.85544,0.0,0.084484,0.111975,0.135274,0.0,0.0,0.029207,True,True,True,0.131943,False,False,37.424
1429,71.45,4,distraction,distracted,0.988378,0.011349,0.000123,0.0,0.000151,0.988378,0.521875,0.815769,0.0,0.086552,0.112007,0.135638,0.0,0.0,0.029211,True,True,True,0.131943,False,False,38.016
1430,71.5,4,distraction,distracted,0.988128,0.011589,0.000126,0.0,0.000157,0.988128,0.496263,0.867833,0.0,0.088561,0.112135,0.136001,0.0,0.0,0.029213,True,True,True,0.0,False,False,47.307
1431,71.55,4,distraction,distracted,0.986878,0.012835,0.000126,0.0,0.000161,0.986878,0.400339,0.910585,0.0,0.090246,0.112285,0.136218,0.0,0.0,0.029189,True,True,True,0.0,False,False,38.109
1432,71.6,4,distraction,distracted,0.985329,0.014381,0.000127,0.0,0.000163,0.985329,0.254383,0.930828,0.0,0.091054,0.11252,0.136399,0.0,0.0,0.029189,True,True,True,0.0,False,False,37.154
1433,71.65,4,distraction,distracted,0.9859,0.013814,0.000126,0.0,0.00016,0.9859,0.129806,0.942787,0.0,0.091649,0.112487,0.136559,0.0,0.0,0.029215,True,True,True,0.0,False,False,37.316
1434,71.7,4,distraction,distracted,0.986234,0.013474,0.000129,0.0,0.000162,0.986234,0.06659,0.950283,0.0,0.091679,0.112517,0.136582,0.0,0.0,0.029215,True,True,True,0.0,False,False,37.285
1435,71.75,4,distraction,distracted,0.985879,0.013832,0.000128,0.0,0.00016,0.985879,0.046971,0.952923,0.0,0.091636,0.112523,0.136588,0.0,0.0,0.029214,True,True,True,0.0,False,False,46.61
1436,71.8,4,distraction,distracted,0.986173,0.013545,0.000126,0.0,0.000156,0.986173,0.04443,0.951721,0.0,0.091568,0.112523,0.136509,0.0,0.0,0.02919,True,True,True,0.075237,False,False,37.533
1437,71.85,4,distraction,distracted,0.984483,0.01523,0.000129,0.0,0.000158,0.984483,0.04547,0.95049,0.0,0.091337,0.112409,0.136513,0.0,0.0,0.02919,True,True,True,0.133831,False,False,37.272
1438,71.9,4,distraction,distracted,0.981332,0.01837,0.000135,0.0,0.000164,0.981332,0.049935,0.948797,0.0,0.091489,0.112528,0.136598,0.0,0.0,0.029214,True,True,True,0.309612,False,False,37.167
1439,71.95,4,distraction,distracted,0.980373,0.01933,0.000135,0.0,0.000162,0.980373,0.05857,0.945835,0.0,0.091522,0.112523,0.136609,0.0,0.0,0.029215,True,True,True,0.309612,False,False,37.042
1440,72.0,4,distraction,distracted,0.972593,0.027082,0.000148,0.0,0.000178,0.972593,0.055915,0.946614,0.0,0.091505,0.11253,0.13662,0.0,0.0,0.029215,True,True,True,0.102703,False,False,46.01
1441,72.05,4,distraction,distracted,0.968073,0.031585,0.000154,0.0,0.000188,0.968073,0.052158,0.947969,0.0,0.091435,0.11253,0.136549,0.0,0.0,0.02919,True,True,True,0.042736,False,False,36.876
1442,72.1,4,distraction,distracted,0.965712,0.033939,0.000156,0.0,0.000193,0.965712,0.049137,0.949188,0.0,0.091223,0.112423,0.136552,0.0,0.0,0.02919,True,True,True,0.042736,False,False,37.199
1443,72.15,4,distraction,distracted,0.973657,0.026027,0.000142,0.0,0.000175,0.973657,0.047585,0.949143,0.0,0.091382,0.112502,0.136626,0.0,0.0,0.029215,True,True,True,0.042736,False,False,37.088
1444,72.2,4,distraction,distracted,0.971074,0.028598,0.000143,0.0,0.000185,0.971074,0.04904,0.947412,0.0,0.091371,0.112492,0.136622,0.0,0.0,0.029215,True,True,True,0.042278,False,False,36.952
1445,72.25,4,distraction,distracted,0.977545,0.022148,0.000133,0.0,0.000174,0.977545,0.051976,0.946461,0.0,0.091374,0.112489,0.136625,0.0,0.0,0.029215,True,True,True,0.0,False,False,45.933
1446,72.3,4,distraction,distracted,0.980818,0.01888,0.00013,0.0,0.000172,0.980818,0.049186,0.947741,0.0,0.091368,0.112489,0.13655,0.0,0.0,0.02919,True,True,True,0.0,False,False,37.05
1447,72.35,4,distraction,distracted,0.978978,0.0207,0.000135,0.0,0.000187,0.978978,0.046504,0.94873,0.0,0.091143,0.112378,0.136552,0.0,0.0,0.02919,True,True,True,0.0,False,False,37.176
1448,72.4,4,distraction,distracted,0.981149,0.018536,0.00013,0.0,0.000185,0.981149,0.046179,0.948317,0.0,0.09131,0.112474,0.136572,0.0,0.0,0.029215,True,True,True,0.0,False,False,37.066
1449,72.45,4,distraction,distracted,0.983791,0.015901,0.000128,0.0,0.00018,0.983791,0.043768,0.949583,0.0,0.09128,0.112449,0.136246,0.0,0.0,0.029212,True,True,True,0.0,False,False,37.944
1450,72.5,4,distraction,distracted,0.981004,0.018665,0.000134,0.0,0.000197,0.981004,0.042273,0.950168,0.0,0.091228,0.112388,0.135876,0.0,0.0,0.029209,True,True,True,0.0,False,False,46.257
1451,72.55,4,distraction,distracted,0.984734,0.01496,0.000126,0.0,0.00018,0.984734,0.045396,0.948802,0.0,0.091204,0.112349,0.135799,0.0,0.0,0.029184,True,True,True,0.0,False,False,37.733
1452,72.6,4,distraction,distracted,0.986462,0.013238,0.000125,0.0,0.000175,0.986462,0.046178,0.949105,0.0,0.090978,0.112237,0.135429,0.0,0.0,0.029181,True,True,True,0.0,False,False,37.629
1453,72.65,4,distraction,distracted,0.987528,0.01218,0.000123,0.0,0.000169,0.987528,0.046381,0.94911,0.0,0.090972,0.112326,0.134847,0.0,0.0,0.029202,True,True,True,0.0,False,False,37.515
1454,72.7,4,distraction,distracted,0.987652,0.012057,0.000123,0.0,0.000168,0.987652,0.045955,0.949971,0.0,0.090827,0.112316,0.134665,0.0,0.0,0.029202,True,True,True,0.01384,False,False,37.362
1455,72.75,4,distraction,distracted,0.988386,0.011326,0.000124,0.0,0.000165,0.988386,0.06052,0.944777,0.0,0.090843,0.112343,0.134633,0.0,0.0,0.029202,True,True,True,0.01384,False,False,46.446
1456,72.8,4,distraction,distracted,0.988923,0.01079,0.000124,0.0,0.000163,0.988923,0.059319,0.94683,0.0,0.090863,0.112363,0.134569,0.0,0.0,0.029177,True,True,True,0.0,False,False,37.606
1457,72.85,4,distraction,distracted,0.986925,0.012773,0.000129,0.0,0.000173,0.986925,0.050393,0.948819,0.0,0.09066,0.112258,0.134569,0.0,0.0,0.029177,True,True,True,0.0,False,False,37.565
1458,72.9,4,distraction,distracted,0.986489,0.013214,0.000127,0.0,0.00017,0.986489,0.053507,0.948143,0.0,0.090614,0.112331,0.134664,0.0,0.0,0.029202,True,True,True,0.0,False,False,37.096
1459,72.95,4,distraction,distracted,0.986434,0.013271,0.000127,0.0,0.000168,0.986434,0.048992,0.948488,0.0,0.090506,0.112191,0.134673,0.0,0.0,0.029202,True,True,True,0.0,False,False,37.292
1460,73.0,4,distraction,distracted,0.985034,0.014665,0.00013,0.0,0.000171,0.985034,0.045503,0.949931,0.0,0.090365,0.112072,0.134679,0.0,0.0,0.029202,True,True,True,0.0,False,False,46.415
1461,73.05,4,distraction,distracted,0.983273,0.016419,0.000134,0.0,0.000174,0.983273,0.045725,0.949238,0.0,0.090262,0.111417,0.134603,0.0,0.0,0.029177,True,True,True,0.0,False,False,37.887
1462,73.1,4,distraction,distracted,0.977452,0.022212,0.000146,0.0,0.00019,0.977452,0.04213,0.950326,0.0,0.09002,0.1113,0.134605,0.0,0.0,0.029177,True,True,True,0.0,False,False,37.612
1463,73.15,4,distraction,distracted,0.979661,0.020017,0.000142,0.0,0.00018,0.979661,0.040413,0.950632,0.0,0.089474,0.109966,0.134688,0.0,0.0,0.029202,True,True,True,0.0,False,False,37.586
1464,73.2,4,distraction,distracted,0.979315,0.020364,0.000144,0.0,0.000177,0.979315,0.04176,0.951024,0.0,0.08877,0.109259,0.134687,0.0,0.0,0.029202,True,True,True,0.0,False,False,37.09
1465,73.25,4,distraction,distracted,0.980228,0.019454,0.000144,0.0,0.000174,0.980228,0.045871,0.94914,0.0,0.088447,0.108689,0.134689,0.0,0.0,0.029203,True,True,True,0.0,False,False,46.075
1466,73.3,4,distraction,distracted,0.978788,0.02089,0.000147,0.0,0.000175,0.978788,0.055576,0.946338,0.0,0.088317,0.108378,0.134622,0.0,0.0,0.029178,True,True,True,0.0,False,False,37.093
1467,73.35,4,distraction,distracted,0.981013,0.018677,0.000144,0.0,0.000167,0.981013,0.084539,0.941955,0.0,0.088298,0.108338,0.134654,0.0,0.0,0.029178,True,True,True,0.0,False,False,36.937
1468,73.4,4,distraction,distracted,0.980691,0.018993,0.000146,0.0,0.000169,0.980691,0.053778,0.948616,0.0,0.088487,0.108361,0.134733,0.0,0.0,0.029203,True,True,True,0.0,False,False,37.138
1469,73.45,4,distraction,distracted,0.982569,0.017126,0.000141,0.0,0.000164,0.982569,0.047289,0.94926,0.0,0.08842,0.108373,0.134735,0.0,0.0,0.029203,True,True,True,0.0,False,False,37.262
1470,73.5,4,distraction,distracted,0.984706,0.015002,0.000135,0.0,0.000157,0.984706,0.044799,0.949309,0.0,0.088317,0.108346,0.134735,0.0,0.0,0.029203,True,True,True,0.0,False,False,45.879
1471,73.55,4,distraction,distracted,0.985602,0.014112,0.000132,0.0,0.000154,0.985602,0.043159,0.949632,0.0,0.088195,0.108324,0.134657,0.0,0.0,0.029178,True,True,True,0.0,False,False,37.091
1472,73.6,4,distraction,distracted,0.984518,0.01519,0.000134,0.0,0.000158,0.984518,0.043113,0.949398,0.0,0.087969,0.108214,0.134656,0.0,0.0,0.029178,True,True,True,0.0,False,False,37.248
1473,73.65,4,distraction,distracted,0.982977,0.016723,0.000139,0.0,0.000161,0.982977,0.041241,0.949866,0.0,0.08794,0.108306,0.13472,0.0,0.0,0.029203,True,True,True,0.0,False,False,37.341
1474,73.7,4,distraction,distracted,0.982034,0.01766,0.000142,0.0,0.000164,0.982034,0.050464,0.946787,0.0,0.087783,0.108321,0.134712,0.0,0.0,0.029203,True,True,True,0.0,False,False,37.088
1475,73.75,4,distraction,distracted,0.982816,0.016874,0.000146,0.0,0.000164,0.982816,0.055254,0.945727,0.0,0.087607,0.108346,0.134707,0.0,0.0,0.029203,True,True,True,0.0,False,False,45.83
1476,73.8,4,distraction,distracted,0.978481,0.021185,0.000158,0.0,0.000176,0.978481,0.047986,0.94916,0.0,0.087424,0.108358,0.134633,0.0,0.0,0.029178,True,True,True,0.0,False,False,37.13
1477,73.85,4,distraction,distracted,0.982844,0.016835,0.000154,0.0,0.000167,0.982844,0.446691,0.859104,0.0,0.089055,0.108874,0.134938,0.0,0.0,0.02918,True,True,True,0.0,False,False,37.264
1478,73.9,4,distraction,distracted,0.983828,0.015847,0.000158,0.0,0.000166,0.983828,0.496208,0.857773,0.0,0.089973,0.109683,0.135359,0.0,0.0,0.029208,True,True,True,0.0,False,False,37.121
1479,73.95,4,distraction,distracted,0.983244,0.016419,0.000165,0.0,0.000172,0.983244,0.497357,0.857482,0.0,0.091708,0.110388,0.1354,0.0,0.0,0.029208,True,True,True,0.0,False,False,37.997
1480,74.0,4,distraction,distracted,0.981156,0.018498,0.000169,0.0,0.000176,0.981156,0.420801,0.90592,0.0,0.092603,0.111002,0.135345,0.0,0.0,0.029205,True,True,True,0.0,False,False,46.203
1481,74.05,4,distraction,distracted,0.972676,0.026942,0.000188,0.0,0.000195,0.972676,0.255511,0.932066,0.0,0.093262,0.111345,0.135445,0.0,0.0,0.029181,True,True,True,0.0,False,False,38.035
1482,74.1,4,distraction,distracted,0.967847,0.031759,0.000193,0.0,0.000201,0.967847,0.123373,0.947622,0.0,0.093496,0.111366,0.13509,0.0,0.0,0.028732,True,True,True,0.198376,False,False,38.42
1483,74.15,4,distraction,distracted,0.972801,0.026826,0.000181,0.0,0.000193,0.972801,0.058233,0.954122,0.0,0.093525,0.111503,0.134145,0.0,0.0,0.027674,True,True,True,0.0,False,False,37.33
1484,74.2,4,distraction,distracted,0.973974,0.025651,0.000177,0.0,0.000198,0.973974,0.050656,0.954002,0.0,0.093558,0.111165,0.133596,0.0,0.0,0.027097,True,True,True,0.0,False,False,37.107
1485,74.25,4,distraction,distracted,0.972343,0.027287,0.00017,0.0,0.000201,0.972343,0.042205,0.942432,0.0,0.09358,0.110482,0.133035,0.0,0.0,0.026517,True,True,True,0.0,False,False,46.419
1486,74.3,4,distraction,distracted,0.972405,0.027219,0.000162,0.0,0.000213,0.972405,0.038127,0.942056,0.0,0.093577,0.109758,0.132955,0.0,0.0,0.026495,True,True,True,0.372898,False,False,37.999
1487,74.35,4,distraction,distracted,0.972166,0.027474,0.000148,0.0,0.000212,0.972166,0.038671,0.939916,0.0,0.091952,0.109639,0.132391,0.0,0.0,0.025915,True,True,True,0.372898,False,False,37.799
1488,74.4,4,distraction,distracted,0.965033,0.03459,0.00015,0.0,0.000227,0.965033,0.040173,0.939221,0.0,0.089867,0.108313,0.131354,0.0,0.0,0.024793,True,True,True,0.282433,False,False,37.366
1489,74.45,4,distraction,distracted,0.969793,0.029859,0.000142,0.0,0.000206,0.969793,0.041003,0.938839,0.0,0.087751,0.107787,0.130801,0.0,0.0,0.024226,True,True,True,0.276939,False,False,37.263
1490,74.5,4,distraction,distracted,0.960583,0.039038,0.000156,0.0,0.000223,0.960583,0.036835,0.951325,0.0,0.085617,0.10758,0.130245,0.0,0.0,0.02366,True,True,True,0.282433,False,False,46.02
1491,74.55,4,distraction,distracted,0.939691,0.059868,0.000176,0.0,0.000266,0.939691,0.036909,0.951423,0.0,0.083832,0.107537,0.130165,0.0,0.0,0.02364,True,True,True,0.0,False,False,37.328
1492,74.6,4,distraction,distracted,0.913043,0.086443,0.000195,0.0,0.000319,0.913043,0.038423,0.951471,0.0,0.082896,0.10742,0.129615,0.0,0.0,0.02308,True,True,True,0.0,False,False,37.146
1493,74.65,4,distraction,distracted,0.890987,0.108446,0.000207,0.0,0.00036,0.890987,0.041245,0.950032,0.0,0.082649,0.107534,0.128602,0.0,0.0,0.021989,True,True,True,0.0,False,False,36.955
1494,74.7,4,distraction,distracted,0.861607,0.137781,0.000214,0.0,0.000399,0.861607,0.040129,0.950874,0.0,0.08262,0.107518,0.128062,0.0,0.0,0.02144,True,True,True,0.0,False,False,37.292
1495,74.75,4,distraction,distracted,0.708622,0.290537,0.000257,0.0,0.000585,0.708622,0.040675,0.950987,0.0,0.082622,0.107492,0.127525,0.0,0.0,0.020892,True,True,True,0.0,False,False,45.602
1496,74.8,4,distraction,distracted,0.683744,0.315392,0.000252,0.0,0.000612,0.683744,0.0406,0.950451,0.0,0.082607,0.107449,0.127451,0.0,0.0,0.020874,True,True,True,0.0,False,False,37.377
1497,74.85,4,distraction,distracted,0.695224,0.303912,0.000255,0.0,0.000608,0.695224,0.045362,0.948109,0.0,0.082615,0.107345,0.126921,0.0,0.0,0.020331,True,True,True,0.0,False,False,37.124
1498,74.9,4,distraction,distracted,0.725795,0.27339,0.000253,0.0,0.000561,0.725795,0.045327,0.948355,0.0,0.082588,0.106823,0.125935,0.0,0.0,0.019268,True,True,True,0.0,False,False,37.027
1499,74.95,4,distraction,distracted,0.716592,0.282596,0.000259,0.0,0.000554,0.716592,0.044105,0.949506,0.0,0.082571,0.106128,0.125413,0.0,0.0,0.018735,True,True,True,0.0,False,False,37.185
1500,75.0,4,distraction,distracted,0.638101,0.361024,0.000276,0.0,0.0006,0.638101,0.044692,0.949515,0.0,0.082546,0.105376,0.124936,0.0,0.0,0.018237,True,True,True,0.0,False,False,45.985
1501,75.05,4,distraction,distracted,0.598352,0.40076,0.000288,0.0,0.0006,0.598352,0.041988,0.950458,0.0,0.082505,0.10458,0.124866,0.0,0.0,0.018221,True,True,True,0.0,False,False,37.241
1502,75.1,4,distraction,distracted,0.656586,0.342576,0.000291,0.0,0.000547,0.656586,0.040872,0.950643,0.0,0.08247,0.104472,0.1245,0.0,0.0,0.017829,True,True,True,0.0,False,False,37.254
1503,75.15,4,distraction,distracted,0.589997,0.409089,0.000303,0.0,0.000612,0.589997,0.037462,0.951813,0.0,0.08244,0.103333,0.124188,0.0,0.0,0.01756,True,True,True,0.0,False,False,37.418
1504,75.2,4,distraction,distracted,0.63798,0.361105,0.0003,0.0,0.000614,0.63798,0.03687,0.952104,0.0,0.082402,0.103123,0.124144,0.0,0.0,0.01756,True,True,True,0.0,False,False,37.281
1505,75.25,4,distraction,distracted,0.778881,0.220369,0.000271,0.0,0.000479,0.778881,0.037897,0.951656,0.0,0.082381,0.103082,0.12413,0.0,0.0,0.01756,True,True,True,0.0,False,False,46.238
1506,75.3,4,distraction,distracted,0.800468,0.198815,0.000271,0.0,0.000446,0.800468,0.038067,0.951548,0.0,0.082341,0.103068,0.124057,0.0,0.0,0.017545,True,True,True,0.0,False,False,37.341
1507,75.35,4,distraction,distracted,0.729436,0.269767,0.000303,0.0,0.000494,0.729436,0.040645,0.951173,0.0,0.08229,0.102963,0.124045,0.0,0.0,0.017545,True,True,True,0.0,False,False,37.477
1508,75.4,4,distraction,distracted,0.690995,0.308171,0.000321,0.0,0.000513,0.690995,0.043127,0.949971,0.0,0.082251,0.103073,0.124092,0.0,0.0,0.01756,True,True,True,0.0,False,False,37.713
1509,75.45,4,distraction,distracted,0.528701,0.470331,0.000344,0.0,0.000623,0.528701,0.043262,0.949344,0.0,0.082203,0.103063,0.124066,0.0,0.0,0.01756,True,True,True,0.0,False,False,36.994
1510,75.5,0,alert,alert,0.50306,0.50306,0.000339,0.0,0.000674,0.495927,0.041798,0.950345,0.0,0.082123,0.103046,0.124037,0.0,0.0,0.017559,True,True,True,0.0,False,False,45.605
1511,75.55,4,distraction,distracted,0.617134,0.381946,0.000314,0.0,0.000606,0.617134,0.045617,0.948919,0.0,0.082032,0.103042,0.12397,0.0,0.0,0.017545,True,True,True,0.0,False,False,36.935
1512,75.6,4,distraction,distracted,0.674554,0.324623,0.000294,0.0,0.000529,0.674554,0.04889,0.947681,0.0,0.081975,0.102951,0.123942,0.0,0.0,0.017545,True,True,True,0.0,False,False,37.279
1513,75.65,4,distraction,distracted,0.807285,0.192036,0.000279,0.0,0.000401,0.807285,0.427741,0.859954,0.0,0.083671,0.103648,0.124239,0.0,0.0,0.017561,True,True,True,0.0,False,False,37.319
1514,75.7,4,distraction,distracted,0.911878,0.087576,0.000269,0.0,0.000277,0.911878,0.516784,0.829054,0.0,0.085712,0.10436,0.124575,0.0,0.0,0.017563,True,True,True,0.0,False,False,37.25
1515,75.75,4,distraction,distracted,0.968629,0.030936,0.000241,0.0,0.000194,0.968629,0.5905,0.843836,0.0,0.08805,0.105195,0.124979,0.0,0.0,0.017564,True,True,True,0.0,False,False,46.026
1516,75.8,4,distraction,distracted,0.982642,0.016932,0.00025,0.0,0.000176,0.982642,0.660225,0.853412,0.0,0.090729,0.10613,0.125388,0.0,0.0,0.017551,True,True,True,0.0,False,False,37.449
1517,75.85,4,distraction,distracted,0.987203,0.01233,0.000287,0.0,0.00018,0.987203,0.729268,0.835292,0.0,0.093734,0.107054,0.125891,0.0,0.0,0.017553,True,True,True,0.0,False,False,37.394
1518,75.9,4,distraction,distracted,0.988277,0.011139,0.000387,0.0,0.000197,0.988277,0.78787,0.811895,0.0,0.096946,0.108227,0.126034,0.0,0.0,0.017568,True,True,True,0.0,False,False,37.565
1519,75.95,4,distraction,distracted,0.98958,0.009705,0.000503,0.0,0.000211,0.98958,0.801469,0.789821,0.0,0.100174,0.109177,0.126232,0.0,0.0,0.017569,True,True,True,0.0,False,False,37.827
1520,76.0,4,distraction,distracted,0.989238,0.009847,0.000683,0.0,0.000232,0.989238,0.703968,0.833399,0.0,0.103139,0.110121,0.126382,0.0,0.0,0.01757,True,True,True,0.0,False,False,46.018
1521,76.05,4,distraction,distracted,0.989841,0.009085,0.000832,0.0,0.000242,0.989841,0.702939,0.854919,0.0,0.106185,0.111092,0.126823,0.0,0.0,0.017556,True,True,True,0.0,False,False,38.074
1522,76.1,4,distraction,distracted,0.989457,0.009127,0.001147,0.0,0.00027,0.989457,0.682404,0.867635,0.0,0.109185,0.111974,0.126999,0.0,0.0,0.017557,True,True,True,0.0,False,False,37.702
1523,76.15,4,distraction,distracted,0.989036,0.008871,0.00178,0.0,0.000313,0.989036,0.782359,0.824821,0.0,0.112504,0.113145,0.127226,0.0,0.0,0.017573,True,True,True,0.0,False,False,37.731
1524,76.2,4,distraction,distracted,0.988059,0.008608,0.002953,0.0,0.00038,0.988059,0.819955,0.786926,0.0,0.115846,0.114239,0.127734,0.0,0.0,0.017576,True,True,True,0.0,False,False,38.82
1525,76.25,4,distraction,distracted,0.987372,0.007967,0.004229,0.0,0.000433,0.987372,0.823031,0.766039,0.0,0.119118,0.115301,0.128264,0.032866,0.010953,0.023087,True,True,True,0.0,False,False,47.548
1526,76.3,4,distraction,distracted,0.987488,0.007421,0.004651,0.0,0.000439,0.987488,0.774014,0.794931,0.0,0.122183,0.116324,0.128723,0.036185,0.012053,0.023621,True,True,True,0.0,False,False,38.713
1527,76.35,4,distraction,distracted,0.988322,0.007452,0.003814,0.0,0.000412,0.988322,0.598919,0.871605,0.0,0.12477,0.117073,0.129154,0.038994,0.012963,0.02409,True,True,True,0.0,False,False,37.9
1528,76.4,4,distraction,distracted,0.988533,0.008399,0.002697,0.0,0.000371,0.988533,0.415899,0.917484,0.0,0.12661,0.117653,0.129505,0.041044,0.013666,0.024454,True,True,True,0.0,False,False,37.474
1529,76.45,4,distraction,distracted,0.986472,0.011202,0.001978,0.0,0.000348,0.986472,0.2223,0.942312,0.0,0.127506,0.117921,0.129638,0.041045,0.013666,0.024454,True,True,True,0.0,False,False,37.169
1530,76.5,4,distraction,distracted,0.98115,0.017103,0.001407,0.0,0.00034,0.98115,0.087015,0.954742,0.0,0.127733,0.117935,0.129661,0.041043,0.013665,0.024454,True,True,True,0.0,False,False,46.065
1531,76.55,4,distraction,distracted,0.968719,0.029884,0.001041,0.0,0.000355,0.968719,0.050322,0.958825,0.0,0.127777,0.117891,0.129592,0.041041,0.013665,0.024433,True,True,True,1.0,False,False,37.554
1532,76.6,4,distraction,distracted,0.955874,0.043058,0.000726,0.0,0.000342,0.955874,0.042339,0.957358,0.0,0.127776,0.117763,0.129582,0.041039,0.013642,0.024432,True,True,True,1.0,False,False,37.442
1533,76.65,4,distraction,distracted,0.929932,0.069077,0.000624,0.0,0.000368,0.929932,0.038626,0.956464,0.0,0.127767,0.117811,0.129625,0.041037,0.013665,0.024453,True,True,True,1.0,False,False,37.093
1534,76.7,4,distraction,distracted,0.923735,0.075446,0.000483,0.0,0.000337,0.923735,0.036615,0.954534,0.0,0.127754,0.117777,0.129606,0.041036,0.013664,0.024453,True,True,True,1.0,False,False,36.937
1535,76.75,4,distraction,distracted,0.878409,0.120745,0.000464,0.0,0.000382,0.878409,0.036437,0.953577,0.0,0.127731,0.11775,0.129587,0.041035,0.013664,0.024453,True,True,True,1.0,False,False,45.882
1536,76.8,4,distraction,distracted,0.823882,0.175247,0.000444,0.0,0.000427,0.823882,0.035913,0.953278,0.0,0.127708,0.117724,0.129507,0.041034,0.013664,0.024432,True,True,True,1.0,False,False,37.069
1537,76.85,4,distraction,distracted,0.824821,0.174362,0.000401,0.0,0.000417,0.824821,0.037143,0.952237,0.0,0.127689,0.117588,0.129477,0.041034,0.013641,0.024432,True,True,True,1.0,False,False,37.308
1538,76.9,4,distraction,distracted,0.754214,0.24489,0.000408,0.0,0.000487,0.754214,0.039952,0.951678,0.0,0.127672,0.117691,0.129498,0.041033,0.013664,0.024452,True,True,True,1.0,False,False,37.109
1539,76.95,4,distraction,distracted,0.74412,0.255006,0.000354,0.0,0.000521,0.74412,0.04407,0.949647,0.0,0.127656,0.11769,0.129482,0.041033,0.013664,0.024452,True,True,True,1.0,False,False,37.319
1540,77.0,4,distraction,distracted,0.728248,0.270889,0.000313,0.0,0.000549,0.728248,0.06,0.946432,0.0,0.127737,0.117716,0.129479,0.041033,0.013664,0.024453,True,True,True,1.0,False,False,46.06
1541,77.05,4,distraction,distracted,0.780596,0.218631,0.000279,0.0,0.000494,0.780596,0.058118,0.945448,0.0,0.127813,0.117741,0.129418,0.041034,0.013664,0.024432,True,True,True,1.0,False,False,37.37
1542,77.1,4,distraction,distracted,0.831685,0.167643,0.000255,0.0,0.000418,0.831685,0.062605,0.944466,0.0,0.127911,0.117649,0.129424,0.041035,0.013641,0.024432,True,True,True,1.0,False,False,37.064
1543,77.15,4,distraction,distracted,0.879586,0.119821,0.000247,0.0,0.000346,0.879586,0.443092,0.857903,0.0,0.129796,0.118409,0.129795,0.041055,0.013667,0.024455,True,True,True,0.0,False,False,37.141
1544,77.2,4,distraction,distracted,0.868219,0.131137,0.000286,0.0,0.000359,0.868219,0.513483,0.838763,0.0,0.131971,0.119132,0.130149,0.04108,0.013669,0.024457,True,True,True,0.0,False,False,37.661
1545,77.25,4,distraction,distracted,0.771659,0.227516,0.000353,0.0,0.000472,0.771659,0.530655,0.830852,0.0,0.134193,0.119875,0.130509,0.041106,0.013672,0.02446,True,True,True,0.0,False,False,46.479
1546,77.3,4,distraction,distracted,0.667848,0.331194,0.000394,0.0,0.000564,0.667848,0.449158,0.898351,0.0,0.136154,0.120538,0.130766,0.041118,0.013673,0.02444,True,True,True,0.0,False,False,37.715
1547,77.35,4,distraction,distracted,0.625083,0.373941,0.000401,0.0,0.000575,0.625083,0.276801,0.927121,0.0,0.137329,0.120796,0.130826,0.041123,0.013651,0.02444,True,True,True,0.0,False,False,38.355
1548,77.4,4,distraction,distracted,0.59375,0.405292,0.000394,0.0,0.000564,0.59375,0.103284,0.94566,0.0,0.137637,0.12102,0.130391,0.041124,0.013674,0.024457,True,True,True,0.0,False,False,37.331
1549,77.45,4,distraction,distracted,0.56908,0.429964,0.000396,0.0,0.00056,0.56908,0.049559,0.95287,0.0,0.137656,0.121016,0.130037,0.041123,0.013674,0.024454,True,True,True,0.0,False,False,37.734
1550,77.5,4,distraction,distracted,0.601879,0.397204,0.000386,0.0,0.000531,0.601879,0.041105,0.954121,0.0,0.137644,0.121005,0.129669,0.041122,0.013674,0.02445,True,True,True,0.0,False,False,46.512
1551,77.55,4,distraction,distracted,0.585559,0.413528,0.000376,0.0,0.000536,0.585559,0.038241,0.95293,0.0,0.137612,0.120991,0.129591,0.041121,0.013674,0.024429,True,True,True,0.0,False,False,38.263
1552,77.6,4,distraction,distracted,0.648383,0.350753,0.000356,0.0,0.000509,0.648383,0.043066,0.949423,0.0,0.137604,0.120859,0.129204,0.04112,0.013651,0.024426,True,True,True,0.0,False,False,37.783
1553,77.65,4,distraction,distracted,0.582942,0.416184,0.000346,0.0,0.000528,0.582942,0.040956,0.951291,0.0,0.137574,0.120951,0.12841,0.04112,0.013674,0.023967,True,True,True,0.0,False,False,38.256
1554,77.7,4,distraction,distracted,0.566065,0.433061,0.000347,0.0,0.000527,0.566065,0.043082,0.950519,0.0,0.137514,0.120856,0.127917,0.041119,0.013673,0.023451,True,True,True,0.0,False,False,37.872
1555,77.75,4,distraction,distracted,0.573945,0.425172,0.000356,0.0,0.000526,0.573945,0.041704,0.951426,0.0,0.137441,0.120758,0.127413,0.041118,0.013673,0.022925,True,True,True,0.0,False,False,46.176
1556,77.8,4,distraction,distracted,0.533005,0.466073,0.000364,0.0,0.000558,0.533005,0.040882,0.951073,0.0,0.137314,0.120683,0.127339,0.041116,0.013673,0.022906,True,True,True,0.0,False,False,36.967
1557,77.85,0,alert,alert,0.515576,0.515576,0.000368,0.0,0.000594,0.483461,0.041292,0.950701,0.0,0.137246,0.120548,0.126796,0.041116,0.01365,0.022343,True,True,True,0.0,False,False,36.876
1558,77.9,0,alert,alert,0.582721,0.582721,0.000366,0.0,0.00062,0.416293,0.041086,0.950689,0.0,0.137193,0.120582,0.125763,0.041115,0.013673,0.021222,True,True,True,0.0,False,False,37.26
1559,77.95,0,alert,alert,0.635831,0.635831,0.000356,0.0,0.000649,0.363164,0.04074,0.950347,0.0,0.137142,0.120541,0.125213,0.041115,0.013673,0.020657,True,True,True,0.0,False,False,37.35
1560,78.0,0,alert,alert,0.639837,0.639837,0.000361,0.0,0.000667,0.359136,0.039723,0.950845,0.0,0.137115,0.120518,0.124667,0.041115,0.013673,0.020098,True,True,True,0.0,False,False,46.122
1561,78.05,0,alert,alert,0.701298,0.701298,0.000351,0.0,0.000689,0.297662,0.040809,0.951245,0.0,0.137073,0.120505,0.124595,0.041114,0.013673,0.020081,True,True,True,0.0,False,False,37.167
1562,78.1,0,alert,alert,0.749426,0.749426,0.000334,0.0,0.000693,0.249546,0.043456,0.949593,0.0,0.137026,0.120375,0.124055,0.041114,0.013649,0.019526,True,True,True,0.0,False,False,37.023
1563,78.15,0,alert,alert,0.642675,0.642675,0.00038,0.0,0.000679,0.356266,0.056479,0.945604,0.0,0.137009,0.120527,0.123066,0.041115,0.013673,0.018448,True,True,True,0.0,False,False,37.276
1564,78.2,0,alert,alert,0.606276,0.606276,0.000398,0.0,0.000659,0.392667,0.050146,0.94858,0.0,0.136772,0.120541,0.122544,0.041113,0.013673,0.017908,True,True,True,0.25925,False,False,37.271
1565,78.25,0,alert,alert,0.647647,0.647647,0.000392,0.0,0.000649,0.351312,0.049573,0.947269,0.0,0.136671,0.120542,0.122027,0.041112,0.013673,0.017374,True,True,True,0.280878,False,False,46.135
1566,78.3,0,alert,alert,0.777011,0.777011,0.000357,0.0,0.000673,0.22196,0.046953,0.949274,0.0,0.136576,0.120506,0.121963,0.041112,0.013673,0.01736,True,True,True,0.283167,False,False,37.344
1567,78.35,0,alert,alert,0.785061,0.785061,0.000362,0.0,0.000695,0.213882,0.045156,0.949067,0.0,0.136537,0.120379,0.121445,0.041111,0.01365,0.016829,True,True,True,0.283167,False,False,37.485
1568,78.4,0,alert,alert,0.766772,0.766772,0.000396,0.0,0.000701,0.232131,0.050438,0.947537,0.0,0.136546,0.120448,0.120482,0.041112,0.013673,0.015788,True,True,True,0.406938,False,False,37.309
1569,78.45,0,alert,alert,0.775606,0.775606,0.0004,0.0,0.000712,0.223282,0.052257,0.947011,0.0,0.136566,0.120455,0.119973,0.041112,0.013673,0.015259,True,True,True,0.406938,False,False,37.565
1570,78.5,0,alert,alert,0.812286,0.812286,0.000379,0.0,0.000715,0.18662,0.046806,0.949129,0.0,0.136556,0.120459,0.119459,0.041112,0.013673,0.014732,True,True,True,0.4056,False,False,46.184
1571,78.55,0,alert,alert,0.850985,0.850985,0.000358,0.0,0.000726,0.147931,0.045144,0.950573,0.0,0.136515,0.120459,0.119396,0.041112,0.013673,0.014719,True,True,True,0.381796,False,False,37.3
1572,78.6,0,alert,alert,0.862426,0.862426,0.000372,0.0,0.000749,0.136453,0.049805,0.948725,0.0,0.136493,0.12034,0.118907,0.041111,0.013649,0.01421,True,True,True,0.0,False,False,37.248
1573,78.65,0,alert,alert,0.861312,0.861312,0.000386,0.0,0.000764,0.137537,0.04665,0.9495,0.0,0.136483,0.120456,0.118088,0.041111,0.013673,0.013297,True,True,True,0.0,False,False,37.091
1574,78.7,0,alert,alert,0.858437,0.858437,0.000403,0.0,0.000779,0.140381,0.047501,0.949112,0.0,0.136486,0.120457,0.117754,0.041111,0.013673,0.01293,True,True,True,0.252438,False,False,37.155
1575,78.75,0,alert,alert,0.764236,0.764236,0.000523,0.0,0.000831,0.23441,0.091008,0.936555,0.0,0.13671,0.120527,0.117529,0.041114,0.013673,0.012632,True,True,True,0.33186,False,False,46.368
1576,78.8,0,alert,alert,0.525978,0.525978,0.000876,0.0,0.000879,0.472267,0.447641,0.851915,0.0,0.13857,0.121141,0.11778,0.041135,0.013675,0.012622,True,True,True,0.0,False,False,37.952
1577,78.85,4,distraction,distracted,0.719574,0.278053,0.00156,0.0,0.000813,0.719574,0.530615,0.820574,0.0,0.14075,0.12174,0.118033,0.041163,0.013655,0.012623,True,True,True,0.0,False,False,37.518
1578,78.9,4,distraction,distracted,0.888103,0.108913,0.002328,0.0,0.000656,0.888103,0.609777,0.843923,0.0,0.14332,0.122712,0.118483,0.041186,0.013681,0.012635,True,True,True,0.0,False,False,37.674
1579,78.95,4,distraction,distracted,0.950859,0.045705,0.002902,0.0,0.000534,0.950859,0.703801,0.83696,0.0,0.146322,0.123696,0.118984,0.04121,0.013683,0.012636,True,True,True,0.0,False,False,37.681
1580,79.0,4,distraction,distracted,0.968504,0.026837,0.004125,0.0,0.000534,0.968504,0.762492,0.80687,0.0,0.149509,0.124738,0.119514,0.041242,0.013687,0.012638,True,True,True,0.0,False,False,46.236
1581,79.05,4,distraction,distracted,0.975464,0.018092,0.005863,0.0,0.000581,0.975464,0.803143,0.783011,0.0,0.152801,0.125804,0.119992,0.041279,0.013691,0.012629,True,True,True,0.0,False,False,37.22
1582,79.1,4,distraction,distracted,0.981283,0.012537,0.00563,0.0,0.00055,0.981283,0.760778,0.789565,0.0,0.15594,0.126698,0.120511,0.041314,0.013672,0.012631,True,True,True,0.0,False,False,37.292
1583,79.15,4,distraction,distracted,0.984009,0.009828,0.005636,0.0,0.000528,0.984009,0.809111,0.771609,0.0,0.158763,0.127861,0.121116,0.04135,0.013699,0.012644,True,True,True,0.0,False,False,37.066
1584,79.2,4,distraction,distracted,0.98451,0.00863,0.006305,0.0,0.000555,0.98451,0.839663,0.749361,0.05,0.161914,0.128827,0.121664,0.041394,0.013703,0.012646,True,True,True,0.0,False,False,37.227
1585,79.25,4,distraction,distracted,0.98434,0.008005,0.007073,0.0,0.000582,0.98434,0.85813,0.729382,0.1,0.165147,0.129869,0.122211,0.041442,0.013709,0.012649,True,True,True,0.0,False,False,46.052
1586,79.3,4,distraction,distracted,0.98369,0.007627,0.008072,0.0,0.000611,0.98369,0.872949,0.713012,0.15,0.168368,0.130944,0.122689,0.041494,0.013715,0.012641,True,True,True,0.0,False,False,37.386
1587,79.35,4,distraction,distracted,0.984813,0.007074,0.007518,0.0,0.000594,0.984813,0.866671,0.710476,0.2,0.171618,0.131878,0.123229,0.074428,0.024537,0.018061,True,True,True,0.0,False,False,37.969
1588,79.4,4,distraction,distracted,0.985544,0.007188,0.00669,0.0,0.000578,0.985544,0.763052,0.786429,0.25,0.174734,0.133053,0.123811,0.077749,0.025661,0.018615,True,True,True,0.0,False,False,37.513
1589,79.45,4,distraction,distracted,0.985868,0.008299,0.005304,0.0,0.000529,0.985868,0.546094,0.871097,0.3,0.177086,0.13385,0.124207,0.080363,0.026516,0.019042,True,True,True,0.0,False,False,37.289
1590,79.5,4,distraction,distracted,0.985744,0.009773,0.003993,0.0,0.00049,0.985744,0.322109,0.921644,0.0,0.178403,0.134317,0.124439,0.081984,0.027049,0.019307,True,True,True,0.0,False,False,46.358
1591,79.55,4,distraction,distracted,0.984765,0.011801,0.002981,0.0,0.000453,0.984765,0.154186,0.943064,0.0,0.178939,0.134509,0.124464,0.081986,0.02705,0.019291,True,True,True,0.0,False,False,37.703
1592,79.6,4,distraction,distracted,0.98413,0.013373,0.002101,0.0,0.000395,0.98413,0.065349,0.953676,0.0,0.179003,0.134391,0.124481,0.081983,0.027003,0.019291,True,True,True,0.0,False,False,37.674
1593,79.65,4,distraction,distracted,0.983802,0.014327,0.001523,0.0,0.000348,0.983802,0.046399,0.955284,0.0,0.1789,0.13442,0.124552,0.081979,0.027048,0.019307,True,True,True,0.0,False,False,37.989
1594,79.7,4,distraction,distracted,0.982001,0.016558,0.001129,0.0,0.000313,0.982001,0.04039,0.955113,0.0,0.178786,0.134368,0.12455,0.081975,0.027048,0.019307,True,True,True,0.0,False,False,38.179
1595,79.75,4,distraction,distracted,0.980563,0.018326,0.000829,0.0,0.000281,0.980563,0.038911,0.953001,0.0,0.178664,0.134255,0.124546,0.081971,0.027047,0.019307,True,True,True,1.0,False,False,46.848
1596,79.8,4,distraction,distracted,0.972854,0.026176,0.00069,0.0,0.00028,0.972854,0.037255,0.952494,0.0,0.178603,0.134195,0.124471,0.081969,0.027047,0.019291,True,True,True,1.0,False,False,38.45
1597,79.85,4,distraction,distracted,0.960878,0.038167,0.000651,0.0,0.000304,0.960878,0.039511,0.952015,0.0,0.178588,0.134034,0.124467,0.081968,0.027001,0.019291,True,True,True,1.0,False,False,37.556
1598,79.9,4,distraction,distracted,0.952828,0.046321,0.000551,0.0,0.0003,0.952828,0.041935,0.951479,0.0,0.178572,0.134145,0.124535,0.081967,0.027047,0.019307,True,True,True,1.0,False,False,37.453
1599,79.95,4,distraction,distracted,0.922295,0.076841,0.000521,0.0,0.000343,0.922295,0.040544,0.950473,0.0,0.178544,0.134096,0.124533,0.081966,0.027046,0.019307,True,True,True,1.0,False,False,37.98
1600,80.0,4,distraction,distracted,0.902748,0.096441,0.000457,0.0,0.000354,0.902748,0.040119,0.951019,0.0,0.178512,0.134045,0.124531,0.081964,0.027046,0.019307,True,True,True,1.0,False,False,47.066
1601,80.05,4,distraction,distracted,0.889708,0.10952,0.000415,0.0,0.000357,0.889708,0.043292,0.949879,0.0,0.1785,0.133986,0.124462,0.081964,0.027045,0.019291,True,True,True,1.0,False,False,37.844
1602,80.1,4,distraction,distracted,0.866077,0.133141,0.000401,0.0,0.000382,0.866077,0.05558,0.946368,0.0,0.178556,0.133853,0.124472,0.081965,0.026999,0.019291,True,True,True,1.0,False,False,37.775
1603,80.15,4,distraction,distracted,0.772164,0.2269,0.000457,0.0,0.000479,0.772164,0.047477,0.948546,0.0,0.178551,0.133968,0.124546,0.081966,0.027045,0.019307,True,True,True,1.0,False,False,37.744
1604,80.2,4,distraction,distracted,0.704358,0.294633,0.000477,0.0,0.000532,0.704358,0.043998,0.949899,0.0,0.17854,0.13396,0.124541,0.081965,0.027045,0.019307,True,True,True,0.0,False,False,37.604
1605,80.25,4,distraction,distracted,0.696345,0.302667,0.000469,0.0,0.000519,0.696345,0.052534,0.946819,0.0,0.178514,0.13397,0.124546,0.081965,0.027045,0.019307,True,True,True,0.0,False,False,45.968
1606,80.3,4,distraction,distracted,0.554078,0.444825,0.000491,0.0,0.000606,0.554078,0.046943,0.949037,0.0,0.178494,0.13397,0.12448,0.081965,0.027045,0.019291,True,True,True,0.0,False,False,37.143
1607,80.35,0,alert,alert,0.581213,0.581213,0.00046,0.0,0.000682,0.417644,0.049632,0.948749,0.0,0.178249,0.133827,0.124483,0.081961,0.026999,0.019291,True,True,True,0.0,False,False,37.21
1608,80.4,0,alert,alert,0.575001,0.575001,0.000449,0.0,0.000678,0.423872,0.058332,0.946795,0.0,0.176481,0.133988,0.124411,0.081933,0.027045,0.019307,True,True,True,0.0,False,False,37.3
1609,80.45,0,alert,alert,0.631293,0.631293,0.000427,0.0,0.000697,0.367583,0.053647,0.948335,0.0,0.174401,0.133992,0.124223,0.081891,0.027045,0.019306,True,True,True,0.0,False,False,37.176
1610,80.5,4,distraction,distracted,0.59387,0.405074,0.000428,0.0,0.000628,0.59387,0.050761,0.948235,0.0,0.172476,0.133989,0.12391,0.081871,0.027045,0.019305,True,True,True,0.0,False,False,46.164
1611,80.55,4,distraction,distracted,0.523725,0.47524,0.000415,0.0,0.00062,0.523725,0.04743,0.949806,0.0,0.170863,0.133985,0.123845,0.08186,0.027045,0.019289,True,True,True,0.0,False,False,37.397
1612,80.6,4,distraction,distracted,0.519703,0.479302,0.000402,0.0,0.000593,0.519703,0.04604,0.949728,0.0,0.169405,0.133835,0.123493,0.081849,0.026999,0.019286,True,True,True,0.0,False,False,37.152
1613,80.65,4,distraction,distracted,0.588973,0.410086,0.000391,0.0,0.000549,0.588973,0.042254,0.950403,0.0,0.168598,0.133934,0.122829,0.081845,0.027044,0.019297,True,True,True,0.0,False,False,36.986
1614,80.7,4,distraction,distracted,0.722436,0.276722,0.000373,0.0,0.000469,0.722436,0.042315,0.949728,0.0,0.167902,0.133894,0.122422,0.08184,0.027044,0.019295,True,True,True,0.0,False,False,37.19
1615,80.75,4,distraction,distracted,0.658443,0.340653,0.000398,0.0,0.000506,0.658443,0.04154,0.949814,0.0,0.167442,0.133877,0.12202,0.081839,0.027044,0.019292,True,True,True,0.0,False,False,46.01
1616,80.8,4,distraction,distracted,0.684628,0.314484,0.00039,0.0,0.000498,0.684628,0.040899,0.95084,0.0,0.167288,0.133853,0.121951,0.081839,0.027044,0.019276,True,True,True,0.0,False,False,37.182
1617,80.85,4,distraction,distracted,0.73506,0.264102,0.000376,0.0,0.000461,0.73506,0.049023,0.948985,0.0,0.167248,0.133709,0.12159,0.081841,0.026998,0.019274,True,True,True,0.0,False,False,37.35
1618,80.9,4,distraction,distracted,0.774747,0.22447,0.000357,0.0,0.000426,0.774747,0.04417,0.950305,0.0,0.167222,0.133789,0.121059,0.081842,0.027043,0.019289,True,True,True,0.0,False,False,37.36
1619,80.95,4,distraction,distracted,0.819056,0.180235,0.000331,0.0,0.000378,0.819056,0.04441,0.949256,0.0,0.167192,0.133759,0.120898,0.081842,0.027043,0.019289,True,True,True,0.0,False,False,37.463
1620,81.0,4,distraction,distracted,0.80691,0.19237,0.000333,0.0,0.000387,0.80691,0.047492,0.948849,0.0,0.167148,0.133738,0.120698,0.081841,0.027043,0.019288,True,True,True,0.0,False,False,46.131
1621,81.05,4,distraction,distracted,0.844007,0.155321,0.00032,0.0,0.000353,0.844007,0.050155,0.947308,0.0,0.167157,0.133736,0.120638,0.081842,0.027043,0.019272,True,True,True,0.0,False,False,37.467
1622,81.1,4,distraction,distracted,0.867451,0.131912,0.000307,0.0,0.000331,0.867451,0.054949,0.94606,0.0,0.165572,0.133602,0.120301,0.081816,0.026997,0.01927,True,True,True,0.0,False,False,38.044
1623,81.15,4,distraction,distracted,0.881875,0.117502,0.000305,0.0,0.000319,0.881875,0.044381,0.949536,0.0,0.164145,0.133729,0.119588,0.081798,0.027043,0.019281,True,True,True,0.0,False,False,37.657
1624,81.2,4,distraction,distracted,0.892547,0.106835,0.000307,0.0,0.000311,0.892547,0.044911,0.950293,0.0,0.163565,0.133714,0.119211,0.081793,0.027043,0.019279,True,True,True,0.02906,False,False,37.496
1625,81.25,4,distraction,distracted,0.91601,0.08341,0.000295,0.0,0.000286,0.91601,0.042052,0.950458,0.0,0.163393,0.133686,0.118852,0.081791,0.027042,0.019277,True,True,True,0.02906,False,False,46.251
1626,81.3,4,distraction,distracted,0.904758,0.094616,0.000319,0.0,0.000308,0.904758,0.042427,0.950874,0.0,0.163354,0.133665,0.118787,0.081792,0.027042,0.019261,True,True,True,0.0,False,False,37.416
1627,81.35,4,distraction,distracted,0.912112,0.087258,0.00032,0.0,0.00031,0.912112,0.041718,0.951082,0.0,0.163087,0.133509,0.118441,0.081788,0.026996,0.019259,True,True,True,0.0,False,False,37.104
1628,81.4,4,distraction,distracted,0.923867,0.075497,0.000327,0.0,0.000309,0.923867,0.041707,0.951145,0.0,0.161078,0.133629,0.117925,0.081745,0.027042,0.019274,True,True,True,0.0,False,False,37.116
1629,81.45,4,distraction,distracted,0.940689,0.058727,0.000303,0.0,0.000281,0.940689,0.039387,0.951409,0.0,0.15886,0.133613,0.1178,0.081685,0.027041,0.019274,True,True,True,0.0,False,False,37.09
1630,81.5,4,distraction,distracted,0.946229,0.053185,0.000303,0.0,0.000283,0.946229,0.039438,0.952136,0.0,0.156662,0.1336,0.117754,0.081648,0.027041,0.019274,True,True,True,0.0,False,False,45.924
1631,81.55,4,distraction,distracted,0.956304,0.043162,0.000273,0.0,0.000261,0.956304,0.038747,0.951649,0.0,0.154856,0.133588,0.117687,0.08163,0.027041,0.019257,True,True,True,0.0,False,False,37.21
1632,81.6,4,distraction,distracted,0.955124,0.044349,0.000261,0.0,0.000266,0.955124,0.040694,0.95097,0.0,0.153769,0.13343,0.117675,0.081621,0.026995,0.019257,True,True,True,0.0,False,False,37.393
1633,81.65,4,distraction,distracted,0.958286,0.041209,0.000249,0.0,0.000256,0.958286,0.041406,0.951104,0.0,0.153314,0.133552,0.117684,0.081618,0.027041,0.019274,True,True,True,0.0,False,False,37.162
1634,81.7,4,distraction,distracted,0.962784,0.036738,0.000235,0.0,0.000243,0.962784,0.040035,0.950838,0.0,0.153177,0.133515,0.117349,0.081617,0.027041,0.019272,True,True,True,0.0,False,False,37.534
1635,81.75,4,distraction,distracted,0.970128,0.029436,0.000214,0.0,0.000222,0.970128,0.04013,0.950916,0.0,0.153143,0.133478,0.11699,0.081618,0.02704,0.019269,True,True,True,0.0,False,False,46.055
1636,81.8,4,distraction,distracted,0.971251,0.028326,0.000208,0.0,0.000215,0.971251,0.037938,0.951268,0.0,0.15311,0.133453,0.116923,0.081618,0.02704,0.019253,True,True,True,0.0,False,False,37.226
1637,81.85,4,distraction,distracted,0.975447,0.024146,0.0002,0.0,0.000207,0.975447,0.038656,0.950788,0.0,0.153075,0.133292,0.116532,0.081618,0.026994,0.019251,True,True,True,0.0,False,False,37.159
1638,81.9,4,distraction,distracted,0.978679,0.020921,0.000196,0.0,0.000205,0.978679,0.04018,0.950529,0.0,0.153024,0.133422,0.115672,0.081618,0.02704,0.018299,True,True,True,0.0,False,False,37.382
1639,81.95,4,distraction,distracted,0.98068,0.018942,0.000183,0.0,0.000194,0.98068,0.043424,0.950418,0.0,0.152943,0.13342,0.115139,0.081615,0.02704,0.017743,True,True,True,0.0,False,False,37.226
1640,82.0,4,distraction,distracted,0.982447,0.017191,0.000176,0.0,0.000186,0.982447,0.071509,0.941972,0.0,0.153025,0.133465,0.114626,0.081618,0.02704,0.017184,True,True,True,0.0,False,False,45.975
1641,82.05,4,distraction,distracted,0.981748,0.017877,0.000178,0.0,0.000196,0.981748,0.115959,0.935157,0.0,0.153355,0.133589,0.114627,0.081623,0.02704,0.01717,True,True,True,0.0,False,False,37.369
1642,82.1,4,distraction,distracted,0.985265,0.014387,0.000165,0.0,0.000183,0.985265,0.360689,0.891712,0.0,0.154889,0.133951,0.114344,0.081649,0.026997,0.01661,True,True,True,0.0,False,False,37.69
1643,82.15,4,distraction,distracted,0.987254,0.012402,0.000162,0.0,0.000182,0.987254,0.504746,0.820909,0.0,0.156994,0.134801,0.113684,0.081705,0.02705,0.015517,True,True,True,0.0,False,False,37.47
1644,82.2,4,distraction,distracted,0.988459,0.0112,0.000159,0.0,0.000182,0.988459,0.503233,0.858754,0.0,0.159156,0.135524,0.113548,0.081744,0.027054,0.015001,True,True,True,0.0,False,False,37.407
1645,82.25,4,distraction,distracted,0.988174,0.011487,0.000154,0.0,0.000185,0.988174,0.406989,0.910882,0.0,0.160927,0.136126,0.113424,0.08176,0.027056,0.014556,True,True,True,0.0,False,False,46.456
1646,82.3,4,distraction,distracted,0.984062,0.015565,0.000158,0.0,0.000215,0.984062,0.228811,0.934403,0.0,0.161844,0.136444,0.11352,0.081766,0.027057,0.014544,True,True,True,0.0,False,False,38.001
1647,82.35,4,distraction,distracted,0.984815,0.014828,0.000145,0.0,0.000211,0.984815,0.095907,0.947522,0.0,0.162098,0.136376,0.113193,0.081767,0.027011,0.014144,True,True,True,0.0,False,False,37.925
1648,82.4,4,distraction,distracted,0.979815,0.019805,0.000148,0.0,0.000232,0.979815,0.047883,0.953518,0.0,0.162104,0.136542,0.112623,0.081764,0.027057,0.013459,True,True,True,0.0,False,False,37.758
1649,82.45,4,distraction,distracted,0.973599,0.025987,0.000152,0.0,0.000262,0.973599,0.039402,0.954176,0.0,0.162078,0.136533,0.112426,0.081762,0.027056,0.013459,True,True,True,1.0,False,False,37.938
1650,82.5,4,distraction,distracted,0.955638,0.043854,0.000168,0.0,0.000339,0.955638,0.041153,0.953018,0.0,0.162071,0.136502,0.11233,0.081761,0.027056,0.013459,True,True,True,1.0,False,False,46.725
1651,82.55,4,distraction,distracted,0.929263,0.070122,0.000179,0.0,0.000436,0.929263,0.044344,0.950569,0.0,0.162064,0.136433,0.112273,0.08176,0.027056,0.013447,True,True,True,0.0,False,False,37.741
1652,82.6,4,distraction,distracted,0.909276,0.090036,0.000182,0.0,0.000506,0.909276,0.043142,0.950372,0.0,0.162048,0.136275,0.112229,0.08176,0.02701,0.013447,True,True,True,0.0,False,False,37.333
1653,82.65,4,distraction,distracted,0.886053,0.113123,0.000191,0.0,0.000633,0.886053,0.045362,0.949596,0.0,0.162042,0.136322,0.11227,0.081759,0.027055,0.013459,True,True,True,0.0,False,False,37.217
1654,82.7,4,distraction,distracted,0.816368,0.182495,0.000211,0.0,0.000926,0.816368,0.040672,0.951352,0.0,0.162014,0.13627,0.112264,0.081759,0.027055,0.013459,True,True,True,0.0,False,False,37.264
1655,82.75,4,distraction,distracted,0.773401,0.225169,0.000212,0.0,0.001217,0.773401,0.041081,0.951402,0.0,0.16191,0.136195,0.112255,0.081756,0.027055,0.013459,True,True,True,1.0,False,False,45.878
1656,82.8,4,distraction,distracted,0.746879,0.251458,0.00021,0.0,0.001453,0.746879,0.039344,0.952647,0.0,0.161804,0.136077,0.112193,0.081753,0.027054,0.013447,True,True,True,1.0,False,False,37.391
1657,82.85,4,distraction,distracted,0.802573,0.195863,0.000197,0.0,0.001366,0.802573,0.040592,0.952406,0.0,0.161752,0.135915,0.112179,0.081752,0.027008,0.013447,True,True,True,1.0,False,False,37.232
1658,82.9,4,distraction,distracted,0.822458,0.175967,0.000195,0.0,0.00138,0.822458,0.049454,0.949758,0.0,0.16173,0.135986,0.112221,0.081751,0.027053,0.013459,True,True,True,1.0,False,False,37.38
1659,82.95,4,distraction,distracted,0.837825,0.160643,0.000188,0.0,0.001344,0.837825,0.058901,0.947506,0.0,0.161781,0.135953,0.112231,0.081751,0.027053,0.013459,True,True,True,1.0,False,False,37.429
1660,83.0,4,distraction,distracted,0.881744,0.117085,0.000172,0.0,0.000999,0.881744,0.049277,0.950186,0.0,0.1618,0.135928,0.112232,0.081751,0.027053,0.013459,True,True,True,1.0,False,False,46.114
1661,83.05,4,distraction,distracted,0.908956,0.090133,0.000162,0.0,0.000748,0.908956,0.041589,0.951897,0.0,0.161777,0.135893,0.112172,0.08175,0.027053,0.013447,True,True,True,1.0,False,False,37.368
1662,83.1,4,distraction,distracted,0.910258,0.088944,0.000162,0.0,0.000635,0.910258,0.041667,0.951947,0.0,0.161774,0.135732,0.11217,0.081749,0.027007,0.013447,True,True,True,1.0,False,False,37.307
1663,83.15,4,distraction,distracted,0.853008,0.145994,0.00019,0.0,0.000807,0.853008,0.042937,0.950974,0.0,0.161787,0.135872,0.112224,0.081749,0.027052,0.013459,True,True,True,1.0,False,False,37.29
1664,83.2,4,distraction,distracted,0.84569,0.153329,0.000188,0.0,0.000793,0.84569,0.042639,0.95119,0.0,0.161791,0.13587,0.112221,0.081749,0.027052,0.013459,True,True,True,0.971324,False,False,37.279
1665,83.25,4,distraction,distracted,0.90061,0.098607,0.000166,0.0,0.000617,0.90061,0.044239,0.950726,0.0,0.161782,0.13587,0.112221,0.081748,0.027052,0.013459,True,True,True,0.812752,False,False,46.093
1666,83.3,4,distraction,distracted,0.808873,0.190013,0.000209,0.0,0.000905,0.808873,0.050118,0.949609,0.0,0.161752,0.135883,0.112169,0.081747,0.027052,0.013447,True,True,True,0.562012,False,False,37.408
1667,83.35,4,distraction,distracted,0.862606,0.136468,0.000185,0.0,0.00074,0.862606,0.054793,0.947884,0.0,0.161597,0.135746,0.112176,0.081744,0.027006,0.013447,True,True,True,0.562012,False,False,37.31
1668,83.4,4,distraction,distracted,0.899381,0.099826,0.000172,0.0,0.000621,0.899381,0.047088,0.949908,0.0,0.161562,0.135859,0.112231,0.081744,0.027052,0.013459,True,True,True,0.562012,False,False,37.167
1669,83.45,4,distraction,distracted,0.875116,0.123978,0.000184,0.0,0.000722,0.875116,0.045663,0.951183,0.0,0.161552,0.135844,0.112234,0.081743,0.027052,0.013459,True,True,True,0.448486,False,False,37.404
1670,83.5,4,distraction,distracted,0.902668,0.096522,0.000171,0.0,0.000639,0.902668,0.051571,0.948973,0.0,0.161587,0.135811,0.112237,0.081743,0.027052,0.013459,True,True,True,0.566704,False,False,48.056
1671,83.55,4,distraction,distracted,0.95536,0.044132,0.000142,0.0,0.000366,0.95536,0.045601,0.950477,0.0,0.161599,0.135727,0.11218,0.081743,0.027051,0.013447,True,True,True,0.0,False,False,39.331
1672,83.6,4,distraction,distracted,0.960219,0.039325,0.000144,0.0,0.000312,0.960219,0.044643,0.949519,0.0,0.161607,0.135572,0.112181,0.081743,0.027005,0.013447,True,True,True,0.0,False,False,38.076
1673,83.65,4,distraction,distracted,0.95182,0.047737,0.000154,0.0,0.000289,0.95182,0.04522,0.94922,0.0,0.161628,0.135688,0.112236,0.081743,0.027051,0.013459,True,True,True,0.0,False,False,37.557
1674,83.7,4,distraction,distracted,0.958188,0.041417,0.000155,0.0,0.00024,0.958188,0.042914,0.950289,0.0,0.161587,0.135658,0.112235,0.081741,0.027051,0.013459,True,True,True,0.109169,False,False,38.528
1675,83.75,4,distraction,distracted,0.950849,0.048743,0.000168,0.0,0.00024,0.950849,0.041502,0.951996,0.0,0.161512,0.135593,0.11223,0.081739,0.02705,0.013458,True,True,True,0.057671,False,False,48.239
1676,83.8,4,distraction,distracted,0.925725,0.073807,0.000192,0.0,0.000276,0.925725,0.044843,0.949405,0.0,0.161496,0.135542,0.112173,0.081739,0.02705,0.013447,True,True,True,0.0,False,False,38.833
1677,83.85,4,distraction,distracted,0.943554,0.056032,0.000182,0.0,0.000232,0.943554,0.062739,0.942739,0.0,0.159667,0.135419,0.112186,0.081702,0.027005,0.013447,True,True,True,0.0,False,False,38.548
1678,83.9,4,distraction,distracted,0.949687,0.049917,0.000181,0.0,0.000215,0.949687,0.064569,0.943904,0.0,0.157621,0.135508,0.112252,0.081664,0.02705,0.013459,True,True,True,0.264809,False,False,38.704
1679,83.95,4,distraction,distracted,0.942922,0.05666,0.000193,0.0,0.000224,0.942922,0.051532,0.947732,0.0,0.155503,0.135459,0.112239,0.081624,0.02705,0.013459,True,True,True,0.0,False,False,37.297
1680,84.0,4,distraction,distracted,0.935057,0.064502,0.000206,0.0,0.000235,0.935057,0.047344,0.949333,0.0,0.15365,0.135388,0.112234,0.081605,0.02705,0.013459,True,True,True,0.0,False,False,47.203
1681,84.05,4,distraction,distracted,0.908464,0.091035,0.000229,0.0,0.000272,0.908464,0.047536,0.949114,0.0,0.152593,0.135345,0.11218,0.081597,0.027049,0.013447,True,True,True,0.068428,False,False,37.45
1682,84.1,4,distraction,distracted,0.889761,0.109708,0.00024,0.0,0.000291,0.889761,0.046564,0.948334,0.0,0.152199,0.135195,0.112175,0.081597,0.027004,0.013447,True,True,True,0.314097,False,False,38.603
1683,84.15,4,distraction,distracted,0.899675,0.099823,0.00023,0.0,0.000272,0.899675,0.046088,0.949,0.0,0.15214,0.135298,0.112228,0.081599,0.027049,0.013458,True,True,True,0.326796,False,False,37.603
1684,84.2,4,distraction,distracted,0.938368,0.061207,0.000201,0.0,0.000224,0.938368,0.045837,0.949306,0.0,0.152117,0.135274,0.112228,0.081601,0.027049,0.013458,True,True,True,0.326796,False,False,37.47
1685,84.25,4,distraction,distracted,0.956071,0.043549,0.000182,0.0,0.000198,0.956071,0.044836,0.948857,0.0,0.152127,0.135206,0.112224,0.081598,0.027049,0.013458,True,True,True,0.0,False,False,46.157
1686,84.3,4,distraction,distracted,0.961318,0.03832,0.000174,0.0,0.000188,0.961318,0.042825,0.950129,0.0,0.152146,0.13514,0.112166,0.081595,0.027048,0.013447,True,True,True,0.0,False,False,37.2
1687,84.35,4,distraction,distracted,0.955949,0.043664,0.000187,0.0,0.0002,0.955949,0.043347,0.949381,0.0,0.152164,0.134984,0.112164,0.081591,0.027002,0.013447,True,True,True,0.353958,False,False,37.359
1688,84.4,4,distraction,distracted,0.962,0.037625,0.000182,0.0,0.000193,0.962,0.044076,0.950007,0.0,0.152178,0.135048,0.112221,0.081586,0.027048,0.013458,True,True,True,0.259773,False,False,37.385
1689,84.45,4,distraction,distracted,0.957594,0.042012,0.000192,0.0,0.000202,0.957594,0.042918,0.950333,0.0,0.152181,0.134994,0.112221,0.081581,0.027047,0.013458,True,True,True,0.0,False,False,38.572
1690,84.5,4,distraction,distracted,0.952833,0.046758,0.000199,0.0,0.000211,0.952833,0.041033,0.950739,0.0,0.152203,0.134933,0.11222,0.081581,0.027047,0.013458,True,True,True,0.0,False,False,47.325
1691,84.55,4,distraction,distracted,0.953392,0.046205,0.000196,0.0,0.000207,0.953392,0.041252,0.95003,0.0,0.152226,0.134865,0.11216,0.081582,0.027047,0.013447,True,True,True,0.0,False,False,37.002
1692,84.6,4,distraction,distracted,0.958969,0.040644,0.00019,0.0,0.000197,0.958969,0.039113,0.951178,0.0,0.15223,0.134702,0.11216,0.081582,0.027001,0.013447,True,True,True,0.0,False,False,37.067
1693,84.65,4,distraction,distracted,0.953318,0.046277,0.000199,0.0,0.000206,0.953318,0.039102,0.950456,0.0,0.152218,0.134157,0.112224,0.081582,0.027042,0.013458,True,True,True,0.0,False,False,37.166
1694,84.7,4,distraction,distracted,0.944544,0.055029,0.000208,0.0,0.000218,0.944544,0.040625,0.950454,0.0,0.152221,0.133428,0.112224,0.081582,0.027036,0.013458,True,True,True,0.0,False,False,37.217
1695,84.75,4,distraction,distracted,0.921099,0.078424,0.00023,0.0,0.000247,0.921099,0.04637,0.948427,0.0,0.152252,0.132666,0.112229,0.081583,0.02703,0.013459,True,True,True,0.0,False,False,47.256
1696,84.8,4,distraction,distracted,0.8617,0.13771,0.000283,0.0,0.000307,0.8617,0.047329,0.947681,0.0,0.152288,0.131909,0.112174,0.081584,0.027024,0.013447,True,True,True,0.0,False,False,38.509
1697,84.85,4,distraction,distracted,0.810241,0.189084,0.000321,0.0,0.000354,0.810241,0.046619,0.94905,0.0,0.152294,0.131765,0.112176,0.081584,0.026979,0.013447,True,True,True,0.0,False,False,38.744
1698,84.9,4,distraction,distracted,0.691383,0.307817,0.000366,0.0,0.000434,0.691383,0.049825,0.948073,0.0,0.152317,0.130567,0.112239,0.081584,0.027018,0.013459,True,True,True,0.0,False,False,38.565
1699,84.95,0,alert,alert,0.513235,0.513235,0.000389,0.0,0.000537,0.485839,0.052542,0.946682,0.0,0.152362,0.130197,0.112244,0.081585,0.027017,0.013459,True,True,True,0.0,False,False,38.563
1700,85.0,0,alert,alert,0.654832,0.654832,0.000371,0.0,0.00059,0.344207,0.054787,0.945895,0.0,0.152416,0.130102,0.112247,0.081587,0.027017,0.013459,True,True,True,0.0,False,False,47.659
1701,85.05,0,alert,alert,0.6751,0.6751,0.000371,0.0,0.00061,0.323919,0.048512,0.947327,0.0,0.152451,0.130098,0.112193,0.081588,0.027017,0.013447,True,True,True,0.0,False,False,38.339
1702,85.1,0,alert,alert,0.713986,0.713986,0.000374,0.0,0.000628,0.285012,0.04609,0.94783,0.0,0.152479,0.129956,0.112191,0.081589,0.026972,0.013447,True,True,True,0.0,False,False,38.824
1703,85.15,0,alert,alert,0.737687,0.737687,0.000365,0.0,0.000637,0.261311,0.046032,0.947991,0.0,0.152525,0.129543,0.112246,0.081591,0.027015,0.013459,True,True,True,0.0,False,False,38.297
1704,85.2,0,alert,alert,0.759216,0.759216,0.00036,0.0,0.000649,0.239775,0.044242,0.948779,0.0,0.152565,0.128836,0.112245,0.081592,0.027009,0.013459,True,True,True,0.0,False,False,37.516
1705,85.25,0,alert,alert,0.772604,0.772604,0.000361,0.0,0.000667,0.226368,0.043039,0.949183,0.0,0.152593,0.128061,0.112242,0.081593,0.027002,0.013459,True,True,True,0.0,False,False,45.933
1706,85.3,0,alert,alert,0.807613,0.807613,0.000349,0.0,0.000693,0.191345,0.044093,0.949329,0.0,0.152626,0.127149,0.112184,0.081594,0.026996,0.013447,True,True,True,0.0,False,False,37.33
1707,85.35,0,alert,alert,0.783193,0.783193,0.000365,0.0,0.000724,0.215718,0.044537,0.949077,0.0,0.152647,0.12701,0.112185,0.081595,0.02695,0.013447,True,True,True,0.0,False,False,37.303
1708,85.4,0,alert,alert,0.731084,0.731084,0.000386,0.0,0.000713,0.267817,0.046833,0.948668,0.0,0.152667,0.125018,0.112241,0.081596,0.026982,0.013459,True,True,True,0.0,False,False,37.428
1709,85.45,0,alert,alert,0.755264,0.755264,0.000366,0.0,0.000697,0.243673,0.048018,0.947982,0.0,0.152692,0.123934,0.112242,0.081597,0.026974,0.013459,True,True,True,0.0,False,False,38.39
1710,85.5,0,alert,alert,0.765582,0.765582,0.000357,0.0,0.000699,0.233363,0.054262,0.945798,0.0,0.152758,0.122854,0.112245,0.081599,0.026966,0.013459,True,True,True,0.0,False,False,47.504
1711,85.55,0,alert,alert,0.788703,0.788703,0.000343,0.0,0.000693,0.21026,0.054718,0.946149,0.0,0.152806,0.121965,0.112197,0.0816,0.026962,0.013447,True,True,True,0.0,False,False,37.234
1712,85.6,0,alert,alert,0.74523,0.74523,0.000364,0.0,0.000699,0.253707,0.060822,0.944077,0.0,0.152869,0.121862,0.112201,0.081601,0.026916,0.013447,True,True,True,0.0,False,False,38.647
1713,85.65,0,alert,alert,0.787546,0.787546,0.000344,0.0,0.000678,0.211431,0.055913,0.945556,0.0,0.151098,0.120864,0.112244,0.081564,0.02696,0.013459,True,True,True,0.0,False,False,37.478
1714,85.7,0,alert,alert,0.766621,0.766621,0.000363,0.0,0.000676,0.23234,0.053126,0.945871,0.0,0.148961,0.120758,0.112239,0.081512,0.02696,0.013459,True,True,True,0.037071,False,False,37.102
1715,85.75,0,alert,alert,0.807448,0.807448,0.00035,0.0,0.00067,0.191532,0.055901,0.945419,0.0,0.146477,0.120757,0.112237,0.081468,0.02696,0.013459,True,True,True,0.037071,False,False,46.215
1716,85.8,0,alert,alert,0.721067,0.721067,0.000406,0.0,0.000693,0.277834,0.054712,0.946665,0.0,0.143645,0.120774,0.112189,0.078389,0.026961,0.013447,True,True,True,0.0,False,False,37.569
1717,85.85,0,alert,alert,0.647587,0.647587,0.000446,0.0,0.000686,0.351281,0.059935,0.943287,0.0,0.140584,0.120671,0.112197,0.075061,0.026916,0.013447,True,True,True,0.0,False,False,38.029
1718,85.9,0,alert,alert,0.789214,0.789214,0.000382,0.0,0.00067,0.209734,0.053744,0.945955,0.0,0.137312,0.120838,0.112234,0.071563,0.026962,0.013459,True,True,True,0.0,False,False,37.364
1719,85.95,0,alert,alert,0.828327,0.828327,0.000365,0.0,0.000669,0.170639,0.051606,0.947306,0.0,0.134053,0.120864,0.112231,0.068097,0.026962,0.013458,True,True,True,0.0,False,False,38.661
1720,86.0,0,alert,alert,0.846714,0.846714,0.000363,0.0,0.00067,0.152253,0.050291,0.945901,0.0,0.131074,0.120885,0.112226,0.064901,0.026962,0.013458,True,True,True,0.0,False,False,47.168
1721,86.05,0,alert,alert,0.904287,0.904287,0.000312,0.0,0.000661,0.094739,0.046118,0.94867,0.0,0.128013,0.120879,0.11217,0.061639,0.026962,0.013447,True,True,True,0.0,False,False,37.69
1722,86.1,0,alert,alert,0.878554,0.878554,0.00035,0.0,0.000707,0.120389,0.045517,0.948691,0.0,0.125009,0.120752,0.112168,0.058432,0.026917,0.013447,True,True,True,0.0,False,False,38.784
1723,86.15,0,alert,alert,0.867069,0.867069,0.000354,0.0,0.000716,0.13186,0.043104,0.949391,0.0,0.121682,0.120796,0.112224,0.05493,0.026962,0.013459,True,True,True,0.0,False,False,38.259
1724,86.2,0,alert,alert,0.813947,0.813947,0.000405,0.0,0.000734,0.184914,0.045038,0.949271,0.0,0.118345,0.120757,0.112223,0.051421,0.026961,0.013459,True,True,True,0.0,False,False,38.64
1725,86.25,0,alert,alert,0.746845,0.746845,0.000441,0.0,0.000714,0.252001,0.047093,0.948324,0.0,0.11509,0.120752,0.112222,0.047993,0.026961,0.013458,True,True,True,0.0,False,False,47.557
1726,86.3,0,alert,alert,0.806779,0.806779,0.00039,0.0,0.000666,0.192165,0.045409,0.948978,0.0,0.111932,0.120753,0.112166,0.04466,0.026961,0.013447,True,True,True,0.0,False,False,38.881
1727,86.35,0,alert,alert,0.822899,0.822899,0.00038,0.0,0.000656,0.176065,0.041551,0.950364,0.0,0.109303,0.120619,0.112157,0.041847,0.026916,0.013447,True,True,True,0.0,False,False,37.521
1728,86.4,0,alert,alert,0.763322,0.763322,0.000409,0.0,0.000658,0.235611,0.051024,0.947102,0.0,0.107503,0.120756,0.112212,0.039799,0.026961,0.013458,True,True,True,0.0,False,False,37.494
1729,86.45,0,alert,alert,0.714054,0.714054,0.000427,0.0,0.000641,0.284879,0.05949,0.943829,0.0,0.106681,0.120767,0.112213,0.039799,0.026962,0.013458,True,True,True,0.015513,False,False,37.456
1730,86.5,0,alert,alert,0.739603,0.739603,0.000402,0.0,0.000626,0.259369,0.048338,0.948127,0.0,0.106486,0.12076,0.112208,0.0398,0.026962,0.013458,True,True,True,0.015513,False,False,45.998
1731,86.55,0,alert,alert,0.699836,0.699836,0.000415,0.0,0.00062,0.299129,0.048098,0.947382,0.0,0.106478,0.12075,0.112154,0.039803,0.026961,0.013447,True,True,True,0.0,False,False,37.133
1732,86.6,0,alert,alert,0.699987,0.699987,0.000418,0.0,0.000617,0.298978,0.047337,0.947959,0.0,0.106507,0.120626,0.112151,0.039805,0.026916,0.013447,True,True,True,0.0,False,False,38.546
1733,86.65,0,alert,alert,0.688919,0.688919,0.000423,0.0,0.000618,0.31004,0.047341,0.947647,0.0,0.106554,0.120755,0.112202,0.039807,0.026961,0.013458,True,True,True,0.0,False,False,38.736
1734,86.7,0,alert,alert,0.71744,0.71744,0.000422,0.0,0.000623,0.281516,0.045355,0.948476,0.0,0.106601,0.120753,0.112201,0.039808,0.026961,0.013458,True,True,True,0.0,False,False,38.722
1735,86.75,0,alert,alert,0.785468,0.785468,0.000398,0.0,0.000627,0.213507,0.042431,0.950064,0.0,0.106632,0.12075,0.112201,0.039809,0.026961,0.013458,True,True,True,0.0,False,False,47.529
1736,86.8,0,alert,alert,0.789253,0.789253,0.000401,0.0,0.000637,0.209709,0.041123,0.951282,0.0,0.10666,0.120744,0.112141,0.039809,0.026961,0.013447,True,True,True,0.0,False,False,39.468
1737,86.85,0,alert,alert,0.725998,0.725998,0.000436,0.0,0.000661,0.272905,0.043488,0.950386,0.0,0.106693,0.120613,0.112142,0.039809,0.026916,0.013447,True,True,True,0.0,False,False,37.683
1738,86.9,0,alert,alert,0.690637,0.690637,0.000443,0.0,0.000675,0.308245,0.047183,0.949536,0.0,0.10673,0.120135,0.112202,0.03981,0.026958,0.013458,True,True,True,0.0,False,False,37.897
1739,86.95,0,alert,alert,0.639378,0.639378,0.000452,0.0,0.000689,0.359482,0.053441,0.947745,0.0,0.106778,0.11947,0.112204,0.03981,0.026953,0.013458,True,True,True,0.0,False,False,37.647
1740,87.0,0,alert,alert,0.634887,0.634887,0.000429,0.0,0.000675,0.364009,0.048284,0.947431,0.0,0.106719,0.118828,0.112205,0.03981,0.026951,0.013458,True,True,True,0.0,False,False,46.1
1741,87.05,0,alert,alert,0.644945,0.644945,0.000412,0.0,0.00066,0.353984,0.04849,0.947418,0.0,0.106669,0.118349,0.112151,0.03981,0.026949,0.013447,True,True,True,0.0,False,False,37.308
1742,87.1,0,alert,alert,0.523405,0.523405,0.000437,0.0,0.000637,0.475521,0.420037,0.880125,0.0,0.108369,0.118822,0.112445,0.039823,0.026907,0.013448,True,True,True,0.0,False,False,37.361
1743,87.15,4,distraction,distracted,0.544874,0.454054,0.000472,0.0,0.0006,0.544874,0.516747,0.813673,0.0,0.10861,0.119341,0.11252,0.039833,0.026959,0.01346,True,True,True,0.0,False,False,37.138
1744,87.2,4,distraction,distracted,0.534952,0.463926,0.000513,0.0,0.000608,0.534952,0.513046,0.840479,0.0,0.108612,0.120045,0.112528,0.039832,0.026964,0.013459,True,True,True,0.0,False,False,37.309
1745,87.25,4,distraction,distracted,0.59856,0.400314,0.000539,0.0,0.000588,0.59856,0.479094,0.880167,0.0,0.108481,0.120732,0.112514,0.039822,0.026968,0.013459,True,True,True,0.0,False,False,47.274
1746,87.3,4,distraction,distracted,0.546528,0.452338,0.000527,0.0,0.000606,0.546528,0.354118,0.916616,0.0,0.108048,0.121237,0.112711,0.039818,0.026969,0.013448,True,True,True,0.0,False,False,38.49
1747,87.35,4,distraction,distracted,0.597797,0.401101,0.000512,0.0,0.00059,0.597797,0.164354,0.94179,0.0,0.107494,0.121309,0.112491,0.039815,0.026924,0.013447,True,True,True,0.0,False,False,38.883
1748,87.4,4,distraction,distracted,0.650059,0.3489,0.00048,0.0,0.000561,0.650059,0.065872,0.95312,0.0,0.107303,0.121468,0.112325,0.039813,0.02697,0.013458,True,True,True,0.0,False,False,37.399
1749,87.45,4,distraction,distracted,0.607637,0.391325,0.00047,0.0,0.000568,0.607637,0.044844,0.955636,0.0,0.107278,0.121444,0.112319,0.039813,0.026969,0.013458,True,True,True,0.0,False,False,37.287
1750,87.5,4,distraction,distracted,0.709294,0.289763,0.000442,0.0,0.000501,0.709294,0.039883,0.954438,0.0,0.107272,0.12084,0.112318,0.039813,0.026965,0.013458,True,True,True,0.0,False,False,45.908
1751,87.55,4,distraction,distracted,0.82374,0.175465,0.000389,0.0,0.000406,0.82374,0.0379,0.952909,0.0,0.10727,0.120127,0.112255,0.039813,0.026959,0.013447,True,True,True,0.0,False,False,36.999
1752,87.6,4,distraction,distracted,0.883426,0.115901,0.000333,0.0,0.00034,0.883426,0.038766,0.95234,0.0,0.107247,0.119989,0.112255,0.039812,0.026913,0.013447,True,True,True,0.0,False,False,37.275
1753,87.65,4,distraction,distracted,0.899009,0.100379,0.0003,0.0,0.000312,0.899009,0.037518,0.95175,0.0,0.107229,0.118755,0.112318,0.039812,0.026953,0.013458,True,True,True,0.0,False,False,37.554
1754,87.7,4,distraction,distracted,0.90826,0.091174,0.000276,0.0,0.00029,0.90826,0.038406,0.951265,0.0,0.107205,0.118351,0.112317,0.039812,0.026952,0.013458,True,True,True,0.0,False,False,37.614
1755,87.75,4,distraction,distracted,0.935296,0.064194,0.000255,0.0,0.000255,0.935296,0.038862,0.951113,0.0,0.107191,0.118174,0.112316,0.039812,0.026951,0.013458,True,True,True,0.0,False,False,46.219
1756,87.8,4,distraction,distracted,0.936131,0.063359,0.000258,0.0,0.000252,0.936131,0.038637,0.950932,0.0,0.107179,0.11813,0.112253,0.039812,0.026951,0.013447,True,True,True,0.0,False,False,37.567
1757,87.85,4,distraction,distracted,0.93673,0.06276,0.000261,0.0,0.000249,0.93673,0.037846,0.950867,0.0,0.107162,0.117994,0.112252,0.039812,0.026905,0.013447,True,True,True,0.0,False,False,37.574
1758,87.9,4,distraction,distracted,0.946943,0.052572,0.000249,0.0,0.000236,0.946943,0.040568,0.950122,0.0,0.107159,0.118082,0.112313,0.039812,0.026951,0.013458,True,True,True,0.0,False,False,37.191
1759,87.95,4,distraction,distracted,0.954543,0.044989,0.000239,0.0,0.000229,0.954543,0.039363,0.951209,0.0,0.107152,0.118033,0.112307,0.039812,0.026951,0.013458,True,True,True,0.0,False,False,38.769
1760,88.0,4,distraction,distracted,0.957839,0.041706,0.00023,0.0,0.000225,0.957839,0.038811,0.950758,0.0,0.107148,0.11801,0.112304,0.039812,0.026951,0.013458,True,True,True,0.0,False,False,47.487
1761,88.05,4,distraction,distracted,0.955983,0.043568,0.000224,0.0,0.000225,0.955983,0.037118,0.95144,0.0,0.107129,0.117993,0.11224,0.039812,0.026951,0.013447,True,True,True,0.0,False,False,38.723
1762,88.1,4,distraction,distracted,0.953605,0.045948,0.000221,0.0,0.000226,0.953605,0.038452,0.950663,0.0,0.107103,0.117858,0.112239,0.039812,0.026905,0.013447,True,True,True,0.071976,False,False,38.602
1763,88.15,4,distraction,distracted,0.940724,0.058801,0.000233,0.0,0.000242,0.940724,0.045218,0.948559,0.0,0.107045,0.116656,0.112302,0.039811,0.026942,0.013458,True,True,True,0.071976,False,False,38.611
1764,88.2,4,distraction,distracted,0.924671,0.074822,0.000245,0.0,0.000262,0.924671,0.050298,0.945534,0.0,0.107047,0.11593,0.112304,0.039812,0.026935,0.013458,True,True,True,0.0,False,False,38.33
1765,88.25,4,distraction,distracted,0.930369,0.069135,0.00024,0.0,0.000257,0.930369,0.054368,0.946576,0.0,0.107071,0.115145,0.112309,0.039812,0.026928,0.013458,True,True,True,0.0,False,False,47.756
1766,88.3,4,distraction,distracted,0.940463,0.059059,0.000229,0.0,0.000249,0.940463,0.05988,0.94637,0.0,0.107137,0.114419,0.112265,0.039812,0.026922,0.013447,True,True,True,0.0,False,False,37.171
1767,88.35,4,distraction,distracted,0.948895,0.050648,0.000216,0.0,0.000241,0.948895,0.058079,0.945518,0.0,0.107204,0.114324,0.112266,0.039813,0.026877,0.013447,True,True,True,0.0,False,False,38.456
1768,88.4,4,distraction,distracted,0.943496,0.056043,0.000212,0.0,0.000248,0.943496,0.054839,0.946819,0.0,0.107227,0.113045,0.112308,0.039813,0.026915,0.013458,True,True,True,0.0,False,False,37.523
1769,88.45,4,distraction,distracted,0.948299,0.051253,0.000206,0.0,0.000243,0.948299,0.051842,0.947242,0.0,0.107224,0.11256,0.112307,0.039813,0.026914,0.013458,True,True,True,0.0,False,False,37.323
1770,88.5,4,distraction,distracted,0.956346,0.043226,0.000198,0.0,0.000229,0.956346,0.052245,0.946403,0.0,0.107253,0.112374,0.112307,0.039814,0.026913,0.013458,True,True,True,0.0,False,False,47.442
1771,88.55,4,distraction,distracted,0.945399,0.054149,0.000208,0.0,0.000244,0.945399,0.046743,0.948529,0.0,0.107262,0.112332,0.112251,0.039814,0.026913,0.013447,True,True,True,0.0,False,False,37.255
1772,88.6,4,distraction,distracted,0.949271,0.050285,0.000206,0.0,0.000237,0.949271,0.045282,0.94908,0.0,0.107239,0.112219,0.11225,0.039814,0.026868,0.013447,True,True,True,0.0,False,False,38.275
1773,88.65,4,distraction,distracted,0.954111,0.045454,0.000206,0.0,0.000229,0.954111,0.046059,0.948428,0.0,0.107236,0.111668,0.112309,0.039814,0.026909,0.013458,True,True,True,0.0,False,False,37.927
1774,88.7,4,distraction,distracted,0.927483,0.072008,0.000238,0.0,0.000271,0.927483,0.045211,0.948295,0.0,0.107225,0.110962,0.112311,0.039815,0.026902,0.013458,True,True,True,0.0,False,False,37.588
1775,88.75,4,distraction,distracted,0.930849,0.068664,0.000226,0.0,0.00026,0.930849,0.046986,0.948266,0.0,0.107,0.110217,0.112305,0.039812,0.026896,0.013458,True,True,True,0.0,False,False,47.615
1776,88.8,4,distraction,distracted,0.925869,0.073639,0.000225,0.0,0.000266,0.925869,0.054737,0.94678,0.0,0.105183,0.109495,0.112257,0.039792,0.02689,0.013447,True,True,True,0.0,False,False,39.015
1777,88.85,4,distraction,distracted,0.931476,0.068045,0.00022,0.0,0.000258,0.931476,0.054838,0.946112,0.0,0.103062,0.109403,0.112254,0.039765,0.026844,0.013447,True,True,True,0.0,False,False,37.471
1778,88.9,4,distraction,distracted,0.930644,0.068874,0.000221,0.0,0.000261,0.930644,0.053617,0.946565,0.0,0.100527,0.108273,0.11231,0.036994,0.026886,0.013458,True,True,True,0.0,False,False,38.508
1779,88.95,4,distraction,distracted,0.882232,0.117188,0.000253,0.0,0.000327,0.882232,0.055228,0.94702,0.0,0.097602,0.10802,0.112305,0.033827,0.026885,0.013458,True,True,True,0.0,False,False,38.535
1780,89.0,4,distraction,distracted,0.875677,0.12374,0.000251,0.0,0.000332,0.875677,0.055502,0.946821,0.0,0.094527,0.107947,0.112302,0.030519,0.026885,0.013458,True,True,True,0.0,False,False,47.412
1781,89.05,4,distraction,distracted,0.847493,0.151881,0.000267,0.0,0.000359,0.847493,0.051065,0.947717,0.0,0.09135,0.107951,0.112251,0.02714,0.026886,0.013447,True,True,True,0.0,False,False,37.507
1782,89.1,4,distraction,distracted,0.798533,0.200782,0.000282,0.0,0.000403,0.798533,0.049165,0.948566,0.0,0.088321,0.107852,0.112247,0.023917,0.02684,0.013447,True,True,True,0.0,False,False,37.971
1783,89.15,4,distraction,distracted,0.756974,0.242296,0.000297,0.0,0.000432,0.756974,0.053342,0.946578,0.0,0.085185,0.107994,0.112298,0.020573,0.026886,0.013458,True,True,True,0.0,False,False,38.974
1784,89.2,4,distraction,distracted,0.701367,0.297846,0.000323,0.0,0.000464,0.701367,0.057969,0.94502,0.0,0.082043,0.108026,0.112297,0.017206,0.026887,0.013458,True,True,True,0.0,False,False,39.077
1785,89.25,4,distraction,distracted,0.819742,0.179588,0.000293,0.0,0.000377,0.819742,0.07659,0.938129,0.0,0.07901,0.108093,0.112295,0.013864,0.026887,0.013458,True,True,True,0.0,False,False,46.383
1786,89.3,4,distraction,distracted,0.839396,0.15996,0.000291,0.0,0.000353,0.839396,0.106189,0.934581,0.0,0.076142,0.108205,0.11229,0.010546,0.026888,0.013447,True,True,True,0.0,False,False,37.307
1787,89.35,4,distraction,distracted,0.871575,0.127828,0.000282,0.0,0.000315,0.871575,0.430839,0.872219,0.0,0.074806,0.108705,0.11255,0.007274,0.026846,0.013448,True,True,True,0.0,False,False,38.612
1788,89.4,4,distraction,distracted,0.899486,0.099932,0.000293,0.0,0.000289,0.899486,0.51778,0.804369,0.0,0.073826,0.109514,0.112622,0.004094,0.026899,0.01346,True,True,True,0.0,False,False,38.321
1789,89.45,4,distraction,distracted,0.937821,0.061651,0.00028,0.0,0.000248,0.937821,0.550564,0.804709,0.0,0.073678,0.110261,0.112647,0.001574,0.026906,0.01346,True,True,True,0.0,False,False,37.121
1790,89.5,4,distraction,distracted,0.943569,0.055884,0.000296,0.0,0.000251,0.943569,0.554026,0.811867,0.0,0.074532,0.111017,0.112654,0.0,0.026912,0.01346,True,True,True,0.0,False,False,46.074
1791,89.55,4,distraction,distracted,0.944433,0.055016,0.000298,0.0,0.000253,0.944433,0.502986,0.867605,0.0,0.076106,0.111724,0.112955,0.0,0.026916,0.013449,True,True,True,0.0,False,False,37.338
1792,89.6,4,distraction,distracted,0.947433,0.052031,0.000289,0.0,0.000247,0.947433,0.461584,0.893099,0.0,0.077988,0.11228,0.112932,0.0,0.026873,0.013449,True,True,True,0.0,False,False,37.168
1793,89.65,4,distraction,distracted,0.94351,0.055962,0.000276,0.0,0.000252,0.94351,0.364167,0.916756,0.0,0.079541,0.112897,0.112608,0.0,0.02692,0.013459,True,True,True,0.0,False,False,37.233
1794,89.7,4,distraction,distracted,0.938918,0.060565,0.000264,0.0,0.000253,0.938918,0.225101,0.935733,0.0,0.080463,0.113196,0.112551,0.0,0.026921,0.013459,True,True,True,0.0,False,False,37.304
1795,89.75,4,distraction,distracted,0.931882,0.067598,0.000257,0.0,0.000263,0.931882,0.113124,0.945332,0.0,0.080837,0.113296,0.112517,0.0,0.026921,0.013459,True,True,True,0.0,False,False,46.098
1796,89.8,4,distraction,distracted,0.939499,0.060021,0.000226,0.0,0.000255,0.939499,0.060221,0.950819,0.0,0.080953,0.113313,0.112472,0.0,0.026921,0.013448,True,True,True,0.0,False,False,37.116
1797,89.85,4,distraction,distracted,0.932862,0.06665,0.000213,0.0,0.000275,0.932862,0.041556,0.953838,0.0,0.080963,0.113192,0.112445,0.0,0.026875,0.013448,True,True,True,0.0,False,False,37.121
1798,89.9,4,distraction,distracted,0.927364,0.072136,0.000204,0.0,0.000296,0.927364,0.037829,0.953949,0.0,0.080942,0.113263,0.112502,0.0,0.02692,0.013459,True,True,True,0.0,False,False,37.201
1799,89.95,4,distraction,distracted,0.926436,0.073068,0.000195,0.0,0.0003,0.926436,0.046147,0.95036,0.0,0.08097,0.113245,0.112504,0.0,0.02692,0.013459,True,True,True,0.0,False,False,37.159
