frame_id,timestamp,face_found,ear,ear_left,ear_right,mar,yaw,pitch,roll,nose_offset_x,nose_offset_y,face_ratio,blink_left,blink_right,blink,jaw_open,mouth_close,face_scale,phone_conf,phone_x,phone_y,phone_w,phone_h,phone_fresh
0,0.0,1,0.37615,0.41513,0.33717,0.00945,-16.65184,-5.12579,18.99022,-0.10277,0.42445,1.15995,0.01004,0.00325,0.00665,0.00055,3e-05,73.01173,0.0,0.0,0.0,0.0,0.0,1
1,0.05,1,0.35881,0.38901,0.32861,0.00572,-16.46149,-4.79924,18.43581,-0.0963,0.43077,1.21733,0.01705,0.01163,0.01434,0.00068,4e-05,71.7187,0.0,0.0,0.0,0.0,0.0,0
2,0.1,1,0.35853,0.38937,0.3277,0.00435,-15.9057,-5.13184,18.16939,-0.09331,0.42331,1.22685,0.02064,0.0136,0.01712,0.00047,2e-05,72.11664,0.0,0.0,0.0,0.0,0.0,0
3,0.15,1,0.35877,0.39046,0.32708,0.00413,-16.00438,-5.05968,17.97113,-0.09785,0.42626,1.22888,0.02588,0.01579,0.02083,0.00039,2e-05,71.7689,0.0,0.0,0.0,0.0,0.0,0
4,0.2,1,0.38185,0.42387,0.33983,0.00916,-19.4945,-6.56351,18.18851,-0.15627,0.44755,1.24276,0.02114,0.01258,0.01686,0.00018,1e-05,69.41737,0.0,0.0,0.0,0.0,0.0,0
5,0.25,1,0.39948,0.45116,0.34781,0.00978,-21.03423,-7.4688,18.35922,-0.17839,0.44542,1.25592,0.01874,0.01002,0.01438,0.00014,1e-05,68.70197,0.0,0.0,0.0,0.0,0.0,1
6,0.3,1,0.4088,0.46064,0.35696,0.01706,-23.53718,-9.33121,19.76144,-0.21658,0.45214,1.29825,0.02602,0.02149,0.02375,0.00017,1e-05,65.3809,0.0,0.0,0.0,0.0,0.0,0
7,0.35,1,0.41295,0.46839,0.35751,0.01273,-25.05829,-10.9242,19.73154,-0.24504,0.44662,1.32513,0.02469,0.0216,0.02315,0.0002,1e-05,64.97363,0.0,0.0,0.0,0.0,0.0,0
8,0.4,1,0.43486,0.50885,0.36086,0.01163,-26.85707,-11.73644,20.47877,-0.28144,0.46534,1.36134,0.02292,0.01901,0.02096,0.00028,1e-05,62.45906,0.0,0.0,0.0,0.0,0.0,0
9,0.45,1,0.43233,0.50173,0.36292,0.01139,-27.3036,-12.01134,20.90525,-0.27914,0.46869,1.37066,0.02244,0.02023,0.02133,0.0003,1e-05,61.74446,0.0,0.0,0.0,0.0,0.0,0
10,0.5,1,0.42425,0.48708,0.36142,0.01004,-27.81779,-12.85247,21.48457,-0.28266,0.46628,1.38575,0.03339,0.03786,0.03562,0.00028,1e-05,60.83139,0.0,0.0,0.0,0.0,0.0,1
11,0.55,1,0.42956,0.49221,0.3669,0.00793,-28.1216,-12.94336,21.53074,-0.27903,0.46376,1.42619,0.03085,0.03543,0.03314,0.00019,1e-05,61.33207,0.0,0.0,0.0,0.0,0.0,0
12,0.6,1,0.41863,0.4811,0.35616,0.01062,-27.66297,-13.90961,22.38677,-0.26659,0.45255,1.39214,0.04038,0.03745,0.03891,0.00015,0.0,61.29933,0.0,0.0,0.0,0.0,0.0,0
13,0.65,1,0.41122,0.47398,0.34845,0.01095,-27.59483,-14.33922,22.49567,-0.26804,0.44296,1.38346,0.05033,0.04366,0.047,0.00016,0.0,61.45633,0.0,0.0,0.0,0.0,0.0,0
14,0.7,1,0.38441,0.4338,0.33502,0.00722,-27.15477,-13.83387,22.18016,-0.2566,0.44603,1.36913,0.06523,0.05878,0.062,0.00014,0.0,62.39571,0.0,0.0,0.0,0.0,0.0,0
15,0.75,1,0.38544,0.43355,0.33733,0.00983,-27.33066,-14.42385,21.81162,-0.27116,0.43239,1.36866,0.05471,0.07185,0.06328,0.00013,0.0,62.60376,0.0,0.0,0.0,0.0,0.0,1
16,0.8,1,0.3935,0.44807,0.33893,0.00764,-27.29437,-14.81492,21.94992,-0.27429,0.43072,1.37096,0.05377,0.06682,0.06029,0.00022,1e-05,61.68658,0.0,0.0,0.0,0.0,0.0,0
17,0.85,1,0.39901,0.45487,0.34315,0.00695,-27.10417,-15.17458,21.80063,-0.27663,0.42652,1.36871,0.04628,0.0646,0.05544,0.00022,1e-05,62.0635,0.0,0.0,0.0,0.0,0.0,0
18,0.9,1,0.38675,0.43498,0.33852,0.00757,-26.29752,-14.60148,21.29137,-0.26716,0.43049,1.34744,0.04814,0.05664,0.05239,0.00032,1e-05,62.39633,0.0,0.0,0.0,0.0,0.0,0
19,0.95,1,0.38617,0.4467,0.32564,0.00775,-24.65489,-14.27754,20.64947,-0.26354,0.42845,1.30723,0.04543,0.03184,0.03864,0.00041,2e-05,63.35515,0.0,0.0,0.0,0.0,0.0,0
20,1.0,1,0.37229,0.43704,0.30753,0.00753,-23.37204,-13.85587,20.32998,-0.2388,0.41655,1.29788,0.05093,0.0234,0.03717,0.00046,2e-05,65.66061,0.0,0.0,0.0,0.0,0.0,1
21,1.05,1,0.36112,0.41415,0.30809,0.00765,-21.87715,-13.54806,19.90778,-0.20753,0.40553,1.2774,0.04289,0.02243,0.03266,0.00064,4e-05,67.18488,0.0,0.0,0.0,0.0,0.0,0
22,1.1,1,0.34823,0.37892,0.31754,0.00908,-20.44157,-12.18528,18.99813,-0.17727,0.4023,1.2684,0.03671,0.01837,0.02754,0.00073,5e-05,69.1817,0.0,0.0,0.0,0.0,0.0,0
23,1.15,1,0.35038,0.37729,0.32347,0.0086,-18.80055,-8.65475,17.60822,-0.14094,0.41912,1.25667,0.03212,0.01405,0.02309,0.00057,5e-05,69.95602,0.0,0.0,0.0,0.0,0.0,0
24,1.2,1,0.24953,0.26757,0.23149,0.00566,-13.38664,-1.22567,14.81079,-0.06844,0.45435,1.24936,0.20175,0.15354,0.17765,0.00098,0.0001,69.29577,0.0,0.0,0.0,0.0,0.0,0
25,1.25,1,0.13913,0.15867,0.11959,0.00429,-11.08036,3.30772,14.11491,-0.02022,0.47904,1.23924,0.4369,0.33526,0.38608,0.00116,0.00013,70.59613,0.0,0.0,0.0,0.0,0.0,1
26,1.3,1,0.05278,0.06181,0.04375,0.00628,-6.26767,10.47807,12.93891,0.04734,0.47898,1.19851,0.67566,0.47918,0.57742,0.00298,0.00048,74.5311,0.0,0.0,0.0,0.0,0.0,0
27,1.35,1,0.07217,0.07587,0.06848,0.00608,-4.42079,12.51405,12.2579,0.05186,0.47781,1.17748,0.60895,0.47715,0.54305,0.00516,0.00106,74.72576,0.0,0.0,0.0,0.0,0.0,0
28,1.4,1,0.07873,0.077,0.08046,0.00517,-0.95621,15.0912,11.07424,0.08136,0.47609,1.17117,0.54719,0.49036,0.51878,0.00615,0.00216,75.31059,0.0,0.0,0.0,0.0,0.0,0
29,1.45,1,0.05491,0.05851,0.05131,0.00298,0.60517,15.80206,10.31674,0.0884,0.47894,1.15507,0.64301,0.50756,0.57528,0.00336,0.00127,75.83586,0.0,0.0,0.0,0.0,0.0,0
30,1.5,1,0.08456,0.08523,0.08388,0.00465,3.3605,15.90874,10.00051,0.111,0.48043,1.14671,0.5432,0.46071,0.50196,0.00448,0.00187,74.87349,0.0,0.0,0.0,0.0,0.0,1
31,1.55,1,0.08618,0.10083,0.07153,0.0051,4.36406,15.42177,9.87823,0.11572,0.47149,1.1629,0.52084,0.51383,0.51734,0.00617,0.00282,74.65868,0.0,0.0,0.0,0.0,0.0,0
32,1.6,1,0.06692,0.06711,0.06673,0.0079,7.15863,13.81605,9.11741,0.13866,0.47618,1.16045,0.55467,0.53183,0.54325,0.00362,0.00134,71.79078,0.0,0.0,0.0,0.0,0.0,0
33,1.65,1,0.06439,0.06233,0.06645,0.00683,8.68094,12.85633,9.12863,0.14194,0.46062,1.17218,0.55136,0.54819,0.54978,0.00265,0.00093,72.9322,0.0,0.0,0.0,0.0,0.0,0
34,1.7,1,0.06876,0.07249,0.06503,0.00395,10.27975,10.78658,8.89188,0.14965,0.45204,1.17599,0.51866,0.51504,0.51685,0.00325,0.00091,72.05227,0.0,0.0,0.0,0.0,0.0,0
35,1.75,1,0.05536,0.06086,0.04986,0.00292,11.58264,8.52249,8.98508,0.16156,0.44981,1.19538,0.56678,0.53337,0.55007,0.00357,0.00129,69.39809,0.0,0.0,0.0,0.0,0.0,1
36,1.8,1,0.14203,0.14892,0.13513,0.00213,11.29345,7.11745,8.66829,0.15571,0.45235,1.19648,0.39389,0.32929,0.36159,0.00481,0.0012,68.64009,0.0,0.0,0.0,0.0,0.0,0
37,1.85,1,0.25012,0.25484,0.2454,0.00695,11.08437,6.52507,8.84904,0.15962,0.46905,1.20873,0.2115,0.14254,0.17702,0.00349,0.00103,67.23859,0.0,0.0,0.0,0.0,0.0,0
38,1.9,1,0.32054,0.31451,0.32657,0.01469,8.43434,5.79341,8.294,0.11954,0.46528,1.20679,0.06977,0.04103,0.0554,0.00212,0.00057,69.27209,0.0,0.0,0.0,0.0,0.0,0
39,1.95,1,0.32876,0.32222,0.3353,0.02463,6.56048,5.02352,7.87015,0.09566,0.45066,1.20903,0.05082,0.03432,0.04257,0.00209,0.00048,71.10397,0.0,0.0,0.0,0.0,0.0,0
40,2.0,1,0.33627,0.33366,0.33889,0.06599,2.56766,4.50814,7.05336,0.06963,0.45701,1.22206,0.04283,0.02614,0.03448,0.00638,0.00091,71.18785,0.63713,350.0,188.0,28.0,63.0,1
41,2.05,1,0.34504,0.34709,0.343,0.09499,0.23669,4.20884,6.19191,0.06989,0.46542,1.21132,0.04364,0.01904,0.03134,0.01899,0.00187,70.93306,0.63713,350.0,188.0,28.0,63.0,0
42,2.1,1,0.34424,0.3416,0.34688,0.0837,-0.41241,3.9242,5.78698,0.05522,0.4615,1.21087,0.03954,0.02643,0.03298,0.01246,0.00156,71.49911,0.63713,350.0,188.0,28.0,63.0,0
43,2.15,1,0.3464,0.34699,0.34581,0.08175,-1.3493,3.32404,5.32041,0.03351,0.44893,1.21884,0.03806,0.02004,0.02905,0.01282,0.00133,71.46088,0.63713,350.0,188.0,28.0,63.0,0
44,2.2,1,0.34632,0.34734,0.34531,0.08949,-2.06451,2.59719,5.24945,0.00786,0.44261,1.21466,0.03134,0.01594,0.02364,0.01341,0.00103,71.1853,0.63713,350.0,188.0,28.0,63.0,0
45,2.25,1,0.33743,0.35096,0.3239,0.08559,-3.14491,2.60395,5.58829,-0.01173,0.44766,1.22006,0.04264,0.0168,0.02972,0.01011,0.00051,70.68924,0.78108,310.0,169.0,33.0,71.0,1
46,2.3,1,0.33724,0.34964,0.32484,0.08133,-3.84961,2.18733,6.14098,-0.01781,0.44878,1.2256,0.03559,0.01887,0.02723,0.00897,0.00048,70.93882,0.78108,310.0,169.0,33.0,71.0,0
47,2.35,1,0.34105,0.37213,0.30996,0.09426,-5.02402,2.29044,7.68097,-0.01232,0.46468,1.22765,0.04482,0.01173,0.02827,0.01248,0.00055,70.27996,0.78108,310.0,169.0,33.0,71.0,0
48,2.4,1,0.33486,0.34785,0.32187,0.07516,-5.31316,2.7355,8.63246,-0.01447,0.46401,1.20985,0.03079,0.02684,0.02881,0.00743,0.00037,70.46697,0.78108,310.0,169.0,33.0,71.0,0
49,2.45,1,0.33129,0.34709,0.31549,0.06447,-5.80613,3.45604,9.62902,-0.01357,0.48075,1.20955,0.03728,0.0257,0.03149,0.00408,0.0003,70.24064,0.78108,310.0,169.0,33.0,71.0,0
50,2.5,1,0.3421,0.35493,0.32928,0.08102,-5.55902,4.04054,9.68419,-0.01072,0.47937,1.19862,0.02687,0.01958,0.02322,0.00675,0.00042,70.70187,0.62574,291.0,175.0,27.0,59.0,1
51,2.55,1,0.33124,0.34486,0.31763,0.10345,-5.93064,4.29459,10.30164,-0.01002,0.4968,1.21615,0.03528,0.03075,0.03302,0.01058,0.0005,69.76108,0.62574,291.0,175.0,27.0,59.0,0
52,2.6,1,0.34888,0.36863,0.32914,0.09135,-7.05898,4.41444,10.09421,-0.03873,0.4946,1.20755,0.02742,0.01765,0.02253,0.00592,0.0003,70.96559,0.62574,291.0,175.0,27.0,59.0,0
53,2.65,1,0.34592,0.3672,0.32464,0.07869,-7.45078,4.42134,10.2856,-0.02869,0.49156,1.21606,0.02647,0.01552,0.02099,0.00384,0.00023,71.07262,0.62574,291.0,175.0,27.0,59.0,0
54,2.7,1,0.35248,0.37425,0.33071,0.0764,-8.42846,4.03962,10.00479,-0.04905,0.4947,1.21166,0.02359,0.0146,0.01909,0.00376,0.0002,71.12477,0.62574,291.0,175.0,27.0,59.0,0
55,2.75,1,0.35217,0.37086,0.33347,0.06776,-8.53849,3.77888,9.6204,-0.04528,0.49445,1.21108,0.02514,0.01514,0.02014,0.00264,0.00016,71.11985,0.58166,285.0,173.0,23.0,59.0,1
56,2.8,1,0.354,0.37455,0.33345,0.07167,-9.08628,4.09913,8.96809,-0.05645,0.49382,1.21185,0.02259,0.01191,0.01725,0.00241,0.00012,71.09198,0.58166,285.0,173.0,23.0,59.0,0
57,2.85,1,0.355,0.37255,0.33745,0.05962,-9.12885,4.76323,7.32924,-0.06409,0.50578,1.20597,0.02209,0.01226,0.01717,0.00192,0.0001,71.148,0.58166,285.0,173.0,23.0,59.0,0
58,2.9,1,0.36022,0.38534,0.3351,0.03582,-9.25836,4.48979,6.34966,-0.06117,0.50793,1.21475,0.02978,0.0136,0.02169,0.00217,0.00021,70.776,0.58166,285.0,173.0,23.0,59.0,0
59,2.95,1,0.37161,0.38935,0.35388,0.0408,-8.92108,4.41365,3.96465,-0.08826,0.49158,1.22274,0.01698,0.01111,0.01405,0.00115,0.0001,71.34077,0.58166,285.0,173.0,23.0,59.0,0
60,3.0,1,0.37532,0.39392,0.35673,0.04975,-9.23483,4.28618,3.50508,-0.0992,0.49395,1.20246,0.01393,0.00809,0.01101,0.00123,7e-05,71.50184,0.55543,295.0,173.0,24.0,57.0,1
61,3.05,1,0.39104,0.41059,0.37149,0.04643,-9.22887,3.59064,2.79795,-0.09825,0.48607,1.22139,0.00962,0.00627,0.00795,0.00177,0.00013,71.45589,0.55543,295.0,173.0,24.0,57.0,0
62,3.1,1,0.38056,0.40071,0.36041,0.03856,-9.15687,3.35775,2.39039,-0.10233,0.49227,1.21241,0.01383,0.00749,0.01066,0.00132,0.0001,70.88923,0.55543,295.0,173.0,24.0,57.0,0
63,3.15,1,0.37389,0.39037,0.35741,0.04026,-8.95639,2.94346,2.17024,-0.09413,0.48872,1.21872,0.01867,0.00971,0.01419,0.00176,0.00016,70.05499,0.55543,295.0,173.0,24.0,57.0,0
64,3.2,1,0.36048,0.37411,0.34685,0.03809,-8.61655,2.77998,1.68378,-0.09377,0.48464,1.21043,0.02236,0.01263,0.01749,0.00146,0.00013,70.01935,0.55543,295.0,173.0,24.0,57.0,0
65,3.25,1,0.3696,0.38067,0.35853,0.092,-7.69328,2.66999,1.14502,-0.08522,0.4783,1.22461,0.01954,0.01215,0.01584,0.00515,0.00023,70.53937,0.64866,310.0,173.0,26.0,61.0,1
66,3.3,1,0.36679,0.38378,0.3498,0.10888,-7.84037,2.17852,1.29116,-0.09778,0.47209,1.22619,0.02123,0.01314,0.01719,0.00906,0.00032,70.48607,0.64866,310.0,173.0,26.0,61.0,0
67,3.35,1,0.36211,0.37652,0.3477,0.01729,-7.69865,1.27705,1.10036,-0.10271,0.46281,1.22537,0.03357,0.01765,0.02561,0.00293,0.00021,70.12346,0.64866,310.0,173.0,26.0,61.0,0
68,3.4,1,0.35555,0.36484,0.34626,0.00862,-7.97711,1.48765,1.12976,-0.10661,0.45791,1.22732,0.03512,0.024,0.02956,0.00196,0.00015,70.66371,0.64866,310.0,173.0,26.0,61.0,0
69,3.45,1,0.35908,0.36548,0.35268,0.03199,-7.85573,1.09114,1.30391,-0.09671,0.46078,1.23799,0.02784,0.02211,0.02497,0.00204,0.00017,70.07168,0.64866,310.0,173.0,26.0,61.0,0
70,3.5,1,0.36092,0.368,0.35384,0.01862,-7.91142,1.15392,1.03663,-0.09691,0.46012,1.23002,0.02536,0.01817,0.02176,0.00178,0.00016,70.01986,0.35841,316.0,170.0,25.0,64.0,1
71,3.55,1,0.35891,0.36436,0.35345,0.04631,-8.04753,1.1532,0.77353,-0.10123,0.4521,1.23563,0.02496,0.01464,0.0198,0.00237,0.0002,70.16056,0.35841,316.0,170.0,25.0,64.0,0
72,3.6,1,0.37051,0.37582,0.36521,0.05268,-7.52294,1.53064,0.75547,-0.08939,0.45062,1.23706,0.02139,0.01113,0.01626,0.00231,0.00018,70.46946,0.35841,316.0,170.0,25.0,64.0,0
73,3.65,1,0.36509,0.3698,0.36039,0.05584,-7.6619,1.75661,0.51276,-0.09626,0.45083,1.23053,0.02381,0.01334,0.01858,0.002,0.00014,70.69153,0.35841,316.0,170.0,25.0,64.0,0
74,3.7,1,0.36254,0.36434,0.36074,0.04666,-7.40091,1.82721,0.38087,-0.09605,0.44835,1.2249,0.02233,0.01475,0.01854,0.00123,0.0001,70.62981,0.35841,316.0,170.0,25.0,64.0,0
75,3.75,1,0.36234,0.36299,0.36169,0.06153,-6.7913,0.90765,0.52547,-0.08531,0.44977,1.22986,0.0245,0.02141,0.02296,0.00177,0.00013,69.70884,0.26184,317.0,169.0,26.0,63.0,1
76,3.8,1,0.36412,0.36613,0.36211,0.06776,-6.77422,1.07187,0.39955,-0.08895,0.44633,1.22592,0.02286,0.01712,0.01999,0.00161,0.0001,70.1253,0.26184,317.0,169.0,26.0,63.0,0
77,3.85,1,0.35981,0.35907,0.36055,0.0748,-6.57906,0.83996,0.19161,-0.08954,0.441,1.22083,0.02147,0.01592,0.0187,0.00182,0.0001,70.31707,0.26184,317.0,169.0,26.0,63.0,0
78,3.9,1,0.36139,0.36054,0.36225,0.0655,-6.57406,0.8647,0.22592,-0.08889,0.44311,1.21809,0.02122,0.01667,0.01894,0.00141,9e-05,70.14047,0.26184,317.0,169.0,26.0,63.0,0
79,3.95,1,0.36344,0.36295,0.36392,0.06704,-6.23268,0.69567,0.33418,-0.0817,0.44009,1.21694,0.01931,0.01603,0.01767,0.00116,7e-05,70.16992,0.26184,317.0,169.0,26.0,63.0,0
80,4.0,1,0.35965,0.36215,0.35715,0.05814,-6.40189,0.67194,0.47004,-0.08516,0.44073,1.22336,0.02188,0.01631,0.0191,0.00093,7e-05,69.97775,0.11112,318.0,168.0,24.0,64.0,1
81,4.05,1,0.36223,0.36486,0.3596,0.07229,-6.5643,0.57111,0.29007,-0.09357,0.44138,1.22302,0.02242,0.01728,0.01985,0.00144,9e-05,69.87569,0.11112,318.0,168.0,24.0,64.0,0
82,4.1,1,0.35901,0.3588,0.35922,0.08153,-6.23102,0.2885,0.17232,-0.08945,0.43366,1.21614,0.02195,0.01758,0.01976,0.00261,0.00013,69.69432,0.11112,318.0,168.0,24.0,64.0,0
83,4.15,1,0.35897,0.35921,0.35872,0.09684,-6.31159,0.34941,-0.08466,-0.09422,0.4325,1.21246,0.02208,0.01726,0.01967,0.00334,0.00013,69.77126,0.11112,318.0,168.0,24.0,64.0,0
84,4.2,1,0.35102,0.34679,0.35526,0.10671,-6.16003,0.28463,-0.2373,-0.08926,0.42984,1.20929,0.02212,0.01936,0.02074,0.00413,0.00014,69.72234,0.11112,318.0,168.0,24.0,64.0,0
85,4.25,1,0.34984,0.3457,0.35397,0.10684,-5.98589,0.33743,-0.2631,-0.08834,0.42662,1.20949,0.02258,0.02242,0.0225,0.00422,0.00015,69.70931,0.46778,319.0,169.0,27.0,65.0,1
86,4.3,1,0.34444,0.33606,0.35281,0.11766,-5.91354,0.25779,-0.48996,-0.08616,0.42672,1.21052,0.02368,0.02732,0.0255,0.00491,0.00018,69.40837,0.46778,319.0,169.0,27.0,65.0,0
87,4.35,1,0.35089,0.34549,0.35629,0.1185,-5.84175,0.37391,-0.42268,-0.0833,0.43211,1.217,0.02471,0.02917,0.02694,0.00506,0.00021,68.95927,0.46778,319.0,169.0,27.0,65.0,0
88,4.4,1,0.34386,0.3425,0.34523,0.12637,-6.14254,0.69888,-0.63548,-0.09527,0.42799,1.21229,0.03082,0.02663,0.02872,0.00391,0.00014,69.7036,0.46778,319.0,169.0,27.0,65.0,0
89,4.45,1,0.3401,0.3385,0.34171,0.1366,-5.74303,0.18371,-0.58893,-0.08739,0.41765,1.21372,0.02988,0.02637,0.02813,0.00664,0.00023,69.14736,0.46778,319.0,169.0,27.0,65.0,0
90,4.5,1,0.35147,0.35434,0.34859,0.14214,-5.8438,0.18497,-1.08997,-0.09696,0.42331,1.21337,0.0255,0.02164,0.02357,0.00794,0.00027,69.01407,0.52017,322.0,168.0,28.0,67.0,1
91,4.55,1,0.34474,0.34661,0.34287,0.1485,-5.67267,-0.27434,-1.29445,-0.09354,0.42334,1.20588,0.02608,0.02959,0.02783,0.00934,0.00032,68.63268,0.52017,322.0,168.0,28.0,67.0,0
92,4.6,1,0.34396,0.3479,0.34002,0.14904,-5.7438,-0.41525,-1.66284,-0.09388,0.42303,1.22229,0.02567,0.02621,0.02594,0.01116,0.00039,68.52776,0.52017,322.0,168.0,28.0,67.0,0
93,4.65,1,0.3434,0.34606,0.34075,0.15726,-5.68524,-0.49997,-1.9991,-0.09421,0.42073,1.21496,0.02553,0.02536,0.02544,0.01222,0.00043,68.63381,0.52017,322.0,168.0,28.0,67.0,0
94,4.7,1,0.34878,0.35365,0.34391,0.15619,-5.22289,-0.42917,-2.53797,-0.08709,0.41724,1.20755,0.02264,0.02085,0.02175,0.00893,0.00034,69.37272,0.52017,322.0,168.0,28.0,67.0,0
95,4.75,1,0.34684,0.34967,0.344,0.15765,-5.15089,-0.44752,-2.72994,-0.08807,0.41843,1.20873,0.02288,0.02604,0.02446,0.00967,0.00042,68.92247,0.80567,326.0,170.0,27.0,69.0,1
96,4.8,1,0.3406,0.34253,0.33866,0.15624,-4.64523,-0.2678,-3.28856,-0.08115,0.4166,1.21838,0.02727,0.02856,0.02791,0.0102,0.00048,68.66585,0.80567,326.0,170.0,27.0,69.0,0
97,4.85,1,0.32325,0.33968,0.30682,0.15408,-4.72027,-0.50134,-3.50955,-0.09327,0.41032,1.20079,0.04671,0.03204,0.03938,0.01065,0.00047,69.13848,0.80567,326.0,170.0,27.0,69.0,0
98,4.9,1,0.30784,0.31912,0.29656,0.15455,-3.39075,-1.55625,-4.72447,-0.08507,0.40211,1.20459,0.0577,0.06405,0.06088,0.01633,0.00073,69.12051,0.80567,326.0,170.0,27.0,69.0,0
99,4.95,1,0.29865,0.30284,0.29447,0.14936,-2.53427,-2.08676,-5.6617,-0.08245,0.39806,1.21453,0.05596,0.08453,0.07025,0.01814,0.00087,68.67177,0.80567,326.0,170.0,27.0,69.0,0
100,5.0,1,0.29445,0.29093,0.29796,0.15316,-0.41645,-1.63842,-7.05778,-0.06383,0.40161,1.22988,0.05717,0.09566,0.07641,0.02219,0.00146,68.10767,0.81017,333.0,174.0,40.0,67.0,1
101,5.05,1,0.28672,0.2877,0.28574,0.15006,0.65346,-1.80516,-7.92132,-0.06462,0.39368,1.22202,0.0687,0.08181,0.07525,0.01687,0.00109,68.71997,0.81017,333.0,174.0,40.0,67.0,0
102,5.1,1,0.29561,0.29327,0.29795,0.14935,1.9521,-2.54736,-9.46454,-0.06038,0.38985,1.22291,0.0677,0.08553,0.07662,0.01721,0.00105,68.51266,0.81017,333.0,174.0,40.0,67.0,0
103,5.15,1,0.29817,0.29453,0.30181,0.14737,2.76966,-1.71877,-10.42667,-0.06043,0.39407,1.23087,0.06239,0.08175,0.07207,0.01601,0.00108,67.96447,0.81017,333.0,174.0,40.0,67.0,0
104,5.2,1,0.32069,0.31277,0.3286,0.1474,3.81072,-2.24533,-11.42699,-0.05235,0.39572,1.24386,0.0397,0.06242,0.05106,0.01668,0.00115,67.63819,0.81017,333.0,174.0,40.0,67.0,0
105,5.25,1,0.32025,0.31317,0.32732,0.15064,3.86363,-1.81937,-11.78818,-0.05131,0.39245,1.23055,0.03573,0.05292,0.04433,0.01746,0.00104,68.08149,0.75081,354.0,176.0,33.0,66.0,1
106,5.3,1,0.32639,0.32003,0.33276,0.15085,4.3327,-1.84109,-12.04697,-0.04517,0.39179,1.23052,0.02869,0.04318,0.03594,0.01611,0.00089,68.5634,0.75081,354.0,176.0,33.0,66.0,0
107,5.35,1,0.32482,0.3195,0.33015,0.16243,4.69672,-1.78356,-12.59967,-0.04942,0.39483,1.23258,0.02917,0.04181,0.03549,0.02916,0.00141,68.19332,0.75081,354.0,176.0,33.0,66.0,0
108,5.4,1,0.32561,0.31808,0.33314,0.15927,4.7574,-1.61581,-12.70489,-0.04634,0.39709,1.2331,0.03293,0.0396,0.03626,0.01604,0.00092,68.74608,0.75081,354.0,176.0,33.0,66.0,0
109,5.45,1,0.32372,0.31575,0.33168,0.15895,4.6282,-1.35442,-12.76936,-0.05636,0.4047,1.23117,0.03306,0.03693,0.035,0.01801,0.00102,67.78144,0.75081,354.0,176.0,33.0,66.0,0
110,5.5,1,0.33529,0.32874,0.34183,0.15553,4.9758,-1.0702,-12.59098,-0.04371,0.41202,1.23023,0.02807,0.02264,0.02536,0.01627,0.00106,67.25734,0.72724,344.0,181.0,51.0,62.0,1
111,5.55,1,0.33049,0.32463,0.33636,0.1574,5.00855,-0.65306,-12.42897,-0.03839,0.41224,1.22575,0.02845,0.02791,0.02818,0.01622,0.00101,67.90693,0.72724,344.0,181.0,51.0,62.0,0
112,5.6,1,0.33142,0.32827,0.33456,0.152,4.94143,-0.24885,-12.0075,-0.03775,0.41431,1.23108,0.03257,0.02396,0.02826,0.01386,0.00111,68.27167,0.72724,344.0,181.0,51.0,62.0,0
113,5.65,1,0.32768,0.32889,0.32647,0.15401,4.89818,-0.31923,-11.68814,-0.03721,0.41859,1.23109,0.04802,0.02157,0.03479,0.01309,0.00109,68.19103,0.72724,344.0,181.0,51.0,62.0,0
114,5.7,1,0.33142,0.3316,0.33124,0.16127,4.80029,-0.28746,-11.67151,-0.04008,0.41956,1.23666,0.05273,0.02192,0.03732,0.0169,0.00126,68.16972,0.72724,344.0,181.0,51.0,62.0,0
115,5.75,1,0.34062,0.33524,0.34599,0.16421,4.89125,-0.06948,-11.44613,-0.03745,0.42263,1.24377,0.0446,0.01967,0.03213,0.01384,0.00103,68.29676,0.82606,344.0,180.0,50.0,62.0,1
116,5.8,1,0.34374,0.33992,0.34755,0.17552,4.48236,-0.63828,-10.46238,-0.03842,0.42456,1.23704,0.04659,0.01495,0.03077,0.01729,0.00134,67.97743,0.82606,344.0,180.0,50.0,62.0,0
117,5.85,1,0.3457,0.34353,0.34788,0.17752,4.68505,-0.7344,-10.13377,-0.02609,0.4237,1.24717,0.04528,0.01603,0.03065,0.02097,0.00155,68.36632,0.82606,344.0,180.0,50.0,62.0,0
118,5.9,1,0.34575,0.34012,0.35138,0.16962,4.43608,-0.94755,-9.40144,-0.02013,0.41843,1.24867,0.03601,0.01199,0.024,0.01101,0.00084,69.51747,0.82606,344.0,180.0,50.0,62.0,0
119,5.95,1,0.35653,0.35432,0.35875,0.17125,4.30188,-1.30789,-9.46582,-0.02282,0.41227,1.25073,0.03324,0.00962,0.02143,0.01511,0.00112,69.09493,0.82606,344.0,180.0,50.0,62.0,0
120,6.0,1,0.36307,0.36224,0.3639,0.17198,4.00176,-1.2361,-8.87369,-0.0212,0.41635,1.25491,0.03059,0.00801,0.0193,0.01404,0.00117,69.21226,0.73048,351.0,175.0,35.0,65.0,1
121,6.05,1,0.35008,0.34656,0.35361,0.17235,3.5394,-1.19001,-8.61756,-0.02747,0.41483,1.24833,0.03696,0.01417,0.02557,0.016,0.00118,68.88587,0.73048,351.0,175.0,35.0,65.0,0
122,6.1,1,0.34813,0.342,0.35426,0.16429,3.64117,-1.21881,-8.30953,-0.01906,0.41254,1.25431,0.0371,0.01495,0.02603,0.0121,0.00107,69.49187,0.73048,351.0,175.0,35.0,65.0,0
123,6.15,1,0.3472,0.34263,0.35176,0.16866,3.64288,-1.61486,-8.1682,-0.02013,0.41129,1.25315,0.03752,0.01624,0.02688,0.01335,0.00107,69.30031,0.73048,351.0,175.0,35.0,65.0,0
124,6.2,1,0.338,0.33654,0.33946,0.17098,3.60122,-1.53115,-8.00113,-0.02596,0.41493,1.24717,0.0435,0.02055,0.03202,0.01644,0.0013,69.01044,0.73048,351.0,175.0,35.0,65.0,0
125,6.25,1,0.34317,0.33953,0.3468,0.17197,3.61348,-1.52561,-8.0202,-0.02791,0.4153,1.24734,0.03726,0.0229,0.03008,0.0189,0.00155,68.93398,0.75406,350.0,173.0,31.0,65.0,1
126,6.3,1,0.34407,0.33949,0.34865,0.16692,3.47185,-1.23045,-7.74887,-0.03094,0.41938,1.24449,0.03347,0.02236,0.02792,0.01616,0.00136,68.82958,0.75406,350.0,173.0,31.0,65.0,0
127,6.35,1,0.34451,0.34019,0.34884,0.16979,3.23613,-1.26316,-7.67751,-0.03138,0.42174,1.24413,0.03279,0.02027,0.02653,0.01881,0.00152,68.36416,0.75406,350.0,173.0,31.0,65.0,0
128,6.4,1,0.34442,0.34081,0.34803,0.17151,2.99353,-1.18855,-7.6202,-0.03515,0.42195,1.24559,0.03122,0.01854,0.02488,0.02016,0.00172,68.42789,0.75406,350.0,173.0,31.0,65.0,0
129,6.45,1,0.3487,0.34353,0.35386,0.16889,2.99117,-1.13379,-7.67425,-0.03664,0.42225,1.24808,0.02894,0.01858,0.02376,0.0201,0.00178,68.41128,0.75406,350.0,173.0,31.0,65.0,0
130,6.5,1,0.34388,0.34023,0.34753,0.17017,2.77309,-1.13595,-7.58773,-0.03991,0.42099,1.24828,0.03146,0.01882,0.02514,0.02025,0.00176,68.48363,0.71245,349.0,174.0,32.0,65.0,1
131,6.55,1,0.347,0.34178,0.35222,0.16117,2.92235,-1.26225,-7.34065,-0.03382,0.42089,1.24673,0.02437,0.01588,0.02012,0.01642,0.00172,68.28208,0.71245,349.0,174.0,32.0,65.0,0
132,6.6,1,0.35634,0.35232,0.36036,0.16288,3.04283,-1.37605,-7.29562,-0.03118,0.41812,1.2498,0.02193,0.01206,0.01699,0.01615,0.00162,68.5237,0.71245,349.0,174.0,32.0,65.0,0
133,6.65,1,0.3668,0.363,0.3706,0.16255,3.25776,-1.49225,-7.06047,-0.02541,0.41155,1.25205,0.01709,0.00828,0.01269,0.01339,0.00131,69.07016,0.71245,349.0,174.0,32.0,65.0,0
134,6.7,1,0.37035,0.36706,0.37364,0.16738,3.14728,-1.70448,-6.90952,-0.02376,0.40723,1.2555,0.01624,0.00763,0.01193,0.01307,0.00126,68.9551,0.71245,349.0,174.0,32.0,65.0,0
135,6.75,1,0.3641,0.36072,0.36747,0.17445,3.72447,-2.25695,-6.68387,-0.01475,0.39864,1.25565,0.01844,0.00827,0.01336,0.01271,0.00125,69.24454,0.72575,351.0,173.0,28.0,62.0,1
136,6.8,1,0.36506,0.36196,0.36817,0.17537,3.76311,-2.49305,-6.52898,-0.01161,0.4025,1.25717,0.01897,0.00809,0.01353,0.01368,0.00136,68.56811,0.72575,351.0,173.0,28.0,62.0,0
137,6.85,1,0.35598,0.35058,0.36137,0.18951,3.90303,-2.8128,-6.14781,-0.00683,0.39719,1.25669,0.02225,0.01006,0.01615,0.01527,0.00134,68.90345,0.72575,351.0,173.0,28.0,62.0,0
138,6.9,1,0.36105,0.36018,0.36192,0.20704,3.79656,-2.9649,-5.83811,-0.01153,0.40008,1.26374,0.02226,0.00815,0.0152,0.02959,0.00249,68.28454,0.72575,351.0,173.0,28.0,62.0,0
139,6.95,1,0.34415,0.33959,0.34872,0.24427,3.96427,-3.07561,-5.35594,-0.00729,0.40525,1.27958,0.03148,0.01492,0.0232,0.07282,0.00536,67.64589,0.72575,351.0,173.0,28.0,62.0,0
140,7.0,1,0.34096,0.3354,0.34652,0.23884,4.00101,-3.04657,-5.5282,-0.00858,0.3959,1.27002,0.03095,0.01403,0.02249,0.05413,0.00403,68.85927,0.69128,337.0,171.0,37.0,63.0,1
141,7.05,1,0.34272,0.33171,0.35373,0.1997,3.77688,-3.63942,-5.33054,-0.00878,0.37962,1.24911,0.03065,0.01813,0.02439,0.02246,0.0017,68.89787,0.69128,337.0,171.0,37.0,63.0,0
142,7.1,1,0.31777,0.31035,0.32519,0.16775,3.81543,-3.96299,-5.07347,-0.0046,0.3752,1.23743,0.06328,0.03483,0.04906,0.01077,0.00085,68.17349,0.69128,337.0,171.0,37.0,63.0,0
143,7.15,1,0.20354,0.20518,0.2019,0.14138,3.41194,-5.06214,-5.1137,-0.01166,0.36561,1.20719,0.36292,0.2211,0.29201,0.006,0.00053,66.70828,0.69128,337.0,171.0,37.0,63.0,0
144,7.2,1,0.13304,0.15097,0.11511,0.12708,3.60624,-5.72124,-5.03287,-0.01055,0.35868,1.19837,0.56202,0.32579,0.44391,0.00572,0.00046,66.56631,0.69128,337.0,171.0,37.0,63.0,0
145,7.25,1,0.15619,0.17102,0.14137,0.14054,3.59381,-5.7295,-5.23871,-0.01041,0.36067,1.20081,0.49361,0.26043,0.37702,0.00704,0.00049,66.76936,0.63351,338.0,169.0,36.0,64.0,1
146,7.3,1,0.21825,0.23063,0.20588,0.13927,3.59534,-5.56986,-5.37375,-0.01068,0.36387,1.19941,0.31147,0.15167,0.23157,0.00651,0.00047,66.67778,0.63351,338.0,169.0,36.0,64.0,0
147,7.35,1,0.27884,0.27783,0.27985,0.16055,3.82905,-6.0333,-5.73992,-0.0055,0.3582,1.20613,0.13158,0.0734,0.10249,0.00901,0.00052,66.2363,0.63351,338.0,169.0,36.0,64.0,0
148,7.4,1,0.3003,0.2984,0.30221,0.18243,3.78738,-6.82997,-5.8859,-0.00534,0.35842,1.21847,0.09618,0.04929,0.07274,0.01195,0.00072,65.83972,0.63351,338.0,169.0,36.0,64.0,0
149,7.45,1,0.3174,0.31201,0.32279,0.06049,3.82124,-7.10256,-6.05337,-0.00485,0.35932,1.21627,0.07534,0.05164,0.06349,0.00156,0.00025,65.71155,0.63351,338.0,169.0,36.0,64.0,0
150,7.5,1,0.32122,0.31639,0.32604,0.03064,3.72023,-6.96257,-6.05683,-0.0096,0.3613,1.20465,0.06298,0.0447,0.05384,0.0033,0.00033,66.12955,0.58118,333.0,167.0,41.0,68.0,1
151,7.55,1,0.31801,0.31349,0.32253,0.02223,4.05554,-6.21081,-6.08861,-0.00924,0.36819,1.20979,0.06909,0.03959,0.05434,0.00134,0.0002,66.43428,0.58118,333.0,167.0,41.0,68.0,0
152,7.6,1,0.31905,0.31348,0.32463,0.07142,4.05614,-5.99999,-6.20126,-0.01132,0.37219,1.20722,0.06295,0.0375,0.05023,0.00158,0.0002,66.68743,0.58118,333.0,167.0,41.0,68.0,0
153,7.65,1,0.32331,0.31428,0.33233,0.10287,3.6534,-5.67711,-5.9698,-0.01693,0.37233,1.2067,0.05325,0.03646,0.04485,0.00166,0.00013,67.54485,0.58118,333.0,167.0,41.0,68.0,0
154,7.7,1,0.33121,0.31868,0.34373,0.14382,3.51293,-4.83134,-5.68655,-0.01476,0.38149,1.20622,0.0372,0.02847,0.03284,0.00314,0.00015,68.18559,0.58118,333.0,167.0,41.0,68.0,0
155,7.75,1,0.32985,0.31723,0.34247,0.17817,3.2129,-4.58116,-5.51474,-0.01741,0.38235,1.21516,0.03803,0.0262,0.03212,0.00621,0.00026,68.88577,0.75136,330.0,168.0,44.0,66.0,1
156,7.8,1,0.33521,0.32618,0.34423,0.17474,3.01339,-4.52759,-5.48512,-0.02117,0.38287,1.22046,0.03622,0.0214,0.02881,0.00997,0.0005,68.66877,0.75136,330.0,168.0,44.0,66.0,0
157,7.85,1,0.33854,0.32801,0.34908,0.18919,3.2048,-3.75667,-5.57842,-0.02088,0.38838,1.22921,0.03463,0.01953,0.02708,0.01244,0.00067,68.76386,0.75136,330.0,168.0,44.0,66.0,0
158,7.9,1,0.34176,0.33642,0.3471,0.16793,3.20392,-3.18718,-5.59363,-0.02016,0.38952,1.22664,0.03209,0.01454,0.02332,0.01047,0.00056,69.27761,0.75136,330.0,168.0,44.0,66.0,0
159,7.95,1,0.34343,0.33639,0.35047,0.06126,3.58559,-2.73558,-5.2279,-0.0205,0.3935,1.21676,0.03224,0.02032,0.02628,0.00527,0.00048,68.96329,0.75136,330.0,168.0,44.0,66.0,0
160,8.0,1,0.36093,0.35513,0.36672,0.02168,4.10809,-2.50827,-5.02651,-0.0066,0.40123,1.23121,0.03426,0.01665,0.02545,0.002,0.0003,68.60414,0.39289,334.0,167.0,38.0,67.0,1
161,8.05,1,0.35347,0.35121,0.35574,0.12519,4.1282,-1.20743,-4.20202,0.00511,0.41038,1.23435,0.02666,0.0123,0.01948,0.01354,0.00058,69.83344,0.39289,334.0,167.0,38.0,67.0,0
162,8.1,1,0.3624,0.3632,0.36161,0.14377,3.57646,-0.74068,-3.81935,-0.00802,0.41981,1.23285,0.01785,0.01144,0.01465,0.0129,0.00058,69.83578,0.39289,334.0,167.0,38.0,67.0,0
163,8.15,1,0.35957,0.35498,0.36416,0.15211,3.13823,-0.48008,-3.16759,-0.00858,0.41964,1.23028,0.01884,0.01302,0.01593,0.00843,0.00041,69.83558,0.39289,334.0,167.0,38.0,67.0,0
164,8.2,1,0.35098,0.35195,0.35001,0.13419,2.8071,0.50966,-3.27263,-0.01286,0.42627,1.22647,0.02031,0.01339,0.01685,0.00687,0.00037,70.58182,0.39289,334.0,167.0,38.0,67.0,0
165,8.25,1,0.33764,0.3401,0.33518,0.14112,1.74345,0.96066,-1.83718,-0.01227,0.43737,1.23507,0.0428,0.02661,0.0347,0.01554,0.00075,69.30749,0.5335,321.0,167.0,37.0,68.0,1
166,8.3,1,0.33988,0.34315,0.33661,0.13806,1.36258,2.05396,-1.16017,-0.00517,0.45116,1.22353,0.03659,0.01944,0.02802,0.0148,0.00072,69.88019,0.5335,321.0,167.0,37.0,68.0,0
167,8.35,1,0.33717,0.33282,0.34152,0.14245,1.00704,2.57775,-0.98028,-0.00638,0.45251,1.22793,0.0328,0.02682,0.02981,0.01277,0.00065,69.74469,0.5335,321.0,167.0,37.0,68.0,0
168,8.4,1,0.33782,0.34068,0.33496,0.13017,0.13458,2.76649,-0.27836,-0.01689,0.46068,1.22401,0.03736,0.03133,0.03434,0.01389,0.00065,69.20538,0.5335,321.0,167.0,37.0,68.0,0
169,8.45,1,0.33686,0.34447,0.32926,0.12647,-0.87431,2.32303,0.16036,-0.02634,0.45257,1.22516,0.04264,0.02574,0.03419,0.00626,0.00031,70.17147,0.5335,321.0,167.0,37.0,68.0,0
170,8.5,1,0.33675,0.34469,0.32882,0.117,-1.24601,2.14273,1.0834,-0.02147,0.44332,1.21784,0.04694,0.02772,0.03733,0.00545,0.00029,70.70711,0.68151,309.0,167.0,34.0,66.0,1
171,8.55,1,0.33769,0.34343,0.33195,0.13109,-1.82262,1.79437,1.5042,-0.02491,0.44711,1.20754,0.04403,0.02285,0.03344,0.00913,0.00038,70.55607,0.68151,309.0,167.0,34.0,66.0,0
172,8.6,1,0.33613,0.34249,0.32977,0.1311,-1.94133,2.20919,2.27052,-0.02097,0.45356,1.2208,0.04487,0.02951,0.03719,0.0061,0.00027,70.82181,0.68151,309.0,167.0,34.0,66.0,0
173,8.65,1,0.33402,0.33935,0.3287,0.13074,-1.77664,2.13339,2.39728,-0.01588,0.44938,1.20641,0.04438,0.02871,0.03655,0.00583,0.00029,70.87023,0.68151,309.0,167.0,34.0,66.0,0
174,8.7,1,0.33062,0.32958,0.33166,0.14435,-1.88641,2.06244,3.01254,-0.01964,0.45132,1.20952,0.04639,0.04725,0.04682,0.00856,0.00036,70.78621,0.68151,309.0,167.0,34.0,66.0,0
175,8.75,1,0.33181,0.33192,0.3317,0.14682,-1.46726,2.13134,3.23375,-0.00373,0.45311,1.20398,0.04377,0.03535,0.03956,0.00971,0.00043,70.9987,0.64811,299.0,169.0,25.0,64.0,1
176,8.8,1,0.32444,0.32766,0.32121,0.14867,-1.66509,2.53468,3.7121,-0.01035,0.45644,1.20322,0.04692,0.03619,0.04156,0.0115,0.00048,71.70686,0.64811,299.0,169.0,25.0,64.0,0
177,8.85,1,0.32972,0.33134,0.32811,0.14891,-1.56088,2.65125,3.70131,-0.00743,0.46217,1.21457,0.04182,0.0305,0.03616,0.01363,0.0007,71.21071,0.64811,299.0,169.0,25.0,64.0,0
178,8.9,1,0.31942,0.31765,0.32118,0.15022,-0.83781,3.07598,3.32428,0.00431,0.46741,1.2064,0.05103,0.03753,0.04428,0.01361,0.00081,71.08068,0.64811,299.0,169.0,25.0,64.0,0
179,8.95,1,0.3207,0.32266,0.31875,0.14543,-0.47111,3.50816,3.30033,0.00666,0.46336,1.2222,0.05674,0.03572,0.04623,0.01241,0.00075,71.70924,0.64811,299.0,169.0,25.0,64.0,0
180,9.0,1,0.32004,0.32316,0.31692,0.14214,-0.41872,3.65058,3.76298,0.00919,0.46683,1.21671,0.06354,0.03702,0.05028,0.01141,0.00069,71.39822,0.52411,292.0,173.0,30.0,60.0,1
181,9.05,1,0.32446,0.329,0.31991,0.13544,-0.4386,3.78625,4.25526,0.01481,0.46682,1.22335,0.05125,0.02883,0.04004,0.00916,0.00057,71.53522,0.52411,292.0,173.0,30.0,60.0,0
182,9.1,1,0.28372,0.2881,0.27934,0.14711,-1.75791,3.96179,5.79695,0.0062,0.45639,1.21339,0.0795,0.07131,0.07541,0.01785,0.0007,70.85461,0.52411,292.0,173.0,30.0,60.0,0
183,9.15,1,0.28283,0.28367,0.28199,0.13991,-3.15506,4.42632,6.59662,-0.00585,0.4561,1.21809,0.08032,0.07706,0.07869,0.00805,0.00029,70.66192,0.52411,292.0,173.0,30.0,60.0,0
184,9.2,1,0.30709,0.31415,0.30003,0.14161,-7.46027,3.72253,7.61205,-0.07285,0.48471,1.20483,0.06343,0.05733,0.06038,0.00626,0.00012,69.11336,0.52411,292.0,173.0,30.0,60.0,0
185,9.25,1,0.31096,0.32468,0.29723,0.14543,-9.428,2.8086,8.86412,-0.09177,0.48047,1.20374,0.07376,0.04812,0.06094,0.00397,7e-05,68.48824,0.32864,274.0,174.0,25.0,45.0,1
186,9.3,1,0.35681,0.39249,0.32114,0.14564,-14.01204,3.68627,9.79581,-0.15942,0.51192,1.22417,0.05279,0.02353,0.03816,0.00101,2e-05,68.01226,0.32864,274.0,174.0,25.0,45.0,0
187,9.35,1,0.38462,0.43183,0.33741,0.13713,-15.80496,2.89882,10.62717,-0.18626,0.52068,1.24157,0.03924,0.01988,0.02956,0.0007,1e-05,67.64899,0.32864,274.0,174.0,25.0,45.0,0
188,9.4,1,0.41945,0.4713,0.36761,0.04434,-18.57583,1.68139,11.05906,-0.21136,0.54446,1.27022,0.01828,0.01337,0.01582,0.00027,1e-05,63.74041,0.32864,274.0,174.0,25.0,45.0,0
189,9.45,1,0.42118,0.47289,0.36947,0.01558,-20.18663,1.4468,11.44951,-0.2438,0.56622,1.25307,0.01949,0.03692,0.0282,0.00013,1e-05,61.51931,0.32864,274.0,174.0,25.0,45.0,0
190,9.5,1,0.41801,0.48004,0.35599,0.01693,-22.10826,1.44854,12.14948,-0.25859,0.63478,1.31254,0.02425,0.05333,0.03879,0.00022,1e-05,56.68448,0.42808,231.0,179.0,22.0,38.0,1
191,9.55,1,0.44656,0.5443,0.34882,0.02256,-22.86629,1.13103,12.25629,-0.28691,0.66604,1.36507,0.03374,0.04542,0.03958,0.00055,6e-05,53.19343,0.42808,231.0,179.0,22.0,38.0,0
192,9.6,1,0.48925,0.63873,0.33976,0.09531,-24.60413,-0.0449,13.52009,-0.33438,0.71016,1.4337,0.0387,0.04702,0.04286,0.0021,0.00015,50.97139,0.42808,231.0,179.0,22.0,38.0,0
193,9.65,1,0.50313,0.65792,0.34834,0.08933,-24.26161,0.56839,12.83884,-0.33819,0.72168,1.41104,0.03839,0.04375,0.04107,0.00155,0.00014,50.36477,0.42808,231.0,179.0,22.0,38.0,0
194,9.7,1,0.47516,0.60303,0.34729,0.10273,-22.96466,1.01766,12.04111,-0.29747,0.69083,1.39181,0.03263,0.03261,0.03262,0.0046,0.00037,51.96135,0.42808,231.0,179.0,22.0,38.0,0
195,9.75,1,0.45034,0.568,0.33269,0.09939,-23.51248,1.62077,10.51855,-0.3101,0.67137,1.3861,0.03911,0.04241,0.04076,0.00218,0.00014,53.23558,0.39803,225.0,179.0,27.0,43.0,1
196,9.8,1,0.40861,0.51033,0.30688,0.18394,-23.76889,1.80079,8.86775,-0.3271,0.65423,1.35181,0.04009,0.06007,0.05008,0.00742,0.00031,54.27735,0.39803,225.0,179.0,27.0,43.0,0
197,9.85,1,0.35528,0.42361,0.28694,0.13851,-22.17202,2.70432,8.81291,-0.29471,0.60032,1.2651,0.06603,0.10714,0.08658,0.0008,3e-05,58.16624,0.39803,225.0,179.0,27.0,43.0,0
198,9.9,1,0.21134,0.25279,0.16989,0.04453,-18.47137,0.54749,8.38047,-0.22305,0.49928,1.23619,0.24464,0.2363,0.24047,0.00048,4e-05,63.35461,0.39803,225.0,179.0,27.0,43.0,0
199,9.95,1,0.14173,0.16735,0.11612,0.1134,-15.58522,1.16168,6.89274,-0.19394,0.47436,1.20992,0.39786,0.33968,0.36877,0.00252,7e-05,65.98589,0.39803,225.0,179.0,27.0,43.0,0
200,10.0,1,0.10451,0.12531,0.08372,0.13319,-10.09229,1.17182,3.9923,-0.13514,0.44563,1.20456,0.49059,0.33661,0.4136,0.00674,0.00013,70.81886,0.65954,291.0,170.0,26.0,65.0,1
201,10.05,1,0.18889,0.20306,0.17473,0.13405,-6.1427,1.3321,2.28962,-0.08952,0.44207,1.1948,0.27037,0.19599,0.23318,0.00971,0.00033,69.73163,0.65954,291.0,170.0,26.0,65.0,0
202,10.1,1,0.24965,0.25786,0.24145,0.1586,-0.81713,2.08611,0.23677,-0.02673,0.44446,1.18617,0.14723,0.09389,0.12056,0.01465,0.00052,70.12739,0.65954,291.0,170.0,26.0,65.0,0
203,10.15,1,0.25759,0.25396,0.26121,0.16694,1.45381,1.60539,-0.90031,-0.0179,0.43534,1.20557,0.11427,0.09426,0.10427,0.02159,0.00105,70.15991,0.65954,291.0,170.0,26.0,65.0,0
204,10.2,1,0.28357,0.27163,0.29551,0.16079,3.93002,1.40282,-2.76273,0.00012,0.43431,1.2123,0.07582,0.07291,0.07436,0.01446,0.00075,70.35131,0.65954,291.0,170.0,26.0,65.0,0
205,10.25,1,0.28704,0.2802,0.29387,0.16639,4.32517,0.57225,-3.29733,-0.00394,0.43107,1.21659,0.06734,0.07549,0.07141,0.03085,0.00173,68.86096,0.6261,313.0,174.0,45.0,66.0,1
206,10.3,1,0.29361,0.29153,0.29568,0.02676,6.40647,0.22051,-4.2879,0.01272,0.43581,1.20797,0.07793,0.0799,0.07891,0.00228,0.00035,68.8508,0.6261,313.0,174.0,45.0,66.0,0
207,10.35,1,0.29782,0.29087,0.30476,0.00668,6.81664,-0.47437,-4.80492,0.00815,0.43208,1.20511,0.08117,0.10139,0.09128,0.00212,0.00036,68.77918,0.6261,313.0,174.0,45.0,66.0,0
208,10.4,1,0.30533,0.30272,0.30794,0.07103,7.77243,-0.44977,-5.59638,0.01098,0.43384,1.22903,0.05884,0.06529,0.06206,0.00781,0.00073,68.45121,0.6261,313.0,174.0,45.0,66.0,0
209,10.45,1,0.30326,0.29247,0.31405,0.10685,8.27587,-0.8072,-6.06987,0.01249,0.42949,1.22926,0.05252,0.08323,0.06788,0.01032,0.00079,68.02125,0.6261,313.0,174.0,45.0,66.0,0
210,10.5,1,0.31386,0.3086,0.31912,0.13786,8.42647,-1.44299,-6.53766,0.01382,0.41955,1.23255,0.04753,0.05212,0.04983,0.01111,0.00057,68.74164,0.79573,340.0,173.0,37.0,64.0,1
211,10.55,1,0.31146,0.30363,0.31929,0.14135,9.0294,-1.35511,-7.13025,0.02056,0.42263,1.24486,0.04611,0.04963,0.04787,0.01097,0.00052,68.64616,0.79573,340.0,173.0,37.0,64.0,0
212,10.6,1,0.31853,0.30691,0.33016,0.1511,9.01415,-1.93467,-7.40862,0.01783,0.42101,1.23463,0.04447,0.05762,0.05104,0.01757,0.00072,67.85603,0.79573,340.0,173.0,37.0,64.0,0
213,10.65,1,0.31499,0.30221,0.32778,0.14712,9.27103,-2.2286,-7.69891,0.02209,0.42345,1.23942,0.04485,0.0599,0.05238,0.01607,0.00075,67.46444,0.79573,340.0,173.0,37.0,64.0,0
214,10.7,1,0.31886,0.30263,0.3351,0.14722,8.95279,-2.14127,-7.52503,0.02013,0.41923,1.24444,0.04045,0.06155,0.051,0.01561,0.00076,67.49959,0.79573,340.0,173.0,37.0,64.0,0
215,10.75,1,0.26147,0.24982,0.27312,0.14823,9.05054,-2.0052,-7.37433,0.0301,0.42385,1.2415,0.14592,0.15887,0.15239,0.01346,0.00062,66.45138,0.78792,353.0,175.0,37.0,63.0,1
216,10.8,1,0.16568,0.16524,0.16612,0.14861,9.03134,-1.9089,-7.07227,0.03855,0.41366,1.23357,0.33897,0.33986,0.33941,0.01632,0.00074,67.20436,0.78792,353.0,175.0,37.0,63.0,0
217,10.85,1,0.19146,0.18378,0.19914,0.14412,8.83725,-0.86943,-6.50381,0.04394,0.41926,1.23437,0.28994,0.28953,0.28973,0.01405,0.00068,67.41964,0.78792,353.0,175.0,37.0,63.0,0
218,10.9,1,0.23084,0.22176,0.23992,0.14297,8.53047,-0.15358,-6.25845,0.03258,0.42248,1.22814,0.2033,0.1971,0.2002,0.01308,0.0006,67.86091,0.78792,353.0,175.0,37.0,63.0,0
219,10.95,1,0.26797,0.25422,0.28172,0.1389,8.86706,0.26597,-6.25227,0.04129,0.43225,1.2393,0.12037,0.11493,0.11765,0.01682,0.00086,67.23938,0.78792,353.0,175.0,37.0,63.0,0
220,11.0,1,0.28751,0.27028,0.30475,0.14624,8.8092,0.46684,-6.00151,0.04162,0.4303,1.23401,0.08252,0.0914,0.08696,0.01654,0.00071,67.96764,0.71079,361.0,174.0,38.0,65.0,1
221,11.05,1,0.29818,0.28122,0.31514,0.14313,9.02561,0.78557,-6.16424,0.04258,0.44062,1.23724,0.08054,0.07525,0.07789,0.01975,0.00096,67.64971,0.71079,361.0,174.0,38.0,65.0,0
222,11.1,1,0.2978,0.28486,0.31074,0.13782,8.90454,1.33106,-6.02338,0.03433,0.44673,1.23188,0.0788,0.0705,0.07465,0.01602,0.00095,67.95024,0.71079,361.0,174.0,38.0,65.0,0
223,11.15,1,0.30273,0.28659,0.31886,0.13852,9.57424,1.00777,-6.53236,0.04628,0.4461,1.2427,0.0707,0.07024,0.07047,0.01391,0.00079,67.45406,0.71079,361.0,174.0,38.0,65.0,0
224,11.2,1,0.30336,0.28761,0.31912,0.14066,10.1033,0.62761,-7.07237,0.04808,0.44163,1.243,0.07266,0.06847,0.07057,0.01101,0.00054,67.49228,0.71079,361.0,174.0,38.0,65.0,0
225,11.25,1,0.30955,0.29455,0.32456,0.12508,12.13483,-1.0472,-8.24298,0.06688,0.44468,1.24878,0.06369,0.04381,0.05375,0.00405,0.00028,66.65816,0.67643,367.0,177.0,45.0,64.0,1
226,11.3,1,0.3081,0.29409,0.3221,0.12516,13.44238,-1.98765,-9.21927,0.08033,0.44531,1.25962,0.07632,0.04578,0.06105,0.00398,0.00029,65.75253,0.67643,367.0,177.0,45.0,64.0,0
227,11.35,1,0.29849,0.27449,0.3225,0.12613,16.09567,-3.64261,-11.02173,0.09804,0.45348,1.28462,0.06921,0.0674,0.0683,0.00507,0.00028,64.3519,0.67643,367.0,177.0,45.0,64.0,0
228,11.4,1,0.28406,0.26285,0.30528,0.14241,17.52384,-4.94636,-11.97765,0.11507,0.4474,1.27516,0.08717,0.07591,0.08154,0.00477,0.00022,64.23241,0.67643,367.0,177.0,45.0,64.0,0
229,11.45,1,0.30394,0.27988,0.32799,0.14545,19.89654,-6.10685,-12.97008,0.1419,0.45709,1.29755,0.077,0.05861,0.06781,0.00493,0.0002,62.85471,0.67643,367.0,177.0,45.0,64.0,0
230,11.5,1,0.30992,0.28553,0.33432,0.14563,20.25897,-5.99881,-12.88337,0.14274,0.45047,1.30093,0.0704,0.05485,0.06262,0.00408,0.00015,62.94581,0.76738,370.0,178.0,47.0,63.0,1
231,11.55,1,0.31401,0.29037,0.33765,0.14512,19.97515,-6.92357,-12.8804,0.13347,0.43485,1.29469,0.06645,0.04897,0.05771,0.00469,0.00019,63.42827,0.76738,370.0,178.0,47.0,63.0,0
232,11.6,1,0.3088,0.28504,0.33256,0.1467,19.24531,-6.58338,-12.69819,0.11849,0.42245,1.29741,0.06425,0.05973,0.06199,0.00277,0.00013,64.10216,0.76738,370.0,178.0,47.0,63.0,0
233,11.65,1,0.31075,0.28981,0.33169,0.14189,18.62164,-6.67625,-12.79096,0.10122,0.42797,1.28707,0.07336,0.06288,0.06812,0.00533,0.00032,63.47843,0.76738,370.0,178.0,47.0,63.0,0
234,11.7,1,0.29553,0.27562,0.31544,0.13559,17.76915,-6.74493,-12.56874,0.10338,0.41782,1.28753,0.0931,0.08073,0.08691,0.00403,0.00025,64.16623,0.76738,370.0,178.0,47.0,63.0,0
235,11.75,1,0.29737,0.28136,0.31338,0.13807,15.8416,-5.79928,-11.88147,0.07886,0.41825,1.27666,0.09046,0.0807,0.08558,0.00438,0.00032,64.80371,0.79121,363.0,158.0,48.0,82.0,1
236,11.8,1,0.29415,0.28367,0.30462,0.1363,14.90043,-5.19073,-11.87714,0.06837,0.42398,1.26744,0.10124,0.07996,0.0906,0.00496,0.00037,64.36697,0.79121,363.0,158.0,48.0,82.0,0
237,11.85,1,0.28332,0.27878,0.28785,0.14492,13.30533,-5.1042,-11.10073,0.05609,0.42398,1.25828,0.13366,0.06096,0.09731,0.00561,0.00044,64.67729,0.79121,363.0,158.0,48.0,82.0,0
238,11.9,1,0.27751,0.27074,0.28427,0.1381,12.08748,-4.53074,-10.47163,0.05377,0.41557,1.246,0.13172,0.06045,0.09608,0.00467,0.00037,66.15145,0.79121,363.0,158.0,48.0,82.0,0
239,11.95,1,0.272,0.26476,0.27925,0.13299,10.85917,-4.09977,-9.82538,0.04788,0.41675,1.23899,0.14003,0.07094,0.10548,0.00532,0.00047,66.17868,0.79121,363.0,158.0,48.0,82.0,0
240,12.0,1,0.27962,0.27324,0.286,0.13302,10.26293,-4.01897,-9.89296,0.03928,0.41158,1.23738,0.12714,0.06926,0.0982,0.00682,0.0006,66.41262,0.66386,357.0,174.0,45.0,64.0,1
241,12.05,1,0.27626,0.27128,0.28125,0.13322,9.10023,-2.85572,-9.15396,0.02285,0.41447,1.23235,0.13058,0.09018,0.11038,0.00625,0.00052,66.25701,0.66386,357.0,174.0,45.0,64.0,0
242,12.1,1,0.28324,0.2787,0.28779,0.13612,8.73358,-2.53251,-8.73756,0.02271,0.41083,1.22593,0.11205,0.0688,0.09043,0.00607,0.00055,66.88879,0.66386,357.0,174.0,45.0,64.0,0
243,12.15,1,0.27777,0.26825,0.2873,0.15174,8.28318,-1.64773,-7.90856,0.02377,0.4158,1.23707,0.1217,0.07904,0.10037,0.00912,0.00066,66.7081,0.66386,357.0,174.0,45.0,64.0,0
244,12.2,1,0.28628,0.2789,0.29366,0.14363,7.97672,-1.65487,-7.17346,0.0279,0.4142,1.22964,0.11011,0.07863,0.09437,0.00695,0.00057,67.20411,0.66386,357.0,174.0,45.0,64.0,0
245,12.25,1,0.27172,0.26565,0.27779,0.1577,6.98254,-0.11619,-6.52451,0.01233,0.4172,1.225,0.11809,0.08738,0.10274,0.01491,0.00089,67.59906,0.71799,353.0,174.0,38.0,65.0,1
246,12.3,1,0.28767,0.28824,0.28709,0.16043,6.82741,0.40831,-5.90565,0.02301,0.41702,1.23525,0.10146,0.0587,0.08008,0.01852,0.001,68.67665,0.71799,353.0,174.0,38.0,65.0,0
247,12.35,1,0.28874,0.28044,0.29705,0.15685,6.65771,0.59706,-5.25651,0.01775,0.41685,1.23126,0.09364,0.06489,0.07927,0.02511,0.00128,68.42255,0.71799,353.0,174.0,38.0,65.0,0
248,12.4,1,0.28992,0.28076,0.29907,0.14815,6.32415,1.72363,-5.15052,0.02379,0.42552,1.22444,0.08849,0.06867,0.07858,0.01848,0.00108,68.68768,0.71799,353.0,174.0,38.0,65.0,0
249,12.45,1,0.27158,0.26102,0.28214,0.1421,6.11607,2.0515,-5.25442,0.00776,0.43056,1.2231,0.09905,0.09479,0.09692,0.01529,0.00102,68.69582,0.71799,353.0,174.0,38.0,65.0,0
250,12.5,1,0.26879,0.25618,0.2814,0.14138,6.88949,1.97928,-5.27158,0.01728,0.43883,1.22986,0.10987,0.10748,0.10867,0.01539,0.00101,67.58021,0.78034,351.0,172.0,39.0,66.0,1
251,12.55,1,0.27176,0.25941,0.2841,0.14351,7.61634,1.84413,-5.55081,0.01914,0.43478,1.23097,0.11121,0.09986,0.10553,0.01585,0.00093,67.67982,0.78034,351.0,172.0,39.0,66.0,0
252,12.6,1,0.28092,0.26384,0.298,0.14167,10.95656,-0.48748,-6.71995,0.05367,0.43765,1.23559,0.09362,0.09259,0.09311,0.01101,0.00074,67.35826,0.78034,351.0,172.0,39.0,66.0,0
253,12.65,1,0.28537,0.27054,0.3002,0.1296,12.90168,-1.92751,-8.21572,0.06739,0.43977,1.24087,0.09439,0.08003,0.08721,0.0083,0.00059,66.02027,0.78034,351.0,172.0,39.0,66.0,0
254,12.7,1,0.29323,0.27981,0.30666,0.13944,14.83888,-4.25122,-11.56972,0.07525,0.42802,1.26707,0.08221,0.06949,0.07585,0.00828,0.00044,65.1894,0.78034,351.0,172.0,39.0,66.0,0
255,12.75,1,0.28883,0.27377,0.3039,0.13899,15.95181,-6.21917,-13.12994,0.08004,0.4267,1.27708,0.08902,0.06854,0.07878,0.00884,0.00046,64.70396,0.49633,352.0,182.0,46.0,59.0,1
256,12.8,1,0.30606,0.28501,0.32712,0.13794,17.1028,-8.08539,-15.78896,0.07355,0.42878,1.28031,0.07658,0.06298,0.06978,0.00934,0.00055,63.08798,0.49633,352.0,182.0,46.0,59.0,0
257,12.85,1,0.30206,0.28536,0.31876,0.14177,18.68573,-10.17881,-17.02787,0.09447,0.41735,1.27585,0.08514,0.05625,0.07069,0.00705,0.00036,63.24349,0.49633,352.0,182.0,46.0,59.0,0
258,12.9,1,0.30143,0.28667,0.31619,0.14492,19.33632,-10.63153,-18.22425,0.09859,0.41574,1.28784,0.09366,0.05638,0.07502,0.00552,0.00029,62.29397,0.49633,352.0,182.0,46.0,59.0,0
259,12.95,1,0.31332,0.29185,0.33479,0.14618,20.31033,-10.96449,-18.30052,0.11077,0.4169,1.28768,0.08028,0.05318,0.06673,0.00618,0.00031,61.78181,0.49633,352.0,182.0,46.0,59.0,0
260,13.0,1,0.30487,0.29046,0.31929,0.1387,19.95814,-11.70687,-18.90352,0.10007,0.4118,1.27504,0.09371,0.05564,0.07468,0.00482,0.00029,62.12283,0.80458,358.0,171.0,51.0,74.0,1
261,13.05,1,0.31124,0.2918,0.33068,0.13916,19.9506,-11.57097,-18.92338,0.09794,0.40741,1.27134,0.085,0.04907,0.06704,0.00494,0.00025,62.49058,0.80458,358.0,171.0,51.0,74.0,0
262,13.1,1,0.31522,0.29349,0.33695,0.14273,19.38749,-11.09412,-18.55257,0.08942,0.40502,1.26846,0.08065,0.05154,0.0661,0.00518,0.00026,62.73126,0.80458,358.0,171.0,51.0,74.0,0
263,13.15,1,0.31482,0.29252,0.33712,0.14462,19.18058,-10.70347,-18.61211,0.08351,0.4072,1.26997,0.07957,0.04714,0.06335,0.00584,0.00034,62.76772,0.80458,358.0,171.0,51.0,74.0,0
264,13.2,1,0.29995,0.2772,0.32269,0.14386,18.61366,-8.87585,-17.7724,0.0814,0.4183,1.26797,0.08684,0.05414,0.07049,0.0061,0.00033,62.88001,0.80458,358.0,171.0,51.0,74.0,0
265,13.25,1,0.28156,0.26508,0.29804,0.1441,16.54403,-7.34193,-16.48212,0.05912,0.41478,1.26352,0.12402,0.07945,0.10174,0.00385,0.00029,63.95839,0.7538,358.0,180.0,47.0,65.0,1
266,13.3,1,0.15388,0.13959,0.16816,0.1322,13.37742,-4.97798,-13.03126,0.04476,0.40249,1.24383,0.35762,0.30652,0.33207,0.00388,0.00032,66.44238,0.7538,358.0,180.0,47.0,65.0,0
267,13.35,1,0.17621,0.17075,0.18168,0.13385,11.88153,-3.36143,-10.87036,0.05244,0.41718,1.24346,0.35768,0.22524,0.29146,0.0042,0.00036,66.20069,0.7538,358.0,180.0,47.0,65.0,0
268,13.4,1,0.2368,0.22869,0.24491,0.13326,8.53997,-0.08677,-7.75121,0.02616,0.42789,1.23029,0.21902,0.14659,0.18281,0.01168,0.00073,67.58774,0.7538,358.0,180.0,47.0,65.0,0
269,13.45,1,0.26722,0.2634,0.27104,0.13651,6.69512,1.25302,-6.63316,0.01011,0.42858,1.23472,0.15278,0.09672,0.12475,0.01473,0.00103,68.05157,0.7538,358.0,180.0,47.0,65.0,0
270,13.5,1,0.28036,0.2743,0.28642,0.13084,4.56077,2.56577,-4.53914,-0.00241,0.44549,1.21356,0.13014,0.08543,0.10779,0.00942,0.00077,68.39225,0.65689,351.0,174.0,32.0,64.0,1
271,13.55,1,0.28759,0.29126,0.28392,0.14117,3.08145,3.89217,-3.22103,-0.00108,0.44607,1.21877,0.11308,0.0685,0.09079,0.00952,0.00067,69.36429,0.65689,351.0,174.0,32.0,64.0,0
272,13.6,1,0.28168,0.28492,0.27844,0.14738,1.05038,5.12678,-0.69377,0.00129,0.46412,1.20014,0.10463,0.09942,0.10202,0.0176,0.00105,68.44069,0.65689,351.0,174.0,32.0,64.0,0
273,13.65,1,0.29135,0.29722,0.28548,0.15402,-0.50867,5.57524,0.5305,0.00082,0.47221,1.21426,0.09313,0.08769,0.09041,0.02287,0.0012,68.86116,0.65689,351.0,174.0,32.0,64.0,0
274,13.7,1,0.30792,0.3247,0.29113,0.14086,-4.22591,5.44666,2.33439,-0.04077,0.47859,1.24072,0.08794,0.04366,0.0658,0.02082,0.00063,67.31499,0.65689,351.0,174.0,32.0,64.0,0
275,13.75,1,0.32014,0.34209,0.29819,0.15638,-5.4706,5.82768,2.9239,-0.05835,0.47304,1.22657,0.06899,0.0195,0.04425,0.01466,0.00039,69.18572,0.69707,322.0,175.0,26.0,60.0,1
276,13.8,1,0.33264,0.34125,0.32402,0.14055,-7.48998,4.35923,3.70779,-0.08827,0.49051,1.23909,0.04492,0.04627,0.04559,0.01668,0.00039,66.62048,0.69707,322.0,175.0,26.0,60.0,0
277,13.85,1,0.36065,0.37741,0.34389,0.15518,-8.97826,3.6999,4.04511,-0.11164,0.47155,1.22411,0.02453,0.01976,0.02215,0.00846,0.00017,68.71942,0.69707,322.0,175.0,26.0,60.0,0
278,13.9,1,0.3644,0.38304,0.34576,0.17963,-10.57201,4.15163,4.64883,-0.12846,0.4665,1.2093,0.02137,0.01935,0.02036,0.00354,6e-05,70.72602,0.69707,322.0,175.0,26.0,60.0,0
279,13.95,1,0.36565,0.38482,0.34648,0.17154,-11.2942,4.71372,4.47741,-0.14656,0.48052,1.1973,0.02215,0.02653,0.02434,0.0034,5e-05,70.01402,0.69707,322.0,175.0,26.0,60.0,0
280,14.0,1,0.35369,0.36828,0.3391,0.16904,-11.05143,5.10453,4.18899,-0.14287,0.48724,1.19134,0.02741,0.03007,0.02874,0.00396,6e-05,69.70093,0.08552,301.0,174.0,31.0,63.0,1
281,14.05,1,0.35036,0.36112,0.3396,0.15639,-10.42722,5.00626,3.75302,-0.13129,0.49406,1.21126,0.03175,0.02843,0.03009,0.00825,0.00014,68.78125,0.08552,301.0,174.0,31.0,63.0,0
282,14.1,1,0.34292,0.35949,0.32635,0.15459,-9.33106,5.63678,3.01967,-0.11259,0.49606,1.22453,0.04133,0.02781,0.03457,0.0143,0.00028,69.08441,0.08552,301.0,174.0,31.0,63.0,0
283,14.15,1,0.34688,0.35812,0.33564,0.15453,-7.79538,6.36609,2.55187,-0.10883,0.50385,1.23749,0.0317,0.03145,0.03157,0.02522,0.00051,69.17086,0.08552,301.0,174.0,31.0,63.0,0
284,14.2,1,0.34688,0.34828,0.34549,0.14912,-5.61531,5.96206,1.42423,-0.06403,0.49221,1.23174,0.03112,0.02141,0.02627,0.00991,0.00047,70.21203,0.08552,301.0,174.0,31.0,63.0,0
285,14.25,1,0.35453,0.36347,0.3456,0.15771,-3.74989,5.31679,0.51842,-0.04318,0.47384,1.23071,0.03048,0.01119,0.02084,0.01286,0.00071,70.86082,0.52836,317.0,172.0,30.0,67.0,1
286,14.3,1,0.35563,0.36331,0.34795,0.15745,-1.95491,4.5443,-0.55539,-0.03453,0.46805,1.24306,0.02667,0.01198,0.01932,0.01906,0.00102,71.23014,0.52836,317.0,172.0,30.0,67.0,0
287,14.35,1,0.35369,0.35643,0.35094,0.16166,-1.50554,4.39443,-1.20617,-0.03487,0.47489,1.24157,0.02602,0.01248,0.01925,0.03041,0.00163,70.68716,0.52836,317.0,172.0,30.0,67.0,0
288,14.4,1,0.33706,0.33857,0.33555,0.13954,-0.24293,2.91573,-2.03233,-0.02776,0.45909,1.24003,0.0368,0.01958,0.02819,0.01677,0.00163,70.34271,0.52836,317.0,172.0,30.0,67.0,0
289,14.45,1,0.34593,0.34551,0.34635,0.15145,0.42466,2.73346,-2.64359,-0.02785,0.45948,1.23437,0.02698,0.01672,0.02185,0.01844,0.00139,70.01326,0.52836,317.0,172.0,30.0,67.0,0
290,14.5,1,0.34932,0.34901,0.34962,0.14002,0.9543,2.65585,-3.23758,-0.02527,0.44792,1.2473,0.02967,0.01882,0.02424,0.01414,0.00136,70.18354,0.71598,326.0,170.0,40.0,67.0,1
291,14.55,1,0.35058,0.35153,0.34962,0.14319,1.35938,2.26624,-3.68711,-0.01838,0.45413,1.2393,0.03445,0.01677,0.02561,0.01189,0.0011,69.55808,0.71598,326.0,170.0,40.0,67.0,0
292,14.6,1,0.35626,0.35724,0.35529,0.15882,1.3618,2.09294,-3.79178,-0.01939,0.45042,1.24554,0.03064,0.01713,0.02388,0.01766,0.00151,69.66742,0.71598,326.0,170.0,40.0,67.0,0
293,14.65,1,0.34615,0.34081,0.35149,0.16295,1.6165,1.63759,-4.5298,-0.02688,0.44417,1.24169,0.02903,0.02174,0.02539,0.01312,0.00121,69.52686,0.71598,326.0,170.0,40.0,67.0,0
294,14.7,1,0.34679,0.34155,0.35203,0.16036,1.56448,1.95537,-4.85903,-0.03193,0.44549,1.23791,0.03017,0.02188,0.02602,0.01645,0.00149,69.29712,0.71598,326.0,170.0,40.0,67.0,0
295,14.75,1,0.3469,0.34169,0.35211,0.14615,1.51872,1.7795,-4.81911,-0.03094,0.44484,1.23825,0.02864,0.01944,0.02404,0.01201,0.0013,68.98085,0.59752,341.0,170.0,32.0,65.0,1
296,14.8,1,0.3485,0.34409,0.35291,0.15602,1.84217,0.74995,-4.82691,-0.02731,0.44199,1.23928,0.02918,0.01866,0.02392,0.01285,0.00119,68.74938,0.59752,341.0,170.0,32.0,65.0,0
297,14.85,1,0.32273,0.33243,0.31303,0.14134,2.23319,0.5287,-4.64674,-0.01662,0.43995,1.22514,0.07709,0.02136,0.04923,0.01151,0.00107,68.15319,0.59752,341.0,170.0,32.0,65.0,0
298,14.9,1,0.08704,0.0926,0.08148,0.10508,2.87933,-1.92977,-4.75865,-0.01169,0.39712,1.20705,0.5293,0.50351,0.51641,0.00572,0.00051,69.91035,0.59752,341.0,170.0,32.0,65.0,0
299,14.95,1,0.12956,0.13591,0.12321,0.0897,3.01798,-1.36855,-5.48201,-0.02063,0.41057,1.22663,0.44132,0.42458,0.43295,0.00585,0.00055,67.89608,0.59752,341.0,170.0,32.0,65.0,0
300,15.0,1,0.21792,0.21222,0.22361,0.01513,-6.03896,9.14162,-0.40503,-0.0304,0.56697,1.17471,0.28958,0.26116,0.27537,0.00071,3e-05,73.84941,0.0,0.0,0.0,0.0,0.0,1
301,15.05,1,0.2776,0.27923,0.27597,0.00583,-6.42165,6.90769,0.876,-0.04342,0.53349,1.20467,0.12321,0.10054,0.11188,0.00386,0.00038,75.1603,0.0,0.0,0.0,0.0,0.0,0
302,15.1,1,0.31708,0.3227,0.31147,0.00607,-6.30814,5.80675,1.26349,-0.05345,0.50618,1.18762,0.07149,0.04401,0.05775,0.00268,0.00025,76.19433,0.0,0.0,0.0,0.0,0.0,0
303,15.15,1,0.32742,0.33331,0.32153,0.00563,-6.18876,5.11183,1.56657,-0.04693,0.50373,1.19546,0.06136,0.03712,0.04924,0.00185,0.0002,75.47735,0.0,0.0,0.0,0.0,0.0,0
304,15.2,1,0.33238,0.3423,0.32246,0.00598,-6.02668,3.99059,2.18069,-0.03388,0.48253,1.19603,0.06904,0.03589,0.05246,0.00143,0.00014,75.21266,0.0,0.0,0.0,0.0,0.0,0
305,15.25,1,0.33381,0.3456,0.32201,0.00555,-6.34464,3.08777,2.5416,-0.02977,0.48266,1.20332,0.07287,0.03292,0.0529,0.00171,0.00018,74.6623,0.0,0.0,0.0,0.0,0.0,1
306,15.3,1,0.32244,0.32776,0.31712,0.00621,-5.66074,2.95522,2.24168,-0.01626,0.48252,1.19894,0.07652,0.04775,0.06214,0.00135,0.00016,74.70892,0.0,0.0,0.0,0.0,0.0,0
307,15.35,1,0.32665,0.32851,0.32479,0.00586,-4.75612,2.89617,2.20076,-0.00946,0.4803,1.19306,0.06894,0.04851,0.05873,0.00155,0.00022,74.80566,0.0,0.0,0.0,0.0,0.0,0
308,15.4,1,0.31711,0.3175,0.31672,0.00578,-3.51743,3.25167,1.71983,-0.011,0.47842,1.17863,0.07772,0.05443,0.06607,0.00238,0.0003,75.44419,0.0,0.0,0.0,0.0,0.0,0
309,15.45,1,0.33145,0.32989,0.33301,0.00573,-2.354,3.86386,1.13852,-0.00334,0.48622,1.19047,0.06504,0.04651,0.05578,0.00174,0.00024,75.06053,0.0,0.0,0.0,0.0,0.0,0
310,15.5,1,0.32963,0.32087,0.33839,0.00619,-0.70267,3.85348,0.29304,-0.00129,0.48085,1.18688,0.05416,0.06225,0.0582,0.00233,0.00032,75.23571,0.0,0.0,0.0,0.0,0.0,1
311,15.55,1,0.33595,0.32716,0.34474,0.00556,0.03338,3.94063,-0.0489,0.00486,0.47489,1.18462,0.04639,0.042,0.04419,0.00198,0.00025,75.87268,0.0,0.0,0.0,0.0,0.0,0
312,15.6,1,0.34901,0.34768,0.35034,0.00528,1.75305,3.68245,-1.21699,0.01475,0.48198,1.1951,0.03823,0.0204,0.02932,0.00279,0.00039,75.35089,0.0,0.0,0.0,0.0,0.0,0
313,15.65,1,0.35064,0.34723,0.35405,0.00519,2.31623,3.40494,-1.98442,0.0148,0.47662,1.19373,0.03807,0.01845,0.02826,0.00244,0.00031,75.17142,0.0,0.0,0.0,0.0,0.0,0
314,15.7,1,0.32644,0.32214,0.33073,0.00416,3.52374,2.49975,-2.40646,0.02313,0.45831,1.18966,0.0596,0.02985,0.04473,0.00231,0.00027,74.56771,0.0,0.0,0.0,0.0,0.0,0
315,15.75,1,0.32626,0.3244,0.32811,0.00444,4.12251,1.87065,-2.32783,0.02664,0.45394,1.18694,0.06753,0.02667,0.0471,0.00168,0.00021,74.21577,0.0,0.0,0.0,0.0,0.0,1
316,15.8,1,0.33538,0.33369,0.33706,0.0036,4.68669,1.36089,-2.37667,0.03445,0.45289,1.19199,0.05781,0.0229,0.04035,0.00171,0.0002,73.96361,0.0,0.0,0.0,0.0,0.0,0
317,15.85,1,0.32373,0.31945,0.32802,0.00468,4.87015,0.87666,-2.1383,0.03693,0.45331,1.19716,0.07817,0.03991,0.05904,0.0018,0.00023,73.12012,0.0,0.0,0.0,0.0,0.0,0
318,15.9,1,0.31322,0.30927,0.31717,0.00362,5.09112,0.66565,-1.8009,0.03867,0.44756,1.19347,0.08414,0.04514,0.06464,0.00199,0.00025,73.29794,0.0,0.0,0.0,0.0,0.0,0
319,15.95,1,0.32208,0.31636,0.32779,0.00294,5.23553,0.48428,-1.79888,0.0403,0.44538,1.19142,0.07424,0.04174,0.05799,0.0016,0.00023,72.96722,0.0,0.0,0.0,0.0,0.0,0
320,16.0,1,0.32394,0.31724,0.33064,0.00215,6.16395,0.13749,-1.42045,0.05561,0.44441,1.19637,0.07997,0.04009,0.06003,0.00128,0.00018,72.78977,0.0,0.0,0.0,0.0,0.0,1
321,16.05,1,0.33593,0.32607,0.34579,0.00417,6.75657,-0.45699,-1.17721,0.06205,0.4438,1.20696,0.05491,0.03218,0.04355,0.00152,0.0002,72.48309,0.0,0.0,0.0,0.0,0.0,0
322,16.1,1,0.34365,0.33235,0.35494,0.00455,8.30166,-1.67581,-0.70051,0.08705,0.42766,1.21689,0.04514,0.02583,0.03549,0.00162,0.0002,71.95234,0.0,0.0,0.0,0.0,0.0,0
323,16.15,1,0.34158,0.33363,0.34954,0.00513,9.42709,-2.36759,-0.92929,0.097,0.43021,1.21968,0.05792,0.02421,0.04107,0.00143,0.00017,71.51407,0.0,0.0,0.0,0.0,0.0,0
324,16.2,1,0.343,0.33307,0.35292,0.00635,11.7032,-3.72989,-1.57606,0.12298,0.43188,1.2215,0.05578,0.01982,0.0378,0.00133,0.00017,69.91073,0.0,0.0,0.0,0.0,0.0,0
325,16.25,1,0.34592,0.33547,0.35637,0.00681,12.95392,-4.77434,-1.97814,0.13768,0.42474,1.22364,0.05227,0.01496,0.03361,0.00141,0.00016,69.65967,0.0,0.0,0.0,0.0,0.0,1
326,16.3,1,0.35146,0.34013,0.36279,0.0065,15.49375,-5.77408,-2.89918,0.17122,0.44254,1.23649,0.05513,0.01254,0.03384,0.00167,0.00019,67.54029,0.0,0.0,0.0,0.0,0.0,0
327,16.35,1,0.3693,0.35681,0.3818,0.00497,16.65034,-6.43379,-3.66371,0.17523,0.44945,1.2581,0.04209,0.00943,0.02576,0.0013,0.00016,66.24651,0.0,0.0,0.0,0.0,0.0,0
328,16.4,1,0.3613,0.34703,0.37558,0.00361,18.30445,-8.11419,-5.00407,0.1848,0.43667,1.26218,0.03466,0.0106,0.02263,0.00089,9e-05,65.60885,0.0,0.0,0.0,0.0,0.0,0
329,16.45,1,0.35991,0.32837,0.39144,0.00246,19.55924,-8.88581,-6.19071,0.19417,0.45205,1.26507,0.03279,0.0179,0.02535,0.00078,7e-05,64.43231,0.0,0.0,0.0,0.0,0.0,0
330,16.5,1,0.35066,0.32106,0.38025,0.00236,21.85697,-10.12844,-6.76154,0.23461,0.43307,1.2717,0.04446,0.01818,0.03132,0.00066,5e-05,63.9443,0.0,0.0,0.0,0.0,0.0,1
331,16.55,1,0.35492,0.33405,0.37579,0.00285,22.07413,-10.30249,-7.30763,0.22231,0.43641,1.26697,0.04873,0.01738,0.03306,0.00094,6e-05,63.48229,0.0,0.0,0.0,0.0,0.0,0
332,16.6,1,0.35086,0.33028,0.37144,0.00193,22.86283,-10.60352,-7.76609,0.23932,0.43658,1.2657,0.0604,0.01834,0.03937,0.00093,6e-05,62.80265,0.0,0.0,0.0,0.0,0.0,0
333,16.65,1,0.35432,0.33271,0.37592,0.00231,23.24855,-11.21522,-7.91939,0.24408,0.43311,1.25555,0.05868,0.01725,0.03796,0.00125,7e-05,62.50282,0.0,0.0,0.0,0.0,0.0,0
334,16.7,1,0.35276,0.33162,0.3739,0.00359,23.50581,-11.62269,-7.59133,0.25438,0.42257,1.25322,0.05969,0.01497,0.03733,0.00085,4e-05,63.23553,0.0,0.0,0.0,0.0,0.0,0
335,16.75,1,0.35691,0.33215,0.38168,0.00253,24.03685,-11.44265,-7.15959,0.27189,0.42651,1.25881,0.05456,0.01392,0.03424,0.00093,5e-05,62.87194,0.0,0.0,0.0,0.0,0.0,1
336,16.8,1,0.35251,0.32896,0.37606,0.00279,23.38276,-11.53714,-6.60866,0.26733,0.42172,1.23589,0.05803,0.01292,0.03547,0.00098,6e-05,63.24168,0.0,0.0,0.0,0.0,0.0,0
337,16.85,1,0.3481,0.33464,0.36157,0.00361,22.87647,-11.41298,-6.03888,0.25908,0.42687,1.23781,0.06661,0.01576,0.04119,0.00128,8e-05,62.93393,0.0,0.0,0.0,0.0,0.0,0
338,16.9,1,0.34706,0.33428,0.35985,0.00376,22.17809,-10.90672,-5.40735,0.24116,0.43447,1.24722,0.06365,0.01615,0.0399,0.0017,0.00013,63.29102,0.0,0.0,0.0,0.0,0.0,0
339,16.95,1,0.34542,0.33332,0.35752,0.00343,21.98643,-10.33538,-5.00675,0.23607,0.43709,1.25945,0.06526,0.0178,0.04153,0.00185,0.00014,63.70323,0.0,0.0,0.0,0.0,0.0,0
340,17.0,1,0.32943,0.31835,0.34051,0.00278,20.92692,-8.38605,-4.80395,0.21907,0.44123,1.25255,0.06422,0.02303,0.04362,0.00156,0.00012,65.36013,0.0,0.0,0.0,0.0,0.0,1
341,17.05,1,0.33978,0.32591,0.35366,0.00342,21.17574,-7.62792,-5.1486,0.22203,0.45858,1.26619,0.05907,0.0192,0.03913,0.00155,0.00012,64.63718,0.0,0.0,0.0,0.0,0.0,0
342,17.1,1,0.33724,0.326,0.34849,0.00388,21.56754,-6.57556,-5.32154,0.228,0.46224,1.27403,0.07068,0.02014,0.04541,0.00099,8e-05,64.54582,0.0,0.0,0.0,0.0,0.0,0
343,17.15,1,0.34148,0.32052,0.36244,0.00323,24.2072,-5.60099,-6.26863,0.27545,0.48208,1.27503,0.06554,0.02932,0.04743,0.00067,4e-05,63.37288,0.0,0.0,0.0,0.0,0.0,0
344,17.2,1,0.3751,0.34574,0.40447,0.00286,26.69223,-5.0112,-6.73197,0.30481,0.5077,1.29259,0.05185,0.01871,0.03528,0.00058,3e-05,61.29566,0.0,0.0,0.0,0.0,0.0,0
345,17.25,1,0.4187,0.37113,0.46627,0.00606,29.3862,-3.92155,-8.25831,0.33424,0.54071,1.33609,0.03988,0.00829,0.02408,0.00046,1e-05,60.38519,0.0,0.0,0.0,0.0,0.0,1
346,17.3,1,0.43817,0.37839,0.49795,0.00584,30.50301,-3.43054,-8.64941,0.34799,0.56769,1.34538,0.03469,0.00955,0.02212,0.0004,1e-05,58.46302,0.0,0.0,0.0,0.0,0.0,0
347,17.35,1,0.43873,0.37184,0.50562,0.00752,31.62214,-4.94902,-9.52876,0.35489,0.55866,1.3745,0.03725,0.01092,0.02408,0.00053,1e-05,58.91192,0.0,0.0,0.0,0.0,0.0,0
348,17.4,1,0.43972,0.36516,0.51429,0.00543,32.21024,-4.34069,-9.46785,0.36376,0.56115,1.37721,0.0448,0.01165,0.02823,0.00046,1e-05,58.60192,0.0,0.0,0.0,0.0,0.0,0
349,17.45,1,0.43175,0.36668,0.49682,0.00561,31.92515,-4.21693,-10.03104,0.34917,0.57043,1.3669,0.05101,0.01222,0.03162,0.00052,1e-05,57.89437,0.0,0.0,0.0,0.0,0.0,0
350,17.5,1,0.42001,0.36133,0.47869,0.00316,31.48443,-4.46868,-10.53253,0.33154,0.55153,1.35698,0.05144,0.0115,0.03147,0.00033,1e-05,59.0461,0.0,0.0,0.0,0.0,0.0,1
351,17.55,1,0.36831,0.33463,0.40199,0.00798,31.14303,-4.67156,-10.68171,0.30801,0.53801,1.34485,0.05408,0.01913,0.0366,0.00073,2e-05,60.13312,0.0,0.0,0.0,0.0,0.0,0
352,17.6,1,0.3629,0.33338,0.39243,0.00675,29.30886,-4.6641,-10.57467,0.2843,0.5468,1.32678,0.04485,0.01867,0.03176,0.00076,3e-05,59.32642,0.0,0.0,0.0,0.0,0.0,0
353,17.65,1,0.36019,0.3254,0.39498,0.00672,25.57359,-5.381,-10.57266,0.21696,0.51352,1.29414,0.04737,0.02376,0.03557,0.00118,6e-05,62.4725,0.0,0.0,0.0,0.0,0.0,0
354,17.7,1,0.34996,0.32152,0.3784,0.00418,22.36118,-4.54718,-10.20058,0.17214,0.50268,1.27625,0.0463,0.0249,0.0356,0.00164,0.00011,64.15984,0.0,0.0,0.0,0.0,0.0,0
355,17.75,1,0.32254,0.30165,0.34344,0.00205,16.80041,-4.10962,-8.9407,0.12937,0.48394,1.24966,0.06593,0.04446,0.0552,0.00179,0.00017,67.24727,0.0,0.0,0.0,0.0,0.0,1
356,17.8,1,0.29943,0.2866,0.31225,0.00204,13.75516,-2.84999,-7.8293,0.11161,0.47306,1.22488,0.08764,0.0571,0.07237,0.00179,0.00019,69.36745,0.0,0.0,0.0,0.0,0.0,0
357,17.85,1,0.29525,0.28391,0.30659,0.00149,9.28764,-0.87962,-6.95156,0.05602,0.45276,1.20353,0.08652,0.04811,0.06731,0.00194,0.00023,72.43917,0.0,0.0,0.0,0.0,0.0,0
358,17.9,1,0.29795,0.28854,0.30736,0.00116,6.88384,-0.06368,-6.57557,0.03026,0.4488,1.18756,0.08585,0.04233,0.06409,0.00192,0.00026,73.14236,0.0,0.0,0.0,0.0,0.0,0
359,17.95,1,0.30534,0.3057,0.30499,0.00334,3.6329,0.64377,-6.32319,-0.00359,0.44653,1.17356,0.08487,0.03265,0.05876,0.00218,0.00027,74.44957,0.0,0.0,0.0,0.0,0.0,0
360,18.0,1,0.31898,0.31985,0.31811,0.00408,2.92165,0.79507,-6.3254,-0.01175,0.45063,1.17054,0.07515,0.02644,0.0508,0.00248,0.00029,73.97273,0.0,0.0,0.0,0.0,0.0,1
361,18.05,1,0.32614,0.32593,0.32636,0.00404,1.65503,0.90021,-6.49499,-0.02259,0.45163,1.16843,0.07543,0.02849,0.05196,0.00251,0.00027,73.88252,0.0,0.0,0.0,0.0,0.0,0
362,18.1,1,0.3421,0.33962,0.34459,0.00402,1.5663,0.91209,-6.62944,-0.02156,0.44689,1.16833,0.04808,0.01872,0.0334,0.00221,0.00024,74.48297,0.0,0.0,0.0,0.0,0.0,0
363,18.15,1,0.33543,0.33071,0.34016,0.00371,1.96424,1.55961,-6.61359,-0.01745,0.45745,1.16265,0.0515,0.02178,0.03664,0.00322,0.00034,74.17697,0.0,0.0,0.0,0.0,0.0,0
364,18.2,1,0.33744,0.33242,0.34247,0.00349,2.05002,1.80988,-6.63501,-0.0142,0.46141,1.16285,0.0472,0.0193,0.03325,0.00305,0.00033,74.25183,0.0,0.0,0.0,0.0,0.0,0
365,18.25,1,0.33852,0.33313,0.34391,0.00346,2.24166,1.69471,-6.57378,-0.01083,0.45867,1.16364,0.04766,0.01954,0.0336,0.00288,0.00033,74.14345,0.0,0.0,0.0,0.0,0.0,1
366,18.3,1,0.33722,0.33212,0.34232,0.00336,2.48351,1.50757,-6.36299,-0.00432,0.45578,1.16571,0.05122,0.01867,0.03495,0.00272,0.0003,74.42712,0.0,0.0,0.0,0.0,0.0,0
367,18.35,1,0.33606,0.32932,0.34281,0.00388,2.63343,1.57016,-6.04909,-0.00079,0.45628,1.16517,0.05076,0.01792,0.03434,0.00248,0.00029,74.6018,0.0,0.0,0.0,0.0,0.0,0
368,18.4,1,0.34037,0.33167,0.34907,0.00389,2.72978,1.50669,-5.74074,0.00195,0.45392,1.16573,0.04502,0.01826,0.03164,0.00207,0.00022,74.67245,0.0,0.0,0.0,0.0,0.0,0
369,18.45,1,0.34702,0.33561,0.35842,0.00366,3.04055,1.23466,-5.0067,0.01245,0.45208,1.17303,0.03861,0.01616,0.02739,0.00185,0.0002,74.44977,0.0,0.0,0.0,0.0,0.0,0
370,18.5,1,0.3419,0.33484,0.34895,0.00367,3.77457,0.96674,-4.27384,0.02536,0.45257,1.17506,0.04305,0.01555,0.0293,0.00191,0.00021,74.28644,0.0,0.0,0.0,0.0,0.0,1
371,18.55,1,0.33689,0.33367,0.3401,0.00436,4.56111,0.76774,-3.4271,0.04054,0.45249,1.18119,0.05376,0.01666,0.03521,0.00239,0.00026,74.04544,0.0,0.0,0.0,0.0,0.0,0
372,18.6,1,0.33239,0.33052,0.33425,0.00371,5.06451,0.76023,-3.05925,0.05148,0.45268,1.18392,0.05995,0.01655,0.03825,0.00237,0.00028,73.90934,0.0,0.0,0.0,0.0,0.0,0
373,18.65,1,0.33565,0.33036,0.34094,0.00315,6.15309,0.37669,-2.40773,0.073,0.45366,1.18872,0.06571,0.01623,0.04097,0.00216,0.00027,73.54864,0.0,0.0,0.0,0.0,0.0,0
374,18.7,1,0.33402,0.32623,0.34181,0.00304,6.91031,0.66189,-2.13409,0.07911,0.45653,1.19517,0.06433,0.01753,0.04093,0.00185,0.00028,73.37057,0.0,0.0,0.0,0.0,0.0,0
375,18.75,1,0.33756,0.32846,0.34665,0.00249,8.13163,0.61541,-1.75319,0.09648,0.4649,1.20177,0.061,0.02346,0.04223,0.00205,0.00031,72.59312,0.0,0.0,0.0,0.0,0.0,1
376,18.8,1,0.33879,0.32888,0.34871,0.00231,8.98687,0.96652,-1.55192,0.10297,0.47434,1.2175,0.06375,0.02644,0.0451,0.00259,0.00035,72.34623,0.0,0.0,0.0,0.0,0.0,0
377,18.85,1,0.33157,0.32547,0.33766,0.00241,10.44246,1.11353,-1.35403,0.1207,0.49283,1.22752,0.06986,0.02397,0.04691,0.00249,0.00036,71.53998,0.0,0.0,0.0,0.0,0.0,0
378,18.9,1,0.33162,0.32828,0.33497,0.00268,11.07664,1.16616,-1.57786,0.11885,0.49751,1.23261,0.0724,0.02263,0.04751,0.00183,0.00028,71.32444,0.0,0.0,0.0,0.0,0.0,0
379,18.95,1,0.32895,0.31923,0.33866,0.00253,12.98378,0.69068,-1.90195,0.14021,0.49951,1.23786,0.06462,0.02407,0.04435,0.00158,0.00021,70.84457,0.0,0.0,0.0,0.0,0.0,0
380,19.0,1,0.33655,0.3297,0.34339,0.00192,13.87291,0.5034,-2.02424,0.14527,0.50153,1.24385,0.06229,0.01723,0.03976,0.00146,0.00017,70.46935,0.0,0.0,0.0,0.0,0.0,1
381,19.05,1,0.34644,0.34056,0.35232,0.00207,14.9299,-0.14231,-2.35059,0.15854,0.50106,1.25261,0.0541,0.00994,0.03202,0.00132,0.00014,69.90655,0.0,0.0,0.0,0.0,0.0,0
382,19.1,1,0.35584,0.34732,0.36435,0.00264,15.44522,-0.1759,-2.22484,0.16459,0.5062,1.25819,0.04667,0.00945,0.02806,0.00147,0.00018,68.8927,0.0,0.0,0.0,0.0,0.0,0
383,19.15,1,0.36398,0.35765,0.37031,0.00322,16.48563,-0.77127,-2.71175,0.17155,0.51221,1.2646,0.04278,0.00849,0.02564,0.00151,0.00018,67.82784,0.0,0.0,0.0,0.0,0.0,0
384,19.2,1,0.35966,0.35035,0.36897,0.00408,16.97875,-1.1692,-3.03259,0.17713,0.50937,1.26606,0.04508,0.01034,0.02771,0.00127,0.00014,67.43708,0.0,0.0,0.0,0.0,0.0,0
385,19.25,1,0.36253,0.35268,0.37238,0.00433,17.91334,-1.74594,-3.18911,0.18826,0.5091,1.26729,0.04425,0.01054,0.0274,0.00115,0.00013,66.7138,0.0,0.0,0.0,0.0,0.0,1
386,19.3,1,0.35496,0.3467,0.36323,0.00473,18.12395,-2.16132,-3.59609,0.19131,0.50591,1.26897,0.04786,0.01033,0.0291,0.00117,0.00014,66.39012,0.0,0.0,0.0,0.0,0.0,0
387,19.35,1,0.34876,0.34201,0.35551,0.00461,18.09528,-2.58359,-3.90253,0.18445,0.49493,1.26504,0.05202,0.01201,0.03202,0.00089,0.0001,66.82973,0.0,0.0,0.0,0.0,0.0,0
388,19.4,1,0.3546,0.34852,0.36068,0.00493,18.54552,-2.83162,-4.28631,0.19022,0.49713,1.26066,0.05156,0.01018,0.03087,0.00089,9e-05,66.64678,0.0,0.0,0.0,0.0,0.0,0
389,19.45,1,0.36121,0.35555,0.36686,0.00537,18.94878,-3.21778,-4.38977,0.19535,0.49177,1.25874,0.04235,0.00758,0.02497,0.00086,8e-05,66.35407,0.0,0.0,0.0,0.0,0.0,0
390,19.5,1,0.36874,0.35871,0.37878,0.00426,20.06145,-4.11803,-4.87734,0.20771,0.48923,1.2645,0.03061,0.00734,0.01898,0.00108,9e-05,65.62041,0.0,0.0,0.0,0.0,0.0,1
391,19.55,1,0.37141,0.35849,0.38433,0.00325,20.68002,-4.97072,-5.28288,0.21086,0.48647,1.26395,0.02774,0.00795,0.01785,0.00105,9e-05,64.3898,0.0,0.0,0.0,0.0,0.0,0
392,19.6,1,0.38712,0.35845,0.41579,0.00288,23.85873,-4.52684,-5.35852,0.28171,0.49695,1.27798,0.02282,0.00727,0.01505,0.00071,5e-05,63.20972,0.0,0.0,0.0,0.0,0.0,0
393,19.65,1,0.40359,0.37137,0.4358,0.003,25.57311,-4.34477,-5.30412,0.31169,0.51437,1.29368,0.02496,0.00636,0.01566,0.00062,4e-05,61.36028,0.0,0.0,0.0,0.0,0.0,0
394,19.7,1,0.42971,0.37184,0.48758,0.00432,28.55102,-4.15732,-5.71696,0.36493,0.52843,1.32329,0.02346,0.00671,0.01508,0.00056,2e-05,59.53251,0.0,0.0,0.0,0.0,0.0,0
395,19.75,1,0.43753,0.37442,0.50064,0.00542,29.76993,-3.93566,-6.25529,0.37187,0.53977,1.36017,0.02325,0.0056,0.01442,0.00046,2e-05,58.49948,0.0,0.0,0.0,0.0,0.0,1
396,19.8,1,0.42668,0.36056,0.4928,0.00825,31.503,-4.92798,-8.23254,0.3933,0.56314,1.38612,0.04724,0.01114,0.02919,0.00062,2e-05,57.80414,0.0,0.0,0.0,0.0,0.0,0
397,19.85,1,0.43557,0.3584,0.51274,0.00284,32.29695,-4.94162,-8.79204,0.40704,0.56594,1.36558,0.05047,0.00989,0.03018,0.00036,1e-05,58.08424,0.0,0.0,0.0,0.0,0.0,0
398,19.9,1,0.48129,0.38583,0.57675,0.00394,35.44727,-8.63364,-12.63957,0.45362,0.61139,1.45165,0.07387,0.01186,0.04286,0.00046,1e-05,52.19691,0.0,0.0,0.0,0.0,0.0,0
399,19.95,1,0.46331,0.37673,0.54989,0.00942,36.61779,-10.05762,-13.49678,0.4731,0.60803,1.51266,0.09519,0.01644,0.05582,0.00026,0.0,52.22862,0.0,0.0,0.0,0.0,0.0,0
400,20.0,1,0.51835,0.39881,0.63789,0.00726,39.58688,-10.52703,-15.56664,0.53192,0.69113,1.56912,0.08786,0.02072,0.05429,0.00021,0.0,47.29786,0.0,0.0,0.0,0.0,0.0,1
401,20.05,1,0.48257,0.3819,0.58324,0.00685,39.14422,-11.95385,-15.40139,0.53075,0.66932,1.57407,0.09472,0.03009,0.0624,0.0002,0.0,47.93133,0.0,0.0,0.0,0.0,0.0,0
402,20.1,1,0.54397,0.41006,0.67788,0.00679,40.15736,-10.57006,-16.09927,0.56024,0.73488,1.59902,0.06849,0.02506,0.04678,0.00019,0.0,44.92602,0.0,0.0,0.0,0.0,0.0,0
403,20.15,1,0.5427,0.41302,0.67238,0.00291,40.29743,-10.94302,-16.55598,0.54688,0.72657,1.59914,0.06548,0.01928,0.04238,0.00014,0.0,45.75376,0.0,0.0,0.0,0.0,0.0,0
404,20.2,1,0.52396,0.40601,0.64192,0.00572,40.04033,-10.30063,-16.09481,0.5277,0.72044,1.60901,0.07492,0.01977,0.04734,0.0001,0.0,46.71518,0.0,0.0,0.0,0.0,0.0,0
405,20.25,1,0.53704,0.41244,0.66165,0.00634,40.20865,-10.47235,-15.64481,0.54989,0.72955,1.59281,0.0743,0.0186,0.04645,0.00011,0.0,45.99449,0.0,0.0,0.0,0.0,0.0,1
406,20.3,1,0.51966,0.40089,0.63844,0.00476,39.89595,-10.42792,-15.38087,0.53252,0.70593,1.57239,0.07055,0.0182,0.04438,0.00011,0.0,47.17332,0.0,0.0,0.0,0.0,0.0,0
407,20.35,1,0.53153,0.40281,0.66024,0.00404,39.5971,-9.57894,-15.32402,0.51711,0.68092,1.55411,0.07277,0.01278,0.04277,0.00014,0.0,48.86835,0.0,0.0,0.0,0.0,0.0,0
408,20.4,1,0.40725,0.34003,0.47448,0.00361,35.41948,-7.90455,-14.898,0.37007,0.5839,1.4141,0.10164,0.04076,0.0712,0.00029,0.0,54.90437,0.0,0.0,0.0,0.0,0.0,0
409,20.45,1,0.3367,0.26569,0.40771,0.00731,34.43483,-8.05901,-14.52236,0.36912,0.57999,1.41651,0.13421,0.10476,0.11948,0.00049,1e-05,54.48797,0.0,0.0,0.0,0.0,0.0,0
410,20.5,1,0.26327,0.21233,0.31421,0.01023,29.74,-7.73313,-13.43718,0.28556,0.51534,1.33567,0.19785,0.22725,0.21255,0.00095,4e-05,58.21538,0.0,0.0,0.0,0.0,0.0,1
411,20.55,1,0.2977,0.24782,0.34757,0.00876,28.68453,-6.28416,-12.25242,0.28692,0.53388,1.31879,0.11136,0.12866,0.12001,0.00101,4e-05,58.99903,0.0,0.0,0.0,0.0,0.0,0
412,20.6,1,0.34991,0.30666,0.39316,0.00956,25.51465,-5.5441,-12.1228,0.21879,0.51263,1.30261,0.05207,0.03702,0.04454,0.00142,8e-05,62.02387,0.0,0.0,0.0,0.0,0.0,0
413,20.65,1,0.34949,0.31931,0.37968,0.00559,23.33133,-4.6098,-11.81327,0.18643,0.50826,1.28645,0.04834,0.02816,0.03825,0.00162,0.0001,63.46774,0.0,0.0,0.0,0.0,0.0,0
414,20.7,1,0.35702,0.33358,0.38046,0.00452,20.71175,-3.90769,-11.26152,0.15365,0.50207,1.27226,0.03895,0.01905,0.029,0.00172,0.00011,65.2284,0.0,0.0,0.0,0.0,0.0,0
415,20.75,1,0.35185,0.33069,0.37301,0.0042,19.42624,-3.6163,-11.31058,0.13905,0.50357,1.2726,0.04163,0.01939,0.03051,0.00167,0.00011,65.42661,0.0,0.0,0.0,0.0,0.0,1
416,20.8,1,0.34295,0.32344,0.36246,0.00332,17.99158,-3.2199,-11.17387,0.12057,0.49752,1.26734,0.04653,0.01995,0.03324,0.00138,9e-05,66.65555,0.0,0.0,0.0,0.0,0.0,0
417,20.85,1,0.34151,0.32504,0.35798,0.00325,17.61909,-3.2236,-11.252,0.11616,0.50019,1.26758,0.05116,0.019,0.03508,0.00173,0.00013,66.41847,0.0,0.0,0.0,0.0,0.0,0
418,20.9,1,0.34319,0.3279,0.35849,0.00369,16.81559,-2.88387,-11.04919,0.10731,0.49633,1.25856,0.04348,0.01779,0.03064,0.00189,0.00015,67.00339,0.0,0.0,0.0,0.0,0.0,0
419,20.95,1,0.34404,0.32913,0.35896,0.0036,16.5031,-2.70903,-11.08156,0.10548,0.49213,1.25098,0.04587,0.01511,0.03049,0.00199,0.00014,67.4992,0.0,0.0,0.0,0.0,0.0,0
420,21.0,1,0.34339,0.32792,0.35886,0.00369,15.99756,-2.77627,-11.16191,0.10069,0.49209,1.24233,0.0457,0.01572,0.03071,0.00217,0.00017,67.42151,0.0,0.0,0.0,0.0,0.0,1
421,21.05,1,0.33868,0.32026,0.3571,0.00362,15.97956,-3.05931,-11.37008,0.10687,0.48916,1.24532,0.04766,0.02003,0.03384,0.00172,0.00014,67.71921,0.0,0.0,0.0,0.0,0.0,0
422,21.1,1,0.33627,0.32144,0.35111,0.0036,15.09877,-2.75082,-11.22325,0.09164,0.48716,1.24263,0.04615,0.01966,0.0329,0.0021,0.00019,67.94627,0.0,0.0,0.0,0.0,0.0,0
423,21.15,1,0.3361,0.32246,0.34974,0.00336,14.06846,-2.27548,-10.85096,0.08157,0.48581,1.24166,0.05059,0.02021,0.0354,0.00198,0.00019,68.48756,0.0,0.0,0.0,0.0,0.0,0
424,21.2,1,0.31672,0.30892,0.32451,0.00189,11.15657,-0.9843,-10.13978,0.05276,0.46616,1.23006,0.05887,0.0201,0.03949,0.00239,0.0003,70.82798,0.0,0.0,0.0,0.0,0.0,0
425,21.25,1,0.30302,0.29381,0.31223,0.00144,9.46065,-0.14788,-9.52335,0.04425,0.45723,1.21853,0.07186,0.03085,0.05136,0.00265,0.00038,71.78849,0.0,0.0,0.0,0.0,0.0,1
426,21.3,1,0.30458,0.30061,0.30855,0.00144,7.34897,0.27649,-8.8414,0.01785,0.4463,1.19863,0.06612,0.02841,0.04726,0.00297,0.00042,72.76047,0.0,0.0,0.0,0.0,0.0,0
427,21.35,1,0.31267,0.30922,0.31612,0.00267,3.46929,1.11962,-7.51592,-0.00734,0.44972,1.18008,0.08659,0.03449,0.06054,0.00318,0.00047,73.63021,0.0,0.0,0.0,0.0,0.0,0
428,21.4,1,0.31411,0.30993,0.31828,0.00364,1.07349,2.50658,-6.85079,-0.02869,0.46178,1.18114,0.08211,0.04173,0.06192,0.00321,0.00049,73.65296,0.0,0.0,0.0,0.0,0.0,0
429,21.45,1,0.31847,0.32372,0.31323,0.00386,-1.57803,3.52718,-5.22996,-0.04553,0.47306,1.18605,0.07794,0.03788,0.05791,0.00358,0.00046,74.94735,0.0,0.0,0.0,0.0,0.0,0
430,21.5,1,0.31568,0.31455,0.3168,0.0043,-3.56613,5.1275,-4.57253,-0.05506,0.48806,1.1796,0.06815,0.04802,0.05808,0.00361,0.00045,75.34051,0.0,0.0,0.0,0.0,0.0,1
431,21.55,1,0.31825,0.318,0.31849,0.00622,-5.79971,5.40962,-3.2534,-0.07035,0.5065,1.18253,0.06107,0.04416,0.05262,0.00376,0.00048,74.9155,0.0,0.0,0.0,0.0,0.0,0
432,21.6,1,0.32206,0.32725,0.31687,0.00521,-6.82689,6.09877,-2.84239,-0.07992,0.51719,1.19514,0.06163,0.04159,0.05161,0.00406,0.0005,74.30875,0.0,0.0,0.0,0.0,0.0,0
433,21.65,1,0.31721,0.32501,0.30942,0.00621,-7.37927,6.65832,-2.04575,-0.07766,0.52316,1.19191,0.06594,0.03816,0.05205,0.00373,0.00052,75.10638,0.0,0.0,0.0,0.0,0.0,0
434,21.7,1,0.34119,0.35314,0.32925,0.00629,-7.76601,7.45412,-1.77579,-0.08133,0.5263,1.19197,0.04888,0.02383,0.03635,0.00489,0.00063,75.12061,0.0,0.0,0.0,0.0,0.0,0
435,21.75,1,0.3382,0.34733,0.32906,0.00582,-7.29468,7.5555,-1.37986,-0.06725,0.53327,1.19245,0.05551,0.03296,0.04423,0.00484,0.00078,74.84893,0.0,0.0,0.0,0.0,0.0,1
436,21.8,1,0.3415,0.34868,0.33432,0.00483,-6.90737,7.74297,-1.30744,-0.06363,0.52916,1.20077,0.04966,0.02749,0.03858,0.00497,0.00089,75.01755,0.0,0.0,0.0,0.0,0.0,0
437,21.85,1,0.34351,0.35426,0.33276,0.00556,-6.46299,7.99464,-0.72594,-0.05441,0.53112,1.20177,0.05405,0.02544,0.03975,0.00451,0.00084,75.49572,0.0,0.0,0.0,0.0,0.0,0
438,21.9,1,0.34664,0.35039,0.34289,0.00476,-6.19457,8.22559,-0.4632,-0.04509,0.53808,1.20006,0.04014,0.02246,0.0313,0.00538,0.00104,75.22102,0.0,0.0,0.0,0.0,0.0,0
439,21.95,1,0.34278,0.34827,0.33729,0.00524,-5.82592,8.69805,-0.11769,-0.04555,0.54035,1.20436,0.04041,0.02859,0.0345,0.00583,0.00121,75.88197,0.0,0.0,0.0,0.0,0.0,0
440,22.0,1,0.34265,0.34581,0.33949,0.00558,-5.81662,8.74624,0.15517,-0.04737,0.5437,1.1972,0.03105,0.02972,0.03039,0.0056,0.00115,75.89053,0.0,0.0,0.0,0.0,0.0,1
441,22.05,1,0.33789,0.34443,0.33135,0.00589,-5.51688,8.59096,0.95197,-0.03513,0.53511,1.1977,0.0425,0.03073,0.03661,0.0043,0.00093,76.76011,0.0,0.0,0.0,0.0,0.0,0
442,22.1,1,0.34181,0.34986,0.33375,0.00556,-5.45821,8.724,1.52449,-0.03372,0.54088,1.20086,0.03484,0.02807,0.03146,0.0042,0.00081,76.65073,0.0,0.0,0.0,0.0,0.0,0
443,22.15,1,0.34135,0.35265,0.33006,0.00589,-5.3366,8.18074,2.60966,-0.01845,0.52981,1.20091,0.04245,0.02483,0.03364,0.00452,0.00083,76.90315,0.0,0.0,0.0,0.0,0.0,0
444,22.2,1,0.34576,0.35737,0.33415,0.005,-5.32818,7.87719,3.27824,-0.01555,0.53087,1.21501,0.04359,0.02643,0.03501,0.00442,0.0008,76.23117,0.0,0.0,0.0,0.0,0.0,0
445,22.25,1,0.3443,0.35872,0.32988,0.0053,-5.37204,7.6808,4.33632,-0.00933,0.52441,1.21255,0.04722,0.02457,0.0359,0.00463,0.00077,76.74393,0.0,0.0,0.0,0.0,0.0,1
446,22.3,1,0.34473,0.35996,0.3295,0.0055,-5.49671,7.43905,4.98517,-0.00393,0.52297,1.2035,0.04328,0.02309,0.03318,0.00315,0.00053,76.7114,0.0,0.0,0.0,0.0,0.0,0
447,22.35,1,0.34613,0.35707,0.33519,0.00457,-5.13013,6.99002,5.40435,0.00458,0.51365,1.20547,0.03923,0.02714,0.03319,0.00264,0.0005,76.73011,0.0,0.0,0.0,0.0,0.0,0
448,22.4,1,0.34673,0.35676,0.33671,0.00473,-5.14956,6.48795,5.47751,0.00477,0.51422,1.20815,0.04677,0.03598,0.04137,0.00227,0.00043,76.01413,0.0,0.0,0.0,0.0,0.0,0
449,22.45,1,0.353,0.36221,0.34378,0.00515,-4.38865,6.06967,5.48632,0.00963,0.50165,1.2015,0.03525,0.02447,0.02986,0.00422,0.00069,76.77553,0.0,0.0,0.0,0.0,0.0,0
450,22.5,1,0.34901,0.35585,0.34217,0.0045,-3.67869,5.36393,5.63502,0.01975,0.49314,1.19823,0.04413,0.02856,0.03635,0.00384,0.00066,76.42125,0.0,0.0,0.0,0.0,0.0,1
451,22.55,1,0.34179,0.34182,0.34175,0.00462,-2.84955,5.41201,5.6464,0.02762,0.49309,1.18717,0.04549,0.03581,0.04065,0.00282,0.00047,75.84867,0.0,0.0,0.0,0.0,0.0,0
452,22.6,1,0.33811,0.3403,0.33591,0.00431,-2.46597,4.94552,5.86405,0.03461,0.48091,1.18726,0.04689,0.03405,0.04047,0.00389,0.00054,76.33024,0.0,0.0,0.0,0.0,0.0,0
453,22.65,1,0.33977,0.34099,0.33855,0.00417,-2.05737,4.70252,6.12964,0.03766,0.4841,1.18877,0.05439,0.04088,0.04763,0.00311,0.00048,75.61581,0.0,0.0,0.0,0.0,0.0,0
454,22.7,1,0.33139,0.33147,0.3313,0.00346,-1.98978,4.5416,5.92653,0.03583,0.48771,1.18938,0.06293,0.04963,0.05628,0.00289,0.00046,74.90128,0.0,0.0,0.0,0.0,0.0,0
455,22.75,1,0.32694,0.32921,0.32466,0.00441,-2.0864,4.70973,5.94445,0.03146,0.49003,1.19974,0.06961,0.05063,0.06012,0.00289,0.00045,74.7961,0.0,0.0,0.0,0.0,0.0,1
456,22.8,1,0.32981,0.33357,0.32605,0.00362,-2.17633,4.68568,5.97268,0.02965,0.48883,1.18942,0.06679,0.04758,0.05718,0.00398,0.00054,74.75991,0.0,0.0,0.0,0.0,0.0,0
457,22.85,1,0.32666,0.32911,0.32421,0.00401,-2.08511,4.74758,6.01112,0.02969,0.49142,1.19607,0.07169,0.05234,0.06201,0.00289,0.00043,74.26402,0.0,0.0,0.0,0.0,0.0,0
458,22.9,1,0.33125,0.33451,0.328,0.00404,-1.99127,4.87637,6.19416,0.03261,0.48673,1.19173,0.05764,0.04598,0.05181,0.00235,0.00032,74.69617,0.0,0.0,0.0,0.0,0.0,0
459,22.95,1,0.33917,0.34049,0.33785,0.00418,-1.99369,4.8932,6.45485,0.03005,0.48557,1.20181,0.04464,0.03652,0.04058,0.00281,0.00041,74.71914,0.0,0.0,0.0,0.0,0.0,0
460,23.0,1,0.33848,0.33938,0.33758,0.00415,-1.94955,4.68341,6.55126,0.03167,0.48801,1.19713,0.04601,0.03721,0.04161,0.00214,0.00033,74.36221,0.0,0.0,0.0,0.0,0.0,1
461,23.05,1,0.34228,0.3444,0.34015,0.00444,-1.88261,4.73712,6.96576,0.03501,0.48667,1.20387,0.04546,0.03222,0.03884,0.00254,0.00037,74.56961,0.0,0.0,0.0,0.0,0.0,0
462,23.1,1,0.34145,0.3447,0.33821,0.00482,-1.95642,4.53767,7.14047,0.03572,0.48709,1.1956,0.04622,0.03287,0.03955,0.00256,0.00037,74.27355,0.0,0.0,0.0,0.0,0.0,0
463,23.15,1,0.34284,0.34715,0.33852,0.00416,-1.89349,4.56352,7.35268,0.03944,0.48596,1.19689,0.05027,0.03762,0.04395,0.00262,0.00038,74.30032,0.0,0.0,0.0,0.0,0.0,0
464,23.2,1,0.33655,0.34171,0.33139,0.0043,-2.27472,4.25099,7.83636,0.04222,0.48486,1.19491,0.06437,0.04309,0.05373,0.003,0.00044,74.18365,0.0,0.0,0.0,0.0,0.0,0
465,23.25,1,0.34115,0.34262,0.33967,0.00351,-2.5155,4.56598,8.24611,0.04559,0.48932,1.19898,0.04672,0.03718,0.04195,0.00243,0.00037,74.16097,0.0,0.0,0.0,0.0,0.0,1
466,23.3,1,0.33924,0.33987,0.33861,0.0047,-3.22763,4.38879,8.23658,0.035,0.49264,1.19368,0.05158,0.03915,0.04537,0.00233,0.00032,73.59537,0.0,0.0,0.0,0.0,0.0,0
467,23.35,1,0.33781,0.3435,0.33211,0.0044,-4.20011,4.29158,8.55033,0.0304,0.49226,1.19741,0.05054,0.03445,0.0425,0.00194,0.00026,74.08385,0.0,0.0,0.0,0.0,0.0,0
468,23.4,1,0.33137,0.33884,0.32389,0.00465,-5.44496,3.68648,8.91468,0.02183,0.4858,1.20407,0.05169,0.03182,0.04176,0.00239,0.00028,74.50249,0.0,0.0,0.0,0.0,0.0,0
469,23.45,1,0.33831,0.34828,0.32833,0.00569,-6.08174,3.75484,8.85182,0.01163,0.49295,1.2051,0.05581,0.0349,0.04536,0.00224,0.00023,73.60852,0.0,0.0,0.0,0.0,0.0,0
470,23.5,1,0.33903,0.35157,0.32649,0.00601,-6.85107,3.28293,9.19042,0.00518,0.48565,1.20346,0.05616,0.03335,0.04476,0.00256,0.00023,74.38826,0.0,0.0,0.0,0.0,0.0,1
471,23.55,1,0.33874,0.35526,0.32221,0.0055,-7.33262,3.22284,9.33848,0.00232,0.49316,1.20392,0.05665,0.03299,0.04482,0.00203,0.00019,73.44315,0.0,0.0,0.0,0.0,0.0,0
472,23.6,1,0.33677,0.35121,0.32232,0.00488,-7.72663,3.06266,9.26457,-0.0045,0.49429,1.20479,0.05308,0.03354,0.04331,0.00186,0.00018,73.49255,0.0,0.0,0.0,0.0,0.0,0
473,23.65,1,0.33567,0.3504,0.32093,0.00523,-7.62171,3.05541,9.03456,-0.00188,0.4933,1.20049,0.05526,0.03195,0.04361,0.00211,0.0002,73.60713,0.0,0.0,0.0,0.0,0.0,0
474,23.7,1,0.33407,0.35022,0.31793,0.00514,-7.65942,3.08772,8.68802,7e-05,0.49137,1.20333,0.05553,0.03501,0.04527,0.00212,0.00019,73.96927,0.0,0.0,0.0,0.0,0.0,0
475,23.75,1,0.34267,0.36063,0.32472,0.00527,-7.73875,3.25449,8.3519,-0.00334,0.49981,1.20495,0.05386,0.03423,0.04404,0.0027,0.00024,73.15916,0.0,0.0,0.0,0.0,0.0,1
476,23.8,1,0.34297,0.35832,0.32761,0.00574,-8.13351,3.02537,8.23704,-0.01007,0.49811,1.20593,0.05049,0.03252,0.04151,0.00248,0.00021,73.09176,0.0,0.0,0.0,0.0,0.0,0
477,23.85,1,0.34301,0.3569,0.32911,0.00618,-8.56909,2.78046,8.17845,-0.02239,0.49393,1.20665,0.0464,0.03255,0.03947,0.00215,0.00016,73.22443,0.0,0.0,0.0,0.0,0.0,0
478,23.9,1,0.34213,0.35819,0.32607,0.00654,-9.34753,2.50971,8.18536,-0.03516,0.49569,1.20945,0.04594,0.03101,0.03847,0.002,0.00014,73.17042,0.0,0.0,0.0,0.0,0.0,0
479,23.95,1,0.3445,0.36162,0.32737,0.00605,-9.95746,2.27064,8.23016,-0.03899,0.49936,1.21284,0.04543,0.03007,0.03775,0.00212,0.00015,72.60722,0.0,0.0,0.0,0.0,0.0,0
480,24.0,1,0.34293,0.35792,0.32794,0.00614,-10.25058,2.45304,8.07472,-0.04845,0.50335,1.2124,0.04788,0.03351,0.04069,0.00189,0.00013,72.11915,0.0,0.0,0.0,0.0,0.0,1
481,24.05,1,0.34078,0.35944,0.32213,0.00646,-10.65343,2.4887,8.06065,-0.05351,0.50299,1.21236,0.05056,0.03413,0.04234,0.00191,0.00013,72.13204,0.0,0.0,0.0,0.0,0.0,0
482,24.1,1,0.34195,0.36066,0.32325,0.00667,-10.81781,2.35542,7.96804,-0.06165,0.49599,1.21101,0.04381,0.03313,0.03847,0.0014,9e-05,72.73061,0.0,0.0,0.0,0.0,0.0,0
483,24.15,1,0.34308,0.3637,0.32246,0.00725,-11.03897,2.11816,7.89141,-0.07038,0.48777,1.21345,0.03987,0.0303,0.03508,0.00137,9e-05,72.78039,0.0,0.0,0.0,0.0,0.0,0
484,24.2,1,0.34299,0.36332,0.32265,0.00636,-11.09492,1.89541,8.03336,-0.0682,0.48963,1.21547,0.04182,0.02606,0.03394,0.00114,8e-05,72.58706,0.0,0.0,0.0,0.0,0.0,0
485,24.25,1,0.34301,0.36375,0.32226,0.00597,-11.54985,1.48328,8.13645,-0.0742,0.49165,1.21622,0.04263,0.02668,0.03465,0.00112,7e-05,72.23347,0.0,0.0,0.0,0.0,0.0,1
486,24.3,1,0.34339,0.36422,0.32256,0.00571,-11.5956,1.62719,8.16124,-0.06681,0.49296,1.21703,0.04203,0.02554,0.03378,0.00118,8e-05,72.0248,0.0,0.0,0.0,0.0,0.0,0
487,24.35,1,0.34916,0.36883,0.32949,0.00581,-11.50107,1.66692,8.11368,-0.06282,0.4936,1.21574,0.03874,0.02424,0.03149,0.00142,0.0001,71.9618,0.0,0.0,0.0,0.0,0.0,0
488,24.4,1,0.3398,0.35873,0.32086,0.00599,-11.14001,2.00447,7.75106,-0.05892,0.49837,1.21362,0.04521,0.02724,0.03623,0.00134,0.0001,71.97536,0.0,0.0,0.0,0.0,0.0,0
489,24.45,1,0.34069,0.36064,0.32074,0.00655,-10.89528,2.35001,7.52324,-0.05634,0.50078,1.21485,0.05098,0.02916,0.04007,0.00135,0.0001,72.52686,0.0,0.0,0.0,0.0,0.0,0
490,24.5,1,0.33051,0.34967,0.31135,0.00734,-10.63614,2.72687,7.23923,-0.04919,0.51144,1.21632,0.06716,0.03571,0.05143,0.00171,0.00013,72.17989,0.0,0.0,0.0,0.0,0.0,1
491,24.55,1,0.33974,0.356,0.32348,0.00772,-9.53502,3.60624,6.85836,-0.03691,0.51411,1.21984,0.05732,0.03149,0.04441,0.00191,0.00017,72.7084,0.0,0.0,0.0,0.0,0.0,0
492,24.6,1,0.33241,0.34544,0.31938,0.00761,-9.02698,4.4285,6.43392,-0.03127,0.51572,1.21036,0.06266,0.03539,0.04903,0.00227,0.00021,73.79161,0.0,0.0,0.0,0.0,0.0,0
493,24.65,1,0.33861,0.35584,0.32139,0.00615,-8.66498,4.51933,6.11878,-0.02865,0.51993,1.21319,0.06045,0.03158,0.04602,0.0026,0.00024,73.53936,0.0,0.0,0.0,0.0,0.0,0
494,24.7,1,0.35318,0.3664,0.33997,0.00614,-8.09815,5.04383,5.85978,-0.0224,0.52542,1.21772,0.04728,0.02655,0.03691,0.0019,0.00021,73.65435,0.0,0.0,0.0,0.0,0.0,0
495,24.75,1,0.34782,0.3627,0.33295,0.00618,-7.67804,5.57376,5.82488,-0.02054,0.52581,1.2208,0.04846,0.02688,0.03767,0.00206,0.00027,73.63549,0.0,0.0,0.0,0.0,0.0,1
496,24.8,1,0.34222,0.35573,0.32872,0.00592,-7.3127,5.94769,5.95153,-0.01469,0.5285,1.20924,0.04991,0.02989,0.0399,0.00199,0.00025,73.76032,0.0,0.0,0.0,0.0,0.0,0
497,24.85,1,0.3394,0.36014,0.31865,0.00625,-7.42978,5.99199,5.85337,-0.02214,0.52962,1.20974,0.05913,0.03102,0.04507,0.00253,0.0003,73.57149,0.0,0.0,0.0,0.0,0.0,0
498,24.9,1,0.34093,0.35751,0.32435,0.00609,-7.62309,6.01046,5.87606,-0.02696,0.52508,1.20582,0.05244,0.03062,0.04153,0.00286,0.00035,73.97421,0.0,0.0,0.0,0.0,0.0,0
499,24.95,1,0.34105,0.3561,0.32601,0.00674,-7.49804,5.9853,5.93364,-0.02288,0.52441,1.20886,0.0489,0.02987,0.03938,0.00324,0.00042,73.76203,0.0,0.0,0.0,0.0,0.0,0
500,25.0,1,0.34295,0.35836,0.32754,0.00632,-7.50417,5.88919,5.89754,-0.02391,0.52262,1.21063,0.05038,0.0291,0.03974,0.00289,0.00038,73.60652,0.0,0.0,0.0,0.0,0.0,1
501,25.05,1,0.34784,0.36303,0.33264,0.00668,-7.55763,5.44869,5.84017,-0.02588,0.52557,1.21153,0.04575,0.0266,0.03617,0.00309,0.00042,72.98952,0.0,0.0,0.0,0.0,0.0,0
502,25.1,1,0.34513,0.35809,0.33216,0.00635,-7.39322,5.19586,5.87622,-0.02051,0.51862,1.21061,0.04388,0.02764,0.03576,0.00293,0.00039,73.21081,0.0,0.0,0.0,0.0,0.0,0
503,25.15,1,0.34683,0.35891,0.33474,0.00637,-7.36267,5.15572,5.88964,-0.02014,0.51646,1.21044,0.04387,0.02811,0.03599,0.00304,0.0004,73.07123,0.0,0.0,0.0,0.0,0.0,0
504,25.2,1,0.3481,0.35966,0.33653,0.00656,-7.3374,5.1612,5.86003,-0.02186,0.51604,1.20947,0.04406,0.02799,0.03603,0.00302,0.00036,73.19456,0.0,0.0,0.0,0.0,0.0,0
505,25.25,1,0.34014,0.35251,0.32778,0.00633,-7.31971,5.14972,5.92201,-0.02228,0.51639,1.20932,0.05218,0.03268,0.04243,0.00329,0.00038,73.2324,0.0,0.0,0.0,0.0,0.0,1
506,25.3,1,0.33824,0.3512,0.32528,0.00616,-7.56509,5.21247,5.89236,-0.02726,0.51645,1.20793,0.05027,0.03416,0.04221,0.00339,0.00036,73.31701,0.0,0.0,0.0,0.0,0.0,0
507,25.35,1,0.33637,0.34893,0.32382,0.00614,-7.68823,5.22191,5.91819,-0.02735,0.51368,1.21025,0.04971,0.03227,0.04099,0.00332,0.00034,73.73308,0.0,0.0,0.0,0.0,0.0,0
508,25.4,1,0.3417,0.35618,0.32723,0.006,-8.05262,5.16929,5.98466,-0.02814,0.51832,1.21623,0.0486,0.03053,0.03957,0.00352,0.00037,73.32485,0.0,0.0,0.0,0.0,0.0,0
509,25.45,1,0.34985,0.36726,0.33244,0.00525,-7.93938,5.05588,6.14626,-0.02364,0.51466,1.21494,0.04067,0.02357,0.03212,0.00372,0.0004,73.46505,0.0,0.0,0.0,0.0,0.0,0
510,25.5,1,0.34751,0.36106,0.33397,0.00564,-7.93904,5.13353,6.29712,-0.02046,0.51791,1.21715,0.0414,0.02869,0.03505,0.00395,0.00041,73.42095,0.0,0.0,0.0,0.0,0.0,1
511,25.55,1,0.34516,0.35894,0.33138,0.00632,-8.19453,5.07933,6.65876,-0.02201,0.51913,1.21906,0.04393,0.03202,0.03798,0.00363,0.00034,73.77288,0.0,0.0,0.0,0.0,0.0,0
512,25.6,1,0.34502,0.35923,0.33082,0.00656,-8.05507,5.10921,6.5591,-0.01969,0.52166,1.21821,0.04901,0.03123,0.04012,0.00297,0.0003,73.71267,0.0,0.0,0.0,0.0,0.0,0
513,25.65,1,0.33474,0.34644,0.32303,0.00618,-9.07644,4.71642,6.95812,-0.02233,0.53141,1.21694,0.05622,0.04111,0.04867,0.00257,0.00025,72.25284,0.0,0.0,0.0,0.0,0.0,0
514,25.7,1,0.31398,0.3271,0.30085,0.00608,-9.92444,4.3718,7.08463,-0.0346,0.52233,1.21838,0.07141,0.04694,0.05918,0.00183,0.00016,72.05172,0.0,0.0,0.0,0.0,0.0,0
515,25.75,1,0.33466,0.36077,0.30855,0.00617,-14.77844,3.79961,6.53787,-0.11036,0.53419,1.2274,0.06753,0.02826,0.04789,0.00081,4e-05,71.21475,0.0,0.0,0.0,0.0,0.0,1
516,25.8,1,0.35273,0.38464,0.32081,0.00862,-17.314,3.47971,5.7634,-0.15115,0.52594,1.22956,0.04912,0.01722,0.03317,0.00046,2e-05,71.45541,0.0,0.0,0.0,0.0,0.0,0
517,25.85,1,0.39116,0.42688,0.35544,0.01347,-21.81935,2.9074,5.19393,-0.20728,0.54238,1.25371,0.02599,0.00921,0.0176,0.00033,1e-05,69.27042,0.0,0.0,0.0,0.0,0.0,0
518,25.9,1,0.40088,0.4472,0.35456,0.01619,-23.40977,2.42889,5.06638,-0.23623,0.54028,1.26172,0.02892,0.00842,0.01867,0.00036,1e-05,68.62039,0.0,0.0,0.0,0.0,0.0,0
519,25.95,1,0.40995,0.46794,0.35196,0.01713,-25.72236,3.24137,4.10782,-0.28057,0.57753,1.26967,0.03175,0.00964,0.0207,0.00025,1e-05,66.4731,0.0,0.0,0.0,0.0,0.0,0
520,26.0,1,0.40662,0.45814,0.35509,0.01782,-26.08867,2.65412,4.53955,-0.27714,0.58429,1.2829,0.03183,0.01234,0.02209,0.00039,1e-05,65.23011,0.0,0.0,0.0,0.0,0.0,1
521,26.05,1,0.41092,0.47089,0.35095,0.0215,-26.59443,4.25094,4.07704,-0.28822,0.6226,1.27943,0.05361,0.01481,0.03421,0.00032,1e-05,64.06506,0.0,0.0,0.0,0.0,0.0,0
522,26.1,1,0.39094,0.44143,0.34044,0.02127,-26.44012,4.60035,3.64749,-0.29597,0.62333,1.28929,0.06433,0.02406,0.04419,0.00045,1e-05,64.44024,0.0,0.0,0.0,0.0,0.0,0
523,26.15,1,0.39342,0.44217,0.34467,0.01947,-26.08866,5.39969,4.36498,-0.28452,0.62701,1.27945,0.04561,0.01739,0.0315,0.00035,1e-05,65.53277,0.0,0.0,0.0,0.0,0.0,0
524,26.2,1,0.40783,0.4615,0.35417,0.02134,-26.36117,5.46756,4.8345,-0.28646,0.62169,1.28122,0.03349,0.01373,0.02361,0.00028,1e-05,65.78281,0.0,0.0,0.0,0.0,0.0,0
525,26.25,1,0.41366,0.46797,0.35935,0.01929,-26.72861,5.27852,5.57286,-0.28427,0.62405,1.28442,0.02738,0.01202,0.0197,0.00025,1e-05,65.11986,0.0,0.0,0.0,0.0,0.0,1
526,26.3,1,0.43016,0.48493,0.3754,0.01812,-27.09958,5.28781,5.33294,-0.30565,0.62765,1.29423,0.02204,0.0103,0.01617,0.00024,1e-05,64.02999,0.0,0.0,0.0,0.0,0.0,0
527,26.35,1,0.43466,0.48568,0.38364,0.01502,-27.31574,5.17696,5.57419,-0.3044,0.63603,1.30427,0.02584,0.01105,0.01845,0.00024,1e-05,63.29489,0.0,0.0,0.0,0.0,0.0,0
528,26.4,1,0.43995,0.49096,0.38894,0.01747,-27.50526,4.3846,5.83259,-0.31052,0.62529,1.30191,0.02155,0.01257,0.01706,0.00027,1e-05,62.81772,0.0,0.0,0.0,0.0,0.0,0
529,26.45,1,0.43263,0.4887,0.37656,0.01756,-27.72712,2.74203,7.25371,-0.29864,0.60393,1.30322,0.02544,0.01808,0.02176,0.00034,1e-05,62.58901,0.0,0.0,0.0,0.0,0.0,0
530,26.5,1,0.43775,0.49501,0.38049,0.0174,-28.12926,2.38121,7.51847,-0.29883,0.59762,1.29336,0.02044,0.0141,0.01727,0.00023,0.0,62.62854,0.0,0.0,0.0,0.0,0.0,1
531,26.55,1,0.4373,0.49384,0.38075,0.01505,-28.16793,0.27776,8.40756,-0.29569,0.56521,1.2927,0.01811,0.01041,0.01426,0.00029,1e-05,63.43233,0.0,0.0,0.0,0.0,0.0,0
532,26.6,1,0.4333,0.48449,0.3821,0.01395,-28.31906,-0.38345,8.73621,-0.29214,0.56377,1.30446,0.01909,0.01186,0.01548,0.00023,0.0,63.93735,0.0,0.0,0.0,0.0,0.0,0
533,26.65,1,0.4598,0.51945,0.40016,0.01655,-28.59163,-1.80642,8.72326,-0.29824,0.55567,1.3026,0.0158,0.00911,0.01245,0.00032,1e-05,63.03069,0.0,0.0,0.0,0.0,0.0,0
534,26.7,1,0.46104,0.5282,0.39388,0.01439,-28.68822,-2.19334,8.63339,-0.31108,0.55346,1.29584,0.01853,0.00974,0.01413,0.00024,0.0,62.90881,0.0,0.0,0.0,0.0,0.0,0
535,26.75,1,0.4628,0.52787,0.39772,0.01288,-28.95239,-2.60279,8.25956,-0.31874,0.53465,1.30825,0.01467,0.00702,0.01085,0.00022,0.0,62.56376,0.0,0.0,0.0,0.0,0.0,1
536,26.8,1,0.45608,0.52491,0.38725,0.01299,-29.26465,-2.72935,8.59159,-0.32024,0.54713,1.30152,0.01819,0.00745,0.01282,0.00024,0.0,62.02539,0.0,0.0,0.0,0.0,0.0,0
537,26.85,1,0.45388,0.52412,0.38363,0.01169,-29.49809,-2.85784,8.94767,-0.323,0.54874,1.30179,0.02252,0.00824,0.01538,0.00016,0.0,62.12045,0.0,0.0,0.0,0.0,0.0,0
538,26.9,1,0.45491,0.52701,0.38281,0.01036,-29.77239,-2.6447,8.98437,-0.32647,0.55616,1.30326,0.02326,0.00892,0.01609,0.00016,0.0,61.70942,0.0,0.0,0.0,0.0,0.0,0
539,26.95,1,0.44715,0.50723,0.38707,0.00973,-29.78495,-1.8387,8.70741,-0.33114,0.5526,1.29921,0.0202,0.01147,0.01584,0.00017,0.0,61.86642,0.0,0.0,0.0,0.0,0.0,0
540,27.0,1,0.45188,0.51615,0.3876,0.00997,-29.8171,-1.59614,8.66375,-0.33164,0.55879,1.29606,0.01968,0.01095,0.01531,0.00016,0.0,61.60742,0.0,0.0,0.0,0.0,0.0,1
541,27.05,1,0.44783,0.51555,0.38012,0.01296,-29.85338,-1.21196,8.92633,-0.3298,0.57498,1.29487,0.02212,0.01221,0.01716,0.00016,0.0,61.36231,0.0,0.0,0.0,0.0,0.0,0
542,27.1,1,0.44964,0.51395,0.38532,0.01534,-29.51,-0.60973,8.58754,-0.3244,0.5723,1.28189,0.01815,0.01101,0.01458,0.00014,0.0,62.01593,0.0,0.0,0.0,0.0,0.0,0
543,27.15,1,0.4457,0.50846,0.38293,0.01761,-29.50909,-0.48971,8.62934,-0.32648,0.5768,1.28305,0.02319,0.01241,0.0178,0.00014,0.0,61.50574,0.0,0.0,0.0,0.0,0.0,0
544,27.2,1,0.44757,0.50859,0.38654,0.0177,-29.17112,-0.36847,8.38291,-0.31958,0.57175,1.27937,0.02029,0.01181,0.01605,0.00013,0.0,61.98661,0.0,0.0,0.0,0.0,0.0,0
545,27.25,1,0.43373,0.49699,0.37047,0.0173,-28.83728,-0.79485,8.62951,-0.31891,0.5659,1.27695,0.03064,0.01575,0.02319,0.00013,0.0,62.00556,0.0,0.0,0.0,0.0,0.0,1
546,27.3,1,0.42719,0.49033,0.36405,0.01776,-28.69757,-0.7383,8.20758,-0.32041,0.55592,1.27627,0.03986,0.01746,0.02866,0.0002,0.0,61.97956,0.0,0.0,0.0,0.0,0.0,0
547,27.35,1,0.43138,0.49267,0.37009,0.01736,-27.40387,-1.15945,7.3045,-0.30136,0.54109,1.27767,0.04265,0.01747,0.03006,0.00032,1e-05,62.92156,0.0,0.0,0.0,0.0,0.0,0
548,27.4,1,0.43242,0.49411,0.37074,0.01576,-26.6828,-1.47246,7.50592,-0.2911,0.53083,1.2849,0.03352,0.01652,0.02502,0.0004,1e-05,64.16768,0.0,0.0,0.0,0.0,0.0,0
549,27.45,1,0.42295,0.47759,0.36831,0.01302,-26.0169,-2.7694,7.3867,-0.28364,0.49316,1.29473,0.03531,0.01743,0.02637,0.00032,1e-05,65.42173,0.0,0.0,0.0,0.0,0.0,0
550,27.5,1,0.42979,0.48789,0.37169,0.01261,-25.9178,-3.66828,7.91688,-0.27958,0.48873,1.28442,0.02182,0.01081,0.01632,0.0003,1e-05,65.4969,0.0,0.0,0.0,0.0,0.0,1
551,27.55,1,0.43746,0.492,0.38291,0.0121,-25.66085,-3.85845,7.20675,-0.28087,0.48231,1.28106,0.01971,0.01145,0.01558,0.00057,1e-05,65.56448,0.0,0.0,0.0,0.0,0.0,0
552,27.6,1,0.44809,0.50099,0.3952,0.01076,-25.04156,-4.51033,7.17767,-0.26226,0.47782,1.27346,0.01382,0.00908,0.01145,0.0004,1e-05,65.93427,0.0,0.0,0.0,0.0,0.0,0
553,27.65,1,0.43132,0.47894,0.38369,0.01046,-24.73577,-5.47649,6.98611,-0.26505,0.47072,1.26632,0.0198,0.01107,0.01544,0.00041,1e-05,65.93074,0.0,0.0,0.0,0.0,0.0,0
554,27.7,1,0.42656,0.47613,0.377,0.01069,-24.48133,-5.10667,6.44479,-0.26866,0.46948,1.27909,0.02248,0.0123,0.01739,0.00035,1e-05,66.88705,0.0,0.0,0.0,0.0,0.0,0
555,27.75,1,0.42075,0.46909,0.37241,0.01205,-23.4859,-4.98372,6.43815,-0.24971,0.47068,1.27022,0.02126,0.013,0.01713,0.00041,1e-05,67.90566,0.0,0.0,0.0,0.0,0.0,1
556,27.8,1,0.41168,0.45138,0.37197,0.01324,-22.45117,-2.56318,5.02771,-0.23659,0.48324,1.26226,0.02381,0.01446,0.01913,0.0003,1e-05,69.21745,0.0,0.0,0.0,0.0,0.0,0
557,27.85,1,0.40354,0.44501,0.36207,0.01228,-21.79699,-1.11253,4.32939,-0.22869,0.49744,1.26112,0.03354,0.01116,0.02235,0.00034,1e-05,69.19905,0.0,0.0,0.0,0.0,0.0,0
558,27.9,1,0.39393,0.43111,0.35675,0.01031,-20.57153,1.09517,2.92127,-0.2141,0.53534,1.25876,0.04521,0.01399,0.0296,0.00061,2e-05,70.00542,0.0,0.0,0.0,0.0,0.0,0
559,27.95,1,0.39262,0.42415,0.36109,0.00742,-19.30457,1.55109,2.15922,-0.20847,0.53299,1.26662,0.03723,0.01199,0.02461,0.00067,2e-05,71.31958,0.0,0.0,0.0,0.0,0.0,0
560,28.0,1,0.36291,0.38046,0.34536,0.00654,-17.60537,3.08501,1.75079,-0.17795,0.55227,1.25206,0.0539,0.02196,0.03793,0.00093,4e-05,72.19343,0.0,0.0,0.0,0.0,0.0,1
561,28.05,1,0.37659,0.39531,0.35786,0.00728,-16.35664,3.84062,1.19476,-0.17399,0.55512,1.2556,0.04665,0.01849,0.03257,0.00113,6e-05,72.79557,0.0,0.0,0.0,0.0,0.0,0
562,28.1,1,0.35777,0.37518,0.34036,0.00764,-14.90176,4.68136,0.94141,-0.15066,0.54801,1.25369,0.06293,0.02832,0.04563,0.00223,0.00013,74.43166,0.0,0.0,0.0,0.0,0.0,0
563,28.15,1,0.36707,0.3864,0.34774,0.00635,-14.89113,4.71778,0.71889,-0.15593,0.55518,1.25702,0.04974,0.02553,0.03764,0.00255,0.00015,74.25705,0.0,0.0,0.0,0.0,0.0,0
564,28.2,1,0.36618,0.38548,0.34689,0.0059,-14.61684,5.29589,0.49799,-0.15121,0.56404,1.24648,0.05048,0.02341,0.03695,0.00201,0.00012,74.64241,0.0,0.0,0.0,0.0,0.0,0
565,28.25,1,0.3686,0.39148,0.34573,0.00598,-14.8376,5.39625,0.51571,-0.1559,0.56055,1.25255,0.05504,0.02134,0.03819,0.00219,0.00013,74.63053,0.0,0.0,0.0,0.0,0.0,1
566,28.3,1,0.36953,0.39222,0.34685,0.00485,-14.76336,5.42932,0.30201,-0.15954,0.56484,1.2536,0.0495,0.01971,0.03461,0.00185,0.00012,74.15289,0.0,0.0,0.0,0.0,0.0,0
567,28.35,1,0.36775,0.39219,0.3433,0.0059,-14.57105,5.45305,0.04228,-0.15748,0.56699,1.25209,0.05389,0.02108,0.03749,0.00262,0.00016,73.9353,0.0,0.0,0.0,0.0,0.0,0
568,28.4,1,0.3187,0.33834,0.29906,0.00572,-14.56613,5.52934,0.50128,-0.14517,0.55963,1.24504,0.09328,0.05438,0.07383,0.00298,0.00021,73.34696,0.0,0.0,0.0,0.0,0.0,0
569,28.45,1,0.14161,0.16936,0.11387,0.00677,-14.48816,5.28252,0.35575,-0.14099,0.53591,1.23643,0.42043,0.33267,0.37655,0.00385,0.00032,72.56327,0.0,0.0,0.0,0.0,0.0,0
570,28.5,1,0.07752,0.09912,0.05592,0.00687,-14.63065,4.9652,0.94272,-0.13977,0.50508,1.22898,0.56974,0.44964,0.50969,0.0025,0.0002,74.05274,0.0,0.0,0.0,0.0,0.0,1
571,28.55,1,0.15532,0.18885,0.12178,0.00493,-15.07373,5.11863,1.02506,-0.154,0.51951,1.22888,0.39999,0.29058,0.34529,0.00175,0.00014,72.69457,0.0,0.0,0.0,0.0,0.0,0
572,28.6,1,0.18771,0.24056,0.13487,0.00534,-16.56831,4.9424,1.19948,-0.16334,0.52546,1.23657,0.40699,0.21348,0.31024,0.0014,8e-05,71.93671,0.0,0.0,0.0,0.0,0.0,0
573,28.65,1,0.2505,0.28148,0.21952,0.00498,-17.48221,5.02056,1.22084,-0.17022,0.5268,1.23722,0.16974,0.12533,0.14753,0.00129,7e-05,71.29702,0.0,0.0,0.0,0.0,0.0,0
574,28.7,1,0.32573,0.356,0.29547,0.00711,-18.80994,4.36923,1.62374,-0.18146,0.51107,1.23913,0.07784,0.02888,0.05336,0.00108,5e-05,71.46963,0.0,0.0,0.0,0.0,0.0,0
575,28.75,1,0.36109,0.39531,0.32688,0.00682,-19.31042,4.09733,1.47691,-0.19029,0.50882,1.24126,0.06125,0.01458,0.03791,0.00064,3e-05,71.39967,0.0,0.0,0.0,0.0,0.0,1
576,28.8,1,0.35999,0.39579,0.3242,0.00698,-20.21909,3.66254,1.53763,-0.20545,0.50576,1.23804,0.05616,0.01538,0.03577,0.00097,4e-05,70.74357,0.0,0.0,0.0,0.0,0.0,0
577,28.85,1,0.36858,0.40703,0.33013,0.00817,-20.57347,3.11602,1.50684,-0.21114,0.50451,1.24412,0.05055,0.01043,0.03049,0.00097,3e-05,70.28375,0.0,0.0,0.0,0.0,0.0,0
578,28.9,1,0.37904,0.41416,0.34392,0.00951,-21.01694,2.67873,2.15484,-0.21371,0.49821,1.23685,0.03446,0.0094,0.02193,0.00087,3e-05,70.20108,0.0,0.0,0.0,0.0,0.0,0
579,28.95,1,0.38645,0.42159,0.3513,0.01181,-21.41916,2.59763,2.40855,-0.21748,0.49839,1.24246,0.02504,0.00656,0.0158,0.00072,2e-05,70.18228,0.0,0.0,0.0,0.0,0.0,0
580,29.0,1,0.388,0.42637,0.34963,0.01216,-22.03222,2.05518,2.77221,-0.22673,0.50204,1.23985,0.02945,0.0082,0.01882,0.00085,3e-05,69.33651,0.0,0.0,0.0,0.0,0.0,1
581,29.05,1,0.39095,0.43234,0.34955,0.01246,-22.16824,1.92231,3.04912,-0.23088,0.49871,1.23898,0.02711,0.00775,0.01743,0.00072,2e-05,69.52426,0.0,0.0,0.0,0.0,0.0,0
582,29.1,1,0.39222,0.4282,0.35625,0.01359,-22.31273,1.66111,3.34579,-0.22601,0.49225,1.24612,0.02241,0.00781,0.01511,0.00063,2e-05,70.11306,0.0,0.0,0.0,0.0,0.0,0
583,29.15,1,0.39346,0.43119,0.35573,0.01228,-21.99038,1.65643,3.33194,-0.22171,0.49258,1.24935,0.02416,0.00721,0.01569,0.00054,2e-05,70.03187,0.0,0.0,0.0,0.0,0.0,0
584,29.2,1,0.4,0.44464,0.35536,0.01177,-22.23955,1.28731,3.74766,-0.22646,0.49532,1.255,0.02852,0.00776,0.01814,0.00051,2e-05,69.17243,0.0,0.0,0.0,0.0,0.0,0
585,29.25,1,0.40229,0.44453,0.36005,0.0108,-22.12648,1.2073,4.03862,-0.22396,0.49743,1.25301,0.02242,0.00781,0.01511,0.00049,1e-05,69.40151,0.0,0.0,0.0,0.0,0.0,1
586,29.3,1,0.40064,0.43977,0.36151,0.01076,-22.23097,1.23315,4.60177,-0.21626,0.49621,1.24809,0.02348,0.00791,0.01569,0.0004,1e-05,69.25622,0.0,0.0,0.0,0.0,0.0,0
587,29.35,1,0.40554,0.44679,0.3643,0.01114,-22.5831,0.97109,4.79513,-0.22405,0.49394,1.25353,0.02026,0.0074,0.01383,0.00044,1e-05,69.3203,0.0,0.0,0.0,0.0,0.0,0
588,29.4,1,0.41438,0.46363,0.36514,0.01174,-23.34345,0.39609,5.78026,-0.2284,0.49947,1.25981,0.01811,0.00574,0.01193,0.00044,1e-05,68.44664,0.0,0.0,0.0,0.0,0.0,0
589,29.45,1,0.41337,0.46181,0.36494,0.01106,-23.45331,0.38364,5.89771,-0.22828,0.4967,1.26414,0.01656,0.0059,0.01123,0.00047,1e-05,68.6734,0.0,0.0,0.0,0.0,0.0,0
590,29.5,1,0.41919,0.47399,0.36439,0.01186,-24.05827,-0.0676,6.71148,-0.2329,0.49973,1.266,0.01894,0.00622,0.01258,0.00034,1e-05,68.23772,0.0,0.0,0.0,0.0,0.0,1
591,29.55,1,0.42436,0.47563,0.3731,0.01027,-24.29702,-0.25647,6.65362,-0.23457,0.50203,1.26235,0.01688,0.00578,0.01133,0.0003,1e-05,67.54373,0.0,0.0,0.0,0.0,0.0,0
592,29.6,1,0.43114,0.48236,0.37993,0.01156,-24.99514,-0.58168,7.20252,-0.23621,0.50943,1.27547,0.01511,0.0059,0.0105,0.00032,1e-05,66.21178,0.0,0.0,0.0,0.0,0.0,0
593,29.65,1,0.42944,0.47903,0.37986,0.01272,-25.29405,-0.7098,7.47885,-0.24433,0.509,1.26544,0.01415,0.0061,0.01013,0.00034,1e-05,66.27639,0.0,0.0,0.0,0.0,0.0,0
594,29.7,1,0.4277,0.47916,0.37624,0.0131,-25.47536,-0.49793,7.41191,-0.24973,0.50569,1.26467,0.01373,0.00648,0.0101,0.0004,1e-05,66.63446,0.0,0.0,0.0,0.0,0.0,0
595,29.75,1,0.42803,0.47653,0.37952,0.01212,-25.30787,-0.17662,7.4011,-0.24005,0.50691,1.26855,0.0121,0.00679,0.00944,0.00038,1e-05,67.10629,0.0,0.0,0.0,0.0,0.0,1
596,29.8,1,0.4311,0.47834,0.38386,0.012,-25.17998,-0.13443,7.68538,-0.23374,0.50363,1.26904,0.01183,0.00636,0.00909,0.00034,1e-05,67.62366,0.0,0.0,0.0,0.0,0.0,0
597,29.85,1,0.42801,0.47706,0.37896,0.01189,-25.31083,-0.21607,7.91854,-0.23667,0.51282,1.27476,0.01356,0.00704,0.0103,0.00032,1e-05,67.30257,0.0,0.0,0.0,0.0,0.0,0
598,29.9,1,0.41307,0.46218,0.36397,0.01175,-24.94667,-0.04544,7.75387,-0.23064,0.51108,1.26565,0.01992,0.00793,0.01393,0.00048,1e-05,67.94643,0.0,0.0,0.0,0.0,0.0,0
599,29.95,1,0.40882,0.45834,0.35931,0.01206,-24.20953,0.35613,7.49897,-0.22875,0.51688,1.2621,0.01881,0.00827,0.01354,0.00047,1e-05,68.0334,0.0,0.0,0.0,0.0,0.0,0
