frame_id,timestamp,face_found,ear,ear_left,ear_right,mar,yaw,pitch,roll,nose_offset_x,nose_offset_y,face_ratio,blink_left,blink_right,blink,jaw_open,mouth_close,face_scale,phone_conf,phone_x,phone_y,phone_w,phone_h,phone_fresh
0,0.0,1,0.0465,0.07603,0.01697,0.19669,-1.12419,9.54062,0.25111,-0.00637,0.47751,1.24692,0.70034,0.58094,0.64064,0.27571,0.01052,82.30881,0.0,0.0,0.0,0.0,0.0,1
1,0.05,1,0.04353,0.06265,0.02441,0.17395,-0.87896,10.10757,0.17386,-0.00067,0.49141,1.23495,0.68077,0.60646,0.64362,0.17995,0.00886,82.33491,0.0,0.0,0.0,0.0,0.0,0
2,0.1,1,0.04538,0.06171,0.02904,0.15602,1.29945,11.64873,0.69656,0.03808,0.49313,1.21222,0.68226,0.62493,0.65359,0.15341,0.01057,82.42279,0.0,0.0,0.0,0.0,0.0,0
3,0.15,1,0.04697,0.05985,0.03408,0.16067,1.54271,11.91503,0.83017,0.04216,0.49132,1.20158,0.66827,0.6126,0.64043,0.16132,0.01005,82.78812,0.0,0.0,0.0,0.0,0.0,0
4,0.2,1,0.0405,0.0469,0.0341,0.1516,2.69486,12.73261,1.34696,0.05803,0.485,1.18498,0.65262,0.6664,0.65951,0.17101,0.01432,82.35076,0.0,0.0,0.0,0.0,0.0,0
5,0.25,1,0.03857,0.04064,0.0365,0.11651,3.7414,13.74124,1.49654,0.06095,0.48678,1.17628,0.67806,0.66416,0.67111,0.09694,0.01485,82.68348,0.07436,213.0,161.0,55.0,136.0,1
6,0.3,1,0.04372,0.04344,0.044,0.02072,4.00659,14.86265,1.4458,0.04836,0.49849,1.16351,0.66872,0.66026,0.66449,0.0073,0.00434,82.47518,0.07436,213.0,161.0,55.0,136.0,0
7,0.35,1,0.04151,0.04123,0.04179,0.00431,4.06659,15.11297,1.53595,0.04884,0.49927,1.15771,0.66167,0.69765,0.67966,0.0047,0.00317,82.68077,0.07436,213.0,161.0,55.0,136.0,0
8,0.4,1,0.04339,0.04462,0.04216,0.01357,3.81955,15.7642,1.18171,0.04651,0.50239,1.14473,0.6392,0.65051,0.64486,0.00369,0.00188,82.56377,0.07436,213.0,161.0,55.0,136.0,0
9,0.45,1,0.043,0.04229,0.04371,0.01466,4.01999,15.78661,0.89497,0.05033,0.50338,1.14045,0.6422,0.66945,0.65582,0.00353,0.0015,83.13997,0.07436,213.0,161.0,55.0,136.0,0
10,0.5,1,0.04589,0.04621,0.04558,0.00472,4.77014,16.1956,0.68145,0.06417,0.50394,1.13468,0.63016,0.65673,0.64345,0.00216,0.00097,83.79821,0.1483,209.0,181.0,22.0,54.0,1
11,0.55,1,0.04378,0.04532,0.04224,0.00494,5.23789,16.38263,0.82538,0.07174,0.50356,1.12482,0.62846,0.67341,0.65093,0.00193,0.00086,82.9064,0.1483,209.0,181.0,22.0,54.0,0
12,0.6,1,0.03879,0.04194,0.03563,0.00692,5.61894,16.37314,0.89638,0.07533,0.49409,1.13582,0.64135,0.68358,0.66246,0.00213,0.00099,83.98427,0.1483,209.0,181.0,22.0,54.0,0
13,0.65,1,0.03827,0.04119,0.03534,0.01515,5.49769,16.26128,0.84592,0.0702,0.48955,1.13948,0.6447,0.67844,0.66157,0.00268,0.0012,84.64382,0.1483,209.0,181.0,22.0,54.0,0
14,0.7,1,0.03913,0.03982,0.03844,0.00222,5.58853,16.37184,0.83102,0.07185,0.49403,1.13839,0.61933,0.67667,0.648,0.00218,0.00133,84.10033,0.1483,209.0,181.0,22.0,54.0,0
15,0.75,1,0.03872,0.04092,0.03653,0.00363,5.85133,16.46731,0.60013,0.07381,0.50133,1.1477,0.62818,0.66717,0.64767,0.00224,0.00157,83.89971,0.0,0.0,0.0,0.0,0.0,1
16,0.8,1,0.03577,0.04069,0.03084,0.00204,7.16139,15.70253,-0.29532,0.07618,0.49743,1.16381,0.65068,0.65864,0.65466,0.00238,0.00168,83.10155,0.0,0.0,0.0,0.0,0.0,0
17,0.85,1,0.03793,0.0433,0.03256,0.00245,8.17918,14.655,-1.11971,0.07533,0.49726,1.18198,0.65715,0.66274,0.65995,0.00247,0.00179,81.82638,0.0,0.0,0.0,0.0,0.0,0
18,0.9,1,0.06189,0.05972,0.06406,0.00272,9.75975,13.18214,-2.48989,0.08893,0.49547,1.20874,0.62635,0.65673,0.64154,0.00129,0.00075,80.51843,0.0,0.0,0.0,0.0,0.0,0
19,0.95,1,0.04761,0.0546,0.04061,0.00518,9.89685,11.06117,-3.12978,0.07708,0.48499,1.22787,0.69113,0.69382,0.69247,0.00195,0.00122,79.56694,0.0,0.0,0.0,0.0,0.0,0
20,1.0,1,0.02075,0.02433,0.01716,0.01058,8.86837,5.60341,-3.43556,0.0733,0.44744,1.25187,0.76197,0.75619,0.75908,0.0013,0.00056,79.98797,0.0,0.0,0.0,0.0,0.0,1
21,1.05,1,0.0218,0.02841,0.01518,0.00556,8.47432,2.62728,-2.73193,0.07944,0.42502,1.26126,0.74657,0.73245,0.73951,0.00083,0.00039,80.21049,0.0,0.0,0.0,0.0,0.0,0
22,1.1,1,0.11446,0.10586,0.12305,0.00278,7.68495,-2.68205,-1.63626,0.08143,0.39428,1.2565,0.48972,0.49407,0.49189,0.00056,0.00018,80.04725,0.0,0.0,0.0,0.0,0.0,0
23,1.15,1,0.21656,0.21079,0.22232,0.00236,6.91609,-4.85165,-0.38475,0.08823,0.38839,1.26356,0.33136,0.28521,0.30829,0.00046,0.00012,77.09897,0.0,0.0,0.0,0.0,0.0,0
24,1.2,1,0.27751,0.27407,0.28094,0.0011,3.46832,-7.69388,1.4285,0.05405,0.35688,1.25481,0.16749,0.10887,0.13818,0.0005,0.00012,77.42058,0.0,0.0,0.0,0.0,0.0,0
25,1.25,1,0.27987,0.27793,0.28181,0.00206,1.49123,-8.92571,2.0981,0.03235,0.34569,1.23719,0.1839,0.11136,0.14763,0.0003,6e-05,77.48847,0.0,0.0,0.0,0.0,0.0,1
26,1.3,1,0.27461,0.27285,0.27637,0.00366,-1.20996,-11.32888,3.72516,0.00411,0.32509,1.22693,0.17433,0.12297,0.14865,0.00022,4e-05,77.38959,0.0,0.0,0.0,0.0,0.0,0
27,1.35,1,0.27571,0.27853,0.27288,0.00145,-2.27899,-13.06306,4.5621,0.00125,0.3119,1.21879,0.18191,0.1299,0.1559,0.00019,3e-05,76.74649,0.0,0.0,0.0,0.0,0.0,0
28,1.4,1,0.28687,0.28745,0.2863,0.128,-4.37094,-13.50993,6.11683,-0.03153,0.29308,1.23103,0.15332,0.11543,0.13438,0.00148,7e-05,75.28776,0.0,0.0,0.0,0.0,0.0,0
29,1.45,1,0.28342,0.28517,0.28167,0.19345,-4.62535,-13.39112,6.54795,-0.02756,0.29122,1.23001,0.12781,0.10751,0.11766,0.0059,0.00014,75.67856,0.0,0.0,0.0,0.0,0.0,0
30,1.5,1,0.28328,0.28683,0.27974,0.18195,-5.11348,-12.64982,7.13708,-0.03274,0.30127,1.24648,0.1247,0.1158,0.12025,0.00488,0.00015,75.74614,0.0,0.0,0.0,0.0,0.0,1
31,1.55,1,0.28474,0.28872,0.28077,0.20131,-5.32609,-12.05948,7.41228,-0.03197,0.31868,1.26629,0.13028,0.1018,0.11604,0.00461,0.00014,74.92534,0.0,0.0,0.0,0.0,0.0,0
32,1.6,1,0.2873,0.30194,0.27266,0.255,-5.15409,-10.7998,8.5164,-0.00912,0.29066,1.2581,0.19343,0.06571,0.12957,0.01442,0.00024,76.60481,0.0,0.0,0.0,0.0,0.0,0
33,1.65,1,0.25065,0.25753,0.24376,0.25005,-5.00518,-10.12349,9.39587,-0.00116,0.31876,1.25731,0.18409,0.19017,0.18713,0.02601,0.00037,75.79273,0.0,0.0,0.0,0.0,0.0,0
34,1.7,1,0.12973,0.13856,0.1209,0.21342,-4.2305,-8.11056,10.59515,0.01188,0.35256,1.24974,0.48947,0.54019,0.51483,0.03062,0.00038,75.35588,0.0,0.0,0.0,0.0,0.0,0
35,1.75,1,0.19673,0.21229,0.18117,0.22053,-3.73552,-7.10482,11.45101,0.0191,0.35379,1.23785,0.41815,0.35082,0.38448,0.02333,0.00026,75.50462,0.0,0.0,0.0,0.0,0.0,1
36,1.8,1,0.25691,0.27723,0.2366,0.21821,-5.22246,-6.55696,11.73556,-0.00833,0.36984,1.26909,0.29155,0.13856,0.21506,0.0276,0.00028,75.51663,0.0,0.0,0.0,0.0,0.0,0
37,1.85,1,0.28534,0.29939,0.2713,0.19931,-6.58094,-6.14069,11.17386,-0.02652,0.37349,1.28176,0.18532,0.09474,0.14003,0.02639,0.00035,74.93926,0.0,0.0,0.0,0.0,0.0,0
38,1.9,1,0.28956,0.29801,0.2811,0.16237,-6.63815,-5.82797,10.00072,-0.03064,0.38016,1.26226,0.13538,0.09025,0.11282,0.0162,0.00034,76.03107,0.0,0.0,0.0,0.0,0.0,0
39,1.95,1,0.28263,0.28725,0.278,0.11457,-6.40369,-5.77434,9.1919,-0.0297,0.38233,1.25144,0.14062,0.13523,0.13792,0.00575,0.00021,76.40155,0.0,0.0,0.0,0.0,0.0,0
40,2.0,1,0.28304,0.28852,0.27756,0.02909,-6.04936,-5.13537,8.25624,-0.02684,0.38988,1.2627,0.13102,0.13345,0.13224,0.0009,0.00011,76.20524,0.40757,219.0,183.0,23.0,35.0,1
41,2.05,1,0.28521,0.2935,0.27691,0.01311,-5.59764,-5.01233,7.5996,-0.0219,0.38935,1.26708,0.12428,0.11179,0.11804,0.00058,0.00011,76.45204,0.40757,219.0,183.0,23.0,35.0,0
42,2.1,1,0.28357,0.29261,0.27452,0.00444,-4.63577,-4.75658,6.67614,-0.01332,0.38446,1.26419,0.12302,0.08709,0.10506,0.00041,8e-05,77.80478,0.40757,219.0,183.0,23.0,35.0,0
43,2.15,1,0.27682,0.27527,0.27837,0.01372,-2.82152,-4.59265,5.26915,0.00618,0.39181,1.26139,0.14159,0.11287,0.12723,0.00032,8e-05,77.81041,0.40757,219.0,183.0,23.0,35.0,0
44,2.2,1,0.2784,0.27676,0.28004,0.01398,-1.93883,-4.42688,4.5487,0.01172,0.39109,1.25647,0.15158,0.10889,0.13023,0.00033,0.0001,77.85886,0.40757,219.0,183.0,23.0,35.0,0
45,2.25,1,0.29363,0.28944,0.29783,0.00799,-1.34693,-5.14082,3.93961,0.00849,0.37535,1.2586,0.12778,0.0957,0.11174,0.00053,0.00011,78.19489,0.0,0.0,0.0,0.0,0.0,1
46,2.3,1,0.3207,0.31553,0.32586,0.00327,-1.05564,-5.92449,4.13878,0.00862,0.37011,1.24742,0.0787,0.06039,0.06954,0.00064,0.00011,77.46362,0.0,0.0,0.0,0.0,0.0,0
47,2.35,1,0.32937,0.32746,0.33129,0.00306,-2.19148,-7.4456,5.04128,-0.0053,0.36695,1.25749,0.06925,0.05321,0.06123,0.00054,0.0001,76.87812,0.0,0.0,0.0,0.0,0.0,0
48,2.4,1,0.32262,0.3223,0.32294,0.00183,-2.67465,-8.01324,5.46283,-0.00087,0.35946,1.25831,0.07249,0.05018,0.06134,0.00085,0.00015,77.12526,0.0,0.0,0.0,0.0,0.0,0
49,2.45,1,0.31527,0.31448,0.31606,0.00412,-3.06129,-8.45822,6.4563,0.00279,0.35272,1.26576,0.07564,0.06374,0.06969,0.00107,0.00023,76.33836,0.0,0.0,0.0,0.0,0.0,0
50,2.5,1,0.31284,0.31202,0.31365,0.00514,-2.96626,-8.81557,7.22857,0.00923,0.34211,1.26431,0.08023,0.06128,0.07076,0.00147,0.00031,76.51469,0.0,0.0,0.0,0.0,0.0,1
51,2.55,1,0.31116,0.31234,0.30999,0.00375,-3.13181,-9.92893,8.21732,0.00747,0.32995,1.25985,0.0908,0.05259,0.0717,0.00143,0.00026,76.65363,0.0,0.0,0.0,0.0,0.0,0
52,2.6,1,0.30692,0.30397,0.30986,0.00263,-3.28718,-10.93795,9.25087,0.01094,0.32193,1.25146,0.10643,0.05899,0.08271,0.00086,0.00014,76.17972,0.0,0.0,0.0,0.0,0.0,0
53,2.65,1,0.29119,0.29075,0.29162,0.00362,-3.7847,-11.45955,10.84313,0.01296,0.31071,1.25056,0.15174,0.10196,0.12685,0.00073,0.0001,75.90807,0.0,0.0,0.0,0.0,0.0,0
54,2.7,1,0.28754,0.28629,0.28879,0.00332,-4.29397,-12.43224,12.12502,0.00676,0.29827,1.24414,0.14305,0.11726,0.13016,0.00065,8e-05,76.33583,0.0,0.0,0.0,0.0,0.0,0
55,2.75,1,0.24151,0.21955,0.26348,0.00353,-4.94418,-13.07184,13.84057,0.0164,0.2987,1.24538,0.21284,0.33248,0.27266,0.00054,9e-05,72.97796,0.0,0.0,0.0,0.0,0.0,1
56,2.8,1,0.03322,0.04352,0.02293,0.0056,-5.71878,-13.2655,14.07756,-0.00218,0.28371,1.23676,0.82127,0.79763,0.80945,0.00088,0.00019,73.84135,0.0,0.0,0.0,0.0,0.0,0
57,2.85,1,0.12139,0.16296,0.07981,0.00552,-6.82178,-12.1797,15.68052,-0.00143,0.32466,1.24942,0.63386,0.51796,0.57591,0.00062,0.00011,72.14773,0.0,0.0,0.0,0.0,0.0,0
58,2.9,1,0.19188,0.24576,0.138,0.0051,-7.52418,-10.94616,16.38919,0.00071,0.33853,1.25461,0.49348,0.28209,0.38779,0.00048,7e-05,73.73406,0.0,0.0,0.0,0.0,0.0,0
59,2.95,1,0.25082,0.29258,0.20906,0.00543,-8.39668,-10.10375,16.4874,-0.00914,0.34606,1.26032,0.29801,0.13897,0.21849,0.00035,4e-05,75.30551,0.0,0.0,0.0,0.0,0.0,0
60,3.0,1,0.28225,0.31199,0.25251,0.00539,-8.50248,-9.49271,16.17542,-0.00937,0.35349,1.26227,0.18849,0.09645,0.14247,0.00028,3e-05,75.25651,0.0,0.0,0.0,0.0,0.0,1
61,3.05,1,0.289,0.30129,0.2767,0.00719,-8.38244,-8.38037,15.52845,-0.00924,0.36761,1.261,0.13523,0.11578,0.1255,0.00032,4e-05,75.36176,0.0,0.0,0.0,0.0,0.0,0
62,3.1,1,0.28997,0.29335,0.28659,0.00653,-8.06235,-8.15147,15.19943,-0.00581,0.36971,1.26161,0.11922,0.13105,0.12514,0.00035,4e-05,75.42778,0.0,0.0,0.0,0.0,0.0,0
63,3.15,1,0.29515,0.29785,0.29244,0.00607,-7.69203,-7.82392,14.74738,-0.00599,0.37085,1.2645,0.10561,0.10864,0.10712,0.0004,5e-05,75.79905,0.0,0.0,0.0,0.0,0.0,0
64,3.2,1,0.29628,0.30033,0.29223,0.00579,-7.56238,-7.70869,14.58669,-0.0073,0.37061,1.26782,0.10319,0.10805,0.10562,0.00042,5e-05,76.11777,0.0,0.0,0.0,0.0,0.0,0
65,3.25,1,0.30465,0.31241,0.2969,0.0067,-7.57782,-7.84303,14.66393,-0.00802,0.37032,1.2751,0.09685,0.08016,0.08851,0.00038,6e-05,76.07755,0.0,0.0,0.0,0.0,0.0,1
66,3.3,1,0.31036,0.32092,0.29979,0.0062,-7.60128,-7.93443,14.80467,-0.00801,0.36889,1.27751,0.09319,0.06537,0.07928,0.00042,6e-05,76.03301,0.0,0.0,0.0,0.0,0.0,0
67,3.35,1,0.31536,0.32833,0.30239,0.00492,-8.05769,-8.06263,15.16584,-0.01577,0.36584,1.27535,0.09397,0.06443,0.0792,0.0004,6e-05,75.95028,0.0,0.0,0.0,0.0,0.0,0
68,3.4,1,0.31571,0.32736,0.30406,0.00414,-8.54812,-8.256,15.47328,-0.02103,0.36687,1.27808,0.09618,0.07773,0.08695,0.00034,4e-05,75.72378,0.0,0.0,0.0,0.0,0.0,0
69,3.45,1,0.32117,0.33544,0.3069,0.00419,-9.93055,-8.73426,16.09825,-0.03715,0.36929,1.28332,0.09295,0.07049,0.08172,0.00028,3e-05,75.18163,0.0,0.0,0.0,0.0,0.0,0
70,3.5,1,0.33278,0.34644,0.31913,0.0055,-11.10508,-9.00612,16.39005,-0.0512,0.37154,1.28405,0.07377,0.06713,0.07045,0.00028,3e-05,74.68267,0.0,0.0,0.0,0.0,0.0,1
71,3.55,1,0.34851,0.36531,0.3317,0.00381,-13.70936,-9.72093,17.02364,-0.07743,0.38845,1.31399,0.05523,0.04364,0.04943,0.00021,2e-05,73.72842,0.0,0.0,0.0,0.0,0.0,0
72,3.6,1,0.34554,0.36415,0.32693,0.00448,-14.72961,-9.87272,17.14903,-0.09206,0.39429,1.32439,0.05551,0.05224,0.05388,0.00024,2e-05,73.55023,0.0,0.0,0.0,0.0,0.0,0
73,3.65,1,0.36032,0.37853,0.34211,0.00374,-16.59278,-10.32995,17.83153,-0.11251,0.40033,1.32624,0.04122,0.0387,0.03996,0.00018,2e-05,72.63109,0.0,0.0,0.0,0.0,0.0,0
74,3.7,1,0.3672,0.38643,0.34797,0.0031,-17.39087,-10.56286,18.04847,-0.1231,0.40215,1.34175,0.03476,0.03504,0.0349,0.00023,2e-05,72.24609,0.0,0.0,0.0,0.0,0.0,0
75,3.75,1,0.37251,0.39295,0.35207,0.00263,-18.36081,-10.28409,18.58759,-0.12566,0.41271,1.34943,0.03185,0.03314,0.03249,0.00018,2e-05,71.5526,0.0,0.0,0.0,0.0,0.0,1
76,3.8,1,0.35651,0.37824,0.33477,0.00288,-18.12918,-10.19063,18.83741,-0.1166,0.41098,1.34111,0.0489,0.03973,0.04431,0.00017,2e-05,71.56104,0.0,0.0,0.0,0.0,0.0,0
77,3.85,1,0.36359,0.38622,0.34096,0.00321,-18.02008,-10.23865,18.91381,-0.12037,0.41002,1.34447,0.04257,0.03823,0.0404,0.00017,2e-05,71.70681,0.0,0.0,0.0,0.0,0.0,0
78,3.9,1,0.37201,0.39515,0.34886,0.00285,-18.21197,-10.28035,18.99203,-0.11987,0.41464,1.35206,0.03946,0.03628,0.03787,0.00019,2e-05,70.71939,0.0,0.0,0.0,0.0,0.0,0
79,3.95,1,0.37149,0.39216,0.35082,0.00326,-18.35948,-10.4479,19.07456,-0.12176,0.41556,1.35098,0.03698,0.0365,0.03674,0.00019,2e-05,70.47101,0.0,0.0,0.0,0.0,0.0,0
80,4.0,1,0.37362,0.39502,0.35223,0.00332,-18.46583,-10.32467,19.11648,-0.12137,0.4146,1.3492,0.03606,0.0375,0.03678,0.00015,1e-05,70.84574,0.0,0.0,0.0,0.0,0.0,1
81,4.05,1,0.36866,0.39058,0.34675,0.00328,-18.32581,-10.21984,19.08881,-0.11763,0.41209,1.3447,0.03763,0.03863,0.03813,0.00016,2e-05,71.25556,0.0,0.0,0.0,0.0,0.0,0
82,4.1,1,0.36829,0.38941,0.34718,0.00324,-18.22361,-10.20886,19.05696,-0.11588,0.41086,1.3426,0.03732,0.03815,0.03774,0.00016,2e-05,71.33598,0.0,0.0,0.0,0.0,0.0,0
83,4.15,1,0.36445,0.38896,0.33993,0.00391,-18.2116,-10.20072,19.13158,-0.11559,0.41021,1.33562,0.04355,0.03881,0.04118,0.00016,2e-05,71.29702,0.0,0.0,0.0,0.0,0.0,0
84,4.2,1,0.36598,0.38919,0.34278,0.00361,-18.15653,-10.23445,19.13805,-0.11387,0.41108,1.33377,0.04291,0.03951,0.04121,0.00016,2e-05,71.0469,0.0,0.0,0.0,0.0,0.0,0
85,4.25,1,0.36046,0.38089,0.34003,0.00337,-18.07163,-10.33763,19.07726,-0.11729,0.41161,1.33574,0.04026,0.04202,0.04114,0.00017,2e-05,71.0612,0.0,0.0,0.0,0.0,0.0,1
86,4.3,1,0.34564,0.37105,0.32023,0.00316,-17.82232,-10.42316,18.97026,-0.11627,0.4098,1.33753,0.06524,0.04665,0.05595,0.00019,2e-05,71.0024,0.0,0.0,0.0,0.0,0.0,0
87,4.35,1,0.33636,0.3608,0.31192,0.00264,-17.48081,-10.52345,18.88836,-0.11431,0.40883,1.33842,0.07916,0.05593,0.06755,0.00018,2e-05,71.10908,0.0,0.0,0.0,0.0,0.0,0
88,4.4,1,0.32973,0.35531,0.30415,0.00292,-17.0357,-10.30519,18.62735,-0.11089,0.40425,1.34035,0.09561,0.06322,0.07942,0.00022,3e-05,71.55885,0.0,0.0,0.0,0.0,0.0,0
89,4.45,1,0.31974,0.34398,0.2955,0.00345,-16.43439,-9.85815,18.30911,-0.10454,0.40111,1.3362,0.11218,0.07784,0.09501,0.00027,4e-05,71.82687,0.0,0.0,0.0,0.0,0.0,0
90,4.5,1,0.23722,0.26167,0.21278,0.00429,-14.46473,-8.44205,17.2866,-0.05983,0.39185,1.30467,0.31026,0.24424,0.27725,0.00043,7e-05,71.12789,0.0,0.0,0.0,0.0,0.0,1
91,4.55,1,0.0899,0.12452,0.05528,0.00619,-13.38104,-7.45514,16.08862,-0.05884,0.37582,1.2902,0.7011,0.57304,0.63707,0.00044,6e-05,73.03684,0.0,0.0,0.0,0.0,0.0,0
92,4.6,1,0.08425,0.09653,0.07197,0.00688,-9.58225,-6.12166,13.85365,-0.03077,0.38148,1.27304,0.61972,0.6177,0.61871,0.00051,0.0001,73.84391,0.0,0.0,0.0,0.0,0.0,0
93,4.65,1,0.15494,0.21241,0.09748,0.00612,-7.89439,-6.33109,12.69657,-0.02674,0.38246,1.27253,0.56712,0.35124,0.45918,0.00037,9e-05,73.15293,0.0,0.0,0.0,0.0,0.0,0
94,4.7,1,0.24026,0.26725,0.21327,0.00639,-4.77064,-7.38762,10.84882,0.0013,0.36366,1.25988,0.32432,0.17136,0.24784,0.00041,0.0001,74.12277,0.0,0.0,0.0,0.0,0.0,0
95,4.75,1,0.27115,0.2813,0.261,0.00478,-3.06199,-8.40523,9.87794,0.0146,0.34461,1.25002,0.23241,0.13343,0.18292,0.0003,7e-05,75.29822,0.0,0.0,0.0,0.0,0.0,1
96,4.8,1,0.28226,0.28533,0.27919,0.00377,-1.62186,-9.88524,8.83356,0.02151,0.33032,1.24205,0.16093,0.105,0.13296,0.00028,8e-05,75.39565,0.0,0.0,0.0,0.0,0.0,0
97,4.85,1,0.27549,0.27659,0.27439,0.00402,-0.89716,-10.39567,8.66522,0.02667,0.3236,1.24749,0.17708,0.15565,0.16636,0.00031,8e-05,75.21388,0.0,0.0,0.0,0.0,0.0,0
98,4.9,1,0.27777,0.28763,0.2679,0.00296,-1.01755,-9.06856,8.42951,0.02295,0.34221,1.24946,0.16607,0.13633,0.1512,0.00033,8e-05,75.35405,0.0,0.0,0.0,0.0,0.0,0
99,4.95,1,0.28044,0.29696,0.26393,0.00359,-1.23199,-8.36106,8.50063,0.02068,0.34867,1.25076,0.16212,0.10967,0.13589,0.00037,9e-05,75.35039,0.0,0.0,0.0,0.0,0.0,0
100,5.0,1,0.27879,0.29537,0.2622,0.00294,-1.87072,-8.37166,8.7834,0.01041,0.34638,1.25182,0.16144,0.1238,0.14262,0.00038,8e-05,75.44622,0.0,0.0,0.0,0.0,0.0,1
101,5.05,1,0.28439,0.29725,0.27154,0.00361,-2.17554,-8.35909,8.92595,0.01038,0.34987,1.25289,0.14197,0.10673,0.12435,0.00038,8e-05,75.44322,0.0,0.0,0.0,0.0,0.0,0
102,5.1,1,0.29931,0.30977,0.28884,0.00376,-2.41074,-8.42596,9.1774,0.00715,0.34921,1.25983,0.11109,0.09837,0.10473,0.00034,8e-05,74.98658,0.0,0.0,0.0,0.0,0.0,0
103,5.15,1,0.30178,0.30918,0.29438,0.00411,-2.57013,-8.29063,9.22309,0.00915,0.35169,1.26075,0.10383,0.10074,0.10229,0.00035,8e-05,74.74167,0.0,0.0,0.0,0.0,0.0,0
104,5.2,1,0.30987,0.31978,0.29995,0.00337,-3.09449,-7.88256,9.44023,0.00059,0.35878,1.26279,0.09209,0.08056,0.08633,0.00032,8e-05,74.62214,0.0,0.0,0.0,0.0,0.0,0
105,5.25,1,0.30961,0.32009,0.29913,0.00387,-3.27416,-7.52982,9.55341,-0.00072,0.36206,1.26383,0.0956,0.08021,0.08791,0.00035,7e-05,74.81578,0.0,0.0,0.0,0.0,0.0,1
106,5.3,0,0.0,0.0,0.0,0.0,0.0,0.0,0.0,0.0,0.0,0.0,0.0,0.0,0.0,0.0,0.0,0.0,0.0,0.0,0.0,0.0,0.0,0
107,5.35,0,0.0,0.0,0.0,0.0,0.0,0.0,0.0,0.0,0.0,0.0,0.0,0.0,0.0,0.0,0.0,0.0,0.0,0.0,0.0,0.0,0.0,0
108,5.4,1,0.20976,0.2575,0.16202,0.08479,-3.46339,-12.07805,5.13771,-0.26627,0.45897,1.17343,0.53635,0.89611,0.71623,0.21969,0.10174,57.59363,0.0,0.0,0.0,0.0,0.0,0
109,5.45,0,0.0,0.0,0.0,0.0,0.0,0.0,0.0,0.0,0.0,0.0,0.0,0.0,0.0,0.0,0.0,0.0,0.0,0.0,0.0,0.0,0.0,0
110,5.5,1,0.0465,0.07603,0.01697,0.19669,-1.12419,9.54062,0.25111,-0.00637,0.47751,1.24692,0.70034,0.58094,0.64064,0.27571,0.01052,82.30881,0.0,0.0,0.0,0.0,0.0,1
111,5.55,1,0.04367,0.0619,0.02544,0.17198,-0.83621,10.16764,0.16104,-2e-05,0.49206,1.23395,0.67914,0.60782,0.64348,0.17374,0.00888,82.33868,0.0,0.0,0.0,0.0,0.0,0
112,5.6,1,0.04541,0.06168,0.02915,0.15591,1.29944,11.65254,0.69196,0.03806,0.49314,1.21218,0.68214,0.62496,0.65355,0.15312,0.01058,82.42301,0.0,0.0,0.0,0.0,0.0,0
113,5.65,1,0.04697,0.05986,0.03407,0.16064,1.54095,11.91351,0.82767,0.04215,0.49132,1.20159,0.66829,0.61268,0.64048,0.16127,0.01006,82.78609,0.0,0.0,0.0,0.0,0.0,0
114,5.7,1,0.04049,0.04692,0.03407,0.15166,2.6924,12.72782,1.34494,0.05804,0.48499,1.18498,0.65264,0.66642,0.65953,0.17129,0.01434,82.35057,0.0,0.0,0.0,0.0,0.0,0
115,5.75,1,0.03856,0.04064,0.03649,0.11657,3.74024,13.73849,1.49665,0.06096,0.48675,1.17628,0.67798,0.6642,0.67109,0.09713,0.01487,82.68328,0.07436,213.0,161.0,55.0,136.0,1
116,5.8,1,0.04372,0.04344,0.044,0.02081,4.00642,14.8611,1.44665,0.04838,0.49847,1.16351,0.66873,0.66023,0.66448,0.00732,0.00435,82.47534,0.07436,213.0,161.0,55.0,136.0,0
117,5.85,1,0.04151,0.04123,0.04179,0.00433,4.06679,15.11267,1.53661,0.04885,0.49926,1.1577,0.6617,0.69759,0.67964,0.0047,0.00317,82.68038,0.07436,213.0,161.0,55.0,136.0,0
118,5.9,1,0.04337,0.0446,0.04213,0.01355,3.82207,15.76383,1.18182,0.04651,0.50237,1.14474,0.63946,0.65056,0.64501,0.00369,0.00189,82.56513,0.07436,213.0,161.0,55.0,136.0,0
119,5.95,1,0.04299,0.04228,0.04369,0.01465,4.02156,15.78637,0.89442,0.05032,0.50338,1.14044,0.64227,0.66945,0.65586,0.00353,0.0015,83.13902,0.07436,213.0,161.0,55.0,136.0,0
120,6.0,1,0.04589,0.04621,0.04556,0.00471,4.77058,16.19509,0.68104,0.06417,0.50394,1.13467,0.6302,0.65672,0.64346,0.00216,0.00097,83.79785,0.1483,209.0,181.0,22.0,54.0,1
121,6.05,1,0.04378,0.04532,0.04223,0.00494,5.23809,16.38213,0.82507,0.07174,0.50356,1.12482,0.62846,0.67339,0.65093,0.00193,0.00086,82.90671,0.1483,209.0,181.0,22.0,54.0,0
122,6.1,1,0.03878,0.04194,0.03563,0.00692,5.61901,16.3724,0.89594,0.07533,0.4941,1.13583,0.64132,0.68356,0.66244,0.00213,0.00099,83.98417,0.1483,209.0,181.0,22.0,54.0,0
123,6.15,1,0.03826,0.04119,0.03533,0.01513,5.498,16.26155,0.84613,0.0702,0.48957,1.13945,0.64459,0.67843,0.66151,0.00268,0.0012,84.6437,0.1483,209.0,181.0,22.0,54.0,0
124,6.2,1,0.03912,0.03982,0.03843,0.00221,5.58869,16.3712,0.83115,0.07185,0.49402,1.13841,0.61931,0.67661,0.64796,0.00219,0.00133,84.10039,0.1483,209.0,181.0,22.0,54.0,0
125,6.25,1,0.03872,0.04092,0.03653,0.00357,5.85142,16.46659,0.60027,0.07381,0.50131,1.14772,0.62817,0.66713,0.64765,0.00224,0.00157,83.89974,0.0,0.0,0.0,0.0,0.0,1
126,6.3,1,0.03636,0.03931,0.03342,0.00161,6.50273,15.99552,0.19438,0.07378,0.49931,1.15655,0.63433,0.67488,0.6546,0.00231,0.00155,83.22237,0.0,0.0,0.0,0.0,0.0,0
127,6.35,1,0.03884,0.04432,0.03335,0.00288,8.14831,14.72861,-0.95725,0.08056,0.49708,1.17588,0.63462,0.65357,0.64409,0.00244,0.00165,82.02159,0.0,0.0,0.0,0.0,0.0,0
128,6.4,1,0.03537,0.03786,0.03288,0.00412,8.94834,14.00438,-1.86844,0.07963,0.49401,1.19799,0.65677,0.70111,0.67894,0.00218,0.00148,81.38533,0.0,0.0,0.0,0.0,0.0,0
129,6.45,1,0.06228,0.06899,0.05556,0.00375,9.9728,10.75666,-3.26024,0.07838,0.4858,1.22584,0.64282,0.64418,0.6435,0.00154,0.0009,79.47473,0.0,0.0,0.0,0.0,0.0,0
130,6.5,1,0.05175,0.05945,0.04406,0.00446,9.89158,8.34951,-3.56669,0.07519,0.47156,1.23996,0.68273,0.67267,0.6777,0.00115,0.00059,79.38103,0.0,0.0,0.0,0.0,0.0,1
131,6.55,1,0.02464,0.02697,0.0223,0.00533,8.14518,2.47705,-2.92495,0.07773,0.42108,1.25551,0.72389,0.73431,0.7291,0.00101,0.00046,80.05867,0.0,0.0,0.0,0.0,0.0,0
132,6.6,1,0.01663,0.02486,0.0084,0.00373,8.05009,-0.27869,-2.24615,0.08387,0.4025,1.26755,0.76075,0.73732,0.74903,0.00077,0.00033,80.78628,0.0,0.0,0.0,0.0,0.0,0
133,6.65,1,0.21147,0.20592,0.21702,0.00436,6.76104,-4.78491,-0.5284,0.07918,0.38767,1.25071,0.33882,0.29718,0.318,0.0005,0.00013,76.82443,0.0,0.0,0.0,0.0,0.0,0
134,6.7,1,0.2664,0.26516,0.26763,0.00256,5.36403,-6.73849,0.72802,0.07404,0.37478,1.25421,0.19586,0.11941,0.15764,0.00068,0.00021,77.49516,0.0,0.0,0.0,0.0,0.0,0
135,6.75,1,0.2828,0.28044,0.28515,0.0023,1.71642,-8.90117,2.0865,0.03876,0.34689,1.23403,0.16638,0.08765,0.12702,0.00033,6e-05,78.02946,0.0,0.0,0.0,0.0,0.0,1
136,6.8,1,0.29235,0.29423,0.29048,0.00347,0.15549,-10.17997,3.05301,0.01872,0.34064,1.23475,0.14981,0.08848,0.11915,0.00024,5e-05,76.78271,0.0,0.0,0.0,0.0,0.0,0
137,6.85,1,0.27481,0.27758,0.27205,0.00252,-2.21684,-12.32075,4.70116,0.00095,0.31614,1.21976,0.19304,0.13033,0.16168,0.00018,3e-05,76.80453,0.0,0.0,0.0,0.0,0.0,0
138,6.9,1,0.2763,0.2822,0.27039,0.00296,-3.28398,-13.36778,5.55892,-0.01613,0.30179,1.21048,0.17945,0.13243,0.15594,0.00013,2e-05,76.4799,0.0,0.0,0.0,0.0,0.0,0
139,6.95,1,0.28344,0.28402,0.28285,0.17143,-4.65143,-13.8491,6.55878,-0.032,0.28989,1.23627,0.13473,0.12895,0.13184,0.00473,0.00013,75.20728,0.0,0.0,0.0,0.0,0.0,0
140,7.0,1,0.28078,0.28498,0.27659,0.19065,-4.65446,-13.36049,6.84895,-0.02976,0.29559,1.23809,0.13135,0.11118,0.12127,0.00544,0.00014,75.79274,0.0,0.0,0.0,0.0,0.0,1
141,7.05,1,0.28367,0.28408,0.28325,0.20871,-5.11643,-12.18712,7.45631,-0.02976,0.31445,1.25877,0.12462,0.10048,0.11255,0.00614,0.00017,75.28908,0.0,0.0,0.0,0.0,0.0,0
142,7.1,1,0.28492,0.28501,0.28482,0.22891,-5.11615,-11.24796,7.78531,-0.01851,0.32461,1.25214,0.15281,0.06787,0.11034,0.00845,0.00022,75.47848,0.0,0.0,0.0,0.0,0.0,0
143,7.15,1,0.25901,0.25324,0.26478,0.23898,-5.23624,-10.22516,9.34127,-0.00307,0.32565,1.26293,0.13177,0.2377,0.18473,0.02729,0.00041,75.32955,0.0,0.0,0.0,0.0,0.0,0
144,7.2,1,0.10482,0.1412,0.06843,0.22537,-5.37079,-9.07739,10.29026,0.00079,0.34275,1.25917,0.581,0.59302,0.58701,0.04687,0.00066,74.72476,0.0,0.0,0.0,0.0,0.0,0
145,7.25,1,0.16756,0.18494,0.15018,0.21012,-4.15367,-7.54904,11.28125,0.01826,0.35635,1.2379,0.49816,0.4973,0.49773,0.02254,0.00026,75.46044,0.0,0.0,0.0,0.0,0.0,1
146,7.3,1,0.23857,0.25734,0.2198,0.22716,-4.98184,-7.0751,11.49079,-0.00361,0.36684,1.26194,0.32272,0.20784,0.26528,0.03884,0.0004,74.47121,0.0,0.0,0.0,0.0,0.0,0
147,7.35,1,0.2783,0.29637,0.26022,0.201,-6.5667,-6.43727,11.10682,-0.02546,0.36901,1.27774,0.20653,0.10442,0.15547,0.02993,0.00036,75.21356,0.0,0.0,0.0,0.0,0.0,0
148,7.4,1,0.29087,0.30335,0.27839,0.17926,-6.58306,-6.05792,10.49547,-0.02506,0.37357,1.26298,0.13998,0.08156,0.11077,0.02707,0.00048,76.25398,0.0,0.0,0.0,0.0,0.0,0
149,7.45,1,0.28558,0.29254,0.27862,0.12921,-6.56024,-5.78893,9.38977,-0.02924,0.38363,1.25634,0.15415,0.12123,0.13769,0.0076,0.00023,75.97876,0.0,0.0,0.0,0.0,0.0,0
150,7.5,1,0.28381,0.29532,0.2723,0.04214,-6.48853,-5.5404,8.62597,-0.0289,0.38196,1.26564,0.14715,0.11517,0.13116,0.0011,0.00013,76.53758,0.14146,218.0,157.0,26.0,52.0,1
151,7.55,1,0.28579,0.29724,0.27435,0.01714,-5.71507,-4.97837,7.73438,-0.02736,0.38799,1.2657,0.12249,0.1008,0.11165,0.00088,0.00016,76.36238,0.14146,218.0,157.0,26.0,52.0,0
152,7.6,1,0.28399,0.29572,0.27226,0.0087,-4.73606,-4.68641,6.72317,-0.0179,0.38415,1.26402,0.12098,0.08404,0.10251,0.00049,0.0001,77.72557,0.14146,218.0,157.0,26.0,52.0,0
153,7.65,1,0.27637,0.27638,0.27636,0.01553,-2.85727,-4.54912,5.29499,0.00563,0.39291,1.26257,0.14217,0.1098,0.12598,0.00033,9e-05,77.7897,0.14146,218.0,157.0,26.0,52.0,0
154,7.7,1,0.27811,0.27728,0.27893,0.01518,-1.96135,-4.39544,4.57471,0.01182,0.39232,1.2578,0.15287,0.10677,0.12982,0.00032,0.0001,77.9052,0.14146,218.0,157.0,26.0,52.0,0
155,7.75,1,0.29385,0.28956,0.29815,0.00858,-1.3507,-5.12968,3.93329,0.00858,0.37591,1.25914,0.12694,0.0957,0.11132,0.00052,0.00011,78.20043,0.0,0.0,0.0,0.0,0.0,1
156,7.8,1,0.32088,0.31546,0.3263,0.00338,-1.05258,-5.92065,4.11855,0.00864,0.37029,1.24758,0.07755,0.06058,0.06907,0.00063,0.0001,77.46687,0.0,0.0,0.0,0.0,0.0,0
157,7.85,1,0.32933,0.32724,0.33142,0.00307,-2.18632,-7.41856,5.02928,-0.00531,0.36724,1.2573,0.069,0.0537,0.06135,0.00054,0.0001,76.86917,0.0,0.0,0.0,0.0,0.0,0
158,7.9,1,0.32288,0.32247,0.32329,0.0018,-2.67284,-7.9919,5.46445,-0.00077,0.35947,1.25833,0.07185,0.04992,0.06088,0.00083,0.00014,77.12977,0.0,0.0,0.0,0.0,0.0,0
159,7.95,1,0.31518,0.31444,0.31591,0.0041,-3.05412,-8.4541,6.45978,0.00289,0.35284,1.26578,0.07592,0.06377,0.06984,0.00106,0.00023,76.33427,0.0,0.0,0.0,0.0,0.0,0
160,8.0,1,0.31275,0.31189,0.3136,0.00508,-2.95482,-8.81368,7.22047,0.00924,0.34212,1.26443,0.08112,0.0622,0.07166,0.00147,0.00031,76.49021,0.0,0.0,0.0,0.0,0.0,1
161,8.05,1,0.31111,0.31225,0.30997,0.00369,-3.133,-9.92067,8.2098,0.00732,0.33013,1.25992,0.09154,0.05342,0.07248,0.00144,0.00026,76.63321,0.0,0.0,0.0,0.0,0.0,0
162,8.1,1,0.30716,0.30445,0.30988,0.00263,-3.28103,-10.91464,9.24309,0.01074,0.32203,1.25147,0.1068,0.05904,0.08292,0.00086,0.00014,76.16146,0.0,0.0,0.0,0.0,0.0,0
163,8.15,1,0.2913,0.29097,0.29163,0.00306,-3.78462,-11.44262,10.84143,0.01287,0.31079,1.25049,0.15178,0.10164,0.12671,0.00073,0.0001,75.90585,0.0,0.0,0.0,0.0,0.0,0
164,8.2,1,0.28764,0.28653,0.28875,0.0031,-4.29538,-12.42841,12.12283,0.00662,0.29832,1.24444,0.14298,0.11686,0.12992,0.00065,8e-05,76.3406,0.0,0.0,0.0,0.0,0.0,0
165,8.25,1,0.24163,0.21951,0.26374,0.00345,-4.93484,-13.07198,13.83841,0.01662,0.29865,1.24549,0.21272,0.33297,0.27284,0.00054,9e-05,72.97827,0.0,0.0,0.0,0.0,0.0,1
166,8.3,1,0.03321,0.04354,0.02288,0.0056,-5.72049,-13.26064,14.07008,-0.00208,0.28353,1.23662,0.82142,0.79813,0.80977,0.00087,0.00018,73.83335,0.0,0.0,0.0,0.0,0.0,0
167,8.35,1,0.01356,0.02268,0.00444,0.00639,-6.07216,-13.03041,14.78026,-0.00335,0.28817,1.23584,0.82724,0.77725,0.80224,0.0008,0.00013,74.24501,0.0,0.0,0.0,0.0,0.0,0
168,8.4,1,0.1746,0.22231,0.12688,0.00566,-7.54691,-11.09457,16.23464,-0.00526,0.32992,1.25388,0.55319,0.36105,0.45712,0.00058,7e-05,74.01699,0.0,0.0,0.0,0.0,0.0,0
169,8.45,1,0.24212,0.28313,0.20112,0.00577,-8.25856,-10.14422,16.54566,-0.00378,0.34535,1.26242,0.33533,0.17125,0.25329,0.0004,4e-05,74.94521,0.0,0.0,0.0,0.0,0.0,0
170,8.5,1,0.27995,0.30403,0.25586,0.00519,-8.49142,-9.40937,16.15651,-0.00949,0.35455,1.26501,0.19197,0.11693,0.15445,0.00029,3e-05,75.12911,0.0,0.0,0.0,0.0,0.0,1
171,8.55,1,0.29464,0.31155,0.27772,0.00471,-8.36407,-9.03561,15.86719,-0.01018,0.35796,1.26686,0.13809,0.10005,0.11907,0.00031,4e-05,75.45869,0.0,0.0,0.0,0.0,0.0,0
172,8.6,1,0.29678,0.30403,0.28954,0.00593,-8.10353,-8.37562,15.32291,-0.007,0.36788,1.26625,0.11198,0.11009,0.11104,0.00035,4e-05,75.37716,0.0,0.0,0.0,0.0,0.0,0
173,8.65,1,0.3009,0.3067,0.2951,0.00564,-7.7369,-7.82035,15.02376,-0.00891,0.37148,1.26606,0.09502,0.1003,0.09766,0.00044,5e-05,75.15416,0.0,0.0,0.0,0.0,0.0,0
174,8.7,1,0.30169,0.30848,0.29491,0.00549,-7.66926,-7.82866,14.75894,-0.01221,0.36981,1.26825,0.09613,0.09341,0.09477,0.00046,6e-05,75.83168,0.0,0.0,0.0,0.0,0.0,0
175,8.75,1,0.30315,0.31121,0.29509,0.00547,-7.53669,-7.76256,14.63965,-0.01079,0.36851,1.27071,0.09391,0.08757,0.09074,0.00044,6e-05,75.93149,0.0,0.0,0.0,0.0,0.0,1
176,8.8,1,0.30958,0.32082,0.29833,0.00564,-7.61856,-7.92466,14.77676,-0.01149,0.36683,1.27634,0.09268,0.06876,0.08072,0.00044,7e-05,75.9654,0.0,0.0,0.0,0.0,0.0,0
177,8.85,1,0.31521,0.3278,0.30263,0.00575,-7.63218,-7.96877,14.9632,-0.00987,0.36568,1.27546,0.08879,0.06035,0.07457,0.00044,6e-05,76.04959,0.0,0.0,0.0,0.0,0.0,0
178,8.9,1,0.31685,0.32804,0.30566,0.00407,-8.42558,-8.28287,15.3816,-0.02065,0.36699,1.27886,0.09394,0.07805,0.086,0.00035,5e-05,75.71811,0.0,0.0,0.0,0.0,0.0,0
179,8.95,1,0.3202,0.33212,0.30827,0.00399,-8.86438,-8.31346,15.75028,-0.02146,0.36417,1.28249,0.09178,0.07462,0.0832,0.00038,5e-05,75.79992,0.0,0.0,0.0,0.0,0.0,0
180,9.0,1,0.33435,0.34797,0.32073,0.00519,-10.92282,-8.93416,16.29506,-0.04907,0.37295,1.28279,0.0674,0.06124,0.06432,0.00026,3e-05,74.63987,0.0,0.0,0.0,0.0,0.0,1
181,9.05,1,0.34533,0.36061,0.33005,0.00517,-12.5479,-9.40155,16.40992,-0.07453,0.37475,1.30036,0.05305,0.05528,0.05416,0.00025,3e-05,74.87471,0.0,0.0,0.0,0.0,0.0,0
182,9.1,1,0.35684,0.37281,0.34087,0.00416,-14.77462,-9.93593,17.21016,-0.08922,0.39417,1.32839,0.04379,0.04539,0.04459,0.00026,3e-05,73.12332,0.0,0.0,0.0,0.0,0.0,0
183,9.15,1,0.35659,0.37444,0.33874,0.004,-15.59139,-10.34505,17.48132,-0.09783,0.39697,1.33365,0.0465,0.04701,0.04676,0.00024,2e-05,72.45355,0.0,0.0,0.0,0.0,0.0,0
184,9.2,1,0.36953,0.38774,0.35133,0.00364,-17.55689,-10.68267,17.95442,-0.12508,0.40499,1.34891,0.03287,0.03689,0.03488,0.00024,2e-05,72.10605,0.0,0.0,0.0,0.0,0.0,0
185,9.25,1,0.36104,0.37897,0.34311,0.00325,-17.88772,-10.52978,18.41982,-0.12427,0.41074,1.34894,0.04358,0.04549,0.04454,0.00018,2e-05,71.3246,0.0,0.0,0.0,0.0,0.0,1
186,9.3,1,0.3549,0.37436,0.33543,0.00314,-18.18252,-10.29006,18.66844,-0.12083,0.41251,1.34388,0.04729,0.04297,0.04513,0.00017,2e-05,71.67606,0.0,0.0,0.0,0.0,0.0,0
187,9.35,1,0.36455,0.3857,0.3434,0.0036,-18.17827,-10.22731,18.91709,-0.11954,0.41384,1.339,0.04196,0.03571,0.03883,0.00016,2e-05,71.41314,0.0,0.0,0.0,0.0,0.0,0
188,9.4,1,0.37187,0.39432,0.34942,0.00275,-18.20341,-10.30234,19.10579,-0.11951,0.41487,1.35189,0.03787,0.03568,0.03677,0.00018,2e-05,70.89329,0.0,0.0,0.0,0.0,0.0,0
189,9.45,1,0.37384,0.39561,0.35208,0.00302,-18.25568,-10.28751,19.0665,-0.12069,0.41724,1.34908,0.03567,0.03536,0.03552,0.0002,2e-05,70.38067,0.0,0.0,0.0,0.0,0.0,0
190,9.5,1,0.37519,0.39693,0.35344,0.00339,-18.38715,-10.22061,19.13323,-0.11944,0.41537,1.34834,0.03516,0.03592,0.03554,0.00015,1e-05,70.85264,0.0,0.0,0.0,0.0,0.0,1
191,9.55,1,0.37451,0.39693,0.35209,0.00323,-18.33896,-10.45823,19.19941,-0.11614,0.41272,1.34385,0.03421,0.03443,0.03432,0.00016,2e-05,70.88011,0.0,0.0,0.0,0.0,0.0,0
192,9.6,1,0.37194,0.39317,0.3507,0.00318,-18.22909,-10.42995,19.13011,-0.11541,0.41141,1.34243,0.03509,0.03674,0.03591,0.00016,2e-05,71.05743,0.0,0.0,0.0,0.0,0.0,0
193,9.65,1,0.36977,0.39131,0.34824,0.00272,-18.16362,-10.42685,19.06869,-0.11408,0.4102,1.33822,0.03974,0.03802,0.03888,0.00016,2e-05,71.02706,0.0,0.0,0.0,0.0,0.0,0
194,9.7,1,0.36938,0.39263,0.34614,0.00282,-18.06559,-10.3158,19.08441,-0.11353,0.41003,1.33288,0.04144,0.03827,0.03986,0.00016,2e-05,70.98922,0.0,0.0,0.0,0.0,0.0,0
195,9.75,1,0.36355,0.38283,0.34427,0.00259,-17.99521,-10.39024,19.06209,-0.11662,0.41116,1.33595,0.03841,0.04225,0.04033,0.00017,2e-05,70.90943,0.0,0.0,0.0,0.0,0.0,1
196,9.8,1,0.34755,0.37259,0.32251,0.00271,-17.80046,-10.41864,18.95541,-0.11643,0.40918,1.33736,0.06397,0.04632,0.05515,0.00019,2e-05,70.93472,0.0,0.0,0.0,0.0,0.0,0
197,9.85,1,0.33746,0.36096,0.31396,0.00234,-17.46959,-10.54199,18.88579,-0.11446,0.40817,1.33829,0.07681,0.05643,0.06662,0.00019,2e-05,71.10249,0.0,0.0,0.0,0.0,0.0,0
198,9.9,1,0.33032,0.35512,0.30551,0.00289,-17.03949,-10.32415,18.63405,-0.11107,0.40364,1.34014,0.09327,0.06401,0.07864,0.00022,3e-05,71.58544,0.0,0.0,0.0,0.0,0.0,0
199,9.95,1,0.32031,0.34391,0.2967,0.00338,-16.44774,-9.87159,18.32537,-0.10461,0.40077,1.33596,0.10999,0.07786,0.09392,0.00026,3e-05,71.84969,0.0,0.0,0.0,0.0,0.0,0
200,10.0,1,0.23777,0.26238,0.21317,0.0041,-14.47941,-8.45223,17.2964,-0.06006,0.39151,1.30575,0.3103,0.24266,0.27648,0.00042,7e-05,71.1806,0.0,0.0,0.0,0.0,0.0,1
201,10.05,1,0.09042,0.12509,0.05575,0.00603,-13.38307,-7.43631,16.0857,-0.05889,0.37591,1.29028,0.70081,0.5703,0.63555,0.00044,6e-05,73.00175,0.0,0.0,0.0,0.0,0.0,0
202,10.1,1,0.08577,0.09795,0.07359,0.00684,-9.59571,-6.12952,13.85335,-0.03074,0.38153,1.27255,0.61659,0.61357,0.61508,0.00051,0.0001,73.80358,0.0,0.0,0.0,0.0,0.0,0
203,10.15,1,0.1556,0.21293,0.09827,0.00588,-7.91671,-6.31392,12.70395,-0.02693,0.38264,1.27296,0.56813,0.35047,0.4593,0.00037,9e-05,73.18267,0.0,0.0,0.0,0.0,0.0,0
204,10.2,1,0.24051,0.26772,0.2133,0.00643,-4.76712,-7.37276,10.83932,0.00117,0.36366,1.26047,0.32508,0.17004,0.24756,0.00041,0.0001,74.13343,0.0,0.0,0.0,0.0,0.0,0
205,10.25,1,0.27093,0.281,0.26085,0.00485,-3.06988,-8.40004,9.87922,0.01434,0.34456,1.25006,0.23265,0.13368,0.18317,0.0003,7e-05,75.30595,0.0,0.0,0.0,0.0,0.0,1
206,10.3,1,0.28219,0.28514,0.27923,0.00377,-1.62701,-9.87728,8.83528,0.02149,0.33028,1.24209,0.16087,0.10523,0.13305,0.00028,8e-05,75.40411,0.0,0.0,0.0,0.0,0.0,0
207,10.35,1,0.27548,0.27662,0.27435,0.00405,-0.89691,-10.39144,8.66673,0.02672,0.32359,1.24755,0.17719,0.15543,0.16631,0.00031,8e-05,75.22566,0.0,0.0,0.0,0.0,0.0,0
208,10.4,1,0.27772,0.28741,0.26804,0.00298,-1.01279,-9.06824,8.42907,0.02307,0.3423,1.24948,0.16613,0.13679,0.15146,0.00033,8e-05,75.3471,0.0,0.0,0.0,0.0,0.0,0
209,10.45,1,0.28037,0.29691,0.26383,0.00362,-1.23864,-8.35793,8.50298,0.02065,0.34877,1.25095,0.16217,0.10956,0.13587,0.00037,9e-05,75.3527,0.0,0.0,0.0,0.0,0.0,0
210,10.5,1,0.28298,0.29865,0.26731,0.00304,-1.5758,-8.11705,8.5518,0.01481,0.34754,1.25092,0.15616,0.10172,0.12894,0.00032,7e-05,75.58224,0.0,0.0,0.0,0.0,0.0,1
211,10.55,1,0.28863,0.29849,0.27878,0.00384,-2.02828,-8.16063,8.92486,0.01228,0.35088,1.25402,0.13996,0.10613,0.12304,0.00036,8e-05,75.38247,0.0,0.0,0.0,0.0,0.0,0
212,10.6,1,0.29528,0.30207,0.28849,0.0042,-2.22121,-8.13427,9.04399,0.0092,0.35214,1.25797,0.11012,0.09871,0.10441,0.00042,0.0001,75.28756,0.0,0.0,0.0,0.0,0.0,0
213,10.65,1,0.29906,0.30298,0.29514,0.0049,-2.48686,-8.09596,9.14803,0.00617,0.35134,1.25865,0.10872,0.09435,0.10153,0.00041,9e-05,75.57081,0.0,0.0,0.0,0.0,0.0,0
214,10.7,1,0.30332,0.31208,0.29457,0.00476,-3.00394,-7.78065,9.26536,-0.00125,0.35553,1.2602,0.10515,0.08377,0.09446,0.00047,0.0001,75.35349,0.0,0.0,0.0,0.0,0.0,0
215,10.75,1,0.30272,0.31215,0.29328,0.00439,-3.12581,-7.54766,9.55959,0.00136,0.35945,1.26206,0.11377,0.08918,0.10148,0.00043,9e-05,75.12936,0.0,0.0,0.0,0.0,0.0,1
216,10.8,1,0.30826,0.31628,0.30024,0.01282,3.10455,-10.15178,9.60268,0.04484,0.35696,1.24248,0.06769,0.07849,0.07309,0.00107,0.00018,74.91499,0.0,0.0,0.0,0.0,0.0,0
217,10.85,0,0.0,0.0,0.0,0.0,0.0,0.0,0.0,0.0,0.0,0.0,0.0,0.0,0.0,0.0,0.0,0.0,0.0,0.0,0.0,0.0,0.0,0
218,10.9,0,0.0,0.0,0.0,0.0,0.0,0.0,0.0,0.0,0.0,0.0,0.0,0.0,0.0,0.0,0.0,0.0,0.0,0.0,0.0,0.0,0.0,0
219,10.95,0,0.0,0.0,0.0,0.0,0.0,0.0,0.0,0.0,0.0,0.0,0.0,0.0,0.0,0.0,0.0,0.0,0.0,0.0,0.0,0.0,0.0,0
220,11.0,0,0.0,0.0,0.0,0.0,0.0,0.0,0.0,0.0,0.0,0.0,0.0,0.0,0.0,0.0,0.0,0.0,0.0,0.0,0.0,0.0,0.0,1
221,11.05,1,0.04646,0.06599,0.02693,0.16738,-0.76086,10.50287,0.13768,-0.00378,0.48509,1.21876,0.69658,0.58906,0.64282,0.16,0.00666,82.70034,0.0,0.0,0.0,0.0,0.0,0
222,11.1,1,0.03878,0.05134,0.02622,0.15814,0.07117,11.15794,0.4099,0.01798,0.49108,1.20667,0.66699,0.62836,0.64767,0.13827,0.00793,83.37709,0.0,0.0,0.0,0.0,0.0,0
223,11.15,1,0.04021,0.04976,0.03067,0.16326,1.33786,11.99643,0.79806,0.0431,0.49394,1.19726,0.67839,0.64833,0.66336,0.16898,0.01012,82.78105,0.0,0.0,0.0,0.0,0.0,0
224,11.2,1,0.04535,0.05462,0.03608,0.15165,2.06945,12.58089,1.14772,0.05271,0.4969,1.18722,0.64275,0.62818,0.63546,0.19594,0.01734,82.02817,0.0,0.0,0.0,0.0,0.0,0
225,11.25,1,0.03826,0.03998,0.03654,0.11837,3.2709,13.75411,1.52637,0.05574,0.48948,1.17245,0.66884,0.68671,0.67777,0.11601,0.01778,82.14329,0.07436,213.0,161.0,55.0,136.0,1
226,11.3,1,0.03774,0.03685,0.03862,0.06062,4.06564,14.1555,1.47799,0.0568,0.49797,1.16655,0.66103,0.68092,0.67097,0.02091,0.00776,81.48007,0.07436,213.0,161.0,55.0,136.0,0
227,11.35,1,0.03954,0.03926,0.03983,0.01359,4.06514,14.91741,1.48815,0.05106,0.49931,1.1575,0.65591,0.69617,0.67604,0.0053,0.00313,82.44129,0.07436,213.0,161.0,55.0,136.0,0
228,11.4,1,0.04048,0.03933,0.04163,0.00702,3.98361,15.62694,1.22604,0.04719,0.50017,1.14723,0.65824,0.68264,0.67044,0.00423,0.00244,82.58902,0.07436,213.0,161.0,55.0,136.0,0
229,11.45,1,0.04273,0.04025,0.04521,0.0092,4.12328,15.68675,0.83545,0.05091,0.50383,1.14093,0.65281,0.67737,0.66509,0.00339,0.00159,83.03464,0.07436,213.0,161.0,55.0,136.0,0
230,11.5,1,0.04226,0.0418,0.04272,0.00632,4.50695,15.76399,0.81147,0.05473,0.49996,1.1367,0.64618,0.68976,0.66797,0.00309,0.00145,83.61708,0.12774,208.0,180.0,22.0,52.0,1
231,11.55,1,0.04526,0.04396,0.04656,0.00347,5.34428,16.48632,0.93741,0.07252,0.50618,1.12504,0.59931,0.66739,0.63335,0.00181,0.00083,82.8651,0.12774,208.0,180.0,22.0,52.0,0
232,11.6,1,0.03865,0.04094,0.03637,0.00617,5.51039,16.83231,0.97567,0.07159,0.49651,1.1283,0.6356,0.67535,0.65548,0.00201,0.00089,84.25768,0.12774,208.0,180.0,22.0,52.0,0
233,11.65,1,0.03879,0.04132,0.03626,0.01402,5.4324,16.5196,0.94091,0.07009,0.49193,1.13557,0.63887,0.67038,0.65463,0.00258,0.00115,84.67625,0.12774,208.0,180.0,22.0,52.0,0
234,11.7,1,0.03949,0.04227,0.03671,0.00543,5.35639,16.38009,0.73772,0.06593,0.48902,1.12968,0.65524,0.68891,0.67207,0.00188,0.00103,84.33974,0.12774,208.0,180.0,22.0,52.0,0
235,11.75,1,0.03872,0.04069,0.03675,0.00575,5.78376,16.35505,0.87681,0.07765,0.50011,1.14288,0.61464,0.67813,0.64639,0.00216,0.00151,83.95092,0.0,0.0,0.0,0.0,0.0,1
236,11.8,1,0.03716,0.0394,0.03491,0.00195,6.44466,16.0308,0.26415,0.07348,0.50006,1.1538,0.62307,0.67241,0.64774,0.00227,0.00156,83.20567,0.0,0.0,0.0,0.0,0.0,0
237,11.85,1,0.0391,0.04332,0.03489,0.0028,8.17354,14.74674,-0.97018,0.0816,0.49784,1.17512,0.62621,0.65689,0.64155,0.00231,0.00155,81.96174,0.0,0.0,0.0,0.0,0.0,0
238,11.9,1,0.03556,0.03787,0.03326,0.00418,8.96223,13.95678,-1.8805,0.08001,0.49366,1.19841,0.6538,0.70114,0.67747,0.00217,0.00148,81.3605,0.0,0.0,0.0,0.0,0.0,0
239,11.95,1,0.06183,0.06883,0.05483,0.00366,9.97327,10.75954,-3.2605,0.07846,0.4858,1.22595,0.64411,0.64524,0.64467,0.00153,0.0009,79.5051,0.0,0.0,0.0,0.0,0.0,0
240,12.0,1,0.05161,0.05921,0.04402,0.00441,9.8905,8.32802,-3.56647,0.07533,0.47147,1.24007,0.68244,0.67345,0.67794,0.00114,0.00059,79.37623,0.0,0.0,0.0,0.0,0.0,1
241,12.05,1,0.02515,0.02708,0.02322,0.00525,8.15362,2.47895,-2.92603,0.07775,0.42122,1.25529,0.72279,0.73364,0.72821,0.001,0.00046,80.04096,0.0,0.0,0.0,0.0,0.0,0
242,12.1,1,0.01662,0.02487,0.00836,0.0038,8.05453,-0.29861,-2.24801,0.08397,0.40234,1.26747,0.76108,0.73705,0.74906,0.00078,0.00034,80.77602,0.0,0.0,0.0,0.0,0.0,0
243,12.15,1,0.21103,0.20478,0.21729,0.00421,6.75507,-4.7714,-0.5238,0.07981,0.38705,1.25025,0.33851,0.29821,0.31836,0.0005,0.00012,76.94592,0.0,0.0,0.0,0.0,0.0,0
244,12.2,1,0.26688,0.26538,0.26838,0.00254,5.34976,-6.7455,0.72848,0.07402,0.37469,1.25466,0.19449,0.11795,0.15622,0.00068,0.00021,77.52321,0.0,0.0,0.0,0.0,0.0,0
245,12.25,1,0.28267,0.28024,0.28511,0.00228,1.71065,-8.89709,2.09461,0.03878,0.34702,1.23434,0.16646,0.08829,0.12738,0.00033,6e-05,77.99532,0.0,0.0,0.0,0.0,0.0,1
246,12.3,1,0.29255,0.29432,0.29079,0.00349,0.15859,-10.17846,3.05784,0.01871,0.34064,1.23482,0.14878,0.08775,0.11826,0.00024,5e-05,76.77813,0.0,0.0,0.0,0.0,0.0,0
247,12.35,1,0.2747,0.27738,0.27203,0.00255,-2.21353,-12.34203,4.71093,0.00096,0.31594,1.2202,0.1938,0.13109,0.16244,0.00018,3e-05,76.79059,0.0,0.0,0.0,0.0,0.0,0
248,12.4,1,0.27614,0.28219,0.27009,0.00289,-3.27149,-13.35854,5.56221,-0.01588,0.3021,1.21034,0.17953,0.13175,0.15564,0.00013,2e-05,76.46562,0.0,0.0,0.0,0.0,0.0,0
249,12.45,1,0.28281,0.28332,0.28229,0.17122,-4.65038,-13.86031,6.55396,-0.03201,0.28969,1.23605,0.13645,0.13153,0.13399,0.00468,0.00013,75.19726,0.0,0.0,0.0,0.0,0.0,0
250,12.5,1,0.28053,0.28469,0.27637,0.19037,-4.65705,-13.36425,6.84741,-0.02993,0.29574,1.23817,0.13206,0.11201,0.12204,0.00539,0.00014,75.78884,0.0,0.0,0.0,0.0,0.0,1
251,12.55,1,0.28559,0.29424,0.27694,0.2,-4.9933,-12.97842,7.18595,-0.0343,0.30383,1.25524,0.13571,0.09243,0.11407,0.0043,0.00011,75.81071,0.0,0.0,0.0,0.0,0.0,0
252,12.6,1,0.28395,0.28643,0.28147,0.22367,-5.21733,-11.34529,7.76745,-0.02109,0.3208,1.2441,0.1536,0.06921,0.11141,0.00915,0.00024,75.55917,0.0,0.0,0.0,0.0,0.0,0
253,12.65,1,0.28349,0.29735,0.26963,0.25928,-4.84022,-10.71516,8.46503,-0.00336,0.30113,1.24669,0.18738,0.05657,0.12198,0.01399,0.00027,77.04584,0.0,0.0,0.0,0.0,0.0,0
254,12.7,1,0.14531,0.17948,0.11114,0.23178,-5.18667,-9.16954,10.03676,0.00041,0.34077,1.25478,0.5419,0.47529,0.50859,0.03828,0.00051,74.38125,0.0,0.0,0.0,0.0,0.0,0
255,12.75,1,0.08594,0.10135,0.07053,0.22033,-4.51779,-8.32448,10.83187,0.00649,0.34364,1.25411,0.64154,0.63269,0.63712,0.03739,0.00046,75.85088,0.0703,70.0,202.0,73.0,16.0,1
256,12.8,1,0.22086,0.24926,0.19245,0.21354,-4.80467,-7.43472,11.43696,-0.00416,0.36195,1.26573,0.4221,0.23897,0.33053,0.03769,0.00039,74.5897,0.0703,70.0,202.0,73.0,16.0,0
257,12.85,1,0.25927,0.28673,0.23181,0.2154,-5.50881,-6.92863,11.68188,-0.00839,0.36829,1.26914,0.321,0.10476,0.21288,0.02914,0.00029,75.56534,0.0703,70.0,202.0,73.0,16.0,0
258,12.9,1,0.28184,0.29767,0.26601,0.18237,-6.40175,-5.98705,10.65422,-0.02373,0.37656,1.26518,0.17499,0.08952,0.13226,0.02774,0.00047,76.05331,0.0703,70.0,202.0,73.0,16.0,0
259,12.95,1,0.292,0.30325,0.28076,0.1594,-6.64216,-5.96994,10.0582,-0.03032,0.38231,1.26459,0.1433,0.09205,0.11768,0.01442,0.00035,75.81968,0.0703,70.0,202.0,73.0,16.0,0
260,13.0,1,0.29196,0.30753,0.27639,0.05051,-6.40403,-5.62736,8.87707,-0.02732,0.38486,1.27057,0.13963,0.10375,0.12169,0.00133,0.00016,75.99109,0.14146,218.0,157.0,26.0,52.0,1
261,13.05,1,0.28622,0.29701,0.27544,0.01503,-6.09735,-5.16224,8.09736,-0.02546,0.38899,1.27669,0.12992,0.1003,0.11511,0.00058,0.0001,76.42994,0.14146,218.0,157.0,26.0,52.0,0
262,13.1,1,0.28725,0.29943,0.27506,0.00841,-4.74372,-4.67424,6.80683,-0.01299,0.38388,1.26608,0.12108,0.07643,0.09875,0.00044,8e-05,77.85059,0.14146,218.0,157.0,26.0,52.0,0
263,13.15,1,0.28273,0.28856,0.2769,0.01222,-3.5205,-4.95561,5.9943,0.00236,0.38565,1.2669,0.12989,0.08292,0.10641,0.00035,8e-05,78.08063,0.14146,218.0,157.0,26.0,52.0,0
264,13.2,1,0.27927,0.27577,0.28277,0.01506,-2.13233,-4.44049,4.59261,0.01161,0.38626,1.25513,0.14389,0.10859,0.12624,0.0004,0.00012,77.99221,0.14146,218.0,157.0,26.0,52.0,0
265,13.25,1,0.28128,0.27791,0.28465,0.01063,-1.38488,-4.84054,4.07087,0.01493,0.38242,1.25755,0.16411,0.12407,0.14409,0.00053,0.00013,77.98525,0.0,0.0,0.0,0.0,0.0,1
266,13.3,1,0.31078,0.30738,0.31419,0.00479,-1.23092,-5.87644,4.08124,0.00574,0.36817,1.24912,0.10043,0.07713,0.08878,0.0006,0.00011,77.55646,0.0,0.0,0.0,0.0,0.0,0
267,13.35,1,0.31528,0.31225,0.31832,0.00367,-1.66993,-6.45629,4.57843,-0.00141,0.36631,1.25446,0.08648,0.06489,0.07568,0.0008,0.00015,76.96469,0.0,0.0,0.0,0.0,0.0,0
268,13.4,1,0.32631,0.32451,0.32811,0.00274,-2.62432,-8.18754,5.29302,-0.00444,0.3572,1.25711,0.06623,0.04741,0.05682,0.00095,0.00018,76.88032,0.0,0.0,0.0,0.0,0.0,0
269,13.45,1,0.31656,0.31627,0.31686,0.00292,-3.023,-8.26811,6.01061,0.00028,0.36055,1.26499,0.07815,0.05666,0.0674,0.00079,0.00015,76.5112,0.0,0.0,0.0,0.0,0.0,0
270,13.5,1,0.31185,0.31075,0.31296,0.00481,-3.02117,-8.75412,7.18592,0.00977,0.34306,1.26439,0.07858,0.05983,0.0692,0.00149,0.00031,76.46963,0.0,0.0,0.0,0.0,0.0,1
271,13.55,1,0.31148,0.31078,0.31218,0.00528,-2.88217,-9.9157,7.92304,0.0134,0.33257,1.25712,0.07885,0.0576,0.06822,0.00168,0.00033,76.26391,0.0,0.0,0.0,0.0,0.0,0
272,13.6,1,0.30879,0.30638,0.31121,0.00296,-3.18336,-10.81653,9.18821,0.01493,0.32307,1.25164,0.09875,0.05772,0.07824,0.00095,0.00016,75.95272,0.0,0.0,0.0,0.0,0.0,0
273,13.65,1,0.30797,0.30916,0.30677,0.00265,-3.3508,-11.66083,10.17402,0.01606,0.3141,1.24599,0.11615,0.06663,0.09139,0.00079,0.00011,76.18668,0.0,0.0,0.0,0.0,0.0,0
274,13.7,1,0.2945,0.2927,0.29631,0.00287,-4.32499,-12.65562,12.09742,0.00496,0.29894,1.24576,0.14268,0.11194,0.12731,0.0007,9e-05,75.85315,0.0,0.0,0.0,0.0,0.0,0
275,13.75,1,0.28583,0.28459,0.28708,0.00333,-4.50712,-12.84035,13.075,0.01001,0.2944,1.23302,0.15968,0.11934,0.13951,0.00048,7e-05,76.20155,0.0,0.0,0.0,0.0,0.0,1
276,13.8,1,0.03016,0.04724,0.01307,0.00614,-5.63655,-13.45196,13.91374,-0.00593,0.28221,1.23493,0.83812,0.796,0.81706,0.00099,0.00022,74.34131,0.0,0.0,0.0,0.0,0.0,0
277,13.85,1,0.01429,0.02063,0.00795,0.00672,-6.09298,-13.0913,14.76244,-0.00463,0.28651,1.23729,0.83678,0.78308,0.80993,0.00088,0.00015,74.31734,0.0,0.0,0.0,0.0,0.0,0
278,13.9,1,0.16871,0.22396,0.11346,0.00563,-7.59454,-11.07005,16.24232,-0.00544,0.33021,1.25397,0.594,0.35527,0.47464,0.0006,8e-05,73.97444,0.0,0.0,0.0,0.0,0.0,0
279,13.95,1,0.23684,0.28436,0.18931,0.00581,-8.27392,-10.09867,16.5323,-0.0038,0.3453,1.26211,0.3707,0.16533,0.26801,0.00041,5e-05,74.97953,0.0,0.0,0.0,0.0,0.0,0
280,14.0,1,0.27748,0.3063,0.24867,0.00517,-8.4841,-9.40632,16.13471,-0.00908,0.35426,1.26478,0.20912,0.10918,0.15915,0.00029,4e-05,75.15661,0.0,0.0,0.0,0.0,0.0,1
281,14.05,1,0.29413,0.31467,0.27359,0.00469,-8.36946,-9.0329,15.85068,-0.01009,0.35793,1.26674,0.14579,0.09163,0.11871,0.00032,4e-05,75.51405,0.0,0.0,0.0,0.0,0.0,0
282,14.1,1,0.29422,0.3017,0.28674,0.00587,-8.10762,-8.36604,15.28699,-0.00726,0.36768,1.26537,0.11861,0.11434,0.11648,0.00034,4e-05,75.51715,0.0,0.0,0.0,0.0,0.0,0
283,14.15,1,0.29874,0.30264,0.29484,0.00561,-7.72182,-7.81287,14.96011,-0.00831,0.37085,1.26515,0.09788,0.11156,0.10472,0.00045,5e-05,75.35802,0.0,0.0,0.0,0.0,0.0,0
284,14.2,1,0.30031,0.30555,0.29507,0.00545,-7.642,-7.8196,14.73331,-0.01021,0.37043,1.26859,0.09885,0.10662,0.10273,0.00047,6e-05,75.83544,0.0,0.0,0.0,0.0,0.0,0
285,14.25,1,0.303,0.30917,0.29684,0.00547,-7.51017,-7.75348,14.61561,-0.00845,0.3694,1.27063,0.0952,0.09734,0.09627,0.00044,6e-05,75.86367,0.0,0.0,0.0,0.0,0.0,1
286,14.3,1,0.30922,0.31946,0.29899,0.00559,-7.61318,-7.9289,14.76646,-0.01048,0.36732,1.27657,0.09394,0.07356,0.08375,0.00045,7e-05,75.92688,0.0,0.0,0.0,0.0,0.0,0
287,14.35,1,0.31483,0.3266,0.30306,0.00573,-7.63323,-7.97454,14.95807,-0.0093,0.36589,1.27551,0.09001,0.06337,0.07669,0.00044,6e-05,76.01552,0.0,0.0,0.0,0.0,0.0,0
288,14.4,1,0.31645,0.32747,0.30542,0.00403,-8.41687,-8.28309,15.37613,-0.02048,0.36694,1.27915,0.0952,0.07973,0.08747,0.00035,5e-05,75.70848,0.0,0.0,0.0,0.0,0.0,0
289,14.45,1,0.31989,0.33183,0.30795,0.00404,-8.86123,-8.30815,15.74382,-0.02132,0.36398,1.28272,0.09249,0.07524,0.08386,0.00038,5e-05,75.81939,0.0,0.0,0.0,0.0,0.0,0
290,14.5,1,0.33396,0.34757,0.32034,0.00525,-10.93395,-8.95129,16.29278,-0.04952,0.37276,1.28304,0.06787,0.06182,0.06484,0.00027,3e-05,74.61685,0.0,0.0,0.0,0.0,0.0,1
291,14.55,1,0.34502,0.3605,0.32954,0.00514,-12.56454,-9.44021,16.41453,-0.07493,0.37476,1.30123,0.05383,0.05571,0.05477,0.00026,3e-05,74.86294,0.0,0.0,0.0,0.0,0.0,0
292,14.6,1,0.35156,0.36739,0.33573,0.00468,-13.82683,-9.791,16.87547,-0.08369,0.38412,1.32084,0.04698,0.04256,0.04477,0.00023,2e-05,74.1663,0.0,0.0,0.0,0.0,0.0,0
293,14.65,1,0.36391,0.38247,0.34535,0.00329,-15.80112,-10.65501,17.53936,-0.10188,0.39352,1.32868,0.03855,0.03841,0.03848,0.00025,3e-05,72.52169,0.0,0.0,0.0,0.0,0.0,0
294,14.7,1,0.36332,0.38098,0.34566,0.00387,-16.56791,-10.49595,17.87981,-0.11074,0.39942,1.32923,0.03956,0.03746,0.03851,0.00019,2e-05,72.54148,0.0,0.0,0.0,0.0,0.0,0
295,14.75,1,0.36828,0.38705,0.34951,0.00269,-18.16567,-10.61447,18.49403,-0.12722,0.41343,1.34569,0.03565,0.03999,0.03782,0.00018,2e-05,71.21057,0.0,0.0,0.0,0.0,0.0,1
296,14.8,1,0.36229,0.38193,0.34266,0.00279,-18.04343,-10.42437,18.73231,-0.12063,0.41187,1.34275,0.0447,0.04626,0.04548,0.00017,2e-05,71.19014,0.0,0.0,0.0,0.0,0.0,0
297,14.85,1,0.36168,0.38224,0.34112,0.00315,-18.08535,-10.21029,18.93191,-0.11825,0.41321,1.33984,0.04946,0.0423,0.04588,0.00015,1e-05,71.26027,0.0,0.0,0.0,0.0,0.0,0
298,14.9,1,0.36502,0.38791,0.34214,0.00351,-18.09145,-10.19817,18.90873,-0.12094,0.41153,1.34338,0.04364,0.03934,0.04149,0.00018,2e-05,71.53559,0.0,0.0,0.0,0.0,0.0,0
299,14.95,1,0.3711,0.39345,0.34875,0.00292,-18.19849,-10.22288,18.9945,-0.1199,0.41694,1.34779,0.03986,0.03704,0.03845,0.0002,2e-05,70.51348,0.0,0.0,0.0,0.0,0.0,0
300,15.0,1,0.29012,0.28049,0.29975,0.27302,2.89646,-7.4963,-1.31797,0.0212,0.403,1.41404,0.08287,0.22545,0.15416,0.13598,0.00911,73.59232,0.66232,330.0,237.0,27.0,73.0,1
301,15.05,1,0.29662,0.2799,0.31333,0.23163,3.94401,-6.20147,-4.55669,-0.00951,0.39998,1.30335,0.08072,0.11203,0.09638,0.07328,0.00454,77.7566,0.66232,330.0,237.0,27.0,73.0,0
302,15.1,1,0.28422,0.27372,0.29471,0.21947,4.32237,-6.00683,-4.56045,0.00077,0.39455,1.2931,0.10383,0.10288,0.10335,0.06924,0.0044,77.59025,0.66232,330.0,237.0,27.0,73.0,0
303,15.15,1,0.27526,0.26905,0.28147,0.22323,4.06331,-6.69213,-4.54189,-0.00445,0.39006,1.29497,0.12458,0.11461,0.1196,0.08237,0.00608,77.83328,0.66232,330.0,237.0,27.0,73.0,0
304,15.2,1,0.27118,0.26592,0.27644,0.23204,4.54477,-7.74385,-4.48372,0.00715,0.39704,1.28781,0.12554,0.10399,0.11477,0.07488,0.00489,77.45822,0.66232,330.0,237.0,27.0,73.0,0
305,15.25,1,0.26967,0.26455,0.27479,0.23822,4.55397,-8.66257,-4.6137,0.00873,0.39245,1.28038,0.12917,0.10722,0.1182,0.05818,0.00404,77.56382,0.49978,330.0,234.0,27.0,74.0,1
306,15.3,1,0.2702,0.263,0.27741,0.24955,4.60084,-9.26895,-4.54473,0.01061,0.37549,1.26964,0.12264,0.10865,0.11565,0.06585,0.00446,77.25299,0.49978,330.0,234.0,27.0,74.0,0
307,15.35,1,0.27244,0.26401,0.28088,0.2469,4.57301,-9.48603,-4.46821,0.00643,0.37365,1.26799,0.11655,0.10588,0.11122,0.05636,0.00381,77.03735,0.49978,330.0,234.0,27.0,74.0,0
308,15.4,1,0.27275,0.26694,0.27857,0.25046,4.4494,-9.50025,-4.54774,0.00373,0.37088,1.27106,0.12469,0.09586,0.11027,0.06837,0.00357,76.89184,0.49978,330.0,234.0,27.0,74.0,0
309,15.45,1,0.27397,0.26621,0.28173,0.25612,4.35626,-9.60896,-4.43959,0.00526,0.36309,1.27334,0.11428,0.08404,0.09916,0.07081,0.00354,77.49367,0.49978,330.0,234.0,27.0,74.0,0
310,15.5,1,0.27531,0.26617,0.28445,0.25329,4.55608,-9.7336,-4.21875,0.01521,0.35719,1.27804,0.11668,0.08715,0.10192,0.06343,0.00331,77.99051,0.62345,329.0,234.0,24.0,72.0,1
311,15.55,1,0.27489,0.26931,0.28047,0.25276,4.54505,-9.69337,-3.98587,0.01984,0.35731,1.28016,0.12902,0.08892,0.10897,0.0612,0.00344,77.95936,0.62345,329.0,234.0,24.0,72.0,0
312,15.6,1,0.27115,0.26231,0.27999,0.2506,4.84857,-9.54402,-3.9228,0.02324,0.36655,1.28184,0.13457,0.10666,0.12062,0.06066,0.00379,77.6655,0.62345,329.0,234.0,24.0,72.0,0
313,15.65,1,0.26709,0.25761,0.27657,0.24649,5.0786,-9.20998,-3.87628,0.02395,0.37088,1.28533,0.14073,0.12356,0.13215,0.06113,0.00402,77.82045,0.62345,329.0,234.0,24.0,72.0,0
314,15.7,1,0.26363,0.25545,0.27182,0.23768,5.0364,-8.66407,-3.73585,0.01868,0.37869,1.27995,0.14116,0.12452,0.13284,0.04798,0.00337,77.89027,0.62345,329.0,234.0,24.0,72.0,0
315,15.75,1,0.25959,0.25255,0.26663,0.23114,5.06935,-8.24823,-3.72311,0.01676,0.38416,1.27729,0.1477,0.13031,0.13901,0.04604,0.00329,77.82175,0.66252,332.0,235.0,21.0,71.0,1
316,15.8,1,0.26107,0.25494,0.26721,0.22198,5.07281,-7.50944,-3.68265,0.01587,0.38614,1.27578,0.13869,0.12262,0.13065,0.0435,0.00319,77.78303,0.66252,332.0,235.0,21.0,71.0,0
317,15.85,1,0.25689,0.25223,0.26154,0.22066,5.02312,-7.12011,-3.64971,0.01551,0.38932,1.27773,0.15217,0.13194,0.14206,0.04101,0.00296,77.78145,0.66252,332.0,235.0,21.0,71.0,0
318,15.9,1,0.25709,0.25245,0.26172,0.22706,4.99447,-7.18921,-3.67172,0.01488,0.38726,1.27316,0.15145,0.12864,0.14005,0.04237,0.00283,77.79888,0.66252,332.0,235.0,21.0,71.0,0
319,15.95,1,0.25542,0.24971,0.26113,0.22663,4.90681,-7.116,-3.62736,0.01588,0.38595,1.27397,0.1562,0.13979,0.148,0.04119,0.00271,77.71078,0.66252,332.0,235.0,21.0,71.0,0
320,16.0,1,0.25589,0.25128,0.26049,0.22606,4.82409,-7.13365,-3.55009,0.0127,0.38397,1.2718,0.15532,0.13695,0.14613,0.04088,0.00262,77.86744,0.69717,330.0,234.0,22.0,73.0,1
321,16.05,1,0.25744,0.25378,0.26111,0.22534,4.74631,-7.27469,-3.55818,0.01098,0.38552,1.26925,0.15304,0.13634,0.14469,0.04018,0.00263,77.58578,0.69717,330.0,234.0,22.0,73.0,0
322,16.1,1,0.25939,0.25386,0.26492,0.23297,4.57505,-7.95493,-3.48725,0.0099,0.37968,1.26926,0.15299,0.13681,0.1449,0.04631,0.0029,77.48838,0.69717,330.0,234.0,22.0,73.0,0
323,16.15,1,0.26391,0.25601,0.2718,0.24211,4.58219,-8.52039,-3.40546,0.01151,0.37057,1.26967,0.14399,0.12972,0.13686,0.05387,0.00329,77.56739,0.69717,330.0,234.0,22.0,73.0,0
324,16.2,1,0.25339,0.24915,0.25763,0.25351,4.49344,-8.99756,-3.1031,0.01463,0.36199,1.27472,0.1678,0.15458,0.16119,0.07214,0.0041,77.30933,0.69717,330.0,234.0,22.0,73.0,0
325,16.25,1,0.24985,0.24396,0.25574,0.25675,4.47098,-8.97577,-3.03442,0.01515,0.3628,1.2755,0.1765,0.15891,0.1677,0.08406,0.00456,77.33259,0.76076,329.0,234.0,24.0,71.0,1
326,16.3,1,0.25042,0.24273,0.25811,0.26327,4.37952,-9.13346,-2.98347,0.0155,0.361,1.27824,0.17361,0.16064,0.16713,0.0883,0.00464,77.38575,0.76076,329.0,234.0,24.0,71.0,0
327,16.35,1,0.25547,0.24695,0.26398,0.26551,4.2413,-9.35431,-2.92088,0.01536,0.35868,1.27954,0.16196,0.14715,0.15456,0.09172,0.00479,77.26936,0.76076,329.0,234.0,24.0,71.0,0
328,16.4,1,0.25381,0.24586,0.26175,0.27013,4.11068,-9.83597,-2.87974,0.01524,0.35326,1.27972,0.1653,0.15052,0.15791,0.10085,0.00516,77.24815,0.76076,329.0,234.0,24.0,71.0,0
329,16.45,1,0.2549,0.24792,0.26188,0.27098,4.0262,-9.94153,-2.84343,0.01438,0.35545,1.27944,0.1617,0.14524,0.15347,0.09971,0.00514,77.20908,0.76076,329.0,234.0,24.0,71.0,0
330,16.5,1,0.25954,0.25288,0.26619,0.27201,4.01504,-9.90769,-2.8408,0.01376,0.35693,1.2792,0.15504,0.1312,0.14312,0.09904,0.00501,77.26495,0.69371,329.0,234.0,25.0,71.0,1
331,16.55,1,0.26158,0.25595,0.2672,0.2732,3.92721,-9.93214,-2.82841,0.01343,0.35631,1.28029,0.15422,0.12297,0.13859,0.10007,0.00504,77.26702,0.69371,329.0,234.0,25.0,71.0,0
332,16.6,1,0.26157,0.25683,0.26631,0.27023,3.90851,-9.9012,-2.86221,0.01285,0.35605,1.2774,0.15785,0.11875,0.1383,0.09052,0.00468,77.29359,0.69371,329.0,234.0,25.0,71.0,0
333,16.65,1,0.26195,0.25683,0.26707,0.26788,3.87899,-9.92173,-2.93344,0.01185,0.35716,1.27525,0.15427,0.11854,0.1364,0.08653,0.00452,77.26356,0.69371,329.0,234.0,25.0,71.0,0
334,16.7,1,0.26322,0.25643,0.27,0.26467,4.14736,-9.7297,-3.06431,0.01644,0.36003,1.27474,0.14759,0.11836,0.13297,0.08995,0.00493,77.28771,0.69371,329.0,234.0,25.0,71.0,0
335,16.75,1,0.26266,0.2564,0.26892,0.26008,4.21913,-9.59562,-3.17962,0.01584,0.36154,1.27452,0.15077,0.12157,0.13617,0.08999,0.00509,77.5504,0.73658,330.0,233.0,20.0,72.0,1
336,16.8,1,0.25792,0.25402,0.26182,0.24652,4.40074,-9.00889,-3.24623,0.01513,0.37496,1.27593,0.15866,0.12416,0.14141,0.08346,0.00534,77.50611,0.73658,330.0,233.0,20.0,72.0,0
337,16.85,1,0.25786,0.25272,0.263,0.24113,4.50054,-8.41471,-3.33416,0.01463,0.38352,1.27924,0.14916,0.12658,0.13787,0.07478,0.005,77.56359,0.73658,330.0,233.0,20.0,72.0,0
338,16.9,1,0.25236,0.24942,0.25531,0.24172,4.54806,-8.20158,-3.42619,0.01439,0.38611,1.28185,0.16053,0.13262,0.14658,0.08161,0.00528,77.56062,0.73658,330.0,233.0,20.0,72.0,0
339,16.95,1,0.25159,0.24796,0.25523,0.24139,4.76933,-7.71625,-3.49077,0.016,0.38843,1.28234,0.16445,0.14074,0.15259,0.08742,0.0054,77.81592,0.73658,330.0,233.0,20.0,72.0,0
340,17.0,1,0.25151,0.24855,0.25446,0.24733,4.88618,-7.68848,-3.52425,0.01795,0.38843,1.28054,0.16174,0.13566,0.1487,0.08074,0.00489,77.97492,0.64198,331.0,233.0,22.0,73.0,1
341,17.05,1,0.25075,0.24659,0.2549,0.24341,4.99797,-7.46803,-3.60826,0.01812,0.38913,1.283,0.16389,0.14505,0.15447,0.08079,0.00511,78.05336,0.64198,331.0,233.0,22.0,73.0,0
342,17.1,1,0.25061,0.2477,0.25352,0.24301,5.20928,-7.41081,-3.6387,0.02303,0.38875,1.28494,0.16677,0.14017,0.15347,0.08625,0.00563,78.09723,0.64198,331.0,233.0,22.0,73.0,0
343,17.15,1,0.25879,0.25211,0.26546,0.23534,5.42342,-7.18758,-3.80877,0.02401,0.39074,1.28795,0.15403,0.13037,0.1422,0.0735,0.00492,78.20475,0.64198,331.0,233.0,22.0,73.0,0
344,17.2,1,0.26172,0.25402,0.26942,0.23816,5.57977,-7.08396,-4.04653,0.02325,0.394,1.29425,0.14378,0.12863,0.13621,0.0816,0.00574,78.15261,0.64198,331.0,233.0,22.0,73.0,0
345,17.25,1,0.26388,0.25519,0.27258,0.24092,5.45359,-7.02852,-4.17329,0.01926,0.39032,1.28794,0.1426,0.1315,0.13705,0.08985,0.00608,78.50584,0.69509,329.0,233.0,27.0,74.0,1
346,17.3,1,0.25972,0.25498,0.26447,0.2441,5.38086,-7.07135,-4.26365,0.01769,0.39068,1.2873,0.14695,0.12807,0.13751,0.09511,0.00642,78.43622,0.69509,329.0,233.0,27.0,74.0,0
347,17.35,1,0.25417,0.25238,0.25597,0.24564,5.38632,-6.97778,-4.3859,0.01571,0.39873,1.29151,0.15192,0.13421,0.14306,0.10757,0.00709,78.14646,0.69509,329.0,233.0,27.0,74.0,0
348,17.4,1,0.2509,0.24998,0.25182,0.24976,5.27362,-6.74319,-4.50608,0.0081,0.4006,1.28896,0.15086,0.13381,0.14234,0.11528,0.00746,78.26895,0.69509,329.0,233.0,27.0,74.0,0
349,17.45,1,0.25388,0.25183,0.25592,0.25196,5.14067,-6.59736,-4.66913,0.0048,0.39846,1.29318,0.14315,0.12427,0.13371,0.116,0.00723,78.54774,0.69509,329.0,233.0,27.0,74.0,0
350,17.5,1,0.25366,0.2526,0.25472,0.25174,5.0959,-6.62193,-4.73849,0.00354,0.39604,1.29645,0.14451,0.12181,0.13316,0.1128,0.00703,78.76434,0.66254,329.0,234.0,27.0,73.0,1
351,17.55,1,0.25508,0.25424,0.25593,0.25104,5.17775,-6.47921,-4.83206,0.00381,0.39824,1.3,0.14219,0.12292,0.13255,0.11111,0.00717,78.56709,0.66254,329.0,234.0,27.0,73.0,0
352,17.6,1,0.25256,0.25112,0.25401,0.25051,5.23854,-6.47947,-4.79951,0.00721,0.39788,1.30326,0.14623,0.12878,0.13751,0.111,0.00756,78.53551,0.66254,329.0,234.0,27.0,73.0,0
353,17.65,1,0.24962,0.24762,0.25162,0.24541,5.22149,-6.46771,-4.81299,0.00655,0.39887,1.2975,0.14147,0.12919,0.13533,0.1095,0.0078,78.47564,0.66254,329.0,234.0,27.0,73.0,0
354,17.7,1,0.24564,0.24426,0.24701,0.24263,5.13485,-6.12741,-4.70139,0.00675,0.40019,1.29087,0.14876,0.13556,0.14216,0.09868,0.00704,78.3973,0.66254,329.0,234.0,27.0,73.0,0
355,17.75,1,0.25271,0.2489,0.25653,0.23204,5.09298,-6.00418,-4.65398,0.00645,0.40483,1.28738,0.13845,0.13021,0.13433,0.0816,0.00622,78.30452,0.5881,329.0,234.0,27.0,74.0,1
356,17.8,1,0.25536,0.25181,0.25891,0.22247,4.9114,-5.66251,-4.59824,0.00249,0.40998,1.28531,0.14146,0.13132,0.13639,0.06815,0.00538,78.09355,0.5881,329.0,234.0,27.0,74.0,0
357,17.85,1,0.25632,0.25205,0.2606,0.21866,4.84992,-5.67625,-4.57102,-0.00064,0.41056,1.28399,0.1401,0.13101,0.13555,0.05911,0.00485,78.05943,0.5881,329.0,234.0,27.0,74.0,0
358,17.9,1,0.25519,0.2514,0.25898,0.21798,4.82169,-5.68795,-4.58694,-0.00117,0.40928,1.2844,0.14406,0.13198,0.13802,0.05772,0.00472,78.06032,0.5881,329.0,234.0,27.0,74.0,0
359,17.95,1,0.24963,0.24643,0.25282,0.22546,5.04862,-6.10404,-4.49012,0.00689,0.40123,1.28185,0.15627,0.14368,0.14997,0.06236,0.0046,78.14187,0.5881,329.0,234.0,27.0,74.0,0
360,18.0,1,0.24524,0.24148,0.249,0.23102,5.36983,-6.71368,-4.41276,0.01637,0.39731,1.28199,0.16709,0.15674,0.16192,0.06753,0.00493,77.91015,0.65781,330.0,236.0,27.0,72.0,1
361,18.05,1,0.24764,0.24202,0.25326,0.24206,5.34817,-7.85546,-4.2435,0.02042,0.38697,1.28645,0.16825,0.16061,0.16443,0.0672,0.00473,77.9333,0.65781,330.0,236.0,27.0,72.0,0
362,18.1,1,0.24769,0.2453,0.25009,0.24758,5.43673,-8.12725,-4.1486,0.02486,0.38122,1.28602,0.17685,0.15927,0.16806,0.07291,0.00489,78.14226,0.65781,330.0,236.0,27.0,72.0,0
363,18.15,1,0.25329,0.25143,0.25514,0.25025,5.41193,-8.58621,-4.12786,0.02618,0.37713,1.29284,0.17177,0.15004,0.1609,0.07949,0.00577,78.00379,0.65781,330.0,236.0,27.0,72.0,0
364,18.2,1,0.25248,0.25285,0.25212,0.25695,5.49077,-9.29994,-4.13684,0.02973,0.37011,1.28209,0.17367,0.13683,0.15525,0.08841,0.00614,78.13025,0.65781,330.0,236.0,27.0,72.0,0
365,18.25,1,0.24833,0.24549,0.25116,0.24799,6.69287,-11.50696,-4.35424,0.04513,0.35862,1.31586,0.22376,0.18039,0.20207,0.08102,0.00772,77.79318,0.53711,337.0,238.0,27.0,70.0,1
366,18.3,1,0.22404,0.22275,0.22534,0.2513,7.1081,-12.34357,-4.61689,0.05105,0.35073,1.30807,0.26158,0.22337,0.24248,0.08805,0.00736,76.12548,0.53711,337.0,238.0,27.0,70.0,0
367,18.35,1,0.17167,0.17158,0.17177,0.25222,9.05777,-13.74861,-5.28728,0.07823,0.35269,1.31346,0.36592,0.33676,0.35134,0.07567,0.00655,72.93134,0.53711,337.0,238.0,27.0,70.0,0
368,18.4,1,0.19637,0.19935,0.1934,0.25448,11.02268,-14.71682,-6.06171,0.09892,0.3473,1.32737,0.3382,0.28992,0.31406,0.05114,0.00464,74.55747,0.53711,337.0,238.0,27.0,70.0,0
369,18.45,1,0.26567,0.27461,0.25673,0.26267,14.0974,-15.33334,-7.44077,0.1361,0.35234,1.32118,0.19696,0.07101,0.13398,0.03403,0.0023,73.95415,0.53711,337.0,238.0,27.0,70.0,0
370,18.5,1,0.29369,0.29537,0.29201,0.26588,15.45589,-16.2182,-7.79037,0.14833,0.34881,1.32521,0.13049,0.0386,0.08454,0.03201,0.00196,73.73215,0.44085,335.0,219.0,38.0,86.0,1
371,18.55,1,0.31844,0.32193,0.31494,0.26943,16.82721,-15.91587,-8.62377,0.16645,0.36387,1.34252,0.09797,0.02239,0.06018,0.04106,0.00235,72.87189,0.44085,335.0,219.0,38.0,86.0,0
372,18.6,1,0.33839,0.33364,0.34314,0.27004,17.56578,-15.85547,-9.275,0.1706,0.36775,1.34524,0.06342,0.01945,0.04144,0.04276,0.00257,72.70626,0.44085,335.0,219.0,38.0,86.0,0
373,18.65,1,0.35098,0.33161,0.37034,0.26541,17.28285,-15.65917,-9.65277,0.15618,0.36956,1.34542,0.03479,0.02444,0.02961,0.04579,0.00312,72.82391,0.44085,335.0,219.0,38.0,86.0,0
374,18.7,1,0.35319,0.32573,0.38064,0.26624,17.12958,-15.22409,-9.65391,0.15321,0.37392,1.3453,0.02943,0.02414,0.02678,0.05043,0.0034,73.18009,0.44085,335.0,219.0,38.0,86.0,0
375,18.75,1,0.35742,0.33328,0.38155,0.27238,16.97931,-14.43644,-9.36217,0.1507,0.38773,1.34184,0.02624,0.01626,0.02125,0.05194,0.0032,74.09769,0.6137,349.0,227.0,29.0,81.0,1
376,18.8,1,0.36274,0.34218,0.3833,0.27292,17.03266,-14.15986,-8.72321,0.15556,0.38815,1.34689,0.02468,0.01262,0.01865,0.05557,0.00338,74.463,0.6137,349.0,227.0,29.0,81.0,0
377,18.85,1,0.34833,0.33078,0.36588,0.27793,17.15626,-13.26061,-8.2227,0.16156,0.39705,1.3593,0.04197,0.01688,0.02943,0.06754,0.00409,74.2136,0.6137,349.0,227.0,29.0,81.0,0
378,18.9,1,0.33414,0.31857,0.34972,0.27212,16.77449,-12.30215,-7.52111,0.15986,0.39884,1.35797,0.05646,0.02159,0.03902,0.08041,0.00528,74.71603,0.6137,349.0,227.0,29.0,81.0,0
379,18.95,1,0.32172,0.31067,0.33276,0.28088,17.73483,-9.84671,-6.75083,0.17276,0.41526,1.36839,0.07947,0.01743,0.04845,0.09227,0.00522,74.4974,0.6137,349.0,227.0,29.0,81.0,0
380,19.0,1,0.34526,0.33558,0.35495,0.26673,18.04428,-8.01403,-5.94112,0.1752,0.43369,1.36812,0.05546,0.012,0.03373,0.09774,0.00612,74.53073,0.6379,353.0,223.0,31.0,87.0,1
381,19.05,1,0.33223,0.32495,0.33952,0.27164,18.33899,-6.66264,-5.63306,0.17901,0.44472,1.37256,0.08862,0.01679,0.05271,0.09191,0.00507,74.16083,0.6379,353.0,223.0,31.0,87.0,0
382,19.1,1,0.34335,0.33,0.35671,0.28005,19.34355,-5.89698,-5.65129,0.19305,0.45478,1.37559,0.06721,0.01263,0.03992,0.11312,0.00499,74.23533,0.6379,353.0,223.0,31.0,87.0,0
383,19.15,1,0.34426,0.33178,0.35674,0.26659,19.26667,-5.21656,-5.82873,0.18496,0.46381,1.38244,0.08087,0.01071,0.04579,0.09252,0.00453,74.66277,0.6379,353.0,223.0,31.0,87.0,0
384,19.2,1,0.34366,0.32783,0.35949,0.26733,20.00786,-4.82072,-5.69887,0.19544,0.47243,1.38832,0.07647,0.01256,0.04451,0.10819,0.00513,73.87316,0.6379,353.0,223.0,31.0,87.0,0
385,19.25,1,0.34717,0.33216,0.36219,0.26825,20.05156,-4.65328,-5.72863,0.19751,0.46985,1.38667,0.07675,0.01029,0.04352,0.10165,0.00464,74.23466,0.75873,357.0,226.0,33.0,86.0,1
386,19.3,1,0.34488,0.33019,0.35957,0.26036,19.86088,-4.40369,-5.71748,0.19188,0.46419,1.38889,0.07651,0.00931,0.04291,0.11727,0.00448,74.78645,0.75873,357.0,226.0,33.0,86.0,0
387,19.35,1,0.34649,0.32989,0.36309,0.25284,19.97674,-4.24514,-5.6356,0.18755,0.46803,1.39254,0.06931,0.00822,0.03876,0.10417,0.00447,74.96985,0.75873,357.0,226.0,33.0,86.0,0
388,19.4,1,0.3441,0.32833,0.35988,0.21118,19.94014,-4.01126,-5.2006,0.19018,0.46544,1.38963,0.074,0.00839,0.0412,0.07319,0.00364,74.80542,0.75873,357.0,226.0,33.0,86.0,0
389,19.45,1,0.27199,0.25608,0.2879,0.13121,19.92272,-4.00991,-4.77736,0.19015,0.46683,1.38824,0.18682,0.06893,0.12788,0.02864,0.00466,73.32516,0.75873,357.0,226.0,33.0,86.0,0
390,19.5,1,0.18443,0.1773,0.19157,0.03266,17.73168,-4.98285,-3.15278,0.16159,0.44839,1.36462,0.38214,0.31525,0.34869,0.00883,0.00563,73.7819,0.53885,358.0,224.0,26.0,87.0,1
391,19.55,1,0.18469,0.19435,0.17502,0.01857,15.85967,-4.84668,-2.02672,0.14937,0.43147,1.36368,0.45811,0.24765,0.35288,0.00522,0.00402,74.64886,0.53885,358.0,224.0,26.0,87.0,0
392,19.6,1,0.2565,0.23129,0.28172,0.17191,10.60444,-4.43741,-0.07063,0.10338,0.4028,1.32913,0.18886,0.18639,0.18762,0.02068,0.00284,78.21063,0.53885,358.0,224.0,26.0,87.0,0
393,19.65,1,0.26673,0.24066,0.2928,0.25065,8.44455,-5.10143,0.63877,0.08404,0.39662,1.30786,0.16226,0.16826,0.16526,0.1101,0.00641,79.04668,0.53885,358.0,224.0,26.0,87.0,0
394,19.7,1,0.26805,0.25292,0.28318,0.25388,5.75488,-4.74687,1.94963,0.06297,0.38607,1.27557,0.16589,0.12418,0.14503,0.1316,0.00478,79.61804,0.53885,358.0,224.0,26.0,87.0,0
395,19.75,1,0.27057,0.26187,0.27926,0.2141,6.17289,-3.29206,3.19195,0.08886,0.39085,1.23789,0.13267,0.07295,0.10281,0.03002,0.00078,79.14281,0.0,0.0,0.0,0.0,0.0,1
396,19.8,1,0.20525,0.21071,0.19979,0.01809,-2.10405,-9.12522,10.14759,0.00712,0.347,1.01329,0.41639,0.1683,0.29234,0.00014,1e-05,86.53715,0.0,0.0,0.0,0.0,0.0,0
397,19.85,1,0.26351,0.23691,0.29011,0.02056,-2.65749,-16.19824,13.94594,0.02358,0.26836,1.06441,0.31639,0.19709,0.25674,0.00013,1e-05,79.19702,0.0,0.0,0.0,0.0,0.0,0
398,19.9,1,0.2388,0.23347,0.24413,0.14096,0.05558,-12.76759,10.30401,0.07078,0.3122,1.14413,0.32077,0.19785,0.25931,0.00038,2e-05,79.44021,0.0,0.0,0.0,0.0,0.0,0
399,19.95,1,0.30896,0.28339,0.33454,0.01601,4.12818,-12.18153,7.35425,0.08801,0.38705,1.24721,0.06483,0.09874,0.08178,0.00062,0.00013,78.77019,0.0,0.0,0.0,0.0,0.0,0
400,20.0,1,0.30567,0.28578,0.32556,0.27018,3.22665,-5.95732,6.37284,0.05185,0.38719,1.29236,0.05682,0.0748,0.06581,0.11421,0.00286,79.21988,0.14768,341.0,207.0,26.0,98.0,1
401,20.05,1,0.27873,0.25924,0.29821,0.29786,2.55521,-4.49269,6.68911,0.04849,0.38862,1.28338,0.08562,0.1171,0.10136,0.21663,0.0063,79.30681,0.14768,341.0,207.0,26.0,98.0,0
402,20.1,1,0.26241,0.25127,0.27356,0.29608,2.45349,-3.84319,6.6504,0.04959,0.3873,1.27171,0.11779,0.13183,0.12481,0.21195,0.00684,79.26408,0.14768,341.0,207.0,26.0,98.0,0
403,20.15,1,0.25584,0.25112,0.26057,0.27201,2.9389,-2.76302,6.6915,0.05824,0.39426,1.27135,0.14986,0.12525,0.13756,0.18154,0.00626,78.82559,0.14768,341.0,207.0,26.0,98.0,0
404,20.2,1,0.26631,0.26116,0.27146,0.23289,2.74389,-3.0163,6.63301,0.05013,0.39542,1.2633,0.15571,0.11034,0.13302,0.18908,0.00757,78.78072,0.14768,341.0,207.0,26.0,98.0,0
405,20.25,1,0.26556,0.26031,0.2708,0.2177,2.70846,-2.83184,6.65402,0.04393,0.39529,1.25708,0.15182,0.09973,0.12578,0.19306,0.00777,78.82189,0.20952,340.0,217.0,28.0,86.0,1
406,20.3,1,0.27082,0.26441,0.27723,0.19485,2.88443,-2.65286,6.48339,0.0456,0.39208,1.25312,0.14256,0.09093,0.11675,0.18821,0.00842,79.31789,0.20952,340.0,217.0,28.0,86.0,0
407,20.35,1,0.27368,0.26683,0.28053,0.1694,2.99349,-2.8332,6.30057,0.04604,0.39157,1.25255,0.13843,0.0893,0.11386,0.15239,0.00803,79.16311,0.20952,340.0,217.0,28.0,86.0,0
408,20.4,1,0.26543,0.26294,0.26792,0.20498,2.72432,-3.6785,6.2517,0.04305,0.38347,1.25521,0.1692,0.09798,0.13359,0.11775,0.00375,78.68231,0.20952,340.0,217.0,28.0,86.0,0
409,20.45,1,0.16672,0.18085,0.15259,0.28412,2.5302,-4.2116,6.22169,0.04378,0.3786,1.26472,0.41918,0.27738,0.34828,0.17315,0.00412,78.65361,0.20952,340.0,217.0,28.0,86.0,0
410,20.5,1,0.13718,0.15408,0.12028,0.31787,2.47416,-5.48655,6.41856,0.04569,0.36659,1.27539,0.48361,0.35573,0.41967,0.20168,0.00459,78.58503,0.28728,339.0,221.0,30.0,84.0,1
411,20.55,1,0.14394,0.15713,0.13074,0.33252,2.54997,-5.95836,6.4525,0.04808,0.36217,1.28291,0.48318,0.35842,0.4208,0.23428,0.00541,78.42148,0.28728,339.0,221.0,30.0,84.0,0
412,20.6,1,0.20073,0.20448,0.19697,0.34249,2.48257,-6.25996,6.35689,0.04618,0.36151,1.29327,0.32789,0.23572,0.2818,0.26612,0.00604,78.16488,0.28728,339.0,221.0,30.0,84.0,0
413,20.65,1,0.2287,0.2311,0.2263,0.3058,2.61407,-5.87259,6.35303,0.05081,0.36896,1.29351,0.24355,0.18565,0.2146,0.25407,0.00789,77.536,0.28728,339.0,221.0,30.0,84.0,0
414,20.7,1,0.24385,0.24593,0.24176,0.06272,3.27007,-4.90061,6.47905,0.06078,0.37517,1.27094,0.22382,0.17953,0.20168,0.02874,0.00631,76.85018,0.28728,339.0,221.0,30.0,84.0,0
415,20.75,1,0.26168,0.26185,0.26152,0.01425,2.50384,-10.81125,6.7183,0.03958,0.34588,1.27296,0.19703,0.13498,0.166,0.00385,0.0016,77.02011,0.0,0.0,0.0,0.0,0.0,1
416,20.8,1,0.2517,0.25124,0.25217,0.01116,-0.32014,-15.40422,5.21034,-0.02212,0.34953,1.16667,0.19754,0.22134,0.20944,0.00065,0.00014,77.51946,0.0,0.0,0.0,0.0,0.0,0
417,20.85,1,0.27457,0.2569,0.29223,0.06529,-0.52625,-9.40092,2.01097,-0.02524,0.42238,1.22028,0.14047,0.25231,0.19639,0.00288,0.00063,76.69192,0.0,0.0,0.0,0.0,0.0,0
418,20.9,1,0.31911,0.30894,0.32929,0.0138,2.28956,-1.65153,2.71572,0.04019,0.43644,1.1695,0.07849,0.07594,0.07721,0.00951,0.00323,76.69125,0.0,0.0,0.0,0.0,0.0,0
419,20.95,1,0.3274,0.32173,0.33307,0.18583,3.18209,-0.27056,4.13581,0.08262,0.4033,1.20751,0.04886,0.04155,0.0452,0.22886,0.00358,77.91674,0.0,0.0,0.0,0.0,0.0,0
420,21.0,1,0.30415,0.30126,0.30703,0.31157,3.05958,-2.3293,4.45125,0.07213,0.40026,1.26821,0.10576,0.0607,0.08323,0.36856,0.00674,79.0985,0.36344,342.0,228.0,25.0,81.0,1
421,21.05,1,0.29703,0.28217,0.3119,0.34017,3.95727,-3.46015,4.57237,0.09643,0.39297,1.28216,0.11221,0.097,0.10461,0.29064,0.00572,79.82694,0.36344,342.0,228.0,25.0,81.0,0
422,21.1,1,0.20781,0.18386,0.23176,0.34013,4.62351,-4.99155,4.28166,0.09203,0.38909,1.3036,0.25189,0.34493,0.29841,0.2597,0.00562,80.44762,0.36344,342.0,228.0,25.0,81.0,0
423,21.15,1,0.07483,0.066,0.08366,0.32907,4.13834,-6.12903,4.81253,0.10175,0.3703,1.31253,0.62936,0.64993,0.63964,0.2004,0.0042,82.04974,0.36344,342.0,228.0,25.0,81.0,0
424,21.2,1,0.1365,0.12604,0.14695,0.30252,3.19804,-5.92435,5.13794,0.10037,0.37767,1.30582,0.49243,0.46079,0.47661,0.22282,0.00547,81.27643,0.36344,342.0,228.0,25.0,81.0,0
425,21.25,1,0.17817,0.1618,0.19454,0.2327,1.9971,-4.20872,4.77203,0.07304,0.38112,1.31551,0.36667,0.3645,0.36559,0.21141,0.00697,80.61474,0.45312,341.0,231.0,25.0,77.0,1
426,21.3,1,0.19447,0.16044,0.22851,0.07289,2.10824,-2.74513,3.60887,0.04849,0.42243,1.36335,0.21878,0.40863,0.31371,0.08697,0.03886,79.88676,0.45312,341.0,231.0,25.0,77.0,0
427,21.35,0,0.0,0.0,0.0,0.0,0.0,0.0,0.0,0.0,0.0,0.0,0.0,0.0,0.0,0.0,0.0,0.0,0.45312,341.0,231.0,25.0,77.0,0
428,21.4,0,0.0,0.0,0.0,0.0,0.0,0.0,0.0,0.0,0.0,0.0,0.0,0.0,0.0,0.0,0.0,0.0,0.45312,341.0,231.0,25.0,77.0,0
429,21.45,1,0.1352,0.13632,0.13407,0.00619,3.68115,-11.22874,2.54706,0.03049,0.38634,1.15973,0.4606,0.5511,0.50585,0.0028,0.00066,75.23387,0.45312,341.0,231.0,25.0,77.0,0
430,21.5,1,0.19055,0.18882,0.19229,0.01524,5.14138,-2.16417,4.2823,0.07457,0.38475,1.21343,0.37289,0.36504,0.36896,0.01049,0.00277,76.30509,0.0,0.0,0.0,0.0,0.0,1
431,21.55,1,0.22522,0.22402,0.22642,0.12039,4.88541,-3.11198,3.85777,0.06556,0.38548,1.28236,0.2546,0.21609,0.23534,0.12292,0.02231,78.03504,0.0,0.0,0.0,0.0,0.0,0
432,21.6,1,0.2529,0.24507,0.26073,0.16125,5.2715,-2.78657,3.3878,0.06182,0.38963,1.28779,0.19334,0.16573,0.17953,0.15568,0.01788,79.34712,0.0,0.0,0.0,0.0,0.0,0
433,21.65,1,0.27142,0.26059,0.28225,0.2312,5.01392,-3.63684,3.27491,0.05542,0.38792,1.28299,0.14255,0.12018,0.13137,0.26948,0.01269,79.15571,0.0,0.0,0.0,0.0,0.0,0
434,21.7,1,0.28116,0.27226,0.29006,0.20161,4.71894,-3.85122,3.3096,0.05582,0.38887,1.28139,0.13616,0.0997,0.11793,0.22174,0.01322,78.89874,0.0,0.0,0.0,0.0,0.0,0
435,21.75,1,0.29962,0.29302,0.30622,0.06451,4.32197,-3.95044,3.53253,0.0472,0.40054,1.27725,0.11841,0.08341,0.10091,0.03008,0.0053,78.36049,0.21036,342.0,218.0,24.0,87.0,1
436,21.8,1,0.30051,0.29261,0.30842,0.02553,4.01091,-4.43156,3.6199,0.04198,0.38998,1.27656,0.11352,0.07758,0.09555,0.00951,0.00352,78.14111,0.21036,342.0,218.0,24.0,87.0,0
437,21.85,1,0.2948,0.28578,0.30381,0.12577,3.95592,-4.61999,3.65246,0.0459,0.38632,1.27028,0.13017,0.08253,0.10635,0.04144,0.00259,78.44459,0.21036,342.0,218.0,24.0,87.0,0
438,21.9,1,0.29113,0.28159,0.30067,0.14587,3.80619,-4.70091,3.71886,0.04281,0.38546,1.27067,0.13203,0.07911,0.10557,0.0613,0.00273,78.74758,0.21036,342.0,218.0,24.0,87.0,0
439,21.95,1,0.29541,0.29602,0.29481,0.17166,3.39985,-4.60916,4.10136,0.03911,0.38717,1.27936,0.14384,0.04914,0.09649,0.09103,0.00414,78.52339,0.21036,342.0,218.0,24.0,87.0,0
440,22.0,1,0.28961,0.28584,0.29338,0.21164,3.39836,-4.66594,4.28353,0.04062,0.38791,1.28154,0.14049,0.06244,0.10146,0.19935,0.00689,77.9858,0.35482,337.0,204.0,26.0,101.0,1
441,22.05,1,0.27975,0.2748,0.2847,0.20891,3.57127,-4.28464,4.07323,0.03961,0.38589,1.2748,0.13752,0.09445,0.11599,0.22342,0.0077,77.92977,0.35482,337.0,204.0,26.0,101.0,0
442,22.1,1,0.27829,0.27341,0.28317,0.20444,3.64485,-4.12161,4.00938,0.0412,0.38665,1.27452,0.13361,0.09881,0.11621,0.22577,0.0098,77.73643,0.35482,337.0,204.0,26.0,101.0,0
443,22.15,1,0.28199,0.2755,0.28848,0.21966,3.60069,-4.05785,4.0532,0.04228,0.39085,1.27778,0.12704,0.08621,0.10662,0.23947,0.00706,77.46059,0.35482,337.0,204.0,26.0,101.0,0
444,22.2,1,0.28919,0.28168,0.2967,0.20872,3.53194,-3.95237,3.97183,0.04305,0.39227,1.26713,0.11358,0.06839,0.09098,0.21195,0.00569,77.99277,0.35482,337.0,204.0,26.0,101.0,0
445,22.25,1,0.29071,0.28656,0.29486,0.05542,3.42455,-3.29385,3.87351,0.04211,0.40564,1.26127,0.12311,0.08494,0.10403,0.01106,0.00218,77.80908,0.47318,337.0,227.0,24.0,78.0,1
446,22.3,1,0.2956,0.29331,0.2979,0.01857,3.21535,-2.87692,3.70561,0.03573,0.41089,1.25708,0.11995,0.07753,0.09874,0.00372,0.00148,78.14766,0.47318,337.0,227.0,24.0,78.0,0
447,22.35,1,0.29649,0.29457,0.29841,0.01002,3.23647,-2.92931,3.52063,0.03222,0.40817,1.25504,0.11963,0.07617,0.0979,0.00619,0.00269,78.17415,0.47318,337.0,227.0,24.0,78.0,0
448,22.4,1,0.29724,0.29551,0.29896,0.00808,3.10642,-2.99549,3.36555,0.02844,0.40623,1.2543,0.11601,0.07442,0.09522,0.00799,0.00346,78.20158,0.47318,337.0,227.0,24.0,78.0,0
449,22.45,1,0.2923,0.28743,0.29716,0.01001,2.85188,-3.22732,2.83733,0.0229,0.39854,1.25156,0.10663,0.09519,0.10091,0.00894,0.00346,78.49338,0.47318,337.0,227.0,24.0,78.0,0
450,22.5,1,0.2954,0.29123,0.29957,0.0092,2.62823,-3.32993,2.47234,0.0193,0.39393,1.24531,0.09996,0.0926,0.09628,0.00957,0.00345,78.62864,0.51531,336.0,227.0,25.0,79.0,1
451,22.55,1,0.28989,0.27871,0.30107,0.00902,2.38879,-3.70541,1.70683,0.00969,0.38449,1.23244,0.09433,0.11943,0.10688,0.01344,0.00455,78.76836,0.51531,336.0,227.0,25.0,79.0,0
452,22.6,1,0.28686,0.2718,0.30191,0.01075,2.4011,-4.04611,1.19938,0.0052,0.38613,1.23133,0.10319,0.14922,0.12621,0.01029,0.00357,78.57686,0.51531,336.0,227.0,25.0,79.0,0
453,22.65,1,0.28433,0.27278,0.29587,0.00909,2.5132,-4.66695,1.13775,0.00217,0.38451,1.22667,0.12009,0.14917,0.13463,0.00622,0.00192,78.74355,0.51531,336.0,227.0,25.0,79.0,0
454,22.7,1,0.28708,0.28055,0.29361,0.00893,2.67725,-4.88047,1.2656,0.00352,0.38409,1.22819,0.12074,0.1284,0.12457,0.00349,0.0012,78.58601,0.51531,336.0,227.0,25.0,79.0,0
455,22.75,1,0.29092,0.28465,0.2972,0.0087,3.16247,-5.12553,1.52076,0.01226,0.38358,1.23,0.10684,0.11913,0.11298,0.00135,0.00046,78.72445,0.40015,335.0,214.0,22.0,91.0,1
456,22.8,1,0.28822,0.28293,0.29351,0.00887,3.36553,-5.08665,1.71984,0.01607,0.38294,1.23241,0.11934,0.12556,0.12245,0.00099,0.00033,78.9031,0.40015,335.0,214.0,22.0,91.0,0
457,22.85,1,0.28802,0.2818,0.29424,0.00853,3.66463,-4.9637,1.81993,0.02057,0.38354,1.23774,0.1224,0.12233,0.12237,0.00086,0.00029,78.89492,0.40015,335.0,214.0,22.0,91.0,0
458,22.9,1,0.28764,0.28065,0.29463,0.00951,3.81567,-4.43973,1.87322,0.02217,0.39014,1.23835,0.12093,0.12013,0.12053,0.00087,0.00029,79.03329,0.40015,335.0,214.0,22.0,91.0,0
459,22.95,1,0.28732,0.28092,0.29371,0.00804,3.85857,-4.22119,1.68864,0.02256,0.39876,1.2361,0.12381,0.10896,0.11639,0.00083,0.00028,78.95857,0.40015,335.0,214.0,22.0,91.0,0
460,23.0,1,0.29266,0.29015,0.29516,0.00778,3.80254,-3.93205,1.7141,0.02228,0.40101,1.23374,0.12074,0.09258,0.10666,0.0008,0.00027,78.9694,0.47585,335.0,225.0,24.0,80.0,1
461,23.05,1,0.293,0.28882,0.29719,0.00708,3.85796,-3.02942,1.34967,0.02212,0.41355,1.23081,0.10467,0.07906,0.09187,0.00095,0.00034,78.93556,0.47585,335.0,225.0,24.0,80.0,0
462,23.1,1,0.29093,0.28718,0.29468,0.00742,3.7749,-2.35394,1.13397,0.0188,0.4135,1.23414,0.1148,0.08394,0.09937,0.00088,0.00035,78.8646,0.47585,335.0,225.0,24.0,80.0,0
463,23.15,1,0.29817,0.29359,0.30275,0.00854,3.88884,-2.03062,0.7986,0.01717,0.41711,1.24009,0.09087,0.06368,0.07728,0.00105,0.0004,79.0194,0.47585,335.0,225.0,24.0,80.0,0
464,23.2,1,0.30917,0.30464,0.31369,0.00805,3.58695,-1.56973,0.59895,0.01055,0.42311,1.24226,0.06986,0.05328,0.06157,0.00095,0.0004,78.91617,0.47585,335.0,225.0,24.0,80.0,0
465,23.25,1,0.32022,0.31426,0.32619,0.00748,3.40596,-1.11479,0.66368,0.01113,0.42857,1.24634,0.05776,0.04588,0.05182,0.00087,0.00042,78.97679,0.34001,335.0,216.0,25.0,91.0,1
466,23.3,1,0.3229,0.31912,0.32668,0.00648,3.24103,-0.63819,0.53992,0.00977,0.43445,1.24713,0.05769,0.04195,0.04982,0.00087,0.00046,79.30724,0.34001,335.0,216.0,25.0,91.0,0
467,23.35,1,0.3195,0.31533,0.32368,0.00762,3.37927,-0.29479,0.54203,0.01365,0.43646,1.2435,0.06537,0.04847,0.05692,0.00091,0.00049,79.29803,0.34001,335.0,216.0,25.0,91.0,0
468,23.4,1,0.317,0.30969,0.32431,0.00677,3.25921,0.44183,0.45196,0.01345,0.44249,1.24008,0.05978,0.05396,0.05687,0.00101,0.00062,79.32143,0.34001,335.0,216.0,25.0,91.0,0
469,23.45,1,0.31899,0.30961,0.32837,0.00755,3.30685,0.56669,0.44032,0.01461,0.44179,1.23802,0.05364,0.0562,0.05492,0.00105,0.00063,79.50673,0.34001,335.0,216.0,25.0,91.0,0
470,23.5,1,0.32024,0.3152,0.32529,0.00642,3.20467,0.63904,0.56771,0.01485,0.4425,1.24149,0.05989,0.05339,0.05664,0.00108,0.00065,79.48655,0.58635,332.0,216.0,27.0,93.0,1
471,23.55,1,0.32154,0.31663,0.32645,0.00641,3.28962,0.6099,0.61786,0.01677,0.44366,1.24369,0.05998,0.05185,0.05591,0.00116,0.00069,79.49311,0.58635,332.0,216.0,27.0,93.0,0
472,23.6,1,0.31937,0.31201,0.32674,0.00663,3.35367,0.629,0.70502,0.01809,0.44154,1.24511,0.05824,0.05933,0.05879,0.00117,0.00069,79.73723,0.58635,332.0,216.0,27.0,93.0,0
473,23.65,1,0.31757,0.3111,0.32405,0.00672,3.36448,0.57225,0.81658,0.02001,0.43997,1.24495,0.06239,0.05909,0.06074,0.00117,0.00069,79.86536,0.58635,332.0,216.0,27.0,93.0,0
474,23.7,1,0.31843,0.31279,0.32407,0.00728,3.53257,0.31143,0.90071,0.02138,0.4389,1.24595,0.06298,0.0554,0.05919,0.00117,0.00067,79.78644,0.58635,332.0,216.0,27.0,93.0,0
475,23.75,1,0.31726,0.3121,0.32242,0.00699,3.55215,0.28754,0.91425,0.02261,0.43844,1.24564,0.06489,0.05575,0.06032,0.00112,0.00064,79.77825,0.55474,333.0,213.0,26.0,96.0,1
476,23.8,1,0.32181,0.31453,0.32908,0.00814,3.65198,0.08692,0.98865,0.02379,0.43859,1.25128,0.05797,0.05437,0.05617,0.00102,0.00056,79.75787,0.55474,333.0,213.0,26.0,96.0,0
477,23.85,1,0.31986,0.3118,0.32791,0.00894,3.75729,-0.02493,1.02128,0.02472,0.43587,1.25479,0.06423,0.05879,0.06151,0.00106,0.0006,79.8441,0.55474,333.0,213.0,26.0,96.0,0
478,23.9,1,0.31854,0.3113,0.32579,0.00953,3.80734,-0.40917,1.17989,0.02523,0.43012,1.25887,0.06781,0.0606,0.06421,0.00109,0.00064,79.8936,0.55474,333.0,213.0,26.0,96.0,0
479,23.95,1,0.31653,0.30926,0.32381,0.00794,3.71011,-0.89002,1.22355,0.0252,0.42561,1.26316,0.07164,0.06404,0.06784,0.00101,0.00061,80.0193,0.55474,333.0,213.0,26.0,96.0,0
480,24.0,1,0.3204,0.31479,0.32602,0.0076,3.56788,-1.06898,1.34542,0.0231,0.42647,1.26661,0.06777,0.05376,0.06077,0.00124,0.0007,80.27061,0.58632,332.0,214.0,27.0,95.0,1
481,24.05,1,0.31854,0.31384,0.32325,0.00718,3.4998,-1.12136,1.49008,0.02315,0.42662,1.26568,0.07588,0.05485,0.06537,0.00115,0.00066,80.51063,0.58632,332.0,214.0,27.0,95.0,0
482,24.1,1,0.31491,0.31524,0.31459,0.00701,3.45783,-1.25736,1.63094,0.02271,0.42889,1.2669,0.08767,0.05113,0.0694,0.00104,0.0006,80.56483,0.58632,332.0,214.0,27.0,95.0,0
483,24.15,1,0.31521,0.31495,0.31546,0.00683,3.28249,-1.32564,1.66513,0.02174,0.42613,1.26631,0.09048,0.05105,0.07076,0.00091,0.00053,80.74183,0.58632,332.0,214.0,27.0,95.0,0
484,24.2,1,0.31483,0.31191,0.31776,0.00761,3.33646,-1.4609,1.75162,0.02315,0.41869,1.26152,0.08921,0.05432,0.07177,0.00094,0.00053,80.75412,0.58632,332.0,214.0,27.0,95.0,0
485,24.25,1,0.30871,0.30556,0.31187,0.00808,3.36422,-1.58558,1.706,0.02309,0.41375,1.25689,0.09388,0.06023,0.07705,0.00093,0.00047,80.64726,0.53833,334.0,213.0,26.0,95.0,1
486,24.3,1,0.3083,0.30445,0.31216,0.00821,3.46716,-1.69053,1.61081,0.02452,0.40928,1.24928,0.08697,0.05842,0.07269,0.00082,0.00038,80.51158,0.53833,334.0,213.0,26.0,95.0,0
487,24.35,1,0.30438,0.30157,0.30719,0.00929,3.57311,-1.82821,1.3951,0.02372,0.40681,1.245,0.09742,0.05959,0.0785,0.00079,0.00037,80.35418,0.53833,334.0,213.0,26.0,95.0,0
488,24.4,1,0.31218,0.30897,0.31538,0.00918,3.76523,-1.9243,1.44615,0.02312,0.40504,1.24078,0.07554,0.05164,0.06359,0.00088,0.00039,80.10428,0.53833,334.0,213.0,26.0,95.0,0
489,24.45,1,0.31735,0.31508,0.31962,0.01148,3.99989,-2.03974,1.36835,0.02421,0.40614,1.24109,0.06785,0.04459,0.05622,0.00105,0.00046,79.9245,0.53833,334.0,213.0,26.0,95.0,0
490,24.5,1,0.31848,0.31295,0.32401,0.01022,4.07156,-2.0499,1.60327,0.02992,0.41114,1.24353,0.05797,0.04405,0.05101,0.00101,0.00044,79.65304,0.34352,330.0,229.0,26.0,78.0,1
491,24.55,1,0.31961,0.31699,0.32222,0.01013,4.08057,-1.94289,1.74564,0.02897,0.41096,1.24348,0.05791,0.03652,0.04722,0.0012,0.00053,79.69944,0.34352,330.0,229.0,26.0,78.0,0
492,24.6,1,0.32236,0.32403,0.32069,0.00979,3.82328,-1.63259,1.97371,0.02514,0.41115,1.24288,0.05448,0.02949,0.04198,0.001,0.00046,79.9247,0.34352,330.0,229.0,26.0,78.0,0
493,24.65,1,0.32343,0.32344,0.32343,0.0096,3.72312,-1.38721,2.15076,0.02506,0.41378,1.24523,0.05321,0.03274,0.04298,0.00089,0.00043,79.82407,0.34352,330.0,229.0,26.0,78.0,0
494,24.7,1,0.31447,0.31423,0.31472,0.01024,3.7891,-1.25505,2.25355,0.02763,0.41523,1.24934,0.06429,0.04279,0.05354,0.00076,0.00039,79.86894,0.34352,330.0,229.0,26.0,78.0,0
495,24.75,1,0.3121,0.30855,0.31565,0.00994,3.80673,-1.11106,2.22714,0.02846,0.41646,1.24958,0.07211,0.05,0.06106,0.0007,0.00039,79.69053,0.39597,329.0,231.0,24.0,75.0,1
496,24.8,1,0.30756,0.29919,0.31593,0.00939,3.75777,-0.71866,2.09346,0.02781,0.42358,1.24659,0.06749,0.05393,0.06071,0.0007,0.00038,79.77305,0.39597,329.0,231.0,24.0,75.0,0
497,24.85,1,0.31283,0.30652,0.31914,0.00802,3.62813,-0.85704,2.00547,0.02521,0.423,1.24439,0.06632,0.0479,0.05711,0.00059,0.0003,79.73658,0.39597,329.0,231.0,24.0,75.0,0
498,24.9,1,0.31117,0.30601,0.31634,0.00868,3.62491,-0.89845,1.77047,0.02255,0.42253,1.24693,0.07892,0.05184,0.06538,0.00065,0.00036,79.67509,0.39597,329.0,231.0,24.0,75.0,0
499,24.95,1,0.31112,0.30719,0.31505,0.00915,3.56665,-0.88205,1.67344,0.02021,0.42294,1.24909,0.08458,0.05036,0.06747,0.00075,0.00043,79.67963,0.39597,329.0,231.0,24.0,75.0,0
500,25.0,1,0.31227,0.3107,0.31384,0.00804,3.47037,-0.93416,1.63362,0.01853,0.42269,1.25045,0.09095,0.04793,0.06944,0.00093,0.0005,79.59289,0.58566,326.0,229.0,25.0,78.0,1
501,25.05,1,0.31203,0.31092,0.31314,0.00806,3.27306,-0.96109,1.55787,0.01247,0.42035,1.25196,0.08908,0.05184,0.07046,0.00106,0.00058,79.61487,0.58566,326.0,229.0,25.0,78.0,0
502,25.1,1,0.31839,0.31608,0.3207,0.00688,3.16539,-1.25984,1.21285,0.0094,0.41269,1.25613,0.07983,0.04317,0.0615,0.00122,0.00075,79.50906,0.58566,326.0,229.0,25.0,78.0,0
503,25.15,1,0.31383,0.30842,0.31924,0.00767,3.20963,-1.79287,1.01839,0.0103,0.4036,1.2587,0.08917,0.05314,0.07116,0.00152,0.00098,79.29485,0.58566,326.0,229.0,25.0,78.0,0
504,25.2,1,0.29792,0.29178,0.30405,0.00806,3.3385,-2.14164,0.71895,0.00927,0.39889,1.26082,0.11926,0.08016,0.09971,0.00176,0.0011,79.03259,0.58566,326.0,229.0,25.0,78.0,0
505,25.25,1,0.29283,0.28908,0.29657,0.00937,3.32764,-2.54687,0.54575,0.00862,0.39743,1.26085,0.13948,0.08832,0.1139,0.00123,0.00081,78.48847,0.3874,326.0,228.0,27.0,79.0,1
506,25.3,1,0.29627,0.28982,0.30272,0.08399,3.00898,-4.45175,0.25445,0.00626,0.38809,1.25991,0.12375,0.07925,0.1015,0.0047,0.00103,78.24207,0.3874,326.0,228.0,27.0,79.0,0
507,25.35,1,0.29665,0.28788,0.30542,0.11293,3.11404,-4.8048,-0.05604,0.00713,0.38755,1.25891,0.11433,0.07475,0.09454,0.00963,0.00124,78.0929,0.3874,326.0,228.0,27.0,79.0,0
508,25.4,1,0.30269,0.29738,0.30799,0.19503,3.14231,-5.31173,-0.32481,0.00697,0.38106,1.25248,0.1069,0.04711,0.07701,0.04587,0.00306,77.99866,0.3874,326.0,228.0,27.0,79.0,0
509,25.45,1,0.30684,0.29932,0.31436,0.23332,3.30539,-5.56085,-0.61928,0.01141,0.3777,1.25304,0.08945,0.03996,0.06471,0.06991,0.00358,78.13324,0.3874,326.0,228.0,27.0,79.0,0
510,25.5,1,0.3071,0.29806,0.31614,0.25299,3.50302,-5.67037,-0.83031,0.01447,0.37728,1.25653,0.08404,0.03768,0.06086,0.08124,0.00335,78.06189,0.21504,323.0,222.0,29.0,88.0,1
511,25.55,1,0.31704,0.31483,0.31926,0.27041,3.63098,-5.72877,-1.02236,0.01171,0.37892,1.25318,0.06511,0.02059,0.04285,0.10357,0.00349,78.44876,0.21504,323.0,222.0,29.0,88.0,0
512,25.6,1,0.335,0.33446,0.33554,0.28657,3.82922,-5.65798,-1.19217,0.01018,0.37989,1.25693,0.03639,0.01226,0.02433,0.15221,0.00367,79.1539,0.21504,323.0,222.0,29.0,88.0,0
513,25.65,1,0.33747,0.34774,0.3272,0.30934,3.65695,-5.54002,-1.43283,-0.00191,0.37348,1.24802,0.03278,0.00984,0.02131,0.17606,0.00308,80.69372,0.21504,323.0,222.0,29.0,88.0,0
514,25.7,1,0.35699,0.36988,0.3441,0.3086,3.87898,-5.44186,-1.84866,-0.00076,0.37864,1.26388,0.02381,0.00643,0.01512,0.18915,0.00341,80.02119,0.21504,323.0,222.0,29.0,88.0,0
515,25.75,1,0.35668,0.36257,0.35079,0.32501,4.13921,-5.32823,-2.71415,-0.00684,0.37064,1.25408,0.0159,0.00605,0.01097,0.21262,0.0037,80.6588,0.34503,327.0,208.0,26.0,100.0,1
516,25.8,1,0.36585,0.36885,0.36286,0.32924,4.64027,-5.14803,-3.01808,0.00058,0.3791,1.26744,0.01327,0.00701,0.01014,0.2273,0.00426,79.94286,0.34503,327.0,208.0,26.0,100.0,0
517,25.85,1,0.35414,0.36103,0.34726,0.31287,4.63099,-5.13133,-3.75647,-0.00621,0.37522,1.26145,0.02046,0.0076,0.01403,0.21426,0.00451,80.58606,0.34503,327.0,208.0,26.0,100.0,0
518,25.9,1,0.36059,0.36555,0.35563,0.2968,5.10523,-5.27016,-4.22742,0.00117,0.38187,1.27068,0.01745,0.00817,0.01281,0.1915,0.00488,80.5892,0.34503,327.0,208.0,26.0,100.0,0
519,25.95,1,0.35419,0.3605,0.34788,0.29485,5.64167,-5.26383,-4.60318,0.00248,0.3811,1.26343,0.01929,0.00721,0.01325,0.1753,0.00451,81.38177,0.34503,327.0,208.0,26.0,100.0,0
520,26.0,1,0.3496,0.357,0.3422,0.28016,6.36665,-4.95755,-4.88762,0.00818,0.39213,1.26806,0.02517,0.00717,0.01617,0.1629,0.00521,81.00256,0.51885,333.0,233.0,19.0,78.0,1
521,26.05,1,0.33906,0.34398,0.33414,0.28281,7.18324,-4.97415,-4.97359,0.01584,0.38854,1.26294,0.02964,0.00938,0.01951,0.17256,0.00558,81.48073,0.51885,333.0,233.0,19.0,78.0,0
522,26.1,1,0.33905,0.34078,0.33733,0.28331,7.57413,-4.64733,-4.80229,0.02213,0.39468,1.26663,0.02871,0.01157,0.02014,0.16771,0.00552,81.07663,0.51885,333.0,233.0,19.0,78.0,0
523,26.15,1,0.12708,0.14673,0.10744,0.27644,7.71185,-4.91658,-4.12271,0.03406,0.38778,1.26901,0.52684,0.36015,0.44349,0.18376,0.00761,77.89066,0.51885,333.0,233.0,19.0,78.0,0
524,26.2,1,0.1457,0.15863,0.13277,0.28405,7.35885,-4.67322,-3.57157,0.03129,0.39351,1.27666,0.47197,0.39365,0.43281,0.15932,0.00659,77.11526,0.51885,333.0,233.0,19.0,78.0,0
525,26.25,1,0.20183,0.24281,0.16084,0.28261,5.58685,-4.82279,-1.62739,0.03625,0.395,1.30134,0.44596,0.16083,0.3034,0.14533,0.00669,77.8985,0.07413,321.0,226.0,33.0,88.0,1
526,26.3,1,0.26258,0.28101,0.24416,0.2962,3.81155,-5.21082,-0.12892,0.02415,0.39605,1.30652,0.24755,0.07327,0.16041,0.17015,0.00783,78.51513,0.07413,321.0,226.0,33.0,88.0,0
527,26.35,1,0.30536,0.31211,0.29861,0.31637,1.01006,-5.17554,2.4375,-0.01447,0.40315,1.29817,0.09556,0.04886,0.07221,0.20074,0.00907,79.02302,0.07413,321.0,226.0,33.0,88.0,0
528,26.4,1,0.31342,0.32057,0.30628,0.32382,0.38634,-4.88199,3.82384,-0.01057,0.40364,1.29871,0.08225,0.04612,0.06418,0.21647,0.00821,78.95534,0.07413,321.0,226.0,33.0,88.0,0
529,26.45,1,0.3171,0.32141,0.31278,0.29812,0.19798,-4.76664,5.11959,-0.01022,0.40548,1.29855,0.06443,0.04084,0.05263,0.16366,0.00614,79.56117,0.07413,321.0,226.0,33.0,88.0,0
530,26.5,1,0.32027,0.32939,0.31116,0.28771,-0.21488,-4.7973,5.6347,-0.0174,0.41044,1.28981,0.05601,0.0288,0.0424,0.13677,0.00442,79.65038,0.37066,322.0,223.0,37.0,92.0,1
531,26.55,1,0.32314,0.32966,0.31662,0.28126,-0.04147,-4.40906,5.47484,-0.01027,0.42414,1.28657,0.05247,0.03062,0.04155,0.12198,0.00394,79.49112,0.37066,322.0,223.0,37.0,92.0,0
532,26.6,1,0.32642,0.3239,0.32893,0.26703,0.33959,-4.02207,5.16897,-0.00559,0.43395,1.29244,0.03575,0.03652,0.03614,0.09927,0.00394,79.68041,0.37066,322.0,223.0,37.0,92.0,0
533,26.65,1,0.32754,0.32593,0.32915,0.25055,1.67689,-3.08416,4.95964,0.02326,0.43093,1.29602,0.03774,0.02582,0.03178,0.06614,0.00386,80.64943,0.37066,322.0,223.0,37.0,92.0,0
534,26.7,1,0.32389,0.31903,0.32874,0.21393,2.2542,-3.42637,4.62688,0.03678,0.42639,1.30765,0.04544,0.02639,0.03592,0.0449,0.00458,80.88479,0.37066,322.0,223.0,37.0,92.0,0
535,26.75,1,0.32211,0.3161,0.32812,0.04084,2.9796,-3.85076,4.29902,0.04004,0.42332,1.29947,0.05196,0.04535,0.04865,0.00324,0.0015,80.53447,0.22575,330.0,214.0,30.0,95.0,1
536,26.8,1,0.32188,0.31561,0.32815,0.01073,3.12739,-3.8387,4.07431,0.03707,0.42379,1.29345,0.0577,0.05536,0.05653,0.00195,0.00079,80.43364,0.22575,330.0,214.0,30.0,95.0,0
537,26.85,1,0.32615,0.31887,0.33342,0.01764,3.13858,-3.86783,3.71325,0.03845,0.4143,1.28396,0.05014,0.05295,0.05155,0.00232,0.0009,80.29848,0.22575,330.0,214.0,30.0,95.0,0
538,26.9,1,0.32246,0.31548,0.32943,0.01754,3.04808,-3.62828,3.39489,0.02988,0.41499,1.27838,0.05226,0.06286,0.05756,0.00257,0.00089,79.9651,0.22575,330.0,214.0,30.0,95.0,0
539,26.95,1,0.32001,0.31745,0.32257,0.01202,2.2338,-3.82368,3.16824,0.01089,0.40716,1.2756,0.06199,0.06722,0.0646,0.00171,0.00058,79.17153,0.22575,330.0,214.0,30.0,95.0,0
540,27.0,1,0.3134,0.31296,0.31385,0.0083,1.4172,-3.93631,3.0196,-0.00025,0.40609,1.27434,0.07215,0.07211,0.07213,0.0019,0.00061,79.3074,0.25615,324.0,219.0,33.0,89.0,1
541,27.05,1,0.31235,0.31899,0.30572,0.00655,1.31545,-3.94787,2.83845,0.00128,0.40238,1.27432,0.08918,0.05582,0.0725,0.00162,0.00056,79.27249,0.25615,324.0,219.0,33.0,89.0,0
542,27.1,1,0.31541,0.3182,0.31261,0.00703,1.40393,-3.56948,2.87914,0.00501,0.40634,1.27643,0.08803,0.05816,0.07309,0.00142,0.00057,78.43275,0.25615,324.0,219.0,33.0,89.0,0
543,27.15,1,0.30404,0.30949,0.2986,0.00665,1.40667,-4.04172,2.93354,0.00396,0.3931,1.27244,0.10424,0.05973,0.08199,0.00114,0.00045,78.52906,0.25615,324.0,219.0,33.0,89.0,0
544,27.2,1,0.31075,0.3177,0.3038,0.00715,1.8136,-4.81456,3.00874,0.00319,0.38319,1.2693,0.09741,0.04933,0.07337,0.00118,0.00043,78.61376,0.25615,324.0,219.0,33.0,89.0,0
545,27.25,1,0.31023,0.31521,0.30525,0.00749,1.91194,-5.60167,3.13052,0.00367,0.37128,1.26604,0.08751,0.05421,0.07086,0.0013,0.00043,78.62177,0.0524,327.0,208.0,26.0,96.0,1
546,27.3,1,0.31208,0.31679,0.30737,0.00712,2.08419,-7.42134,3.04537,0.00435,0.35352,1.26124,0.09741,0.05437,0.07589,0.00133,0.0004,78.59947,0.0524,327.0,208.0,26.0,96.0,0
547,27.35,1,0.31145,0.31618,0.30671,0.00715,2.02461,-8.03751,2.6942,0.00234,0.35492,1.25797,0.09288,0.05149,0.07218,0.00135,0.00038,78.42101,0.0524,327.0,208.0,26.0,96.0,0
548,27.4,1,0.31039,0.31656,0.30422,0.00809,1.94591,-7.87584,2.20376,-0.00047,0.35746,1.25434,0.09503,0.05202,0.07353,0.00114,0.00032,78.26397,0.0524,327.0,208.0,26.0,96.0,0
549,27.45,1,0.31032,0.31357,0.30708,0.02106,2.0502,-7.63752,1.85728,-0.00289,0.36429,1.25365,0.09242,0.04609,0.06926,0.00117,0.00028,78.61468,0.0524,327.0,208.0,26.0,96.0,0
550,27.5,1,0.31141,0.31522,0.30759,0.12427,2.02011,-7.48379,1.53501,-0.00642,0.37046,1.25069,0.075,0.03044,0.05272,0.00558,0.00065,78.52246,0.2775,328.0,214.0,27.0,90.0,1
551,27.55,1,0.31285,0.31797,0.30772,0.19348,2.2601,-7.41971,1.29947,0.00306,0.37565,1.24562,0.07709,0.02734,0.05222,0.02689,0.00173,78.16645,0.2775,328.0,214.0,27.0,90.0,0
552,27.6,1,0.31468,0.31877,0.31059,0.24669,2.227,-7.50075,1.30145,0.0054,0.37591,1.26062,0.07188,0.02514,0.04851,0.05553,0.00258,78.15212,0.2775,328.0,214.0,27.0,90.0,0
553,27.65,1,0.31686,0.31756,0.31615,0.28735,2.33723,-7.74248,1.19814,0.00914,0.37524,1.2713,0.06126,0.02524,0.04325,0.10521,0.00398,78.19002,0.2775,328.0,214.0,27.0,90.0,0
554,27.7,1,0.31426,0.31624,0.31228,0.32897,2.21212,-8.05242,1.47079,0.01008,0.36844,1.27315,0.06309,0.02434,0.04371,0.14261,0.0047,78.25011,0.2775,328.0,214.0,27.0,90.0,0
555,27.75,1,0.29732,0.30316,0.29148,0.33523,2.21449,-8.89758,1.80693,0.01175,0.34576,1.27527,0.09283,0.03976,0.06629,0.16516,0.00529,78.10827,0.39387,329.0,218.0,28.0,84.0,1
556,27.8,1,0.28561,0.28812,0.28309,0.29221,2.13639,-10.99063,2.31628,0.01396,0.32026,1.25298,0.10733,0.06648,0.0869,0.06218,0.00244,77.83181,0.39387,329.0,218.0,28.0,84.0,0
557,27.85,1,0.29394,0.29342,0.29445,0.25503,2.16574,-11.77705,2.61678,0.01748,0.30827,1.23916,0.09592,0.07328,0.0846,0.02711,0.00137,77.7425,0.39387,329.0,218.0,28.0,84.0,0
558,27.9,1,0.28265,0.27807,0.28724,0.31745,1.76183,-12.69452,3.74188,0.01636,0.29115,1.23686,0.12714,0.09016,0.10865,0.06306,0.00181,77.74021,0.39387,329.0,218.0,28.0,84.0,0
559,27.95,1,0.27685,0.27277,0.28094,0.36328,1.73434,-13.58818,4.36374,0.01679,0.28813,1.24638,0.12813,0.07853,0.10333,0.11298,0.00222,77.4085,0.39387,329.0,218.0,28.0,84.0,0
560,28.0,1,0.28431,0.27828,0.29034,0.3725,2.20987,-15.69012,4.62946,0.02255,0.26038,1.24192,0.10923,0.06986,0.08955,0.11161,0.00215,76.92973,0.13014,330.0,210.0,20.0,90.0,1
561,28.05,1,0.29214,0.28423,0.30004,0.34731,2.33185,-15.83353,4.48558,0.02676,0.26944,1.24449,0.1013,0.06778,0.08454,0.09129,0.00239,76.644,0.13014,330.0,210.0,20.0,90.0,0
562,28.1,1,0.28889,0.28729,0.2905,0.31824,2.84085,-14.49193,4.49598,0.0338,0.30186,1.24918,0.12742,0.05333,0.09038,0.10856,0.00334,77.10566,0.13014,330.0,210.0,20.0,90.0,0
563,28.15,1,0.29089,0.28965,0.29213,0.27088,2.91153,-12.07821,4.07421,0.03574,0.33334,1.25488,0.12644,0.04901,0.08772,0.05876,0.00275,77.38481,0.13014,330.0,210.0,20.0,90.0,0
564,28.2,1,0.2774,0.27539,0.2794,0.23277,3.38031,-8.77162,2.72579,0.02979,0.35576,1.2761,0.15944,0.07607,0.11776,0.07503,0.0051,77.19904,0.13014,330.0,210.0,20.0,90.0,0
565,28.25,1,0.28676,0.27998,0.29354,0.22883,3.8056,-7.29503,2.20015,0.03391,0.36884,1.2837,0.12908,0.06462,0.09685,0.06441,0.00488,76.86059,0.35297,332.0,221.0,28.0,81.0,1
566,28.3,1,0.28906,0.28189,0.29623,0.23968,3.86073,-8.0839,1.8993,0.03247,0.34886,1.29235,0.11852,0.07105,0.09479,0.07541,0.00717,76.67305,0.35297,332.0,221.0,28.0,81.0,0
567,28.35,1,0.28687,0.27845,0.29528,0.22328,3.90117,-8.02181,1.52334,0.03251,0.34656,1.2789,0.10806,0.07882,0.09344,0.05912,0.00506,76.68121,0.35297,332.0,221.0,28.0,81.0,0
568,28.4,1,0.25747,0.25097,0.26396,0.20258,3.28157,-7.48324,1.5662,0.02112,0.34996,1.25884,0.15047,0.1347,0.14259,0.04333,0.00371,76.05319,0.35297,332.0,221.0,28.0,81.0,0
569,28.45,1,0.19902,0.20418,0.19386,0.20535,3.27667,-7.3753,1.96214,0.02312,0.35293,1.26126,0.28871,0.23261,0.26066,0.06365,0.00485,75.86294,0.35297,332.0,221.0,28.0,81.0,0
570,28.5,1,0.14041,0.15604,0.12478,0.23148,3.31241,-7.69986,2.66824,0.02437,0.34199,1.26337,0.50813,0.36237,0.43525,0.08798,0.00535,75.97821,0.55409,330.0,212.0,27.0,82.0,1
571,28.55,1,0.15946,0.15978,0.15914,0.23992,3.3145,-7.76498,2.80716,0.026,0.34651,1.26822,0.4507,0.36727,0.40898,0.10186,0.0056,75.82186,0.55409,330.0,212.0,27.0,82.0,0
572,28.6,1,0.1919,0.18249,0.20131,0.23769,3.34714,-7.71839,2.90533,0.03183,0.34699,1.26736,0.33456,0.32113,0.32784,0.09837,0.00579,76.02092,0.55409,330.0,212.0,27.0,82.0,0
573,28.65,1,0.2189,0.21034,0.22745,0.22741,3.23175,-7.49792,3.00014,0.03012,0.35709,1.26861,0.27738,0.26237,0.26987,0.07337,0.00509,76.26943,0.55409,330.0,212.0,27.0,82.0,0
574,28.7,1,0.2584,0.25379,0.26301,0.2004,3.36847,-6.65659,3.17041,0.02981,0.36032,1.26914,0.19553,0.14705,0.17129,0.05727,0.00412,76.95195,0.55409,330.0,212.0,27.0,82.0,0
575,28.75,1,0.27321,0.26329,0.28313,0.19457,3.57819,-6.2686,2.96421,0.0328,0.36506,1.28068,0.16782,0.12254,0.14518,0.08233,0.00576,77.0542,0.35651,334.0,224.0,23.0,75.0,1
576,28.8,1,0.28338,0.27608,0.29069,0.14043,3.88847,-5.33015,2.4793,0.03015,0.37775,1.2768,0.13247,0.08331,0.10789,0.07175,0.0073,77.41648,0.35651,334.0,224.0,23.0,75.0,0
577,28.85,1,0.29003,0.28262,0.29743,0.10519,4.12379,-5.05544,2.32127,0.0322,0.38174,1.281,0.12231,0.07887,0.10059,0.0371,0.00729,77.13173,0.35651,334.0,224.0,23.0,75.0,0
578,28.9,1,0.28747,0.28467,0.29026,0.10275,4.19877,-4.88694,1.87376,0.03154,0.38559,1.28509,0.13772,0.07135,0.10454,0.0347,0.00778,77.03152,0.35651,334.0,224.0,23.0,75.0,0
579,28.95,1,0.29147,0.28796,0.29497,0.16141,4.20505,-4.32324,1.40578,0.03015,0.39073,1.28647,0.13255,0.05559,0.09407,0.10548,0.00913,77.21339,0.35651,334.0,224.0,23.0,75.0,0
580,29.0,1,0.2958,0.28873,0.30286,0.18887,4.39516,-4.0093,0.72284,0.03009,0.39714,1.28144,0.11773,0.05658,0.08716,0.09801,0.00617,77.33333,0.36205,333.0,210.0,25.0,96.0,1
581,29.05,1,0.29659,0.28979,0.30338,0.18019,4.33875,-3.85649,0.01127,0.02583,0.39759,1.27714,0.12206,0.06471,0.09339,0.06663,0.00496,77.56762,0.36205,333.0,210.0,25.0,96.0,0
582,29.1,1,0.29322,0.28064,0.3058,0.16902,4.60576,-4.04034,-0.48493,0.03038,0.38903,1.27078,0.10855,0.07218,0.09036,0.03723,0.00303,78.39098,0.36205,333.0,210.0,25.0,96.0,0
583,29.15,1,0.29417,0.2817,0.30665,0.17251,4.73102,-3.82009,-0.64167,0.02833,0.39484,1.26829,0.10397,0.07351,0.08874,0.03931,0.00338,78.33372,0.36205,333.0,210.0,25.0,96.0,0
584,29.2,1,0.30269,0.2951,0.31028,0.1721,4.47981,-3.38049,-0.40456,0.02403,0.40045,1.26509,0.09419,0.05772,0.07596,0.05005,0.00363,78.4117,0.36205,333.0,210.0,25.0,96.0,0
585,29.25,1,0.29972,0.29076,0.30868,0.18494,4.64865,-2.53133,-0.18716,0.03078,0.40961,1.27293,0.09531,0.06408,0.07969,0.07345,0.00546,78.35497,0.48895,325.0,236.0,26.0,71.0,1
586,29.3,1,0.30359,0.29638,0.3108,0.1936,4.36205,-2.69676,-0.00063,0.01931,0.4058,1.26707,0.0777,0.05223,0.06497,0.07323,0.00495,78.57583,0.48895,325.0,236.0,26.0,71.0,0
587,29.35,1,0.30709,0.30078,0.31339,0.19895,4.365,-2.77134,0.08217,0.01944,0.40777,1.27006,0.06853,0.04675,0.05764,0.07638,0.00487,78.19625,0.48895,325.0,236.0,26.0,71.0,0
588,29.4,1,0.31372,0.31022,0.31723,0.20753,3.97849,-2.64356,0.29294,0.01187,0.40883,1.26068,0.06041,0.03337,0.04689,0.07229,0.00402,78.6056,0.48895,325.0,236.0,26.0,71.0,0
589,29.45,1,0.31467,0.31063,0.31871,0.21979,3.76845,-2.66407,0.49293,0.01068,0.41,1.25716,0.06362,0.0357,0.04966,0.0708,0.00367,78.63565,0.48895,325.0,236.0,26.0,71.0,0
590,29.5,1,0.31399,0.31065,0.31733,0.23756,3.29409,-2.4065,1.11045,0.00466,0.40635,1.27078,0.06398,0.03561,0.04979,0.11871,0.00506,78.84278,0.29612,321.0,242.0,29.0,66.0,1
591,29.55,1,0.31607,0.31417,0.31798,0.19421,3.23769,-2.3087,1.55573,0.00706,0.40831,1.27416,0.0655,0.02573,0.04561,0.1026,0.00546,78.67099,0.29612,321.0,242.0,29.0,66.0,0
592,29.6,1,0.32082,0.31982,0.32182,0.08511,3.57125,-2.55657,1.72584,0.01681,0.40971,1.28648,0.07071,0.03097,0.05084,0.01385,0.00301,78.05914,0.29612,321.0,242.0,29.0,66.0,0
593,29.65,1,0.31509,0.31662,0.31355,0.11492,3.70818,-2.60058,1.73717,0.01725,0.39735,1.28417,0.08848,0.03381,0.06115,0.03678,0.00545,78.29543,0.29612,321.0,242.0,29.0,66.0,0
594,29.7,1,0.30338,0.30377,0.30298,0.12878,3.65925,-2.30677,1.84573,0.01677,0.39646,1.27303,0.10519,0.03813,0.07166,0.05225,0.00589,78.38346,0.29612,321.0,242.0,29.0,66.0,0
595,29.75,1,0.17524,0.1954,0.15507,0.13386,3.8793,-2.07615,1.42289,0.01925,0.4044,1.26047,0.4793,0.31163,0.39546,0.06419,0.0062,77.41946,0.2394,323.0,231.0,27.0,77.0,1
596,29.8,1,0.10842,0.13184,0.085,0.14219,3.89043,-2.03464,0.99621,0.01634,0.40161,1.24793,0.60586,0.44892,0.52739,0.05833,0.0045,77.82543,0.2394,323.0,231.0,27.0,77.0,0
597,29.85,1,0.1793,0.18775,0.17085,0.21854,4.10676,-1.72187,0.73612,0.02128,0.40959,1.27035,0.39503,0.28734,0.34119,0.13946,0.00563,77.58232,0.2394,323.0,231.0,27.0,77.0,0
598,29.9,1,0.21783,0.2169,0.21876,0.20738,4.32822,-1.46815,0.667,0.02618,0.41031,1.28018,0.3072,0.20651,0.25685,0.15423,0.00674,77.6709,0.2394,323.0,231.0,27.0,77.0,0
599,29.95,1,0.23838,0.23166,0.24509,0.11621,4.50823,-1.1864,0.64199,0.0268,0.41557,1.27985,0.25069,0.19447,0.22258,0.05667,0.00787,78.02692,0.2394,323.0,231.0,27.0,77.0,0
